Date,Hour,Water.lever,X
1/1/2008,1,937,NA
NA,4,933.5,NA
1/1/2008,7,930,NA
NA,10,926.5,NA
1/1/2008,13,923,NA
NA,16,921,NA
1/1/2008,19,919,927
NA,22,930.5,NA
1/2/2008,1,942,NA
NA,4,940,NA
1/2/2008,7,938,NA
NA,10,932.5,NA
1/2/2008,13,927,NA
NA,16,939,NA
1/2/2008,19,951,940
NA,22,962,NA
1/3/2008,1,973,NA
1/3/2008,4,971,NA
1/3/2008,7,968,NA
1/3/2008,10,957,NA
1/3/2008,13,948,NA
1/3/2008,16,937,NA
1/3/2008,19,923,NA
1/3/2008,22,938,952
1/4/2008,1,955,NA
1/4/2008,4,959,NA
1/4/2008,7,943,NA
1/4/2008,10,933,NA
1/4/2008,13,924,NA
1/4/2008,16,919,NA
1/4/2008,19,916,NA
1/4/2008,22,943,937
1/5/2008,1,970,NA
1/5/2008,4,971.5,NA
1/5/2008,7,957,NA
1/5/2008,10,947,NA
1/5/2008,13,930,NA
1/5/2008,16,920.5,NA
1/5/2008,19,920,NA
1/5/2008,22,943,NA
1/6/2008,1,966,NA
1/6/2008,4,971,NA
1/6/2008,7,954,NA
1/6/2008,10,937,NA
1/6/2008,13,922,NA
1/6/2008,16,919,NA
1/6/2008,19,916,NA
1/6/2008,22,920,938
1/7/2008,1,932,NA
1/7/2008,4,929.5,NA
1/7/2008,7,927,NA
1/7/2008,10,922.5,NA
1/7/2008,13,918,NA
1/7/2008,16,919.5,NA
1/7/2008,19,921,NA
1/7/2008,22,941.5,927
1/8/2008,1,964,NA
1/8/2008,4,973,NA
1/8/2008,7,958,NA
1/8/2008,10,939,NA
1/8/2008,13,923,NA
1/8/2008,16,918,NA
1/8/2008,19,920,NA
1/8/2008,22,924,940
1/9/2008,1,941,NA
1/9/2008,4,949,NA
1/9/2008,7,936,NA
1/9/2008,10,921,NA
1/9/2008,13,918,NA
1/9/2008,16,917,NA
1/9/2008,19,919,NA
1/9/2008,22,925,928
1/10/2008,1,943,NA
1/10/2008,4,951,NA
1/10/2008,7,938,NA
1/10/2008,10,922,NA
1/10/2008,13,921,NA
1/10/2008,16,918,NA
1/10/2008,19,920,NA
1/10/2008,22,924,930
1/11/2008,1,932,NA
1/11/2008,4,940,NA
1/11/2008,7,936,NA
1/11/2008,10,929,NA
1/11/2008,13,925,NA
1/11/2008,16,921,NA
1/11/2008,19,917,NA
1/11/2008,22,926,928
1/12/2008,1,938,NA
1/12/2008,4,959,NA
1/12/2008,7,953,NA
1/12/2008,10,946,NA
1/12/2008,13,939,NA
1/12/2008,16,931,NA
1/12/2008,19,924,NA
1/12/2008,22,929,940
1/13/2008,1,946,NA
1/13/2008,4,965,NA
1/13/2008,7,944,NA
1/13/2008,10,937,NA
1/13/2008,13,930,NA
1/13/2008,16,923,NA
1/13/2008,19,916,NA
1/13/2008,22,925,936
1/14/2008,1,932,NA
1/14/2008,4,936,NA
1/14/2008,7,929,NA
1/14/2008,10,925,NA
1/14/2008,13,920,NA
1/14/2008,16,926,NA
1/14/2008,19,930,NA
1/14/2008,22,932,929
1/15/2008,1,936,NA
1/15/2008,4,954,NA
1/15/2008,7,945,NA
1/15/2008,10,937,NA
1/15/2008,13,925,NA
1/15/2008,16,929,NA
1/15/2008,19,932,NA
1/15/2008,22,935,937
1/16/2008,1,951,NA
1/16/2008,4,969,NA
1/16/2008,7,962,NA
1/16/2008,10,940,NA
1/16/2008,13,917,NA
1/16/2008,16,924,NA
1/16/2008,19,935,NA
1/16/2008,22,944,943
1/17/2008,1,963,NA
1/17/2008,4,969,NA
1/17/2008,7,960,NA
1/17/2008,10,944,NA
1/17/2008,13,925,NA
1/17/2008,16,956,NA
1/17/2008,19,1004,NA
1/17/2008,22,1074,NA
1/18/2008,1,1109,NA
1/18/2008,4,1120,NA
1/18/2008,7,1112,NA
1/18/2008,10,1094,NA
1/18/2008,13,1083,NA
1/18/2008,16,1100.5,NA
1/18/2008,19,1119,NA
1/18/2008,22,1132,NA
1/19/2008,1,1145,NA
1/19/2008,4,1142.5,NA
1/19/2008,7,1121,NA
1/19/2008,10,1107,NA
1/19/2008,13,1103,NA
1/19/2008,16,1117,NA
1/19/2008,19,1136,NA
1/19/2008,22,1144,NA
1/20/2008,1,1152,NA
1/20/2008,4,1160.5,NA
1/20/2008,7,1155,NA
1/20/2008,10,1147,NA
1/20/2008,13,1141,NA
1/20/2008,16,1158,NA
1/20/2008,19,1164,NA
1/20/2008,22,1167.5,NA
1/21/2008,1,1161,NA
1/21/2008,4,1148,NA
1/21/2008,7,1135,NA
1/21/2008,10,1117.5,NA
1/21/2008,13,1106,NA
1/21/2008,16,1097,NA
1/21/2008,19,1090,NA
1/21/2008,22,1086,NA
1/22/2008,1,1083,NA
1/22/2008,4,1078,NA
1/22/2008,7,1068,NA
1/22/2008,10,1059,NA
1/22/2008,13,1051,NA
1/22/2008,16,1050.5,NA
1/22/2008,19,1071,NA
1/22/2008,22,1078,NA
1/23/2008,1,1083,NA
1/23/2008,4,1072,NA
1/23/2008,7,1057,NA
1/23/2008,10,1041,NA
1/23/2008,13,1025,NA
1/23/2008,16,1021,NA
1/23/2008,19,1030,NA
1/23/2008,22,1036,1046
1/24/2008,1,1040,NA
1/24/2008,4,1035,NA
1/24/2008,7,1027,NA
1/24/2008,10,1011,NA
1/24/2008,13,976,NA
1/24/2008,16,1005.5,NA
1/24/2008,19,1038,NA
1/24/2008,22,1066,NA
1/25/2008,1,1081,NA
1/25/2008,4,1073,NA
1/25/2008,7,1063,NA
1/25/2008,10,1042,NA
1/25/2008,13,1014,NA
1/25/2008,16,1011.5,NA
1/25/2008,19,1058,NA
1/25/2008,22,1086,NA
1/26/2008,1,1111,NA
1/26/2008,4,1136.5,NA
1/26/2008,7,1137,NA
1/26/2008,10,1137.5,NA
1/26/2008,13,1141,NA
1/26/2008,16,1150,NA
1/26/2008,19,1164,NA
1/26/2008,22,1171,NA
1/27/2008,1,1182,NA
1/27/2008,4,1169.5,NA
1/27/2008,7,1151,NA
1/27/2008,10,1130,NA
1/27/2008,13,1118,NA
1/27/2008,16,1107.5,NA
1/27/2008,19,1101,NA
1/27/2008,22,1081,NA
1/28/2008,1,1057,NA
1/28/2008,4,1026,NA
1/28/2008,7,995,NA
1/28/2008,10,947,NA
1/28/2008,13,923,NA
1/28/2008,16,916.5,NA
1/28/2008,19,928,NA
1/28/2008,22,955,NA
1/29/2008,1,969,NA
1/29/2008,4,970,NA
1/29/2008,7,953,NA
1/29/2008,10,936,NA
1/29/2008,13,926,NA
1/29/2008,16,917.5,NA
1/29/2008,19,911,NA
1/29/2008,22,916,NA
1/30/2008,1,950,NA
1/30/2008,4,946,NA
1/30/2008,7,940,NA
1/30/2008,10,926,NA
1/30/2008,13,905,NA
1/30/2008,16,900,NA
1/30/2008,19,897,NA
1/30/2008,22,901,921
1/31/2008,1,908,NA
1/31/2008,4,934,NA
1/31/2008,7,923,NA
1/31/2008,10,919,NA
1/31/2008,13,913,NA
1/31/2008,16,898,NA
1/31/2008,19,891,NA
1/31/2008,22,896,910
2/1/2008,1,904,NA
2/1/2008,4,944.5,NA
2/1/2008,7,1042,NA
2/1/2008,10,1080,NA
2/1/2008,13,1070.333333,NA
2/1/2008,16,1067,NA
2/1/2008,19,1064.666667,NA
2/1/2008,22,1070.5,NA
2/2/2008,1,1082,NA
2/2/2008,4,1099,NA
2/2/2008,7,1119,NA
2/2/2008,10,1108.5,NA
2/2/2008,13,1099,NA
2/2/2008,16,1099.5,NA
2/2/2008,19,1128,NA
2/2/2008,22,1148,NA
2/3/2008,1,1154,NA
2/3/2008,4,1153.5,NA
2/3/2008,7,1140,NA
2/3/2008,10,1136,NA
2/3/2008,13,1142,NA
2/3/2008,16,1157.5,NA
2/3/2008,19,1172,NA
2/3/2008,22,1182.5,NA
2/4/2008,1,1193,NA
2/4/2008,4,1191.5,NA
2/4/2008,7,1170,NA
2/4/2008,10,1144.5,NA
2/4/2008,13,1120,NA
2/4/2008,16,1124,NA
2/4/2008,19,1146,NA
2/4/2008,22,1155,NA
2/5/2008,1,1157,NA
2/5/2008,4,1141,NA
2/5/2008,7,1113,NA
2/5/2008,10,1081,NA
2/5/2008,13,1054,NA
2/5/2008,16,1051,NA
2/5/2008,19,1069,NA
2/5/2008,22,1076.5,NA
2/6/2008,1,1081,NA
2/6/2008,4,1081.5,NA
2/6/2008,7,1075,NA
2/6/2008,10,1042.5,NA
2/6/2008,13,1010,NA
2/6/2008,16,988.5,NA
2/6/2008,19,962,NA
2/6/2008,22,958.5,NA
2/7/2008,1,978,NA
2/7/2008,4,998.5,NA
2/7/2008,7,1018,NA
2/7/2008,10,983,NA
2/7/2008,13,948,NA
2/7/2008,16,911.5,NA
2/7/2008,19,887,NA
2/7/2008,22,885,NA
2/8/2008,1,888,NA
NA,4,888.5,NA
2/8/2008,7,889,NA
NA,10,884.5,NA
2/8/2008,13,880,NA
NA,16,869.5,NA
2/8/2008,19,859,879
NA,22,870,NA
2/9/2008,1,881,NA
2/9/2008,4,936,NA
2/9/2008,7,939,NA
2/9/2008,10,911.5,NA
2/9/2008,13,884,NA
2/9/2008,16,860.5,NA
2/9/2008,19,848,NA
2/9/2008,22,873.5,NA
2/10/2008,1,922,NA
2/10/2008,4,914,NA
2/10/2008,7,910,NA
2/10/2008,10,887,NA
2/10/2008,13,860,NA
2/10/2008,16,854,NA
2/10/2008,19,849,NA
2/10/2008,22,857,882
2/11/2008,1,865,NA
2/11/2008,4,898,NA
2/11/2008,7,908,NA
2/11/2008,10,904,NA
2/11/2008,13,901,NA
2/11/2008,16,888,NA
2/11/2008,19,878,NA
2/11/2008,22,862,888
2/12/2008,1,863,NA
2/12/2008,4,886,NA
2/12/2008,7,904,NA
2/12/2008,10,884,NA
2/12/2008,13,861,NA
2/12/2008,16,857,NA
2/12/2008,19,850,NA
2/12/2008,22,855,870
2/13/2008,1,869,NA
2/13/2008,4,917,NA
2/13/2008,7,930,NA
2/13/2008,10,900.5,NA
2/13/2008,13,875,NA
2/13/2008,16,868.5,NA
2/13/2008,19,863,NA
2/13/2008,22,879.5,NA
2/14/2008,1,898,NA
2/14/2008,4,913.5,NA
2/14/2008,7,936,NA
2/14/2008,10,912,NA
2/14/2008,13,879,NA
2/14/2008,16,869,NA
2/14/2008,19,887,NA
2/14/2008,22,907.5,NA
2/15/2008,1,925,NA
2/15/2008,4,941.5,NA
2/15/2008,7,937,NA
2/15/2008,10,918,NA
2/15/2008,13,895,NA
2/15/2008,16,874,NA
2/15/2008,19,887,NA
2/15/2008,22,902.5,NA
2/16/2008,1,930,NA
2/16/2008,4,945.5,NA
2/16/2008,7,932,NA
2/16/2008,10,897.5,NA
2/16/2008,13,865,NA
2/16/2008,16,857.5,NA
2/16/2008,19,886,NA
2/16/2008,22,919,NA
2/17/2008,1,941,NA
2/17/2008,4,951,NA
2/17/2008,7,940,NA
2/17/2008,10,901.5,NA
2/17/2008,13,863,NA
2/17/2008,16,849.5,NA
2/17/2008,19,852,NA
2/17/2008,22,874,NA
2/18/2008,1,898,NA
2/18/2008,4,922.5,NA
2/18/2008,7,940,NA
2/18/2008,10,911.5,NA
2/18/2008,13,874,NA
2/18/2008,16,875.5,NA
2/18/2008,19,910,NA
2/18/2008,22,942,NA
2/19/2008,1,967,NA
2/19/2008,4,965.5,NA
2/19/2008,7,940,NA
2/19/2008,10,906,NA
2/19/2008,13,873,NA
2/19/2008,16,900.5,NA
2/19/2008,19,964,NA
2/19/2008,22,995,NA
2/20/2008,1,1002,NA
2/20/2008,4,992.5,NA
2/20/2008,7,975,NA
2/20/2008,10,954.5,NA
2/20/2008,13,936,NA
2/20/2008,16,954.5,NA
2/20/2008,19,987,NA
2/20/2008,22,1010,NA
2/21/2008,1,1022,NA
2/21/2008,4,1006.5,NA
2/21/2008,7,981,NA
2/21/2008,10,949.5,NA
2/21/2008,13,911,NA
2/21/2008,16,923,NA
2/21/2008,19,955,NA
2/21/2008,22,969,NA
2/22/2008,1,976,NA
2/22/2008,4,964.5,NA
2/22/2008,7,945,NA
2/22/2008,10,911,NA
2/22/2008,13,876,NA
2/22/2008,16,882.5,NA
2/22/2008,19,901,NA
2/22/2008,22,914.5,NA
2/23/2008,1,923,NA
2/23/2008,4,921,NA
2/23/2008,7,897,NA
2/23/2008,10,876.5,NA
2/23/2008,13,859,NA
2/23/2008,16,854,NA
2/23/2008,19,876,NA
2/23/2008,22,894,NA
2/24/2008,1,919,NA
2/24/2008,4,914.5,NA
2/24/2008,7,899,NA
2/24/2008,10,886.5,NA
2/24/2008,13,873,NA
2/24/2008,16,867.5,NA
2/24/2008,19,878,NA
2/24/2008,22,887.5,NA
2/25/2008,1,898,NA
2/25/2008,4,914,NA
2/25/2008,7,909,NA
2/25/2008,10,876.5,NA
2/25/2008,13,868,NA
2/25/2008,16,858.5,NA
2/25/2008,19,875,NA
2/25/2008,22,896,NA
2/26/2008,1,921,NA
2/26/2008,4,909.5,NA
2/26/2008,7,901,NA
2/26/2008,10,878,NA
2/26/2008,13,873,NA
2/26/2008,16,889.5,NA
2/26/2008,19,903,NA
2/26/2008,22,920.5,NA
2/27/2008,1,952,NA
2/27/2008,4,998,NA
2/27/2008,7,1082.666667,NA
2/27/2008,10,1114.333333,NA
2/27/2008,13,1116.333333,NA
2/27/2008,16,1117.666667,NA
2/27/2008,19,1125.333333,NA
2/27/2008,22,1138.75,NA
2/28/2008,1,1149,NA
2/28/2008,4,1157.5,NA
2/28/2008,7,1155,NA
2/28/2008,10,1139.5,NA
2/28/2008,13,1134,NA
2/28/2008,16,1145.5,NA
2/28/2008,19,1156,NA
2/28/2008,22,1150.5,NA
2/29/2008,1,1139,NA
2/29/2008,4,1125.5,NA
2/29/2008,7,1108,NA
2/29/2008,10,1081,NA
2/29/2008,13,1050,NA
2/29/2008,16,1048,NA
2/29/2008,19,1068,NA
2/29/2008,22,1085.5,NA
3/1/2008,1,1095,NA
3/1/2008,4,1071.5,NA
3/1/2008,7,1049,NA
3/1/2008,10,1022.5,NA
3/1/2008,13,994,NA
3/1/2008,16,977,NA
3/1/2008,19,983,NA
3/1/2008,22,1006.5,NA
3/2/2008,1,1037,NA
3/2/2008,4,1051.5,NA
3/2/2008,7,1068,NA
3/2/2008,10,1073.5,NA
3/2/2008,13,1073,NA
3/2/2008,16,1078,NA
3/2/2008,19,1088,NA
3/2/2008,22,1100.5,NA
3/3/2008,1,1110,NA
3/3/2008,4,1118,NA
3/3/2008,7,1116,NA
3/3/2008,10,1110.5,NA
3/3/2008,13,1104,NA
3/3/2008,16,1117.5,NA
3/3/2008,19,1140,NA
3/3/2008,22,1157,NA
3/4/2008,1,1167,NA
3/4/2008,4,1155,NA
3/4/2008,7,1130,NA
3/4/2008,10,1119,NA
3/4/2008,13,1106,NA
3/4/2008,16,1134.5,NA
3/4/2008,19,1151,NA
3/4/2008,22,1156.5,NA
3/5/2008,1,1154,NA
3/5/2008,4,1132.5,NA
3/5/2008,7,1111,NA
3/5/2008,10,1078,NA
3/5/2008,13,1054,NA
3/5/2008,16,1053.5,NA
3/5/2008,19,1066,NA
3/5/2008,22,1081,NA
3/6/2008,1,1102,NA
3/6/2008,4,1053,NA
3/6/2008,7,1000,NA
3/6/2008,10,979.5,NA
3/6/2008,13,973,NA
3/6/2008,16,968.5,NA
3/6/2008,19,963,NA
3/6/2008,22,968,NA
3/7/2008,1,978,NA
3/7/2008,4,968.5,NA
3/7/2008,7,957,NA
3/7/2008,10,944.5,NA
3/7/2008,13,924,NA
3/7/2008,16,907,NA
3/7/2008,19,887,NA
3/7/2008,22,884,NA
3/8/2008,1,891,NA
3/8/2008,4,887.5,NA
3/8/2008,7,884,NA
3/8/2008,10,875,NA
3/8/2008,13,865,NA
3/8/2008,16,862,NA
3/8/2008,19,860,NA
3/8/2008,22,865.5,NA
3/9/2008,1,872,NA
3/9/2008,4,883.5,NA
3/9/2008,7,890,NA
3/9/2008,10,893.5,NA
3/9/2008,13,887,NA
3/9/2008,16,882.5,NA
3/9/2008,19,876,NA
3/9/2008,22,871,NA
3/10/2008,1,877,NA
3/10/2008,4,882,NA
3/10/2008,7,878,NA
3/10/2008,10,868.5,NA
3/10/2008,13,861,NA
3/10/2008,16,855,NA
3/10/2008,19,850,NA
3/10/2008,22,847.5,NA
3/11/2008,1,857,NA
3/11/2008,4,880,NA
3/11/2008,7,884,NA
3/11/2008,10,878,NA
3/11/2008,13,871,NA
3/11/2008,16,866,NA
3/11/2008,19,874,NA
3/11/2008,22,887.5,NA
3/12/2008,1,897,NA
3/12/2008,4,909.5,NA
3/12/2008,7,904,NA
3/12/2008,10,887.5,NA
3/12/2008,13,872,NA
3/12/2008,16,864.5,NA
3/12/2008,19,864,NA
3/12/2008,22,872.5,NA
3/13/2008,1,883,NA
3/13/2008,4,895,NA
3/13/2008,7,892,NA
3/13/2008,10,879,NA
3/13/2008,13,862,NA
3/13/2008,16,868,NA
3/13/2008,19,881,NA
3/13/2008,22,889,881
3/14/2008,1,896,NA
3/14/2008,4,907,NA
3/14/2008,7,904,NA
3/14/2008,10,893,NA
3/14/2008,13,879,NA
3/14/2008,16,890,NA
3/14/2008,19,907,NA
3/14/2008,22,922,900
3/15/2008,1,935,NA
3/15/2008,4,949.5,NA
3/15/2008,7,939,NA
3/15/2008,10,910,NA
3/15/2008,13,883,NA
3/15/2008,16,918.5,NA
3/15/2008,19,958,NA
3/15/2008,22,983,NA
3/16/2008,1,1003,NA
3/16/2008,4,1013.5,NA
3/16/2008,7,1010,NA
3/16/2008,10,987,NA
3/16/2008,13,964,NA
3/16/2008,16,990.5,NA
3/16/2008,19,1020,NA
3/16/2008,22,1042.5,NA
3/17/2008,1,1055,NA
3/17/2008,4,1045.5,NA
3/17/2008,7,1024,NA
3/17/2008,10,988.5,NA
3/17/2008,13,959,NA
3/17/2008,16,957,NA
3/17/2008,19,1001,NA
3/17/2008,22,1034,NA
3/18/2008,1,1058,NA
3/18/2008,4,1041.5,NA
3/18/2008,7,1006,NA
3/18/2008,10,974,NA
3/18/2008,13,954,NA
3/18/2008,16,968,NA
3/18/2008,19,982,NA
3/18/2008,22,998.5,NA
3/19/2008,1,1020,NA
3/19/2008,4,995,NA
3/19/2008,7,970,NA
3/19/2008,10,951.5,NA
3/19/2008,13,937,NA
3/19/2008,16,940.5,NA
3/19/2008,19,943,NA
3/19/2008,22,954,NA
3/20/2008,1,965,NA
3/20/2008,4,968.5,NA
3/20/2008,7,962,NA
3/20/2008,10,951,NA
3/20/2008,13,935,NA
3/20/2008,16,934.5,NA
3/20/2008,19,949,NA
3/20/2008,22,962.5,NA
3/21/2008,1,977,NA
3/21/2008,4,1006,NA
3/21/2008,7,991,NA
3/21/2008,10,966.5,NA
3/21/2008,13,941,NA
3/21/2008,16,934,NA
3/21/2008,19,940,NA
3/21/2008,22,955,NA
3/22/2008,1,968,NA
3/22/2008,4,990,NA
3/22/2008,7,977,NA
3/22/2008,10,955,NA
3/22/2008,13,942,NA
3/22/2008,16,942.5,NA
3/22/2008,19,960,NA
3/22/2008,22,973.5,NA
3/23/2008,1,991,NA
3/23/2008,4,1002,NA
3/23/2008,7,983,NA
3/23/2008,10,992.5,NA
3/23/2008,13,1010,NA
3/23/2008,16,999,NA
3/23/2008,19,1003,NA
3/23/2008,22,1009,NA
3/24/2008,1,1014,NA
3/24/2008,4,999,NA
3/24/2008,7,984,NA
3/24/2008,10,977.5,NA
3/24/2008,13,972,NA
3/24/2008,16,964.5,NA
3/24/2008,19,958,NA
3/24/2008,22,966,NA
3/25/2008,1,970,NA
3/25/2008,4,970.5,NA
3/25/2008,7,964,NA
3/25/2008,10,958.5,NA
3/25/2008,13,954,NA
3/25/2008,16,946,NA
3/25/2008,19,939,NA
3/25/2008,22,948.5,NA
3/26/2008,1,959,NA
3/26/2008,4,959.5,NA
3/26/2008,7,937,NA
3/26/2008,10,930,NA
3/26/2008,13,927,NA
3/26/2008,16,944.5,NA
3/26/2008,19,970,NA
3/26/2008,22,985,NA
3/27/2008,1,992,NA
3/27/2008,4,982,NA
3/27/2008,7,963,NA
3/27/2008,10,954,NA
3/27/2008,13,944,NA
3/27/2008,16,952,NA
3/27/2008,19,962,NA
3/27/2008,22,967.5,NA
3/28/2008,1,972,NA
3/28/2008,4,975.5,NA
3/28/2008,7,969,NA
3/28/2008,10,951.5,NA
3/28/2008,13,960,NA
3/28/2008,16,926.5,NA
3/28/2008,19,925,NA
3/28/2008,22,934,NA
3/29/2008,1,952,NA
3/29/2008,4,975,NA
3/29/2008,7,978,NA
3/29/2008,10,954.5,NA
3/29/2008,13,932,NA
3/29/2008,16,937,NA
3/29/2008,19,962,NA
3/29/2008,22,972.5,NA
3/30/2008,1,978,NA
3/30/2008,4,954.5,NA
3/30/2008,7,928,NA
3/30/2008,10,915,NA
3/30/2008,13,904,NA
3/30/2008,16,911,NA
3/30/2008,19,920,NA
3/30/2008,22,925.5,NA
3/31/2008,1,929,NA
3/31/2008,4,925,NA
3/31/2008,7,918,NA
3/31/2008,10,916,NA
3/31/2008,13,912,NA
3/31/2008,16,919,NA
3/31/2008,19,937,NA
3/31/2008,22,952,926
4/1/2008,1,963,NA
4/1/2008,4,966.5,NA
4/1/2008,7,954,NA
4/1/2008,10,939,NA
4/1/2008,13,926,NA
4/1/2008,16,919,NA
4/1/2008,19,924,NA
4/1/2008,22,934.5,NA
4/2/2008,1,947,NA
4/2/2008,4,956,NA
4/2/2008,7,952,NA
4/2/2008,10,944,NA
4/2/2008,13,934,NA
4/2/2008,16,931.5,NA
4/2/2008,19,941,NA
4/2/2008,22,945,NA
4/3/2008,1,950,NA
4/3/2008,4,955,NA
4/3/2008,7,960,NA
4/3/2008,10,960,NA
4/3/2008,13,948,NA
4/3/2008,16,961,NA
4/3/2008,19,983,NA
4/3/2008,22,999.5,NA
4/4/2008,1,1010,NA
4/4/2008,4,1008.5,NA
4/4/2008,7,991,NA
4/4/2008,10,971,NA
4/4/2008,13,955,NA
4/4/2008,16,954.5,NA
4/4/2008,19,966,NA
4/4/2008,22,987.5,NA
4/5/2008,1,1000,NA
4/5/2008,4,981.5,NA
4/5/2008,7,981,NA
4/5/2008,10,961,NA
4/5/2008,13,951,NA
4/5/2008,16,949.5,NA
4/5/2008,19,962,NA
4/5/2008,22,982.5,NA
4/6/2008,1,1003,NA
4/6/2008,4,1009.5,NA
4/6/2008,7,993,NA
4/6/2008,10,972.5,NA
4/6/2008,13,958,NA
4/6/2008,16,946.5,NA
4/6/2008,19,937,NA
4/6/2008,22,944.5,NA
4/7/2008,1,954,NA
4/7/2008,4,951,NA
4/7/2008,7,933,NA
4/7/2008,10,925.5,NA
4/7/2008,13,922,NA
4/7/2008,16,920,NA
4/7/2008,19,900,NA
4/7/2008,22,910,NA
4/8/2008,1,942,NA
4/8/2008,4,937.5,NA
4/8/2008,7,934,NA
4/8/2008,10,928.5,NA
4/8/2008,13,925,NA
4/8/2008,16,924,NA
4/8/2008,19,938,NA
4/8/2008,22,948,NA
4/9/2008,1,958,NA
4/9/2008,4,965,NA
4/9/2008,7,962,NA
4/9/2008,10,954,NA
4/9/2008,13,945,NA
4/9/2008,16,933,NA
4/9/2008,19,938,NA
4/9/2008,22,945.5,NA
4/10/2008,1,959,NA
4/10/2008,4,976.5,NA
4/10/2008,7,969,NA
4/10/2008,10,959,NA
4/10/2008,13,954,NA
4/10/2008,16,944.5,NA
4/10/2008,19,940,NA
4/10/2008,22,945,NA
4/11/2008,1,953,NA
4/11/2008,4,965.5,NA
4/11/2008,7,959,NA
4/11/2008,10,947,NA
4/11/2008,13,937,NA
4/11/2008,16,929,NA
4/11/2008,19,934,NA
4/11/2008,22,943.5,NA
4/12/2008,1,951,NA
4/12/2008,4,952,NA
4/12/2008,7,943,NA
4/12/2008,10,935,NA
4/12/2008,13,929,NA
4/12/2008,16,929.5,NA
4/12/2008,19,937,NA
4/12/2008,22,946.5,NA
4/13/2008,1,956,NA
4/13/2008,4,958,NA
4/13/2008,7,953,NA
4/13/2008,10,946.5,NA
4/13/2008,13,933,NA
4/13/2008,16,930,NA
4/13/2008,19,934,NA
4/13/2008,22,943.5,NA
4/14/2008,1,950,NA
4/14/2008,4,947.5,NA
4/14/2008,7,928,NA
4/14/2008,10,947.5,NA
4/14/2008,13,978,NA
4/14/2008,16,1015.5,NA
4/14/2008,19,1054,NA
4/14/2008,22,1076,NA
4/15/2008,1,1087,NA
4/15/2008,4,1095.5,NA
4/15/2008,7,1096,NA
4/15/2008,10,1072,NA
4/15/2008,13,1057,NA
4/15/2008,16,1033.5,NA
4/15/2008,19,1003,NA
4/15/2008,22,990,NA
4/16/2008,1,977,NA
4/16/2008,4,965.5,NA
4/16/2008,7,951,NA
4/16/2008,10,945.5,NA
4/16/2008,13,941,NA
4/16/2008,16,942.5,NA
4/16/2008,19,955,NA
4/16/2008,22,966.5,NA
4/17/2008,1,975,NA
4/17/2008,4,970.5,NA
4/17/2008,7,954,NA
4/17/2008,10,941.5,NA
4/17/2008,13,928,NA
4/17/2008,16,925.5,NA
4/17/2008,19,947,NA
4/17/2008,22,954,NA
4/18/2008,1,959,NA
4/18/2008,4,960,NA
4/18/2008,7,951,NA
4/18/2008,10,932,NA
4/18/2008,13,924,NA
4/18/2008,16,935.5,NA
4/18/2008,19,972,NA
4/18/2008,22,977,NA
4/19/2008,1,984,NA
4/19/2008,4,989,NA
4/19/2008,7,974,NA
4/19/2008,10,937,NA
4/19/2008,13,918,NA
4/19/2008,16,912,NA
4/19/2008,19,933,NA
4/19/2008,22,952.5,NA
4/20/2008,1,980,NA
4/20/2008,4,984,NA
4/20/2008,7,947,NA
4/20/2008,10,911,NA
4/20/2008,13,887,NA
4/20/2008,16,880,NA
4/20/2008,19,903,NA
4/20/2008,22,928.5,NA
4/21/2008,1,942,NA
4/21/2008,4,937,NA
4/21/2008,7,926,NA
4/21/2008,10,908,NA
4/21/2008,13,888,NA
4/21/2008,16,870,NA
4/21/2008,19,886,NA
4/21/2008,22,897,907
4/22/2008,1,912,NA
4/22/2008,4,934,NA
4/22/2008,7,937,NA
4/22/2008,10,925.5,NA
4/22/2008,13,916,NA
4/22/2008,16,902,NA
4/22/2008,19,902,NA
4/22/2008,22,914.5,NA
4/23/2008,1,932,NA
4/23/2008,4,935,NA
4/23/2008,7,929,NA
4/23/2008,10,903,NA
4/23/2008,13,878,NA
4/23/2008,16,871,NA
4/23/2008,19,882,NA
4/23/2008,22,898,904
4/24/2008,1,916,NA
4/24/2008,4,929,NA
4/24/2008,7,919,NA
4/24/2008,10,902,NA
4/24/2008,13,881,NA
4/24/2008,16,864,NA
4/24/2008,19,884,NA
4/24/2008,22,893,899
4/25/2008,1,916,NA
4/25/2008,4,938,NA
4/25/2008,7,925,NA
4/25/2008,10,906,NA
4/25/2008,13,883,NA
4/25/2008,16,879,NA
4/25/2008,19,880,NA
4/25/2008,22,889,902
4/26/2008,1,905,NA
4/26/2008,4,922,NA
4/26/2008,7,928,NA
4/26/2008,10,896,NA
4/26/2008,13,868,NA
4/26/2008,16,861,NA
4/26/2008,19,878,NA
4/26/2008,22,884,893
4/27/2008,1,903,NA
4/27/2008,4,914,NA
4/27/2008,7,932,NA
4/27/2008,10,924,NA
4/27/2008,13,911,NA
4/27/2008,16,898,NA
4/27/2008,19,877,NA
4/27/2008,22,882,905
4/28/2008,1,890,NA
4/28/2008,4,919,NA
4/28/2008,7,900,NA
4/28/2008,10,882,NA
4/28/2008,13,866,NA
4/28/2008,16,892,NA
4/28/2008,19,925,NA
4/28/2008,22,943,902
4/29/2008,1,957,NA
4/29/2008,4,969,NA
4/29/2008,7,955,NA
4/29/2008,10,931.5,NA
4/29/2008,13,903,NA
4/29/2008,16,888.5,NA
4/29/2008,19,898,NA
4/29/2008,22,915,NA
4/30/2008,1,931,NA
4/30/2008,4,937,NA
4/30/2008,7,929,NA
4/30/2008,10,904,NA
4/30/2008,13,873,NA
4/30/2008,16,865,NA
4/30/2008,19,879,NA
4/30/2008,22,892,901
5/1/2008,1,908,NA
5/1/2008,4,924,NA
5/1/2008,7,920,NA
5/1/2008,10,917,NA
5/1/2008,13,911,NA
5/1/2008,16,900,NA
5/1/2008,19,913,NA
5/1/2008,22,919,914
5/2/2008,1,923,NA
5/2/2008,4,902,NA
5/2/2008,7,870,NA
5/2/2008,10,883,NA
5/2/2008,13,904,NA
5/2/2008,16,915,NA
5/2/2008,19,952,NA
5/2/2008,22,975.5,917
5/3/2008,1,996,NA
5/3/2008,4,994.5,NA
5/3/2008,7,980,NA
5/3/2008,10,958,NA
5/3/2008,13,947,NA
5/3/2008,16,963.5,NA
5/3/2008,19,987,NA
5/3/2008,22,994,NA
5/4/2008,1,1002,NA
5/4/2008,4,988,NA
5/4/2008,7,982,NA
5/4/2008,10,971.5,NA
5/4/2008,13,953,NA
5/4/2008,16,971,NA
5/4/2008,19,1000,NA
5/4/2008,22,1014.5,NA
5/5/2008,1,1034,NA
5/5/2008,4,1056,NA
5/5/2008,7,1089,NA
5/5/2008,10,1116.666667,NA
5/5/2008,13,1139.666667,NA
5/5/2008,16,1172.333333,NA
5/5/2008,19,1191.333333,NA
5/5/2008,22,1200.5,NA
5/6/2008,1,1208,NA
5/6/2008,4,1195.5,NA
5/6/2008,7,1185,NA
5/6/2008,10,1177,NA
5/6/2008,13,1167,NA
5/6/2008,16,1155,NA
5/6/2008,19,1141,NA
5/6/2008,22,1134,NA
5/7/2008,1,1128,NA
5/7/2008,4,1116,NA
5/7/2008,7,1098,NA
5/7/2008,10,1068.5,NA
5/7/2008,13,1054,NA
5/7/2008,16,1068,NA
5/7/2008,19,1075,NA
5/7/2008,22,1079,NA
5/8/2008,1,1084,NA
5/8/2008,4,1081.5,NA
5/8/2008,7,1065,NA
5/8/2008,10,1044.5,NA
5/8/2008,13,1032,NA
5/8/2008,16,1046.5,NA
5/8/2008,19,1061,NA
5/8/2008,22,1067.5,NA
5/9/2008,1,1074,NA
5/9/2008,4,1062.5,NA
5/9/2008,7,1051,NA
5/9/2008,10,1038.5,NA
5/9/2008,13,1010,NA
5/9/2008,16,1010,NA
5/9/2008,19,1045,NA
5/9/2008,22,1056,NA
5/10/2008,1,1065,NA
5/10/2008,4,1070,NA
5/10/2008,7,1068,NA
5/10/2008,10,1061,NA
5/10/2008,13,1058,NA
5/10/2008,16,1073,NA
5/10/2008,19,1083,NA
5/10/2008,22,1087,NA
5/11/2008,1,1080,NA
5/11/2008,4,1062.5,NA
5/11/2008,7,1051,NA
5/11/2008,10,1033,NA
5/11/2008,13,1016,NA
5/11/2008,16,1014.5,NA
5/11/2008,19,1024,NA
5/11/2008,22,1037,NA
5/12/2008,1,1038,NA
5/12/2008,4,1026.5,NA
5/12/2008,7,1018,NA
5/12/2008,10,1004,NA
5/12/2008,13,993,NA
5/12/2008,16,1005.5,NA
5/12/2008,19,1028,NA
5/12/2008,22,1045,NA
5/13/2008,1,1053,NA
5/13/2008,4,1049.5,NA
5/13/2008,7,1032,NA
5/13/2008,10,1024,NA
5/13/2008,13,1016,NA
5/13/2008,16,1014,NA
5/13/2008,19,1033,NA
5/13/2008,22,1043,NA
5/14/2008,1,1050,NA
5/14/2008,4,1041.5,NA
5/14/2008,7,1034,NA
5/14/2008,10,1010.5,NA
5/14/2008,13,989,NA
5/14/2008,16,983,NA
5/14/2008,19,1008,NA
5/14/2008,22,1022.5,NA
5/15/2008,1,1032,NA
5/15/2008,4,1022.5,NA
5/15/2008,7,1010,NA
5/15/2008,10,984,NA
5/15/2008,13,962,NA
5/15/2008,16,980,NA
5/15/2008,19,1005,NA
5/15/2008,22,1029,NA
5/16/2008,1,1033,NA
5/16/2008,4,1027,NA
5/16/2008,7,1022,NA
5/16/2008,10,996.5,NA
5/16/2008,13,975,NA
5/16/2008,16,976.5,NA
5/16/2008,19,1000,NA
5/16/2008,22,1020.5,NA
5/17/2008,1,1036,NA
5/17/2008,4,1027,NA
5/17/2008,7,1020,NA
5/17/2008,10,1012,NA
5/17/2008,13,999,NA
5/17/2008,16,1008.5,NA
5/17/2008,19,1021,NA
5/17/2008,22,1033,NA
5/18/2008,1,1043,NA
5/18/2008,4,1027.5,NA
5/18/2008,7,1016,NA
5/18/2008,10,1003.5,NA
5/18/2008,13,989,NA
5/18/2008,16,999.5,NA
5/18/2008,19,1018,NA
5/18/2008,22,1031,NA
5/19/2008,1,1030,NA
5/19/2008,4,1005.5,NA
5/19/2008,7,961,NA
5/19/2008,10,952,NA
5/19/2008,13,951,NA
5/19/2008,16,970,NA
5/19/2008,19,1011,NA
5/19/2008,22,1039.5,NA
5/20/2008,1,1056,NA
5/20/2008,4,1061.5,NA
5/20/2008,7,1054,NA
5/20/2008,10,1041.5,NA
5/20/2008,13,1028,NA
5/20/2008,16,1034,NA
5/20/2008,19,1054,NA
5/20/2008,22,1066.5,NA
5/21/2008,1,1074,NA
5/21/2008,4,1069,NA
5/21/2008,7,1061,NA
5/21/2008,10,1035.5,NA
5/21/2008,13,1018,NA
5/21/2008,16,1019,NA
5/21/2008,19,1033,NA
5/21/2008,22,1046,NA
5/22/2008,1,1053,NA
5/22/2008,4,1049,NA
5/22/2008,7,1038,NA
5/22/2008,10,1013,NA
5/22/2008,13,992,NA
5/22/2008,16,995,NA
5/22/2008,19,1016,NA
5/22/2008,22,1030.5,NA
5/23/2008,1,1036,NA
5/23/2008,4,1028,NA
5/23/2008,7,1021,NA
5/23/2008,10,1002.5,NA
5/23/2008,13,980,NA
5/23/2008,16,990.5,NA
5/23/2008,19,1015,NA
5/23/2008,22,1033.5,NA
5/24/2008,1,1045,NA
5/24/2008,4,1036.5,NA
5/24/2008,7,1026,NA
5/24/2008,10,1000,NA
5/24/2008,13,975,NA
5/24/2008,16,967,NA
5/24/2008,19,994,NA
5/24/2008,22,1009,NA
5/25/2008,1,1021,NA
5/25/2008,4,1026.5,NA
5/25/2008,7,1016,NA
5/25/2008,10,991,NA
5/25/2008,13,973,NA
5/25/2008,16,955,NA
5/25/2008,19,956,NA
5/25/2008,22,974,NA
5/26/2008,1,988,NA
5/26/2008,4,990,NA
5/26/2008,7,985,NA
5/26/2008,10,983,NA
5/26/2008,13,983,NA
5/26/2008,16,1002,NA
5/26/2008,19,1030,NA
5/26/2008,22,1044,NA
5/27/2008,1,1049,NA
5/27/2008,4,1038.5,NA
5/27/2008,7,1025,NA
5/27/2008,10,999.5,NA
5/27/2008,13,981,NA
5/27/2008,16,993,NA
5/27/2008,19,1017,NA
5/27/2008,22,1032,NA
5/28/2008,1,1037,NA
5/28/2008,4,1042,NA
5/28/2008,7,1044,NA
5/28/2008,10,1030.5,NA
5/28/2008,13,1024,NA
5/28/2008,16,1027,NA
5/28/2008,19,1035,NA
5/28/2008,22,1037,NA
5/29/2008,1,1034,NA
5/29/2008,4,1029,NA
5/29/2008,7,1025,NA
5/29/2008,10,1023.5,NA
5/29/2008,13,1022,NA
5/29/2008,16,1024,NA
5/29/2008,19,1029,NA
5/29/2008,22,1033,NA
5/30/2008,1,1036,NA
5/30/2008,4,1038,NA
5/30/2008,7,1040,NA
5/30/2008,10,1045,NA
5/30/2008,13,1051,NA
5/30/2008,16,1054,NA
5/30/2008,19,1058,NA
5/30/2008,22,1062,1048
5/31/2008,1,1068,NA
5/31/2008,4,1082,NA
5/31/2008,7,1075,NA
5/31/2008,10,1066.5,NA
5/31/2008,13,1060,NA
5/31/2008,16,1075,NA
5/31/2008,19,1085,NA
5/31/2008,22,1088,NA
6/1/2008,1,1091,NA
6/1/2008,4,1087,NA
6/1/2008,7,1080,NA
6/1/2008,10,1062.5,NA
6/1/2008,13,1045,NA
6/1/2008,16,1049.5,NA
6/1/2008,19,1053,NA
6/1/2008,22,1059.5,NA
6/2/2008,1,1066,NA
6/2/2008,4,1065.5,NA
6/2/2008,7,1052,NA
6/2/2008,10,1024,NA
6/2/2008,13,1001,NA
6/2/2008,16,1001,NA
6/2/2008,19,1023,NA
6/2/2008,22,1039.5,NA
6/3/2008,1,1049,NA
6/3/2008,4,1042.5,NA
6/3/2008,7,1033,NA
6/3/2008,10,1009,NA
6/3/2008,13,987,NA
6/3/2008,16,987.5,NA
6/3/2008,19,1015,NA
6/3/2008,22,1034,NA
6/4/2008,1,1048,NA
6/4/2008,4,1055.5,NA
6/4/2008,7,1055,NA
6/4/2008,10,1050,NA
6/4/2008,13,1045,NA
6/4/2008,16,1061,NA
6/4/2008,19,1075,NA
6/4/2008,22,1084,NA
6/5/2008,1,1089,NA
6/5/2008,4,1083,NA
6/5/2008,7,1078,NA
6/5/2008,10,1071.5,NA
6/5/2008,13,1065,NA
6/5/2008,16,1060,NA
6/5/2008,19,1062,NA
6/5/2008,22,1073,NA
6/6/2008,1,1070,NA
6/6/2008,4,1063,NA
6/6/2008,7,1057,NA
6/6/2008,10,1047.5,NA
6/6/2008,13,1041,NA
6/6/2008,16,1037,NA
6/6/2008,19,1043,NA
6/6/2008,22,1050.5,NA
6/7/2008,1,1056,NA
6/7/2008,4,1050,NA
6/7/2008,7,1048,NA
6/7/2008,10,1064,NA
6/7/2008,13,1071,NA
6/7/2008,16,1076,NA
6/7/2008,19,1093,NA
6/7/2008,22,1103,NA
6/8/2008,1,1111,NA
6/8/2008,4,1119,NA
6/8/2008,7,1128,NA
6/8/2008,10,1129,NA
6/8/2008,13,1131,NA
6/8/2008,16,1133,NA
6/8/2008,19,1133,NA
6/8/2008,22,1143,NA
6/9/2008,1,1156,NA
6/9/2008,4,1159,NA
6/9/2008,7,1155,NA
6/9/2008,10,1147,NA
6/9/2008,13,1147,NA
6/9/2008,16,1153,NA
6/9/2008,19,1158,NA
6/9/2008,22,1162,NA
6/10/2008,1,1165,NA
6/10/2008,4,1164,NA
6/10/2008,7,1157,NA
6/10/2008,10,1136,NA
6/10/2008,13,1118,NA
6/10/2008,16,1111,NA
6/10/2008,19,1108,NA
6/10/2008,22,1112,NA
6/11/2008,1,1116,NA
6/11/2008,4,1107.5,NA
6/11/2008,7,1096,NA
6/11/2008,10,1083.5,NA
6/11/2008,13,1075,NA
6/11/2008,16,1089.5,NA
6/11/2008,19,1111,NA
6/11/2008,22,1119,NA
6/12/2008,1,1120,NA
6/12/2008,4,1100,NA
6/12/2008,7,1084,NA
6/12/2008,10,1064,NA
6/12/2008,13,1052,NA
6/12/2008,16,1055.5,NA
6/12/2008,19,1074,NA
6/12/2008,22,1092.5,NA
6/13/2008,1,1120,NA
6/13/2008,4,1124,NA
6/13/2008,7,1121,NA
6/13/2008,10,1107,NA
6/13/2008,13,1098,NA
6/13/2008,16,1106.5,NA
6/13/2008,19,1113,NA
6/13/2008,22,1127.5,NA
6/14/2008,1,1145,NA
6/14/2008,4,1155.5,NA
6/14/2008,7,1152,NA
6/14/2008,10,1146.5,NA
6/14/2008,13,1142,NA
6/14/2008,16,1144,NA
6/14/2008,19,1151,NA
6/14/2008,22,1161,NA
6/15/2008,1,1173,NA
6/15/2008,4,1171.5,NA
6/15/2008,7,1155,NA
6/15/2008,10,1134.5,NA
6/15/2008,13,1115,NA
6/15/2008,16,1111.5,NA
6/15/2008,19,1110,NA
6/15/2008,22,1104.5,NA
6/16/2008,1,1099,NA
6/16/2008,4,1108,NA
6/16/2008,7,1109,NA
6/16/2008,10,1096,NA
6/16/2008,13,1084,NA
6/16/2008,16,1084.5,NA
6/16/2008,19,1093,NA
6/16/2008,22,1098.5,NA
6/17/2008,1,1105,NA
6/17/2008,4,1088.5,NA
6/17/2008,7,1075,NA
6/17/2008,10,1057,NA
6/17/2008,13,1040,NA
6/17/2008,16,1059,NA
6/17/2008,19,1084,NA
6/17/2008,22,1096,NA
6/18/2008,1,1102,NA
6/18/2008,4,1088.5,NA
6/18/2008,7,1076,NA
6/18/2008,10,1102,NA
6/18/2008,13,1108,NA
6/18/2008,16,1128.5,NA
6/18/2008,19,1146,NA
6/18/2008,22,1167,NA
6/19/2008,1,1184,NA
6/19/2008,4,1196,NA
6/19/2008,7,1217,NA
6/19/2008,10,1237.333333,NA
6/19/2008,13,1267.333333,NA
6/19/2008,16,1306,NA
6/19/2008,19,1332,NA
6/19/2008,22,1352.25,NA
6/20/2008,1,1365,NA
6/20/2008,4,1361.666667,NA
6/20/2008,7,1356,NA
6/20/2008,10,1347.333333,NA
6/20/2008,13,1346,NA
6/20/2008,16,1353.666667,NA
6/20/2008,19,1361,NA
6/20/2008,22,1363,NA
6/21/2008,1,1365,NA
6/21/2008,4,1364,NA
6/21/2008,7,1353.666667,NA
6/21/2008,10,1342.333333,NA
6/21/2008,13,1338.333333,NA
6/21/2008,16,1353,NA
6/21/2008,19,1364.666667,NA
6/21/2008,22,1374.25,NA
6/22/2008,1,1378,NA
6/22/2008,4,1373.333333,NA
6/22/2008,7,1352.666667,NA
6/22/2008,10,1328.666667,NA
6/22/2008,13,1309,NA
6/22/2008,16,1305,NA
6/22/2008,19,1303,NA
6/22/2008,22,1299.5,NA
6/23/2008,1,1297,NA
6/23/2008,4,1290.666667,NA
6/23/2008,7,1274.666667,NA
6/23/2008,10,1249.666667,NA
6/23/2008,13,1230.666667,NA
6/23/2008,16,1219.666667,NA
6/23/2008,19,1215.333333,NA
6/23/2008,22,1208.25,NA
6/24/2008,1,1202,NA
6/24/2008,4,1200.333333,NA
6/24/2008,7,1196.333333,NA
6/24/2008,10,1190,NA
6/24/2008,13,1182.333333,NA
6/24/2008,16,1186.666667,NA
6/24/2008,19,1197.333333,NA
6/24/2008,22,1207.5,NA
6/25/2008,1,1212,NA
6/25/2008,4,1210.5,NA
6/25/2008,7,1206,NA
6/25/2008,10,1194.5,NA
6/25/2008,13,1188,NA
6/25/2008,16,1185.5,NA
6/25/2008,19,1191,NA
6/25/2008,22,1196.5,NA
6/26/2008,1,1193,NA
6/26/2008,4,1185,NA
6/26/2008,7,1179,NA
6/26/2008,10,1160,NA
6/26/2008,13,1146,NA
6/26/2008,16,1156.5,NA
6/26/2008,19,1166,NA
6/26/2008,22,1175,NA
6/27/2008,1,1185,NA
6/27/2008,4,1184,NA
6/27/2008,7,1167,NA
6/27/2008,10,1155.5,NA
6/27/2008,13,1172,NA
6/27/2008,16,1202.5,NA
6/27/2008,19,1220,NA
6/27/2008,22,1225,NA
6/28/2008,1,1231,NA
6/28/2008,4,1231.5,NA
6/28/2008,7,1218,NA
6/28/2008,10,1216.5,NA
6/28/2008,13,1238,NA
6/28/2008,16,1266.5,NA
6/28/2008,19,1290,NA
6/28/2008,22,1313.5,NA
6/29/2008,1,1326,NA
6/29/2008,4,1327.333333,NA
6/29/2008,7,1320,NA
6/29/2008,10,1310.333333,NA
6/29/2008,13,1297,NA
6/29/2008,16,1296,NA
6/29/2008,19,1304,NA
6/29/2008,22,1309,NA
6/30/2008,1,1306,NA
6/30/2008,4,1299,NA
6/30/2008,7,1286,NA
6/30/2008,10,1269,NA
6/30/2008,13,1264,NA
6/30/2008,16,1269,NA
6/30/2008,19,1274,NA
6/30/2008,22,1276.5,NA
7/1/2008,1,1273,NA
7/1/2008,4,1267.5,NA
7/1/2008,7,1259,NA
7/1/2008,10,1247.5,NA
7/1/2008,13,1247,NA
7/1/2008,16,1254,NA
7/1/2008,19,1261,NA
7/1/2008,22,1271,NA
7/2/2008,1,1289,NA
7/2/2008,4,1325.666667,NA
7/2/2008,7,1354.333333,NA
7/2/2008,10,1367.333333,NA
7/2/2008,13,1380.333333,NA
7/2/2008,16,1388.333333,NA
7/2/2008,19,1385.333333,NA
7/2/2008,22,1375.75,NA
7/3/2008,1,1362,NA
7/3/2008,4,1343,NA
7/3/2008,7,1323,NA
7/3/2008,10,1298.5,NA
7/3/2008,13,1288,NA
7/3/2008,16,1292.5,NA
7/3/2008,19,1294,NA
7/3/2008,22,1296.5,NA
7/4/2008,1,1299,NA
7/4/2008,4,1296.5,NA
7/4/2008,7,1292,NA
7/4/2008,10,1293,NA
7/4/2008,13,1314,NA
7/4/2008,16,1343,NA
7/4/2008,19,1357,NA
7/4/2008,22,1367,NA
7/5/2008,1,1376,NA
7/5/2008,4,1384,NA
7/5/2008,7,1390,NA
7/5/2008,10,1380,NA
7/5/2008,13,1373.333333,NA
7/5/2008,16,1388.333333,NA
7/5/2008,19,1401.333333,NA
7/5/2008,22,1433,NA
7/6/2008,1,1452,NA
7/6/2008,4,1459,NA
7/6/2008,7,1471,NA
7/6/2008,10,1476,NA
7/6/2008,13,1474.333333,NA
7/6/2008,16,1483.333333,NA
7/6/2008,19,1499,NA
7/6/2008,22,1537,NA
7/7/2008,1,1561,NA
7/7/2008,4,1565.666667,NA
7/7/2008,7,1560.666667,NA
7/7/2008,10,1557,NA
7/7/2008,13,1566.666667,NA
7/7/2008,16,1573.666667,NA
7/7/2008,19,1575.333333,NA
7/7/2008,22,1569.5,NA
7/8/2008,1,1559,NA
7/8/2008,4,1553.333333,NA
7/8/2008,7,1549,NA
7/8/2008,10,1538,NA
7/8/2008,13,1540,NA
7/8/2008,16,1544.666667,NA
7/8/2008,19,1548,NA
7/8/2008,22,1549.75,NA
7/9/2008,1,1546,NA
7/9/2008,4,1536.666667,NA
7/9/2008,7,1519,NA
7/9/2008,10,1496.333333,NA
7/9/2008,13,1489,NA
7/9/2008,16,1487,NA
7/9/2008,19,1483,NA
7/9/2008,22,1472.75,NA
7/10/2008,1,1457,NA
7/10/2008,4,1440.333333,NA
7/10/2008,7,1418.333333,NA
7/10/2008,10,1384.666667,NA
7/10/2008,13,1364,NA
7/10/2008,16,1349.666667,NA
7/10/2008,19,1339.666667,NA
7/10/2008,22,1325.25,NA
7/11/2008,1,1313,NA
7/11/2008,4,1298.5,NA
7/11/2008,7,1284,NA
7/11/2008,10,1263,NA
7/11/2008,13,1257,NA
7/11/2008,16,1265.5,NA
7/11/2008,19,1270,NA
7/11/2008,22,1277.5,NA
7/12/2008,1,1287,NA
7/12/2008,4,1292,NA
7/12/2008,7,1294,NA
7/12/2008,10,1287.5,NA
7/12/2008,13,1291,NA
7/12/2008,16,1298,NA
7/12/2008,19,1302,NA
7/12/2008,22,1303,NA
7/13/2008,1,1307,NA
7/13/2008,4,1297,NA
7/13/2008,7,1286,NA
7/13/2008,10,1271,NA
7/13/2008,13,1261,NA
7/13/2008,16,1269,NA
7/13/2008,19,1281,NA
7/13/2008,22,1296.5,NA
7/14/2008,1,1306,NA
7/14/2008,4,1305,NA
7/14/2008,7,1289,NA
7/14/2008,10,1276,NA
7/14/2008,13,1280,NA
7/14/2008,16,1287,NA
7/14/2008,19,1288,NA
7/14/2008,22,1286.5,NA
7/15/2008,1,1286,NA
7/15/2008,4,1283,NA
7/15/2008,7,1280,NA
7/15/2008,10,1274,NA
7/15/2008,13,1272,NA
7/15/2008,16,1270.5,NA
7/15/2008,19,1269,NA
7/15/2008,22,1266,NA
7/16/2008,1,1269,NA
7/16/2008,4,1279,NA
7/16/2008,7,1280,NA
7/16/2008,10,1279.5,NA
7/16/2008,13,1293,NA
7/16/2008,16,1311,NA
7/16/2008,19,1320,NA
7/16/2008,22,1327,NA
7/17/2008,1,1332,NA
7/17/2008,4,1334,NA
7/17/2008,7,1333,NA
7/17/2008,10,1330.5,NA
7/17/2008,13,1330,NA
7/17/2008,16,1332,NA
7/17/2008,19,1334,NA
7/17/2008,22,1337.5,NA
7/18/2008,1,1341,NA
7/18/2008,4,1345.5,NA
7/18/2008,7,1342,NA
7/18/2008,10,1336.5,NA
7/18/2008,13,1350,NA
7/18/2008,16,1361.5,NA
7/18/2008,19,1371,NA
7/18/2008,22,1377,NA
7/19/2008,1,1381,NA
7/19/2008,4,1380.5,NA
7/19/2008,7,1375,NA
7/19/2008,10,1369.5,NA
7/19/2008,13,1368,NA
7/19/2008,16,1375.5,NA
7/19/2008,19,1381,NA
7/19/2008,22,1384,NA
7/20/2008,1,1389,NA
7/20/2008,4,1393,NA
7/20/2008,7,1398,NA
7/20/2008,10,1402,NA
7/20/2008,13,1401,NA
7/20/2008,16,1400.5,NA
7/20/2008,19,1408,NA
7/20/2008,22,1413.5,NA
7/21/2008,1,1421,NA
7/21/2008,4,1434.5,NA
7/21/2008,7,1450,NA
7/21/2008,10,1443.5,NA
7/21/2008,13,1447,NA
7/21/2008,16,1455.5,NA
7/21/2008,19,1458,NA
7/21/2008,22,1459,NA
7/22/2008,1,1462,NA
7/22/2008,4,1457.5,NA
7/22/2008,7,1452,NA
7/22/2008,10,1449,NA
7/22/2008,13,1444,NA
7/22/2008,16,1446,NA
7/22/2008,19,1448,NA
7/22/2008,22,1447.5,NA
7/23/2008,1,1442,NA
7/23/2008,4,1429.5,NA
7/23/2008,7,1417,NA
7/23/2008,10,1393.5,NA
7/23/2008,13,1386,NA
7/23/2008,16,1377,NA
7/23/2008,19,1371,NA
7/23/2008,22,1363,NA
7/24/2008,1,1357,NA
7/24/2008,4,1348,NA
7/24/2008,7,1339,NA
7/24/2008,10,1327,NA
7/24/2008,13,1330,NA
7/24/2008,16,1338,NA
7/24/2008,19,1347,NA
7/24/2008,22,1366,NA
7/25/2008,1,1384,NA
7/25/2008,4,1386,NA
7/25/2008,7,1374,NA
7/25/2008,10,1386.5,NA
7/25/2008,13,1403,NA
7/25/2008,16,1441,NA
7/25/2008,19,1464,NA
7/25/2008,22,1508,NA
7/26/2008,1,1540,NA
7/26/2008,4,1559,NA
7/26/2008,7,1570.333333,NA
7/26/2008,10,1582.666667,NA
7/26/2008,13,1596.333333,NA
7/26/2008,16,1615.333333,NA
7/26/2008,19,1629,NA
7/26/2008,22,1640,NA
7/27/2008,1,1647,NA
7/27/2008,4,1638.333333,NA
7/27/2008,7,1624.333333,NA
7/27/2008,10,1616.666667,NA
7/27/2008,13,1613,NA
7/27/2008,16,1613.666667,NA
7/27/2008,19,1603,NA
7/27/2008,22,1593.5,NA
7/28/2008,1,1589,NA
7/28/2008,4,1573.333333,NA
7/28/2008,7,1551,NA
7/28/2008,10,1531.333333,NA
7/28/2008,13,1518.666667,NA
7/28/2008,16,1513,NA
7/28/2008,19,1507,NA
7/28/2008,22,1497,NA
7/29/2008,1,1487,NA
7/29/2008,4,1477,NA
7/29/2008,7,1462.333333,NA
7/29/2008,10,1447.666667,NA
7/29/2008,13,1442.333333,NA
7/29/2008,16,1441.333333,NA
7/29/2008,19,1446.333333,NA
7/29/2008,22,1445.75,NA
7/30/2008,1,1438,NA
7/30/2008,4,1431,NA
7/30/2008,7,1423,NA
7/30/2008,10,1406,NA
7/30/2008,13,1405,NA
7/30/2008,16,1413,NA
7/30/2008,19,1417,NA
7/30/2008,22,1417,NA
7/31/2008,1,1413,NA
7/31/2008,4,1409,NA
7/31/2008,7,1402,NA
7/31/2008,10,1391.5,NA
7/31/2008,13,1387,NA
7/31/2008,16,1381,NA
7/31/2008,19,1373,NA
7/31/2008,22,1366,NA
8/1/2008,1,1356,NA
8/1/2008,4,1336,NA
8/1/2008,7,1317,NA
8/1/2008,10,1299.5,NA
8/1/2008,13,1295,NA
8/1/2008,16,1304.5,NA
8/1/2008,19,1310,NA
8/1/2008,22,1312.5,NA
8/2/2008,1,1315,NA
8/2/2008,4,1308,NA
8/2/2008,7,1299,NA
8/2/2008,10,1286,NA
8/2/2008,13,1280,NA
8/2/2008,16,1291.5,NA
8/2/2008,19,1302,NA
8/2/2008,22,1309.5,NA
8/3/2008,1,1306,NA
8/3/2008,4,1295.5,NA
8/3/2008,7,1280,NA
8/3/2008,10,1254.5,NA
8/3/2008,13,1243,NA
8/3/2008,16,1247.5,NA
8/3/2008,19,1256,NA
8/3/2008,22,1264,NA
8/4/2008,1,1264,NA
8/4/2008,4,1250.5,NA
8/4/2008,7,1234,NA
8/4/2008,10,1214.5,NA
8/4/2008,13,1214,NA
8/4/2008,16,1231.5,NA
8/4/2008,19,1246,NA
8/4/2008,22,1263,NA
8/5/2008,1,1280,NA
8/5/2008,4,1290.5,NA
8/5/2008,7,1290,NA
8/5/2008,10,1283.5,NA
8/5/2008,13,1284,NA
8/5/2008,16,1295,NA
8/5/2008,19,1299,NA
8/5/2008,22,1296.5,NA
8/6/2008,1,1292,NA
8/6/2008,4,1285.5,NA
8/6/2008,7,1274,NA
8/6/2008,10,1260.5,NA
8/6/2008,13,1261,NA
8/6/2008,16,1269,NA
8/6/2008,19,1280,NA
8/6/2008,22,1286.5,NA
8/7/2008,1,1289,NA
8/7/2008,4,1282.5,NA
8/7/2008,7,1275,NA
8/7/2008,10,1263,NA
8/7/2008,13,1254,NA
8/7/2008,16,1263.5,NA
8/7/2008,19,1272,NA
8/7/2008,22,1285.5,NA
8/8/2008,1,1301,NA
8/8/2008,4,1301,NA
8/8/2008,7,1290,NA
8/8/2008,10,1289,NA
8/8/2008,13,1294,NA
8/8/2008,16,1311,NA
8/8/2008,19,1330,NA
8/8/2008,22,1361.5,NA
8/9/2008,1,1406,NA
8/9/2008,4,1467.666667,NA
8/9/2008,7,1560,NA
8/9/2008,10,1611.666667,NA
8/9/2008,13,1652.666667,NA
8/9/2008,16,1681.666667,NA
8/9/2008,19,1697,NA
8/9/2008,22,1704,NA
8/10/2008,1,1706,NA
8/10/2008,4,1711,NA
8/10/2008,7,1714,NA
8/10/2008,10,1718.666667,NA
8/10/2008,13,1722.333333,NA
8/10/2008,16,1723,NA
8/10/2008,19,1723,NA
8/10/2008,22,1724.25,NA
8/11/2008,1,1721,NA
8/11/2008,4,1716,NA
8/11/2008,7,1714.333333,NA
8/11/2008,10,1714,NA
8/11/2008,13,1717.666667,NA
8/11/2008,16,1732.333333,NA
8/11/2008,19,1738,NA
8/11/2008,22,1737.75,NA
8/12/2008,1,1733,NA
8/12/2008,4,1723,NA
8/12/2008,7,1709,NA
8/12/2008,10,1702,NA
8/12/2008,13,1703,NA
8/12/2008,16,1703.666667,NA
8/12/2008,19,1698,NA
8/12/2008,22,1690.5,NA
8/13/2008,1,1683,NA
8/13/2008,4,1671,NA
8/13/2008,7,1651.333333,NA
8/13/2008,10,1638,NA
8/13/2008,13,1638,NA
8/13/2008,16,1638,NA
8/13/2008,19,1636,NA
8/13/2008,22,1627,NA
8/14/2008,1,1623,NA
8/14/2008,4,1620.666667,NA
8/14/2008,7,1616,NA
8/14/2008,10,1618.333333,NA
8/14/2008,13,1631,NA
8/14/2008,16,1643,NA
8/14/2008,19,1650,NA
8/14/2008,22,1652.5,NA
8/15/2008,1,1653,NA
8/15/2008,4,1647.333333,NA
8/15/2008,7,1632.333333,NA
8/15/2008,10,1624.666667,NA
8/15/2008,13,1622.333333,NA
8/15/2008,16,1631.333333,NA
8/15/2008,19,1641.333333,NA
8/15/2008,22,1638.5,NA
8/16/2008,1,1636,NA
8/16/2008,4,1626.666667,NA
8/16/2008,7,1613,NA
8/16/2008,10,1604,NA
8/16/2008,13,1604.333333,NA
8/16/2008,16,1608.666667,NA
8/16/2008,19,1606.333333,NA
8/16/2008,22,1600.75,NA
8/17/2008,1,1588,NA
8/17/2008,4,1573.666667,NA
8/17/2008,7,1556.666667,NA
8/17/2008,10,1551.333333,NA
8/17/2008,13,1540.666667,NA
8/17/2008,16,1526.333333,NA
8/17/2008,19,1513.333333,NA
8/17/2008,22,1499.5,NA
8/18/2008,1,1480,NA
8/18/2008,4,1466.666667,NA
8/18/2008,7,1439.666667,NA
8/18/2008,10,1410.666667,NA
8/18/2008,13,1400,NA
8/18/2008,16,1395.666667,NA
8/18/2008,19,1393,NA
8/18/2008,22,1387.25,NA
8/19/2008,1,1375,NA
8/19/2008,4,1357,NA
8/19/2008,7,1335,NA
8/19/2008,10,1304.5,NA
8/19/2008,13,1292,NA
8/19/2008,16,1290.5,NA
8/19/2008,19,1289,NA
8/19/2008,22,1287,NA
8/20/2008,1,1283,NA
8/20/2008,4,1278,NA
8/20/2008,7,1265,NA
8/20/2008,10,1246.5,NA
8/20/2008,13,1246,NA
8/20/2008,16,1253.5,NA
8/20/2008,19,1259,NA
8/20/2008,22,1263.5,NA
8/21/2008,1,1269,NA
8/21/2008,4,1257.5,NA
8/21/2008,7,1236,NA
8/21/2008,10,1217.5,NA
8/21/2008,13,1219,NA
8/21/2008,16,1236,NA
8/21/2008,19,1237,NA
8/21/2008,22,1233.5,NA
8/22/2008,1,1228,NA
8/22/2008,4,1221,NA
8/22/2008,7,1206,NA
8/22/2008,10,1191.5,NA
8/22/2008,13,1188,NA
8/22/2008,16,1211,NA
8/22/2008,19,1228,NA
8/22/2008,22,1234,NA
8/23/2008,1,1236,NA
8/23/2008,4,1228.5,NA
8/23/2008,7,1217,NA
8/23/2008,10,1192.5,NA
8/23/2008,13,1184,NA
8/23/2008,16,1202.5,NA
8/23/2008,19,1216,NA
8/23/2008,22,1225,NA
8/24/2008,1,1229,NA
8/24/2008,4,1210,NA
8/24/2008,7,1182,NA
8/24/2008,10,1166,NA
8/24/2008,13,1160,NA
8/24/2008,16,1153,NA
8/24/2008,19,1149,NA
8/24/2008,22,1147,NA
8/25/2008,1,1150,NA
8/25/2008,4,1154.5,NA
8/25/2008,7,1158,NA
8/25/2008,10,1153,NA
8/25/2008,13,1144,NA
8/25/2008,16,1173.5,NA
8/25/2008,19,1187,NA
8/25/2008,22,1190,NA
8/26/2008,1,1194,NA
8/26/2008,4,1178,NA
8/26/2008,7,1166,NA
8/26/2008,10,1161,NA
8/26/2008,13,1164,NA
8/26/2008,16,1194.5,NA
8/26/2008,19,1222,NA
8/26/2008,22,1247.5,NA
8/27/2008,1,1264,NA
8/27/2008,4,1265,NA
8/27/2008,7,1261,NA
8/27/2008,10,1263.5,NA
8/27/2008,13,1272,NA
8/27/2008,16,1289,NA
8/27/2008,19,1309,NA
8/27/2008,22,1324.5,NA
8/28/2008,1,1329,NA
8/28/2008,4,1324,NA
8/28/2008,7,1320,NA
8/28/2008,10,1317,NA
8/28/2008,13,1329,NA
8/28/2008,16,1344.5,NA
8/28/2008,19,1355,NA
8/28/2008,22,1370.5,NA
8/29/2008,1,1389,NA
8/29/2008,4,1403,NA
8/29/2008,7,1409,NA
8/29/2008,10,1420,NA
8/29/2008,13,1443,NA
8/29/2008,16,1456.5,NA
8/29/2008,19,1468,NA
8/29/2008,22,1468.5,NA
8/30/2008,1,1454,NA
8/30/2008,4,1435,NA
8/30/2008,7,1415,NA
8/30/2008,10,1389,NA
8/30/2008,13,1378,NA
8/30/2008,16,1371.5,NA
8/30/2008,19,1366,NA
8/30/2008,22,1364,NA
8/31/2008,1,1357,NA
8/31/2008,4,1345,NA
8/31/2008,7,1332,NA
8/31/2008,10,1318,NA
8/31/2008,13,1312,NA
8/31/2008,16,1332.5,NA
8/31/2008,19,1362,NA
8/31/2008,22,1413.5,NA
9/1/2008,1,1458,NA
9/1/2008,4,1466,NA
9/1/2008,7,1471,NA
9/1/2008,10,1472,NA
9/1/2008,13,1479.666667,NA
9/1/2008,16,1484,NA
9/1/2008,19,1483,NA
9/1/2008,22,1468,NA
9/2/2008,1,1447,NA
9/2/2008,4,1426.5,NA
9/2/2008,7,1409,NA
9/2/2008,10,1393.5,NA
9/2/2008,13,1381,NA
9/2/2008,16,1372.5,NA
9/2/2008,19,1364,NA
9/2/2008,22,1357,NA
9/3/2008,1,1351,NA
9/3/2008,4,1345.5,NA
9/3/2008,7,1340,NA
9/3/2008,10,1332,NA
9/3/2008,13,1335,NA
9/3/2008,16,1350.5,NA
9/3/2008,19,1364,NA
9/3/2008,22,1379.5,NA
9/4/2008,1,1387,NA
9/4/2008,4,1391.5,NA
9/4/2008,7,1395,NA
9/4/2008,10,1385.5,NA
9/4/2008,13,1380,NA
9/4/2008,16,1401.5,NA
9/4/2008,19,1421,NA
9/4/2008,22,1438,NA
9/5/2008,1,1448,NA
9/5/2008,4,1456,NA
9/5/2008,7,1461,NA
9/5/2008,10,1478.5,NA
9/5/2008,13,1499,NA
9/5/2008,16,1515,NA
9/5/2008,19,1522,NA
9/5/2008,22,1523,NA
9/6/2008,1,1518,NA
9/6/2008,4,1500.5,NA
9/6/2008,7,1473,NA
9/6/2008,10,1468.5,NA
9/6/2008,13,1471,NA
9/6/2008,16,1471.5,NA
9/6/2008,19,1467,NA
9/6/2008,22,1470,NA
9/7/2008,1,1462,NA
9/7/2008,4,1448,NA
9/7/2008,7,1438,NA
9/7/2008,10,1428.5,NA
9/7/2008,13,1409,NA
9/7/2008,16,1392,NA
9/7/2008,19,1380,NA
9/7/2008,22,1372,NA
9/8/2008,1,1367,NA
9/8/2008,4,1366.5,NA
9/8/2008,7,1365,NA
9/8/2008,10,1359,NA
9/8/2008,13,1366,NA
9/8/2008,16,1371,NA
9/8/2008,19,1375,NA
9/8/2008,22,1378.5,NA
9/9/2008,1,1376,NA
9/9/2008,4,1365,NA
9/9/2008,7,1353,NA
9/9/2008,10,1345.5,NA
9/9/2008,13,1351,NA
9/9/2008,16,1355,NA
9/9/2008,19,1358,NA
9/9/2008,22,1352.5,NA
9/10/2008,1,1343,NA
9/10/2008,4,1323,NA
9/10/2008,7,1300,NA
9/10/2008,10,1276,NA
9/10/2008,13,1275,NA
9/10/2008,16,1278.5,NA
9/10/2008,19,1286,NA
9/10/2008,22,1288.5,NA
9/11/2008,1,1292,NA
9/11/2008,4,1294.5,NA
9/11/2008,7,1289,NA
9/11/2008,10,1281.5,NA
9/11/2008,13,1285,NA
9/11/2008,16,1288.5,NA
9/11/2008,19,1295,NA
9/11/2008,22,1291.5,NA
9/12/2008,1,1288,NA
9/12/2008,4,1284,NA
9/12/2008,7,1282,NA
9/12/2008,10,1279.5,NA
9/12/2008,13,1270,NA
9/12/2008,16,1255.5,NA
9/12/2008,19,1245,NA
9/12/2008,22,1239.5,NA
9/13/2008,1,1233,NA
9/13/2008,4,1225.5,NA
9/13/2008,7,1219,NA
9/13/2008,10,1200,NA
9/13/2008,13,1201,NA
9/13/2008,16,1212,NA
9/13/2008,19,1219,NA
9/13/2008,22,1221.5,NA
9/14/2008,1,1220,NA
9/14/2008,4,1212,NA
9/14/2008,7,1204,NA
9/14/2008,10,1204,NA
9/14/2008,13,1206,NA
9/14/2008,16,1201,NA
9/14/2008,19,1196,NA
9/14/2008,22,1195,NA
9/15/2008,1,1190,NA
9/15/2008,4,1181.5,NA
9/15/2008,7,1173,NA
9/15/2008,10,1165,NA
9/15/2008,13,1155,NA
9/15/2008,16,1166,NA
9/15/2008,19,1173,NA
9/15/2008,22,1173.5,NA
9/16/2008,1,1168,NA
9/16/2008,4,1160,NA
9/16/2008,7,1153,NA
9/16/2008,10,1133,NA
9/16/2008,13,1123,NA
9/16/2008,16,1136,NA
9/16/2008,19,1151,NA
9/16/2008,22,1160.5,NA
9/17/2008,1,1166,NA
9/17/2008,4,1158,NA
9/17/2008,7,1147,NA
9/17/2008,10,1132,NA
9/17/2008,13,1133,NA
9/17/2008,16,1142.5,NA
9/17/2008,19,1150,NA
9/17/2008,22,1157.5,NA
9/18/2008,1,1163,NA
9/18/2008,4,1150.5,NA
9/18/2008,7,1137,NA
9/18/2008,10,1119,NA
9/18/2008,13,1113,NA
9/18/2008,16,1129.5,NA
9/18/2008,19,1142,NA
9/18/2008,22,1146,NA
9/19/2008,1,1142,NA
9/19/2008,4,1138.5,NA
9/19/2008,7,1134,NA
9/19/2008,10,1117,NA
9/19/2008,13,1107,NA
9/19/2008,16,1106.5,NA
9/19/2008,19,1115,NA
9/19/2008,22,1118.5,NA
9/20/2008,1,1122,NA
9/20/2008,4,1124.5,NA
9/20/2008,7,1121,NA
9/20/2008,10,1099,NA
9/20/2008,13,1084,NA
9/20/2008,16,1105.5,NA
9/20/2008,19,1117,NA
9/20/2008,22,1127,NA
9/21/2008,1,1139,NA
9/21/2008,4,1140.5,NA
9/21/2008,7,1120,NA
9/21/2008,10,1096,NA
9/21/2008,13,1082,NA
9/21/2008,16,1076.5,NA
9/21/2008,19,1081,NA
9/21/2008,22,1078.5,NA
9/22/2008,1,1077,NA
9/22/2008,4,1073,NA
9/22/2008,7,1070,NA
9/22/2008,10,1063,NA
9/22/2008,13,1056,NA
9/22/2008,16,1062,NA
9/22/2008,19,1078,NA
9/22/2008,22,1091,1071
9/23/2008,1,1104,NA
9/23/2008,4,1116,NA
9/23/2008,7,1114,NA
9/23/2008,10,1120,NA
9/23/2008,13,1121,NA
9/23/2008,16,1123,NA
9/23/2008,19,1125,NA
9/23/2008,22,1127,1119
9/24/2008,1,1128,NA
9/24/2008,4,1130,NA
9/24/2008,7,1122,NA
9/24/2008,10,1124,NA
9/24/2008,13,1125,NA
9/24/2008,16,1123,NA
9/24/2008,19,1122,NA
9/24/2008,22,1122,1125
9/25/2008,1,1120,NA
9/25/2008,4,1118,NA
9/25/2008,7,1114,NA
9/25/2008,10,1133,NA
9/25/2008,13,1166,NA
9/25/2008,16,1190,NA
9/25/2008,19,1210,NA
9/25/2008,22,1223,NA
9/26/2008,1,1227,NA
9/26/2008,4,1222.5,NA
9/26/2008,7,1217,NA
9/26/2008,10,1213.5,NA
9/26/2008,13,1226,NA
9/26/2008,16,1239.5,NA
9/26/2008,19,1245,NA
9/26/2008,22,1254.5,NA
9/27/2008,1,1267,NA
9/27/2008,4,1277.333333,NA
9/27/2008,7,1294,NA
9/27/2008,10,1330.333333,NA
9/27/2008,13,1373,NA
9/27/2008,16,1415.333333,NA
9/27/2008,19,1446.666667,NA
9/27/2008,22,1482.5,NA
9/28/2008,1,1516,NA
9/28/2008,4,1529.333333,NA
9/28/2008,7,1547.333333,NA
9/28/2008,10,1556.333333,NA
9/28/2008,13,1559.666667,NA
9/28/2008,16,1556,NA
9/28/2008,19,1550.666667,NA
9/28/2008,22,1535,NA
9/29/2008,1,1513,NA
9/29/2008,4,1498.333333,NA
9/29/2008,7,1478,NA
9/29/2008,10,1457.333333,NA
9/29/2008,13,1439.666667,NA
9/29/2008,16,1421.333333,NA
9/29/2008,19,1406.333333,NA
9/29/2008,22,1383,NA
9/30/2008,1,1356,NA
9/30/2008,4,1339.333333,NA
9/30/2008,7,1314.333333,NA
9/30/2008,10,1288.666667,NA
9/30/2008,13,1268,NA
9/30/2008,16,1250,NA
9/30/2008,19,1232.333333,NA
9/30/2008,22,1218.25,NA
10/1/2008,1,1208,NA
10/1/2008,4,1200.5,NA
10/1/2008,7,1191,NA
10/1/2008,10,1184.5,NA
10/1/2008,13,1195,NA
10/1/2008,16,1207,NA
10/1/2008,19,1215,NA
10/1/2008,22,1216.5,NA
10/2/2008,1,1212,NA
10/2/2008,4,1201,NA
10/2/2008,7,1190,NA
10/2/2008,10,1170,NA
10/2/2008,13,1163,NA
10/2/2008,16,1171.5,NA
10/2/2008,19,1180,NA
10/2/2008,22,1182,NA
10/3/2008,1,1176,NA
10/3/2008,4,1163.5,NA
10/3/2008,7,1152,NA
10/3/2008,10,1136,NA
10/3/2008,13,1143,NA
10/3/2008,16,1149.5,NA
10/3/2008,19,1154,NA
10/3/2008,22,1154,NA
10/4/2008,1,1152,NA
10/4/2008,4,1151.5,NA
10/4/2008,7,1151,NA
10/4/2008,10,1151.5,NA
10/4/2008,13,1153,NA
10/4/2008,16,1155.5,NA
10/4/2008,19,1157,NA
10/4/2008,22,1157,NA
10/5/2008,1,1158,NA
10/5/2008,4,1160,NA
10/5/2008,7,1164,NA
10/5/2008,10,1175,NA
10/5/2008,13,1188,NA
10/5/2008,16,1204,NA
10/5/2008,19,1220,NA
10/5/2008,22,1232.5,NA
10/6/2008,1,1239,NA
10/6/2008,4,1242,NA
10/6/2008,7,1238,NA
10/6/2008,10,1238,NA
10/6/2008,13,1238,NA
10/6/2008,16,1239,NA
10/6/2008,19,1241,NA
10/6/2008,22,1242,1240
10/7/2008,1,1233,NA
10/7/2008,4,1220,NA
10/7/2008,7,1205,NA
10/7/2008,10,1194,NA
10/7/2008,13,1200,NA
10/7/2008,16,1203,NA
10/7/2008,19,1207,NA
10/7/2008,22,1203,1208
10/8/2008,1,1196,NA
10/8/2008,4,1187,NA
10/8/2008,7,1179,NA
10/8/2008,10,1164,NA
10/8/2008,13,1148,NA
10/8/2008,16,1142,NA
10/8/2008,19,1145,NA
10/8/2008,22,1148,1164
10/9/2008,1,1149,NA
10/9/2008,4,1146,NA
10/9/2008,7,1140,NA
10/9/2008,10,1138,NA
10/9/2008,13,1136,NA
10/9/2008,16,1135,NA
10/9/2008,19,1134,NA
10/9/2008,22,1132,1139
10/10/2008,1,1131,NA
10/10/2008,4,1129,NA
10/10/2008,7,1127,NA
10/10/2008,10,1128,NA
10/10/2008,13,1129,NA
10/10/2008,16,1131,NA
10/10/2008,19,1131,NA
10/10/2008,22,1130,1130
10/11/2008,1,1129,NA
10/11/2008,4,1129,NA
10/11/2008,7,1128,NA
10/11/2008,10,1128,NA
10/11/2008,13,1127,NA
10/11/2008,16,1126,NA
10/11/2008,19,1125,NA
10/11/2008,22,1124,1127
10/12/2008,1,1122,NA
10/12/2008,4,1119,NA
10/12/2008,7,1117,NA
10/12/2008,10,1116,NA
10/12/2008,13,1115,NA
10/12/2008,16,1114,NA
10/12/2008,19,1109,NA
10/12/2008,22,1106,1115
10/13/2008,1,1103,NA
10/13/2008,4,1100,NA
10/13/2008,7,1098,NA
10/13/2008,10,1104,NA
10/13/2008,13,1106,NA
10/13/2008,16,1106,NA
10/13/2008,19,1107,NA
10/13/2008,22,1104,1104
10/14/2008,1,1100,NA
10/14/2008,4,1089,NA
10/14/2008,7,1077,NA
10/14/2008,10,1054,NA
10/14/2008,13,1041,NA
10/14/2008,16,1060,NA
10/14/2008,19,1084,NA
10/14/2008,22,1098,1075
10/15/2008,1,1104,NA
10/15/2008,4,1090,NA
10/15/2008,7,1077,NA
10/15/2008,10,1058,NA
10/15/2008,13,1045,NA
10/15/2008,16,1056.5,NA
10/15/2008,19,1079,NA
10/15/2008,22,1090,NA
10/16/2008,1,1094,NA
10/16/2008,4,1069,NA
10/16/2008,7,1045,NA
10/16/2008,10,1022.5,NA
10/16/2008,13,1024,NA
10/16/2008,16,1047,NA
10/16/2008,19,1077,NA
10/16/2008,22,1080.5,NA
10/17/2008,1,1083,NA
10/17/2008,4,1056.5,NA
10/17/2008,7,1023,NA
10/17/2008,10,994.5,NA
10/17/2008,13,970,NA
10/17/2008,16,998,NA
10/17/2008,19,1031,NA
10/17/2008,22,1044,NA
10/18/2008,1,1050,NA
10/18/2008,4,1035.5,NA
10/18/2008,7,1014,NA
10/18/2008,10,991.5,NA
10/18/2008,13,969,NA
10/18/2008,16,983,NA
10/18/2008,19,1010,NA
10/18/2008,22,1018,NA
10/19/2008,1,1012,NA
10/19/2008,4,987.5,NA
10/19/2008,7,966,NA
10/19/2008,10,945.5,NA
10/19/2008,13,949,NA
10/19/2008,16,961.5,NA
10/19/2008,19,974,NA
10/19/2008,22,978.5,NA
10/20/2008,1,980,NA
10/20/2008,4,976.5,NA
10/20/2008,7,970,NA
10/20/2008,10,955,NA
10/20/2008,13,947,NA
10/20/2008,16,967,NA
10/20/2008,19,1000,NA
10/20/2008,22,1006,NA
10/21/2008,1,999,NA
10/21/2008,4,974,NA
10/21/2008,7,953,NA
10/21/2008,10,946.5,NA
10/21/2008,13,957,NA
10/21/2008,16,988.5,NA
10/21/2008,19,1023,NA
10/21/2008,22,1029,NA
10/22/2008,1,1025,NA
10/22/2008,4,1018,NA
10/22/2008,7,1011,NA
10/22/2008,10,975.5,NA
10/22/2008,13,966,NA
10/22/2008,16,988,NA
10/22/2008,19,1018,NA
10/22/2008,22,1023.5,NA
10/23/2008,1,1015,NA
10/23/2008,4,1000.5,NA
10/23/2008,7,982,NA
10/23/2008,10,972,NA
10/23/2008,13,978,NA
10/23/2008,16,1002,NA
10/23/2008,19,1030,NA
10/23/2008,22,1048.5,NA
10/24/2008,1,1067,NA
10/24/2008,4,1087,NA
10/24/2008,7,1102,NA
10/24/2008,10,1116.5,NA
10/24/2008,13,1135,NA
10/24/2008,16,1150,NA
10/24/2008,19,1161,NA
10/24/2008,22,1166,NA
10/25/2008,1,1168,NA
10/25/2008,4,1164,NA
10/25/2008,7,1161,NA
10/25/2008,10,1155.5,NA
10/25/2008,13,1148,NA
10/25/2008,16,1144,NA
10/25/2008,19,1142,NA
10/25/2008,22,1138.5,NA
10/26/2008,1,1133,NA
10/26/2008,4,1127,NA
10/26/2008,7,1122,NA
10/26/2008,10,1116,NA
10/26/2008,13,1109,NA
10/26/2008,16,1104.5,NA
10/26/2008,19,1107,NA
10/26/2008,22,1113.5,NA
10/27/2008,1,1118,NA
10/27/2008,4,1108.5,NA
10/27/2008,7,1102,NA
10/27/2008,10,1101.5,NA
10/27/2008,13,1100,NA
10/27/2008,16,1102,NA
10/27/2008,19,1102,NA
10/27/2008,22,1106.5,NA
10/28/2008,1,1112,NA
10/28/2008,4,1113,NA
10/28/2008,7,1114,NA
10/28/2008,10,1117,NA
10/28/2008,13,1120,NA
10/28/2008,16,1123,NA
10/28/2008,19,1124,NA
10/28/2008,22,1125,1119
10/29/2008,1,1126,NA
10/29/2008,4,1124,NA
10/29/2008,7,1121,NA
10/29/2008,10,1119,NA
10/29/2008,13,1118,NA
10/29/2008,16,1117,NA
10/29/2008,19,1115,NA
10/29/2008,22,1113,1119
10/30/2008,1,1110,NA
10/30/2008,4,1109,NA
10/30/2008,7,1108,NA
10/30/2008,10,1108,NA
10/30/2008,13,1102,NA
10/30/2008,16,1098,NA
10/30/2008,19,1095,NA
10/30/2008,22,1093,1103
10/31/2008,1,1092,NA
10/31/2008,4,1098,NA
10/31/2008,7,1106,NA
10/31/2008,10,1115,NA
10/31/2008,13,1130,NA
10/31/2008,16,1152.5,NA
10/31/2008,19,1170,NA
10/31/2008,22,1188.5,NA
11/1/2008,1,1209,NA
11/1/2008,4,1225,NA
11/1/2008,7,1235,NA
11/1/2008,10,1234.5,NA
11/1/2008,13,1240,NA
11/1/2008,16,1242.5,NA
11/1/2008,19,1241,NA
11/1/2008,22,1241,NA
11/2/2008,1,1248,NA
11/2/2008,4,1261.5,NA
11/2/2008,7,1271,NA
11/2/2008,10,1285.5,NA
11/2/2008,13,1294,NA
11/2/2008,16,1308.5,NA
11/2/2008,19,1317,NA
11/2/2008,22,1330.5,NA
11/3/2008,1,1345,NA
11/3/2008,4,1363.333333,NA
11/3/2008,7,1388.666667,NA
11/3/2008,10,1425,NA
11/3/2008,13,1464.333333,NA
11/3/2008,16,1501,NA
11/3/2008,19,1537.666667,NA
11/3/2008,22,1583,NA
11/4/2008,1,1625,NA
11/4/2008,4,1643.666667,NA
11/4/2008,7,1668,NA
11/4/2008,10,1695.666667,NA
11/4/2008,13,1722.666667,NA
11/4/2008,16,1740.666667,NA
11/4/2008,19,1754,NA
11/4/2008,22,1762.5,NA
11/5/2008,1,1761,NA
11/5/2008,4,1752.666667,NA
11/5/2008,7,1739.333333,NA
11/5/2008,10,1725.666667,NA
11/5/2008,13,1711,NA
11/5/2008,16,1694,NA
11/5/2008,19,1678.666667,NA
11/5/2008,22,1660.5,NA
11/6/2008,1,1641,NA
11/6/2008,4,1630,NA
11/6/2008,7,1613.333333,NA
11/6/2008,10,1595,NA
11/6/2008,13,1572.666667,NA
11/6/2008,16,1550.333333,NA
11/6/2008,19,1529.333333,NA
11/6/2008,22,1509,NA
11/7/2008,1,1513,NA
11/7/2008,4,1523.333333,NA
11/7/2008,7,1532.666667,NA
11/7/2008,10,1540.333333,NA
11/7/2008,13,1545,NA
11/7/2008,16,1541,NA
11/7/2008,19,1536,NA
11/7/2008,22,1533,NA
11/8/2008,1,1526,NA
11/8/2008,4,1519.666667,NA
11/8/2008,7,1520.666667,NA
11/8/2008,10,1518,NA
11/8/2008,13,1516,NA
11/8/2008,16,1514,NA
11/8/2008,19,1511,NA
11/8/2008,22,1501.25,NA
11/9/2008,1,1491,NA
11/9/2008,4,1485.666667,NA
11/9/2008,7,1477.333333,NA
11/9/2008,10,1470.333333,NA
11/9/2008,13,1463.333333,NA
11/9/2008,16,1457.666667,NA
11/9/2008,19,1449.666667,NA
11/9/2008,22,1438.75,NA
11/10/2008,1,1426,NA
11/10/2008,4,1411,NA
11/10/2008,7,1394,NA
11/10/2008,10,1376.5,NA
11/10/2008,13,1361,NA
11/10/2008,16,1344.5,NA
11/10/2008,19,1330,NA
11/10/2008,22,1318.5,NA
11/11/2008,1,1311,NA
11/11/2008,4,1304,NA
11/11/2008,7,1298,NA
11/11/2008,10,1292.5,NA
11/11/2008,13,1286,NA
11/11/2008,16,1273,NA
11/11/2008,19,1261,NA
11/11/2008,22,1252.5,NA
11/12/2008,1,1249,NA
11/12/2008,4,1252.5,NA
11/12/2008,7,1257,NA
11/12/2008,10,1261,NA
11/12/2008,13,1262,NA
11/12/2008,16,1255,NA
11/12/2008,19,1249,NA
11/12/2008,22,1244.5,NA
11/13/2008,1,1241,NA
11/13/2008,4,1239,NA
11/13/2008,7,1233,NA
11/13/2008,10,1222.5,NA
11/13/2008,13,1215,NA
11/13/2008,16,1208.5,NA
11/13/2008,19,1205,NA
11/13/2008,22,1201,NA
11/14/2008,1,1197,NA
11/14/2008,4,1193.5,NA
11/14/2008,7,1190,NA
11/14/2008,10,1184,NA
11/14/2008,13,1179,NA
11/14/2008,16,1172,NA
11/14/2008,19,1165,NA
11/14/2008,22,1158,NA
11/15/2008,1,1155,NA
11/15/2008,4,1152,NA
11/15/2008,7,1150,NA
11/15/2008,10,1152,NA
11/15/2008,13,1154,NA
11/15/2008,16,1157,NA
11/15/2008,19,1156,NA
11/15/2008,22,1156,1154
11/16/2008,1,1160,NA
11/16/2008,4,1165,NA
11/16/2008,7,1167,NA
11/16/2008,10,1170,NA
11/16/2008,13,1174,NA
11/16/2008,16,1172,NA
11/16/2008,19,1169,NA
11/16/2008,22,1166,1168
11/17/2008,1,1164,NA
11/17/2008,4,1163,NA
11/17/2008,7,1161,NA
11/17/2008,10,1158,NA
11/17/2008,13,1157,NA
11/17/2008,16,1155,NA
11/17/2008,19,1154,NA
11/17/2008,22,1153,1158
11/18/2008,1,1151,NA
11/18/2008,4,1147,NA
11/18/2008,7,1143,NA
11/18/2008,10,1137,NA
11/18/2008,13,1132,NA
11/18/2008,16,1129,NA
11/18/2008,19,1125,NA
11/18/2008,22,1122,1136
11/19/2008,1,1119,NA
11/19/2008,4,1112,NA
11/19/2008,7,1106,NA
11/19/2008,10,1097,NA
11/19/2008,13,1085,NA
11/19/2008,16,1095,NA
11/19/2008,19,1101,NA
11/19/2008,22,1103,1102
11/20/2008,1,1106,NA
11/20/2008,4,1104,NA
11/20/2008,7,1100,NA
11/20/2008,10,1098,NA
11/20/2008,13,1096,NA
11/20/2008,16,1094,NA
11/20/2008,19,1093,NA
11/20/2008,22,1092,1098
11/21/2008,1,1091,NA
11/21/2008,4,1089,NA
11/21/2008,7,1087,NA
11/21/2008,10,1086,NA
11/21/2008,13,1086,NA
11/21/2008,16,1088,NA
11/21/2008,19,1091,NA
11/21/2008,22,1093,1089
11/22/2008,1,1090,NA
11/22/2008,4,1088,NA
11/22/2008,7,1086,NA
11/22/2008,10,1083.5,NA
11/22/2008,13,1081,NA
11/22/2008,16,1082.5,NA
11/22/2008,19,1084,1085
11/22/2008,22,1083,NA
11/23/2008,1,1082,NA
11/23/2008,4,1081,NA
11/23/2008,7,1080,NA
11/23/2008,10,1078.5,NA
11/23/2008,13,1077,NA
11/23/2008,16,1077,NA
11/23/2008,19,1077,1079
11/23/2008,22,1073.5,NA
11/24/2008,1,1070,NA
11/24/2008,4,1060,NA
11/24/2008,7,1050,NA
11/24/2008,10,1041,NA
11/24/2008,13,1032,NA
11/24/2008,16,1044,NA
11/24/2008,19,1056,1052
11/24/2008,22,1057.5,NA
11/25/2008,1,1059,NA
11/25/2008,4,1060,NA
11/25/2008,7,1061,NA
11/25/2008,10,1059,NA
11/25/2008,13,1057,NA
11/25/2008,16,1061.5,NA
11/25/2008,19,1066,1061
11/25/2008,22,1064.5,NA
11/26/2008,1,1063,NA
11/26/2008,4,1059.5,NA
11/26/2008,7,1056,NA
11/26/2008,10,1041,NA
11/26/2008,13,1026,NA
11/26/2008,16,1030,NA
11/26/2008,19,1034,1045
11/26/2008,22,1031.5,NA
11/27/2008,1,1029,NA
11/27/2008,4,1025,NA
11/27/2008,7,1021,NA
11/27/2008,10,1008.5,NA
11/27/2008,13,996,NA
11/27/2008,16,1007,NA
11/27/2008,19,1018,1016
11/27/2008,22,1013,NA
11/28/2008,1,1008,NA
11/28/2008,4,997,NA
11/28/2008,7,986,NA
11/28/2008,10,983,NA
11/28/2008,13,980,NA
11/28/2008,16,989,NA
11/28/2008,19,998,993
11/28/2008,22,997,NA
11/29/2008,1,996,NA
11/29/2008,4,994.5,NA
11/29/2008,7,993,NA
11/29/2008,10,987.5,NA
11/29/2008,13,982,NA
11/29/2008,16,974,NA
11/29/2008,19,966,984
11/29/2008,22,965,NA
11/30/2008,1,964,NA
11/30/2008,4,962,NA
11/30/2008,7,960,NA
11/30/2008,10,959,NA
11/30/2008,13,958,NA
11/30/2008,16,956.5,NA
11/30/2008,19,955,959
11/30/2008,22,957,NA
12/1/2008,1,959,NA
NA,4,962.5,NA
12/1/2008,7,966,NA
NA,10,962,NA
12/1/2008,13,958,NA
NA,16,964,NA
12/1/2008,19,970,963
NA,22,967,NA
12/2/2008,1,964,NA
NA,4,959.5,NA
12/2/2008,7,955,NA
NA,10,956.5,NA
12/2/2008,13,958,NA
NA,16,969.5,NA
12/2/2008,19,981,965
NA,22,976.5,NA
12/3/2008,1,972,NA
NA,4,966,NA
12/3/2008,7,960,NA
NA,10,956.5,NA
12/3/2008,13,953,NA
NA,16,959,NA
12/3/2008,19,965,963
NA,22,973.5,NA
12/4/2008,1,982,NA
NA,4,978,NA
12/4/2008,7,974,NA
NA,10,968.5,NA
12/4/2008,13,963,NA
NA,16,969,NA
12/4/2008,19,975,974
NA,22,986.5,NA
12/5/2008,1,998,NA
12/5/2008,4,1001,NA
12/5/2008,7,992,NA
12/5/2008,10,974,NA
12/5/2008,13,955,NA
12/5/2008,16,952,NA
12/5/2008,19,959,NA
12/5/2008,22,973,976
12/6/2008,1,987,NA
12/6/2008,4,984,NA
12/6/2008,7,978,NA
12/6/2008,10,969,NA
12/6/2008,13,962,NA
12/6/2008,16,969,NA
12/6/2008,19,980,NA
12/6/2008,22,988,977
12/7/2008,1,998,NA
12/7/2008,4,993,NA
12/7/2008,7,977,NA
12/7/2008,10,962,NA
12/7/2008,13,947,NA
12/7/2008,16,943,NA
12/7/2008,19,941,NA
12/7/2008,22,947,964
12/8/2008,1,956,NA
12/8/2008,4,959,NA
12/8/2008,7,947,NA
12/8/2008,10,941,NA
12/8/2008,13,938,NA
12/8/2008,16,935,NA
12/8/2008,19,944,NA
12/8/2008,22,938,945
12/9/2008,1,927,NA
12/9/2008,4,919,NA
12/9/2008,7,910,NA
12/9/2008,10,919,NA
12/9/2008,13,928,NA
12/9/2008,16,940,NA
12/9/2008,19,953,NA
12/9/2008,22,965,933
12/10/2008,1,979,NA
12/10/2008,4,983,NA
12/10/2008,7,974,NA
12/10/2008,10,962,NA
12/10/2008,13,948,NA
12/10/2008,16,954,NA
12/10/2008,19,965,NA
12/10/2008,22,970,967
12/11/2008,1,962,NA
12/11/2008,4,953,NA
12/11/2008,7,946,NA
12/11/2008,10,930,NA
12/11/2008,13,913,NA
12/11/2008,16,908,NA
12/11/2008,19,902,NA
12/11/2008,22,904,927
12/12/2008,1,906,NA
12/12/2008,4,903,NA
12/12/2008,7,898,NA
12/12/2008,10,906,NA
12/12/2008,13,922,NA
12/12/2008,16,934,NA
12/12/2008,19,937,NA
12/12/2008,22,955,920
12/13/2008,1,969,NA
12/13/2008,4,947,NA
12/13/2008,7,918,NA
12/13/2008,10,934,NA
12/13/2008,13,943,NA
12/13/2008,16,948,NA
12/13/2008,19,948,NA
12/13/2008,22,944,944
12/14/2008,1,928,NA
12/14/2008,4,911,NA
12/14/2008,7,895,NA
12/14/2008,10,891,NA
12/14/2008,13,900,NA
12/14/2008,16,910,NA
12/14/2008,19,919,NA
12/14/2008,22,905,907
12/15/2008,1,886,NA
12/15/2008,4,870,NA
12/15/2008,7,853,NA
12/15/2008,10,848,NA
12/15/2008,13,846,NA
12/15/2008,16,856,NA
12/15/2008,19,871,NA
12/15/2008,22,889,865
12/16/2008,1,912,NA
12/16/2008,4,929,NA
12/16/2008,7,909,NA
12/16/2008,10,899,NA
12/16/2008,13,910,NA
12/16/2008,16,920,NA
12/16/2008,19,934,NA
12/16/2008,22,946,920
12/17/2008,1,954,NA
12/17/2008,4,934,NA
12/17/2008,7,910,NA
12/17/2008,10,900,NA
12/17/2008,13,901,NA
12/17/2008,16,904,NA
12/17/2008,19,907,NA
12/17/2008,22,914,916
12/18/2008,1,926,NA
12/18/2008,4,935,NA
12/18/2008,7,924,NA
12/18/2008,10,913,NA
12/18/2008,13,910,NA
12/18/2008,16,923,NA
12/18/2008,19,938,NA
12/18/2008,22,950,927
12/19/2008,1,954,NA
12/19/2008,4,942,NA
12/19/2008,7,920,NA
12/19/2008,10,909,NA
12/19/2008,13,902,NA
12/19/2008,16,896,NA
12/19/2008,19,916,NA
12/19/2008,22,927,921
12/20/2008,1,931,NA
12/20/2008,4,923,NA
12/20/2008,7,912,NA
12/20/2008,10,899,NA
12/20/2008,13,885,NA
12/20/2008,16,892,NA
12/20/2008,19,910,NA
12/20/2008,22,918,909
12/21/2008,1,920,NA
12/21/2008,4,902,NA
12/21/2008,7,883,NA
12/21/2008,10,868,NA
12/21/2008,13,855,NA
12/21/2008,16,851,NA
12/21/2008,19,848,NA
12/21/2008,22,852,872
12/22/2008,1,860,NA
12/22/2008,4,863,NA
12/22/2008,7,857,NA
12/22/2008,10,822,NA
12/22/2008,13,800,NA
12/22/2008,16,819,NA
12/22/2008,19,843,NA
12/22/2008,22,855,840
12/23/2008,1,866,NA
12/23/2008,4,861,NA
12/23/2008,7,854,NA
12/23/2008,10,833,NA
12/23/2008,13,811,NA
12/23/2008,16,805,NA
12/23/2008,19,816,NA
12/23/2008,22,827,834
12/24/2008,1,841,NA
12/24/2008,4,847,NA
12/24/2008,7,837,NA
12/24/2008,10,824,NA
12/24/2008,13,822,NA
12/24/2008,16,847,NA
12/24/2008,19,869,NA
12/24/2008,22,878,846
12/25/2008,1,886,NA
12/25/2008,4,890,NA
12/25/2008,7,881,NA
12/25/2008,10,856,NA
12/25/2008,13,829,NA
12/25/2008,16,813,NA
12/25/2008,19,839,NA
12/25/2008,22,864,857
12/26/2008,1,860,NA
12/26/2008,4,845,NA
12/26/2008,7,828,NA
12/26/2008,10,819,NA
12/26/2008,13,811,NA
12/26/2008,16,808,NA
12/26/2008,19,816,NA
12/26/2008,22,837,828
12/27/2008,1,861,NA
12/27/2008,4,849,NA
12/27/2008,7,838,NA
12/27/2008,10,830,NA
12/27/2008,13,818,NA
12/27/2008,16,814,NA
12/27/2008,19,820,NA
12/27/2008,22,829,832
12/28/2008,1,845,NA
12/28/2008,4,856,NA
12/28/2008,7,840,NA
12/28/2008,10,828,NA
12/28/2008,13,834,NA
12/28/2008,16,847,NA
12/28/2008,19,863,NA
12/28/2008,22,873,848
12/29/2008,1,882,NA
12/29/2008,4,891,NA
12/29/2008,7,898,NA
12/29/2008,10,893,NA
12/29/2008,13,886,NA
12/29/2008,16,864,NA
12/29/2008,19,846,NA
12/29/2008,22,852,877
12/30/2008,1,865,NA
12/30/2008,4,871,NA
12/30/2008,7,868,NA
12/30/2008,10,857,NA
12/30/2008,13,848,NA
12/30/2008,16,844,NA
12/30/2008,19,842,NA
12/30/2008,22,850,856
12/31/2008,1,860,NA
12/31/2008,4,869,NA
12/31/2008,7,874,NA
12/31/2008,10,865,NA
12/31/2008,13,857,NA
12/31/2008,16,850,NA
12/31/2008,19,844,NA
12/31/2008,22,851,859
1/1/2009,1,863,NA
1/1/2009,4,868,NA
1/1/2009,7,871,NA
1/1/2009,10,862,NA
1/1/2009,13,857,NA
1/1/2009,16,854,NA
1/1/2009,19,852,NA
1/1/2009,22,856,860
1/2/2009,1,861,NA
1/2/2009,4,868,NA
1/2/2009,7,863,NA
1/2/2009,10,848,NA
1/2/2009,13,842,NA
1/2/2009,16,833,NA
1/2/2009,19,840,NA
1/2/2009,22,849,851
1/3/2009,1,857,NA
1/3/2009,4,861,NA
1/3/2009,7,848,NA
1/3/2009,10,835,NA
1/3/2009,13,823,NA
1/3/2009,16,839,NA
1/3/2009,19,857,NA
1/3/2009,22,870,849
1/4/2009,1,873,NA
1/4/2009,4,861,NA
1/4/2009,7,847,NA
1/4/2009,10,836,NA
1/4/2009,13,819,NA
1/4/2009,16,826,NA
1/4/2009,19,845,NA
1/4/2009,22,856,845
1/5/2009,1,864,NA
1/5/2009,4,859,NA
1/5/2009,7,842,NA
1/5/2009,10,825,NA
1/5/2009,13,810,NA
1/5/2009,16,826,NA
1/5/2009,19,847,NA
1/5/2009,22,856,841
1/6/2009,1,861,NA
1/6/2009,4,855,NA
1/6/2009,7,838,NA
1/6/2009,10,821,NA
1/6/2009,13,806,NA
1/6/2009,16,842,NA
1/6/2009,19,882,NA
1/6/2009,22,891,NA
1/7/2009,1,886,NA
1/7/2009,4,871.5,NA
1/7/2009,7,858,NA
1/7/2009,10,835.5,NA
1/7/2009,13,811,NA
1/7/2009,16,849.5,NA
1/7/2009,19,888,NA
1/7/2009,22,901,NA
1/8/2009,1,908,NA
1/8/2009,4,892,NA
1/8/2009,7,878,NA
1/8/2009,10,848,NA
1/8/2009,13,828,NA
1/8/2009,16,857.5,NA
1/8/2009,19,881,NA
1/8/2009,22,903,NA
1/9/2009,1,905,NA
1/9/2009,4,895,NA
1/9/2009,7,885,NA
1/9/2009,10,849,NA
1/9/2009,13,831,NA
1/9/2009,16,828,NA
1/9/2009,19,828,NA
1/9/2009,22,845,NA
1/10/2009,1,868,NA
1/10/2009,4,856,NA
1/10/2009,7,843,NA
1/10/2009,10,813,NA
1/10/2009,13,807,NA
1/10/2009,16,805,NA
1/10/2009,19,804,NA
1/10/2009,22,812,826
1/11/2009,1,826,NA
1/11/2009,4,830,NA
1/11/2009,7,825,NA
1/11/2009,10,810,NA
1/11/2009,13,795,NA
1/11/2009,16,793,NA
1/11/2009,19,794,NA
1/11/2009,22,800,809
1/12/2009,1,804,NA
1/12/2009,4,795,NA
1/12/2009,7,782,NA
1/12/2009,10,778,NA
1/12/2009,13,784,NA
1/12/2009,16,793,NA
1/12/2009,19,804,NA
1/12/2009,22,819,795
1/13/2009,1,836,NA
1/13/2009,4,849,NA
1/13/2009,7,844,NA
1/13/2009,10,850,NA
1/13/2009,13,846,NA
1/13/2009,16,839,NA
1/13/2009,19,844,NA
1/13/2009,22,848,845
1/14/2009,1,850,NA
1/14/2009,4,837,NA
1/14/2009,7,820,NA
1/14/2009,10,813,NA
1/14/2009,13,808,NA
1/14/2009,16,815,NA
1/14/2009,19,824,NA
1/14/2009,22,833,825
1/15/2009,1,846,NA
1/15/2009,4,848,NA
1/15/2009,7,835,NA
1/15/2009,10,822,NA
1/15/2009,13,809,NA
1/15/2009,16,824,NA
1/15/2009,19,843,NA
1/15/2009,22,866,837
1/16/2009,1,879,NA
1/16/2009,4,882,NA
1/16/2009,7,865,NA
1/16/2009,10,843,NA
1/16/2009,13,820,NA
1/16/2009,16,841,NA
1/16/2009,19,864,NA
1/16/2009,22,882,860
1/17/2009,1,887,NA
1/17/2009,4,884,NA
1/17/2009,7,877,NA
1/17/2009,10,855,NA
1/17/2009,13,836,NA
1/17/2009,16,848,NA
1/17/2009,19,864,NA
1/17/2009,22,876,866
1/18/2009,1,885,NA
1/18/2009,4,893,NA
1/18/2009,7,887,NA
1/18/2009,10,895,NA
1/18/2009,13,902,NA
1/18/2009,16,912,NA
1/18/2009,19,926,NA
1/18/2009,22,935,904
1/19/2009,1,939,NA
1/19/2009,4,934,NA
1/19/2009,7,931,NA
1/19/2009,10,925,NA
1/19/2009,13,921,NA
1/19/2009,16,927,NA
1/19/2009,19,934,NA
1/19/2009,22,937,931
1/20/2009,1,940,NA
1/20/2009,4,938,NA
1/20/2009,7,936,NA
1/20/2009,10,937,NA
1/20/2009,13,942,NA
1/20/2009,16,949,NA
1/20/2009,19,951,NA
1/20/2009,22,953,943
1/21/2009,1,954,NA
1/21/2009,4,950,NA
1/21/2009,7,944,NA
1/21/2009,10,932,NA
1/21/2009,13,932,NA
1/21/2009,16,941,NA
1/21/2009,19,947,NA
1/21/2009,22,942,943
1/22/2009,1,936,NA
1/22/2009,4,932,NA
1/22/2009,7,928,NA
1/22/2009,10,927,NA
1/22/2009,13,926,NA
1/22/2009,16,932,NA
1/22/2009,19,943,NA
1/22/2009,22,949,934
1/23/2009,1,953,NA
1/23/2009,4,946,NA
1/23/2009,7,940,NA
1/23/2009,10,927,NA
1/23/2009,13,906,NA
1/23/2009,16,920,NA
1/23/2009,19,940,NA
1/23/2009,22,956,936
1/24/2009,1,965,NA
1/24/2009,4,951,NA
1/24/2009,7,927,NA
1/24/2009,10,911,NA
1/24/2009,13,898,NA
1/24/2009,16,906,NA
1/24/2009,19,928,NA
1/24/2009,22,940,928
1/25/2009,1,933,NA
1/25/2009,4,920,NA
1/25/2009,7,910,NA
1/25/2009,10,898,NA
1/25/2009,13,884,NA
1/25/2009,16,894,NA
1/25/2009,19,900,NA
1/25/2009,22,905,906
1/26/2009,1,916,NA
1/26/2009,4,912,NA
1/26/2009,7,910,NA
1/26/2009,10,901,NA
1/26/2009,13,886,NA
1/26/2009,16,894,NA
1/26/2009,19,918,NA
1/26/2009,22,934,909
1/27/2009,1,919,NA
1/27/2009,4,895,NA
1/27/2009,7,881,NA
1/27/2009,10,843,NA
1/27/2009,13,821,NA
1/27/2009,16,844,NA
1/27/2009,19,876,NA
1/27/2009,22,895,NA
1/28/2009,1,887,NA
1/28/2009,4,870.5,NA
1/28/2009,7,859,NA
1/28/2009,10,824,NA
1/28/2009,13,800,NA
1/28/2009,16,820.5,NA
1/28/2009,19,859,NA
1/28/2009,22,871.5,NA
1/29/2009,1,870,NA
1/29/2009,4,863,NA
1/29/2009,7,856,NA
1/29/2009,10,833,NA
1/29/2009,13,807,NA
1/29/2009,16,794,NA
1/29/2009,19,784,NA
1/29/2009,22,802,826
1/30/2009,1,827,NA
1/30/2009,4,822,NA
1/30/2009,7,817,NA
1/30/2009,10,790,NA
1/30/2009,13,773,NA
1/30/2009,16,770,NA
1/30/2009,19,768,NA
1/30/2009,22,775,793
1/31/2009,1,784,NA
1/31/2009,4,781,NA
1/31/2009,7,779,NA
1/31/2009,10,776,NA
1/31/2009,13,772,NA
1/31/2009,16,770,NA
1/31/2009,19,773,NA
1/31/2009,22,777,777
2/1/2009,1,785,NA
2/1/2009,4,794,NA
2/1/2009,7,800,NA
2/1/2009,10,783,NA
2/1/2009,13,790,NA
2/1/2009,16,831,NA
2/1/2009,19,867,NA
2/1/2009,22,903.5,NA
2/2/2009,1,890,NA
2/2/2009,4,909,NA
2/2/2009,7,890,NA
2/2/2009,10,866.5,NA
2/2/2009,13,854,NA
2/2/2009,16,864.5,NA
2/2/2009,19,886,NA
2/2/2009,22,891.5,NA
2/3/2009,1,902,NA
2/3/2009,4,899.5,NA
2/3/2009,7,897,NA
2/3/2009,10,893.5,NA
2/3/2009,13,898,NA
2/3/2009,16,911,NA
2/3/2009,19,928,NA
2/3/2009,22,932,NA
2/4/2009,1,935,NA
2/4/2009,4,937,NA
2/4/2009,7,932,NA
2/4/2009,10,923.5,NA
2/4/2009,13,928,NA
2/4/2009,16,945,NA
2/4/2009,19,959,NA
2/4/2009,22,970,NA
2/5/2009,1,977,NA
2/5/2009,4,979.5,NA
2/5/2009,7,982,NA
2/5/2009,10,985,NA
2/5/2009,13,987,NA
2/5/2009,16,987,NA
2/5/2009,19,987,NA
2/5/2009,22,990.5,NA
2/6/2009,1,992,NA
2/6/2009,4,990,NA
2/6/2009,7,988,NA
2/6/2009,10,981,NA
2/6/2009,13,983,NA
2/6/2009,16,985,NA
2/6/2009,19,987,NA
2/6/2009,22,990,987
2/7/2009,1,983,NA
2/7/2009,4,976,NA
2/7/2009,7,969,NA
2/7/2009,10,952,NA
2/7/2009,13,940,NA
2/7/2009,16,962.5,NA
2/7/2009,19,970,NA
2/7/2009,22,977,NA
2/8/2009,1,974,NA
2/8/2009,4,968,NA
2/8/2009,7,961,NA
2/8/2009,10,940,NA
2/8/2009,13,952,NA
2/8/2009,16,961,NA
2/8/2009,19,970,NA
2/8/2009,22,975,963
2/9/2009,1,973,NA
2/9/2009,4,971,NA
2/9/2009,7,969,NA
2/9/2009,10,975,NA
2/9/2009,13,981,NA
2/9/2009,16,983,NA
2/9/2009,19,985,NA
2/9/2009,22,986,978
2/10/2009,1,988,NA
2/10/2009,4,985,NA
2/10/2009,7,984,NA
2/10/2009,10,970,NA
2/10/2009,13,959,NA
2/10/2009,16,974,NA
2/10/2009,19,976,NA
2/10/2009,22,979,977
2/11/2009,1,981,NA
2/11/2009,4,976.5,NA
2/11/2009,7,971,NA
2/11/2009,10,933.5,NA
2/11/2009,13,903,NA
2/11/2009,16,899,NA
2/11/2009,19,913,NA
2/11/2009,22,897.5,NA
2/12/2009,1,882,NA
2/12/2009,4,867,NA
2/12/2009,7,850,NA
2/12/2009,10,824,NA
2/12/2009,13,813,NA
2/12/2009,16,838.5,NA
2/12/2009,19,871,NA
2/12/2009,22,890.5,NA
2/13/2009,1,896,NA
2/13/2009,4,876.5,NA
2/13/2009,7,852,NA
2/13/2009,10,818.5,NA
2/13/2009,13,792,NA
2/13/2009,16,795.5,NA
2/13/2009,19,830,NA
2/13/2009,22,836.5,NA
2/14/2009,1,834,NA
2/14/2009,4,828,NA
2/14/2009,7,822,NA
2/14/2009,10,802,NA
2/14/2009,13,773,NA
2/14/2009,16,764,NA
2/14/2009,19,786,NA
2/14/2009,22,809,802
2/15/2009,1,832,NA
2/15/2009,4,848,NA
2/15/2009,7,843,NA
2/15/2009,10,825,NA
2/15/2009,13,800,NA
2/15/2009,16,781,NA
2/15/2009,19,789,NA
2/15/2009,22,801,815
2/16/2009,1,816,NA
2/16/2009,4,828,NA
2/16/2009,7,820,NA
2/16/2009,10,795,NA
2/16/2009,13,778,NA
2/16/2009,16,798,NA
2/16/2009,19,821,NA
2/16/2009,22,827,810
2/17/2009,1,834,NA
2/17/2009,4,840,NA
2/17/2009,7,819,NA
2/17/2009,10,803,NA
2/17/2009,13,792,NA
2/17/2009,16,823,NA
2/17/2009,19,852,NA
2/17/2009,22,867,829
2/18/2009,1,879,NA
2/18/2009,4,874.5,NA
2/18/2009,7,849,NA
2/18/2009,10,830,NA
2/18/2009,13,816,NA
2/18/2009,16,850,NA
2/18/2009,19,891,NA
2/18/2009,22,913,NA
2/19/2009,1,925,NA
2/19/2009,4,925,NA
2/19/2009,7,914,NA
2/19/2009,10,907.5,NA
2/19/2009,13,899,NA
2/19/2009,16,931,NA
2/19/2009,19,949,NA
2/19/2009,22,956.5,NA
2/20/2009,1,960,NA
2/20/2009,4,948.5,NA
2/20/2009,7,932,NA
2/20/2009,10,922,NA
2/20/2009,13,917,NA
2/20/2009,16,926,NA
2/20/2009,19,937,NA
2/20/2009,22,945.5,NA
2/21/2009,1,953,NA
2/21/2009,4,937,NA
2/21/2009,7,910,NA
2/21/2009,10,896.5,NA
2/21/2009,13,893,NA
2/21/2009,16,917.5,NA
2/21/2009,19,944,NA
2/21/2009,22,952.5,NA
2/22/2009,1,958,NA
2/22/2009,4,947.5,NA
2/22/2009,7,930,NA
2/22/2009,10,919,NA
2/22/2009,13,914,NA
2/22/2009,16,914,NA
2/22/2009,19,922,NA
2/22/2009,22,927.5,NA
2/23/2009,1,931,NA
2/23/2009,4,913.5,NA
2/23/2009,7,887,NA
2/23/2009,10,864.5,NA
2/23/2009,13,857,NA
2/23/2009,16,867.5,NA
2/23/2009,19,883,NA
2/23/2009,22,875,NA
2/24/2009,1,864,NA
2/24/2009,4,854.5,NA
2/24/2009,7,851,NA
2/24/2009,10,828.5,NA
2/24/2009,13,804,NA
2/24/2009,16,835,NA
2/24/2009,19,871,NA
2/24/2009,22,891.5,NA
2/25/2009,1,892,NA
2/25/2009,4,878.5,NA
2/25/2009,7,861,NA
2/25/2009,10,849.5,NA
2/25/2009,13,853,NA
2/25/2009,16,884,NA
2/25/2009,19,907,NA
2/25/2009,22,897,NA
2/26/2009,1,882,NA
2/26/2009,4,864.5,NA
2/26/2009,7,851,NA
2/26/2009,10,839,NA
2/26/2009,13,830,NA
2/26/2009,16,854.5,NA
2/26/2009,19,879,NA
2/26/2009,22,898,NA
2/27/2009,1,893,NA
2/27/2009,4,871,NA
2/27/2009,7,845,NA
2/27/2009,10,819,NA
2/27/2009,13,807,NA
2/27/2009,16,836.5,NA
2/27/2009,19,874,NA
2/27/2009,22,879,NA
2/28/2009,1,883,NA
2/28/2009,4,866,NA
2/28/2009,7,843,NA
2/28/2009,10,821,NA
2/28/2009,13,827,NA
2/28/2009,16,844,NA
2/28/2009,19,865,NA
2/28/2009,22,875,NA
3/1/2009,1,880,NA
3/1/2009,4,866,NA
3/1/2009,7,848,NA
3/1/2009,10,819,NA
3/1/2009,13,816,NA
3/1/2009,16,832,NA
3/1/2009,19,860,NA
3/1/2009,22,871.5,NA
3/2/2009,1,875,NA
3/2/2009,4,867,NA
3/2/2009,7,859,NA
3/2/2009,10,840,NA
3/2/2009,13,815,NA
3/2/2009,16,840.5,NA
3/2/2009,19,875,NA
3/2/2009,22,885,NA
3/3/2009,1,889,NA
3/3/2009,4,875,NA
3/3/2009,7,862,NA
3/3/2009,10,847,NA
3/3/2009,13,832,NA
3/3/2009,16,858.5,NA
3/3/2009,19,895,NA
3/3/2009,22,906.5,NA
3/4/2009,1,905,NA
3/4/2009,4,884,NA
3/4/2009,7,860,NA
3/4/2009,10,841,NA
3/4/2009,13,838,NA
3/4/2009,16,851,NA
3/4/2009,19,880,NA
3/4/2009,22,893,NA
3/5/2009,1,901,NA
3/5/2009,4,874.5,NA
3/5/2009,7,852,NA
3/5/2009,10,841.5,NA
3/5/2009,13,836,NA
3/5/2009,16,846.5,NA
3/5/2009,19,862,NA
3/5/2009,22,873,NA
3/6/2009,1,878,NA
3/6/2009,4,865,NA
3/6/2009,7,847,NA
3/6/2009,10,809,NA
3/6/2009,13,771,NA
3/6/2009,16,786.5,NA
3/6/2009,19,815,NA
3/6/2009,22,844,NA
3/7/2009,1,842,NA
3/7/2009,4,830,NA
3/7/2009,7,818,NA
3/7/2009,10,788.5,NA
3/7/2009,13,770,NA
3/7/2009,16,788,NA
3/7/2009,19,813,NA
3/7/2009,22,837.5,NA
3/8/2009,1,840,NA
3/8/2009,4,830.5,NA
3/8/2009,7,825,NA
3/8/2009,10,805.5,NA
3/8/2009,13,785,NA
3/8/2009,16,778,NA
3/8/2009,19,799,NA
3/8/2009,22,814,NA
3/9/2009,1,822,NA
3/9/2009,4,819,NA
3/9/2009,7,803,NA
3/9/2009,10,777.5,NA
3/9/2009,13,771,NA
3/9/2009,16,774,NA
3/9/2009,19,778,NA
3/9/2009,22,805.5,NA
3/10/2009,1,832,NA
3/10/2009,4,843,NA
3/10/2009,7,828,NA
3/10/2009,10,823,NA
3/10/2009,13,822,NA
3/10/2009,16,859,NA
3/10/2009,19,888,NA
3/10/2009,22,899.5,NA
3/11/2009,1,898,NA
3/11/2009,4,868.5,NA
3/11/2009,7,837,NA
3/11/2009,10,804.5,NA
3/11/2009,13,791,NA
3/11/2009,16,820,NA
3/11/2009,19,860,NA
3/11/2009,22,875,NA
3/12/2009,1,875,NA
3/12/2009,4,854,NA
3/12/2009,7,832,NA
3/12/2009,10,790.5,NA
3/12/2009,13,773,NA
3/12/2009,16,793.5,NA
3/12/2009,19,827,NA
3/12/2009,22,845.5,NA
3/13/2009,1,848,NA
3/13/2009,4,837.5,NA
3/13/2009,7,821,NA
3/13/2009,10,810.5,NA
3/13/2009,13,817,NA
3/13/2009,16,840,NA
3/13/2009,19,866,NA
3/13/2009,22,882,NA
3/14/2009,1,880,NA
3/14/2009,4,866,NA
3/14/2009,7,831,NA
3/14/2009,10,804.5,NA
3/14/2009,13,791,NA
3/14/2009,16,806.5,NA
3/14/2009,19,814,NA
3/14/2009,22,830.5,NA
3/15/2009,1,840,NA
3/15/2009,4,829,NA
3/15/2009,7,821,NA
3/15/2009,10,796.5,NA
3/15/2009,13,779,NA
3/15/2009,16,762.5,NA
3/15/2009,19,766,NA
3/15/2009,22,796,NA
3/16/2009,1,825,NA
3/16/2009,4,811,NA
3/16/2009,7,798,NA
3/16/2009,10,776.5,NA
3/16/2009,13,756,NA
3/16/2009,16,767,NA
3/16/2009,19,779,NA
3/16/2009,22,792,NA
3/17/2009,1,803,NA
3/17/2009,4,814,NA
3/17/2009,7,811,NA
3/17/2009,10,799,NA
3/17/2009,13,780,NA
3/17/2009,16,793,NA
3/17/2009,19,810,NA
3/17/2009,22,831,805
3/18/2009,1,852,NA
3/18/2009,4,859.5,NA
3/18/2009,7,848,NA
3/18/2009,10,828.5,NA
3/18/2009,13,816,NA
3/18/2009,16,848.5,NA
3/18/2009,19,873,NA
3/18/2009,22,891.5,NA
3/19/2009,1,902,NA
3/19/2009,4,873,NA
3/19/2009,7,840,NA
3/19/2009,10,805,NA
3/19/2009,13,778,NA
3/19/2009,16,810,NA
3/19/2009,19,847,NA
3/19/2009,22,868.5,NA
3/20/2009,1,880,NA
3/20/2009,4,864.5,NA
3/20/2009,7,843,NA
3/20/2009,10,830.5,NA
3/20/2009,13,820,NA
3/20/2009,16,826,NA
3/20/2009,19,862,NA
3/20/2009,22,875.5,NA
3/21/2009,1,883,NA
3/21/2009,4,868,NA
3/21/2009,7,845,NA
3/21/2009,10,825,NA
3/21/2009,13,795,NA
3/21/2009,16,788,NA
3/21/2009,19,821,NA
3/21/2009,22,863,NA
3/22/2009,1,890,NA
3/22/2009,4,867.5,NA
3/22/2009,7,845,NA
3/22/2009,10,820,NA
3/22/2009,13,808,NA
3/22/2009,16,808,NA
3/22/2009,19,837,NA
3/22/2009,22,857.5,NA
3/23/2009,1,871,NA
3/23/2009,4,853.5,NA
3/23/2009,7,829,NA
3/23/2009,10,809.5,NA
3/23/2009,13,799,NA
3/23/2009,16,804,NA
3/23/2009,19,813,NA
3/23/2009,22,821.5,NA
3/24/2009,1,829,NA
3/24/2009,4,836,NA
3/24/2009,7,843,NA
3/24/2009,10,815,NA
3/24/2009,13,799,NA
3/24/2009,16,837.5,NA
3/24/2009,19,872,NA
3/24/2009,22,878.5,NA
3/25/2009,1,875,NA
3/25/2009,4,858.5,NA
3/25/2009,7,841,NA
3/25/2009,10,819,NA
3/25/2009,13,801,NA
3/25/2009,16,837.5,NA
3/25/2009,19,866,NA
3/25/2009,22,875.5,NA
3/26/2009,1,881,NA
3/26/2009,4,878.5,NA
3/26/2009,7,872,NA
3/26/2009,10,873.5,NA
3/26/2009,13,882,NA
3/26/2009,16,890,NA
3/26/2009,19,879,NA
3/26/2009,22,867,NA
3/27/2009,1,860,NA
3/27/2009,4,855.5,NA
3/27/2009,7,852,NA
3/27/2009,10,823.5,NA
3/27/2009,13,810,NA
3/27/2009,16,840.5,NA
3/27/2009,19,868,NA
3/27/2009,22,864,NA
3/28/2009,1,860,NA
3/28/2009,4,856.5,NA
3/28/2009,7,856,NA
3/28/2009,10,846,NA
3/28/2009,13,836,NA
3/28/2009,16,850.5,NA
3/28/2009,19,879,NA
3/28/2009,22,873.5,NA
3/29/2009,1,867,NA
3/29/2009,4,860.5,NA
3/29/2009,7,853,NA
3/29/2009,10,830,NA
3/29/2009,13,807,NA
3/29/2009,16,797,NA
3/29/2009,19,826,NA
3/29/2009,22,863.5,NA
3/30/2009,1,885,NA
3/30/2009,4,876.5,NA
3/30/2009,7,865,NA
3/30/2009,10,838.5,NA
3/30/2009,13,812,NA
3/30/2009,16,834.5,NA
3/30/2009,19,857,NA
3/30/2009,22,868,NA
3/31/2009,1,870,NA
3/31/2009,4,851.5,NA
3/31/2009,7,837,NA
3/31/2009,10,803,NA
3/31/2009,13,778,NA
3/31/2009,16,796.5,NA
3/31/2009,19,826,NA
3/31/2009,22,843,NA
4/1/2009,1,848,NA
4/1/2009,4,840,NA
4/1/2009,7,832,NA
4/1/2009,10,802.5,NA
4/1/2009,13,776,NA
4/1/2009,16,788.5,NA
4/1/2009,19,816,NA
4/1/2009,22,833,NA
4/2/2009,1,850,NA
4/2/2009,4,857,NA
4/2/2009,7,853,NA
4/2/2009,10,834,NA
4/2/2009,13,811,NA
4/2/2009,16,841.5,NA
4/2/2009,19,876,NA
4/2/2009,22,894.5,NA
4/3/2009,1,900,NA
4/3/2009,4,881,NA
4/3/2009,7,858,NA
4/3/2009,10,828,NA
4/3/2009,13,815,NA
4/3/2009,16,842.5,NA
4/3/2009,19,874,NA
4/3/2009,22,883,NA
4/4/2009,1,889,NA
4/4/2009,4,878.5,NA
4/4/2009,7,862,NA
4/4/2009,10,843.5,NA
4/4/2009,13,825,NA
4/4/2009,16,823,NA
4/4/2009,19,833,NA
4/4/2009,22,840.5,NA
4/5/2009,1,847,NA
4/5/2009,4,846.5,NA
4/5/2009,7,834,NA
4/5/2009,10,804.5,NA
4/5/2009,13,790,NA
4/5/2009,16,805,NA
4/5/2009,19,827,NA
4/5/2009,22,843.5,NA
4/6/2009,1,858,NA
4/6/2009,4,874.5,NA
4/6/2009,7,870,NA
4/6/2009,10,862.5,NA
4/6/2009,13,856,NA
4/6/2009,16,856,NA
4/6/2009,19,856,NA
4/6/2009,22,858,NA
4/7/2009,1,874,NA
4/7/2009,4,885.5,NA
4/7/2009,7,880,NA
4/7/2009,10,855.5,NA
4/7/2009,13,833,NA
4/7/2009,16,835.5,NA
4/7/2009,19,870,NA
4/7/2009,22,879.5,NA
4/8/2009,1,884,NA
4/8/2009,4,874.5,NA
4/8/2009,7,865,NA
4/8/2009,10,832.5,NA
4/8/2009,13,799,NA
4/8/2009,16,822.5,NA
4/8/2009,19,842,NA
4/8/2009,22,851,NA
4/9/2009,1,857,NA
4/9/2009,4,854,NA
4/9/2009,7,849,NA
4/9/2009,10,821.5,NA
4/9/2009,13,797,NA
4/9/2009,16,835.5,NA
4/9/2009,19,875,NA
4/9/2009,22,898.5,NA
4/10/2009,1,907,NA
4/10/2009,4,881,NA
4/10/2009,7,858,NA
4/10/2009,10,829.5,NA
4/10/2009,13,807,NA
4/10/2009,16,821.5,NA
4/10/2009,19,837,NA
4/10/2009,22,847,NA
4/11/2009,1,840,NA
4/11/2009,4,817,NA
4/11/2009,7,790,NA
4/11/2009,10,790,NA
4/11/2009,13,817,NA
4/11/2009,16,828.5,NA
4/11/2009,19,850,NA
4/11/2009,22,858.5,NA
4/12/2009,1,861,NA
4/12/2009,4,852,NA
4/12/2009,7,827,NA
4/12/2009,10,817.5,NA
4/12/2009,13,826,NA
4/12/2009,16,842,NA
4/12/2009,19,852,NA
4/12/2009,22,859,NA
4/13/2009,1,847,NA
4/13/2009,4,827.5,NA
4/13/2009,7,800,NA
4/13/2009,10,782,NA
4/13/2009,13,790,NA
4/13/2009,16,812,NA
4/13/2009,19,838,NA
4/13/2009,22,856.5,NA
4/14/2009,1,873,NA
4/14/2009,4,890.5,NA
4/14/2009,7,890,NA
4/14/2009,10,872.5,NA
4/14/2009,13,861,NA
4/14/2009,16,870,NA
4/14/2009,19,887,NA
4/14/2009,22,894,NA
4/15/2009,1,899,NA
4/15/2009,4,899.5,NA
4/15/2009,7,889,NA
4/15/2009,10,866.5,NA
4/15/2009,13,874,NA
4/15/2009,16,905.5,NA
4/15/2009,19,932,NA
4/15/2009,22,934.5,NA
4/16/2009,1,928,NA
4/16/2009,4,921,NA
4/16/2009,7,909,NA
4/16/2009,10,896,NA
4/16/2009,13,887,NA
4/16/2009,16,904.5,NA
4/16/2009,19,929,NA
4/16/2009,22,929.5,NA
4/17/2009,1,919,NA
4/17/2009,4,909.5,NA
4/17/2009,7,898,NA
4/17/2009,10,871.5,NA
4/17/2009,13,852,NA
4/17/2009,16,880,NA
4/17/2009,19,909,NA
4/17/2009,22,911.5,NA
4/18/2009,1,902,NA
4/18/2009,4,882.5,NA
4/18/2009,7,864,NA
4/18/2009,10,848.5,NA
4/18/2009,13,838,NA
4/18/2009,16,854.5,NA
4/18/2009,19,867,NA
4/18/2009,22,867,NA
4/19/2009,1,859,NA
4/19/2009,4,850.5,NA
4/19/2009,7,844,NA
4/19/2009,10,835.5,NA
4/19/2009,13,846,NA
4/19/2009,16,865.5,NA
4/19/2009,19,878,NA
4/19/2009,22,876.5,NA
4/20/2009,1,867,NA
4/20/2009,4,854,NA
4/20/2009,7,848,NA
4/20/2009,10,852.5,NA
4/20/2009,13,857,NA
4/20/2009,16,867,NA
4/20/2009,19,882,NA
4/20/2009,22,880.5,NA
4/21/2009,1,871,NA
4/21/2009,4,863,NA
4/21/2009,7,856,NA
4/21/2009,10,865.5,NA
4/21/2009,13,867,NA
4/21/2009,16,874.5,NA
4/21/2009,19,878,NA
4/21/2009,22,871.5,NA
4/22/2009,1,866,NA
4/22/2009,4,856.5,NA
4/22/2009,7,850,NA
4/22/2009,10,846.5,NA
4/22/2009,13,843,NA
4/22/2009,16,868,NA
4/22/2009,19,879,NA
4/22/2009,22,878.5,NA
4/23/2009,1,871,NA
4/23/2009,4,861,NA
4/23/2009,7,853,NA
4/23/2009,10,851.5,NA
4/23/2009,13,852,NA
4/23/2009,16,865,NA
4/23/2009,19,876,NA
4/23/2009,22,875,NA
4/24/2009,1,865,NA
4/24/2009,4,854,NA
4/24/2009,7,846,NA
4/24/2009,10,836.5,NA
4/24/2009,13,845,NA
4/24/2009,16,866.5,NA
4/24/2009,19,879,NA
4/24/2009,22,881.5,NA
4/25/2009,1,874,NA
4/25/2009,4,862.5,NA
4/25/2009,7,848,NA
4/25/2009,10,862.5,NA
4/25/2009,13,875,NA
4/25/2009,16,883,NA
4/25/2009,19,894,NA
4/25/2009,22,898,NA
4/26/2009,1,895,NA
4/26/2009,4,883,NA
4/26/2009,7,865,NA
4/26/2009,10,855.5,NA
4/26/2009,13,860,NA
4/26/2009,16,875.5,NA
4/26/2009,19,887,NA
4/26/2009,22,890.5,NA
4/27/2009,1,878,NA
4/27/2009,4,863.5,NA
4/27/2009,7,843,NA
4/27/2009,10,819,NA
4/27/2009,13,806,NA
4/27/2009,16,823,NA
4/27/2009,19,852,NA
4/27/2009,22,870.5,NA
4/28/2009,1,886,NA
4/28/2009,4,873.5,NA
4/28/2009,7,858,NA
4/28/2009,10,856,NA
4/28/2009,13,854,NA
4/28/2009,16,853.5,NA
4/28/2009,19,870,NA
4/28/2009,22,877,NA
4/29/2009,1,882,NA
4/29/2009,4,871,NA
4/29/2009,7,860,NA
4/29/2009,10,850,NA
4/29/2009,13,842,NA
4/29/2009,16,862,NA
4/29/2009,19,894,NA
4/29/2009,22,905.5,NA
4/30/2009,1,910,NA
4/30/2009,4,882,NA
4/30/2009,7,852,NA
4/30/2009,10,837,NA
4/30/2009,13,823,NA
4/30/2009,16,843.5,NA
4/30/2009,19,875,NA
4/30/2009,22,885,NA
5/1/2009,1,889,NA
5/1/2009,4,877,NA
5/1/2009,7,858,NA
5/1/2009,10,833,NA
5/1/2009,13,829,NA
5/1/2009,16,871.5,NA
5/1/2009,19,906,NA
5/1/2009,22,914.5,NA
5/2/2009,1,920,NA
5/2/2009,4,902,NA
5/2/2009,7,877,NA
5/2/2009,10,852,NA
5/2/2009,13,853,NA
5/2/2009,16,860.5,NA
5/2/2009,19,879,NA
5/2/2009,22,879,NA
5/3/2009,1,874,NA
5/3/2009,4,879,NA
5/3/2009,7,881,NA
5/3/2009,10,859,NA
5/3/2009,13,823,NA
5/3/2009,16,817.5,NA
5/3/2009,19,853,NA
5/3/2009,22,881.5,NA
5/4/2009,1,894,NA
5/4/2009,4,895.5,NA
5/4/2009,7,876,NA
5/4/2009,10,850,NA
5/4/2009,13,830,NA
5/4/2009,16,860.5,NA
5/4/2009,19,900,NA
5/4/2009,22,911.5,NA
5/5/2009,1,906,NA
5/5/2009,4,897.5,NA
5/5/2009,7,879,NA
5/5/2009,10,851,NA
5/5/2009,13,837,NA
5/5/2009,16,867,NA
5/5/2009,19,888,NA
5/5/2009,22,912,NA
5/6/2009,1,924,NA
5/6/2009,4,933,NA
5/6/2009,7,925,NA
5/6/2009,10,904.5,NA
5/6/2009,13,892,NA
5/6/2009,16,921,NA
5/6/2009,19,935,NA
5/6/2009,22,940,NA
5/7/2009,1,944,NA
5/7/2009,4,956,NA
5/7/2009,7,979,NA
5/7/2009,10,990.5,NA
5/7/2009,13,999,NA
5/7/2009,16,996,NA
5/7/2009,19,996,NA
5/7/2009,22,999,NA
5/8/2009,1,999,NA
5/8/2009,4,1004,NA
5/8/2009,7,1006,NA
5/8/2009,10,1007.5,NA
5/8/2009,13,1008,NA
5/8/2009,16,1008,NA
5/8/2009,19,1013,NA
5/8/2009,22,1017,NA
5/9/2009,1,1019,NA
5/9/2009,4,1036.5,NA
5/9/2009,7,1055,NA
5/9/2009,10,1063.5,NA
5/9/2009,13,1068,NA
5/9/2009,16,1067.5,NA
5/9/2009,19,1064,NA
5/9/2009,22,1061,NA
5/10/2009,1,1056,NA
5/10/2009,4,1054.5,NA
5/10/2009,7,1058,NA
5/10/2009,10,1061,NA
5/10/2009,13,1061,NA
5/10/2009,16,1061,NA
5/10/2009,19,1061,NA
5/10/2009,22,1056.5,NA
5/11/2009,1,1051,NA
5/11/2009,4,1048,NA
5/11/2009,7,1045,NA
5/11/2009,10,1045,NA
5/11/2009,13,1043,NA
5/11/2009,16,1043,NA
5/11/2009,19,1043,NA
5/11/2009,22,1042.5,NA
5/12/2009,1,1042,NA
5/12/2009,4,1051,NA
5/12/2009,7,1072,NA
5/12/2009,10,1075,NA
5/12/2009,13,1085,NA
5/12/2009,16,1091.5,NA
5/12/2009,19,1094,NA
5/12/2009,22,1109,NA
5/13/2009,1,1143,NA
5/13/2009,4,1179,NA
5/13/2009,7,1225,NA
5/13/2009,10,1239.666667,NA
5/13/2009,13,1253,NA
5/13/2009,16,1256.666667,NA
5/13/2009,19,1247,NA
5/13/2009,22,1229.25,NA
5/14/2009,1,1204,NA
5/14/2009,4,1183,NA
5/14/2009,7,1146,NA
5/14/2009,10,1116,NA
5/14/2009,13,1101,NA
5/14/2009,16,1106.666667,NA
5/14/2009,19,1111,NA
5/14/2009,22,1112,NA
5/15/2009,1,1113,NA
5/15/2009,4,1107,NA
5/15/2009,7,1095,NA
5/15/2009,10,1078.5,NA
5/15/2009,13,1071,NA
5/15/2009,16,1098.5,NA
5/15/2009,19,1129,NA
5/15/2009,22,1170.25,NA
5/16/2009,1,1202,NA
5/16/2009,4,1220.333333,NA
5/16/2009,7,1242.666667,NA
5/16/2009,10,1263.666667,NA
5/16/2009,13,1285,NA
5/16/2009,16,1305,NA
5/16/2009,19,1321.666667,NA
5/16/2009,22,1337.25,NA
5/17/2009,1,1348,NA
5/17/2009,4,1350.666667,NA
5/17/2009,7,1347,NA
5/17/2009,10,1345,NA
5/17/2009,13,1343,NA
5/17/2009,16,1335,NA
5/17/2009,19,1327.666667,NA
5/17/2009,22,1315,NA
5/18/2009,1,1301,NA
5/18/2009,4,1289.666667,NA
5/18/2009,7,1268.333333,NA
5/18/2009,10,1254,NA
5/18/2009,13,1244,NA
5/18/2009,16,1244,NA
5/18/2009,19,1245.333333,NA
5/18/2009,22,1257.25,NA
5/19/2009,1,1266,NA
5/19/2009,4,1267.333333,NA
5/19/2009,7,1251,NA
5/19/2009,10,1235.666667,NA
5/19/2009,13,1222.666667,NA
5/19/2009,16,1208.333333,NA
5/19/2009,19,1191,NA
5/19/2009,22,1175,NA
5/20/2009,1,1166,NA
5/20/2009,4,1159,NA
5/20/2009,7,1151,NA
5/20/2009,10,1142,NA
5/20/2009,13,1137,NA
5/20/2009,16,1132.5,NA
5/20/2009,19,1129,NA
5/20/2009,22,1126,NA
5/21/2009,1,1123,NA
5/21/2009,4,1127.5,NA
5/21/2009,7,1131,NA
5/21/2009,10,1128,NA
5/21/2009,13,1125,NA
5/21/2009,16,1119.5,NA
5/21/2009,19,1115,NA
5/21/2009,22,1110,NA
5/22/2009,1,1105,NA
5/22/2009,4,1100,NA
5/22/2009,7,1096,NA
5/22/2009,10,1092,NA
5/22/2009,13,1089,NA
5/22/2009,16,1087,NA
5/22/2009,19,1085,NA
5/22/2009,22,1080.5,NA
5/23/2009,1,1075,NA
5/23/2009,4,1075,NA
5/23/2009,7,1074,NA
5/23/2009,10,1072,NA
5/23/2009,13,1070,NA
5/23/2009,16,1067,NA
5/23/2009,19,1063,NA
5/23/2009,22,1061,1070
5/24/2009,1,1061,NA
5/24/2009,4,1063,NA
5/24/2009,7,1066,NA
5/24/2009,10,1074,NA
5/24/2009,13,1079,NA
5/24/2009,16,1091,NA
5/24/2009,19,1093,NA
5/24/2009,22,1107,1079
5/25/2009,1,1119,NA
5/25/2009,4,1123,NA
5/25/2009,7,1121,NA
5/25/2009,10,1114,NA
5/25/2009,13,1114,NA
5/25/2009,16,1107,NA
5/25/2009,19,1096,NA
5/25/2009,22,1092,1111
5/26/2009,1,1087,NA
5/26/2009,4,1103.5,NA
5/26/2009,7,1121,NA
5/26/2009,10,1125,NA
5/26/2009,13,1123,NA
5/26/2009,16,1119,NA
5/26/2009,19,1115,NA
5/26/2009,22,1115,NA
5/27/2009,1,1122,NA
5/27/2009,4,1130,NA
5/27/2009,7,1137,NA
5/27/2009,10,1140,NA
5/27/2009,13,1138,NA
5/27/2009,16,1131,NA
5/27/2009,19,1122,NA
5/27/2009,22,1118,1130
5/28/2009,1,1115,NA
5/28/2009,4,1112,NA
5/28/2009,7,1108,NA
5/28/2009,10,1112,NA
5/28/2009,13,1110,NA
5/28/2009,16,1107,NA
5/28/2009,19,1105,NA
5/28/2009,22,1105,1109
5/29/2009,1,1103,NA
5/29/2009,4,1105,NA
5/29/2009,7,1108,NA
5/29/2009,10,1112,NA
5/29/2009,13,1118,NA
5/29/2009,16,1130,NA
5/29/2009,19,1144,NA
5/29/2009,22,1157,1122
5/30/2009,1,1172,NA
5/30/2009,4,1181,NA
5/30/2009,7,1186,NA
5/30/2009,10,1188,NA
5/30/2009,13,1188,NA
5/30/2009,16,1188,NA
5/30/2009,19,1185,NA
5/30/2009,22,1178,1183
5/31/2009,1,1169,NA
5/31/2009,4,1165,NA
5/31/2009,7,1163,NA
5/31/2009,10,1156,NA
5/31/2009,13,1151,NA
5/31/2009,16,1142,NA
5/31/2009,19,1136,NA
5/31/2009,22,1129,1151
6/1/2009,1,1121,NA
6/1/2009,4,1116,NA
6/1/2009,7,1111,NA
6/1/2009,10,1106,NA
6/1/2009,13,1102,NA
6/1/2009,16,1098,NA
6/1/2009,19,1093,NA
6/1/2009,22,1093,1105
6/2/2009,1,1091,NA
6/2/2009,4,1091,NA
6/2/2009,7,1091,NA
6/2/2009,10,1091,NA
6/2/2009,13,1091,NA
6/2/2009,16,1089,NA
6/2/2009,19,1087,NA
6/2/2009,22,1085,1090
6/3/2009,1,1088,NA
6/3/2009,4,1107,NA
6/3/2009,7,1121,NA
6/3/2009,10,1137.5,NA
6/3/2009,13,1164,NA
6/3/2009,16,1191,NA
6/3/2009,19,1208,NA
6/3/2009,22,1220,NA
6/4/2009,1,1228,NA
6/4/2009,4,1231,NA
6/4/2009,7,1232,NA
6/4/2009,10,1226.333333,NA
6/4/2009,13,1217.333333,NA
6/4/2009,16,1202.666667,NA
6/4/2009,19,1184.666667,NA
6/4/2009,22,1175.75,NA
6/5/2009,1,1169,NA
6/5/2009,4,1159.5,NA
6/5/2009,7,1148,NA
6/5/2009,10,1145.5,NA
6/5/2009,13,1145,NA
6/5/2009,16,1143,NA
6/5/2009,19,1140,NA
6/5/2009,22,1137,NA
6/6/2009,1,1133,NA
6/6/2009,4,1129,NA
6/6/2009,7,1126,NA
6/6/2009,10,1121.5,NA
6/6/2009,13,1120,NA
6/6/2009,16,1118,NA
6/6/2009,19,1118,NA
6/6/2009,22,1115.5,NA
6/7/2009,1,1115,NA
6/7/2009,4,1109,NA
6/7/2009,7,1102,NA
6/7/2009,10,1079,NA
6/7/2009,13,1063,NA
6/7/2009,16,1068,NA
6/7/2009,19,1075,NA
6/7/2009,22,1083,1087
6/8/2009,1,1090,NA
6/8/2009,4,1093,NA
6/8/2009,7,1087,NA
6/8/2009,10,1066,NA
6/8/2009,13,1054,NA
6/8/2009,16,1070,NA
6/8/2009,19,1088,NA
6/8/2009,22,1093,1080
6/9/2009,1,1095,NA
6/9/2009,4,1095,NA
6/9/2009,7,1090,NA
6/9/2009,10,1090,NA
6/9/2009,13,1085,NA
6/9/2009,16,1080,NA
6/9/2009,19,1074,NA
6/9/2009,22,1074,1085
6/10/2009,1,1074,NA
6/10/2009,4,1069,NA
6/10/2009,7,1064,NA
6/10/2009,10,1052,NA
6/10/2009,13,1043,NA
6/10/2009,16,1041,NA
6/10/2009,19,1046,NA
6/10/2009,22,1049,1055
6/11/2009,1,1053,NA
6/11/2009,4,1051,NA
6/11/2009,7,1047,NA
6/11/2009,10,1033,NA
6/11/2009,13,1013,NA
6/11/2009,16,1006,NA
6/11/2009,19,996,NA
6/11/2009,22,985,1023
6/12/2009,1,977,NA
6/12/2009,4,989,NA
6/12/2009,7,997,NA
6/12/2009,10,993,NA
6/12/2009,13,986,NA
6/12/2009,16,980,NA
6/12/2009,19,993,NA
6/12/2009,22,990,988
6/13/2009,1,987,NA
6/13/2009,4,984,NA
6/13/2009,7,981,NA
6/13/2009,10,973,NA
6/13/2009,13,958,NA
6/13/2009,16,950,NA
6/13/2009,19,949,NA
6/13/2009,22,946,966
6/14/2009,1,942,NA
6/14/2009,4,939,NA
6/14/2009,7,937,NA
6/14/2009,10,915,NA
6/14/2009,13,904,NA
6/14/2009,16,896,NA
6/14/2009,19,905,NA
6/14/2009,22,947,NA
6/15/2009,1,988,NA
6/15/2009,4,995,NA
6/15/2009,7,1005.333333,NA
6/15/2009,10,992.3333333,NA
6/15/2009,13,980,NA
6/15/2009,16,985.3333333,NA
6/15/2009,19,1004,NA
6/15/2009,22,1016.25,NA
6/16/2009,1,1021,NA
6/16/2009,4,1031.5,NA
6/16/2009,7,1039,NA
6/16/2009,10,1043.5,NA
6/16/2009,13,1047,NA
6/16/2009,16,1059,NA
6/16/2009,19,1072,NA
6/16/2009,22,1076.5,NA
6/17/2009,1,1068,NA
6/17/2009,4,1090.5,NA
6/17/2009,7,1118,NA
6/17/2009,10,1135,NA
6/17/2009,13,1138,NA
6/17/2009,16,1139,NA
6/17/2009,19,1131,NA
6/17/2009,22,1118,NA
6/18/2009,1,1107,NA
6/18/2009,4,1107,NA
6/18/2009,7,1109,NA
6/18/2009,10,1108,NA
6/18/2009,13,1109,NA
6/18/2009,16,1100.5,NA
6/18/2009,19,1090,NA
6/18/2009,22,1079.5,NA
6/19/2009,1,1071,NA
6/19/2009,4,1083.5,NA
6/19/2009,7,1096,NA
6/19/2009,10,1107,NA
6/19/2009,13,1113,NA
6/19/2009,16,1110,NA
6/19/2009,19,1105,NA
6/19/2009,22,1103.5,NA
6/20/2009,1,1101,NA
6/20/2009,4,1101,NA
6/20/2009,7,1101,NA
6/20/2009,10,1083,NA
6/20/2009,13,1068,NA
6/20/2009,16,1057,NA
6/20/2009,19,1042,NA
6/20/2009,22,1029,1073
6/21/2009,1,1023,NA
6/21/2009,4,1001.5,NA
6/21/2009,7,971,NA
6/21/2009,10,974.5,NA
6/21/2009,13,981,NA
6/21/2009,16,988,NA
6/21/2009,19,990,NA
6/21/2009,22,991,NA
6/22/2009,1,993,NA
6/22/2009,4,988.5,NA
6/22/2009,7,980,NA
6/22/2009,10,978,NA
6/22/2009,13,978,NA
6/22/2009,16,1002,NA
6/22/2009,19,1019,NA
6/22/2009,22,1023.5,NA
6/23/2009,1,1025,NA
6/23/2009,4,1038.5,NA
6/23/2009,7,1051,NA
6/23/2009,10,1063.5,NA
6/23/2009,13,1069,NA
6/23/2009,16,1069,NA
6/23/2009,19,1066,NA
6/23/2009,22,1058.5,NA
6/24/2009,1,1053,NA
6/24/2009,4,1051.5,NA
6/24/2009,7,1050,NA
6/24/2009,10,1042.5,NA
6/24/2009,13,1039,NA
6/24/2009,16,1049.5,NA
6/24/2009,19,1054,NA
6/24/2009,22,1047,NA
6/25/2009,1,1040,NA
6/25/2009,4,1046,NA
6/25/2009,7,1055,NA
6/25/2009,10,1048.5,NA
6/25/2009,13,1049,NA
6/25/2009,16,1058.5,NA
6/25/2009,19,1056,NA
6/25/2009,22,1046.5,NA
6/26/2009,1,1038,NA
6/26/2009,4,1037,NA
6/26/2009,7,1031,NA
6/26/2009,10,1018,NA
6/26/2009,13,1010,NA
6/26/2009,16,1014.5,NA
6/26/2009,19,1020,NA
6/26/2009,22,1010,NA
6/27/2009,1,1003,NA
6/27/2009,4,1018.333333,NA
6/27/2009,7,1049,NA
6/27/2009,10,1074.666667,NA
6/27/2009,13,1079.333333,NA
6/27/2009,16,1082,NA
6/27/2009,19,1080.666667,NA
6/27/2009,22,1066.25,NA
6/28/2009,1,1052,NA
6/28/2009,4,1044.5,NA
6/28/2009,7,1042,NA
6/28/2009,10,1045,NA
6/28/2009,13,1045,NA
6/28/2009,16,1053.5,NA
6/28/2009,19,1060,NA
6/28/2009,22,1065,NA
6/29/2009,1,1072,NA
6/29/2009,4,1078.5,NA
6/29/2009,7,1086,NA
6/29/2009,10,1077,NA
6/29/2009,13,1078,NA
6/29/2009,16,1086.5,NA
6/29/2009,19,1090,NA
6/29/2009,22,1092.5,NA
6/30/2009,1,1095,NA
6/30/2009,4,1100.5,NA
6/30/2009,7,1098,NA
6/30/2009,10,1087,NA
6/30/2009,13,1078,NA
6/30/2009,16,1077.5,NA
6/30/2009,19,1077,NA
6/30/2009,22,1075.5,NA
7/1/2009,1,1073,NA
7/1/2009,4,1068,NA
7/1/2009,7,1063,NA
7/1/2009,10,1062,NA
7/1/2009,13,1062,NA
7/1/2009,16,1080,NA
7/1/2009,19,1094,NA
7/1/2009,22,1104.5,NA
7/2/2009,1,1117,NA
7/2/2009,4,1125.5,NA
7/2/2009,7,1130,NA
7/2/2009,10,1129.5,NA
7/2/2009,13,1140,NA
7/2/2009,16,1159,NA
7/2/2009,19,1169,NA
7/2/2009,22,1174.5,NA
7/3/2009,1,1178,NA
7/3/2009,4,1176,NA
7/3/2009,7,1165,NA
7/3/2009,10,1144.5,NA
7/3/2009,13,1128,NA
7/3/2009,16,1130.5,NA
7/3/2009,19,1140,NA
7/3/2009,22,1144.5,NA
7/4/2009,1,1148,NA
7/4/2009,4,1141,NA
7/4/2009,7,1133,NA
7/4/2009,10,1120,NA
7/4/2009,13,1122,NA
7/4/2009,16,1140,NA
7/4/2009,19,1163.666667,NA
7/4/2009,22,1219.25,NA
7/5/2009,1,1284,NA
7/5/2009,4,1324.333333,NA
7/5/2009,7,1372.666667,NA
7/5/2009,10,1415.333333,NA
7/5/2009,13,1457.333333,NA
7/5/2009,16,1500.333333,NA
7/5/2009,19,1532.666667,NA
7/5/2009,22,1559,NA
7/6/2009,1,1582,NA
7/6/2009,4,1585,NA
7/6/2009,7,1580.333333,NA
7/6/2009,10,1579,NA
7/6/2009,13,1594,NA
7/6/2009,16,1601.666667,NA
7/6/2009,19,1605,NA
7/6/2009,22,1610.5,NA
7/7/2009,1,1609,NA
7/7/2009,4,1609,NA
7/7/2009,7,1608,NA
7/7/2009,10,1606,NA
7/7/2009,13,1607,NA
7/7/2009,16,1608.333333,NA
7/7/2009,19,1608,NA
7/7/2009,22,1611.5,NA
7/8/2009,1,1611,NA
7/8/2009,4,1606.666667,NA
7/8/2009,7,1598,NA
7/8/2009,10,1584.666667,NA
7/8/2009,13,1573.666667,NA
7/8/2009,16,1562,NA
7/8/2009,19,1552,NA
7/8/2009,22,1542.25,NA
7/9/2009,1,1533,NA
7/9/2009,4,1531,NA
7/9/2009,7,1529.333333,NA
7/9/2009,10,1529,NA
7/9/2009,13,1528.333333,NA
7/9/2009,16,1527.666667,NA
7/9/2009,19,1524,NA
7/9/2009,22,1516.5,NA
7/10/2009,1,1505,NA
7/10/2009,4,1498.333333,NA
7/10/2009,7,1492,NA
7/10/2009,10,1487,NA
7/10/2009,13,1480,NA
7/10/2009,16,1474,NA
7/10/2009,19,1473,NA
7/10/2009,22,1472,NA
7/11/2009,1,1472,NA
7/11/2009,4,1471.5,NA
7/11/2009,7,1471,NA
7/11/2009,10,1466,NA
7/11/2009,13,1458,NA
7/11/2009,16,1452,NA
7/11/2009,19,1443,NA
7/11/2009,22,1433,NA
7/12/2009,1,1423,NA
7/12/2009,4,1411.5,NA
7/12/2009,7,1403,NA
7/12/2009,10,1388.5,NA
7/12/2009,13,1377,NA
7/12/2009,16,1369.5,NA
7/12/2009,19,1363,NA
7/12/2009,22,1360,NA
7/13/2009,1,1359,NA
7/13/2009,4,1365,NA
7/13/2009,7,1371,NA
7/13/2009,10,1370,NA
7/13/2009,13,1368,NA
7/13/2009,16,1365.5,NA
7/13/2009,19,1364,NA
7/13/2009,22,1361.5,NA
7/14/2009,1,1360,NA
7/14/2009,4,1357,NA
7/14/2009,7,1349,NA
7/14/2009,10,1343.5,NA
7/14/2009,13,1347,NA
7/14/2009,16,1348,NA
7/14/2009,19,1348,NA
7/14/2009,22,1348,NA
7/15/2009,1,1348,NA
7/15/2009,4,1345.5,NA
7/15/2009,7,1340,NA
7/15/2009,10,1333,NA
7/15/2009,13,1327,NA
7/15/2009,16,1327,NA
7/15/2009,19,1327,NA
7/15/2009,22,1325.5,NA
7/16/2009,1,1325,NA
7/16/2009,4,1318,NA
7/16/2009,7,1308,NA
7/16/2009,10,1300,NA
7/16/2009,13,1296,NA
7/16/2009,16,1297,NA
7/16/2009,19,1301,NA
7/16/2009,22,1303.5,NA
7/17/2009,1,1304,NA
7/17/2009,4,1300,NA
7/17/2009,7,1294,NA
7/17/2009,10,1283.5,NA
7/17/2009,13,1282,NA
7/17/2009,16,1281,NA
7/17/2009,19,1277,NA
7/17/2009,22,1273.5,NA
7/18/2009,1,1270,NA
7/18/2009,4,1267,NA
7/18/2009,7,1263,NA
7/18/2009,10,1256,NA
7/18/2009,13,1252,NA
7/18/2009,16,1257.5,NA
7/18/2009,19,1264,NA
7/18/2009,22,1266.5,NA
7/19/2009,1,1267,NA
7/19/2009,4,1265,NA
7/19/2009,7,1262,NA
7/19/2009,10,1253,NA
7/19/2009,13,1246,NA
7/19/2009,16,1250,NA
7/19/2009,19,1256,NA
7/19/2009,22,1256,NA
7/20/2009,1,1255,NA
7/20/2009,4,1252,NA
7/20/2009,7,1248,NA
7/20/2009,10,1244.5,NA
7/20/2009,13,1247,NA
7/20/2009,16,1256.5,NA
7/20/2009,19,1266,NA
7/20/2009,22,1278,NA
7/21/2009,1,1287,NA
7/21/2009,4,1293.5,NA
7/21/2009,7,1293,NA
7/21/2009,10,1281.5,NA
7/21/2009,13,1278,NA
7/21/2009,16,1275.5,NA
7/21/2009,19,1272,NA
7/21/2009,22,1263,NA
7/22/2009,1,1254,NA
7/22/2009,4,1244.5,NA
7/22/2009,7,1237,NA
7/22/2009,10,1222.5,NA
7/22/2009,13,1216,NA
7/22/2009,16,1210.5,NA
7/22/2009,19,1206,NA
7/22/2009,22,1199,NA
7/23/2009,1,1192,NA
7/23/2009,4,1188,NA
7/23/2009,7,1186,NA
7/23/2009,10,1180,NA
7/23/2009,13,1178,NA
7/23/2009,16,1182,NA
7/23/2009,19,1178,NA
7/23/2009,22,1173.5,NA
7/24/2009,1,1168,NA
7/24/2009,4,1159.5,NA
7/24/2009,7,1148,NA
7/24/2009,10,1141.5,NA
7/24/2009,13,1141,NA
7/24/2009,16,1142,NA
7/24/2009,19,1142,NA
7/24/2009,22,1145.5,NA
7/25/2009,1,1151,NA
7/25/2009,4,1156.5,NA
7/25/2009,7,1162,NA
7/25/2009,10,1160.5,NA
7/25/2009,13,1154,NA
7/25/2009,16,1148,NA
7/25/2009,19,1143,NA
7/25/2009,22,1143,NA
7/26/2009,1,1143,NA
7/26/2009,4,1141,NA
7/26/2009,7,1140,NA
7/26/2009,10,1131,NA
7/26/2009,13,1127,NA
7/26/2009,16,1131,NA
7/26/2009,19,1148,NA
7/26/2009,22,1169.5,NA
7/27/2009,1,1187,NA
7/27/2009,4,1198,NA
7/27/2009,7,1198,NA
7/27/2009,10,1193,NA
7/27/2009,13,1186,NA
7/27/2009,16,1180.5,NA
7/27/2009,19,1173,NA
7/27/2009,22,1163.5,NA
7/28/2009,1,1155,NA
7/28/2009,4,1145.5,NA
7/28/2009,7,1133,NA
7/28/2009,10,1113,NA
7/28/2009,13,1103,NA
7/28/2009,16,1104.5,NA
7/28/2009,19,1118,NA
7/28/2009,22,1122,NA
7/29/2009,1,1125,NA
7/29/2009,4,1131,NA
7/29/2009,7,1130,NA
7/29/2009,10,1129,NA
7/29/2009,13,1135,NA
7/29/2009,16,1147,NA
7/29/2009,19,1164,NA
7/29/2009,22,1176,NA
7/30/2009,1,1187,NA
7/30/2009,4,1189,NA
7/30/2009,7,1184,NA
7/30/2009,10,1174.5,NA
7/30/2009,13,1178,NA
7/30/2009,16,1197.5,NA
7/30/2009,19,1211,NA
7/30/2009,22,1218,NA
7/31/2009,1,1226,NA
7/31/2009,4,1229,NA
7/31/2009,7,1215,NA
7/31/2009,10,1209,NA
7/31/2009,13,1214,NA
7/31/2009,16,1234.5,NA
7/31/2009,19,1254,NA
7/31/2009,22,1262,NA
8/1/2009,1,1269,NA
8/1/2009,4,1261,NA
8/1/2009,7,1245,NA
8/1/2009,10,1233,NA
8/1/2009,13,1227,NA
8/1/2009,16,1238.5,NA
8/1/2009,19,1247,NA
8/1/2009,22,1251.5,NA
8/2/2009,1,1257,NA
8/2/2009,4,1253.5,NA
8/2/2009,7,1249,NA
8/2/2009,10,1243,NA
8/2/2009,13,1242,NA
8/2/2009,16,1239.5,NA
8/2/2009,19,1241,NA
8/2/2009,22,1249.5,NA
8/3/2009,1,1258,NA
8/3/2009,4,1258.5,NA
8/3/2009,7,1253,NA
8/3/2009,10,1249,NA
8/3/2009,13,1247,NA
8/3/2009,16,1249.5,NA
8/3/2009,19,1254,NA
8/3/2009,22,1253.5,NA
8/4/2009,1,1250,NA
8/4/2009,4,1245,NA
8/4/2009,7,1237,NA
8/4/2009,10,1226,NA
8/4/2009,13,1222,NA
8/4/2009,16,1220.5,NA
8/4/2009,19,1222,NA
8/4/2009,22,1219,NA
8/5/2009,1,1215,NA
8/5/2009,4,1215,NA
8/5/2009,7,1214,NA
8/5/2009,10,1211,NA
8/5/2009,13,1209,NA
8/5/2009,16,1215.5,NA
8/5/2009,19,1220,NA
8/5/2009,22,1226.5,NA
8/6/2009,1,1232,NA
8/6/2009,4,1236,NA
8/6/2009,7,1233,NA
8/6/2009,10,1225.5,NA
8/6/2009,13,1218,NA
8/6/2009,16,1229,NA
8/6/2009,19,1232,NA
8/6/2009,22,1233.5,NA
8/7/2009,1,1234,NA
8/7/2009,4,1239,NA
8/7/2009,7,1237,NA
8/7/2009,10,1232,NA
8/7/2009,13,1230,NA
8/7/2009,16,1234.5,NA
8/7/2009,19,1240,NA
8/7/2009,22,1243,NA
8/8/2009,1,1243,NA
8/8/2009,4,1241,NA
8/8/2009,7,1239,NA
8/8/2009,10,1231.5,NA
8/8/2009,13,1228,NA
8/8/2009,16,1227,NA
8/8/2009,19,1218,NA
8/8/2009,22,1198.5,NA
8/9/2009,1,1184,NA
8/9/2009,4,1170.5,NA
8/9/2009,7,1158,NA
8/9/2009,10,1146,NA
8/9/2009,13,1140,NA
8/9/2009,16,1136.5,NA
8/9/2009,19,1133,NA
8/9/2009,22,1116.5,NA
8/10/2009,1,1101,NA
8/10/2009,4,1088,NA
8/10/2009,7,1075,NA
8/10/2009,10,1058.5,NA
8/10/2009,13,1051,NA
8/10/2009,16,1062.5,NA
8/10/2009,19,1067,NA
8/10/2009,22,1056.5,NA
8/11/2009,1,1046,NA
8/11/2009,4,1043,NA
8/11/2009,7,1041,NA
8/11/2009,10,1036.5,NA
8/11/2009,13,1028,NA
8/11/2009,16,1023,NA
8/11/2009,19,1020,NA
8/11/2009,22,1011.5,NA
8/12/2009,1,1000,NA
8/12/2009,4,997.5,NA
8/12/2009,7,1002,NA
8/12/2009,10,1009.5,NA
8/12/2009,13,1019,NA
8/12/2009,16,1030,NA
8/12/2009,19,1032,NA
8/12/2009,22,1022.5,NA
8/13/2009,1,1013,NA
8/13/2009,4,1006.5,NA
8/13/2009,7,1003,NA
8/13/2009,10,1015,NA
8/13/2009,13,1021,NA
8/13/2009,16,1024,NA
8/13/2009,19,1016,NA
8/13/2009,22,1003,NA
8/14/2009,1,999,NA
8/14/2009,4,991,NA
8/14/2009,7,983,NA
8/14/2009,10,984,NA
8/14/2009,13,992,NA
8/14/2009,16,985,NA
8/14/2009,19,980,NA
8/14/2009,22,964,NA
8/15/2009,1,952,NA
8/15/2009,4,946.5,NA
8/15/2009,7,944,NA
8/15/2009,10,948,NA
8/15/2009,13,955,NA
8/15/2009,16,959,NA
8/15/2009,19,957,NA
8/15/2009,22,954,NA
8/16/2009,1,951,NA
8/16/2009,4,956,NA
8/16/2009,7,962,NA
8/16/2009,10,978.5,NA
8/16/2009,13,994,NA
8/16/2009,16,995,NA
8/16/2009,19,987,NA
8/16/2009,22,977.5,NA
8/17/2009,1,971,NA
8/17/2009,4,971,NA
8/17/2009,7,976,NA
8/17/2009,10,991,NA
8/17/2009,13,1008,NA
8/17/2009,16,1008.5,NA
8/17/2009,19,1010,NA
8/17/2009,22,1019,NA
8/18/2009,1,1022,NA
8/18/2009,4,1016,NA
8/18/2009,7,1011,NA
8/18/2009,10,1010.5,NA
8/18/2009,13,1021,NA
8/18/2009,16,1026.5,NA
8/18/2009,19,1032,NA
8/18/2009,22,1040,NA
8/19/2009,1,1045,NA
8/19/2009,4,1060,NA
8/19/2009,7,1079,NA
8/19/2009,10,1090,NA
8/19/2009,13,1092,NA
8/19/2009,16,1088.5,NA
8/19/2009,19,1082,NA
8/19/2009,22,1070.5,NA
8/20/2009,1,1058,NA
8/20/2009,4,1052,NA
8/20/2009,7,1049,NA
8/20/2009,10,1045.5,NA
8/20/2009,13,1036,NA
8/20/2009,16,1032,NA
8/20/2009,19,1030,NA
8/20/2009,22,1035.5,NA
8/21/2009,1,1042,NA
8/21/2009,4,1036,NA
8/21/2009,7,1026,NA
8/21/2009,10,1032,NA
8/21/2009,13,1032,NA
8/21/2009,16,1026.5,NA
8/21/2009,19,1022,NA
8/21/2009,22,1009,NA
8/22/2009,1,995,NA
8/22/2009,4,986.5,NA
8/22/2009,7,980,NA
8/22/2009,10,986.5,NA
8/22/2009,13,999,NA
8/22/2009,16,1016,NA
8/22/2009,19,1025,NA
8/22/2009,22,1036,NA
8/23/2009,1,1046,NA
8/23/2009,4,1053,NA
8/23/2009,7,1049,NA
8/23/2009,10,1040,NA
8/23/2009,13,1026,NA
8/23/2009,16,1015,NA
8/23/2009,19,1010,NA
8/23/2009,22,997.5,NA
8/24/2009,1,987,NA
8/24/2009,4,983,NA
8/24/2009,7,979,NA
8/24/2009,10,966,NA
8/24/2009,13,950,NA
8/24/2009,16,965,NA
8/24/2009,19,981,NA
8/24/2009,22,995.5,NA
8/25/2009,1,1003,NA
8/25/2009,4,993.5,NA
8/25/2009,7,986,NA
8/25/2009,10,980,NA
8/25/2009,13,979,NA
8/25/2009,16,991,NA
8/25/2009,19,1006,NA
8/25/2009,22,1007.5,NA
8/26/2009,1,1002,NA
8/26/2009,4,996.5,NA
8/26/2009,7,989,NA
8/26/2009,10,985,NA
8/26/2009,13,986,NA
8/26/2009,16,988.5,NA
8/26/2009,19,991,NA
8/26/2009,22,990,NA
8/27/2009,1,989,NA
8/27/2009,4,988,NA
8/27/2009,7,985,NA
8/27/2009,10,986.5,NA
8/27/2009,13,992,NA
8/27/2009,16,998.5,NA
8/27/2009,19,997,NA
8/27/2009,22,988.5,NA
8/28/2009,1,983,NA
8/28/2009,4,1000,NA
8/28/2009,7,1019,NA
8/28/2009,10,1042,NA
8/28/2009,13,1053,NA
8/28/2009,16,1049,NA
8/28/2009,19,1045,NA
8/28/2009,22,1040.5,NA
8/29/2009,1,1032,NA
8/29/2009,4,1023.5,NA
8/29/2009,7,1018,NA
8/29/2009,10,1015,NA
8/29/2009,13,1021,NA
8/29/2009,16,1017.5,NA
8/29/2009,19,1014,NA
8/29/2009,22,1008.5,NA
8/30/2009,1,1002,NA
8/30/2009,4,998.5,NA
8/30/2009,7,994,NA
8/30/2009,10,994,NA
8/30/2009,13,1001,NA
8/30/2009,16,1013,NA
8/30/2009,19,1024,NA
8/30/2009,22,1019,NA
8/31/2009,1,1014,NA
8/31/2009,4,1003,NA
8/31/2009,7,987,NA
8/31/2009,10,976,NA
8/31/2009,13,970,NA
8/31/2009,16,966.5,NA
8/31/2009,19,964,NA
8/31/2009,22,964,NA
9/1/2009,1,963,NA
9/1/2009,4,959.5,NA
9/1/2009,7,954,NA
9/1/2009,10,965,NA
9/1/2009,13,967,NA
9/1/2009,16,964,NA
9/1/2009,19,962,NA
9/1/2009,22,959,NA
9/2/2009,1,955,NA
9/2/2009,4,948.5,NA
9/2/2009,7,942,NA
9/2/2009,10,936.5,NA
9/2/2009,13,931,NA
9/2/2009,16,925,NA
9/2/2009,19,916,NA
9/2/2009,22,909,NA
9/3/2009,1,901,NA
9/3/2009,4,895.5,NA
9/3/2009,7,892,NA
9/3/2009,10,887,NA
9/3/2009,13,879,NA
9/3/2009,16,872.5,NA
9/3/2009,19,867,NA
9/3/2009,22,867,NA
9/4/2009,1,865,NA
9/4/2009,4,863.5,NA
9/4/2009,7,861,NA
9/4/2009,10,859.5,NA
9/4/2009,13,857,NA
9/4/2009,16,856,NA
9/4/2009,19,864,NA
9/4/2009,22,867,NA
9/5/2009,1,860,NA
9/5/2009,4,860,NA
9/5/2009,7,860,NA
9/5/2009,10,872.5,NA
9/5/2009,13,885,NA
9/5/2009,16,886.5,NA
9/5/2009,19,891,NA
9/5/2009,22,885,NA
9/6/2009,1,879,NA
9/6/2009,4,884,NA
9/6/2009,7,890,NA
9/6/2009,10,894,NA
9/6/2009,13,899,NA
9/6/2009,16,908,NA
9/6/2009,19,906,NA
9/6/2009,22,899.5,NA
9/7/2009,1,895,NA
9/7/2009,4,886,NA
9/7/2009,7,875,NA
9/7/2009,10,865,NA
9/7/2009,13,861,NA
9/7/2009,16,874.5,NA
9/7/2009,19,893,NA
9/7/2009,22,908.5,NA
9/8/2009,1,923,NA
9/8/2009,4,914,NA
9/8/2009,7,902,NA
9/8/2009,10,897.5,NA
9/8/2009,13,894,NA
9/8/2009,16,899.5,NA
9/8/2009,19,906,NA
9/8/2009,22,902.5,NA
9/9/2009,1,899,NA
9/9/2009,4,897,NA
9/9/2009,7,895,NA
9/9/2009,10,892.5,NA
9/9/2009,13,886,NA
9/9/2009,16,888.5,NA
9/9/2009,19,894,NA
9/9/2009,22,889.5,NA
9/10/2009,1,886,NA
9/10/2009,4,876,NA
9/10/2009,7,865,NA
9/10/2009,10,864.5,NA
9/10/2009,13,868,NA
9/10/2009,16,881,NA
9/10/2009,19,898,NA
9/10/2009,22,898.5,NA
9/11/2009,1,888,NA
9/11/2009,4,873,NA
9/11/2009,7,860,NA
9/11/2009,10,852,NA
9/11/2009,13,854,NA
9/11/2009,16,865.5,NA
9/11/2009,19,882,NA
9/11/2009,22,883.5,NA
9/12/2009,1,891,NA
9/12/2009,4,881,NA
9/12/2009,7,864,NA
9/12/2009,10,847.5,NA
9/12/2009,13,848,NA
9/12/2009,16,860,NA
9/12/2009,19,868,NA
9/12/2009,22,867,NA
9/13/2009,1,854,NA
9/13/2009,4,844.5,NA
9/13/2009,7,839,NA
9/13/2009,10,849,NA
9/13/2009,13,853,NA
9/13/2009,16,843,NA
9/13/2009,19,829,NA
9/13/2009,22,824,NA
9/14/2009,1,821,NA
9/14/2009,4,828.5,NA
9/14/2009,7,841,NA
9/14/2009,10,837.5,NA
9/14/2009,13,831,NA
9/14/2009,16,828.5,NA
9/14/2009,19,828,NA
9/14/2009,22,833.5,NA
9/15/2009,1,839,NA
9/15/2009,4,847.5,NA
9/15/2009,7,859,NA
9/15/2009,10,863,NA
9/15/2009,13,870,NA
9/15/2009,16,884,NA
9/15/2009,19,898,NA
9/15/2009,22,889.5,NA
9/16/2009,1,876,NA
9/16/2009,4,867.5,NA
9/16/2009,7,858,NA
9/16/2009,10,854.5,NA
9/16/2009,13,856,NA
9/16/2009,16,858.5,NA
9/16/2009,19,859,NA
9/16/2009,22,852,NA
9/17/2009,1,846,NA
9/17/2009,4,844.5,NA
9/17/2009,7,843,NA
9/17/2009,10,837.5,NA
9/17/2009,13,832,NA
9/17/2009,16,818.5,NA
9/17/2009,19,815,NA
9/17/2009,22,822,NA
9/18/2009,1,836,NA
9/18/2009,4,846.5,NA
9/18/2009,7,851,NA
9/18/2009,10,877,NA
9/18/2009,13,898,NA
9/18/2009,16,914.5,NA
9/18/2009,19,927,NA
9/18/2009,22,927.5,NA
9/19/2009,1,924,NA
9/19/2009,4,918.5,NA
9/19/2009,7,913,NA
9/19/2009,10,911.5,NA
9/19/2009,13,910,NA
9/19/2009,16,914,NA
9/19/2009,19,918,NA
9/19/2009,22,907.5,NA
9/20/2009,1,902,NA
9/20/2009,4,899.5,NA
9/20/2009,7,896,NA
9/20/2009,10,894.5,NA
9/20/2009,13,899,NA
9/20/2009,16,906,NA
9/20/2009,19,903,NA
9/20/2009,22,895,NA
9/21/2009,1,886,NA
9/21/2009,3,882,NA
9/21/2009,7,889,NA
9/21/2009,10,870,NA
9/21/2009,13,857,NA
9/21/2009,15,875.5,NA
9/21/2009,19,902,NA
9/21/2009,22,970,NA
9/22/2009,1,1014,NA
9/22/2009,4,1030.666667,NA
9/22/2009,7,1036.333333,NA
9/22/2009,10,1034.666667,NA
9/22/2009,13,1030.666667,NA
9/22/2009,16,1019,NA
9/22/2009,19,1009,NA
9/22/2009,22,986.5,NA
9/23/2009,1,965,NA
9/23/2009,4,950,NA
9/23/2009,7,933,NA
9/23/2009,10,914.5,NA
9/23/2009,13,904,NA
9/23/2009,16,896,NA
9/23/2009,19,893,NA
9/23/2009,22,882.5,NA
9/24/2009,1,873,NA
9/24/2009,4,879.5,NA
9/24/2009,7,879,NA
9/24/2009,10,887,NA
9/24/2009,13,886,NA
9/24/2009,16,877.5,NA
9/24/2009,19,870,NA
9/24/2009,22,862.5,NA
9/25/2009,1,853,NA
9/25/2009,4,846,NA
9/25/2009,7,838,NA
9/25/2009,10,839.5,NA
9/25/2009,13,847,NA
9/25/2009,16,851,NA
9/25/2009,19,857,NA
9/25/2009,22,848.5,NA
9/26/2009,1,841,NA
9/26/2009,4,831,NA
9/26/2009,7,820,NA
9/26/2009,10,804,NA
9/26/2009,13,800,NA
9/26/2009,16,804.5,NA
9/26/2009,19,808,NA
9/26/2009,22,813,NA
9/27/2009,1,817,NA
9/27/2009,4,814,NA
9/27/2009,7,807,NA
9/27/2009,10,803.5,NA
9/27/2009,13,802,NA
9/27/2009,16,806,NA
9/27/2009,19,814,NA
9/27/2009,22,810.5,NA
9/28/2009,1,807,NA
9/28/2009,4,813,NA
9/28/2009,7,817,NA
9/28/2009,10,815,NA
9/28/2009,13,802,NA
9/28/2009,16,798.5,NA
9/28/2009,19,799,NA
9/28/2009,22,811,NA
9/29/2009,1,824,NA
9/29/2009,4,824.5,NA
9/29/2009,7,819,NA
9/29/2009,10,825,NA
9/29/2009,13,829,NA
9/29/2009,16,857.5,NA
9/29/2009,19,886.3333333,NA
9/29/2009,22,909.25,NA
9/30/2009,1,905,NA
9/30/2009,4,894.3333333,NA
9/30/2009,7,876.3333333,NA
9/30/2009,10,865,NA
9/30/2009,13,861,NA
9/30/2009,16,853,NA
9/30/2009,19,846,NA
9/30/2009,22,833.5,NA
10/1/2009,1,822,NA
10/1/2009,4,813,NA
10/1/2009,7,802,NA
10/1/2009,10,781.5,NA
10/1/2009,13,772,NA
10/1/2009,16,767,NA
10/1/2009,19,769,NA
10/1/2009,22,772,NA
10/2/2009,1,774,NA
10/2/2009,4,773,NA
10/2/2009,7,770,NA
10/2/2009,10,766,NA
10/2/2009,13,764,NA
10/2/2009,16,763.5,NA
10/2/2009,19,761,NA
10/2/2009,22,761,NA
10/3/2009,1,765,NA
10/3/2009,4,770.5,NA
10/3/2009,7,773,NA
10/3/2009,10,772.5,NA
10/3/2009,13,769,NA
10/3/2009,16,762.5,NA
10/3/2009,19,763,NA
10/3/2009,22,772,NA
10/4/2009,1,779,NA
10/4/2009,4,780,NA
10/4/2009,7,773,NA
10/4/2009,10,767.5,NA
10/4/2009,13,761,NA
10/4/2009,16,759.5,NA
10/4/2009,19,762,NA
10/4/2009,22,764.5,NA
10/5/2009,1,767,NA
10/5/2009,4,769,NA
10/5/2009,7,773,NA
10/5/2009,10,763,NA
10/5/2009,13,751,NA
10/5/2009,16,736,NA
10/5/2009,19,719,NA
10/5/2009,22,739,NA
10/6/2009,1,763,NA
10/6/2009,4,768.5,NA
10/6/2009,7,756,NA
10/6/2009,10,751,NA
10/6/2009,13,745,NA
10/6/2009,16,743,NA
10/6/2009,19,756,NA
10/6/2009,22,770,NA
10/7/2009,1,790,NA
10/7/2009,4,781.5,NA
10/7/2009,7,773,NA
10/7/2009,10,761.5,NA
10/7/2009,13,749,NA
10/7/2009,16,745,NA
10/7/2009,19,750,NA
10/7/2009,22,757,NA
10/8/2009,1,763,NA
10/8/2009,4,763,NA
10/8/2009,7,759,NA
10/8/2009,10,745,NA
10/8/2009,13,732,NA
10/8/2009,16,730.5,NA
10/8/2009,19,746,NA
10/8/2009,22,751.5,NA
10/9/2009,1,757,NA
10/9/2009,4,762.5,NA
10/9/2009,7,771,NA
10/9/2009,10,747,NA
10/9/2009,13,730,NA
10/9/2009,16,735,NA
10/9/2009,19,735,NA
10/9/2009,22,740,NA
10/10/2009,1,761,NA
10/10/2009,4,765.5,NA
10/10/2009,7,750,NA
10/10/2009,10,729.5,NA
10/10/2009,13,712,NA
10/10/2009,16,713,NA
10/10/2009,19,724,NA
10/10/2009,22,738.5,NA
10/11/2009,1,751,NA
10/11/2009,4,751.5,NA
10/11/2009,7,735,NA
10/11/2009,10,723,NA
10/11/2009,13,711,NA
10/11/2009,16,711.5,NA
10/11/2009,19,717,NA
10/11/2009,22,725,NA
10/12/2009,1,733,NA
10/12/2009,4,732,NA
10/12/2009,7,724,NA
10/12/2009,10,712.5,NA
10/12/2009,13,706,NA
10/12/2009,16,710.5,NA
10/12/2009,19,716,NA
10/12/2009,22,751,NA
10/13/2009,1,804,NA
10/13/2009,4,814.3333333,NA
10/13/2009,7,822.6666667,NA
10/13/2009,10,802,NA
10/13/2009,13,780.6666667,NA
10/13/2009,16,778.3333333,NA
10/13/2009,19,797.6666667,NA
10/13/2009,22,800,NA
10/14/2009,1,789,NA
10/14/2009,4,787,NA
10/14/2009,7,786,NA
10/14/2009,10,778.5,NA
10/14/2009,13,756,NA
10/14/2009,16,749,NA
10/14/2009,19,744,NA
10/14/2009,22,738.5,NA
10/15/2009,1,743,NA
10/15/2009,4,749.5,NA
10/15/2009,7,754,NA
10/15/2009,10,747.5,NA
10/15/2009,13,735,NA
10/15/2009,16,730,NA
10/15/2009,19,727,NA
10/15/2009,22,732.5,NA
10/16/2009,1,738,NA
10/16/2009,4,743,NA
10/16/2009,7,741,NA
10/16/2009,10,732,NA
10/16/2009,13,727,NA
10/16/2009,16,718,NA
10/16/2009,19,715,NA
10/16/2009,22,714,NA
10/17/2009,1,724,NA
10/17/2009,4,746.5,NA
10/17/2009,7,744,NA
10/17/2009,10,734.5,NA
10/17/2009,13,723,NA
10/17/2009,16,714,NA
10/17/2009,19,718,NA
10/17/2009,22,726.5,NA
10/18/2009,1,741,NA
10/18/2009,4,754,NA
10/18/2009,7,753,NA
10/18/2009,10,742.5,NA
10/18/2009,13,728,NA
10/18/2009,16,741.5,NA
10/18/2009,19,766,NA
10/18/2009,22,785.5,NA
10/19/2009,1,796,NA
10/19/2009,4,781.5,NA
10/19/2009,7,756,NA
10/19/2009,10,740.5,NA
10/19/2009,13,726,NA
10/19/2009,16,725,NA
10/19/2009,19,737,NA
10/19/2009,22,748.5,NA
10/20/2009,1,760,NA
10/20/2009,4,778.5,NA
10/20/2009,7,792,NA
10/20/2009,10,781.5,NA
10/20/2009,13,770,NA
10/20/2009,16,778.5,NA
10/20/2009,19,794,NA
10/20/2009,22,811,NA
10/21/2009,1,825,NA
10/21/2009,4,837.5,NA
10/21/2009,7,849,NA
10/21/2009,10,851,NA
10/21/2009,13,847,NA
10/21/2009,16,825,NA
10/21/2009,19,808,NA
10/21/2009,22,796.5,NA
10/22/2009,1,786,NA
10/22/2009,4,774.5,NA
10/22/2009,7,764,NA
10/22/2009,10,753,NA
10/22/2009,13,743,NA
10/22/2009,16,726.5,NA
10/22/2009,19,719,NA
10/22/2009,22,736.5,NA
10/23/2009,1,763,NA
10/23/2009,4,778.5,NA
10/23/2009,7,777,NA
10/23/2009,10,768,NA
10/23/2009,13,757,NA
10/23/2009,16,747,NA
10/23/2009,19,734,NA
10/23/2009,22,727,NA
10/24/2009,1,721,NA
10/24/2009,4,730,NA
10/24/2009,7,740,NA
10/24/2009,10,721,NA
10/24/2009,13,714,NA
10/24/2009,16,710,NA
10/24/2009,19,712,NA
10/24/2009,22,716,NA
10/25/2009,1,723,NA
10/25/2009,4,723.5,NA
10/25/2009,7,720,NA
10/25/2009,10,712,NA
10/25/2009,13,705,NA
10/25/2009,16,709,NA
10/25/2009,19,713,NA
10/25/2009,22,716.5,NA
10/26/2009,1,720,NA
10/26/2009,4,721,NA
10/26/2009,7,715,NA
10/26/2009,10,710.5,NA
10/26/2009,13,707,NA
10/26/2009,16,695.5,NA
10/26/2009,19,682,NA
10/26/2009,22,681.5,NA
10/27/2009,1,685,NA
10/27/2009,4,687.5,NA
10/27/2009,7,680,NA
10/27/2009,10,683,NA
10/27/2009,13,683,NA
10/27/2009,16,681.5,NA
10/27/2009,19,685,NA
10/27/2009,22,690,NA
10/28/2009,1,697,NA
10/28/2009,4,702.5,NA
10/28/2009,7,708,NA
10/28/2009,10,708.5,NA
10/28/2009,13,703,NA
10/28/2009,16,699.5,NA
10/28/2009,19,702,NA
10/28/2009,22,717,NA
10/29/2009,1,746,NA
10/29/2009,4,747.5,NA
10/29/2009,7,733,NA
10/29/2009,10,716.5,NA
10/29/2009,13,712,NA
10/29/2009,16,713.5,NA
10/29/2009,19,728,NA
10/29/2009,22,729,NA
10/30/2009,1,719,NA
10/30/2009,4,720.5,NA
10/30/2009,7,724,NA
10/30/2009,10,712,NA
10/30/2009,13,692,NA
10/30/2009,16,681.5,NA
10/30/2009,19,673,NA
10/30/2009,22,679.5,NA
10/31/2009,1,687,NA
10/31/2009,4,689.5,NA
10/31/2009,7,692,NA
10/31/2009,10,684,NA
10/31/2009,13,674,NA
10/31/2009,16,673.5,NA
10/31/2009,19,680,NA
10/31/2009,22,685,NA
11/1/2009,1,690,NA
11/1/2009,4,696.5,NA
11/1/2009,7,703,NA
11/1/2009,10,697,NA
11/1/2009,13,689,NA
11/1/2009,16,679.5,NA
11/1/2009,19,672,NA
11/1/2009,22,669.5,NA
11/2/2009,1,676,NA
11/2/2009,4,682.5,NA
11/2/2009,7,688,NA
11/2/2009,10,688.5,NA
11/2/2009,13,684,NA
11/2/2009,16,678,NA
11/2/2009,19,669,NA
11/2/2009,22,669.5,NA
11/3/2009,1,683,NA
11/3/2009,4,702,NA
11/3/2009,7,716,NA
11/3/2009,10,703,NA
11/3/2009,13,680,NA
11/3/2009,16,677,NA
11/3/2009,19,684,NA
11/3/2009,22,699.5,NA
11/4/2009,1,725,NA
11/4/2009,4,747,NA
11/4/2009,7,750,NA
11/4/2009,10,740,NA
11/4/2009,13,725,NA
11/4/2009,16,717.5,NA
11/4/2009,19,723,NA
11/4/2009,22,727,NA
11/5/2009,1,731,NA
11/5/2009,4,724.5,NA
11/5/2009,7,719,NA
11/5/2009,10,704.5,NA
11/5/2009,13,692,NA
11/5/2009,16,706.5,NA
11/5/2009,19,734,NA
11/5/2009,22,759,NA
11/6/2009,1,772,NA
11/6/2009,4,753.5,NA
11/6/2009,7,726,NA
11/6/2009,10,715,NA
11/6/2009,13,697,NA
11/6/2009,16,677.5,NA
11/6/2009,19,668,NA
11/6/2009,22,683.5,NA
11/7/2009,1,702,NA
11/7/2009,4,693,NA
11/7/2009,7,680,NA
11/7/2009,10,672.5,NA
11/7/2009,13,668,NA
11/7/2009,16,667,NA
11/7/2009,19,666,NA
11/7/2009,22,673,NA
11/8/2009,1,683,NA
11/8/2009,4,680,NA
11/8/2009,7,678,NA
11/8/2009,10,674,NA
11/8/2009,13,669,NA
11/8/2009,16,667,NA
11/8/2009,19,671,NA
11/8/2009,22,679,675
11/9/2009,1,685,NA
11/9/2009,4,688,NA
11/9/2009,7,682,NA
11/9/2009,10,675,NA
11/9/2009,13,668,NA
11/9/2009,16,671,NA
11/9/2009,19,675,NA
11/9/2009,22,681,678
11/10/2009,1,688,NA
11/10/2009,4,706.5,NA
11/10/2009,7,703,NA
11/10/2009,10,687,NA
11/10/2009,13,674,NA
11/10/2009,16,662.5,NA
11/10/2009,19,652,NA
11/10/2009,22,675.5,NA
11/11/2009,1,702,NA
11/11/2009,4,726,NA
11/11/2009,7,730,NA
11/11/2009,10,710,NA
11/11/2009,13,692,NA
11/11/2009,16,691.5,NA
11/11/2009,19,722,NA
11/11/2009,22,747.5,NA
11/12/2009,1,764,NA
11/12/2009,4,772,NA
11/12/2009,7,759,NA
11/12/2009,10,728,NA
11/12/2009,13,700,NA
11/12/2009,16,699.5,NA
11/12/2009,19,726,NA
11/12/2009,22,748,NA
11/13/2009,1,760,NA
11/13/2009,4,764,NA
11/13/2009,7,761,NA
11/13/2009,10,735,NA
11/13/2009,13,706,NA
11/13/2009,16,693.5,NA
11/13/2009,19,708,NA
11/13/2009,22,721.5,NA
11/14/2009,1,731,NA
11/14/2009,4,737.5,NA
11/14/2009,7,737,NA
11/14/2009,10,718,NA
11/14/2009,13,704,NA
11/14/2009,16,700.5,NA
11/14/2009,19,712,NA
11/14/2009,22,724,NA
11/15/2009,1,733,NA
11/15/2009,4,734,NA
11/15/2009,7,724,NA
11/15/2009,10,714,NA
11/15/2009,13,707,NA
11/15/2009,16,694,NA
11/15/2009,19,681,NA
11/15/2009,22,682,NA
11/16/2009,1,690,NA
11/16/2009,4,691,NA
11/16/2009,7,675,NA
11/16/2009,10,669.5,NA
11/16/2009,13,665,NA
11/16/2009,16,660,NA
11/16/2009,19,664,NA
11/16/2009,22,673.5,NA
11/17/2009,1,681,NA
11/17/2009,4,682,NA
11/17/2009,7,675,NA
11/17/2009,10,662.5,NA
11/17/2009,13,645,NA
11/17/2009,16,674.5,NA
11/17/2009,19,735,NA
11/17/2009,22,766,NA
11/18/2009,1,767,NA
11/18/2009,4,756,NA
11/18/2009,7,737,NA
11/18/2009,10,715.3333333,NA
11/18/2009,13,710,NA
11/18/2009,16,736.6666667,NA
11/18/2009,19,761,NA
11/18/2009,22,764,NA
11/19/2009,1,752,NA
11/19/2009,4,740.5,NA
11/19/2009,7,725,NA
11/19/2009,10,698.5,NA
11/19/2009,13,686,NA
11/19/2009,16,712,NA
11/19/2009,19,742,NA
11/19/2009,22,751.5,NA
11/20/2009,1,757,NA
11/20/2009,4,743.5,NA
11/20/2009,7,725,NA
11/20/2009,10,697,NA
11/20/2009,13,698,NA
11/20/2009,16,729.5,NA
11/20/2009,19,763,NA
11/20/2009,22,782,NA
11/21/2009,1,780,NA
11/21/2009,4,759.5,NA
11/21/2009,7,735,NA
11/21/2009,10,713.5,NA
11/21/2009,13,715,NA
11/21/2009,16,732,NA
11/21/2009,19,754,NA
11/21/2009,22,762.5,NA
11/22/2009,1,757,NA
11/22/2009,4,736.5,NA
11/22/2009,7,714,NA
11/22/2009,10,692,NA
11/22/2009,13,677,NA
11/22/2009,16,678,NA
11/22/2009,19,710,NA
11/22/2009,22,737,NA
11/23/2009,1,737,NA
11/23/2009,4,708.5,NA
11/23/2009,7,678,NA
11/23/2009,10,661.5,NA
11/23/2009,13,648,NA
11/23/2009,16,674,NA
11/23/2009,19,703,NA
11/23/2009,22,727.5,NA
11/24/2009,1,746,NA
11/24/2009,4,731,NA
11/24/2009,7,711,NA
11/24/2009,10,687.5,NA
11/24/2009,13,697,NA
11/24/2009,16,728.5,NA
11/24/2009,19,756,NA
11/24/2009,22,763.5,NA
11/25/2009,1,763,NA
11/25/2009,4,745.5,NA
11/25/2009,7,727,NA
11/25/2009,10,706.5,NA
11/25/2009,13,696,NA
11/25/2009,16,723.5,NA
11/25/2009,19,756,NA
11/25/2009,22,772,NA
11/26/2009,1,770,NA
11/26/2009,4,751.5,NA
11/26/2009,7,737,NA
11/26/2009,10,718.5,NA
11/26/2009,13,720,NA
11/26/2009,16,737.5,NA
11/26/2009,19,754,NA
11/26/2009,22,765.5,NA
11/27/2009,1,774,NA
11/27/2009,4,756.5,NA
11/27/2009,7,738,NA
11/27/2009,10,718.5,NA
11/27/2009,13,707,NA
11/27/2009,16,728,NA
11/27/2009,19,750,NA
11/27/2009,22,762,NA
11/28/2009,1,757,NA
11/28/2009,4,743.5,NA
11/28/2009,7,725,NA
11/28/2009,10,709,NA
11/28/2009,13,698,NA
11/28/2009,16,707,NA
11/28/2009,19,721,NA
11/28/2009,22,734.5,NA
11/29/2009,1,748,NA
11/29/2009,4,738.5,NA
11/29/2009,7,720,NA
11/29/2009,10,705.5,NA
11/29/2009,13,684,NA
11/29/2009,16,678.5,NA
11/29/2009,19,673,NA
11/29/2009,22,681.5,NA
11/30/2009,1,690,NA
11/30/2009,4,691,NA
11/30/2009,7,679,NA
11/30/2009,10,665,NA
11/30/2009,13,653,NA
11/30/2009,16,671.5,NA
11/30/2009,19,696,NA
11/30/2009,22,718,NA
12/1/2009,1,730,NA
12/1/2009,4,722,NA
12/1/2009,7,712,NA
12/1/2009,10,700,NA
12/1/2009,13,700,NA
12/1/2009,16,719,NA
12/1/2009,19,735,NA
12/1/2009,22,752.5,NA
12/2/2009,1,763,NA
12/2/2009,4,740,NA
12/2/2009,7,714,NA
12/2/2009,10,693,NA
12/2/2009,13,672,NA
12/2/2009,16,698.5,NA
12/2/2009,19,757.6666667,NA
12/2/2009,22,782,NA
12/3/2009,1,778,NA
12/3/2009,4,764.6666667,NA
12/3/2009,7,751.3333333,NA
12/3/2009,10,742.3333333,NA
12/3/2009,13,757,NA
12/3/2009,16,784,NA
12/3/2009,19,793,NA
12/3/2009,22,789,NA
12/4/2009,1,780,NA
12/4/2009,4,765.5,NA
12/4/2009,7,751,NA
12/4/2009,10,729,NA
12/4/2009,13,734,NA
12/4/2009,16,762,NA
12/4/2009,19,780,NA
12/4/2009,22,776,NA
12/5/2009,1,768,NA
12/5/2009,4,756,NA
12/5/2009,7,745,NA
12/5/2009,10,731,NA
12/5/2009,13,738,NA
12/5/2009,16,769,NA
12/5/2009,19,792,NA
12/5/2009,22,799.5,NA
12/6/2009,1,794,NA
12/6/2009,4,773,NA
12/6/2009,7,747,NA
12/6/2009,10,742.5,NA
12/6/2009,13,753,NA
12/6/2009,16,771,NA
12/6/2009,19,793,NA
12/6/2009,22,780.5,NA
12/7/2009,1,762,NA
12/7/2009,4,749.5,NA
12/7/2009,7,725,NA
12/7/2009,10,702,NA
12/7/2009,13,678,NA
12/7/2009,16,699,NA
12/7/2009,19,727,NA
12/7/2009,22,748,NA
12/8/2009,1,761,NA
12/8/2009,4,748,NA
12/8/2009,7,735,NA
12/8/2009,10,713.5,NA
12/8/2009,13,696,NA
12/8/2009,16,718,NA
12/8/2009,19,744,NA
12/8/2009,22,760,NA
12/9/2009,1,757,NA
12/9/2009,4,740.5,NA
12/9/2009,7,725,NA
12/9/2009,10,697.5,NA
12/9/2009,13,671,NA
12/9/2009,16,672,NA
12/9/2009,19,691,NA
12/9/2009,22,705,NA
12/10/2009,1,698,NA
12/10/2009,4,677.5,NA
12/10/2009,7,656,NA
12/10/2009,10,638,NA
12/10/2009,13,629,NA
12/10/2009,16,639.5,NA
12/10/2009,19,652,NA
12/10/2009,22,656,NA
12/11/2009,1,653,NA
12/11/2009,4,643,NA
12/11/2009,7,631,NA
12/11/2009,10,617,NA
12/11/2009,13,601,NA
12/11/2009,16,614,NA
12/11/2009,19,622,NA
12/11/2009,22,621.5,NA
12/12/2009,1,616,NA
12/12/2009,4,610.5,NA
12/12/2009,7,604,NA
12/12/2009,10,597,NA
12/12/2009,13,591,NA
12/12/2009,16,587.5,NA
12/12/2009,19,590,NA
12/12/2009,22,597,NA
12/13/2009,1,603,NA
12/13/2009,4,603,NA
12/13/2009,7,592,NA
12/13/2009,10,584.5,NA
12/13/2009,13,581,NA
12/13/2009,16,580.5,NA
12/13/2009,19,586,NA
12/13/2009,22,590,NA
12/14/2009,1,593,NA
12/14/2009,4,586.5,NA
12/14/2009,7,577,NA
12/14/2009,10,567.5,NA
12/14/2009,13,561,NA
12/14/2009,16,556,NA
12/14/2009,19,558,NA
12/14/2009,22,564,NA
12/15/2009,1,569,NA
12/15/2009,4,563,NA
12/15/2009,7,558,NA
12/15/2009,10,554,NA
12/15/2009,13,550,NA
12/15/2009,16,545.5,NA
12/15/2009,19,542,NA
12/15/2009,22,547,NA
12/16/2009,1,554,NA
12/16/2009,4,559,NA
12/16/2009,7,563,NA
12/16/2009,10,562,NA
12/16/2009,13,560,NA
12/16/2009,16,558,NA
12/16/2009,19,555,NA
12/16/2009,22,569.5,NA
12/17/2009,1,592,NA
12/17/2009,4,610,NA
12/17/2009,7,600,NA
12/17/2009,10,593,NA
12/17/2009,13,584,NA
12/17/2009,16,577.5,NA
12/17/2009,19,572,NA
12/17/2009,22,570,NA
12/18/2009,1,573,NA
12/18/2009,4,577,NA
12/18/2009,7,579,NA
12/18/2009,10,581,NA
12/18/2009,13,579,NA
12/18/2009,16,576,NA
12/18/2009,19,573,NA
12/18/2009,22,570,576
12/19/2009,1,572,NA
12/19/2009,4,576,NA
12/19/2009,7,574,NA
12/19/2009,10,571,NA
12/19/2009,13,568,NA
12/19/2009,16,565,NA
12/19/2009,19,563,NA
12/19/2009,22,561,569
12/20/2009,1,567,NA
12/20/2009,4,570,NA
12/20/2009,7,568,NA
12/20/2009,10,564,NA
12/20/2009,13,561,NA
12/20/2009,16,559,NA
12/20/2009,19,555,NA
12/20/2009,22,552,562
12/21/2009,1,559,NA
12/21/2009,4,578,NA
12/21/2009,7,597,NA
12/21/2009,10,585.5,NA
12/21/2009,13,573,NA
12/21/2009,16,559.5,NA
12/21/2009,19,552,NA
12/21/2009,22,551.5,NA
12/22/2009,1,559,NA
12/22/2009,4,580,NA
12/22/2009,7,590,NA
12/22/2009,10,577,NA
12/22/2009,13,564,NA
12/22/2009,16,557.5,NA
12/22/2009,19,552,NA
12/22/2009,22,552,NA
12/23/2009,1,565,NA
12/23/2009,4,585,NA
12/23/2009,7,597,NA
12/23/2009,10,589,NA
12/23/2009,13,582,NA
12/23/2009,16,573.5,NA
12/23/2009,19,564,NA
12/23/2009,22,558.5,NA
12/24/2009,1,566,NA
12/24/2009,4,591,NA
12/24/2009,7,601,NA
12/24/2009,10,588.5,NA
12/24/2009,13,580,NA
12/24/2009,16,572.5,NA
12/24/2009,19,565,NA
12/24/2009,22,556.5,NA
12/25/2009,1,561,NA
12/25/2009,4,582,NA
12/25/2009,7,587,NA
12/25/2009,10,580,NA
12/25/2009,13,574,NA
12/25/2009,16,567.5,NA
12/25/2009,19,560,NA
12/25/2009,22,565.5,NA
12/26/2009,1,574,NA
12/26/2009,4,581,NA
12/26/2009,7,583,NA
12/26/2009,10,576,NA
12/26/2009,13,569,NA
12/26/2009,16,563,NA
12/26/2009,19,554,NA
12/26/2009,22,549,NA
12/27/2009,1,546,NA
12/27/2009,4,544,NA
12/27/2009,7,542,NA
12/27/2009,10,542,NA
12/27/2009,13,542,NA
12/27/2009,16,544,NA
12/27/2009,19,548,NA
12/27/2009,22,550,545
12/28/2009,1,551,NA
12/28/2009,4,548,NA
12/28/2009,7,546,NA
12/28/2009,10,545,NA
12/28/2009,13,545,NA
12/28/2009,16,548,NA
12/28/2009,19,552,NA
12/28/2009,22,555,549
12/29/2009,1,564,NA
12/29/2009,4,580,NA
12/29/2009,7,585,NA
12/29/2009,10,574,NA
12/29/2009,13,562,NA
12/29/2009,16,557,NA
12/29/2009,19,554,NA
12/29/2009,22,559,567
12/30/2009,1,567,NA
12/30/2009,4,579,NA
12/30/2009,7,582,NA
12/30/2009,10,577,NA
12/30/2009,13,573,NA
12/30/2009,16,570,NA
12/30/2009,19,566,NA
12/30/2009,22,563,572
12/31/2009,1,571,NA
12/31/2009,4,582,NA
12/31/2009,7,584,NA
12/31/2009,10,579,NA
12/31/2009,13,573,NA
12/31/2009,16,569,NA
12/31/2009,19,566,NA
12/31/2009,22,564,574
1/1/2010,1,568,NA
1/1/2010,4,594,NA
1/1/2010,7,605,NA
1/1/2010,10,593,NA
1/1/2010,13,580,NA
1/1/2010,16,573.5,NA
1/1/2010,19,570,NA
1/1/2010,22,565.5,NA
1/2/2010,1,560,NA
1/2/2010,4,554,NA
1/2/2010,7,551,NA
1/2/2010,10,549,NA
1/2/2010,13,546,NA
1/2/2010,16,543,NA
1/2/2010,19,545,NA
1/2/2010,22,548,550
1/3/2010,1,553,NA
1/3/2010,4,556,NA
1/3/2010,7,554,NA
1/3/2010,10,551,NA
1/3/2010,13,548,NA
1/3/2010,16,544,NA
1/3/2010,19,546,NA
1/3/2010,22,550,550
1/4/2010,1,553,NA
1/4/2010,4,555,NA
1/4/2010,7,552,NA
1/4/2010,10,550,NA
1/4/2010,13,546,NA
1/4/2010,16,543,NA
1/4/2010,19,547,NA
1/4/2010,22,551,550
1/5/2010,1,554,NA
1/5/2010,4,556,NA
1/5/2010,7,553,NA
1/5/2010,10,549,NA
1/5/2010,13,547,NA
1/5/2010,16,545,NA
1/5/2010,19,544,NA
1/5/2010,22,546,549
1/6/2010,1,550,NA
1/6/2010,4,553,NA
1/6/2010,7,551,NA
1/6/2010,10,549,NA
1/6/2010,13,548,NA
1/6/2010,16,548,NA
1/6/2010,19,546,NA
1/6/2010,22,545,549
1/7/2010,1,547,NA
1/7/2010,4,550,NA
1/7/2010,7,552,NA
1/7/2010,10,549,NA
1/7/2010,13,547,NA
1/7/2010,16,545,NA
1/7/2010,19,544,NA
1/7/2010,22,546,548
1/8/2010,1,549,NA
1/8/2010,4,553,NA
1/8/2010,7,551,NA
1/8/2010,10,548,NA
1/8/2010,13,546,NA
1/8/2010,16,543,NA
1/8/2010,19,542,NA
1/8/2010,22,545,547
1/9/2010,1,547,NA
1/9/2010,4,550,NA
1/9/2010,7,548,NA
1/9/2010,10,546,NA
1/9/2010,13,544,NA
1/9/2010,16,543,NA
1/9/2010,19,542,NA
1/9/2010,22,544,546
1/10/2010,1,546,NA
1/10/2010,4,549,NA
1/10/2010,7,547,NA
1/10/2010,10,546,NA
1/10/2010,13,546,NA
1/10/2010,16,545,NA
1/10/2010,19,543,NA
1/10/2010,22,546,546
1/11/2010,1,548,NA
1/11/2010,4,551,NA
1/11/2010,7,547,NA
1/11/2010,10,545,NA
1/11/2010,13,545,NA
1/11/2010,16,544,NA
1/11/2010,19,544,NA
1/11/2010,22,545,546
1/12/2010,1,549,NA
1/12/2010,4,552,NA
1/12/2010,7,551,NA
1/12/2010,10,549,NA
1/12/2010,13,548,NA
1/12/2010,16,546,NA
1/12/2010,19,545,NA
1/12/2010,22,547,548
1/13/2010,1,550,NA
1/13/2010,4,554,NA
1/13/2010,7,551,NA
1/13/2010,10,548,NA
1/13/2010,13,546,NA
1/13/2010,16,544,NA
1/13/2010,19,544,NA
1/13/2010,22,546,548
1/14/2010,1,549,NA
1/14/2010,4,553,NA
1/14/2010,7,550,NA
1/14/2010,10,549,NA
1/14/2010,13,547,NA
1/14/2010,16,545,NA
1/14/2010,19,544,NA
1/14/2010,22,547,548
1/15/2010,1,551,NA
1/15/2010,4,554,NA
1/15/2010,7,552,NA
1/15/2010,10,549,NA
1/15/2010,13,547,NA
1/15/2010,16,544,NA
1/15/2010,19,543,NA
1/15/2010,22,546,548
1/16/2010,1,547,NA
1/16/2010,4,552,NA
1/16/2010,7,550,NA
1/16/2010,10,548,NA
1/16/2010,13,546,NA
1/16/2010,16,544,NA
1/16/2010,19,544,NA
1/16/2010,22,548,547
1/17/2010,1,552,NA
1/17/2010,4,556,NA
1/17/2010,7,554,NA
1/17/2010,10,551,NA
1/17/2010,13,549,NA
1/17/2010,16,547,NA
1/17/2010,19,545,NA
1/17/2010,22,550,551
1/18/2010,1,557,NA
1/18/2010,4,560,NA
1/18/2010,7,559,NA
1/18/2010,10,557,NA
1/18/2010,13,555,NA
1/18/2010,16,552,NA
1/18/2010,19,548,NA
1/18/2010,22,552,555
1/19/2010,1,556,NA
1/19/2010,4,559,NA
1/19/2010,7,554,NA
1/19/2010,10,551,NA
1/19/2010,13,549,NA
1/19/2010,16,548,NA
1/19/2010,19,546,NA
1/19/2010,22,549,552
1/20/2010,1,551,NA
1/20/2010,4,554,NA
1/20/2010,7,550,NA
1/20/2010,10,547,NA
1/20/2010,13,546,NA
1/20/2010,16,544,NA
1/20/2010,19,543,NA
1/20/2010,22,545,548
1/21/2010,1,549,NA
1/21/2010,4,556,NA
1/21/2010,7,553,NA
1/21/2010,10,548,NA
1/21/2010,13,546,NA
1/21/2010,16,545,NA
1/21/2010,19,547,NA
1/21/2010,22,550,549
1/22/2010,1,554,NA
1/22/2010,4,559,NA
1/22/2010,7,560,NA
1/22/2010,10,558,NA
1/22/2010,13,555,NA
1/22/2010,16,552,NA
1/22/2010,19,549,NA
1/22/2010,22,551,555
1/23/2010,1,555,NA
1/23/2010,4,580,NA
1/23/2010,7,635,NA
1/23/2010,10,655,NA
1/23/2010,13,644,NA
1/23/2010,16,647.3333333,NA
1/23/2010,19,652.3333333,NA
1/23/2010,22,661.75,NA
1/24/2010,1,695,NA
1/24/2010,4,743.6666667,NA
1/24/2010,7,780,NA
1/24/2010,10,768.6666667,NA
1/24/2010,13,754,NA
1/24/2010,16,739.3333333,NA
1/24/2010,19,743.3333333,NA
1/24/2010,22,753,NA
1/25/2010,1,756,NA
1/25/2010,4,757,NA
1/25/2010,7,761.3333333,NA
1/25/2010,10,766,NA
1/25/2010,13,770,NA
1/25/2010,16,772,NA
1/25/2010,19,775,NA
1/25/2010,22,774,NA
1/26/2010,1,770,NA
1/26/2010,4,768.5,NA
1/26/2010,7,765,NA
1/26/2010,10,764.5,NA
1/26/2010,13,769,NA
1/26/2010,16,780,NA
1/26/2010,19,792,NA
1/26/2010,22,797,NA
1/27/2010,1,802,NA
1/27/2010,4,807.5,NA
1/27/2010,7,813,NA
1/27/2010,10,798.5,NA
1/27/2010,13,790,NA
1/27/2010,16,783,NA
1/27/2010,19,797,NA
1/27/2010,22,797,NA
1/28/2010,1,787,NA
1/28/2010,4,780,NA
1/28/2010,7,767,NA
1/28/2010,10,758.5,NA
1/28/2010,13,767,NA
1/28/2010,16,791.5,NA
1/28/2010,19,813,NA
1/28/2010,22,823.5,NA
1/29/2010,1,829,NA
1/29/2010,4,820,NA
1/29/2010,7,805,NA
1/29/2010,10,792.5,NA
1/29/2010,13,787,NA
1/29/2010,16,802,NA
1/29/2010,19,827,NA
1/29/2010,22,841,NA
1/30/2010,1,846,NA
1/30/2010,4,834.5,NA
1/30/2010,7,817,NA
1/30/2010,10,796.5,NA
1/30/2010,13,781,NA
1/30/2010,16,804.5,NA
1/30/2010,19,823,NA
1/30/2010,22,828.5,NA
1/31/2010,1,834,NA
1/31/2010,4,830.5,NA
1/31/2010,7,825,NA
1/31/2010,10,830,NA
1/31/2010,13,836,NA
1/31/2010,16,835,NA
1/31/2010,19,824,NA
1/31/2010,22,809,NA
2/1/2010,1,798,NA
2/1/2010,4,804.5,NA
2/1/2010,7,814,NA
2/1/2010,10,828,NA
2/1/2010,13,840,NA
2/1/2010,16,849.5,NA
2/1/2010,19,857,NA
2/1/2010,22,859,NA
2/2/2010,1,851,NA
2/2/2010,4,846.5,NA
2/2/2010,7,843,NA
2/2/2010,10,846.5,NA
2/2/2010,13,852,NA
2/2/2010,16,860,NA
2/2/2010,19,845,NA
2/2/2010,22,830,NA
2/3/2010,1,817,NA
2/3/2010,4,806,NA
2/3/2010,7,797,NA
2/3/2010,10,773.5,NA
2/3/2010,13,756,NA
2/3/2010,16,724.5,NA
2/3/2010,19,707,NA
2/3/2010,22,698,NA
2/4/2010,1,685,NA
2/4/2010,4,678,NA
2/4/2010,7,670,NA
2/4/2010,10,655,NA
2/4/2010,13,643,NA
2/4/2010,16,626,NA
2/4/2010,19,613,NA
2/4/2010,22,613.5,NA
2/5/2010,1,631,NA
2/5/2010,4,645,NA
2/5/2010,7,644,NA
2/5/2010,10,630,NA
2/5/2010,13,618,NA
2/5/2010,16,605.5,NA
2/5/2010,19,595,NA
2/5/2010,22,594,NA
2/6/2010,1,611,NA
2/6/2010,4,631.5,NA
2/6/2010,7,643,NA
2/6/2010,10,637.5,NA
2/6/2010,13,631,NA
2/6/2010,16,643.5,NA
2/6/2010,19,667,NA
2/6/2010,22,690,NA
2/7/2010,1,712,NA
2/7/2010,4,724.5,NA
2/7/2010,7,737,NA
2/7/2010,10,758.5,NA
2/7/2010,13,788,NA
2/7/2010,16,806.5,NA
2/7/2010,19,820,NA
2/7/2010,22,829,NA
2/8/2010,1,835,NA
2/8/2010,4,843,NA
2/8/2010,7,850,NA
2/8/2010,10,855,NA
2/8/2010,13,854,NA
2/8/2010,16,852,NA
2/8/2010,19,844,NA
2/8/2010,22,836,NA
2/9/2010,1,830,NA
2/9/2010,4,826.5,NA
2/9/2010,7,823,NA
2/9/2010,10,832,NA
2/9/2010,13,836,NA
2/9/2010,16,839.5,NA
2/9/2010,19,837,NA
2/9/2010,22,829.5,NA
2/10/2010,1,823,NA
2/10/2010,4,817.5,NA
2/10/2010,7,811,NA
2/10/2010,10,803.5,NA
2/10/2010,13,804,NA
2/10/2010,16,811.5,NA
2/10/2010,19,817,NA
2/10/2010,22,821.5,NA
2/11/2010,1,819,NA
2/11/2010,4,806.5,NA
2/11/2010,7,800,NA
2/11/2010,10,780.5,NA
2/11/2010,13,760,NA
2/11/2010,16,736,NA
2/11/2010,19,710,NA
2/11/2010,22,682,NA
2/12/2010,1,656,NA
2/12/2010,4,634.5,NA
2/12/2010,7,617,NA
2/12/2010,10,600,NA
2/12/2010,13,583,NA
2/12/2010,16,568,NA
2/12/2010,19,560,NA
2/12/2010,22,551.5,NA
2/13/2010,1,543,NA
2/13/2010,4,536,NA
2/13/2010,7,530,NA
2/13/2010,10,525,NA
2/13/2010,13,519,NA
2/13/2010,16,513,NA
2/13/2010,19,506,NA
2/13/2010,22,503,522
2/14/2010,1,507,NA
2/14/2010,4,504,NA
2/14/2010,7,502,NA
2/14/2010,10,506,NA
2/14/2010,13,508,NA
2/14/2010,16,511,NA
2/14/2010,19,514,NA
2/14/2010,22,510,508
2/15/2010,1,507,NA
2/15/2010,4,503,NA
2/15/2010,7,500,NA
2/15/2010,10,502,NA
2/15/2010,13,504,NA
2/15/2010,16,506,NA
2/15/2010,19,509,NA
2/15/2010,22,513,506
2/16/2010,1,515,NA
2/16/2010,4,512,NA
2/16/2010,7,510,NA
2/16/2010,10,507,NA
2/16/2010,13,505,NA
2/16/2010,16,502,NA
2/16/2010,19,500,NA
2/16/2010,22,500,506
2/17/2010,1,502,NA
2/17/2010,4,506,NA
2/17/2010,7,505,NA
2/17/2010,10,508,NA
2/17/2010,13,506,NA
2/17/2010,16,503,NA
2/17/2010,19,502,NA
2/17/2010,22,502,504
2/18/2010,1,505,NA
2/18/2010,4,507,NA
2/18/2010,7,506,NA
2/18/2010,10,504,NA
2/18/2010,13,504,NA
2/18/2010,16,502,NA
2/18/2010,19,500,NA
2/18/2010,22,501,504
2/19/2010,1,504,NA
2/19/2010,4,507,NA
2/19/2010,7,505,NA
2/19/2010,10,505,NA
2/19/2010,13,503,NA
2/19/2010,16,501,NA
2/19/2010,19,500,NA
2/19/2010,22,500,503
2/20/2010,1,502,NA
2/20/2010,4,504,NA
2/20/2010,7,505,NA
2/20/2010,10,503,NA
2/20/2010,13,501,NA
2/20/2010,16,500,NA
2/20/2010,19,500,NA
2/20/2010,22,501,502
2/21/2010,1,501,NA
2/21/2010,4,503,NA
2/21/2010,7,504,NA
2/21/2010,10,504,NA
2/21/2010,13,502,NA
2/21/2010,16,505,NA
2/21/2010,19,507,NA
2/21/2010,22,510,505
2/22/2010,1,511,NA
2/22/2010,4,508,NA
2/22/2010,7,506,NA
2/22/2010,10,504,NA
2/22/2010,13,503,NA
2/22/2010,16,507,NA
2/22/2010,19,509,NA
2/22/2010,22,511,507
2/23/2010,1,513,NA
2/23/2010,4,514,NA
2/23/2010,7,516,NA
2/23/2010,10,519,NA
2/23/2010,13,517,NA
2/23/2010,16,513,NA
2/23/2010,19,511,NA
2/23/2010,22,514,515
2/24/2010,1,516,NA
2/24/2010,4,513,NA
2/24/2010,7,511,NA
2/24/2010,10,509,NA
2/24/2010,13,506,NA
2/24/2010,16,508,NA
2/24/2010,19,575,NA
2/24/2010,22,615,NA
2/25/2010,1,625,NA
2/25/2010,4,634.3333333,NA
2/25/2010,7,649.3333333,NA
2/25/2010,10,678,NA
2/25/2010,13,738.3333333,NA
2/25/2010,16,780.3333333,NA
2/25/2010,19,800.3333333,NA
2/25/2010,22,817.5,NA
2/26/2010,1,827,NA
2/26/2010,4,830.3333333,NA
2/26/2010,7,823.3333333,NA
2/26/2010,10,811.3333333,NA
2/26/2010,13,800.6666667,NA
2/26/2010,16,785.3333333,NA
2/26/2010,19,769.3333333,NA
2/26/2010,22,738,NA
2/27/2010,1,708,NA
2/27/2010,4,689,NA
2/27/2010,7,661.6666667,NA
2/27/2010,10,637.6666667,NA
2/27/2010,13,614,NA
2/27/2010,16,595.6666667,NA
2/27/2010,19,581.6666667,NA
2/27/2010,22,569,NA
2/28/2010,1,554,NA
2/28/2010,4,541.5,NA
2/28/2010,7,530,NA
2/28/2010,10,523.5,NA
2/28/2010,13,519,NA
2/28/2010,16,517,NA
2/28/2010,19,518,NA
2/28/2010,22,519.5,NA
3/1/2010,1,523,NA
3/1/2010,4,523,NA
3/1/2010,7,520,NA
3/1/2010,10,517,NA
3/1/2010,13,515,NA
3/1/2010,16,512,NA
3/1/2010,19,510,NA
3/1/2010,22,514,517
3/2/2010,1,521,NA
3/2/2010,4,528,NA
3/2/2010,7,533,NA
3/2/2010,10,528,NA
3/2/2010,13,521,NA
3/2/2010,16,517,NA
3/2/2010,19,515,NA
3/2/2010,22,522,523
3/3/2010,1,539,NA
3/3/2010,4,554.6666667,NA
3/3/2010,7,581.6666667,NA
3/3/2010,10,595.6666667,NA
3/3/2010,13,582.6666667,NA
3/3/2010,16,565.3333333,NA
3/3/2010,19,550.3333333,NA
3/3/2010,22,564.75,NA
3/4/2010,1,607,NA
3/4/2010,4,643,NA
3/4/2010,7,659.3333333,NA
3/4/2010,10,654,NA
3/4/2010,13,660.3333333,NA
3/4/2010,16,670.3333333,NA
3/4/2010,19,690.6666667,NA
3/4/2010,22,705.5,NA
3/5/2010,1,708,NA
3/5/2010,4,700.5,NA
3/5/2010,7,690,NA
3/5/2010,10,681.5,NA
3/5/2010,13,673,NA
3/5/2010,16,667.5,NA
3/5/2010,19,678,NA
3/5/2010,22,686,NA
3/6/2010,1,679,NA
3/6/2010,4,660.5,NA
3/6/2010,7,645,NA
3/6/2010,10,624,NA
3/6/2010,13,607,NA
3/6/2010,16,590.5,NA
3/6/2010,19,585,NA
3/6/2010,22,584,NA
3/7/2010,1,596,NA
3/7/2010,4,609,NA
3/7/2010,7,609,NA
3/7/2010,10,595,NA
3/7/2010,13,581,NA
3/7/2010,16,568.5,NA
3/7/2010,19,557,NA
3/7/2010,22,554.5,NA
3/8/2010,1,559,NA
3/8/2010,4,555,NA
3/8/2010,7,553,NA
3/8/2010,10,551,NA
3/8/2010,13,549,NA
3/8/2010,16,545,NA
3/8/2010,19,540,NA
3/8/2010,22,544,550
3/9/2010,1,551,NA
3/9/2010,4,558,NA
3/9/2010,7,555,NA
3/9/2010,10,548,NA
3/9/2010,13,533,NA
3/9/2010,16,525,NA
3/9/2010,19,520,NA
3/9/2010,22,524,539
3/10/2010,1,536,NA
3/10/2010,4,558,NA
3/10/2010,7,581,NA
3/10/2010,10,561,NA
3/10/2010,13,548,NA
3/10/2010,16,538.5,NA
3/10/2010,19,530,NA
3/10/2010,22,535.5,NA
3/11/2010,1,553,NA
3/11/2010,4,578,NA
3/11/2010,7,577,NA
3/11/2010,10,566,NA
3/11/2010,13,556,NA
3/11/2010,16,544,NA
3/11/2010,19,537,NA
3/11/2010,22,536.5,NA
3/12/2010,1,543,NA
3/12/2010,4,548,NA
3/12/2010,7,550,NA
3/12/2010,10,545,NA
3/12/2010,13,538,NA
3/12/2010,16,541,NA
3/12/2010,19,547,NA
3/12/2010,22,558,546
3/13/2010,1,555,NA
3/13/2010,4,550,NA
3/13/2010,7,544,NA
3/13/2010,10,537,NA
3/13/2010,13,532,NA
3/13/2010,16,528,NA
3/13/2010,19,526,NA
3/13/2010,22,523,537
3/14/2010,1,521,NA
3/14/2010,4,539.5,NA
3/14/2010,7,557,NA
3/14/2010,10,557.5,NA
3/14/2010,13,549,NA
3/14/2010,16,540,NA
3/14/2010,19,535,NA
3/14/2010,22,529.5,NA
3/15/2010,1,532,NA
3/15/2010,4,539,NA
3/15/2010,7,542,NA
3/15/2010,10,539,NA
3/15/2010,13,532,NA
3/15/2010,16,526,NA
3/15/2010,19,521,NA
3/15/2010,22,518,531
3/16/2010,1,529,NA
3/16/2010,4,534,NA
3/16/2010,7,538,NA
3/16/2010,10,540,NA
3/16/2010,13,535,NA
3/16/2010,16,531,NA
3/16/2010,19,525,NA
3/16/2010,22,528,533
3/17/2010,1,535,NA
3/17/2010,4,543,NA
3/17/2010,7,541,NA
3/17/2010,10,539,NA
3/17/2010,13,536,NA
3/17/2010,16,536,NA
3/17/2010,19,535,NA
3/17/2010,22,541,538
3/18/2010,1,557,NA
3/18/2010,4,572.5,NA
3/18/2010,7,588,NA
3/18/2010,10,594.5,NA
3/18/2010,13,592,NA
3/18/2010,16,587,NA
3/18/2010,19,582,NA
3/18/2010,22,594.5,NA
3/19/2010,1,616,NA
3/19/2010,4,622.5,NA
3/19/2010,7,611,NA
3/19/2010,10,595,NA
3/19/2010,13,584,NA
3/19/2010,16,574.5,NA
3/19/2010,19,565,NA
3/19/2010,22,573,NA
3/20/2010,1,580,NA
3/20/2010,4,587.5,NA
3/20/2010,7,593,NA
3/20/2010,10,585,NA
3/20/2010,13,578,NA
3/20/2010,16,566,NA
3/20/2010,19,559,NA
3/20/2010,22,558,NA
3/21/2010,1,565,NA
3/21/2010,4,565.5,NA
3/21/2010,7,557,NA
3/21/2010,10,551.5,NA
3/21/2010,13,548,NA
3/21/2010,16,547,NA
3/21/2010,19,545,NA
3/21/2010,22,545,NA
3/22/2010,1,552,NA
3/22/2010,4,558,NA
3/22/2010,7,565,NA
3/22/2010,10,560,NA
3/22/2010,13,556,NA
3/22/2010,16,548,NA
3/22/2010,19,539,NA
3/22/2010,22,531,551
3/23/2010,1,526,NA
3/23/2010,4,522,NA
3/23/2010,7,519,NA
3/23/2010,10,516,NA
3/23/2010,13,514,NA
3/23/2010,16,512,NA
3/23/2010,19,517,NA
3/23/2010,22,525,519
3/24/2010,1,537,NA
3/24/2010,4,544,NA
3/24/2010,7,552,NA
3/24/2010,10,558,NA
3/24/2010,13,560,NA
3/24/2010,16,564,NA
3/24/2010,19,579,NA
3/24/2010,22,623,NA
3/25/2010,1,636,NA
3/25/2010,4,641,NA
3/25/2010,7,646.6666667,NA
3/25/2010,10,661.6666667,NA
3/25/2010,13,696.3333333,NA
3/25/2010,16,719.6666667,NA
3/25/2010,19,731,NA
3/25/2010,22,734.25,NA
3/26/2010,1,729,NA
3/26/2010,4,725,NA
3/26/2010,7,722,NA
3/26/2010,10,724.5,NA
3/26/2010,13,732,NA
3/26/2010,16,743.5,NA
3/26/2010,19,755,NA
3/26/2010,22,766,NA
3/27/2010,1,766,NA
3/27/2010,4,754.5,NA
3/27/2010,7,740,NA
3/27/2010,10,721,NA
3/27/2010,13,703,NA
3/27/2010,16,691,NA
3/27/2010,19,675,NA
3/27/2010,22,654.5,NA
3/28/2010,1,636,NA
3/28/2010,4,620,NA
3/28/2010,7,604,NA
3/28/2010,10,585.5,NA
3/28/2010,13,568,NA
3/28/2010,16,552.5,NA
3/28/2010,19,536,NA
3/28/2010,22,527.5,NA
3/29/2010,1,521,NA
3/29/2010,4,517,NA
3/29/2010,7,513,NA
3/29/2010,10,509,NA
3/29/2010,13,507,NA
3/29/2010,16,505,NA
3/29/2010,19,505,NA
3/29/2010,22,504,510
3/30/2010,1,503,NA
3/30/2010,4,503,NA
3/30/2010,7,502,NA
3/30/2010,10,501,NA
3/30/2010,13,500,NA
3/30/2010,16,501,NA
3/30/2010,19,502,NA
3/30/2010,22,505,502
3/31/2010,1,507,NA
3/31/2010,4,506,NA
3/31/2010,7,505,NA
3/31/2010,10,505,NA
3/31/2010,13,502,NA
3/31/2010,16,502,NA
3/31/2010,19,504,NA
3/31/2010,22,506,505
4/1/2010,1,510,NA
4/1/2010,4,507,NA
4/1/2010,7,505,NA
4/1/2010,10,503,NA
4/1/2010,13,500,NA
4/1/2010,16,504,NA
4/1/2010,19,507,NA
4/1/2010,22,509,506
4/2/2010,1,512,NA
4/2/2010,4,516,NA
4/2/2010,7,520,NA
4/2/2010,10,526,NA
4/2/2010,13,530,NA
4/2/2010,16,535,NA
4/2/2010,19,539,NA
4/2/2010,22,543,528
4/3/2010,1,547,NA
4/3/2010,4,550,NA
4/3/2010,7,552,NA
4/3/2010,10,555,NA
4/3/2010,13,551,NA
4/3/2010,16,548,NA
4/3/2010,19,546,NA
4/3/2010,22,543,549
4/4/2010,1,539,NA
4/4/2010,4,534,NA
4/4/2010,7,528,NA
4/4/2010,10,526,NA
4/4/2010,13,523,NA
4/4/2010,16,521,NA
4/4/2010,19,519,NA
4/4/2010,22,516,526
4/5/2010,1,519,NA
4/5/2010,4,521,NA
4/5/2010,7,517,NA
4/5/2010,10,514,NA
4/5/2010,13,510,NA
4/5/2010,16,508,NA
4/5/2010,19,505,NA
4/5/2010,22,510,513
4/6/2010,1,517,NA
4/6/2010,4,523,NA
4/6/2010,7,530,NA
4/6/2010,10,527,NA
4/6/2010,13,524,NA
4/6/2010,16,520,NA
4/6/2010,19,517,NA
4/6/2010,22,527,523
4/7/2010,1,539,NA
4/7/2010,4,559,NA
4/7/2010,7,577,NA
4/7/2010,10,573.5,NA
4/7/2010,13,567,NA
4/7/2010,16,560.5,NA
4/7/2010,19,554,NA
4/7/2010,22,553,NA
4/8/2010,1,559,NA
4/8/2010,4,565,NA
4/8/2010,7,568,NA
4/8/2010,10,572,NA
4/8/2010,13,578,NA
4/8/2010,16,579,NA
4/8/2010,19,574,NA
4/8/2010,22,570,NA
4/9/2010,1,567,NA
4/9/2010,4,566,NA
4/9/2010,7,564,NA
4/9/2010,10,561,NA
4/9/2010,13,554,NA
4/9/2010,16,546,NA
4/9/2010,19,542,NA
4/9/2010,22,547,556
4/10/2010,1,553,NA
4/10/2010,4,549,NA
4/10/2010,7,543,NA
4/10/2010,10,539,NA
4/10/2010,13,534,NA
4/10/2010,16,530,NA
4/10/2010,19,525,NA
4/10/2010,22,523,537
4/11/2010,1,520,NA
4/11/2010,4,517,NA
4/11/2010,7,515,NA
4/11/2010,10,513,NA
4/11/2010,13,513,NA
4/11/2010,16,512,NA
4/11/2010,19,510,NA
4/11/2010,22,513,514
4/12/2010,1,517,NA
4/12/2010,4,514,NA
4/12/2010,7,509,NA
4/12/2010,10,506,NA
4/12/2010,13,506,NA
4/12/2010,16,505,NA
4/12/2010,19,503,NA
4/12/2010,22,507,508
4/13/2010,1,512,NA
4/13/2010,4,516,NA
4/13/2010,7,513,NA
4/13/2010,10,511,NA
4/13/2010,13,508,NA
4/13/2010,16,506,NA
4/13/2010,19,502,NA
4/13/2010,22,509,510
4/14/2010,1,518,NA
4/14/2010,4,535.5,NA
4/14/2010,7,551,NA
4/14/2010,10,554.5,NA
4/14/2010,13,545,NA
4/14/2010,16,535,NA
4/14/2010,19,528,NA
4/14/2010,22,528,NA
4/15/2010,1,538,NA
4/15/2010,4,556.5,NA
4/15/2010,7,567,NA
4/15/2010,10,558,NA
4/15/2010,13,551,NA
4/15/2010,16,545.5,NA
4/15/2010,19,541,NA
4/15/2010,22,551.5,NA
4/16/2010,1,567,NA
4/16/2010,4,583,NA
4/16/2010,7,596,NA
4/16/2010,10,597.5,NA
4/16/2010,13,589,NA
4/16/2010,16,584,NA
4/16/2010,19,587,NA
4/16/2010,22,595.5,NA
4/17/2010,1,602,NA
4/17/2010,4,608,NA
4/17/2010,7,615,NA
4/17/2010,10,608,NA
4/17/2010,13,598,NA
4/17/2010,16,593.5,NA
4/17/2010,19,590,NA
4/17/2010,22,595,NA
4/18/2010,1,603,NA
4/18/2010,4,610,NA
4/18/2010,7,605,NA
4/18/2010,10,598,NA
4/18/2010,13,590,NA
4/18/2010,16,577.5,NA
4/18/2010,19,565,NA
4/18/2010,22,558,NA
4/19/2010,1,558,NA
4/19/2010,4,568,NA
4/19/2010,7,572,NA
4/19/2010,10,576.5,NA
4/19/2010,13,572,NA
4/19/2010,16,564,NA
4/19/2010,19,555,NA
4/19/2010,22,563,NA
4/20/2010,1,578,NA
4/20/2010,4,598,NA
4/20/2010,7,609,NA
4/20/2010,10,599,NA
4/20/2010,13,589,NA
4/20/2010,16,579.5,NA
4/20/2010,19,576,NA
4/20/2010,22,583.5,NA
4/21/2010,1,598,NA
4/21/2010,4,613.5,NA
4/21/2010,7,613,NA
4/21/2010,10,610,NA
4/21/2010,13,606,NA
4/21/2010,16,597.5,NA
4/21/2010,19,588,NA
4/21/2010,22,597,NA
4/22/2010,1,615,NA
4/22/2010,4,630.5,NA
4/22/2010,7,642,NA
4/22/2010,10,633.5,NA
4/22/2010,13,633,NA
4/22/2010,16,644.5,NA
4/22/2010,19,678,NA
4/22/2010,22,700,NA
4/23/2010,1,711,NA
4/23/2010,4,714,NA
4/23/2010,7,703,NA
4/23/2010,10,693.5,NA
4/23/2010,13,687,NA
4/23/2010,16,681.5,NA
4/23/2010,19,676,NA
4/23/2010,22,675.5,NA
4/24/2010,1,681,NA
4/24/2010,4,682.5,NA
4/24/2010,7,670,NA
4/24/2010,10,647,NA
4/24/2010,13,625,NA
4/24/2010,16,610,NA
4/24/2010,19,600,NA
4/24/2010,22,598,NA
4/25/2010,1,605,NA
4/25/2010,4,618.5,NA
4/25/2010,7,628,NA
4/25/2010,10,620,NA
4/25/2010,13,607,NA
4/25/2010,16,597.5,NA
4/25/2010,19,588,NA
4/25/2010,22,587.5,NA
4/26/2010,1,602,NA
4/26/2010,4,620.5,NA
4/26/2010,7,609,NA
4/26/2010,10,602.5,NA
4/26/2010,13,594,NA
4/26/2010,16,588.5,NA
4/26/2010,19,593,NA
4/26/2010,22,606,NA
4/27/2010,1,620,NA
4/27/2010,4,632,NA
4/27/2010,7,638,NA
4/27/2010,10,628.5,NA
4/27/2010,13,619,NA
4/27/2010,16,619.5,NA
4/27/2010,19,650.6666667,NA
4/27/2010,22,683.25,NA
4/28/2010,1,703,NA
4/28/2010,4,711,NA
4/28/2010,7,703.3333333,NA
4/28/2010,10,685.6666667,NA
4/28/2010,13,673.3333333,NA
4/28/2010,16,680,NA
4/28/2010,19,702,NA
4/28/2010,22,722.5,NA
4/29/2010,1,733,NA
4/29/2010,4,734,NA
4/29/2010,7,725,NA
4/29/2010,10,714.5,NA
4/29/2010,13,700,NA
4/29/2010,16,718.5,NA
4/29/2010,19,733,NA
4/29/2010,22,738.5,NA
4/30/2010,1,742,NA
4/30/2010,4,732,NA
4/30/2010,7,724,NA
4/30/2010,10,707,NA
4/30/2010,13,685,NA
4/30/2010,16,701,NA
4/30/2010,19,721,NA
4/30/2010,22,731,NA
5/1/2010,1,739,NA
5/1/2010,4,729.5,NA
5/1/2010,7,717,NA
5/1/2010,10,698,NA
5/1/2010,13,681,NA
5/1/2010,16,674.5,NA
5/1/2010,19,683,NA
5/1/2010,22,689.5,NA
5/2/2010,1,693,NA
5/2/2010,4,696.5,NA
5/2/2010,7,692,NA
5/2/2010,10,674,NA
5/2/2010,13,652,NA
5/2/2010,16,648.5,NA
5/2/2010,19,667,NA
5/2/2010,22,674,NA
5/3/2010,1,683,NA
5/3/2010,4,686.5,NA
5/3/2010,7,676,NA
5/3/2010,10,663,NA
5/3/2010,13,651,NA
5/3/2010,16,677,NA
5/3/2010,19,715,NA
5/3/2010,22,737,NA
5/4/2010,1,746,NA
5/4/2010,4,749.3333333,NA
5/4/2010,7,743.6666667,NA
5/4/2010,10,733.6666667,NA
5/4/2010,13,725,NA
5/4/2010,16,741,NA
5/4/2010,19,766.3333333,NA
5/4/2010,22,788,NA
5/5/2010,1,800,NA
5/5/2010,4,799.3333333,NA
5/5/2010,7,790.6666667,NA
5/5/2010,10,779.3333333,NA
5/5/2010,13,762.6666667,NA
5/5/2010,16,752,NA
5/5/2010,19,773.3333333,NA
5/5/2010,22,802,NA
5/6/2010,1,815,NA
5/6/2010,4,820.3333333,NA
5/6/2010,7,814,NA
5/6/2010,10,794.6666667,NA
5/6/2010,13,775,NA
5/6/2010,16,769.6666667,NA
5/6/2010,19,795,NA
5/6/2010,22,824.75,NA
5/7/2010,1,841,NA
5/7/2010,4,839.6666667,NA
5/7/2010,7,830.3333333,NA
5/7/2010,10,815,NA
5/7/2010,13,805.6666667,NA
5/7/2010,16,815.3333333,NA
5/7/2010,19,830.3333333,NA
5/7/2010,22,834.25,NA
5/8/2010,1,836,NA
5/8/2010,4,825.5,NA
5/8/2010,7,815,NA
5/8/2010,10,802,NA
5/8/2010,13,792,NA
5/8/2010,16,796.5,NA
5/8/2010,19,813,NA
5/8/2010,22,823,NA
5/9/2010,1,827,NA
5/9/2010,4,817,NA
5/9/2010,7,799,NA
5/9/2010,10,778,NA
5/9/2010,13,765,NA
5/9/2010,16,756.5,NA
5/9/2010,19,751,NA
5/9/2010,22,757.5,NA
5/10/2010,1,765,NA
5/10/2010,4,771,NA
5/10/2010,7,770,NA
5/10/2010,10,750,NA
5/10/2010,13,735,NA
5/10/2010,16,718.5,NA
5/10/2010,19,716,NA
5/10/2010,22,726,NA
5/11/2010,1,741,NA
5/11/2010,4,748,NA
5/11/2010,7,753,NA
5/11/2010,10,735,NA
5/11/2010,13,716,NA
5/11/2010,16,713.5,NA
5/11/2010,19,719,NA
5/11/2010,22,722.5,NA
5/12/2010,1,724,NA
5/12/2010,4,729.5,NA
5/12/2010,7,725,NA
5/12/2010,10,707.5,NA
5/12/2010,13,690,NA
5/12/2010,16,682.5,NA
5/12/2010,19,693,NA
5/12/2010,22,703.5,NA
5/13/2010,1,708,NA
5/13/2010,4,713,NA
5/13/2010,7,719,NA
5/13/2010,10,724.5,NA
5/13/2010,13,716,NA
5/13/2010,16,706,NA
5/13/2010,19,696,NA
5/13/2010,22,694,NA
5/14/2010,1,699,NA
5/14/2010,4,704.5,NA
5/14/2010,7,715,NA
5/14/2010,10,710,NA
5/14/2010,13,700,NA
5/14/2010,16,699.5,NA
5/14/2010,19,714,NA
5/14/2010,22,720.5,NA
5/15/2010,1,725,NA
5/15/2010,4,727.5,NA
5/15/2010,7,730,NA
5/15/2010,10,726,NA
5/15/2010,13,722,NA
5/15/2010,16,727.5,NA
5/15/2010,19,730,NA
5/15/2010,22,731.5,NA
5/16/2010,1,732,NA
5/16/2010,4,736.5,NA
5/16/2010,7,743,NA
5/16/2010,10,746,NA
5/16/2010,13,747,NA
5/16/2010,16,748.5,NA
5/16/2010,19,738,NA
5/16/2010,22,739,NA
5/17/2010,1,740,NA
5/17/2010,4,746.5,NA
5/17/2010,7,748,NA
5/17/2010,10,752,NA
5/17/2010,13,752,NA
5/17/2010,16,748.5,NA
5/17/2010,19,745,NA
5/17/2010,22,742,NA
5/18/2010,1,738,NA
5/18/2010,4,739.5,NA
5/18/2010,7,746,NA
5/18/2010,10,758,NA
5/18/2010,13,771,NA
5/18/2010,16,785,NA
5/18/2010,19,795,NA
5/18/2010,22,798,NA
5/19/2010,1,792,NA
5/19/2010,4,782.5,NA
5/19/2010,7,776,NA
5/19/2010,10,773,NA
5/19/2010,13,771,NA
5/19/2010,16,774,NA
5/19/2010,19,786,NA
5/19/2010,22,795.5,NA
5/20/2010,1,802,NA
5/20/2010,4,800.5,NA
5/20/2010,7,794,NA
5/20/2010,10,789,NA
5/20/2010,13,781,NA
5/20/2010,16,783,NA
5/20/2010,19,805,NA
5/20/2010,22,811.5,NA
5/21/2010,1,813,NA
5/21/2010,4,807.5,NA
5/21/2010,7,804,NA
5/21/2010,10,802,NA
5/21/2010,13,806,NA
5/21/2010,16,815.5,NA
5/21/2010,19,824,NA
5/21/2010,22,826.5,NA
5/22/2010,1,817,NA
5/22/2010,4,808.5,NA
5/22/2010,7,800,NA
5/22/2010,10,792.5,NA
5/22/2010,13,789,NA
5/22/2010,16,785.5,NA
5/22/2010,19,788,NA
5/22/2010,22,787.5,NA
5/23/2010,1,779,NA
5/23/2010,4,769.5,NA
5/23/2010,7,764,NA
5/23/2010,10,753,NA
5/23/2010,13,745,NA
5/23/2010,16,734,NA
5/23/2010,19,724,NA
5/23/2010,22,719,NA
5/24/2010,1,716,NA
5/24/2010,4,709.5,NA
5/24/2010,7,704,NA
5/24/2010,10,691.5,NA
5/24/2010,13,676,NA
5/24/2010,16,671.5,NA
5/24/2010,19,668,NA
5/24/2010,22,673.5,NA
5/25/2010,1,679,NA
5/25/2010,4,683.5,NA
5/25/2010,7,687,NA
5/25/2010,10,682,NA
5/25/2010,13,686,NA
5/25/2010,16,687,NA
5/25/2010,19,683,NA
5/25/2010,22,688.5,NA
5/26/2010,1,692,NA
5/26/2010,4,684,NA
5/26/2010,7,678,NA
5/26/2010,10,678,NA
5/26/2010,13,676,NA
5/26/2010,16,684.5,NA
5/26/2010,19,702,NA
5/26/2010,22,711.5,NA
5/27/2010,1,715,NA
5/27/2010,4,719,NA
5/27/2010,7,723,NA
5/27/2010,10,726.5,NA
5/27/2010,13,737,NA
5/27/2010,16,751.5,NA
5/27/2010,19,770,NA
5/27/2010,22,777.5,NA
5/28/2010,1,773,NA
5/28/2010,4,770.5,NA
5/28/2010,7,768,NA
5/28/2010,10,792.6666667,NA
5/28/2010,13,829.6666667,NA
5/28/2010,16,847.3333333,NA
5/28/2010,19,854,NA
5/28/2010,22,848.25,NA
5/29/2010,1,840,NA
5/29/2010,4,836,NA
5/29/2010,7,830.6666667,NA
5/29/2010,10,833.6666667,NA
5/29/2010,13,836.6666667,NA
5/29/2010,16,848,NA
5/29/2010,19,863.3333333,NA
5/29/2010,22,881,NA
5/30/2010,1,893,NA
5/30/2010,4,894.5,NA
5/30/2010,7,896,NA
5/30/2010,10,884.5,NA
5/30/2010,13,876,NA
5/30/2010,16,868.5,NA
5/30/2010,19,864,NA
5/30/2010,22,859,NA
5/31/2010,1,853,NA
5/31/2010,4,857.5,NA
5/31/2010,7,861,NA
5/31/2010,10,856,NA
5/31/2010,13,850,NA
5/31/2010,16,850.5,NA
5/31/2010,19,860,NA
5/31/2010,22,869,NA
6/1/2010,1,866,NA
6/1/2010,4,862,NA
6/1/2010,7,853,NA
6/1/2010,10,844,NA
6/1/2010,13,827,NA
6/1/2010,16,824,NA
6/1/2010,19,830,NA
6/1/2010,22,834,NA
6/2/2010,1,841,NA
6/2/2010,4,847,NA
6/2/2010,7,851,NA
6/2/2010,10,849,NA
6/2/2010,13,845,NA
6/2/2010,16,845.5,NA
6/2/2010,19,862,NA
6/2/2010,22,866.5,NA
6/3/2010,1,870,NA
6/3/2010,4,864.5,NA
6/3/2010,7,859,NA
6/3/2010,10,865,NA
6/3/2010,13,870,NA
6/3/2010,16,873.5,NA
6/3/2010,19,879,NA
6/3/2010,22,880.5,NA
6/4/2010,1,876,NA
6/4/2010,4,871.5,NA
6/4/2010,7,868,NA
6/4/2010,10,862.5,NA
6/4/2010,13,856,NA
6/4/2010,16,850.5,NA
6/4/2010,19,849,NA
6/4/2010,22,846,NA
6/5/2010,1,844,NA
6/5/2010,4,843,NA
6/5/2010,7,843,NA
6/5/2010,10,839.5,NA
6/5/2010,13,835,NA
6/5/2010,16,828.5,NA
6/5/2010,19,824,NA
6/5/2010,22,817,NA
6/6/2010,1,806,NA
6/6/2010,4,799,NA
6/6/2010,7,795,NA
6/6/2010,10,790,NA
6/6/2010,13,786,NA
6/6/2010,16,785.5,NA
6/6/2010,19,783,NA
6/6/2010,22,795,NA
6/7/2010,1,811,NA
6/7/2010,4,797,NA
6/7/2010,7,780,NA
6/7/2010,10,775,NA
6/7/2010,13,774,NA
6/7/2010,16,778,NA
6/7/2010,19,780,NA
6/7/2010,22,787,NA
6/8/2010,1,794,NA
6/8/2010,4,799,NA
6/8/2010,7,795,NA
6/8/2010,10,797,NA
6/8/2010,13,805,NA
6/8/2010,16,811.5,NA
6/8/2010,19,815,NA
6/8/2010,22,813,NA
6/9/2010,1,809,NA
6/9/2010,4,806,NA
6/9/2010,7,805,NA
6/9/2010,10,799.5,NA
6/9/2010,13,795,NA
6/9/2010,16,793,NA
6/9/2010,19,795,NA
6/9/2010,22,796,NA
6/10/2010,1,797,NA
6/10/2010,4,794,NA
6/10/2010,7,793,NA
6/10/2010,10,782,NA
6/10/2010,13,778,NA
6/10/2010,16,786.5,NA
6/10/2010,19,799,NA
6/10/2010,22,806.5,NA
6/11/2010,1,812,NA
6/11/2010,4,812.5,NA
6/11/2010,7,808,NA
6/11/2010,10,804.5,NA
6/11/2010,13,799,NA
6/11/2010,16,801,NA
6/11/2010,19,809,NA
6/11/2010,22,822.5,NA
6/12/2010,1,845,NA
6/12/2010,4,875.6666667,NA
6/12/2010,7,925.6666667,NA
6/12/2010,10,941.6666667,NA
6/12/2010,13,945.3333333,NA
6/12/2010,16,939.6666667,NA
6/12/2010,19,931.6666667,NA
6/12/2010,22,913.75,NA
6/13/2010,1,891,NA
6/13/2010,4,875,NA
6/13/2010,7,865,NA
6/13/2010,10,858,NA
6/13/2010,13,852,NA
6/13/2010,16,848,NA
6/13/2010,19,845,NA
6/13/2010,22,841.5,NA
6/14/2010,1,836,NA
6/14/2010,4,833.5,NA
6/14/2010,7,830,NA
6/14/2010,10,826,NA
6/14/2010,13,822,NA
6/14/2010,16,817,NA
6/14/2010,19,812,NA
6/14/2010,22,808,NA
6/15/2010,1,804,NA
6/15/2010,4,817,NA
6/15/2010,7,837,NA
6/15/2010,10,843.5,NA
6/15/2010,13,845,NA
6/15/2010,16,847,NA
6/15/2010,19,853,NA
6/15/2010,22,856.5,NA
6/16/2010,1,858,NA
6/16/2010,4,859.5,NA
6/16/2010,7,861,NA
6/16/2010,10,854,NA
6/16/2010,13,846,NA
6/16/2010,16,847.5,NA
6/16/2010,19,851,NA
6/16/2010,22,855,NA
6/17/2010,1,847,NA
6/17/2010,4,840.5,NA
6/17/2010,7,833,NA
6/17/2010,10,833,NA
6/17/2010,13,839,NA
6/17/2010,16,844,NA
6/17/2010,19,850,NA
6/17/2010,22,858.5,NA
6/18/2010,1,863,NA
6/18/2010,4,866.5,NA
6/18/2010,7,872,NA
6/18/2010,10,867.5,NA
6/18/2010,13,861,NA
6/18/2010,16,859,NA
6/18/2010,19,857,NA
6/18/2010,22,859,NA
6/19/2010,1,862,NA
6/19/2010,4,858,NA
6/19/2010,7,852,NA
6/19/2010,10,847.5,NA
6/19/2010,13,842,NA
6/19/2010,16,841,NA
6/19/2010,19,843,NA
6/19/2010,22,845.5,NA
6/20/2010,1,849,NA
6/20/2010,4,840.5,NA
6/20/2010,7,836,NA
6/20/2010,10,832,NA
6/20/2010,13,830,NA
6/20/2010,16,828,NA
6/20/2010,19,826,NA
6/20/2010,22,826,NA
6/21/2010,1,830,NA
6/21/2010,4,834.5,NA
6/21/2010,7,838,NA
6/21/2010,10,837.5,NA
6/21/2010,13,829,NA
6/21/2010,16,819.5,NA
6/21/2010,19,805,NA
6/21/2010,22,795,NA
6/22/2010,1,786,NA
6/22/2010,4,785,NA
6/22/2010,7,789,NA
6/22/2010,10,786,NA
6/22/2010,13,789,NA
6/22/2010,16,798,NA
6/22/2010,19,801,NA
6/22/2010,22,794.5,NA
6/23/2010,1,788,NA
6/23/2010,4,790.5,NA
6/23/2010,7,792,NA
6/23/2010,10,800,NA
6/23/2010,13,806,NA
6/23/2010,16,810.5,NA
6/23/2010,19,819,NA
6/23/2010,22,821,NA
6/24/2010,1,828,NA
6/24/2010,4,811.5,NA
6/24/2010,7,795,NA
6/24/2010,10,773,NA
6/24/2010,13,762,NA
6/24/2010,16,766,NA
6/24/2010,19,772,NA
6/24/2010,22,768,NA
6/25/2010,1,763,NA
6/25/2010,4,754.5,NA
6/25/2010,7,746,NA
6/25/2010,10,759,NA
6/25/2010,13,765,NA
6/25/2010,16,771,NA
6/25/2010,19,774,NA
6/25/2010,22,774,NA
6/26/2010,1,770,NA
6/26/2010,4,763,NA
6/26/2010,7,759,NA
6/26/2010,10,758,NA
6/26/2010,13,760,NA
6/26/2010,16,761,NA
6/26/2010,19,765,NA
6/26/2010,22,773.5,NA
6/27/2010,1,782,NA
6/27/2010,4,787.5,NA
6/27/2010,7,788,NA
6/27/2010,10,799.5,NA
6/27/2010,13,817,NA
6/27/2010,16,828.5,NA
6/27/2010,19,843,NA
6/27/2010,22,849.5,NA
6/28/2010,1,854,NA
6/28/2010,4,855,NA
6/28/2010,7,853,NA
6/28/2010,10,859,NA
6/28/2010,13,863,NA
6/28/2010,16,862.5,NA
6/28/2010,19,860,NA
6/28/2010,22,855,NA
6/29/2010,1,850,NA
6/29/2010,4,847,NA
6/29/2010,7,844,NA
6/29/2010,10,850.5,NA
6/29/2010,13,856,NA
6/29/2010,16,866,NA
6/29/2010,19,887,NA
6/29/2010,22,916,NA
6/30/2010,1,951,NA
6/30/2010,4,971.6666667,NA
6/30/2010,7,996.6666667,NA
6/30/2010,10,1008.333333,NA
6/30/2010,13,1010.333333,NA
6/30/2010,16,1015.333333,NA
6/30/2010,19,1021.666667,NA
6/30/2010,22,1023.75,NA
7/1/2010,1,1020,NA
7/1/2010,4,1019,NA
7/1/2010,7,1018,NA
7/1/2010,10,1008,NA
7/1/2010,13,1000,NA
7/1/2010,16,1001.5,NA
7/1/2010,19,1004,NA
7/1/2010,22,1008.5,NA
7/2/2010,1,1012,NA
7/2/2010,4,1032.5,NA
7/2/2010,7,1050,NA
7/2/2010,10,1064.5,NA
7/2/2010,13,1073,NA
7/2/2010,16,1065,NA
7/2/2010,19,1051,NA
7/2/2010,22,1047,NA
7/3/2010,1,1046,NA
7/3/2010,4,1054,NA
7/3/2010,7,1054,NA
7/3/2010,10,1053,NA
7/3/2010,13,1050,NA
7/3/2010,16,1041.5,NA
7/3/2010,19,1034,NA
7/3/2010,22,1027,NA
7/4/2010,1,1022,NA
7/4/2010,4,1018,NA
7/4/2010,7,1014,NA
7/4/2010,10,1010.5,NA
7/4/2010,13,1007,NA
7/4/2010,16,1002,NA
7/4/2010,19,996,NA
7/4/2010,22,991,NA
7/5/2010,1,987,NA
7/5/2010,4,987,NA
7/5/2010,7,986,NA
7/5/2010,10,983,NA
7/5/2010,13,981,NA
7/5/2010,16,978.5,NA
7/5/2010,19,977,NA
7/5/2010,22,976,NA
7/6/2010,1,974,NA
7/6/2010,4,977,NA
7/6/2010,7,979,NA
7/6/2010,10,978,NA
7/6/2010,13,975,NA
7/6/2010,16,973,NA
7/6/2010,19,971,NA
7/6/2010,22,969.5,NA
7/7/2010,1,967,NA
7/7/2010,4,967,NA
7/7/2010,7,969,NA
7/7/2010,10,969,NA
7/7/2010,13,967,NA
7/7/2010,16,964,NA
7/7/2010,19,961,NA
7/7/2010,22,958.5,NA
7/8/2010,1,957,NA
7/8/2010,4,956,NA
7/8/2010,7,955,NA
7/8/2010,10,953.5,NA
7/8/2010,13,950,NA
7/8/2010,16,949.5,NA
7/8/2010,19,949,NA
7/8/2010,22,952,NA
7/9/2010,1,956,NA
7/9/2010,4,958,NA
7/9/2010,7,960,NA
7/9/2010,10,960.5,NA
7/9/2010,13,959,NA
7/9/2010,16,957,NA
7/9/2010,19,954,NA
7/9/2010,22,951.5,NA
7/10/2010,1,950,NA
7/10/2010,4,957,NA
7/10/2010,7,957,NA
7/10/2010,10,952,NA
7/10/2010,13,947,NA
7/10/2010,16,938.5,NA
7/10/2010,19,932,NA
7/10/2010,22,943.5,NA
7/11/2010,1,955,NA
7/11/2010,4,971.3333333,NA
7/11/2010,7,994.3333333,NA
7/11/2010,10,1009,NA
7/11/2010,13,1013.666667,NA
7/11/2010,16,1004,NA
7/11/2010,19,994.3333333,NA
7/11/2010,22,978,NA
7/12/2010,1,964,NA
7/12/2010,4,954.5,NA
7/12/2010,7,943,NA
7/12/2010,10,935.5,NA
7/12/2010,13,930,NA
7/12/2010,16,930,NA
7/12/2010,19,941,NA
7/12/2010,22,951,NA
7/13/2010,1,960,NA
7/13/2010,4,951.5,NA
7/13/2010,7,944,NA
7/13/2010,10,938,NA
7/13/2010,13,930,NA
7/13/2010,16,927,NA
7/13/2010,19,925,NA
7/13/2010,22,929.5,NA
7/14/2010,1,934,NA
7/14/2010,4,942,NA
7/14/2010,7,949,NA
7/14/2010,10,955,NA
7/14/2010,13,959,NA
7/14/2010,16,962.5,NA
7/14/2010,19,969,NA
7/14/2010,22,977.5,NA
7/15/2010,1,982,NA
7/15/2010,4,975.5,NA
7/15/2010,7,970,NA
7/15/2010,10,961,NA
7/15/2010,13,953,NA
7/15/2010,16,946.5,NA
7/15/2010,19,940,NA
7/15/2010,22,932,NA
7/16/2010,1,924,NA
7/16/2010,4,922,NA
7/16/2010,7,924,NA
7/16/2010,10,933.5,NA
7/16/2010,13,939,NA
7/16/2010,16,943,NA
7/16/2010,19,949,NA
7/16/2010,22,950,NA
7/17/2010,1,952,NA
7/17/2010,4,947.5,NA
7/17/2010,7,944,NA
7/17/2010,10,940.5,NA
7/17/2010,13,936,NA
7/17/2010,16,933,NA
7/17/2010,19,930,NA
7/17/2010,22,929,NA
7/18/2010,1,926,NA
7/18/2010,4,914.5,NA
7/18/2010,7,897,NA
7/18/2010,10,893.5,NA
7/18/2010,13,880,NA
7/18/2010,16,866.5,NA
7/18/2010,19,852,NA
7/18/2010,22,839,NA
7/19/2010,1,826,NA
7/19/2010,4,814.5,NA
7/19/2010,7,801,NA
7/19/2010,10,798,NA
7/19/2010,13,794,NA
7/19/2010,16,799.5,NA
7/19/2010,19,812,NA
7/19/2010,22,837.5,NA
7/20/2010,1,871,NA
7/20/2010,4,900.6666667,NA
7/20/2010,7,942.6666667,NA
7/20/2010,10,973.6666667,NA
7/20/2010,13,997.3333333,NA
7/20/2010,16,1013,NA
7/20/2010,19,1022.333333,NA
7/20/2010,22,1029.75,NA
7/21/2010,1,1029,NA
7/21/2010,4,1029,NA
7/21/2010,7,1029,NA
7/21/2010,10,1028,NA
7/21/2010,13,1027,NA
7/21/2010,16,1018,NA
7/21/2010,19,1024,NA
7/21/2010,22,1032,NA
7/22/2010,1,1042,NA
7/22/2010,4,1052,NA
7/22/2010,7,1060,NA
7/22/2010,10,1059,NA
7/22/2010,13,1057,NA
7/22/2010,16,1074,NA
7/22/2010,19,1093,NA
7/22/2010,22,1140,NA
7/23/2010,1,1187,NA
7/23/2010,4,1208.666667,NA
7/23/2010,7,1233.333333,NA
7/23/2010,10,1241.666667,NA
7/23/2010,13,1247,NA
7/23/2010,16,1252.666667,NA
7/23/2010,19,1254.333333,NA
7/23/2010,22,1238.25,NA
7/24/2010,1,1228,NA
7/24/2010,4,1216.5,NA
7/24/2010,7,1202,NA
7/24/2010,10,1184,NA
7/24/2010,13,1172,NA
7/24/2010,16,1172.5,NA
7/24/2010,19,1184,NA
7/24/2010,22,1195.5,NA
7/25/2010,1,1209,NA
7/25/2010,4,1220.666667,NA
7/25/2010,7,1240,NA
7/25/2010,10,1253,NA
7/25/2010,13,1268.666667,NA
7/25/2010,16,1284,NA
7/25/2010,19,1300,NA
7/25/2010,22,1317.25,NA
7/26/2010,1,1328,NA
7/26/2010,4,1335.5,NA
7/26/2010,7,1332,NA
7/26/2010,10,1327,NA
7/26/2010,13,1325,NA
7/26/2010,16,1324,NA
7/26/2010,19,1334,NA
7/26/2010,22,1334,NA
7/27/2010,1,1327,NA
7/27/2010,4,1318.5,NA
7/27/2010,7,1307,NA
7/27/2010,10,1293,NA
7/27/2010,13,1278,NA
7/27/2010,16,1268,NA
7/27/2010,19,1255,NA
7/27/2010,22,1243,NA
7/28/2010,1,1232,NA
7/28/2010,4,1224,NA
7/28/2010,7,1216,NA
7/28/2010,10,1191.5,NA
7/28/2010,13,1178,NA
7/28/2010,16,1175,NA
7/28/2010,19,1167,NA
7/28/2010,22,1162,NA
7/29/2010,1,1159,NA
7/29/2010,4,1153.5,NA
7/29/2010,7,1141,NA
7/29/2010,10,1135,NA
7/29/2010,13,1129,NA
7/29/2010,16,1141.5,NA
7/29/2010,19,1154,NA
7/29/2010,22,1171.5,NA
7/30/2010,1,1190,NA
7/30/2010,4,1202,NA
7/30/2010,7,1211,NA
7/30/2010,10,1215.5,NA
7/30/2010,13,1217,NA
7/30/2010,16,1215,NA
7/30/2010,19,1211,NA
7/30/2010,22,1208.5,NA
7/31/2010,1,1202,NA
7/31/2010,4,1193.5,NA
7/31/2010,7,1184,NA
7/31/2010,10,1168,NA
7/31/2010,13,1146,NA
7/31/2010,16,1127,NA
7/31/2010,19,1112,NA
7/31/2010,22,1102.5,NA
8/1/2010,1,1092,NA
8/1/2010,4,1088,NA
8/1/2010,7,1081,NA
8/1/2010,10,1069,NA
8/1/2010,13,1056,NA
8/1/2010,16,1051,NA
8/1/2010,19,1046,NA
8/1/2010,22,1062,NA
8/2/2010,1,1085,NA
8/2/2010,4,1105.5,NA
8/2/2010,7,1118,NA
8/2/2010,10,1118.5,NA
8/2/2010,13,1114,NA
8/2/2010,16,1112,NA
8/2/2010,19,1119,NA
8/2/2010,22,1124.5,NA
8/3/2010,1,1129,NA
8/3/2010,4,1129.5,NA
8/3/2010,7,1123,NA
8/3/2010,10,1115,NA
8/3/2010,13,1108,NA
8/3/2010,16,1107,NA
8/3/2010,19,1104,NA
8/3/2010,22,1103,NA
8/4/2010,1,1102,NA
8/4/2010,4,1100,NA
8/4/2010,7,1098,NA
8/4/2010,10,1096,NA
8/4/2010,13,1093,NA
8/4/2010,16,1098,NA
8/4/2010,19,1102,NA
8/4/2010,22,1105,NA
8/5/2010,1,1108,NA
8/5/2010,4,1110,NA
8/5/2010,7,1107,NA
8/5/2010,10,1103,NA
8/5/2010,13,1099,NA
8/5/2010,16,1095,NA
8/5/2010,19,1100,NA
8/5/2010,22,1105,NA
8/6/2010,1,1108,NA
8/6/2010,4,1102,NA
8/6/2010,7,1095,NA
8/6/2010,10,1093,NA
8/6/2010,13,1090,NA
8/6/2010,16,1081,NA
8/6/2010,19,1078,NA
8/6/2010,22,1085,NA
8/7/2010,1,1093,NA
8/7/2010,4,1077.5,NA
8/7/2010,7,1064,NA
8/7/2010,10,1062.5,NA
8/7/2010,13,1056,NA
8/7/2010,16,1047.5,NA
8/7/2010,19,1051,NA
8/7/2010,22,1054,NA
8/8/2010,1,1058,NA
8/8/2010,4,1048.5,NA
8/8/2010,7,1040,NA
8/8/2010,10,1030,NA
8/8/2010,13,1026,NA
8/8/2010,16,1018,NA
8/8/2010,19,1009,NA
8/8/2010,22,1007,NA
8/9/2010,1,1004,NA
8/9/2010,4,1007.5,NA
8/9/2010,7,1009,NA
8/9/2010,10,1001,NA
8/9/2010,13,996,NA
8/9/2010,16,996.5,NA
8/9/2010,19,1002,NA
8/9/2010,22,1005,NA
8/10/2010,1,1008,NA
8/10/2010,4,1010,NA
8/10/2010,7,1005,NA
8/10/2010,10,996,NA
8/10/2010,13,992,NA
8/10/2010,16,988.5,NA
8/10/2010,19,993,NA
8/10/2010,22,997.5,NA
8/11/2010,1,1005,NA
8/11/2010,4,1009,NA
8/11/2010,7,1013,NA
8/11/2010,10,1011.5,NA
8/11/2010,13,1008,NA
8/11/2010,16,1007,NA
8/11/2010,19,1014,NA
8/11/2010,22,1020,NA
8/12/2010,1,1026,NA
8/12/2010,4,1030,NA
8/12/2010,7,1028,NA
8/12/2010,10,1022.5,NA
8/12/2010,13,1015,NA
8/12/2010,16,1015,NA
8/12/2010,19,1023,NA
8/12/2010,22,1025,NA
8/13/2010,1,1019,NA
8/13/2010,4,1018,NA
8/13/2010,7,1015,NA
8/13/2010,10,1015,NA
8/13/2010,13,1013,NA
8/13/2010,16,1023.5,NA
8/13/2010,19,1033,NA
8/13/2010,22,1040,NA
8/14/2010,1,1044,NA
8/14/2010,4,1047,NA
8/14/2010,7,1044,NA
8/14/2010,10,1035,NA
8/14/2010,13,1029,NA
8/14/2010,16,1030,NA
8/14/2010,19,1036,NA
8/14/2010,22,1047,NA
8/15/2010,1,1057,NA
8/15/2010,4,1057,NA
8/15/2010,7,1050,NA
8/15/2010,10,1044.5,NA
8/15/2010,13,1036,NA
8/15/2010,16,1030,NA
8/15/2010,19,1033,NA
8/15/2010,22,1041.5,NA
8/16/2010,1,1049,NA
8/16/2010,4,1052,NA
8/16/2010,7,1048,NA
8/16/2010,10,1045,NA
8/16/2010,13,1042,NA
8/16/2010,16,1037.5,NA
8/16/2010,19,1040,NA
8/16/2010,22,1051,NA
8/17/2010,1,1061,NA
8/17/2010,4,1063,NA
8/17/2010,7,1062,NA
8/17/2010,10,1055.5,NA
8/17/2010,13,1051,NA
8/17/2010,16,1052,NA
8/17/2010,19,1065,NA
8/17/2010,22,1074.5,NA
8/18/2010,1,1082,NA
8/18/2010,4,1081,NA
8/18/2010,7,1068,NA
8/18/2010,10,1060.5,NA
8/18/2010,13,1050,NA
8/18/2010,16,1047,NA
8/18/2010,19,1056,NA
8/18/2010,22,1059.5,NA
8/19/2010,1,1064,NA
8/19/2010,4,1068,NA
8/19/2010,7,1070,NA
8/19/2010,10,1065.5,NA
8/19/2010,13,1062,NA
8/19/2010,16,1077,NA
8/19/2010,19,1100,NA
8/19/2010,22,1116,NA
8/20/2010,1,1127,NA
8/20/2010,4,1135,NA
8/20/2010,7,1141,NA
8/20/2010,10,1132,NA
8/20/2010,13,1121,NA
8/20/2010,16,1116.5,NA
8/20/2010,19,1136,NA
8/20/2010,22,1150,NA
8/21/2010,1,1161,NA
8/21/2010,4,1165,NA
8/21/2010,7,1162,NA
8/21/2010,10,1149.5,NA
8/21/2010,13,1137,NA
8/21/2010,16,1131,NA
8/21/2010,19,1130,NA
8/21/2010,22,1125.5,NA
8/22/2010,1,1121,NA
8/22/2010,4,1115,NA
8/22/2010,7,1110,NA
8/22/2010,10,1100,NA
8/22/2010,13,1089,NA
8/22/2010,16,1081.5,NA
8/22/2010,19,1075,NA
8/22/2010,22,1071,NA
8/23/2010,1,1074,NA
8/23/2010,4,1077.5,NA
8/23/2010,7,1073,NA
8/23/2010,10,1062,NA
8/23/2010,13,1055,NA
8/23/2010,16,1053,NA
8/23/2010,19,1056,NA
8/23/2010,22,1052.5,NA
8/24/2010,1,1048,NA
8/24/2010,4,1047.5,NA
8/24/2010,7,1054,NA
8/24/2010,10,1056,NA
8/24/2010,13,1059,NA
8/24/2010,16,1059,NA
8/24/2010,19,1059,NA
8/24/2010,22,1056,NA
8/25/2010,1,1053,NA
8/25/2010,4,1049,NA
8/25/2010,7,1054,NA
8/25/2010,10,1053,NA
8/25/2010,13,1049,NA
8/25/2010,16,1057,NA
8/25/2010,19,1067,NA
8/25/2010,22,1068,NA
8/26/2010,1,1069,NA
8/26/2010,4,1076.5,NA
8/26/2010,7,1080,NA
8/26/2010,10,1095.5,NA
8/26/2010,13,1101,NA
8/26/2010,16,1123.5,NA
8/26/2010,19,1138,NA
8/26/2010,22,1152.5,NA
8/27/2010,1,1170,NA
8/27/2010,4,1181.5,NA
8/27/2010,7,1190,NA
8/27/2010,10,1194,NA
8/27/2010,13,1197,NA
8/27/2010,16,1192,NA
8/27/2010,19,1187,NA
8/27/2010,22,1185.5,NA
8/28/2010,1,1181,NA
8/28/2010,4,1176,NA
8/28/2010,7,1170,NA
8/28/2010,10,1161,NA
8/28/2010,13,1156,NA
8/28/2010,16,1164,NA
8/28/2010,19,1170,NA
8/28/2010,22,1173,NA
8/29/2010,1,1175,NA
8/29/2010,4,1172,NA
8/29/2010,7,1169,NA
8/29/2010,10,1164,NA
8/29/2010,13,1160,NA
8/29/2010,16,1149.5,NA
8/29/2010,19,1141,NA
8/29/2010,22,1134,NA
8/30/2010,1,1127,NA
8/30/2010,4,1121,NA
8/30/2010,7,1116,NA
8/30/2010,10,1104,NA
8/30/2010,13,1097,NA
8/30/2010,16,1094.5,NA
8/30/2010,19,1092,NA
8/30/2010,22,1089,NA
8/31/2010,1,1087,NA
8/31/2010,4,1083.5,NA
8/31/2010,7,1077,NA
8/31/2010,10,1067,NA
8/31/2010,13,1062,NA
8/31/2010,16,1055.5,NA
8/31/2010,19,1051,NA
8/31/2010,22,1048,NA
9/1/2010,1,1045,NA
9/1/2010,4,1044.5,NA
9/1/2010,7,1042,NA
9/1/2010,10,1042,NA
9/1/2010,13,1039,NA
9/1/2010,16,1032,NA
9/1/2010,19,1025,NA
9/1/2010,22,1019,NA
9/2/2010,1,1015,NA
9/2/2010,4,1016,NA
9/2/2010,7,1020,NA
9/2/2010,10,1020,NA
9/2/2010,13,1020,NA
9/2/2010,16,1012,NA
9/2/2010,19,1002,NA
9/2/2010,22,988.5,NA
9/3/2010,1,974,NA
9/3/2010,4,968,NA
9/3/2010,7,967,NA
9/3/2010,10,965,NA
9/3/2010,13,965,NA
9/3/2010,16,960,NA
9/3/2010,19,954,NA
9/3/2010,22,944,NA
9/4/2010,1,934,NA
9/4/2010,4,940,NA
9/4/2010,7,945,NA
9/4/2010,10,956,NA
9/4/2010,13,964,NA
9/4/2010,16,962,NA
9/4/2010,19,957,NA
9/4/2010,22,952,NA
9/5/2010,1,946,NA
9/5/2010,4,945,NA
9/5/2010,7,944,NA
9/5/2010,10,948,NA
9/5/2010,13,951,NA
9/5/2010,16,959,NA
9/5/2010,19,960,NA
9/5/2010,22,950,NA
9/6/2010,1,938,NA
9/6/2010,4,934.5,NA
9/6/2010,7,932,NA
9/6/2010,10,931.5,NA
9/6/2010,13,941,NA
9/6/2010,16,936,NA
9/6/2010,19,931,NA
9/6/2010,22,925.5,NA
9/7/2010,1,922,NA
9/7/2010,4,921.5,NA
9/7/2010,7,926,NA
9/7/2010,10,936,NA
9/7/2010,13,944,NA
9/7/2010,16,943,NA
9/7/2010,19,940,NA
9/7/2010,22,937,NA
9/8/2010,1,935,NA
9/8/2010,4,955,NA
9/8/2010,7,976,NA
9/8/2010,10,995,NA
9/8/2010,13,999,NA
9/8/2010,16,995,NA
9/8/2010,19,980,NA
9/8/2010,22,979,NA
9/9/2010,1,978,NA
9/9/2010,4,990.5,NA
9/9/2010,7,1009,NA
9/9/2010,10,1036,NA
9/9/2010,13,1076,NA
9/9/2010,16,1036,NA
9/9/2010,19,995,NA
9/9/2010,22,977.5,NA
9/10/2010,1,960,NA
9/10/2010,4,976,NA
9/10/2010,7,997,NA
9/10/2010,10,1008.5,NA
9/10/2010,13,1015,NA
9/10/2010,16,1008,NA
9/10/2010,19,1001,NA
9/10/2010,22,1001,NA
9/11/2010,1,1001,NA
9/11/2010,4,985.5,NA
9/11/2010,7,971,NA
9/11/2010,10,978,NA
9/11/2010,13,985,NA
9/11/2010,16,1001.5,NA
9/11/2010,19,1018,NA
9/11/2010,22,1046,NA
9/12/2010,1,1072,NA
9/12/2010,4,1085,NA
9/12/2010,7,1098,NA
9/12/2010,10,1098.5,NA
9/12/2010,13,1089,NA
9/12/2010,16,1067.5,NA
9/12/2010,19,1067,NA
9/12/2010,22,1061,NA
9/13/2010,1,1023,NA
9/13/2010,4,1004,NA
9/13/2010,7,980.3333333,NA
9/13/2010,10,962.6666667,NA
9/13/2010,13,950.3333333,NA
9/13/2010,16,945.3333333,NA
9/13/2010,19,944,NA
9/13/2010,22,939.25,NA
9/14/2010,1,935,NA
9/14/2010,4,936.5,NA
9/14/2010,7,943,NA
9/14/2010,10,959,NA
9/14/2010,13,974,NA
9/14/2010,16,977.5,NA
9/14/2010,19,979,NA
9/14/2010,22,979,NA
9/15/2010,1,982,NA
9/15/2010,4,994,NA
9/15/2010,7,1008,NA
9/15/2010,10,1021,NA
9/15/2010,13,1020,NA
9/15/2010,16,1017,NA
9/15/2010,19,1013,NA
9/15/2010,22,1008,NA
9/16/2010,1,1004,NA
9/16/2010,4,1007.5,NA
9/16/2010,7,1011,NA
9/16/2010,10,1021,NA
9/16/2010,13,1037,NA
9/16/2010,16,1040,NA
9/16/2010,19,1041,NA
9/16/2010,22,1042,NA
9/17/2010,1,1038,NA
9/17/2010,4,1044,NA
9/17/2010,7,1052,NA
9/17/2010,10,1055,NA
9/17/2010,13,1056,NA
9/17/2010,16,1052,NA
9/17/2010,19,1047,NA
9/17/2010,22,1031,NA
9/18/2010,1,1013,NA
9/18/2010,4,1011.5,NA
9/18/2010,7,1018,NA
9/18/2010,10,1023,NA
9/18/2010,13,1024,NA
9/18/2010,16,1019,NA
9/18/2010,19,1013,NA
9/18/2010,22,1007.5,NA
9/19/2010,1,1002,NA
9/19/2010,4,993,NA
9/19/2010,7,983,NA
9/19/2010,10,987,NA
9/19/2010,13,987,NA
9/19/2010,16,976.5,NA
9/19/2010,19,959,NA
9/19/2010,22,936,NA
9/20/2010,1,920,NA
9/20/2010,4,907.5,NA
9/20/2010,7,894,NA
9/20/2010,10,900.5,NA
9/20/2010,13,910,NA
9/20/2010,16,916,NA
9/20/2010,19,918,NA
9/20/2010,22,915,NA
9/21/2010,1,910,NA
9/21/2010,4,916.5,NA
9/21/2010,7,925,NA
9/21/2010,10,937.5,NA
9/21/2010,13,947,NA
9/21/2010,16,945.5,NA
9/21/2010,19,944,NA
9/21/2010,22,938,NA
9/22/2010,1,932,NA
9/22/2010,4,933,NA
9/22/2010,7,943,NA
9/22/2010,10,955,NA
9/22/2010,13,964,NA
9/22/2010,16,968.5,NA
9/22/2010,19,970,NA
9/22/2010,22,963,NA
9/23/2010,1,957,NA
9/23/2010,4,957.5,NA
9/23/2010,7,968,NA
9/23/2010,10,978.5,NA
9/23/2010,13,981,NA
9/23/2010,16,978.5,NA
9/23/2010,19,973,NA
9/23/2010,22,960.5,NA
9/24/2010,1,949,NA
9/24/2010,4,945,NA
9/24/2010,7,948,NA
9/24/2010,10,959.5,NA
9/24/2010,13,970,NA
9/24/2010,16,974,NA
9/24/2010,19,978,NA
9/24/2010,22,973.5,NA
9/25/2010,1,970,NA
9/25/2010,4,968.5,NA
9/25/2010,7,977,NA
9/25/2010,10,983.5,NA
9/25/2010,13,990,NA
9/25/2010,16,982.5,NA
9/25/2010,19,973,NA
9/25/2010,22,963.5,NA
9/26/2010,1,953,NA
9/26/2010,4,951.5,NA
9/26/2010,7,960,NA
9/26/2010,10,974.5,NA
9/26/2010,13,985,NA
9/26/2010,16,988.5,NA
9/26/2010,19,986,NA
9/26/2010,22,974.5,NA
9/27/2010,1,961,NA
9/27/2010,4,947,NA
9/27/2010,7,936,NA
9/27/2010,10,942,NA
9/27/2010,13,946,NA
9/27/2010,16,945,NA
9/27/2010,19,937,NA
9/27/2010,22,927,NA
9/28/2010,1,917,NA
9/28/2010,4,929.5,NA
9/28/2010,7,948,NA
9/28/2010,10,977.3333333,NA
9/28/2010,13,1000.666667,NA
9/28/2010,16,1018.333333,NA
9/28/2010,19,1029.666667,NA
9/28/2010,22,1038.5,NA
9/29/2010,1,1046,NA
9/29/2010,4,1063.5,NA
9/29/2010,7,1072,NA
9/29/2010,10,1075,NA
9/29/2010,13,1076,NA
9/29/2010,16,1063,NA
9/29/2010,19,1056,NA
9/29/2010,22,1047.5,NA
9/30/2010,1,1041,NA
9/30/2010,4,1049.5,NA
9/30/2010,7,1052,NA
9/30/2010,10,1051.5,NA
9/30/2010,13,1050,NA
9/30/2010,16,1041,NA
9/30/2010,19,1033,NA
9/30/2010,22,1025.5,NA
10/1/2010,1,1020,NA
10/1/2010,4,1024,NA
10/1/2010,7,1028,NA
10/1/2010,10,1027,NA
10/1/2010,13,1025,NA
10/1/2010,16,1017,NA
10/1/2010,19,1009,NA
10/1/2010,22,1000,NA
10/2/2010,1,993,NA
10/2/2010,4,996,NA
10/2/2010,7,1001,NA
10/2/2010,10,998,NA
10/2/2010,13,986,NA
10/2/2010,16,979.5,NA
10/2/2010,19,978,NA
10/2/2010,22,968.5,NA
10/3/2010,1,961,NA
10/3/2010,4,968,NA
10/3/2010,7,973,NA
10/3/2010,10,966.5,NA
10/3/2010,13,960,NA
10/3/2010,16,945.5,NA
10/3/2010,19,934,NA
10/3/2010,22,915,NA
10/4/2010,1,896,NA
10/4/2010,4,893,NA
10/4/2010,7,897,NA
10/4/2010,10,902,NA
10/4/2010,13,901,NA
10/4/2010,16,907.5,NA
10/4/2010,19,912,NA
10/4/2010,22,906,NA
10/5/2010,1,899,NA
10/5/2010,4,892.5,NA
10/5/2010,7,886,NA
10/5/2010,10,879,NA
10/5/2010,13,877,NA
10/5/2010,16,888,NA
10/5/2010,19,895,NA
10/5/2010,22,899,NA
10/6/2010,1,903,NA
10/6/2010,4,895,NA
10/6/2010,7,880,NA
10/6/2010,10,879,NA
10/6/2010,13,882,NA
10/6/2010,16,889,NA
10/6/2010,19,896,NA
10/6/2010,22,886.5,NA
10/7/2010,1,875,NA
10/7/2010,4,865.5,NA
10/7/2010,7,860,NA
10/7/2010,10,854.5,NA
10/7/2010,13,851,NA
10/7/2010,16,857.5,NA
10/7/2010,19,869,NA
10/7/2010,22,865,NA
10/8/2010,1,858,NA
10/8/2010,4,852.5,NA
10/8/2010,7,849,NA
10/8/2010,10,857.5,NA
10/8/2010,13,859,NA
10/8/2010,16,860.5,NA
10/8/2010,19,864,NA
10/8/2010,22,854,NA
10/9/2010,1,844,NA
10/9/2010,4,838.5,NA
10/9/2010,7,833,NA
10/9/2010,10,831.5,NA
10/9/2010,13,828,NA
10/9/2010,16,839.5,NA
10/9/2010,19,851,NA
10/9/2010,22,852,NA
10/10/2010,1,853,NA
10/10/2010,4,836,NA
10/10/2010,7,820,NA
10/10/2010,10,812,NA
10/10/2010,13,811,NA
10/10/2010,16,819.5,NA
10/10/2010,19,829,NA
10/10/2010,22,834.5,NA
10/11/2010,1,838,NA
10/11/2010,4,816,NA
10/11/2010,7,797,NA
10/11/2010,10,781.5,NA
10/11/2010,13,766,NA
10/11/2010,16,753.5,NA
10/11/2010,19,745,NA
10/11/2010,22,732.5,NA
10/12/2010,1,723,NA
10/12/2010,4,719,NA
10/12/2010,7,718,NA
10/12/2010,10,745,NA
10/12/2010,13,772,NA
10/12/2010,16,808,NA
10/12/2010,19,832,NA
10/12/2010,22,845.5,NA
10/13/2010,1,848,NA
10/13/2010,4,848,NA
10/13/2010,7,859,NA
10/13/2010,10,872,NA
10/13/2010,13,880,NA
10/13/2010,16,880,NA
10/13/2010,19,878,NA
10/13/2010,22,874.5,NA
10/14/2010,1,868,NA
10/14/2010,4,864,NA
10/14/2010,7,861,NA
10/14/2010,10,862.5,NA
10/14/2010,13,864,NA
10/14/2010,16,863,NA
10/14/2010,19,856,NA
10/14/2010,22,849.5,NA
10/15/2010,1,846,NA
10/15/2010,4,845,NA
10/15/2010,7,849,NA
10/15/2010,10,850.5,NA
10/15/2010,13,857,NA
10/15/2010,16,871.5,NA
10/15/2010,19,883,NA
10/15/2010,22,884,NA
10/16/2010,1,879,NA
10/16/2010,4,868,NA
10/16/2010,7,860,NA
10/16/2010,10,854.5,NA
10/16/2010,13,853,NA
10/16/2010,16,867.5,NA
10/16/2010,19,877,NA
10/16/2010,22,872,NA
10/17/2010,1,861,NA
10/17/2010,4,852,NA
10/17/2010,7,847,NA
10/17/2010,10,830.5,NA
10/17/2010,13,826,NA
10/17/2010,16,818,NA
10/17/2010,19,811,NA
10/17/2010,22,800,NA
10/18/2010,1,799,NA
10/18/2010,4,787.5,NA
10/18/2010,7,774,NA
10/18/2010,10,754.5,NA
10/18/2010,13,737,NA
10/18/2010,16,733.5,NA
10/18/2010,19,736,NA
10/18/2010,22,753.5,NA
10/19/2010,1,768,NA
10/19/2010,4,781.5,NA
10/19/2010,7,793,NA
10/19/2010,10,788,NA
10/19/2010,13,782,NA
10/19/2010,16,799,NA
10/19/2010,19,823,NA
10/19/2010,22,843.5,NA
10/20/2010,1,851,NA
10/20/2010,4,851.5,NA
10/20/2010,7,848,NA
10/20/2010,10,847.5,NA
10/20/2010,13,845,NA
10/20/2010,16,841,NA
10/20/2010,19,840,NA
10/20/2010,22,836.5,NA
10/21/2010,1,832,NA
10/21/2010,4,831.5,NA
10/21/2010,7,831,NA
10/21/2010,10,827.5,NA
10/21/2010,13,824,NA
10/21/2010,16,838.5,NA
10/21/2010,19,850,NA
10/21/2010,22,835.5,NA
10/22/2010,1,821,NA
10/22/2010,4,817.5,NA
10/22/2010,7,814,NA
10/22/2010,10,812,NA
10/22/2010,13,811,NA
10/22/2010,16,815,NA
10/22/2010,19,817,NA
10/22/2010,22,814,NA
10/23/2010,1,810,NA
10/23/2010,4,809.5,NA
10/23/2010,7,808,NA
10/23/2010,10,809,NA
10/23/2010,13,815,NA
10/23/2010,16,827.5,NA
10/23/2010,19,835,NA
10/23/2010,22,827,NA
10/24/2010,1,816,NA
10/24/2010,4,809,NA
10/24/2010,7,806,NA
10/24/2010,10,800.5,NA
10/24/2010,13,799,NA
10/24/2010,16,809,NA
10/24/2010,19,817,NA
10/24/2010,22,815,NA
10/25/2010,1,806,NA
10/25/2010,4,789,NA
10/25/2010,7,776,NA
10/25/2010,10,752.5,NA
10/25/2010,13,732,NA
10/25/2010,16,724,NA
10/25/2010,19,727,NA
10/25/2010,22,734.5,NA
10/26/2010,1,738,NA
10/26/2010,4,746.5,NA
10/26/2010,7,757,NA
10/26/2010,10,777.5,NA
10/26/2010,13,797,NA
10/26/2010,16,808,NA
10/26/2010,19,812,NA
10/26/2010,22,808.5,NA
10/27/2010,1,803,NA
10/27/2010,4,793.5,NA
10/27/2010,7,783,NA
10/27/2010,10,776.5,NA
10/27/2010,13,773,NA
10/27/2010,16,778,NA
10/27/2010,19,780,NA
10/27/2010,22,776.5,NA
10/28/2010,1,771,NA
10/28/2010,4,769,NA
10/28/2010,7,765,NA
10/28/2010,10,761,NA
10/28/2010,13,759,NA
10/28/2010,16,785.5,NA
10/28/2010,19,813,NA
10/28/2010,22,820,NA
10/29/2010,1,827,NA
10/29/2010,4,810,NA
10/29/2010,7,795,NA
10/29/2010,10,784.5,NA
10/29/2010,13,775,NA
10/29/2010,16,786,NA
10/29/2010,19,798,NA
10/29/2010,22,804.5,NA
10/30/2010,1,793,NA
10/30/2010,4,783,NA
10/30/2010,7,775,NA
10/30/2010,10,772.5,NA
10/30/2010,13,770,NA
10/30/2010,16,784.5,NA
10/30/2010,19,799,NA
10/30/2010,22,806.5,NA
10/31/2010,1,801,NA
10/31/2010,4,790,NA
10/31/2010,7,783,NA
10/31/2010,10,763.5,NA
10/31/2010,13,743,NA
10/31/2010,16,720,NA
10/31/2010,19,700,NA
10/31/2010,22,696,NA
11/1/2010,1,692,NA
11/1/2010,4,688,NA
11/1/2010,7,681,NA
11/1/2010,10,676,NA
11/1/2010,13,672,NA
11/1/2010,16,671,NA
11/1/2010,19,667,NA
11/1/2010,22,677,NA
11/2/2010,1,685,NA
11/2/2010,4,680,NA
11/2/2010,7,675,NA
11/2/2010,10,669.5,NA
11/2/2010,13,681,NA
11/2/2010,16,707,NA
11/2/2010,19,733,NA
11/2/2010,22,741,NA
11/3/2010,1,741,NA
11/3/2010,4,729,NA
11/3/2010,7,710,NA
11/3/2010,10,695.5,NA
11/3/2010,13,685,NA
11/3/2010,16,696.5,NA
11/3/2010,19,718,NA
11/3/2010,22,736.5,NA
11/4/2010,1,745,NA
11/4/2010,4,734,NA
11/4/2010,7,720,NA
11/4/2010,10,701,NA
11/4/2010,13,686,NA
11/4/2010,16,693.5,NA
11/4/2010,19,711,NA
11/4/2010,22,726,NA
11/5/2010,1,730,NA
11/5/2010,4,721,NA
11/5/2010,7,706,NA
11/5/2010,10,681.5,NA
11/5/2010,13,666,NA
11/5/2010,16,680,NA
11/5/2010,19,708,NA
11/5/2010,22,712.5,NA
11/6/2010,1,719,NA
11/6/2010,4,723,NA
11/6/2010,7,718,NA
11/6/2010,10,698,NA
11/6/2010,13,688,NA
11/6/2010,16,701.5,NA
11/6/2010,19,715,NA
11/6/2010,22,719,NA
11/7/2010,1,717,NA
11/7/2010,4,707,NA
11/7/2010,7,700,NA
11/7/2010,10,677,NA
11/7/2010,13,660,NA
11/7/2010,16,653.5,NA
11/7/2010,19,656,NA
11/7/2010,22,658,NA
11/8/2010,1,650,NA
11/8/2010,4,633.5,NA
11/8/2010,7,621,NA
11/8/2010,10,612.5,NA
11/8/2010,13,605,NA
11/8/2010,16,606,NA
11/8/2010,19,627,NA
11/8/2010,22,644,NA
11/9/2010,1,657,NA
11/9/2010,4,652,NA
11/9/2010,7,645,NA
11/9/2010,10,635.5,NA
11/9/2010,13,618,NA
11/9/2010,16,641.5,NA
11/9/2010,19,669,NA
11/9/2010,22,692,NA
11/10/2010,1,703,NA
11/10/2010,4,699,NA
11/10/2010,7,693,NA
11/10/2010,10,676,NA
11/10/2010,13,660,NA
11/10/2010,16,674.5,NA
11/10/2010,19,692,NA
11/10/2010,22,706,NA
11/11/2010,1,706,NA
11/11/2010,4,701.5,NA
11/11/2010,7,697,NA
11/11/2010,10,679.5,NA
11/11/2010,13,662,NA
11/11/2010,16,666,NA
11/11/2010,19,679,NA
11/11/2010,22,690,NA
11/12/2010,1,697,NA
11/12/2010,4,693,NA
11/12/2010,7,689,NA
11/12/2010,10,678.5,NA
11/12/2010,13,657,NA
11/12/2010,16,642,NA
11/12/2010,19,655,NA
11/12/2010,22,667,NA
11/13/2010,1,675,NA
11/13/2010,4,677.5,NA
11/13/2010,7,673,NA
11/13/2010,10,662,NA
11/13/2010,13,651,NA
11/13/2010,16,647,NA
11/13/2010,19,657,NA
11/13/2010,22,664.5,NA
11/14/2010,1,671,NA
11/14/2010,4,668.5,NA
11/14/2010,7,652,NA
11/14/2010,10,636.5,NA
11/14/2010,13,625,NA
11/14/2010,16,617,NA
11/14/2010,19,618,NA
11/14/2010,22,625.5,NA
11/15/2010,1,635,NA
11/15/2010,4,616.5,NA
11/15/2010,7,592,NA
11/15/2010,10,582,NA
11/15/2010,13,573,NA
11/15/2010,16,570.5,NA
11/15/2010,19,577,NA
11/15/2010,22,593.5,NA
11/16/2010,1,613,NA
11/16/2010,4,633,NA
11/16/2010,7,650,NA
11/16/2010,10,647.5,NA
11/16/2010,13,636,NA
11/16/2010,16,641,NA
11/16/2010,19,652,NA
11/16/2010,22,660.5,NA
11/17/2010,1,667,NA
11/17/2010,4,669,NA
11/17/2010,7,663,NA
11/17/2010,10,649.5,NA
11/17/2010,13,632,NA
11/17/2010,16,625.5,NA
11/17/2010,19,642,NA
11/17/2010,22,651.5,NA
11/18/2010,1,660,NA
11/18/2010,4,660,NA
11/18/2010,7,650,NA
11/18/2010,10,636,NA
11/18/2010,13,622,NA
11/18/2010,16,633,NA
11/18/2010,19,646,NA
11/18/2010,22,652.5,NA
11/19/2010,1,660,NA
11/19/2010,4,664.5,NA
11/19/2010,7,656,NA
11/19/2010,10,642,NA
11/19/2010,13,629,NA
11/19/2010,16,630,NA
11/19/2010,19,645,NA
11/19/2010,22,656.5,NA
11/20/2010,1,662,NA
11/20/2010,4,662.5,NA
11/20/2010,7,657,NA
11/20/2010,10,640.5,NA
11/20/2010,13,624,NA
11/20/2010,16,618.5,NA
11/20/2010,19,630,NA
11/20/2010,22,633.5,NA
11/21/2010,1,641,NA
11/21/2010,4,653,NA
11/21/2010,7,654,NA
11/21/2010,10,644,NA
11/21/2010,13,631,NA
11/21/2010,16,616,NA
11/21/2010,19,605,NA
11/21/2010,22,614.5,NA
11/22/2010,1,636,NA
11/22/2010,4,644,NA
11/22/2010,7,626,NA
11/22/2010,10,618.5,NA
11/22/2010,13,610,NA
11/22/2010,16,610,NA
11/22/2010,19,622,NA
11/22/2010,22,633,NA
11/23/2010,1,642,NA
11/23/2010,4,652,NA
11/23/2010,7,658,NA
11/23/2010,10,668,NA
11/23/2010,13,675,NA
11/23/2010,16,678,NA
11/23/2010,19,680,NA
11/23/2010,22,683,NA
11/24/2010,1,681,NA
11/24/2010,4,677,NA
11/24/2010,7,674,NA
11/24/2010,10,662.5,NA
11/24/2010,13,648,NA
11/24/2010,16,638.5,NA
11/24/2010,19,645,NA
11/24/2010,22,658.5,NA
11/25/2010,1,664,NA
11/25/2010,4,670,NA
11/25/2010,7,667,NA
11/25/2010,10,652.5,NA
11/25/2010,13,645,NA
11/25/2010,16,644.5,NA
11/25/2010,19,654,NA
11/25/2010,22,662,NA
11/26/2010,1,668,NA
11/26/2010,4,670,NA
11/26/2010,7,664,NA
11/26/2010,10,650,NA
11/26/2010,13,637,NA
11/26/2010,16,633,NA
11/26/2010,19,646,NA
11/26/2010,22,659.5,NA
11/27/2010,1,667,NA
11/27/2010,4,668,NA
11/27/2010,7,659,NA
11/27/2010,10,645.5,NA
11/27/2010,13,630,NA
11/27/2010,16,621.5,NA
11/27/2010,19,630,NA
11/27/2010,22,644.5,NA
11/28/2010,1,664,NA
11/28/2010,4,666,NA
11/28/2010,7,648,NA
11/28/2010,10,630,NA
11/28/2010,13,610,NA
11/28/2010,16,597.5,NA
11/28/2010,19,590,NA
11/28/2010,22,581,NA
11/29/2010,1,582,NA
11/29/2010,4,589.5,NA
11/29/2010,7,598,NA
11/29/2010,10,590,NA
11/29/2010,13,585,NA
11/29/2010,16,579.5,NA
11/29/2010,19,584,NA
11/29/2010,22,597,NA
11/30/2010,1,607,NA
11/30/2010,4,621,NA
11/30/2010,7,630,NA
11/30/2010,10,615.5,NA
11/30/2010,13,605,NA
11/30/2010,16,605,NA
11/30/2010,19,623,NA
11/30/2010,22,638.5,NA
12/1/2010,1,647,NA
12/1/2010,4,652.5,NA
12/1/2010,7,656,NA
12/1/2010,10,646.5,NA
12/1/2010,13,638,NA
12/1/2010,16,640.5,NA
12/1/2010,19,659,NA
12/1/2010,22,671.5,NA
12/2/2010,1,680,NA
12/2/2010,4,687,NA
12/2/2010,7,685,NA
12/2/2010,10,672.5,NA
12/2/2010,13,658,NA
12/2/2010,16,655,NA
12/2/2010,19,662,NA
12/2/2010,22,674.5,NA
12/3/2010,1,685,NA
12/3/2010,4,691.5,NA
12/3/2010,7,687,NA
12/3/2010,10,671.5,NA
12/3/2010,13,660,NA
12/3/2010,16,653,NA
12/3/2010,19,654,NA
12/3/2010,22,661.5,NA
12/4/2010,1,667,NA
12/4/2010,4,673,NA
12/4/2010,7,668,NA
12/4/2010,10,657.5,NA
12/4/2010,13,642,NA
12/4/2010,16,632,NA
12/4/2010,19,622,NA
12/4/2010,22,628.5,NA
12/5/2010,1,636,NA
12/5/2010,4,641.5,NA
12/5/2010,7,639,NA
12/5/2010,10,636,NA
12/5/2010,13,629,NA
12/5/2010,16,621.5,NA
12/5/2010,19,616,NA
12/5/2010,22,622.5,NA
12/6/2010,1,631,NA
12/6/2010,4,640,NA
12/6/2010,7,636,NA
12/6/2010,10,622,NA
12/6/2010,13,608,NA
12/6/2010,16,598,NA
12/6/2010,19,607,NA
12/6/2010,22,614,NA
12/7/2010,1,624,NA
12/7/2010,4,634,NA
12/7/2010,7,631,NA
12/7/2010,10,630,NA
12/7/2010,13,625,NA
12/7/2010,16,624.5,NA
12/7/2010,19,631,NA
12/7/2010,22,638.5,NA
12/8/2010,1,649,NA
12/8/2010,4,664.5,NA
12/8/2010,7,676,NA
12/8/2010,10,665,NA
12/8/2010,13,652,NA
12/8/2010,16,647.5,NA
12/8/2010,19,663,NA
12/8/2010,22,672.5,NA
12/9/2010,1,680,NA
12/9/2010,4,685,NA
12/9/2010,7,677,NA
12/9/2010,10,660.5,NA
12/9/2010,13,647,NA
12/9/2010,16,634,NA
12/9/2010,19,638,NA
12/9/2010,22,645.5,NA
12/10/2010,1,654,NA
12/10/2010,4,659,NA
12/10/2010,7,650,NA
12/10/2010,10,638,NA
12/10/2010,13,628,NA
12/10/2010,16,628,NA
12/10/2010,19,640,NA
12/10/2010,22,656.5,NA
12/11/2010,1,664,NA
12/11/2010,4,658,NA
12/11/2010,7,652,NA
12/11/2010,10,644,NA
12/11/2010,13,635,NA
12/11/2010,16,625.5,NA
12/11/2010,19,630,NA
12/11/2010,22,636.5,NA
12/12/2010,1,633,NA
12/12/2010,4,620,NA
12/12/2010,7,610,NA
12/12/2010,10,603,NA
12/12/2010,13,596,NA
12/12/2010,16,595,NA
12/12/2010,19,603,NA
12/12/2010,22,610,NA
12/13/2010,1,615,NA
12/13/2010,4,609,NA
12/13/2010,7,604,NA
12/13/2010,10,593.5,NA
12/13/2010,13,586,NA
12/13/2010,16,597.5,NA
12/13/2010,19,616,NA
12/13/2010,22,636.5,NA
12/14/2010,1,651,NA
12/14/2010,4,658,NA
12/14/2010,7,666,NA
12/14/2010,10,663,NA
12/14/2010,13,667,NA
12/14/2010,16,685,NA
12/14/2010,19,707,NA
12/14/2010,22,728.5,NA
12/15/2010,1,742,NA
12/15/2010,4,746,NA
12/15/2010,7,742,NA
12/15/2010,10,730.5,NA
12/15/2010,13,720,NA
12/15/2010,16,718,NA
12/15/2010,19,722,NA
12/15/2010,22,738.5,NA
12/16/2010,1,753,NA
12/16/2010,4,768.5,NA
12/16/2010,7,781,NA
12/16/2010,10,779.5,NA
12/16/2010,13,773,NA
12/16/2010,16,777,NA
12/16/2010,19,790,NA
12/16/2010,22,799.5,NA
12/17/2010,1,806,NA
12/17/2010,4,802,NA
12/17/2010,7,791,NA
12/17/2010,10,773.5,NA
12/17/2010,13,757,NA
12/17/2010,16,754.5,NA
12/17/2010,19,770,NA
12/17/2010,22,783.5,NA
12/18/2010,1,795,NA
12/18/2010,4,780,NA
12/18/2010,7,764,NA
12/18/2010,10,749.5,NA
12/18/2010,13,731,NA
12/18/2010,16,718.5,NA
12/18/2010,19,726,NA
12/18/2010,22,737,NA
12/19/2010,1,745,NA
12/19/2010,4,750,NA
12/19/2010,7,740,NA
12/19/2010,10,724,NA
12/19/2010,13,707,NA
12/19/2010,16,696,NA
12/19/2010,19,697,NA
12/19/2010,22,707,NA
12/20/2010,1,715,NA
12/20/2010,4,713.5,NA
12/20/2010,7,698,NA
12/20/2010,10,681.5,NA
12/20/2010,13,664,NA
12/20/2010,16,660,NA
12/20/2010,19,675,NA
12/20/2010,22,688,NA
12/21/2010,1,700,NA
12/21/2010,4,704.5,NA
12/21/2010,7,690,NA
12/21/2010,10,677.5,NA
12/21/2010,13,663,NA
12/21/2010,16,660,NA
12/21/2010,19,672,NA
12/21/2010,22,685,NA
12/22/2010,1,694,NA
12/22/2010,4,689,NA
12/22/2010,7,680,NA
12/22/2010,10,667.5,NA
12/22/2010,13,655,NA
12/22/2010,16,664.5,NA
12/22/2010,19,686,NA
12/22/2010,22,700.5,NA
12/23/2010,1,709,NA
12/23/2010,4,710.5,NA
12/23/2010,7,703,NA
12/23/2010,10,691.5,NA
12/23/2010,13,672,NA
12/23/2010,16,675,NA
12/23/2010,19,699,NA
12/23/2010,22,712.5,NA
12/24/2010,1,720,NA
12/24/2010,4,721.5,NA
12/24/2010,7,715,NA
12/24/2010,10,705.5,NA
12/24/2010,13,695,NA
12/24/2010,16,683.5,NA
12/24/2010,19,677,NA
12/24/2010,22,686,NA
12/25/2010,1,700,NA
12/25/2010,4,707,NA
12/25/2010,7,717,NA
12/25/2010,10,707.5,NA
12/25/2010,13,691,NA
12/25/2010,16,686,NA
12/25/2010,19,690,NA
12/25/2010,22,700,NA
12/26/2010,1,709,NA
12/26/2010,4,710.5,NA
12/26/2010,7,700,NA
12/26/2010,10,678.5,NA
12/26/2010,13,660,NA
12/26/2010,16,650,NA
12/26/2010,19,655,NA
12/26/2010,22,668,NA
12/27/2010,1,680,NA
12/27/2010,4,677,NA
12/27/2010,7,658,NA
12/27/2010,10,637.5,NA
12/27/2010,13,626,NA
12/27/2010,16,621.5,NA
12/27/2010,19,630,NA
12/27/2010,22,649,NA
12/28/2010,1,660,NA
12/28/2010,4,669.5,NA
12/28/2010,7,664,NA
12/28/2010,10,649,NA
12/28/2010,13,643,NA
12/28/2010,16,647,NA
12/28/2010,19,670,NA
12/28/2010,22,688,NA
12/29/2010,1,700,NA
12/29/2010,4,700.5,NA
12/29/2010,7,685,NA
12/29/2010,10,667,NA
12/29/2010,13,652,NA
12/29/2010,16,642,NA
12/29/2010,19,646,NA
12/29/2010,22,650,NA
12/30/2010,1,654,NA
12/30/2010,4,641.5,NA
12/30/2010,7,630,NA
12/30/2010,10,627.5,NA
12/30/2010,13,625,NA
12/30/2010,16,624.5,NA
12/30/2010,19,628,NA
12/30/2010,22,631.5,NA
12/31/2010,1,635,NA
12/31/2010,4,635.5,NA
12/31/2010,7,623,NA
12/31/2010,10,617.5,NA
12/31/2010,13,614,NA
12/31/2010,16,615.5,NA
12/31/2010,19,619,NA
12/31/2010,22,624.5,NA
1/1/2011,1,630,NA
1/1/2011,4,630,NA
1/1/2011,7,622,NA
1/1/2011,10,618,NA
1/1/2011,13,612,NA
1/1/2011,16,609,NA
1/1/2011,19,605,NA
1/1/2011,22,601,NA
1/2/2011,1,607,NA
1/2/2011,4,604,NA
1/2/2011,7,585,NA
1/2/2011,10,579,NA
1/2/2011,13,576,NA
1/2/2011,16,571,NA
1/2/2011,19,567,NA
1/2/2011,22,563.5,NA
1/3/2011,1,560,NA
1/3/2011,4,558,NA
1/3/2011,7,555,NA
1/3/2011,10,548,NA
1/3/2011,13,543,NA
1/3/2011,16,537.5,NA
1/3/2011,19,535,NA
1/3/2011,22,542,NA
1/4/2011,1,555,NA
1/4/2011,4,566.5,NA
1/4/2011,7,574,NA
1/4/2011,10,579,NA
1/4/2011,13,583,NA
1/4/2011,16,586.5,NA
1/4/2011,19,590,NA
1/4/2011,22,595.5,NA
1/5/2011,1,600,NA
1/5/2011,4,608,NA
1/5/2011,7,615,NA
1/5/2011,10,621.5,NA
1/5/2011,13,626,NA
1/5/2011,16,629,NA
1/5/2011,19,631,NA
1/5/2011,22,634.5,NA
1/6/2011,1,638,NA
1/6/2011,4,638.5,NA
1/6/2011,7,640,NA
1/6/2011,10,640,NA
1/6/2011,13,636,NA
1/6/2011,16,630.5,NA
1/6/2011,19,626,NA
1/6/2011,22,642,NA
1/7/2011,1,660,NA
1/7/2011,4,665,NA
1/7/2011,7,655,NA
1/7/2011,10,648,NA
1/7/2011,13,642,NA
1/7/2011,16,644,NA
1/7/2011,19,661,NA
1/7/2011,22,680.5,NA
1/8/2011,1,695,NA
1/8/2011,4,695.5,NA
1/8/2011,7,690,NA
1/8/2011,10,682,NA
1/8/2011,13,673,NA
1/8/2011,16,667.5,NA
1/8/2011,19,664,NA
1/8/2011,22,669,NA
1/9/2011,1,673,NA
1/9/2011,4,665.5,NA
1/9/2011,7,661,NA
1/9/2011,10,655,NA
1/9/2011,13,648,NA
1/9/2011,16,638.5,NA
1/9/2011,19,633,NA
1/9/2011,22,628,NA
1/10/2011,1,631,NA
1/10/2011,4,639.5,NA
1/10/2011,7,637,NA
1/10/2011,10,633.5,NA
1/10/2011,13,630,NA
1/10/2011,16,618.5,NA
1/10/2011,19,610,NA
1/10/2011,22,614,NA
1/11/2011,1,619,NA
1/11/2011,4,627,NA
1/11/2011,7,633,NA
1/11/2011,10,631,NA
1/11/2011,13,626,NA
1/11/2011,16,620.5,NA
1/11/2011,19,615,NA
1/11/2011,22,613,NA
1/12/2011,1,624,NA
1/12/2011,4,637,NA
1/12/2011,7,647,NA
1/12/2011,10,640.5,NA
1/12/2011,13,634,NA
1/12/2011,16,628,NA
1/12/2011,19,621,NA
1/12/2011,22,612.5,NA
1/13/2011,1,607,NA
1/13/2011,4,599.5,NA
1/13/2011,7,588,NA
1/13/2011,10,585,NA
1/13/2011,13,583,NA
1/13/2011,16,581,NA
1/13/2011,19,586,NA
1/13/2011,22,600,NA
1/14/2011,1,617,NA
1/14/2011,4,634,NA
1/14/2011,7,648,NA
1/14/2011,10,649.5,NA
1/14/2011,13,649,NA
1/14/2011,16,643.5,NA
1/14/2011,19,640,NA
1/14/2011,22,637,NA
1/15/2011,1,645,NA
1/15/2011,4,653.5,NA
1/15/2011,7,661,NA
1/15/2011,10,656,NA
1/15/2011,13,649,NA
1/15/2011,16,639.5,NA
1/15/2011,19,633,NA
1/15/2011,22,629.5,NA
1/16/2011,1,630,NA
1/16/2011,4,635,NA
1/16/2011,7,640,NA
1/16/2011,10,636,NA
1/16/2011,13,629,NA
1/16/2011,16,622,NA
1/16/2011,19,613,NA
1/16/2011,22,607,NA
1/17/2011,1,609,NA
1/17/2011,4,608,NA
1/17/2011,7,598,NA
1/17/2011,10,585.5,NA
1/17/2011,13,576,NA
1/17/2011,16,569,NA
1/17/2011,19,564,NA
1/17/2011,22,565,NA
1/18/2011,1,574,NA
1/18/2011,4,585,NA
1/18/2011,7,595,NA
1/18/2011,10,599,NA
1/18/2011,13,596,NA
1/18/2011,16,591,NA
1/18/2011,19,593,NA
1/18/2011,22,596,NA
1/19/2011,1,601,NA
1/19/2011,4,603,NA
1/19/2011,7,597,NA
1/19/2011,10,597,NA
1/19/2011,13,596,NA
1/19/2011,16,592,NA
1/19/2011,19,588,NA
1/19/2011,22,593,NA
1/20/2011,1,603,NA
1/20/2011,4,611,NA
1/20/2011,7,610,NA
1/20/2011,10,609,NA
1/20/2011,13,606,NA
1/20/2011,16,606.5,NA
1/20/2011,19,626,NA
1/20/2011,22,643.5,NA
1/21/2011,1,655,NA
1/21/2011,4,668,NA
1/21/2011,7,677,NA
1/21/2011,10,681.5,NA
1/21/2011,13,676,NA
1/21/2011,16,669.5,NA
1/21/2011,19,660,NA
1/21/2011,22,655,NA
1/22/2011,1,651,NA
1/22/2011,4,650.5,NA
1/22/2011,7,655,NA
1/22/2011,10,655,NA
1/22/2011,13,647,NA
1/22/2011,16,643.5,NA
1/22/2011,19,650,NA
1/22/2011,22,659.5,NA
1/23/2011,1,664,NA
1/23/2011,4,665,NA
1/23/2011,7,660,NA
1/23/2011,10,652,NA
1/23/2011,13,640,NA
1/23/2011,16,624.5,NA
1/23/2011,19,617,NA
1/23/2011,22,611.5,NA
1/24/2011,1,615,NA
1/24/2011,4,625.5,NA
1/24/2011,7,633,NA
1/24/2011,10,619.5,NA
1/24/2011,13,609,NA
1/24/2011,16,611,NA
1/24/2011,19,627,NA
1/24/2011,22,642,NA
1/25/2011,1,652,NA
1/25/2011,4,659.6666667,NA
1/25/2011,7,669.6666667,NA
1/25/2011,10,685,NA
1/25/2011,13,713.3333333,NA
1/25/2011,16,743.3333333,NA
1/25/2011,19,763.6666667,NA
1/25/2011,22,774.25,NA
1/26/2011,1,784,NA
1/26/2011,4,791.6666667,NA
1/26/2011,7,804,NA
1/26/2011,10,816.6666667,NA
1/26/2011,13,825.3333333,NA
1/26/2011,16,831.6666667,NA
1/26/2011,19,829,NA
1/26/2011,22,823.25,NA
1/27/2011,1,823,NA
1/27/2011,4,823.5,NA
1/27/2011,7,825,NA
1/27/2011,10,825,NA
1/27/2011,13,825,NA
1/27/2011,16,826,NA
1/27/2011,19,829,NA
1/27/2011,22,825,NA
1/28/2011,1,822,NA
1/28/2011,4,820.5,NA
1/28/2011,7,819,NA
1/28/2011,10,830,NA
1/28/2011,13,836,NA
1/28/2011,16,836.5,NA
1/28/2011,19,833,NA
1/28/2011,22,826.5,NA
1/29/2011,1,820,NA
1/29/2011,4,813.5,NA
1/29/2011,7,807,NA
1/29/2011,10,809,NA
1/29/2011,13,816,NA
1/29/2011,16,822,NA
1/29/2011,19,826,NA
1/29/2011,22,830,NA
1/30/2011,1,835,NA
1/30/2011,4,842,NA
1/30/2011,7,846,NA
1/30/2011,10,854,NA
1/30/2011,13,858,NA
1/30/2011,16,858,NA
1/30/2011,19,859,NA
1/30/2011,22,859,NA
1/31/2011,1,860,NA
1/31/2011,4,861,NA
1/31/2011,7,861,NA
1/31/2011,10,861.5,NA
1/31/2011,13,862,NA
1/31/2011,16,863,NA
1/31/2011,19,863,NA
1/31/2011,22,864,NA
2/1/2011,1,862,NA
2/1/2011,4,860,NA
2/1/2011,7,860,NA
2/1/2011,10,852,NA
2/1/2011,13,846,NA
2/1/2011,16,840.5,NA
2/1/2011,19,834,NA
2/1/2011,22,812.5,NA
2/2/2011,1,788,NA
2/2/2011,4,763.5,NA
2/2/2011,7,740,NA
2/2/2011,10,717.5,NA
2/2/2011,13,697,NA
2/2/2011,16,679,NA
2/2/2011,19,662,NA
2/2/2011,22,642,NA
2/3/2011,1,622,NA
2/3/2011,4,604,NA
2/3/2011,7,592,NA
2/3/2011,10,583,NA
2/3/2011,13,572,NA
2/3/2011,16,562,NA
2/3/2011,19,554,NA
2/3/2011,22,547.5,NA
2/4/2011,1,541,NA
2/4/2011,4,538,NA
2/4/2011,7,535,NA
2/4/2011,10,533,NA
2/4/2011,13,532,NA
2/4/2011,16,530,NA
2/4/2011,19,530,NA
2/4/2011,22,528,NA
2/5/2011,1,526,NA
2/5/2011,4,526,NA
2/5/2011,7,524,NA
2/5/2011,10,522,NA
2/5/2011,13,520,NA
2/5/2011,16,519,NA
2/5/2011,19,518,NA
2/5/2011,22,516,521
2/6/2011,1,514,NA
2/6/2011,4,513,NA
2/6/2011,7,510,NA
2/6/2011,10,509,NA
2/6/2011,13,508,NA
2/6/2011,16,507,NA
2/6/2011,19,505,NA
2/6/2011,22,504,509
2/7/2011,1,503,NA
2/7/2011,4,503,NA
2/7/2011,7,502,NA
2/7/2011,10,501,NA
2/7/2011,13,501,NA
2/7/2011,16,503,NA
2/7/2011,19,504,NA
2/7/2011,22,506,503
2/8/2011,1,507,NA
2/8/2011,4,506,NA
2/8/2011,7,505,NA
2/8/2011,10,504,NA
2/8/2011,13,502,NA
2/8/2011,16,502,NA
2/8/2011,19,502,NA
2/8/2011,22,503,504
2/9/2011,1,505,NA
2/9/2011,4,507,NA
2/9/2011,7,508,NA
2/9/2011,10,509,NA
2/9/2011,13,510,NA
2/9/2011,16,510,NA
2/9/2011,19,508,NA
2/9/2011,22,507,508
2/10/2011,1,505,NA
2/10/2011,4,504,NA
2/10/2011,7,502,NA
2/10/2011,10,500,NA
2/10/2011,13,497,NA
2/10/2011,16,496,NA
2/10/2011,19,501,NA
2/10/2011,22,505,501
2/11/2011,1,509,NA
2/11/2011,4,508,NA
2/11/2011,7,507,NA
2/11/2011,10,505.5,NA
2/11/2011,13,504,NA
2/11/2011,16,508,NA
2/11/2011,19,545,NA
2/11/2011,22,589,NA
2/12/2011,1,614,NA
2/12/2011,4,628.3333333,NA
2/12/2011,7,652.3333333,NA
2/12/2011,10,686,NA
2/12/2011,13,725.3333333,NA
2/12/2011,16,760,NA
2/12/2011,19,781,NA
2/12/2011,22,801.25,NA
2/13/2011,1,813,NA
2/13/2011,4,818.5,NA
2/13/2011,7,823,NA
2/13/2011,10,829,NA
2/13/2011,13,833,NA
2/13/2011,16,835,NA
2/13/2011,19,839,NA
2/13/2011,22,842.5,NA
2/14/2011,1,846,NA
2/14/2011,4,850.5,NA
2/14/2011,7,854,NA
2/14/2011,10,857,NA
2/14/2011,13,857,NA
2/14/2011,16,854,NA
2/14/2011,19,852,NA
2/14/2011,22,851,NA
2/15/2011,1,851,NA
2/15/2011,4,850.5,NA
2/15/2011,7,850,NA
2/15/2011,10,849,NA
2/15/2011,13,847,NA
2/15/2011,16,843,NA
2/15/2011,19,839,NA
2/15/2011,22,836,NA
2/16/2011,1,835,NA
2/16/2011,4,839,NA
2/16/2011,7,841,NA
2/16/2011,10,845.5,NA
2/16/2011,13,849,NA
2/16/2011,16,850.5,NA
2/16/2011,19,852,NA
2/16/2011,22,855,NA
2/17/2011,1,859,NA
2/17/2011,4,862,NA
2/17/2011,7,865,NA
2/17/2011,10,868,NA
2/17/2011,13,870,NA
2/17/2011,16,867.5,NA
2/17/2011,19,867,NA
2/17/2011,22,866,NA
2/18/2011,1,863,NA
2/18/2011,4,860,NA
2/18/2011,7,856,NA
2/18/2011,10,845.5,NA
2/18/2011,13,840,NA
2/18/2011,16,837,NA
2/18/2011,19,833,NA
2/18/2011,22,820,NA
2/19/2011,1,809,NA
2/19/2011,4,798,NA
2/19/2011,7,785,NA
2/19/2011,10,780.5,NA
2/19/2011,13,776,NA
2/19/2011,16,774,NA
2/19/2011,19,765,NA
2/19/2011,22,751.5,NA
2/20/2011,1,739,NA
2/20/2011,4,729,NA
2/20/2011,7,719,NA
2/20/2011,10,708,NA
2/20/2011,13,704,NA
2/20/2011,16,702,NA
2/20/2011,19,700,NA
2/20/2011,22,692.5,NA
2/21/2011,1,677,NA
2/21/2011,4,659,NA
2/21/2011,7,642,NA
2/21/2011,10,624,NA
2/21/2011,13,607,NA
2/21/2011,16,590.5,NA
2/21/2011,19,578,NA
2/21/2011,22,568.5,NA
2/22/2011,1,562,NA
2/22/2011,4,565.5,NA
2/22/2011,7,569,NA
2/22/2011,10,557.5,NA
2/22/2011,13,549,NA
2/22/2011,16,560,NA
2/22/2011,19,572,NA
2/22/2011,22,580,NA
2/23/2011,1,585,NA
2/23/2011,4,579.5,NA
2/23/2011,7,574,NA
2/23/2011,10,569.5,NA
2/23/2011,13,569,NA
2/23/2011,16,575,NA
2/23/2011,19,582,NA
2/23/2011,22,591.5,NA
2/24/2011,1,598,NA
2/24/2011,4,600.5,NA
2/24/2011,7,598,NA
2/24/2011,10,587.5,NA
2/24/2011,13,578,NA
2/24/2011,16,576.5,NA
2/24/2011,19,586,NA
2/24/2011,22,610,NA
2/25/2011,1,626,NA
2/25/2011,4,629,NA
2/25/2011,7,625,NA
2/25/2011,10,618,NA
2/25/2011,13,616,NA
2/25/2011,16,631.5,NA
2/25/2011,19,640,NA
2/25/2011,22,648,NA
2/26/2011,1,654,NA
2/26/2011,4,649.5,NA
2/26/2011,7,641,NA
2/26/2011,10,642,NA
2/26/2011,13,646,NA
2/26/2011,16,655,NA
2/26/2011,19,660,NA
2/26/2011,22,656.5,NA
2/27/2011,1,650,NA
2/27/2011,4,639,NA
2/27/2011,7,628,NA
2/27/2011,10,625,NA
2/27/2011,13,632,NA
2/27/2011,16,640.5,NA
2/27/2011,19,645,NA
2/27/2011,22,635.5,NA
2/28/2011,1,626,NA
2/28/2011,4,617,NA
2/28/2011,7,607,NA
2/28/2011,10,593.5,NA
2/28/2011,13,582,NA
2/28/2011,16,573,NA
2/28/2011,19,565,NA
2/28/2011,22,557,NA
3/1/2011,1,552,NA
3/1/2011,4,548,NA
3/1/2011,7,545,NA
3/1/2011,10,541,NA
3/1/2011,13,548,NA
3/1/2011,16,564,NA
3/1/2011,19,581,NA
3/1/2011,22,592.5,NA
3/2/2011,1,602,NA
3/2/2011,4,603,NA
3/2/2011,7,590,NA
3/2/2011,10,583,NA
3/2/2011,13,581,NA
3/2/2011,16,583.5,NA
3/2/2011,19,592,NA
3/2/2011,22,597,NA
3/3/2011,1,602,NA
3/3/2011,4,593.5,NA
3/3/2011,7,584,NA
3/3/2011,10,579,NA
3/3/2011,13,578,NA
3/3/2011,16,582.5,NA
3/3/2011,19,589,NA
3/3/2011,22,589,NA
3/4/2011,1,584,NA
3/4/2011,4,579,NA
3/4/2011,7,571,NA
3/4/2011,10,561,NA
3/4/2011,13,554,NA
3/4/2011,16,547.5,NA
3/4/2011,19,542,NA
3/4/2011,22,543.5,NA
3/5/2011,1,548,NA
3/5/2011,4,555.5,NA
3/5/2011,7,555,NA
3/5/2011,10,550,NA
3/5/2011,13,545,NA
3/5/2011,16,541.5,NA
3/5/2011,19,544,NA
3/5/2011,22,553.5,NA
3/6/2011,1,562,NA
3/6/2011,4,574,NA
3/6/2011,7,581,NA
3/6/2011,10,571,NA
3/6/2011,13,564,NA
3/6/2011,16,560,NA
3/6/2011,19,558,NA
3/6/2011,22,563,NA
3/7/2011,1,567,NA
3/7/2011,4,561,NA
3/7/2011,7,553,NA
3/7/2011,10,544.5,NA
3/7/2011,13,538,NA
3/7/2011,16,530.5,NA
3/7/2011,19,525,NA
3/7/2011,22,531,NA
3/8/2011,1,541,NA
3/8/2011,4,550.5,NA
3/8/2011,7,547,NA
3/8/2011,10,539.5,NA
3/8/2011,13,536,NA
3/8/2011,16,562.5,NA
3/8/2011,19,599,NA
3/8/2011,22,629,NA
3/9/2011,1,640,NA
3/9/2011,4,625,NA
3/9/2011,7,608,NA
3/9/2011,10,596,NA
3/9/2011,13,588,NA
3/9/2011,16,587,NA
3/9/2011,19,586,NA
3/9/2011,22,596,NA
3/10/2011,1,610,NA
3/10/2011,4,624,NA
3/10/2011,7,615,NA
3/10/2011,10,593,NA
3/10/2011,13,578,NA
3/10/2011,16,574.5,NA
3/10/2011,19,585,NA
3/10/2011,22,590,NA
3/11/2011,1,589,NA
3/11/2011,4,582,NA
3/11/2011,7,571,NA
3/11/2011,10,564.5,NA
3/11/2011,13,561,NA
3/11/2011,16,569.5,NA
3/11/2011,19,589,NA
3/11/2011,22,602,NA
3/12/2011,1,610,NA
3/12/2011,4,596,NA
3/12/2011,7,583,NA
3/12/2011,10,569,NA
3/12/2011,13,555,NA
3/12/2011,16,553.5,NA
3/12/2011,19,565,NA
3/12/2011,22,575,NA
3/13/2011,1,584,NA
3/13/2011,4,585,NA
3/13/2011,7,572,NA
3/13/2011,10,560,NA
3/13/2011,13,550,NA
3/13/2011,16,550,NA
3/13/2011,19,564,NA
3/13/2011,22,572,NA
3/14/2011,1,580,NA
3/14/2011,4,580.5,NA
3/14/2011,7,566,NA
3/14/2011,10,555,NA
3/14/2011,13,545,NA
3/14/2011,16,539.5,NA
3/14/2011,19,535,NA
3/14/2011,22,530,NA
3/15/2011,1,535,NA
3/15/2011,4,555,NA
3/15/2011,7,565,NA
3/15/2011,10,551.5,NA
3/15/2011,13,541,NA
3/15/2011,16,546.5,NA
3/15/2011,19,555,NA
3/15/2011,22,568,NA
3/16/2011,1,585,NA
3/16/2011,4,607,NA
3/16/2011,7,628,NA
3/16/2011,10,618.5,NA
3/16/2011,13,605,NA
3/16/2011,16,619,NA
3/16/2011,19,646,NA
3/16/2011,22,654.5,NA
3/17/2011,1,661,NA
3/17/2011,4,666.5,NA
3/17/2011,7,673,NA
3/17/2011,10,659,NA
3/17/2011,13,652,NA
3/17/2011,16,665.5,NA
3/17/2011,19,688,NA
3/17/2011,22,698,NA
3/18/2011,1,706,NA
3/18/2011,4,711,NA
3/18/2011,7,709,NA
3/18/2011,10,714,NA
3/18/2011,13,721,NA
3/18/2011,16,727,NA
3/18/2011,19,733,NA
3/18/2011,22,738.5,NA
3/19/2011,1,745,NA
3/19/2011,4,753.5,NA
3/19/2011,7,761,NA
3/19/2011,10,764,NA
3/19/2011,13,768,NA
3/19/2011,16,771.5,NA
3/19/2011,19,776,NA
3/19/2011,22,778,NA
3/20/2011,1,772,NA
3/20/2011,4,765.5,NA
3/20/2011,7,761,NA
3/20/2011,10,757,NA
3/20/2011,13,752,NA
3/20/2011,16,751.5,NA
3/20/2011,19,750,NA
3/20/2011,22,744.5,NA
3/21/2011,1,735,NA
3/21/2011,4,720.5,NA
3/21/2011,7,708,NA
3/21/2011,10,694,NA
3/21/2011,13,685,NA
3/21/2011,16,674.5,NA
3/21/2011,19,666,NA
3/21/2011,22,659.5,NA
3/22/2011,1,654,NA
3/22/2011,4,648.5,NA
3/22/2011,7,644,NA
3/22/2011,10,648.5,NA
3/22/2011,13,656,NA
3/22/2011,16,669.5,NA
3/22/2011,19,677,NA
3/22/2011,22,675.5,NA
3/23/2011,1,670,NA
3/23/2011,4,660.5,NA
3/23/2011,7,652,NA
3/23/2011,10,651.5,NA
3/23/2011,13,649,NA
3/23/2011,16,654,NA
3/23/2011,19,657,NA
3/23/2011,22,659,NA
3/24/2011,1,657,NA
3/24/2011,4,650,NA
3/24/2011,7,645,NA
3/24/2011,10,656,NA
3/24/2011,13,669,NA
3/24/2011,16,682,NA
3/24/2011,19,686,NA
3/24/2011,22,685.5,NA
3/25/2011,1,677,NA
3/25/2011,4,666,NA
3/25/2011,7,655,NA
3/25/2011,10,652,NA
3/25/2011,13,657,NA
3/25/2011,16,664,NA
3/25/2011,19,666,NA
3/25/2011,22,662,NA
3/26/2011,1,653,NA
3/26/2011,4,643.5,NA
3/26/2011,7,632,NA
3/26/2011,10,627,NA
3/26/2011,13,629,NA
3/26/2011,16,637.5,NA
3/26/2011,19,646,NA
3/26/2011,22,642.5,NA
3/27/2011,1,640,NA
3/27/2011,4,633,NA
3/27/2011,7,625,NA
3/27/2011,10,619,NA
3/27/2011,13,617,NA
3/27/2011,16,620,NA
3/27/2011,19,625,NA
3/27/2011,22,622,NA
3/28/2011,1,618,NA
3/28/2011,4,615.5,NA
3/28/2011,7,611,NA
3/28/2011,10,602.5,NA
3/28/2011,13,596,NA
3/28/2011,16,587.5,NA
3/28/2011,19,582,NA
3/28/2011,22,588.5,NA
3/29/2011,1,592,NA
3/29/2011,4,593,NA
3/29/2011,7,586,NA
3/29/2011,10,582.5,NA
3/29/2011,13,580,NA
3/29/2011,16,578,NA
3/29/2011,19,576,NA
3/29/2011,22,583,NA
3/30/2011,1,591,NA
3/30/2011,4,602,NA
3/30/2011,7,613,NA
3/30/2011,10,615,NA
3/30/2011,13,619,NA
3/30/2011,16,632,NA
3/30/2011,19,648,NA
3/30/2011,22,653,NA
3/31/2011,1,653,NA
3/31/2011,4,646,NA
3/31/2011,7,637,NA
3/31/2011,10,633.5,NA
3/31/2011,13,630,NA
3/31/2011,16,640,NA
3/31/2011,19,644,NA
3/31/2011,22,644,NA
4/1/2011,1,640,NA
4/1/2011,4,637,NA
4/1/2011,7,635,NA
4/1/2011,10,634,NA
4/1/2011,13,631,NA
4/1/2011,16,626,NA
4/1/2011,19,632,NA
4/1/2011,22,638.5,NA
4/2/2011,1,645,NA
4/2/2011,4,648.5,NA
4/2/2011,7,642,NA
4/2/2011,10,633.5,NA
4/2/2011,13,630,NA
4/2/2011,16,637,NA
4/2/2011,19,648,NA
4/2/2011,22,654.5,NA
4/3/2011,1,660,NA
4/3/2011,4,660,NA
4/3/2011,7,655,NA
4/3/2011,10,646,NA
4/3/2011,13,635,NA
4/3/2011,16,627.5,NA
4/3/2011,19,622,NA
4/3/2011,22,628,NA
4/4/2011,1,633,NA
4/4/2011,4,631.5,NA
4/4/2011,7,621,NA
4/4/2011,10,613,NA
4/4/2011,13,606,NA
4/4/2011,16,599.5,NA
4/4/2011,19,594,NA
4/4/2011,22,587,NA
4/5/2011,1,578,NA
4/5/2011,4,558.5,NA
4/5/2011,7,547,NA
4/5/2011,10,550,NA
4/5/2011,13,569,NA
4/5/2011,16,594,NA
4/5/2011,19,615,NA
4/5/2011,22,620.5,NA
4/6/2011,1,621,NA
4/6/2011,4,611.5,NA
4/6/2011,7,606,NA
4/6/2011,10,611.5,NA
4/6/2011,13,625,NA
4/6/2011,16,636,NA
4/6/2011,19,642,NA
4/6/2011,22,643.5,NA
4/7/2011,1,642,NA
4/7/2011,4,638,NA
4/7/2011,7,636,NA
4/7/2011,10,634,NA
4/7/2011,13,636,NA
4/7/2011,16,645,NA
4/7/2011,19,650,NA
4/7/2011,22,653,NA
4/8/2011,1,657,NA
4/8/2011,4,659.5,NA
4/8/2011,7,664,NA
4/8/2011,10,658.5,NA
4/8/2011,13,651,NA
4/8/2011,16,645.5,NA
4/8/2011,19,646,NA
4/8/2011,22,651,NA
4/9/2011,1,650,NA
4/9/2011,4,645,NA
4/9/2011,7,640,NA
4/9/2011,10,638,NA
4/9/2011,13,640,NA
4/9/2011,16,650,NA
4/9/2011,19,660,NA
4/9/2011,22,662.5,NA
4/10/2011,1,661,NA
4/10/2011,4,659,NA
4/10/2011,7,658,NA
4/10/2011,10,652.5,NA
4/10/2011,13,653,NA
4/10/2011,16,660,NA
4/10/2011,19,664,NA
4/10/2011,22,668.5,NA
4/11/2011,1,666,NA
4/11/2011,4,657.5,NA
4/11/2011,7,650,NA
4/11/2011,10,639.5,NA
4/11/2011,13,635,NA
4/11/2011,16,630,NA
4/11/2011,19,627,NA
4/11/2011,22,624.5,NA
4/12/2011,1,623,NA
4/12/2011,4,625.5,NA
4/12/2011,7,627,NA
4/12/2011,10,626,NA
4/12/2011,13,630,NA
4/12/2011,16,637,NA
4/12/2011,19,642,NA
4/12/2011,22,649,NA
4/13/2011,1,645,NA
4/13/2011,4,635,NA
4/13/2011,7,625,NA
4/13/2011,10,614,NA
4/13/2011,13,607,NA
4/13/2011,16,599,NA
4/13/2011,19,592,NA
4/13/2011,22,585,NA
4/14/2011,1,580,NA
4/14/2011,4,578,NA
4/14/2011,7,577,NA
4/14/2011,10,588,NA
4/14/2011,13,605,NA
4/14/2011,16,623.5,NA
4/14/2011,19,645,NA
4/14/2011,22,654,NA
4/15/2011,1,650,NA
4/15/2011,4,640.3333333,NA
4/15/2011,7,621.6666667,NA
4/15/2011,10,622.6666667,NA
4/15/2011,13,643.3333333,NA
4/15/2011,16,682.3333333,NA
4/15/2011,19,719.6666667,NA
4/15/2011,22,738.25,NA
4/16/2011,1,741,NA
4/16/2011,4,737,NA
4/16/2011,7,731,NA
4/16/2011,10,718.5,NA
4/16/2011,13,712,NA
4/16/2011,16,727.5,NA
4/16/2011,19,738,NA
4/16/2011,22,741,NA
4/17/2011,1,742,NA
4/17/2011,4,743,NA
4/17/2011,7,744,NA
4/17/2011,10,732,NA
4/17/2011,13,720,NA
4/17/2011,16,717,NA
4/17/2011,19,735,NA
4/17/2011,22,746,NA
4/18/2011,1,742,NA
4/18/2011,4,728,NA
4/18/2011,7,713,NA
4/18/2011,10,687.5,NA
4/18/2011,13,664,NA
4/18/2011,16,664,NA
4/18/2011,19,677,NA
4/18/2011,22,691.5,NA
4/19/2011,1,701,NA
4/19/2011,4,703,NA
4/19/2011,7,699,NA
4/19/2011,10,691,NA
4/19/2011,13,690,NA
4/19/2011,16,712,NA
4/19/2011,19,732,NA
4/19/2011,22,743.5,NA
4/20/2011,1,751,NA
4/20/2011,4,753,NA
4/20/2011,7,750,NA
4/20/2011,10,744.5,NA
4/20/2011,13,738,NA
4/20/2011,16,735,NA
4/20/2011,19,730,NA
4/20/2011,22,734.5,NA
4/21/2011,1,742,NA
4/21/2011,4,745,NA
4/21/2011,7,740,NA
4/21/2011,10,742.5,NA
4/21/2011,13,749,NA
4/21/2011,16,757,NA
4/21/2011,19,764,NA
4/21/2011,22,767,NA
4/22/2011,1,765,NA
4/22/2011,4,756.5,NA
4/22/2011,7,748,NA
4/22/2011,10,732.5,NA
4/22/2011,13,720,NA
4/22/2011,16,713.5,NA
4/22/2011,19,718,NA
4/22/2011,22,720,NA
4/23/2011,1,717,NA
4/23/2011,4,709,NA
4/23/2011,7,698,NA
4/23/2011,10,706,NA
4/23/2011,13,719,NA
4/23/2011,16,739,NA
4/23/2011,19,755,NA
4/23/2011,22,760.5,NA
4/24/2011,1,760,NA
4/24/2011,4,747.5,NA
4/24/2011,7,732,NA
4/24/2011,10,718.5,NA
4/24/2011,13,711,NA
4/24/2011,16,708,NA
4/24/2011,19,720,NA
4/24/2011,22,737.5,NA
4/25/2011,1,741,NA
4/25/2011,4,731,NA
4/25/2011,7,721,NA
4/25/2011,10,710,NA
4/25/2011,13,706,NA
4/25/2011,16,712,NA
4/25/2011,19,720,NA
4/25/2011,22,725.5,NA
4/26/2011,1,722,NA
4/26/2011,4,715,NA
4/26/2011,7,708,NA
4/26/2011,10,696,NA
4/26/2011,13,692,NA
4/26/2011,16,709,NA
4/26/2011,19,728,NA
4/26/2011,22,742,NA
4/27/2011,1,752,NA
4/27/2011,4,754,NA
4/27/2011,7,744,NA
4/27/2011,10,722,NA
4/27/2011,13,702,NA
4/27/2011,16,708,NA
4/27/2011,19,729,NA
4/27/2011,22,741,NA
4/28/2011,1,748,NA
4/28/2011,4,747.5,NA
4/28/2011,7,741,NA
4/28/2011,10,727.5,NA
4/28/2011,13,724,NA
4/28/2011,16,742.5,NA
4/28/2011,19,759,NA
4/28/2011,22,765.5,NA
4/29/2011,1,771,NA
4/29/2011,4,777,NA
4/29/2011,7,782,NA
4/29/2011,10,787,NA
4/29/2011,13,787,NA
4/29/2011,16,796,NA
4/29/2011,19,813,NA
4/29/2011,22,825.5,NA
4/30/2011,1,816,NA
4/30/2011,4,792.5,NA
4/30/2011,7,774,NA
4/30/2011,10,754,NA
4/30/2011,13,740,NA
4/30/2011,16,750,NA
4/30/2011,19,760,NA
4/30/2011,22,751.5,NA
5/1/2011,1,735,NA
5/1/2011,4,724,NA
5/1/2011,7,713,NA
5/1/2011,10,696,NA
5/1/2011,13,683,NA
5/1/2011,16,671,NA
5/1/2011,19,660,NA
5/1/2011,22,649.5,NA
5/2/2011,1,642,NA
5/2/2011,4,654.5,NA
5/2/2011,7,666,NA
5/2/2011,10,650.5,NA
5/2/2011,13,636,NA
5/2/2011,16,630,NA
5/2/2011,19,643,NA
5/2/2011,22,656.5,NA
5/3/2011,1,662,NA
5/3/2011,4,666.5,NA
5/3/2011,7,670,NA
5/3/2011,10,672,NA
5/3/2011,13,667,NA
5/3/2011,16,653,NA
5/3/2011,19,647,NA
5/3/2011,22,648.5,NA
5/4/2011,1,663,NA
5/4/2011,4,683,NA
5/4/2011,7,678,NA
5/4/2011,10,683,NA
5/4/2011,13,708,NA
5/4/2011,16,735,NA
5/4/2011,19,754,NA
5/4/2011,22,766.5,NA
5/5/2011,1,772,NA
5/5/2011,4,773.5,NA
5/5/2011,7,774,NA
5/5/2011,10,780,NA
5/5/2011,13,793,NA
5/5/2011,16,805,NA
5/5/2011,19,812,NA
5/5/2011,22,811.5,NA
5/6/2011,1,808,NA
5/6/2011,4,807,NA
5/6/2011,7,806,NA
5/6/2011,10,819,NA
5/6/2011,13,829,NA
5/6/2011,16,836,NA
5/6/2011,19,843,NA
5/6/2011,22,849.5,NA
5/7/2011,1,854,NA
5/7/2011,4,838.5,NA
5/7/2011,7,825,NA
5/7/2011,10,818,NA
5/7/2011,13,811,NA
5/7/2011,16,818,NA
5/7/2011,19,821,NA
5/7/2011,22,820,NA
5/8/2011,1,812,NA
5/8/2011,4,802.5,NA
5/8/2011,7,794,NA
5/8/2011,10,793,NA
5/8/2011,13,792,NA
5/8/2011,16,796,NA
5/8/2011,19,801,NA
5/8/2011,22,796,NA
5/9/2011,1,791,NA
5/9/2011,4,782,NA
5/9/2011,7,775,NA
5/9/2011,10,779,NA
5/9/2011,13,790,NA
5/9/2011,16,799,NA
5/9/2011,19,806,NA
5/9/2011,22,802.5,NA
5/10/2011,1,797,NA
5/10/2011,4,782.5,NA
5/10/2011,7,777,NA
5/10/2011,10,785.5,NA
5/10/2011,13,798,NA
5/10/2011,16,806,NA
5/10/2011,19,812,NA
5/10/2011,22,806.5,NA
5/11/2011,1,798,NA
5/11/2011,4,786,NA
5/11/2011,7,773,NA
5/11/2011,10,771,NA
5/11/2011,13,770,NA
5/11/2011,16,777.5,NA
5/11/2011,19,783,NA
5/11/2011,22,779,NA
5/12/2011,1,776,NA
5/12/2011,4,770,NA
5/12/2011,7,764,NA
5/12/2011,10,761,NA
5/12/2011,13,765,NA
5/12/2011,16,782,NA
5/12/2011,19,795,NA
5/12/2011,22,803,NA
5/13/2011,1,813,NA
5/13/2011,4,808,NA
5/13/2011,7,804,NA
5/13/2011,10,803.5,NA
5/13/2011,13,801,NA
5/13/2011,16,793.5,NA
5/13/2011,19,790,NA
5/13/2011,22,784.5,NA
5/14/2011,1,781,NA
5/14/2011,4,781,NA
5/14/2011,7,783,NA
5/14/2011,10,783,NA
5/14/2011,13,783,NA
5/14/2011,16,789.5,NA
5/14/2011,19,799,NA
5/14/2011,22,805.5,NA
5/15/2011,1,810,NA
5/15/2011,4,810.5,NA
5/15/2011,7,813,NA
5/15/2011,10,808,NA
5/15/2011,13,803,NA
5/15/2011,16,797.5,NA
5/15/2011,19,792,NA
5/15/2011,22,792,NA
5/16/2011,1,797,NA
5/16/2011,4,801,NA
5/16/2011,7,802,NA
5/16/2011,10,796.5,NA
5/16/2011,13,790,NA
5/16/2011,16,799.5,NA
5/16/2011,19,809,NA
5/16/2011,22,812,NA
5/17/2011,1,819,NA
5/17/2011,4,855,NA
5/17/2011,7,905,NA
5/17/2011,10,961,NA
5/17/2011,13,982.6666667,NA
5/17/2011,16,990.6666667,NA
5/17/2011,19,988.6666667,NA
5/17/2011,22,977.75,NA
5/18/2011,1,966,NA
5/18/2011,4,960.5,NA
5/18/2011,7,957,NA
5/18/2011,10,960,NA
5/18/2011,13,963,NA
5/18/2011,16,970,NA
5/18/2011,19,973,NA
5/18/2011,22,967.5,NA
5/19/2011,1,959,NA
5/19/2011,4,955,NA
5/19/2011,7,952,NA
5/19/2011,10,945,NA
5/19/2011,13,938,NA
5/19/2011,16,933,NA
5/19/2011,19,930,NA
5/19/2011,22,917.5,NA
5/20/2011,1,906,NA
5/20/2011,4,893,NA
5/20/2011,7,880,NA
5/20/2011,10,865,NA
5/20/2011,13,853,NA
5/20/2011,16,847,NA
5/20/2011,19,847,NA
5/20/2011,22,849.5,NA
5/21/2011,1,853,NA
5/21/2011,4,856.5,NA
5/21/2011,7,857,NA
5/21/2011,10,864.5,NA
5/21/2011,13,871,NA
5/21/2011,16,877,NA
5/21/2011,19,879,NA
5/21/2011,22,873.5,NA
5/22/2011,1,867,NA
5/22/2011,4,866,NA
5/22/2011,7,870,NA
5/22/2011,10,877,NA
5/22/2011,13,881,NA
5/22/2011,16,880.5,NA
5/22/2011,19,876,NA
5/22/2011,22,867,NA
5/23/2011,1,857,NA
5/23/2011,4,846,NA
5/23/2011,7,835,NA
5/23/2011,10,830,NA
5/23/2011,13,827,NA
5/23/2011,16,834,NA
5/23/2011,19,840,NA
5/23/2011,22,846,NA
5/24/2011,1,849,NA
5/24/2011,4,856.5,NA
5/24/2011,7,863,NA
5/24/2011,10,881.5,NA
5/24/2011,13,894,NA
5/24/2011,16,904.5,NA
5/24/2011,19,911,NA
5/24/2011,22,908,NA
5/25/2011,1,903,NA
5/25/2011,4,904.5,NA
5/25/2011,7,910,NA
5/25/2011,10,913,NA
5/25/2011,13,913,NA
5/25/2011,16,909.5,NA
5/25/2011,19,910,NA
5/25/2011,22,913,NA
5/26/2011,1,915,NA
5/26/2011,4,918,NA
5/26/2011,7,924,NA
5/26/2011,10,932,NA
5/26/2011,13,936,NA
5/26/2011,16,935,NA
5/26/2011,19,931,NA
5/26/2011,22,923,NA
5/27/2011,1,916,NA
5/27/2011,4,913.5,NA
5/27/2011,7,917,NA
5/27/2011,10,927.5,NA
5/27/2011,13,932,NA
5/27/2011,16,931,NA
5/27/2011,19,930,NA
5/27/2011,22,926.5,NA
5/28/2011,1,921,NA
5/28/2011,4,922,NA
5/28/2011,7,925,NA
5/28/2011,10,931,NA
5/28/2011,13,932,NA
5/28/2011,16,931,NA
5/28/2011,19,925,NA
5/28/2011,22,917.5,NA
5/29/2011,1,910,NA
5/29/2011,4,900.5,NA
5/29/2011,7,890,NA
5/29/2011,10,889.5,NA
5/29/2011,13,887,NA
5/29/2011,16,879,NA
5/29/2011,19,869,NA
5/29/2011,22,852.5,NA
5/30/2011,1,837,NA
5/30/2011,4,824,NA
5/30/2011,7,812,NA
5/30/2011,10,800.5,NA
5/30/2011,13,793,NA
5/30/2011,16,797.5,NA
5/30/2011,19,800,NA
5/30/2011,22,797,NA
5/31/2011,1,792,NA
5/31/2011,4,789.5,NA
5/31/2011,7,789,NA
5/31/2011,10,795.5,NA
5/31/2011,13,802,NA
5/31/2011,16,807,NA
5/31/2011,19,808,NA
5/31/2011,22,806.5,NA
6/1/2011,1,804,NA
6/1/2011,4,805.5,NA
6/1/2011,7,809,NA
6/1/2011,10,822.5,NA
6/1/2011,13,833,NA
6/1/2011,16,843.5,NA
6/1/2011,19,850,NA
6/1/2011,22,849,NA
6/2/2011,1,837,NA
6/2/2011,4,832,NA
6/2/2011,7,829,NA
6/2/2011,10,836.5,NA
6/2/2011,13,854,NA
6/2/2011,16,864.5,NA
6/2/2011,19,868,NA
6/2/2011,22,864,NA
6/3/2011,1,856,NA
6/3/2011,4,848.5,NA
6/3/2011,7,843,NA
6/3/2011,10,838,NA
6/3/2011,13,834,NA
6/3/2011,16,832.5,NA
6/3/2011,19,832,NA
6/3/2011,22,829,NA
6/4/2011,1,827,NA
6/4/2011,4,837.5,NA
6/4/2011,7,850,NA
6/4/2011,10,869,NA
6/4/2011,13,885,NA
6/4/2011,16,891.5,NA
6/4/2011,19,895,NA
6/4/2011,22,887.5,NA
6/5/2011,1,880,NA
6/5/2011,4,870,NA
6/5/2011,7,860,NA
6/5/2011,10,856.5,NA
6/5/2011,13,851,NA
6/5/2011,16,863.5,NA
6/5/2011,19,871,NA
6/5/2011,22,862.5,NA
6/6/2011,1,857,NA
6/6/2011,4,846.5,NA
6/6/2011,7,834,NA
6/6/2011,10,816.5,NA
6/6/2011,13,795,NA
6/6/2011,16,785,NA
6/6/2011,19,779,NA
6/6/2011,22,772,NA
6/7/2011,1,766,NA
6/7/2011,4,762.5,NA
6/7/2011,7,759,NA
6/7/2011,10,760,NA
6/7/2011,13,765,NA
6/7/2011,16,776.5,NA
6/7/2011,19,792,NA
6/7/2011,22,802,NA
6/8/2011,1,797,NA
6/8/2011,4,783.5,NA
6/8/2011,7,772,NA
6/8/2011,10,766.5,NA
6/8/2011,13,772,NA
6/8/2011,16,797.5,NA
6/8/2011,19,817,NA
6/8/2011,22,826,NA
6/9/2011,1,832,NA
6/9/2011,4,832.5,NA
6/9/2011,7,833,NA
6/9/2011,10,840.5,NA
6/9/2011,13,845,NA
6/9/2011,16,844,NA
6/9/2011,19,843,NA
6/9/2011,22,842,NA
6/10/2011,1,838,NA
6/10/2011,4,832.5,NA
6/10/2011,7,828,NA
6/10/2011,10,829,NA
6/10/2011,13,832,NA
6/10/2011,16,846,NA
6/10/2011,19,853,NA
6/10/2011,22,851,NA
6/11/2011,1,847,NA
6/11/2011,4,842,NA
6/11/2011,7,836,NA
6/11/2011,10,845.5,NA
6/11/2011,13,860,NA
6/11/2011,16,876,NA
6/11/2011,19,890,NA
6/11/2011,22,895.5,NA
6/12/2011,1,899,NA
6/12/2011,4,911,NA
6/12/2011,7,926,NA
6/12/2011,10,929,NA
6/12/2011,13,934,NA
6/12/2011,16,915,NA
6/12/2011,19,904,NA
6/12/2011,22,890.5,NA
6/13/2011,1,880,NA
6/13/2011,4,882,NA
6/13/2011,7,888,NA
6/13/2011,10,896,NA
6/13/2011,13,903,NA
6/13/2011,16,910.5,NA
6/13/2011,19,920,NA
6/13/2011,22,939,NA
6/14/2011,1,956,NA
6/14/2011,4,961.5,NA
6/14/2011,7,964,NA
6/14/2011,10,974.5,NA
6/14/2011,13,990,NA
6/14/2011,16,998,NA
6/14/2011,19,995,NA
6/14/2011,22,993,NA
6/15/2011,1,1001,NA
6/15/2011,4,1020,NA
6/15/2011,7,1036,NA
6/15/2011,10,1047.5,NA
6/15/2011,13,1050,NA
6/15/2011,16,1044.5,NA
6/15/2011,19,1038,NA
6/15/2011,22,1030,NA
6/16/2011,1,1022,NA
6/16/2011,4,1014,NA
6/16/2011,7,1010,NA
6/16/2011,10,1006,NA
6/16/2011,13,1002,NA
6/16/2011,16,998,NA
6/16/2011,19,996,NA
6/16/2011,22,993.5,NA
6/17/2011,1,992,NA
6/17/2011,4,990.5,NA
6/17/2011,7,990,NA
6/17/2011,10,986.5,NA
6/17/2011,13,973,NA
6/17/2011,16,974,NA
6/17/2011,19,983,NA
6/17/2011,22,1004,NA
6/18/2011,1,1025,NA
6/18/2011,4,1042.5,NA
6/18/2011,7,1055,NA
6/18/2011,10,1052.5,NA
6/18/2011,13,1040,NA
6/18/2011,16,1029.5,NA
6/18/2011,19,1018,NA
6/18/2011,22,1009,NA
6/19/2011,1,1004,NA
6/19/2011,4,1008,NA
6/19/2011,7,1015,NA
6/19/2011,10,1018,NA
6/19/2011,13,1018,NA
6/19/2011,16,1020,NA
6/19/2011,19,1024,NA
6/19/2011,22,1013.5,NA
6/20/2011,1,1005,NA
6/20/2011,4,982.5,NA
6/20/2011,7,963,NA
6/20/2011,10,966.5,NA
6/20/2011,13,976,NA
6/20/2011,16,979,NA
6/20/2011,19,979,NA
6/20/2011,22,974,NA
6/21/2011,1,972,NA
6/21/2011,4,979,NA
6/21/2011,7,990,NA
6/21/2011,10,1004.5,NA
6/21/2011,13,1012,NA
6/21/2011,16,1007,NA
6/21/2011,19,1001,NA
6/21/2011,22,997,NA
6/22/2011,1,993,NA
6/22/2011,4,1018,NA
6/22/2011,7,1047,NA
6/22/2011,10,1054,NA
6/22/2011,13,1051,NA
6/22/2011,16,1034,NA
6/22/2011,19,1015,NA
6/22/2011,22,994,NA
6/23/2011,1,977,NA
6/23/2011,4,973,NA
6/23/2011,7,972,NA
6/23/2011,10,972,NA
6/23/2011,13,969,NA
6/23/2011,16,960,NA
6/23/2011,19,951,NA
6/23/2011,22,942.5,NA
6/24/2011,1,937,NA
6/24/2011,4,935.5,NA
6/24/2011,7,935,NA
6/24/2011,10,940,NA
6/24/2011,13,944,NA
6/24/2011,16,942.5,NA
6/24/2011,19,936,NA
6/24/2011,22,929,NA
6/25/2011,1,926,NA
6/25/2011,4,926,NA
6/25/2011,7,924,NA
6/25/2011,10,932.5,NA
6/25/2011,13,938,NA
6/25/2011,16,937.5,NA
6/25/2011,19,936,NA
6/25/2011,22,930,NA
6/26/2011,1,926,NA
6/26/2011,4,931.5,NA
6/26/2011,7,936,NA
6/26/2011,10,946,NA
6/26/2011,13,954,NA
6/26/2011,16,963,NA
6/26/2011,19,972,NA
6/26/2011,22,986,NA
6/27/2011,1,997,NA
6/27/2011,4,1004,NA
6/27/2011,7,1011,NA
6/27/2011,10,1018,NA
6/27/2011,13,1022,NA
6/27/2011,16,1033,NA
6/27/2011,19,1041,NA
6/27/2011,22,1052.5,NA
6/28/2011,1,1063,NA
6/28/2011,4,1065.5,NA
6/28/2011,7,1062,NA
6/28/2011,10,1050,NA
6/28/2011,13,1039,NA
6/28/2011,16,1026,NA
6/28/2011,19,1018,NA
6/28/2011,22,1012,NA
6/29/2011,1,1007,NA
6/29/2011,4,1003,NA
6/29/2011,7,1001,NA
6/29/2011,10,998,NA
6/29/2011,13,996,NA
6/29/2011,16,995,NA
6/29/2011,19,995,NA
6/29/2011,22,996.5,NA
6/30/2011,1,999,NA
6/30/2011,4,994,NA
6/30/2011,7,990,NA
6/30/2011,10,983,NA
6/30/2011,13,977,NA
6/30/2011,16,970.5,NA
6/30/2011,19,967,NA
6/30/2011,22,964,NA
7/1/2011,1,961,NA
7/1/2011,4,960,NA
7/1/2011,7,962,NA
7/1/2011,10,963,NA
7/1/2011,13,960,NA
7/1/2011,16,956,NA
7/1/2011,19,957,NA
7/1/2011,22,963.5,NA
7/2/2011,1,971,NA
7/2/2011,4,986,NA
7/2/2011,7,994,NA
7/2/2011,10,1003.5,NA
7/2/2011,13,1010,NA
7/2/2011,16,1023.5,NA
7/2/2011,19,1040,NA
7/2/2011,22,1059.5,NA
7/3/2011,1,1081,NA
7/3/2011,4,1110.333333,NA
7/3/2011,7,1144,NA
7/3/2011,10,1163.666667,NA
7/3/2011,13,1173,NA
7/3/2011,16,1176.666667,NA
7/3/2011,19,1176.666667,NA
7/3/2011,22,1174.5,NA
7/4/2011,1,1173,NA
7/4/2011,4,1168,NA
7/4/2011,7,1160,NA
7/4/2011,10,1139.5,NA
7/4/2011,13,1125,NA
7/4/2011,16,1123,NA
7/4/2011,19,1128,NA
7/4/2011,22,1136,NA
7/5/2011,1,1140,NA
7/5/2011,4,1131,NA
7/5/2011,7,1121,NA
7/5/2011,10,1110.5,NA
7/5/2011,13,1099,NA
7/5/2011,16,1103.5,NA
7/5/2011,19,1111,NA
7/5/2011,22,1114,NA
7/6/2011,1,1116,NA
7/6/2011,4,1117.5,NA
7/6/2011,7,1118,NA
7/6/2011,10,1101,NA
7/6/2011,13,1084,NA
7/6/2011,16,1091.5,NA
7/6/2011,19,1098,NA
7/6/2011,22,1104,NA
7/7/2011,1,1108,NA
7/7/2011,4,1102.5,NA
7/7/2011,7,1097,NA
7/7/2011,10,1078.5,NA
7/7/2011,13,1064,NA
7/7/2011,16,1068,NA
7/7/2011,19,1070,NA
7/7/2011,22,1071,NA
7/8/2011,1,1072,NA
7/8/2011,4,1065.5,NA
7/8/2011,7,1058,NA
7/8/2011,10,1041,NA
7/8/2011,13,1028,NA
7/8/2011,16,1040,NA
7/8/2011,19,1051,NA
7/8/2011,22,1061.5,NA
7/9/2011,1,1069,NA
7/9/2011,4,1070.5,NA
7/9/2011,7,1071,NA
7/9/2011,10,1055,NA
7/9/2011,13,1043,NA
7/9/2011,16,1048,NA
7/9/2011,19,1054,NA
7/9/2011,22,1062,NA
7/10/2011,1,1070,NA
7/10/2011,4,1065,NA
7/10/2011,7,1060,NA
7/10/2011,10,1048,NA
7/10/2011,13,1035,NA
7/10/2011,16,1031.5,NA
7/10/2011,19,1028,NA
7/10/2011,22,1019,NA
7/11/2011,1,1010,NA
7/11/2011,4,1019,NA
7/11/2011,7,1030,NA
7/11/2011,10,1032,NA
7/11/2011,13,1037,NA
7/11/2011,16,1041,NA
7/11/2011,19,1042,NA
7/11/2011,22,1039,NA
7/12/2011,1,1041,NA
7/12/2011,4,1048.5,NA
7/12/2011,7,1050,NA
7/12/2011,10,1048,NA
7/12/2011,13,1044,NA
7/12/2011,16,1049.5,NA
7/12/2011,19,1058,NA
7/12/2011,22,1059.5,NA
7/13/2011,1,1061,NA
7/13/2011,4,1063,NA
7/13/2011,7,1061,NA
7/13/2011,10,1056.5,NA
7/13/2011,13,1055,NA
7/13/2011,16,1055,NA
7/13/2011,19,1052,NA
7/13/2011,22,1058.5,NA
7/14/2011,1,1067,NA
7/14/2011,4,1069.5,NA
7/14/2011,7,1068,NA
7/14/2011,10,1060,NA
7/14/2011,13,1054,NA
7/14/2011,16,1045.5,NA
7/14/2011,19,1034,NA
7/14/2011,22,1025.5,NA
7/15/2011,1,1017,NA
7/15/2011,4,1001.5,NA
7/15/2011,7,986,NA
7/15/2011,10,978.5,NA
7/15/2011,13,975,NA
7/15/2011,16,978,NA
7/15/2011,19,981,NA
7/15/2011,22,977,NA
7/16/2011,1,973,NA
7/16/2011,4,976.5,NA
7/16/2011,7,983,NA
7/16/2011,10,984,NA
7/16/2011,13,985,NA
7/16/2011,16,980.5,NA
7/16/2011,19,976,NA
7/16/2011,22,971.5,NA
7/17/2011,1,967,NA
7/17/2011,4,967,NA
7/17/2011,7,967,NA
7/17/2011,10,964,NA
7/17/2011,13,960,NA
7/17/2011,16,958.5,NA
7/17/2011,19,957,NA
7/17/2011,22,955,NA
7/18/2011,1,954,NA
7/18/2011,4,962,NA
7/18/2011,7,970,NA
7/18/2011,10,978.5,NA
7/18/2011,13,990,NA
7/18/2011,16,997,NA
7/18/2011,19,1007,NA
7/18/2011,22,1013.5,NA
7/19/2011,1,1017,NA
7/19/2011,4,1012,NA
7/19/2011,7,1004,NA
7/19/2011,10,988,NA
7/19/2011,13,971,NA
7/19/2011,16,970.5,NA
7/19/2011,19,969,NA
7/19/2011,22,963.5,NA
7/20/2011,1,955,NA
7/20/2011,4,947.5,NA
7/20/2011,7,941,NA
7/20/2011,10,935,NA
7/20/2011,13,932,NA
7/20/2011,16,929.5,NA
7/20/2011,19,934,NA
7/20/2011,22,946.5,NA
7/21/2011,1,950,NA
7/21/2011,4,951,NA
7/21/2011,7,962,NA
7/21/2011,10,964,NA
7/21/2011,13,963,NA
7/21/2011,16,970.5,NA
7/21/2011,19,978,NA
7/21/2011,22,977,NA
7/22/2011,1,973,NA
7/22/2011,4,968,NA
7/22/2011,7,963,NA
7/22/2011,10,957,NA
7/22/2011,13,954,NA
7/22/2011,16,953,NA
7/22/2011,19,952,NA
7/22/2011,22,954,NA
7/23/2011,1,958,NA
7/23/2011,4,954,NA
7/23/2011,7,948,NA
7/23/2011,10,944,NA
7/23/2011,13,940,NA
7/23/2011,16,944.5,NA
7/23/2011,19,950,NA
7/23/2011,22,955,NA
7/24/2011,1,959,NA
7/24/2011,4,964,NA
7/24/2011,7,968,NA
7/24/2011,10,995.5,NA
7/24/2011,13,1018,NA
7/24/2011,16,1032.5,NA
7/24/2011,19,1039,NA
7/24/2011,22,1039,NA
7/25/2011,1,1039,NA
7/25/2011,4,1032,NA
7/25/2011,7,1026,NA
7/25/2011,10,1023,NA
7/25/2011,13,1020,NA
7/25/2011,16,1021.5,NA
7/25/2011,19,1025,NA
7/25/2011,22,1025,NA
7/26/2011,1,1025,NA
7/26/2011,4,1020.5,NA
7/26/2011,7,1016,NA
7/26/2011,10,1011.5,NA
7/26/2011,13,1008,NA
7/26/2011,16,1020,NA
7/26/2011,19,1027,NA
7/26/2011,22,1025.5,NA
7/27/2011,1,1019,NA
7/27/2011,4,1012,NA
7/27/2011,7,1007,NA
7/27/2011,10,1002.5,NA
7/27/2011,13,999,NA
7/27/2011,16,1002.5,NA
7/27/2011,19,1009,NA
7/27/2011,22,1010,NA
7/28/2011,1,1009,NA
7/28/2011,4,1009.5,NA
7/28/2011,7,1012,NA
7/28/2011,10,1010.5,NA
7/28/2011,13,1004,NA
7/28/2011,16,1012,NA
7/28/2011,19,1022,NA
7/28/2011,22,1021,NA
7/29/2011,1,1018,NA
7/29/2011,4,1018,NA
7/29/2011,7,1020,NA
7/29/2011,10,1020,NA
7/29/2011,13,1016,NA
7/29/2011,16,1021,NA
7/29/2011,19,1023,NA
7/29/2011,22,1019,NA
7/30/2011,1,1018,NA
7/30/2011,4,1010,NA
7/30/2011,7,1003,NA
7/30/2011,10,988,NA
7/30/2011,13,975,NA
7/30/2011,16,968.5,NA
7/30/2011,19,964,NA
7/30/2011,22,961,NA
7/31/2011,1,959,NA
7/31/2011,4,942,NA
7/31/2011,7,922,NA
7/31/2011,10,906,NA
7/31/2011,13,890,NA
7/31/2011,16,881.5,NA
7/31/2011,19,873,NA
7/31/2011,22,868.5,NA
8/1/2011,1,865,NA
8/1/2011,4,870,NA
8/1/2011,7,875,NA
8/1/2011,10,879,NA
8/1/2011,13,881,NA
8/1/2011,16,889.5,NA
8/1/2011,19,903,NA
8/1/2011,22,915.5,NA
8/2/2011,1,927,NA
8/2/2011,4,942,NA
8/2/2011,7,958,NA
8/2/2011,10,962,NA
8/2/2011,13,966,NA
8/2/2011,16,974,NA
8/2/2011,19,978,NA
8/2/2011,22,983,NA
8/3/2011,1,989,NA
8/3/2011,4,987,NA
8/3/2011,7,980,NA
8/3/2011,10,974,NA
8/3/2011,13,963,NA
8/3/2011,16,963,NA
8/3/2011,19,966,NA
8/3/2011,22,964.5,NA
8/4/2011,1,959,NA
8/4/2011,4,952,NA
8/4/2011,7,947,NA
8/4/2011,10,938,NA
8/4/2011,13,930,NA
8/4/2011,16,923,NA
8/4/2011,19,918,NA
8/4/2011,22,916.5,NA
8/5/2011,1,916,NA
8/5/2011,4,915.5,NA
8/5/2011,7,915,NA
8/5/2011,10,911,NA
8/5/2011,13,903,NA
8/5/2011,16,898,NA
8/5/2011,19,895,NA
8/5/2011,22,892.5,NA
8/6/2011,1,891,NA
8/6/2011,4,890.5,NA
8/6/2011,7,888,NA
8/6/2011,10,890,NA
8/6/2011,13,896,NA
8/6/2011,16,892.5,NA
8/6/2011,19,891,NA
8/6/2011,22,891,NA
8/7/2011,1,889,NA
8/7/2011,4,897,NA
8/7/2011,7,907,NA
8/7/2011,10,907,NA
8/7/2011,13,904,NA
8/7/2011,16,896,NA
8/7/2011,19,889,NA
8/7/2011,22,882,NA
8/8/2011,1,878,NA
8/8/2011,4,878,NA
8/8/2011,7,878,NA
8/8/2011,10,872,NA
8/8/2011,13,864,NA
8/8/2011,16,875,NA
8/8/2011,19,881,NA
8/8/2011,22,887,NA
8/9/2011,1,902,NA
8/9/2011,4,917,NA
8/9/2011,7,923,NA
8/9/2011,10,927,NA
8/9/2011,13,925,NA
8/9/2011,16,929.5,NA
8/9/2011,19,932,NA
8/9/2011,22,934,NA
8/10/2011,1,936,NA
8/10/2011,4,930.5,NA
8/10/2011,7,922,NA
8/10/2011,10,920,NA
8/10/2011,13,925,NA
8/10/2011,16,937,NA
8/10/2011,19,954,NA
8/10/2011,22,957,NA
8/11/2011,1,952,NA
8/11/2011,4,945,NA
8/11/2011,7,938,NA
8/11/2011,10,926.5,NA
8/11/2011,13,915,NA
8/11/2011,16,909.5,NA
8/11/2011,19,901,NA
8/11/2011,22,900,NA
8/12/2011,1,899,NA
8/12/2011,4,900,NA
8/12/2011,7,904,NA
8/12/2011,10,903,NA
8/12/2011,13,899,NA
8/12/2011,16,897.5,NA
8/12/2011,19,896,NA
8/12/2011,22,894.5,NA
8/13/2011,1,893,NA
8/13/2011,4,893,NA
8/13/2011,7,893,NA
8/13/2011,10,890,NA
8/13/2011,13,887,NA
8/13/2011,16,875,NA
8/13/2011,19,864,NA
8/13/2011,22,859,NA
8/14/2011,1,856,NA
8/14/2011,4,856,NA
8/14/2011,7,856,NA
8/14/2011,10,855,NA
8/14/2011,13,852,NA
8/14/2011,16,848.5,NA
8/14/2011,19,845,NA
8/14/2011,22,842,NA
8/15/2011,1,840,NA
8/15/2011,4,835,NA
8/15/2011,7,830,NA
8/15/2011,10,823.5,NA
8/15/2011,13,814,NA
8/15/2011,16,813,NA
8/15/2011,19,810,NA
8/15/2011,22,820,NA
8/16/2011,1,831,NA
8/16/2011,4,838,NA
8/16/2011,7,845,NA
8/16/2011,10,858,NA
8/16/2011,13,873,NA
8/16/2011,16,883.5,NA
8/16/2011,19,892,NA
8/16/2011,22,894.5,NA
8/17/2011,1,891,NA
8/17/2011,4,890,NA
8/17/2011,7,890,NA
8/17/2011,10,890,NA
8/17/2011,13,892,NA
8/17/2011,16,895,NA
8/17/2011,19,899,NA
8/17/2011,22,902.5,NA
8/18/2011,1,905,NA
8/18/2011,4,900,NA
8/18/2011,7,893,NA
8/18/2011,10,879,NA
8/18/2011,13,868,NA
8/18/2011,16,860,NA
8/18/2011,19,855,NA
8/18/2011,22,852.5,NA
8/19/2011,1,852,NA
8/19/2011,4,852,NA
8/19/2011,7,850,NA
8/19/2011,10,849.5,NA
8/19/2011,13,848,NA
8/19/2011,16,846,NA
8/19/2011,19,850,NA
8/19/2011,22,852.5,NA
8/20/2011,1,854,NA
8/20/2011,4,851,NA
8/20/2011,7,850,NA
8/20/2011,10,849,NA
8/20/2011,13,846,NA
8/20/2011,16,844.5,NA
8/20/2011,19,842,NA
8/20/2011,22,840.5,NA
8/21/2011,1,839,NA
8/21/2011,4,845.5,NA
8/21/2011,7,853,NA
8/21/2011,10,851.5,NA
8/21/2011,13,848,NA
8/21/2011,16,848,NA
8/21/2011,19,848,NA
8/21/2011,22,849,NA
8/22/2011,1,852,NA
8/22/2011,4,852,NA
8/22/2011,7,852,NA
8/22/2011,10,849,NA
8/22/2011,13,846,NA
8/22/2011,16,846.5,NA
8/22/2011,19,849,NA
8/22/2011,22,849,NA
8/23/2011,1,849,NA
8/23/2011,4,849,NA
8/23/2011,7,849,NA
8/23/2011,10,849,NA
8/23/2011,13,849,NA
8/23/2011,16,858.5,NA
8/23/2011,19,870,NA
8/23/2011,22,868,NA
8/24/2011,1,865,NA
8/24/2011,4,869.5,NA
8/24/2011,7,875,NA
8/24/2011,10,886,NA
8/24/2011,13,907,NA
8/24/2011,16,934,NA
8/24/2011,19,966,NA
8/24/2011,22,988.5,NA
8/25/2011,1,997,NA
8/25/2011,4,997.5,NA
8/25/2011,7,991,NA
8/25/2011,10,979.5,NA
8/25/2011,13,969,NA
8/25/2011,16,962,NA
8/25/2011,19,956,NA
8/25/2011,22,948,NA
8/26/2011,1,940,NA
8/26/2011,4,932,NA
8/26/2011,7,923,NA
8/26/2011,10,917,NA
8/26/2011,13,911,NA
8/26/2011,16,911.5,NA
8/26/2011,19,914,NA
8/26/2011,22,917.5,NA
8/27/2011,1,920,NA
8/27/2011,4,909,NA
8/27/2011,7,895,NA
8/27/2011,10,867,NA
8/27/2011,13,848,NA
8/27/2011,16,843,NA
8/27/2011,19,840,NA
8/27/2011,22,840,NA
8/28/2011,1,840,NA
8/28/2011,4,833,NA
8/28/2011,7,825,NA
8/28/2011,10,815,NA
8/28/2011,13,806,NA
8/28/2011,16,779.5,NA
8/28/2011,19,756,NA
8/28/2011,22,747.5,NA
8/29/2011,1,740,NA
8/29/2011,4,732,NA
8/29/2011,7,726,NA
8/29/2011,10,716.5,NA
8/29/2011,13,705,NA
8/29/2011,16,695,NA
8/29/2011,19,696,NA
8/29/2011,22,716.5,NA
8/30/2011,1,731,NA
8/30/2011,4,740.5,NA
8/30/2011,7,748,NA
8/30/2011,10,751.5,NA
8/30/2011,13,752,NA
8/30/2011,16,762.5,NA
8/30/2011,19,776,NA
8/30/2011,22,792.5,NA
8/31/2011,1,807,NA
8/31/2011,4,821.5,NA
8/31/2011,7,830,NA
8/31/2011,10,838,NA
8/31/2011,13,847,NA
8/31/2011,16,853,NA
8/31/2011,19,850,NA
8/31/2011,22,848.5,NA
9/1/2011,1,848,NA
9/1/2011,4,848,NA
9/1/2011,7,848,NA
9/1/2011,10,850,NA
9/1/2011,13,854,NA
9/1/2011,16,863.5,NA
9/1/2011,19,871,NA
9/1/2011,22,867.5,NA
9/2/2011,1,862,NA
9/2/2011,4,857.5,NA
9/2/2011,7,854,NA
9/2/2011,10,851,NA
9/2/2011,13,848,NA
9/2/2011,16,837,NA
9/2/2011,19,827,NA
9/2/2011,22,823,NA
9/3/2011,1,820,NA
9/3/2011,4,794,NA
9/3/2011,7,765,NA
9/3/2011,10,745,NA
9/3/2011,13,715,NA
9/3/2011,16,702.5,NA
9/3/2011,19,692,NA
9/3/2011,22,695.5,NA
9/4/2011,1,700,NA
9/4/2011,4,697,NA
9/4/2011,7,690,NA
9/4/2011,10,682,NA
9/4/2011,13,675,NA
9/4/2011,16,670,NA
9/4/2011,19,666,NA
9/4/2011,22,663.5,NA
9/5/2011,1,663,NA
9/5/2011,4,665,NA
9/5/2011,7,670,NA
9/5/2011,10,680,NA
9/5/2011,13,688,NA
9/5/2011,16,709,NA
9/5/2011,19,730,NA
9/5/2011,22,746,NA
9/6/2011,1,758,NA
9/6/2011,4,780,NA
9/6/2011,7,810,NA
9/6/2011,10,826.5,NA
9/6/2011,13,830,NA
9/6/2011,16,848.5,NA
9/6/2011,19,865,NA
9/6/2011,22,869,NA
9/7/2011,1,871,NA
9/7/2011,4,861.5,NA
9/7/2011,7,851,NA
9/7/2011,10,823,NA
9/7/2011,13,795,NA
9/7/2011,16,789,NA
9/7/2011,19,800,NA
9/7/2011,22,805,NA
9/8/2011,1,808,NA
9/8/2011,4,804.5,NA
9/8/2011,7,800,NA
9/8/2011,10,790,NA
9/8/2011,13,780,NA
9/8/2011,16,787.5,NA
9/8/2011,19,795,NA
9/8/2011,22,810,NA
9/9/2011,1,822,NA
9/9/2011,4,826,NA
9/9/2011,7,828,NA
9/9/2011,10,824,NA
9/9/2011,13,822,NA
9/9/2011,16,824.5,NA
9/9/2011,19,830,NA
9/9/2011,22,832.5,NA
9/10/2011,1,833,NA
9/10/2011,4,839.5,NA
9/10/2011,7,849,NA
9/10/2011,10,850.5,NA
9/10/2011,13,853,NA
9/10/2011,16,859,NA
9/10/2011,19,869,NA
9/10/2011,22,875.5,NA
9/11/2011,1,879,NA
9/11/2011,4,869,NA
9/11/2011,7,859,NA
9/11/2011,10,837.5,NA
9/11/2011,13,815,NA
9/11/2011,16,806.5,NA
9/11/2011,19,800,NA
9/11/2011,22,796,NA
9/12/2011,1,794,NA
9/12/2011,4,787.5,NA
9/12/2011,7,781,NA
9/12/2011,10,781,NA
9/12/2011,13,781,NA
9/12/2011,16,779.5,NA
9/12/2011,19,777,NA
9/12/2011,22,777,NA
9/13/2011,1,783,NA
9/13/2011,4,789,NA
9/13/2011,7,795,NA
9/13/2011,10,803,NA
9/13/2011,13,806,NA
9/13/2011,16,807,NA
9/13/2011,19,810,NA
9/13/2011,22,817,NA
9/14/2011,1,822,NA
9/14/2011,4,830,NA
9/14/2011,7,840,NA
9/14/2011,10,848,NA
9/14/2011,13,853,NA
9/14/2011,16,851,NA
9/14/2011,19,847,NA
9/14/2011,22,849,NA
9/15/2011,1,856,NA
9/15/2011,4,859.5,NA
9/15/2011,7,863,NA
9/15/2011,10,857,NA
9/15/2011,13,848,NA
9/15/2011,16,848.5,NA
9/15/2011,19,851,NA
9/15/2011,22,862.5,NA
9/16/2011,1,871,NA
9/16/2011,4,867.5,NA
9/16/2011,7,865,NA
9/16/2011,10,853,NA
9/16/2011,13,845,NA
9/16/2011,16,847,NA
9/16/2011,19,848,NA
9/16/2011,22,851,NA
9/17/2011,1,857,NA
9/17/2011,4,853,NA
9/17/2011,7,847,NA
9/17/2011,10,833,NA
9/17/2011,13,820,NA
9/17/2011,16,810.5,NA
9/17/2011,19,798,NA
9/17/2011,22,791.5,NA
9/18/2011,1,788,NA
9/18/2011,4,791,NA
9/18/2011,7,792,NA
9/18/2011,10,792,NA
9/18/2011,13,790,NA
9/18/2011,16,772.5,NA
9/18/2011,19,740,NA
9/18/2011,22,725,NA
9/19/2011,1,710,NA
9/19/2011,4,708,NA
9/19/2011,7,711,NA
9/19/2011,10,715,NA
9/19/2011,13,716,NA
9/19/2011,16,700.5,NA
9/19/2011,19,686,NA
9/19/2011,22,689.5,NA
9/20/2011,1,701,NA
9/20/2011,4,721,NA
9/20/2011,7,746,NA
9/20/2011,10,770,NA
9/20/2011,13,787,NA
9/20/2011,16,813,NA
9/20/2011,19,841,NA
9/20/2011,22,868,NA
9/21/2011,1,895,NA
9/21/2011,4,923.6666667,NA
9/21/2011,7,967.3333333,NA
9/21/2011,10,987,NA
9/21/2011,13,994,NA
9/21/2011,16,991,NA
9/21/2011,19,983,NA
9/21/2011,22,968.25,NA
9/22/2011,1,953,NA
9/22/2011,4,940.5,NA
9/22/2011,7,929,NA
9/22/2011,10,917,NA
9/22/2011,13,907,NA
9/22/2011,16,902.5,NA
9/22/2011,19,906,NA
9/22/2011,22,908.5,NA
9/23/2011,1,909,NA
9/23/2011,4,899,NA
9/23/2011,7,885,NA
9/23/2011,10,868,NA
9/23/2011,13,851,NA
9/23/2011,16,843,NA
9/23/2011,19,838,NA
9/23/2011,22,834,NA
9/24/2011,1,830,NA
9/24/2011,4,825.5,NA
9/24/2011,7,820,NA
9/24/2011,10,800,NA
9/24/2011,13,789,NA
9/24/2011,16,776.5,NA
9/24/2011,19,768,NA
9/24/2011,22,762,NA
9/25/2011,1,756,NA
9/25/2011,4,753,NA
9/25/2011,7,750,NA
9/25/2011,10,746.5,NA
9/25/2011,13,743,NA
9/25/2011,16,736.5,NA
9/25/2011,19,730,NA
9/25/2011,22,726,NA
9/26/2011,1,724,NA
9/26/2011,4,727.5,NA
9/26/2011,7,732,NA
9/26/2011,10,731,NA
9/26/2011,13,727,NA
9/26/2011,16,731,NA
9/26/2011,19,738,NA
9/26/2011,22,745,NA
9/27/2011,1,754,NA
9/27/2011,4,747.5,NA
9/27/2011,7,742,NA
9/27/2011,10,732,NA
9/27/2011,13,722,NA
9/27/2011,16,729,NA
9/27/2011,19,740,NA
9/27/2011,22,748,NA
9/28/2011,1,754,NA
9/28/2011,4,761.5,NA
9/28/2011,7,770,NA
9/28/2011,10,758.5,NA
9/28/2011,13,745,NA
9/28/2011,16,740,NA
9/28/2011,19,737,NA
9/28/2011,22,733.5,NA
9/29/2011,1,730,NA
9/29/2011,4,737,NA
9/29/2011,7,748,NA
9/29/2011,10,743,NA
9/29/2011,13,728,NA
9/29/2011,16,735.5,NA
9/29/2011,19,745,NA
9/29/2011,22,757.5,NA
9/30/2011,1,767,NA
9/30/2011,4,759,NA
9/30/2011,7,750,NA
9/30/2011,10,734.5,NA
9/30/2011,13,718,NA
9/30/2011,16,730,NA
9/30/2011,19,742,NA
9/30/2011,22,749,NA
10/1/2011,1,754,NA
10/1/2011,4,749.5,NA
10/1/2011,7,744,NA
10/1/2011,10,729.5,NA
10/1/2011,13,717,NA
10/1/2011,16,716.5,NA
10/1/2011,19,720,NA
10/1/2011,22,723,NA
10/2/2011,1,724,NA
10/2/2011,4,727,NA
10/2/2011,7,730,NA
10/2/2011,10,724,NA
10/2/2011,13,716,NA
10/2/2011,16,708,NA
10/2/2011,19,700,NA
10/2/2011,22,697,NA
10/3/2011,1,695,NA
10/3/2011,4,704.5,NA
10/3/2011,7,714,NA
10/3/2011,10,715,NA
10/3/2011,13,709,NA
10/3/2011,16,703.5,NA
10/3/2011,19,699,NA
10/3/2011,22,696,NA
10/4/2011,1,693,NA
10/4/2011,4,707.5,NA
10/4/2011,7,725,NA
10/4/2011,10,714,NA
10/4/2011,13,704,NA
10/4/2011,16,698,NA
10/4/2011,19,696,NA
10/4/2011,22,704,NA
10/5/2011,1,716,NA
10/5/2011,4,719,NA
10/5/2011,7,715,NA
10/5/2011,10,702,NA
10/5/2011,13,686,NA
10/5/2011,16,692,NA
10/5/2011,19,698,NA
10/5/2011,22,704.5,NA
10/6/2011,1,719,NA
10/6/2011,4,715,NA
10/6/2011,7,710,NA
10/6/2011,10,700.5,NA
10/6/2011,13,692,NA
10/6/2011,16,690.5,NA
10/6/2011,19,690,NA
10/6/2011,22,693,NA
10/7/2011,1,695,NA
10/7/2011,4,705.5,NA
10/7/2011,7,717,NA
10/7/2011,10,713,NA
10/7/2011,13,702,NA
10/7/2011,16,709,NA
10/7/2011,19,715,NA
10/7/2011,22,717,NA
10/8/2011,1,720,NA
10/8/2011,4,727,NA
10/8/2011,7,734,NA
10/8/2011,10,729,NA
10/8/2011,13,722,NA
10/8/2011,16,731.5,NA
10/8/2011,19,738,NA
10/8/2011,22,741.5,NA
10/9/2011,1,745,NA
10/9/2011,4,753,NA
10/9/2011,7,761,NA
10/9/2011,10,748,NA
10/9/2011,13,735,NA
10/9/2011,16,728.5,NA
10/9/2011,19,722,NA
10/9/2011,22,725,NA
10/10/2011,1,729,NA
10/10/2011,4,729,NA
10/10/2011,7,725,NA
10/10/2011,10,713.5,NA
10/10/2011,13,703,NA
10/10/2011,16,703.5,NA
10/10/2011,19,713,NA
10/10/2011,22,717.5,NA
10/11/2011,1,722,NA
10/11/2011,4,723.5,NA
10/11/2011,7,719,NA
10/11/2011,10,707.5,NA
10/11/2011,13,697,NA
10/11/2011,16,710,NA
10/11/2011,19,733,NA
10/11/2011,22,748.5,NA
10/12/2011,1,759,NA
10/12/2011,4,751.5,NA
10/12/2011,7,732,NA
10/12/2011,10,715,NA
10/12/2011,13,696,NA
10/12/2011,16,682,NA
10/12/2011,19,679,NA
10/12/2011,22,689,NA
10/13/2011,1,702,NA
10/13/2011,4,701,NA
10/13/2011,7,690,NA
10/13/2011,10,675,NA
10/13/2011,13,664,NA
10/13/2011,16,661,NA
10/13/2011,19,658,NA
10/13/2011,22,664.5,NA
10/14/2011,1,668,NA
10/14/2011,4,679,NA
10/14/2011,7,690,NA
10/14/2011,10,680,NA
10/14/2011,13,673,NA
10/14/2011,16,675,NA
10/14/2011,19,685,NA
10/14/2011,22,693,NA
10/15/2011,1,700,NA
10/15/2011,4,717,NA
10/15/2011,7,732,NA
10/15/2011,10,753,NA
10/15/2011,13,750,NA
10/15/2011,16,747.5,NA
10/15/2011,19,760,NA
10/15/2011,22,772.5,NA
10/16/2011,1,780,NA
10/16/2011,4,776,NA
10/16/2011,7,771,NA
10/16/2011,10,752.5,NA
10/16/2011,13,733,NA
10/16/2011,16,723,NA
10/16/2011,19,716,NA
10/16/2011,22,708.5,NA
10/17/2011,1,703,NA
10/17/2011,4,689.5,NA
10/17/2011,7,679,NA
10/17/2011,10,672.5,NA
10/17/2011,13,664,NA
10/17/2011,16,662,NA
10/17/2011,19,671,NA
10/17/2011,22,678,NA
10/18/2011,1,694,NA
10/18/2011,4,699.5,NA
10/18/2011,7,697,NA
10/18/2011,10,689,NA
10/18/2011,13,688,NA
10/18/2011,16,701,NA
10/18/2011,19,720,NA
10/18/2011,22,725,NA
10/19/2011,1,731,NA
10/19/2011,4,719.5,NA
10/19/2011,7,701,NA
10/19/2011,10,681,NA
10/19/2011,13,666,NA
10/19/2011,16,678.5,NA
10/19/2011,19,693,NA
10/19/2011,22,699.5,NA
10/20/2011,1,704,NA
10/20/2011,4,705,NA
10/20/2011,7,695,NA
10/20/2011,10,676.5,NA
10/20/2011,13,659,NA
10/20/2011,16,654,NA
10/20/2011,19,653,NA
10/20/2011,22,657,NA
10/21/2011,1,662,NA
10/21/2011,4,665.5,NA
10/21/2011,7,660,NA
10/21/2011,10,645.5,NA
10/21/2011,13,635,NA
10/21/2011,16,645,NA
10/21/2011,19,668,NA
10/21/2011,22,684,NA
10/22/2011,1,694,NA
10/22/2011,4,682,NA
10/22/2011,7,660,NA
10/22/2011,10,654,NA
10/22/2011,13,650,NA
10/22/2011,16,650,NA
10/22/2011,19,658,NA
10/22/2011,22,680,NA
10/23/2011,1,700,NA
10/23/2011,4,690,NA
10/23/2011,7,670,NA
10/23/2011,10,654,NA
10/23/2011,13,646,NA
10/23/2011,16,641.5,NA
10/23/2011,19,640,NA
10/23/2011,22,647.5,NA
10/24/2011,1,660,NA
10/24/2011,4,655,NA
10/24/2011,7,648,NA
10/24/2011,10,643.5,NA
10/24/2011,13,640,NA
10/24/2011,16,636,NA
10/24/2011,19,633,NA
10/24/2011,22,643.5,NA
10/25/2011,1,656,NA
10/25/2011,4,665.5,NA
10/25/2011,7,666,NA
10/25/2011,10,655,NA
10/25/2011,13,642,NA
10/25/2011,16,650,NA
10/25/2011,19,661,NA
10/25/2011,22,675,NA
10/26/2011,1,688,NA
10/26/2011,4,678,NA
10/26/2011,7,668,NA
10/26/2011,10,662,NA
10/26/2011,13,653,NA
10/26/2011,16,646.5,NA
10/26/2011,19,641,NA
10/26/2011,22,649.5,NA
10/27/2011,1,658,NA
10/27/2011,4,663,NA
10/27/2011,7,660,NA
10/27/2011,10,646,NA
10/27/2011,13,634,NA
10/27/2011,16,638,NA
10/27/2011,19,660,NA
10/27/2011,22,686.5,NA
10/28/2011,1,711,NA
10/28/2011,4,710.5,NA
10/28/2011,7,694,NA
10/28/2011,10,686.5,NA
10/28/2011,13,680,NA
10/28/2011,16,695,NA
10/28/2011,19,713,NA
10/28/2011,22,717,NA
10/29/2011,1,720,NA
10/29/2011,4,723.5,NA
10/29/2011,7,723,NA
10/29/2011,10,729,NA
10/29/2011,13,742,NA
10/29/2011,16,754,NA
10/29/2011,19,765,NA
10/29/2011,22,771,NA
10/30/2011,1,775,NA
10/30/2011,4,785,NA
10/30/2011,7,795,NA
10/30/2011,10,794,NA
10/30/2011,13,790,NA
10/30/2011,16,783,NA
10/30/2011,19,776,NA
10/30/2011,22,773,NA
10/31/2011,1,769,NA
10/31/2011,4,768,NA
10/31/2011,7,768,NA
10/31/2011,10,768,NA
10/31/2011,13,767,NA
10/31/2011,16,756.5,NA
10/31/2011,19,748,NA
10/31/2011,22,744.5,NA
11/1/2011,1,749,NA
11/1/2011,4,766.5,NA
11/1/2011,7,773,NA
11/1/2011,10,779.5,NA
11/1/2011,13,785,NA
11/1/2011,16,782,NA
11/1/2011,19,779,NA
11/1/2011,22,775.5,NA
11/2/2011,1,776,NA
11/2/2011,4,785.5,NA
11/2/2011,7,795,NA
11/2/2011,10,785.5,NA
11/2/2011,13,772,NA
11/2/2011,16,763,NA
11/2/2011,19,758,NA
11/2/2011,22,758.5,NA
11/3/2011,1,762,NA
11/3/2011,4,769,NA
11/3/2011,7,766,NA
11/3/2011,10,758.5,NA
11/3/2011,13,745,NA
11/3/2011,16,726.5,NA
11/3/2011,19,717,NA
11/3/2011,22,714,NA
11/4/2011,1,718,NA
11/4/2011,4,724,NA
11/4/2011,7,721,NA
11/4/2011,10,714.5,NA
11/4/2011,13,703,NA
11/4/2011,16,689,NA
11/4/2011,19,680,NA
11/4/2011,22,692,NA
11/5/2011,1,705,NA
11/5/2011,4,707.5,NA
11/5/2011,7,697,NA
11/5/2011,10,690,NA
11/5/2011,13,686,NA
11/5/2011,16,680.5,NA
11/5/2011,19,676,NA
11/5/2011,22,688,NA
11/6/2011,1,707,NA
11/6/2011,4,716,NA
11/6/2011,7,706,NA
11/6/2011,10,704.5,NA
11/6/2011,13,696,NA
11/6/2011,16,688.5,NA
11/6/2011,19,684,NA
11/6/2011,22,693.5,NA
11/7/2011,1,704,NA
11/7/2011,4,707,NA
11/7/2011,7,695,NA
11/7/2011,10,690,NA
11/7/2011,13,687,NA
11/7/2011,16,680,NA
11/7/2011,19,685,NA
11/7/2011,22,692,NA
11/8/2011,1,700,NA
11/8/2011,4,710.5,NA
11/8/2011,7,710,NA
11/8/2011,10,700,NA
11/8/2011,13,686,NA
11/8/2011,16,678.5,NA
11/8/2011,19,675,NA
11/8/2011,22,679,NA
11/9/2011,1,686,NA
11/9/2011,4,694,NA
11/9/2011,7,690,NA
11/9/2011,10,682,NA
11/9/2011,13,670,NA
11/9/2011,16,660.5,NA
11/9/2011,19,655,NA
11/9/2011,22,654,NA
11/10/2011,1,659,NA
11/10/2011,4,663,NA
11/10/2011,7,668,NA
11/10/2011,10,660.5,NA
11/10/2011,13,656,NA
11/10/2011,16,652,NA
11/10/2011,19,649,NA
11/10/2011,22,654,NA
11/11/2011,1,661,NA
11/11/2011,4,668,NA
11/11/2011,7,667,NA
11/11/2011,10,665,NA
11/11/2011,13,658,NA
11/11/2011,16,650,NA
11/11/2011,19,645,NA
11/11/2011,22,643.5,NA
11/12/2011,1,647,NA
11/12/2011,4,649,NA
11/12/2011,7,645,NA
11/12/2011,10,637.5,NA
11/12/2011,13,631,NA
11/12/2011,16,623,NA
11/12/2011,19,615,NA
11/12/2011,22,623,NA
11/13/2011,1,632,NA
11/13/2011,4,647,NA
11/13/2011,7,660,NA
11/13/2011,10,650.5,NA
11/13/2011,13,643,NA
11/13/2011,16,637,NA
11/13/2011,19,630,NA
11/13/2011,22,637,NA
11/14/2011,1,648,NA
11/14/2011,4,658,NA
11/14/2011,7,656,NA
11/14/2011,10,648,NA
11/14/2011,13,641,NA
11/14/2011,16,636,NA
11/14/2011,19,631,NA
11/14/2011,22,637.5,NA
11/15/2011,1,649,NA
11/15/2011,4,660,NA
11/15/2011,7,659,NA
11/15/2011,10,648.5,NA
11/15/2011,13,637,NA
11/15/2011,16,628.5,NA
11/15/2011,19,621,NA
11/15/2011,22,627,NA
11/16/2011,1,633,NA
11/16/2011,4,635.5,NA
11/16/2011,7,629,NA
11/16/2011,10,619.5,NA
11/16/2011,13,613,NA
11/16/2011,16,609.5,NA
11/16/2011,19,606,NA
11/16/2011,22,616,NA
11/17/2011,1,631,NA
11/17/2011,4,648,NA
11/17/2011,7,647,NA
11/17/2011,10,638,NA
11/17/2011,13,633,NA
11/17/2011,16,629.5,NA
11/17/2011,19,626,NA
11/17/2011,22,633,NA
11/18/2011,1,645,NA
11/18/2011,4,660.5,NA
11/18/2011,7,658,NA
11/18/2011,10,650,NA
11/18/2011,13,645,NA
11/18/2011,16,655.5,NA
11/18/2011,19,670,NA
11/18/2011,22,677,NA
11/19/2011,1,681,NA
11/19/2011,4,674,NA
11/19/2011,7,666,NA
11/19/2011,10,652,NA
11/19/2011,13,640,NA
11/19/2011,16,647,NA
11/19/2011,19,660,NA
11/19/2011,22,671,NA
11/20/2011,1,680,NA
11/20/2011,4,672,NA
11/20/2011,7,661,NA
11/20/2011,10,652,NA
11/20/2011,13,642,NA
11/20/2011,16,634,NA
11/20/2011,19,630,NA
11/20/2011,22,643,NA
11/21/2011,1,656,NA
11/21/2011,4,648.5,NA
11/21/2011,7,635,NA
11/21/2011,10,627,NA
11/21/2011,13,619,NA
11/21/2011,16,613,NA
11/21/2011,19,609,NA
11/21/2011,22,606.5,NA
11/22/2011,1,605,NA
11/22/2011,4,603,NA
11/22/2011,7,600,NA
11/22/2011,10,585.5,NA
11/22/2011,13,568,NA
11/22/2011,16,557.5,NA
11/22/2011,19,551,NA
11/22/2011,22,567,NA
11/23/2011,1,584,NA
11/23/2011,4,606.5,NA
11/23/2011,7,627,NA
11/23/2011,10,643.5,NA
11/23/2011,13,635,NA
11/23/2011,16,631,NA
11/23/2011,19,627,NA
11/23/2011,22,635,NA
11/24/2011,1,649,NA
11/24/2011,4,665,NA
11/24/2011,7,675,NA
11/24/2011,10,662,NA
11/24/2011,13,650,NA
11/24/2011,16,657.5,NA
11/24/2011,19,665,NA
11/24/2011,22,673,NA
11/25/2011,1,682,NA
11/25/2011,4,688,NA
11/25/2011,7,685,NA
11/25/2011,10,679.5,NA
11/25/2011,13,676,NA
11/25/2011,16,678,NA
11/25/2011,19,684,NA
11/25/2011,22,689,NA
11/26/2011,1,693,NA
11/26/2011,4,698,NA
11/26/2011,7,695,NA
11/26/2011,10,680,NA
11/26/2011,13,663,NA
11/26/2011,16,650,NA
11/26/2011,19,643,NA
11/26/2011,22,636.5,NA
11/27/2011,1,631,NA
11/27/2011,4,622.5,NA
11/27/2011,7,616,NA
11/27/2011,10,602,NA
11/27/2011,13,592,NA
11/27/2011,16,584.5,NA
11/27/2011,19,576,NA
11/27/2011,22,572.5,NA
11/28/2011,1,575,NA
11/28/2011,4,583,NA
11/28/2011,7,592,NA
11/28/2011,10,591.5,NA
11/28/2011,13,574,NA
11/28/2011,16,559,NA
11/28/2011,19,557,NA
11/28/2011,22,564,NA
11/29/2011,1,580,NA
11/29/2011,4,600,NA
11/29/2011,7,615,NA
11/29/2011,10,627.5,NA
11/29/2011,13,627,NA
11/29/2011,16,624,NA
11/29/2011,19,623,NA
11/29/2011,22,646.5,NA
11/30/2011,1,662,NA
11/30/2011,4,668,NA
11/30/2011,7,672,NA
11/30/2011,10,660.5,NA
11/30/2011,13,645,NA
11/30/2011,16,634.5,NA
11/30/2011,19,640,NA
11/30/2011,22,652,NA
12/1/2011,1,665,NA
12/1/2011,4,676,NA
12/1/2011,7,687,NA
12/1/2011,10,686.5,NA
12/1/2011,13,678,NA
12/1/2011,16,686.5,NA
12/1/2011,19,705,NA
12/1/2011,22,718,NA
12/2/2011,1,725,NA
12/2/2011,4,730.5,NA
12/2/2011,7,735,NA
12/2/2011,10,738,NA
12/2/2011,13,749,NA
12/2/2011,16,765,NA
12/2/2011,19,776,NA
12/2/2011,22,779.5,NA
12/3/2011,1,783,NA
12/3/2011,4,777.5,NA
12/3/2011,7,771,NA
12/3/2011,10,770,NA
12/3/2011,13,769,NA
12/3/2011,16,774,NA
12/3/2011,19,781,NA
12/3/2011,22,773,NA
12/4/2011,1,763,NA
12/4/2011,4,747.5,NA
12/4/2011,7,735,NA
12/4/2011,10,721,NA
12/4/2011,13,706,NA
12/4/2011,16,702.5,NA
12/4/2011,19,710,NA
12/4/2011,22,712,NA
12/5/2011,1,707,NA
12/5/2011,4,699,NA
12/5/2011,7,688,NA
12/5/2011,10,671.5,NA
12/5/2011,13,658,NA
12/5/2011,16,643,NA
12/5/2011,19,632,NA
12/5/2011,22,637,NA
12/6/2011,1,642,NA
12/6/2011,4,642,NA
12/6/2011,7,636,NA
12/6/2011,10,627.5,NA
12/6/2011,13,620,NA
12/6/2011,16,620,NA
12/6/2011,19,628,NA
12/6/2011,22,635,NA
12/7/2011,1,640,NA
12/7/2011,4,645.5,NA
12/7/2011,7,641,NA
12/7/2011,10,637,NA
12/7/2011,13,636,NA
12/7/2011,16,639.5,NA
12/7/2011,19,643,NA
12/7/2011,22,645.5,NA
12/8/2011,1,643,NA
12/8/2011,4,637,NA
12/8/2011,7,632,NA
12/8/2011,10,624,NA
12/8/2011,13,617,NA
12/8/2011,16,606,NA
12/8/2011,19,598,NA
12/8/2011,22,592.5,NA
12/9/2011,1,595,NA
12/9/2011,4,604.5,NA
12/9/2011,7,610,NA
12/9/2011,10,604,NA
12/9/2011,13,596,NA
12/9/2011,16,591,NA
12/9/2011,19,590,NA
12/9/2011,22,593,NA
12/10/2011,1,596,NA
12/10/2011,4,600,NA
12/10/2011,7,605,NA
12/10/2011,10,600.5,NA
12/10/2011,13,595,NA
12/10/2011,16,590.5,NA
12/10/2011,19,588,NA
12/10/2011,22,594.5,NA
12/11/2011,1,604,NA
12/11/2011,4,612.5,NA
12/11/2011,7,618,NA
12/11/2011,10,614.5,NA
12/11/2011,13,609,NA
12/11/2011,16,602,NA
12/11/2011,19,595,NA
12/11/2011,22,594.5,NA
12/12/2011,1,601,NA
12/12/2011,4,605.5,NA
12/12/2011,7,599,NA
12/12/2011,10,592,NA
12/12/2011,13,585,NA
12/12/2011,16,574,NA
12/12/2011,19,569,NA
12/12/2011,22,574.5,NA
12/13/2011,1,581,NA
12/13/2011,4,592,NA
12/13/2011,7,597,NA
12/13/2011,10,591.5,NA
12/13/2011,13,584,NA
12/13/2011,16,584,NA
12/13/2011,19,590,NA
12/13/2011,22,599,NA
12/14/2011,1,607,NA
12/14/2011,4,616,NA
12/14/2011,7,615,NA
12/14/2011,10,611,NA
12/14/2011,13,607,NA
12/14/2011,16,603,NA
12/14/2011,19,597,NA
12/14/2011,22,593,NA
12/15/2011,1,595,NA
12/15/2011,4,600,NA
12/15/2011,7,603,NA
12/15/2011,10,598.5,NA
12/15/2011,13,593,NA
12/15/2011,16,588,NA
12/15/2011,19,585,NA
12/15/2011,22,583,NA
12/16/2011,1,588,NA
12/16/2011,4,595,NA
12/16/2011,7,595,NA
12/16/2011,10,591.5,NA
12/16/2011,13,588,NA
12/16/2011,16,595,NA
12/16/2011,19,605,NA
12/16/2011,22,613.5,NA
12/17/2011,1,620,NA
12/17/2011,4,628,NA
12/17/2011,7,626,NA
12/17/2011,10,616,NA
12/17/2011,13,609,NA
12/17/2011,16,602.5,NA
12/17/2011,19,594,NA
12/17/2011,22,601,NA
12/18/2011,1,613,NA
12/18/2011,4,625.5,NA
12/18/2011,7,633,NA
12/18/2011,10,622.5,NA
12/18/2011,13,617,NA
12/18/2011,16,613,NA
12/18/2011,19,610,NA
12/18/2011,22,616,NA
12/19/2011,1,626,NA
12/19/2011,4,631,NA
12/19/2011,7,627,NA
12/19/2011,10,620,NA
12/19/2011,13,613,NA
12/19/2011,16,607.5,NA
12/19/2011,19,612,NA
12/19/2011,22,616,NA
12/20/2011,1,619,NA
12/20/2011,4,623.5,NA
12/20/2011,7,621,NA
12/20/2011,10,616,NA
12/20/2011,13,611,NA
12/20/2011,16,611.5,NA
12/20/2011,19,620,NA
12/20/2011,22,625,NA
12/21/2011,1,630,NA
12/21/2011,4,635.5,NA
12/21/2011,7,640,NA
12/21/2011,10,632.5,NA
12/21/2011,13,626,NA
12/21/2011,16,635.5,NA
12/21/2011,19,645,NA
12/21/2011,22,652,NA
12/22/2011,1,658,NA
12/22/2011,4,652,NA
12/22/2011,7,646,NA
12/22/2011,10,626,NA
12/22/2011,13,610,NA
12/22/2011,16,609,NA
12/22/2011,19,623,NA
12/22/2011,22,630,NA
12/23/2011,1,637,NA
12/23/2011,4,640,NA
12/23/2011,7,634,NA
12/23/2011,10,616.5,NA
12/23/2011,13,605,NA
12/23/2011,16,604.5,NA
12/23/2011,19,616,NA
12/23/2011,22,622.5,NA
12/24/2011,1,629,NA
12/24/2011,4,633,NA
12/24/2011,7,628,NA
12/24/2011,10,610.5,NA
12/24/2011,13,600,NA
12/24/2011,16,599,NA
12/24/2011,19,608,NA
12/24/2011,22,612.5,NA
12/25/2011,1,618,NA
12/25/2011,4,622.5,NA
12/25/2011,7,626,NA
12/25/2011,10,608,NA
12/25/2011,13,590,NA
12/25/2011,16,583,NA
12/25/2011,19,578,NA
12/25/2011,22,581.5,NA
12/26/2011,1,588,NA
12/26/2011,4,595.5,NA
12/26/2011,7,600,NA
12/26/2011,10,587.5,NA
12/26/2011,13,579,NA
12/26/2011,16,587,NA
12/26/2011,19,595,NA
12/26/2011,22,600.5,NA
12/27/2011,1,606,NA
12/27/2011,4,611,NA
12/27/2011,7,610,NA
12/27/2011,10,594,NA
12/27/2011,13,580,NA
12/27/2011,16,590,NA
12/27/2011,19,603,NA
12/27/2011,22,611,NA
12/28/2011,1,620,NA
12/28/2011,4,629.5,NA
12/28/2011,7,636,NA
12/28/2011,10,616.5,NA
12/28/2011,13,603,NA
12/28/2011,16,602.5,NA
12/28/2011,19,611,NA
12/28/2011,22,618,NA
12/29/2011,1,623,NA
12/29/2011,4,630,NA
12/29/2011,7,627,NA
12/29/2011,10,612,NA
12/29/2011,13,599,NA
12/29/2011,16,599.5,NA
12/29/2011,19,615,NA
12/29/2011,22,623,NA
12/30/2011,1,631,NA
12/30/2011,4,636.5,NA
12/30/2011,7,630,NA
12/30/2011,10,616,NA
12/30/2011,13,604,NA
12/30/2011,16,604,NA
12/30/2011,19,617,NA
12/30/2011,22,625,NA
12/31/2011,1,635,NA
12/31/2011,4,640.5,NA
12/31/2011,7,637,NA
12/31/2011,10,621.5,NA
12/31/2011,13,605,NA
12/31/2011,16,597.5,NA
12/31/2011,19,596,NA
12/31/2011,22,594,NA
1/1/2012,1,592,NA
1/1/2012,4,589.5,NA
1/1/2012,7,588,NA
1/1/2012,10,585,NA
1/1/2012,13,581,NA
1/1/2012,16,577.5,NA
1/1/2012,19,573,NA
1/1/2012,22,571.5,NA
1/2/2012,1,569,NA
1/2/2012,4,567,NA
1/2/2012,7,565,NA
1/2/2012,10,563,NA
1/2/2012,13,560,NA
1/2/2012,16,555.5,NA
1/2/2012,19,552,NA
1/2/2012,22,551.5,NA
1/3/2012,1,550,NA
1/3/2012,4,549.5,NA
1/3/2012,7,548,NA
1/3/2012,10,546,NA
1/3/2012,13,543,NA
1/3/2012,16,543,NA
1/3/2012,19,545,NA
1/3/2012,22,548.5,NA
1/4/2012,1,551,NA
1/4/2012,4,549.5,NA
1/4/2012,7,546,NA
1/4/2012,10,542.5,NA
1/4/2012,13,539,NA
1/4/2012,16,538.5,NA
1/4/2012,19,543,NA
1/4/2012,22,548,NA
1/5/2012,1,554,NA
1/5/2012,4,561.5,NA
1/5/2012,7,566,NA
1/5/2012,10,568,NA
1/5/2012,13,569,NA
1/5/2012,16,570.5,NA
1/5/2012,19,573,NA
1/5/2012,22,569.5,NA
1/6/2012,1,566,NA
1/6/2012,4,571.5,NA
1/6/2012,7,576,NA
1/6/2012,10,574,NA
1/6/2012,13,570,NA
1/6/2012,16,566.5,NA
1/6/2012,19,563,NA
1/6/2012,22,569.5,NA
1/7/2012,1,581,NA
1/7/2012,4,592.5,NA
1/7/2012,7,599,NA
1/7/2012,10,595.5,NA
1/7/2012,13,592,NA
1/7/2012,16,600,NA
1/7/2012,19,610,NA
1/7/2012,22,617.5,NA
1/8/2012,1,626,NA
1/8/2012,4,632,NA
1/8/2012,7,629,NA
1/8/2012,10,620,NA
1/8/2012,13,612,NA
1/8/2012,16,608.5,NA
1/8/2012,19,613,NA
1/8/2012,22,618.5,NA
1/9/2012,1,623,NA
1/9/2012,4,624.5,NA
1/9/2012,7,619,NA
1/9/2012,10,612.5,NA
1/9/2012,13,606,NA
1/9/2012,16,600.5,NA
1/9/2012,19,595,NA
1/9/2012,22,599,NA
1/10/2012,1,603,NA
1/10/2012,4,606,NA
1/10/2012,7,609,NA
1/10/2012,10,600.5,NA
1/10/2012,13,591,NA
1/10/2012,16,578.5,NA
1/10/2012,19,570,NA
1/10/2012,22,576.5,NA
1/11/2012,1,585,NA
1/11/2012,4,593,NA
1/11/2012,7,602,NA
1/11/2012,10,594,NA
1/11/2012,13,585,NA
1/11/2012,16,575,NA
1/11/2012,19,568,NA
1/11/2012,22,567,NA
1/12/2012,1,575,NA
1/12/2012,4,586.5,NA
1/12/2012,7,588,NA
1/12/2012,10,580,NA
1/12/2012,13,568,NA
1/12/2012,16,558.5,NA
1/12/2012,19,552,NA
1/12/2012,22,555.5,NA
1/13/2012,1,562,NA
1/13/2012,4,574,NA
1/13/2012,7,580,NA
1/13/2012,10,574.5,NA
1/13/2012,13,570,NA
1/13/2012,16,561.5,NA
1/13/2012,19,555,NA
1/13/2012,22,553,NA
1/14/2012,1,559,NA
1/14/2012,4,569.5,NA
1/14/2012,7,576,NA
1/14/2012,10,569,NA
1/14/2012,13,562,NA
1/14/2012,16,563,NA
1/14/2012,19,574,NA
1/14/2012,22,597.5,NA
1/15/2012,1,619,NA
1/15/2012,4,627,NA
1/15/2012,7,617,NA
1/15/2012,10,612,NA
1/15/2012,13,626,NA
1/15/2012,16,653,NA
1/15/2012,19,681,NA
1/15/2012,22,704.5,NA
1/16/2012,1,721,NA
1/16/2012,4,729.5,NA
1/16/2012,7,736,NA
1/16/2012,10,759.5,NA
1/16/2012,13,782,NA
1/16/2012,16,800.5,NA
1/16/2012,19,816,NA
1/16/2012,22,828.5,NA
1/17/2012,1,841,NA
1/17/2012,4,852,NA
1/17/2012,7,861,NA
1/17/2012,10,870,NA
1/17/2012,13,874,NA
1/17/2012,16,874,NA
1/17/2012,19,870,NA
1/17/2012,22,867,NA
1/18/2012,1,864,NA
1/18/2012,4,860.5,NA
1/18/2012,7,860,NA
1/18/2012,10,867.5,NA
1/18/2012,13,872,NA
1/18/2012,16,874.5,NA
1/18/2012,19,877,NA
1/18/2012,22,880,NA
1/19/2012,1,884,NA
1/19/2012,4,883,NA
1/19/2012,7,877,NA
1/19/2012,10,876.5,NA
1/19/2012,13,875,NA
1/19/2012,16,875,NA
1/19/2012,19,878,NA
1/19/2012,22,881.5,NA
1/20/2012,1,882,NA
1/20/2012,4,880.5,NA
1/20/2012,7,879,NA
1/20/2012,10,873,NA
1/20/2012,13,860,NA
1/20/2012,16,845,NA
1/20/2012,19,836,NA
1/20/2012,22,819,NA
1/21/2012,1,803,NA
1/21/2012,4,781,NA
1/21/2012,7,765,NA
1/21/2012,10,759,NA
1/21/2012,13,758,NA
1/21/2012,16,761.5,NA
1/21/2012,19,763,NA
1/21/2012,22,756,NA
1/22/2012,1,742,NA
1/22/2012,4,730,NA
1/22/2012,7,723,NA
1/22/2012,10,713,NA
1/22/2012,13,703,NA
1/22/2012,16,696,NA
1/22/2012,19,690,NA
1/22/2012,22,685,NA
1/23/2012,1,680,NA
1/23/2012,4,674.5,NA
1/23/2012,7,669,NA
1/23/2012,10,659.5,NA
1/23/2012,13,650,NA
1/23/2012,16,637,NA
1/23/2012,19,624,NA
1/23/2012,22,616,NA
1/24/2012,1,610,NA
1/24/2012,4,602.5,NA
1/24/2012,7,595,NA
1/24/2012,10,588,NA
1/24/2012,13,582,NA
1/24/2012,16,575.5,NA
1/24/2012,19,570,NA
1/24/2012,22,567,NA
1/25/2012,1,564,NA
1/25/2012,4,562,NA
1/25/2012,7,560,NA
1/25/2012,10,558,NA
1/25/2012,13,556,NA
1/25/2012,16,554,NA
1/25/2012,19,552,NA
1/25/2012,22,552,557
1/26/2012,1,550,NA
1/26/2012,4,548,NA
1/26/2012,7,548,NA
1/26/2012,10,546,NA
1/26/2012,13,543,NA
1/26/2012,16,539,NA
1/26/2012,19,536,NA
1/26/2012,22,532,543
1/27/2012,1,529,NA
1/27/2012,4,527,NA
1/27/2012,7,525,NA
1/27/2012,10,522,NA
1/27/2012,13,518,NA
1/27/2012,16,517,NA
1/27/2012,19,517,NA
1/27/2012,22,520,522
1/28/2012,1,524,NA
1/28/2012,4,526,NA
1/28/2012,7,527,NA
1/28/2012,10,529,NA
1/28/2012,13,532,NA
1/28/2012,16,534,NA
1/28/2012,19,537,NA
1/28/2012,22,543,532
1/29/2012,1,572,NA
1/29/2012,4,600.3333333,NA
1/29/2012,7,643.6666667,NA
1/29/2012,10,667.6666667,NA
1/29/2012,13,682,NA
1/29/2012,16,693.3333333,NA
1/29/2012,19,709.6666667,NA
1/29/2012,22,740.25,NA
1/30/2012,1,768,NA
1/30/2012,4,785.5,NA
1/30/2012,7,803,NA
1/30/2012,10,817,NA
1/30/2012,13,829,NA
1/30/2012,16,839,NA
1/30/2012,19,846,NA
1/30/2012,22,851.5,NA
1/31/2012,1,857,NA
1/31/2012,4,861.5,NA
1/31/2012,7,866,NA
1/31/2012,10,868,NA
1/31/2012,13,870,NA
1/31/2012,16,872.5,NA
1/31/2012,19,874,NA
1/31/2012,22,875.5,NA
2/1/2012,1,873,NA
2/1/2012,4,866,NA
2/1/2012,7,860,NA
2/1/2012,10,863,NA
2/1/2012,13,865,NA
2/1/2012,16,868,NA
2/1/2012,19,871,NA
2/1/2012,22,873.5,NA
2/2/2012,1,876,NA
2/2/2012,4,881,NA
2/2/2012,7,887,NA
2/2/2012,10,889.5,NA
2/2/2012,13,892,NA
2/2/2012,16,893,NA
2/2/2012,19,894,NA
2/2/2012,22,891.5,NA
2/3/2012,1,891,NA
2/3/2012,4,891,NA
2/3/2012,7,891,NA
2/3/2012,10,892,NA
2/3/2012,13,893,NA
2/3/2012,16,894,NA
2/3/2012,19,896,NA
2/3/2012,22,895,893
2/4/2012,1,894,NA
2/4/2012,4,893,NA
2/4/2012,7,892,NA
2/4/2012,10,891,NA
2/4/2012,13,890,NA
2/4/2012,16,889,NA
2/4/2012,19,889,NA
2/4/2012,22,889,891
2/5/2012,1,889,NA
2/5/2012,4,889,NA
2/5/2012,7,889,NA
2/5/2012,10,890,NA
2/5/2012,13,892,NA
2/5/2012,16,893,NA
2/5/2012,19,894,NA
2/5/2012,22,895,891
2/6/2012,1,894,NA
2/6/2012,4,892,NA
2/6/2012,7,890,NA
2/6/2012,10,889,NA
2/6/2012,13,888,NA
2/6/2012,16,887,NA
2/6/2012,19,886,NA
2/6/2012,22,885,889
2/7/2012,1,883,NA
2/7/2012,4,882,NA
2/7/2012,7,881,NA
2/7/2012,10,880,NA
2/7/2012,13,879,NA
2/7/2012,16,877,NA
2/7/2012,19,876,NA
2/7/2012,22,875,879
2/8/2012,1,874,NA
2/8/2012,4,873,NA
2/8/2012,7,872,NA
2/8/2012,10,872,NA
2/8/2012,13,873,NA
2/8/2012,16,876,NA
2/8/2012,19,878,NA
2/8/2012,22,879,875
2/9/2012,1,880,NA
2/9/2012,4,883,NA
2/9/2012,7,885,NA
2/9/2012,10,888,NA
2/9/2012,13,890,NA
2/9/2012,16,892,NA
2/9/2012,19,887,NA
2/9/2012,22,876,885
2/10/2012,1,857,NA
2/10/2012,4,826.5,NA
2/10/2012,7,798,NA
2/10/2012,10,770,NA
2/10/2012,13,742,NA
2/10/2012,16,718.5,NA
2/10/2012,19,696,NA
2/10/2012,22,673.5,NA
2/11/2012,1,652,NA
2/11/2012,4,630,NA
2/11/2012,7,608,NA
2/11/2012,10,590,NA
2/11/2012,13,573,NA
2/11/2012,16,557,NA
2/11/2012,19,542,NA
2/11/2012,22,534,NA
2/12/2012,1,528,NA
2/12/2012,4,524,NA
2/12/2012,7,521,NA
2/12/2012,10,520,NA
2/12/2012,13,519,NA
2/12/2012,16,518.5,NA
2/12/2012,19,517,NA
2/12/2012,22,515.5,NA
2/13/2012,1,515,NA
2/13/2012,4,515,NA
2/13/2012,7,515,NA
2/13/2012,10,514,NA
2/13/2012,13,513,NA
2/13/2012,16,511,NA
2/13/2012,19,510,NA
2/13/2012,22,510,513
2/14/2012,1,511,NA
2/14/2012,4,512,NA
2/14/2012,7,514,NA
2/14/2012,10,515,NA
2/14/2012,13,516,NA
2/14/2012,16,515,NA
2/14/2012,19,514,NA
2/14/2012,22,513,514
2/15/2012,1,511,NA
2/15/2012,4,510,NA
2/15/2012,7,509,NA
2/15/2012,10,507,NA
2/15/2012,13,506,NA
2/15/2012,16,504,NA
2/15/2012,19,503,NA
2/15/2012,22,501,506
2/16/2012,1,503,NA
2/16/2012,4,505,NA
2/16/2012,7,506,NA
2/16/2012,10,504,NA
2/16/2012,13,501,NA
2/16/2012,16,500,NA
2/16/2012,19,502,NA
2/16/2012,22,506,503
2/17/2012,1,509,NA
2/17/2012,4,513,NA
2/17/2012,7,516,NA
2/17/2012,10,512,NA
2/17/2012,13,508,NA
2/17/2012,16,506,NA
2/17/2012,19,509,NA
2/17/2012,22,513,511
2/18/2012,1,519,NA
2/18/2012,4,529.5,NA
2/18/2012,7,539,NA
2/18/2012,10,541,NA
2/18/2012,13,537,NA
2/18/2012,16,534,NA
2/18/2012,19,531,NA
2/18/2012,22,530,NA
2/19/2012,1,532,NA
2/19/2012,4,535,NA
2/19/2012,7,537,NA
2/19/2012,10,534,NA
2/19/2012,13,530,NA
2/19/2012,16,525,NA
2/19/2012,19,522,NA
2/19/2012,22,519,529
2/20/2012,1,515,NA
2/20/2012,4,511,NA
2/20/2012,7,506,NA
2/20/2012,10,500,NA
2/20/2012,13,496,NA
2/20/2012,16,495,NA
2/20/2012,19,495,NA
2/20/2012,22,499,502
2/21/2012,1,504,NA
2/21/2012,4,512.5,NA
2/21/2012,7,521,NA
2/21/2012,10,531.5,NA
2/21/2012,13,535,NA
2/21/2012,16,529.5,NA
2/21/2012,19,525,NA
2/21/2012,22,521.5,NA
2/22/2012,1,524,NA
2/22/2012,4,532.5,NA
2/22/2012,7,540,NA
2/22/2012,10,533.5,NA
2/22/2012,13,527,NA
2/22/2012,16,524,NA
2/22/2012,19,521,NA
2/22/2012,22,527.5,NA
2/23/2012,1,534,NA
2/23/2012,4,542.5,NA
2/23/2012,7,550,NA
2/23/2012,10,544,NA
2/23/2012,13,539,NA
2/23/2012,16,533,NA
2/23/2012,19,535,NA
2/23/2012,22,539.5,NA
2/24/2012,1,545,NA
2/24/2012,4,551,NA
2/24/2012,7,556,NA
2/24/2012,10,543,NA
2/24/2012,13,536,NA
2/24/2012,16,533,NA
2/24/2012,19,530,NA
2/24/2012,22,538.5,NA
2/25/2012,1,549,NA
2/25/2012,4,561,NA
2/25/2012,7,570,NA
2/25/2012,10,563.5,NA
2/25/2012,13,554,NA
2/25/2012,16,545,NA
2/25/2012,19,540,NA
2/25/2012,22,540,NA
2/26/2012,1,547,NA
2/26/2012,4,551,NA
2/26/2012,7,554,NA
2/26/2012,10,548,NA
2/26/2012,13,543,NA
2/26/2012,16,538,NA
2/26/2012,19,532,NA
2/26/2012,22,528,543
2/27/2012,1,526,NA
2/27/2012,4,525,NA
2/27/2012,7,524,NA
2/27/2012,10,522,NA
2/27/2012,13,520,NA
2/27/2012,16,518,NA
2/27/2012,19,516,NA
2/27/2012,22,519,521
2/28/2012,1,524,NA
2/28/2012,4,530,NA
2/28/2012,7,537,NA
2/28/2012,10,538,NA
2/28/2012,13,534,NA
2/28/2012,16,531,NA
2/28/2012,19,529,NA
2/28/2012,22,534,532
2/29/2012,1,541,NA
2/29/2012,4,555.5,NA
2/29/2012,7,567,NA
2/29/2012,10,557.5,NA
2/29/2012,13,542,NA
2/29/2012,16,533.5,NA
2/29/2012,19,527,NA
2/29/2012,22,526.5,NA
3/1/2012,1,531,NA
3/1/2012,4,535,NA
3/1/2012,7,537,NA
3/1/2012,10,532,NA
3/1/2012,13,528,NA
3/1/2012,16,530,NA
3/1/2012,19,535,NA
3/1/2012,22,542,534
3/2/2012,1,551,NA
3/2/2012,4,565.5,NA
3/2/2012,7,578,NA
3/2/2012,10,566.5,NA
3/2/2012,13,555,NA
3/2/2012,16,544.5,NA
3/2/2012,19,535,NA
3/2/2012,22,538.5,NA
3/3/2012,1,542,NA
3/3/2012,4,544,NA
3/3/2012,7,545,NA
3/3/2012,10,543,NA
3/3/2012,13,542,NA
3/3/2012,16,544,NA
3/3/2012,19,546,NA
3/3/2012,22,554,545
3/4/2012,1,567,NA
3/4/2012,4,590,NA
3/4/2012,7,611,NA
3/4/2012,10,600,NA
3/4/2012,13,590,NA
3/4/2012,16,584,NA
3/4/2012,19,580,NA
3/4/2012,22,579.5,NA
3/5/2012,1,586,NA
3/5/2012,4,592.5,NA
3/5/2012,7,599,NA
3/5/2012,10,582,NA
3/5/2012,13,565,NA
3/5/2012,16,551,NA
3/5/2012,19,542,NA
3/5/2012,22,556.5,NA
3/6/2012,1,575,NA
3/6/2012,4,593.5,NA
3/6/2012,7,612,NA
3/6/2012,10,600,NA
3/6/2012,13,590,NA
3/6/2012,16,583.5,NA
3/6/2012,19,580,NA
3/6/2012,22,578,NA
3/7/2012,1,585,NA
3/7/2012,4,608,NA
3/7/2012,7,622,NA
3/7/2012,10,615.5,NA
3/7/2012,13,609,NA
3/7/2012,16,603.5,NA
3/7/2012,19,600,NA
3/7/2012,22,613.5,NA
3/8/2012,1,631,NA
3/8/2012,4,649.5,NA
3/8/2012,7,652,NA
3/8/2012,10,648,NA
3/8/2012,13,643,NA
3/8/2012,16,633.5,NA
3/8/2012,19,623,NA
3/8/2012,22,629,NA
3/9/2012,1,640,NA
3/9/2012,4,649.5,NA
3/9/2012,7,660,NA
3/9/2012,10,651,NA
3/9/2012,13,631,NA
3/9/2012,16,618,NA
3/9/2012,19,617,NA
3/9/2012,22,627,NA
3/10/2012,1,638,NA
3/10/2012,4,649.5,NA
3/10/2012,7,659,NA
3/10/2012,10,643,NA
3/10/2012,13,631,NA
3/10/2012,16,639.5,NA
3/10/2012,19,651,NA
3/10/2012,22,659.5,NA
3/11/2012,1,667,NA
3/11/2012,4,676,NA
3/11/2012,7,684,NA
3/11/2012,10,691,NA
3/11/2012,13,698,NA
3/11/2012,16,705,NA
3/11/2012,19,713,NA
3/11/2012,22,721.5,NA
3/12/2012,1,728,NA
3/12/2012,4,718.5,NA
3/12/2012,7,709,NA
3/12/2012,10,692.5,NA
3/12/2012,13,688,NA
3/12/2012,16,693,NA
3/12/2012,19,699,NA
3/12/2012,22,706,NA
3/13/2012,1,713,NA
3/13/2012,4,708,NA
3/13/2012,7,702,NA
3/13/2012,10,690,NA
3/13/2012,13,676,NA
3/13/2012,16,688.5,NA
3/13/2012,19,706,NA
3/13/2012,22,718.5,NA
3/14/2012,1,730,NA
3/14/2012,4,723.5,NA
3/14/2012,7,715,NA
3/14/2012,10,702,NA
3/14/2012,13,692,NA
3/14/2012,16,708,NA
3/14/2012,19,725,NA
3/14/2012,22,735,NA
3/15/2012,1,731,NA
3/15/2012,4,722.5,NA
3/15/2012,7,712,NA
3/15/2012,10,694,NA
3/15/2012,13,678,NA
3/15/2012,16,696.5,NA
3/15/2012,19,715,NA
3/15/2012,22,726.5,NA
3/16/2012,1,721,NA
3/16/2012,4,702.5,NA
3/16/2012,7,683,NA
3/16/2012,10,661,NA
3/16/2012,13,641,NA
3/16/2012,16,623,NA
3/16/2012,19,610,NA
3/16/2012,22,603,NA
3/17/2012,1,599,NA
3/17/2012,4,597,NA
3/17/2012,7,596,NA
3/17/2012,10,590,NA
3/17/2012,13,584,NA
3/17/2012,16,579,NA
3/17/2012,19,572,NA
3/17/2012,22,565,585
3/18/2012,1,571,NA
3/18/2012,4,571,NA
3/18/2012,7,582,NA
3/18/2012,10,578,NA
3/18/2012,13,576,NA
3/18/2012,16,573,NA
3/18/2012,19,571,NA
3/18/2012,22,568,574
3/19/2012,1,572,NA
3/19/2012,4,580,NA
3/19/2012,7,588,NA
3/19/2012,10,592,NA
3/19/2012,13,598,NA
3/19/2012,16,600.5,NA
3/19/2012,19,595,NA
3/19/2012,22,592.5,NA
3/20/2012,1,590,NA
3/20/2012,4,589,NA
3/20/2012,7,587,NA
3/20/2012,10,579,NA
3/20/2012,13,570,NA
3/20/2012,16,562,NA
3/20/2012,19,553,NA
3/20/2012,22,546,572
3/21/2012,1,542,NA
3/21/2012,4,539,NA
3/21/2012,7,536,NA
3/21/2012,10,530,NA
3/21/2012,13,525,NA
3/21/2012,16,519,NA
3/21/2012,19,515,NA
3/21/2012,22,513,527
3/22/2012,1,518,NA
3/22/2012,4,524,NA
3/22/2012,7,529,NA
3/22/2012,10,526,NA
3/22/2012,13,522,NA
3/22/2012,16,518,NA
3/22/2012,19,516,NA
3/22/2012,22,519,522
3/23/2012,1,523,NA
3/23/2012,4,528,NA
3/23/2012,7,534,NA
3/23/2012,10,530,NA
3/23/2012,13,524,NA
3/23/2012,16,517,NA
3/23/2012,19,512,NA
3/23/2012,22,521,524
3/24/2012,1,535,NA
3/24/2012,4,558.5,NA
3/24/2012,7,583,NA
3/24/2012,10,586,NA
3/24/2012,13,577,NA
3/24/2012,16,573,NA
3/24/2012,19,570,NA
3/24/2012,22,580,NA
3/25/2012,1,596,NA
3/25/2012,4,609,NA
3/25/2012,7,621,NA
3/25/2012,10,610,NA
3/25/2012,13,596,NA
3/25/2012,16,583,NA
3/25/2012,19,570,NA
3/25/2012,22,564.5,NA
3/26/2012,1,561,NA
3/26/2012,4,558,NA
3/26/2012,7,556,NA
3/26/2012,10,554,NA
3/26/2012,13,550,NA
3/26/2012,16,559,NA
3/26/2012,19,573,NA
3/26/2012,22,585,562
3/27/2012,1,595,NA
3/27/2012,4,606.5,NA
3/27/2012,7,615,NA
3/27/2012,10,608,NA
3/27/2012,13,601,NA
3/27/2012,16,612,NA
3/27/2012,19,632,NA
3/27/2012,22,650.5,NA
3/28/2012,1,668,NA
3/28/2012,4,680,NA
3/28/2012,7,679,NA
3/28/2012,10,678.5,NA
3/28/2012,13,685,NA
3/28/2012,16,695.5,NA
3/28/2012,19,706,NA
3/28/2012,22,720,NA
3/29/2012,1,730,NA
3/29/2012,4,721,NA
3/29/2012,7,708,NA
3/29/2012,10,693.5,NA
3/29/2012,13,692,NA
3/29/2012,16,700,NA
3/29/2012,19,709,NA
3/29/2012,22,721.5,NA
3/30/2012,1,729,NA
3/30/2012,4,719.5,NA
3/30/2012,7,707,NA
3/30/2012,10,692.5,NA
3/30/2012,13,686,NA
3/30/2012,16,694,NA
3/30/2012,19,705,NA
3/30/2012,22,712.5,NA
3/31/2012,1,721,NA
3/31/2012,4,712.5,NA
3/31/2012,7,703,NA
3/31/2012,10,683,NA
3/31/2012,13,664,NA
3/31/2012,16,654,NA
3/31/2012,19,656,NA
3/31/2012,22,661.5,NA
4/1/2012,1,658,NA
4/1/2012,4,645,NA
4/1/2012,7,632,NA
4/1/2012,10,615.5,NA
4/1/2012,13,595,NA
4/1/2012,16,580.5,NA
4/1/2012,19,571,NA
4/1/2012,22,567,NA
4/2/2012,1,565,NA
4/2/2012,4,565,NA
4/2/2012,7,564,NA
4/2/2012,10,561,NA
4/2/2012,13,557,NA
4/2/2012,16,554,NA
4/2/2012,19,562,NA
4/2/2012,22,567,562
4/3/2012,1,571,NA
4/3/2012,4,577,NA
4/3/2012,7,582,NA
4/3/2012,10,590,NA
4/3/2012,13,601,NA
4/3/2012,16,613,NA
4/3/2012,19,627,NA
4/3/2012,22,639,600
4/4/2012,1,647,NA
4/4/2012,4,656.5,NA
4/4/2012,7,666,NA
4/4/2012,10,654.5,NA
4/4/2012,13,640,NA
4/4/2012,16,660,NA
4/4/2012,19,686,NA
4/4/2012,22,703.5,NA
4/5/2012,1,717,NA
4/5/2012,4,706,NA
4/5/2012,7,691,NA
4/5/2012,10,674,NA
4/5/2012,13,661,NA
4/5/2012,16,656.5,NA
4/5/2012,19,668,NA
4/5/2012,22,683,NA
4/6/2012,1,697,NA
4/6/2012,4,690,NA
4/6/2012,7,683,NA
4/6/2012,10,671.5,NA
4/6/2012,13,661,NA
4/6/2012,16,679,NA
4/6/2012,19,702,NA
4/6/2012,22,719,NA
4/7/2012,1,732,NA
4/7/2012,4,718.5,NA
4/7/2012,7,701,NA
4/7/2012,10,690,NA
4/7/2012,13,694,NA
4/7/2012,16,713,NA
4/7/2012,19,735,NA
4/7/2012,22,751,NA
4/8/2012,1,764,NA
4/8/2012,4,752,NA
4/8/2012,7,739,NA
4/8/2012,10,728,NA
4/8/2012,13,720,NA
4/8/2012,16,718.5,NA
4/8/2012,19,726,NA
4/8/2012,22,731.5,NA
4/9/2012,1,736,NA
4/9/2012,4,719.5,NA
4/9/2012,7,696,NA
4/9/2012,10,681.5,NA
4/9/2012,13,672,NA
4/9/2012,16,669,NA
4/9/2012,19,680,NA
4/9/2012,22,690,NA
4/10/2012,1,699,NA
4/10/2012,4,693,NA
4/10/2012,7,685,NA
4/10/2012,10,680,NA
4/10/2012,13,676,NA
4/10/2012,16,683,NA
4/10/2012,19,690,NA
4/10/2012,22,697,NA
4/11/2012,1,704,NA
4/11/2012,4,706.5,NA
4/11/2012,7,698,NA
4/11/2012,10,698,NA
4/11/2012,13,711,NA
4/11/2012,16,725,NA
4/11/2012,19,733,NA
4/11/2012,22,738,NA
4/12/2012,1,743,NA
4/12/2012,4,730,NA
4/12/2012,7,714,NA
4/12/2012,10,708.5,NA
4/12/2012,13,709,NA
4/12/2012,16,716,NA
4/12/2012,19,729,NA
4/12/2012,22,735.5,NA
4/13/2012,1,739,NA
4/13/2012,4,734,NA
4/13/2012,7,727,NA
4/13/2012,10,729,NA
4/13/2012,13,736,NA
4/13/2012,16,741.5,NA
4/13/2012,19,745,NA
4/13/2012,22,750.5,NA
4/14/2012,1,758,NA
4/14/2012,4,753,NA
4/14/2012,7,743,NA
4/14/2012,10,739,NA
4/14/2012,13,742,NA
4/14/2012,16,748,NA
4/14/2012,19,754,NA
4/14/2012,22,760,NA
4/15/2012,1,754,NA
4/15/2012,4,735,NA
4/15/2012,7,715,NA
4/15/2012,10,705.5,NA
4/15/2012,13,710,NA
4/15/2012,16,724.5,NA
4/15/2012,19,737,NA
4/15/2012,22,745.5,NA
4/16/2012,1,752,NA
4/16/2012,4,742,NA
4/16/2012,7,733,NA
4/16/2012,10,726,NA
4/16/2012,13,731,NA
4/16/2012,16,739,NA
4/16/2012,19,747,NA
4/16/2012,22,752.5,NA
4/17/2012,1,757,NA
4/17/2012,4,748,NA
4/17/2012,7,741,NA
4/17/2012,10,733,NA
4/17/2012,13,742,NA
4/17/2012,16,762,NA
4/17/2012,19,775,NA
4/17/2012,22,783,NA
4/18/2012,1,790,NA
4/18/2012,4,786,NA
4/18/2012,7,781,NA
4/18/2012,10,776,NA
4/18/2012,13,783,NA
4/18/2012,16,789,NA
4/18/2012,19,797,NA
4/18/2012,22,800.5,NA
4/19/2012,1,804,NA
4/19/2012,4,794,NA
4/19/2012,7,781,NA
4/19/2012,10,768.5,NA
4/19/2012,13,768,NA
4/19/2012,16,772.5,NA
4/19/2012,19,778,NA
4/19/2012,22,785,NA
4/20/2012,1,791,NA
4/20/2012,4,786,NA
4/20/2012,7,782,NA
4/20/2012,10,777.5,NA
4/20/2012,13,773,NA
4/20/2012,16,766,NA
4/20/2012,19,766,NA
4/20/2012,22,770.5,NA
4/21/2012,1,776,NA
4/21/2012,4,779,NA
4/21/2012,7,775,NA
4/21/2012,10,772,NA
4/21/2012,13,768,NA
4/21/2012,16,765.5,NA
4/21/2012,19,763,NA
4/21/2012,22,765,NA
4/22/2012,1,768,NA
4/22/2012,4,769,NA
4/22/2012,7,762,NA
4/22/2012,10,762,NA
4/22/2012,13,762,NA
4/22/2012,16,764,NA
4/22/2012,19,767,NA
4/22/2012,22,771.5,NA
4/23/2012,1,776,NA
4/23/2012,4,776,NA
4/23/2012,7,769,NA
4/23/2012,10,755,NA
4/23/2012,13,737,NA
4/23/2012,16,742.5,NA
4/23/2012,19,750,NA
4/23/2012,22,757.5,NA
4/24/2012,1,763,NA
4/24/2012,4,764,NA
4/24/2012,7,757,NA
4/24/2012,10,766.5,NA
4/24/2012,13,781,NA
4/24/2012,16,789,NA
4/24/2012,19,787,NA
4/24/2012,22,782,NA
4/25/2012,1,782,NA
4/25/2012,4,788.5,NA
4/25/2012,7,788,NA
4/25/2012,10,776.5,NA
4/25/2012,13,770,NA
4/25/2012,16,766,NA
4/25/2012,19,771,NA
4/25/2012,22,766,NA
4/26/2012,1,761,NA
4/26/2012,4,754,NA
4/26/2012,7,750,NA
4/26/2012,10,740,NA
4/26/2012,13,732,NA
4/26/2012,16,741,NA
4/26/2012,19,745,NA
4/26/2012,22,745,NA
4/27/2012,1,736,NA
4/27/2012,4,722.5,NA
4/27/2012,7,711,NA
4/27/2012,10,702,NA
4/27/2012,13,698,NA
4/27/2012,16,704.5,NA
4/27/2012,19,711,NA
4/27/2012,22,715,NA
4/28/2012,1,713,NA
4/28/2012,4,706,NA
4/28/2012,7,700,NA
4/28/2012,10,696.5,NA
4/28/2012,13,693,NA
4/28/2012,16,699.5,NA
4/28/2012,19,707,NA
4/28/2012,22,713.5,NA
4/29/2012,1,720,NA
4/29/2012,4,721.5,NA
4/29/2012,7,715,NA
4/29/2012,10,711,NA
4/29/2012,13,707,NA
4/29/2012,16,712.5,NA
4/29/2012,19,718,NA
4/29/2012,22,726,NA
4/30/2012,1,726,NA
4/30/2012,4,721,NA
4/30/2012,7,717,NA
4/30/2012,10,708.5,NA
4/30/2012,13,701,NA
4/30/2012,16,698,NA
4/30/2012,19,696,NA
4/30/2012,22,695.5,NA
5/1/2012,1,695,NA
5/1/2012,4,693.5,NA
5/1/2012,7,692,NA
5/1/2012,10,686.5,NA
5/1/2012,13,683,NA
5/1/2012,16,678,NA
5/1/2012,19,673,NA
5/1/2012,22,670.5,NA
5/2/2012,1,668,NA
5/2/2012,4,670.5,NA
5/2/2012,7,674,NA
5/2/2012,10,673.5,NA
5/2/2012,13,671,NA
5/2/2012,16,667.5,NA
5/2/2012,19,667,NA
5/2/2012,22,669,NA
5/3/2012,1,671,NA
5/3/2012,4,674.5,NA
5/3/2012,7,675,NA
5/3/2012,10,677.5,NA
5/3/2012,13,686,NA
5/3/2012,16,705.5,NA
5/3/2012,19,730,NA
5/3/2012,22,740,NA
5/4/2012,1,749,NA
5/4/2012,4,757,NA
5/4/2012,7,756,NA
5/4/2012,10,755.5,NA
5/4/2012,13,760,NA
5/4/2012,16,764.5,NA
5/4/2012,19,768,NA
5/4/2012,22,767.5,NA
5/5/2012,1,767,NA
5/5/2012,4,766,NA
5/5/2012,7,765,NA
5/5/2012,10,778.5,NA
5/5/2012,13,798,NA
5/5/2012,16,811,NA
5/5/2012,19,822,NA
5/5/2012,22,831,NA
5/6/2012,1,838,NA
5/6/2012,4,838.5,NA
5/6/2012,7,833,NA
5/6/2012,10,826.5,NA
5/6/2012,13,821,NA
5/6/2012,16,819.5,NA
5/6/2012,19,825,NA
5/6/2012,22,828.5,NA
5/7/2012,1,832,NA
5/7/2012,4,822.5,NA
5/7/2012,7,808,NA
5/7/2012,10,799.5,NA
5/7/2012,13,793,NA
5/7/2012,16,780.5,NA
5/7/2012,19,764,NA
5/7/2012,22,764,NA
5/8/2012,1,766,NA
5/8/2012,4,767,NA
5/8/2012,7,769,NA
5/8/2012,10,776,NA
5/8/2012,13,785,NA
5/8/2012,16,800,NA
5/8/2012,19,816,NA
5/8/2012,22,828,NA
5/9/2012,1,835,NA
5/9/2012,4,831,NA
5/9/2012,7,825,NA
5/9/2012,10,815.5,NA
5/9/2012,13,806,NA
5/9/2012,16,811.5,NA
5/9/2012,19,819,NA
5/9/2012,22,824,NA
5/10/2012,1,827,NA
5/10/2012,4,822,NA
5/10/2012,7,817,NA
5/10/2012,10,810.5,NA
5/10/2012,13,805,NA
5/10/2012,16,816,NA
5/10/2012,19,829,NA
5/10/2012,22,844.5,NA
5/11/2012,1,856,NA
5/11/2012,4,848,NA
5/11/2012,7,840,NA
5/11/2012,10,832.5,NA
5/11/2012,13,823,NA
5/11/2012,16,832,NA
5/11/2012,19,844,NA
5/11/2012,22,857,NA
5/12/2012,1,870,NA
5/12/2012,4,858.5,NA
5/12/2012,7,844,NA
5/12/2012,10,839,NA
5/12/2012,13,836,NA
5/12/2012,16,836,NA
5/12/2012,19,838,NA
5/12/2012,22,848,NA
5/13/2012,1,859,NA
5/13/2012,4,848,NA
5/13/2012,7,832,NA
5/13/2012,10,820,NA
5/13/2012,13,813,NA
5/13/2012,16,809,NA
5/13/2012,19,806,NA
5/13/2012,22,803.5,NA
5/14/2012,1,803,NA
5/14/2012,4,800,NA
5/14/2012,7,798,NA
5/14/2012,10,794,NA
5/14/2012,13,791,NA
5/14/2012,16,797,NA
5/14/2012,19,806,NA
5/14/2012,22,813,NA
5/15/2012,1,818,NA
5/15/2012,4,821,NA
5/15/2012,7,819,NA
5/15/2012,10,812,NA
5/15/2012,13,807,NA
5/15/2012,16,813.5,NA
5/15/2012,19,822,NA
5/15/2012,22,829,NA
5/16/2012,1,834,NA
5/16/2012,4,836,NA
5/16/2012,7,837,NA
5/16/2012,10,843.5,NA
5/16/2012,13,838,NA
5/16/2012,16,832.5,NA
5/16/2012,19,829,NA
5/16/2012,22,820.5,NA
5/17/2012,1,812,NA
5/17/2012,4,805.5,NA
5/17/2012,7,799,NA
5/17/2012,10,793.5,NA
5/17/2012,13,790,NA
5/17/2012,16,776.5,NA
5/17/2012,19,762,NA
5/17/2012,22,784.5,NA
5/18/2012,1,813,NA
5/18/2012,4,818,NA
5/18/2012,7,814,NA
5/18/2012,10,813.5,NA
5/18/2012,13,822,NA
5/18/2012,16,830.5,NA
5/18/2012,19,837,NA
5/18/2012,22,840.5,NA
5/19/2012,1,844,NA
5/19/2012,4,829,NA
5/19/2012,7,806,NA
5/19/2012,10,809,NA
5/19/2012,13,812,NA
5/19/2012,16,815,NA
5/19/2012,19,816,NA
5/19/2012,22,816,NA
5/20/2012,1,816,NA
5/20/2012,4,808.5,NA
5/20/2012,7,798,NA
5/20/2012,10,797.5,NA
5/20/2012,13,796,NA
5/20/2012,16,810,NA
5/20/2012,19,832,NA
5/20/2012,22,842.5,NA
5/21/2012,1,850,NA
5/21/2012,4,863,NA
5/21/2012,7,875,NA
5/21/2012,10,879,NA
5/21/2012,13,880,NA
5/21/2012,16,888,NA
5/21/2012,19,897,NA
5/21/2012,22,902,NA
5/22/2012,1,905,NA
5/22/2012,4,919.5,NA
5/22/2012,7,940,NA
5/22/2012,10,947,NA
5/22/2012,13,947,NA
5/22/2012,16,950,NA
5/22/2012,19,954,NA
5/22/2012,22,959,NA
5/23/2012,1,963,NA
5/23/2012,4,957.5,NA
5/23/2012,7,949,NA
5/23/2012,10,938.5,NA
5/23/2012,13,932,NA
5/23/2012,16,928,NA
5/23/2012,19,924,NA
5/23/2012,22,917,NA
5/24/2012,1,906,NA
5/24/2012,4,897.5,NA
5/24/2012,7,892,NA
5/24/2012,10,888,NA
5/24/2012,13,890,NA
5/24/2012,16,891,NA
5/24/2012,19,891,NA
5/24/2012,22,892,NA
5/25/2012,1,895,NA
5/25/2012,4,914,NA
5/25/2012,7,941,NA
5/25/2012,10,945,NA
5/25/2012,13,948,NA
5/25/2012,16,962,NA
5/25/2012,19,971,NA
5/25/2012,22,988.5,NA
5/26/2012,1,1002,NA
5/26/2012,4,1026.666667,NA
5/26/2012,7,1063.333333,NA
5/26/2012,10,1093.333333,NA
5/26/2012,13,1118.666667,NA
5/26/2012,16,1141,NA
5/26/2012,19,1157.333333,NA
5/26/2012,22,1161.25,NA
5/27/2012,1,1156,NA
5/27/2012,4,1147.333333,NA
5/27/2012,7,1133.666667,NA
5/27/2012,10,1110,NA
5/27/2012,13,1099,NA
5/27/2012,16,1082,NA
5/27/2012,19,1065.666667,NA
5/27/2012,22,1044.5,NA
5/28/2012,1,1029,NA
5/28/2012,4,1025.5,NA
5/28/2012,7,1022,NA
5/28/2012,10,1017,NA
5/28/2012,13,1009,NA
5/28/2012,16,1013,NA
5/28/2012,19,1015,NA
5/28/2012,22,1020.5,NA
5/29/2012,1,1026,NA
5/29/2012,4,1022.5,NA
5/29/2012,7,1016,NA
5/29/2012,10,1001,NA
5/29/2012,13,991,NA
5/29/2012,16,989,NA
5/29/2012,19,992,NA
5/29/2012,22,992,NA
5/30/2012,1,992,NA
5/30/2012,4,992,NA
5/30/2012,7,991,NA
5/30/2012,10,982,NA
5/30/2012,13,980,NA
5/30/2012,16,993,NA
5/30/2012,19,1010,NA
5/30/2012,22,1028,996
5/31/2012,1,1047,NA
5/31/2012,4,1073,NA
5/31/2012,7,1085,NA
5/31/2012,10,1080.5,NA
5/31/2012,13,1077,NA
5/31/2012,16,1074,NA
5/31/2012,19,1072,NA
5/31/2012,22,1068.5,NA
6/1/2012,1,1064,NA
6/1/2012,4,1048.5,NA
6/1/2012,7,1033,NA
6/1/2012,10,1015.5,NA
6/1/2012,13,1003,NA
6/1/2012,16,996,NA
6/1/2012,19,986,NA
6/1/2012,22,970.5,NA
6/2/2012,1,958,NA
6/2/2012,4,944,NA
6/2/2012,7,929,NA
6/2/2012,10,918.5,NA
6/2/2012,13,910,NA
6/2/2012,16,911,NA
6/2/2012,19,914,NA
6/2/2012,22,911.5,NA
6/3/2012,1,904,NA
6/3/2012,4,896,NA
6/3/2012,7,889,NA
6/3/2012,10,884.5,NA
6/3/2012,13,884,NA
6/3/2012,16,896.5,NA
6/3/2012,19,905,NA
6/3/2012,22,908,NA
6/4/2012,1,910,NA
6/4/2012,4,900,NA
6/4/2012,7,889,NA
6/4/2012,10,875,NA
6/4/2012,13,867,NA
6/4/2012,16,886.5,NA
6/4/2012,19,902,NA
6/4/2012,22,908.5,NA
6/5/2012,1,912,NA
6/5/2012,4,908,NA
6/5/2012,7,904,NA
6/5/2012,10,900,NA
6/5/2012,13,901,NA
6/5/2012,16,913.5,NA
6/5/2012,19,925,NA
6/5/2012,22,950,NA
6/6/2012,1,1007,NA
6/6/2012,4,1047.333333,NA
6/6/2012,7,1099,NA
6/6/2012,10,1123,NA
6/6/2012,13,1128,NA
6/6/2012,16,1126.666667,NA
6/6/2012,19,1116.666667,NA
6/6/2012,22,1089.25,NA
6/7/2012,1,1065,NA
6/7/2012,4,1039.5,NA
6/7/2012,7,1018,NA
6/7/2012,10,998,NA
6/7/2012,13,980,NA
6/7/2012,16,976,NA
6/7/2012,19,974,NA
6/7/2012,22,965,NA
6/8/2012,1,954,NA
6/8/2012,4,953.5,NA
6/8/2012,7,953,NA
6/8/2012,10,962,NA
6/8/2012,13,971,NA
6/8/2012,16,976,NA
6/8/2012,19,979,NA
6/8/2012,22,983,NA
6/9/2012,1,987,NA
6/9/2012,4,988.5,NA
6/9/2012,7,990,NA
6/9/2012,10,987.5,NA
6/9/2012,13,987,NA
6/9/2012,16,996.5,NA
6/9/2012,19,1008,NA
6/9/2012,22,1023.5,NA
6/10/2012,1,1036,NA
6/10/2012,4,1046,NA
6/10/2012,7,1054,NA
6/10/2012,10,1050.5,NA
6/10/2012,13,1047,NA
6/10/2012,16,1043.5,NA
6/10/2012,19,1040,NA
6/10/2012,22,1036,NA
6/11/2012,1,1032,NA
6/11/2012,4,1022,NA
6/11/2012,7,1009,NA
6/11/2012,10,993.5,NA
6/11/2012,13,983,NA
6/11/2012,16,976.5,NA
6/11/2012,19,986,NA
6/11/2012,22,988,NA
6/12/2012,1,988,NA
6/12/2012,4,978.5,NA
6/12/2012,7,969,NA
6/12/2012,10,960.5,NA
6/12/2012,13,948,NA
6/12/2012,16,952.5,NA
6/12/2012,19,960,NA
6/12/2012,22,964,NA
6/13/2012,1,966,NA
6/13/2012,4,959,NA
6/13/2012,7,951,NA
6/13/2012,10,943,NA
6/13/2012,13,935,NA
6/13/2012,16,941.5,NA
6/13/2012,19,948,NA
6/13/2012,22,952,NA
6/14/2012,1,953,NA
6/14/2012,4,954.5,NA
6/14/2012,7,955,NA
6/14/2012,10,948.5,NA
6/14/2012,13,942,NA
6/14/2012,16,950.5,NA
6/14/2012,19,962,NA
6/14/2012,22,972.5,NA
6/15/2012,1,978,NA
6/15/2012,4,978.5,NA
6/15/2012,7,972,NA
6/15/2012,10,961,NA
6/15/2012,13,947,NA
6/15/2012,16,951.5,NA
6/15/2012,19,957,NA
6/15/2012,22,961,NA
6/16/2012,1,965,NA
6/16/2012,4,965.5,NA
6/16/2012,7,960,NA
6/16/2012,10,952.5,NA
6/16/2012,13,947,NA
6/16/2012,16,946,NA
6/16/2012,19,948,NA
6/16/2012,22,949,NA
6/17/2012,1,950,NA
6/17/2012,4,946,NA
6/17/2012,7,942,NA
6/17/2012,10,936,NA
6/17/2012,13,931,NA
6/17/2012,16,930,NA
6/17/2012,19,931,NA
6/17/2012,22,932,NA
6/18/2012,1,933,NA
6/18/2012,4,928,NA
6/18/2012,7,920,NA
6/18/2012,10,907,NA
6/18/2012,13,900,NA
6/18/2012,16,896,NA
6/18/2012,19,893,NA
6/18/2012,22,892,NA
6/19/2012,1,891,NA
6/19/2012,4,896,NA
6/19/2012,7,901,NA
6/19/2012,10,900.5,NA
6/19/2012,13,896,NA
6/19/2012,16,892.5,NA
6/19/2012,19,896,NA
6/19/2012,22,898.5,NA
6/20/2012,1,899,NA
6/20/2012,4,900,NA
6/20/2012,7,898,NA
6/20/2012,10,891,NA
6/20/2012,13,886,NA
6/20/2012,16,883.5,NA
6/20/2012,19,885,NA
6/20/2012,22,890.5,NA
6/21/2012,1,894,NA
6/21/2012,4,894,NA
6/21/2012,7,894,NA
6/21/2012,10,886,NA
6/21/2012,13,880,NA
6/21/2012,16,873,NA
6/21/2012,19,867,NA
6/21/2012,22,867,882
6/22/2012,1,869,NA
6/22/2012,4,867,NA
6/22/2012,7,865,NA
6/22/2012,10,864,NA
6/22/2012,13,863,NA
6/22/2012,16,862,NA
6/22/2012,19,865,NA
6/22/2012,22,870,866
6/23/2012,1,877,NA
6/23/2012,4,881,NA
6/23/2012,7,883,NA
6/23/2012,10,883,NA
6/23/2012,13,879,NA
6/23/2012,16,882,NA
6/23/2012,19,891,NA
6/23/2012,22,899,884
6/24/2012,1,903,NA
6/24/2012,4,903.5,NA
6/24/2012,7,898,NA
6/24/2012,10,891.5,NA
6/24/2012,13,885,NA
6/24/2012,16,878,NA
6/24/2012,19,869,NA
6/24/2012,22,854.5,NA
6/25/2012,1,842,NA
6/25/2012,4,836.5,NA
6/25/2012,7,831,NA
6/25/2012,10,831,NA
6/25/2012,13,833,NA
6/25/2012,16,859,NA
6/25/2012,19,879,NA
6/25/2012,22,878,NA
6/26/2012,1,877,NA
6/26/2012,4,888,NA
6/26/2012,7,901,NA
6/26/2012,10,906.5,NA
6/26/2012,13,910,NA
6/26/2012,16,916,NA
6/26/2012,19,924,NA
6/26/2012,22,929,NA
6/27/2012,1,933,NA
6/27/2012,4,922.5,NA
6/27/2012,7,910,NA
6/27/2012,10,917.5,NA
6/27/2012,13,929,NA
6/27/2012,16,932,NA
6/27/2012,19,934,NA
6/27/2012,22,934,NA
6/28/2012,1,934,NA
6/28/2012,4,939.5,NA
6/28/2012,7,937,NA
6/28/2012,10,929.5,NA
6/28/2012,13,921,NA
6/28/2012,16,924.5,NA
6/28/2012,19,928,NA
6/28/2012,22,930,NA
6/29/2012,1,932,NA
6/29/2012,4,932.5,NA
6/29/2012,7,929,NA
6/29/2012,10,925.5,NA
6/29/2012,13,922,NA
6/29/2012,16,922.5,NA
6/29/2012,19,924,NA
6/29/2012,22,924,NA
6/30/2012,1,916,NA
6/30/2012,4,911,NA
6/30/2012,7,908,NA
6/30/2012,10,907,NA
6/30/2012,13,906,NA
6/30/2012,16,915.5,NA
6/30/2012,19,927,NA
6/30/2012,22,931,NA
7/1/2012,1,934,NA
7/1/2012,4,938.5,NA
7/1/2012,7,942,NA
7/1/2012,10,943.5,NA
7/1/2012,13,944,NA
7/1/2012,16,939.5,NA
7/1/2012,19,936,NA
7/1/2012,22,933.5,NA
7/2/2012,1,932,NA
7/2/2012,4,942,NA
7/2/2012,7,955,NA
7/2/2012,10,981,NA
7/2/2012,13,1010,NA
7/2/2012,16,1020,NA
7/2/2012,19,1021,NA
7/2/2012,22,1014.5,NA
7/3/2012,1,1006,NA
7/3/2012,4,1003,NA
7/3/2012,7,1001,NA
7/3/2012,10,998,NA
7/3/2012,13,995,NA
7/3/2012,16,989,NA
7/3/2012,19,984,NA
7/3/2012,22,978.5,NA
7/4/2012,1,973,NA
7/4/2012,4,971,NA
7/4/2012,7,971,NA
7/4/2012,10,973,NA
7/4/2012,13,975,NA
7/4/2012,16,969.5,NA
7/4/2012,19,963,NA
7/4/2012,22,955,NA
7/5/2012,1,948,NA
7/5/2012,4,948,NA
7/5/2012,7,948,NA
7/5/2012,10,950,NA
7/5/2012,13,953,NA
7/5/2012,16,947,NA
7/5/2012,19,938,NA
7/5/2012,22,931,945
7/6/2012,1,925,NA
7/6/2012,4,923,NA
7/6/2012,7,927,NA
7/6/2012,10,931,NA
7/6/2012,13,936,NA
7/6/2012,16,938,NA
7/6/2012,19,940,NA
7/6/2012,22,935,932
7/7/2012,1,930,NA
7/7/2012,4,940,NA
7/7/2012,7,952,NA
7/7/2012,10,960,NA
7/7/2012,13,966,NA
7/7/2012,16,970,NA
7/7/2012,19,965,NA
7/7/2012,22,961,956
7/8/2012,1,956,NA
7/8/2012,4,953,NA
7/8/2012,7,951,NA
7/8/2012,10,948,NA
7/8/2012,13,945,NA
7/8/2012,16,951,NA
7/8/2012,19,954,NA
7/8/2012,22,957,952
7/9/2012,1,959,NA
7/9/2012,4,970.6666667,NA
7/9/2012,7,998.3333333,NA
7/9/2012,10,1028,NA
7/9/2012,13,1048,NA
7/9/2012,16,1063.666667,NA
7/9/2012,19,1083.333333,NA
7/9/2012,22,1093.5,NA
7/10/2012,1,1102,NA
7/10/2012,4,1109,NA
7/10/2012,7,1112,NA
7/10/2012,10,1113.5,NA
7/10/2012,13,1119,NA
7/10/2012,16,1126.5,NA
7/10/2012,19,1137,NA
7/10/2012,22,1151.5,NA
7/11/2012,1,1168,NA
7/11/2012,4,1176.5,NA
7/11/2012,7,1175,NA
7/11/2012,10,1157.5,NA
7/11/2012,13,1141,NA
7/11/2012,16,1133,NA
7/11/2012,19,1129,NA
7/11/2012,22,1128,NA
7/12/2012,1,1127,NA
7/12/2012,4,1124,NA
7/12/2012,7,1120,NA
7/12/2012,10,1111,NA
7/12/2012,13,1100,NA
7/12/2012,16,1105,NA
7/12/2012,19,1112,NA
7/12/2012,22,1108.5,NA
7/13/2012,1,1105,NA
7/13/2012,4,1108,NA
7/13/2012,7,1111,NA
7/13/2012,10,1113,NA
7/13/2012,13,1116,NA
7/13/2012,16,1122.5,NA
7/13/2012,19,1130,NA
7/13/2012,22,1144.5,NA
7/14/2012,1,1159,NA
7/14/2012,4,1163,NA
7/14/2012,7,1167,NA
7/14/2012,10,1160.5,NA
7/14/2012,13,1151,NA
7/14/2012,16,1145.5,NA
7/14/2012,19,1141,NA
7/14/2012,22,1138,NA
7/15/2012,1,1137,NA
7/15/2012,4,1135,NA
7/15/2012,7,1132,NA
7/15/2012,10,1125,NA
7/15/2012,13,1117,NA
7/15/2012,16,1096.5,NA
7/15/2012,19,1073,NA
7/15/2012,22,1058,NA
7/16/2012,1,1049,NA
7/16/2012,4,1039.5,NA
7/16/2012,7,1033,NA
7/16/2012,10,1026.5,NA
7/16/2012,13,1020,NA
7/16/2012,16,1010.5,NA
7/16/2012,19,1006,NA
7/16/2012,22,1007.5,NA
7/17/2012,1,1011,NA
7/17/2012,4,1013,NA
7/17/2012,7,1009,NA
7/17/2012,10,1006.5,NA
7/17/2012,13,1004,NA
7/17/2012,16,1008,NA
7/17/2012,19,1010,NA
7/17/2012,22,1008.5,NA
7/18/2012,1,1006,NA
7/18/2012,4,1006,NA
7/18/2012,7,1006,NA
7/18/2012,10,1002,NA
7/18/2012,13,1001,NA
7/18/2012,16,1005,NA
7/18/2012,19,1007,NA
7/18/2012,22,1010,1005
7/19/2012,1,1014,NA
7/19/2012,4,1009,NA
7/19/2012,7,1002,NA
7/19/2012,10,986,NA
7/19/2012,13,973,NA
7/19/2012,16,966,NA
7/19/2012,19,958,NA
7/19/2012,22,955,NA
7/20/2012,1,953,NA
7/20/2012,4,964.5,NA
7/20/2012,7,985,NA
7/20/2012,10,997.5,NA
7/20/2012,13,1006,NA
7/20/2012,16,1017,NA
7/20/2012,19,1028,NA
7/20/2012,22,1045.5,NA
7/21/2012,1,1063,NA
7/21/2012,4,1091,NA
7/21/2012,7,1120,NA
7/21/2012,10,1129,NA
7/21/2012,13,1122,NA
7/21/2012,16,1119,NA
7/21/2012,19,1117,NA
7/21/2012,22,1114.5,NA
7/22/2012,1,1111,NA
7/22/2012,4,1099.5,NA
7/22/2012,7,1085,NA
7/22/2012,10,1076.5,NA
7/22/2012,13,1068,NA
7/22/2012,16,1056.5,NA
7/22/2012,19,1047,NA
7/22/2012,22,1042,NA
7/23/2012,1,1039,NA
7/23/2012,4,1036.5,NA
7/23/2012,7,1035,NA
7/23/2012,10,1038.5,NA
7/23/2012,13,1045,NA
7/23/2012,16,1056.5,NA
7/23/2012,19,1073,NA
7/23/2012,22,1079.5,NA
7/24/2012,1,1083,NA
7/24/2012,4,1078,NA
7/24/2012,7,1073,NA
7/24/2012,10,1066.5,NA
7/24/2012,13,1063,NA
7/24/2012,16,1064,NA
7/24/2012,19,1065,NA
7/24/2012,22,1071,NA
7/25/2012,1,1080,NA
7/25/2012,4,1081,NA
7/25/2012,7,1074,NA
7/25/2012,10,1065.5,NA
7/25/2012,13,1058,NA
7/25/2012,16,1055,NA
7/25/2012,19,1053,NA
7/25/2012,22,1061,NA
7/26/2012,1,1077,NA
7/26/2012,4,1102.333333,NA
7/26/2012,7,1143.333333,NA
7/26/2012,10,1181.666667,NA
7/26/2012,13,1221.666667,NA
7/26/2012,16,1259.333333,NA
7/26/2012,19,1294,NA
7/26/2012,22,1322.75,NA
7/27/2012,1,1343,NA
7/27/2012,4,1353,NA
7/27/2012,7,1365.666667,NA
7/27/2012,10,1378.333333,NA
7/27/2012,13,1393.333333,NA
7/27/2012,16,1409.333333,NA
7/27/2012,19,1417.333333,NA
7/27/2012,22,1419,NA
7/28/2012,1,1417,NA
7/28/2012,4,1415,NA
7/28/2012,7,1409.666667,NA
7/28/2012,10,1404.333333,NA
7/28/2012,13,1401,NA
7/28/2012,16,1401,NA
7/28/2012,19,1400.666667,NA
7/28/2012,22,1397,NA
7/29/2012,1,1402,NA
7/29/2012,4,1407,NA
7/29/2012,7,1417,NA
7/29/2012,10,1427,NA
7/29/2012,13,1434.333333,NA
7/29/2012,16,1432,NA
7/29/2012,19,1426.333333,NA
7/29/2012,22,1423.25,NA
7/30/2012,1,1422,NA
7/30/2012,4,1429,NA
7/30/2012,7,1440.666667,NA
7/30/2012,10,1450,NA
7/30/2012,13,1456,NA
7/30/2012,16,1469,NA
7/30/2012,19,1482,NA
7/30/2012,22,1494,NA
7/31/2012,1,1503,NA
7/31/2012,4,1511.666667,NA
7/31/2012,7,1524,NA
7/31/2012,10,1529.666667,NA
7/31/2012,13,1531.666667,NA
7/31/2012,16,1530.333333,NA
7/31/2012,19,1527,NA
7/31/2012,22,1522,NA
8/1/2012,1,1518,NA
8/1/2012,4,1518,NA
8/1/2012,7,1518,NA
8/1/2012,10,1519,NA
8/1/2012,13,1524,NA
8/1/2012,16,1528,NA
8/1/2012,19,1531,NA
8/1/2012,22,1526.5,NA
8/2/2012,1,1521,NA
8/2/2012,4,1508.5,NA
8/2/2012,7,1497,NA
8/2/2012,10,1486,NA
8/2/2012,13,1475,NA
8/2/2012,16,1467.5,NA
8/2/2012,19,1462,NA
8/2/2012,22,1458,NA
8/3/2012,1,1452,NA
8/3/2012,4,1440.5,NA
8/3/2012,7,1428,NA
8/3/2012,10,1401,NA
8/3/2012,13,1379,NA
8/3/2012,16,1361,NA
8/3/2012,19,1348,NA
8/3/2012,22,1342,NA
8/4/2012,1,1328,NA
8/4/2012,4,1313.5,NA
8/4/2012,7,1300,NA
8/4/2012,10,1282.5,NA
8/4/2012,13,1267,NA
8/4/2012,16,1253,NA
8/4/2012,19,1240,NA
8/4/2012,22,1229.5,NA
8/5/2012,1,1220,NA
8/5/2012,4,1214.5,NA
8/5/2012,7,1210,NA
8/5/2012,10,1205.5,NA
8/5/2012,13,1201,NA
8/5/2012,16,1199,NA
8/5/2012,19,1199,NA
8/5/2012,22,1197.5,NA
8/6/2012,1,1197,NA
8/6/2012,4,1193,NA
8/6/2012,7,1188,NA
8/6/2012,10,1177,NA
8/6/2012,13,1169,NA
8/6/2012,16,1170.5,NA
8/6/2012,19,1176,NA
8/6/2012,22,1172,NA
8/7/2012,1,1171,NA
8/7/2012,4,1174.5,NA
8/7/2012,7,1179,NA
8/7/2012,10,1190.5,NA
8/7/2012,13,1201,NA
8/7/2012,16,1207.5,NA
8/7/2012,19,1212,NA
8/7/2012,22,1213,NA
8/8/2012,1,1218,NA
8/8/2012,4,1218.5,NA
8/8/2012,7,1214,NA
8/8/2012,10,1206.5,NA
8/8/2012,13,1198,NA
8/8/2012,16,1192.5,NA
8/8/2012,19,1189,NA
8/8/2012,22,1188.5,NA
8/9/2012,1,1194,NA
8/9/2012,4,1197.5,NA
8/9/2012,7,1198,NA
8/9/2012,10,1196,NA
8/9/2012,13,1199,NA
8/9/2012,16,1207.5,NA
8/9/2012,19,1219,NA
8/9/2012,22,1231,NA
8/10/2012,1,1241,NA
8/10/2012,4,1247.5,NA
8/10/2012,7,1252,NA
8/10/2012,10,1253,NA
8/10/2012,13,1256,NA
8/10/2012,16,1257.5,NA
8/10/2012,19,1259,NA
8/10/2012,22,1259.5,NA
8/11/2012,1,1260,NA
8/11/2012,4,1258.5,NA
8/11/2012,7,1257,NA
8/11/2012,10,1250,NA
8/11/2012,13,1245,NA
8/11/2012,16,1248,NA
8/11/2012,19,1252,NA
8/11/2012,22,1250,NA
8/12/2012,1,1244,NA
8/12/2012,4,1242,NA
8/12/2012,7,1240,NA
8/12/2012,10,1233,NA
8/12/2012,13,1226,NA
8/12/2012,16,1218,NA
8/12/2012,19,1210,NA
8/12/2012,22,1205,1227
8/13/2012,1,1200,NA
8/13/2012,4,1202,NA
8/13/2012,7,1204,NA
8/13/2012,10,1202,NA
8/13/2012,13,1204,NA
8/13/2012,16,1209,NA
8/13/2012,19,1215,NA
8/13/2012,22,1219,1207
8/14/2012,1,1221,NA
8/14/2012,4,1217.5,NA
8/14/2012,7,1209,NA
8/14/2012,10,1201.5,NA
8/14/2012,13,1195,NA
8/14/2012,16,1189.5,NA
8/14/2012,19,1184,NA
8/14/2012,22,1177.5,NA
8/15/2012,1,1167,NA
8/15/2012,4,1165,NA
8/15/2012,7,1169,NA
8/15/2012,10,1171,NA
8/15/2012,13,1171,NA
8/15/2012,16,1171,NA
8/15/2012,19,1171,NA
8/15/2012,22,1171,NA
8/16/2012,1,1171,NA
8/16/2012,4,1171,NA
8/16/2012,7,1171,NA
8/16/2012,10,1166,NA
8/16/2012,13,1158,NA
8/16/2012,16,1155,NA
8/16/2012,19,1163,NA
8/16/2012,22,1169,1166
8/17/2012,1,1174,NA
8/17/2012,4,1178,NA
8/17/2012,7,1181,NA
8/17/2012,10,1177,NA
8/17/2012,13,1180,NA
8/17/2012,16,1187,NA
8/17/2012,19,1194,NA
8/17/2012,22,1196.5,NA
8/18/2012,1,1198,NA
8/18/2012,4,1201.5,NA
8/18/2012,7,1205,NA
8/18/2012,10,1215,NA
8/18/2012,13,1231,NA
8/18/2012,16,1254.5,NA
8/18/2012,19,1281,NA
8/18/2012,22,1304,NA
8/19/2012,1,1325,NA
8/19/2012,4,1337,NA
8/19/2012,7,1355.666667,NA
8/19/2012,10,1374.666667,NA
8/19/2012,13,1394.666667,NA
8/19/2012,16,1408.666667,NA
8/19/2012,19,1412,NA
8/19/2012,22,1408.5,NA
8/20/2012,1,1406,NA
8/20/2012,4,1392,NA
8/20/2012,7,1374,NA
8/20/2012,10,1352.5,NA
8/20/2012,13,1339,NA
8/20/2012,16,1333.5,NA
8/20/2012,19,1328,NA
8/20/2012,22,1320.5,NA
8/21/2012,1,1310,NA
8/21/2012,4,1294,NA
8/21/2012,7,1275,NA
8/21/2012,10,1259,NA
8/21/2012,13,1251,NA
8/21/2012,16,1248.5,NA
8/21/2012,19,1246,NA
8/21/2012,22,1240.5,NA
8/22/2012,1,1231,NA
8/22/2012,4,1223,NA
8/22/2012,7,1215,NA
8/22/2012,10,1219,NA
8/22/2012,13,1229,NA
8/22/2012,16,1240.5,NA
8/22/2012,19,1247,NA
8/22/2012,22,1251,NA
8/23/2012,1,1254,NA
8/23/2012,4,1248.5,NA
8/23/2012,7,1243,NA
8/23/2012,10,1236.5,NA
8/23/2012,13,1232,NA
8/23/2012,16,1224,NA
8/23/2012,19,1217,NA
8/23/2012,22,1211.5,NA
8/24/2012,1,1208,NA
8/24/2012,4,1200,NA
8/24/2012,7,1189,NA
8/24/2012,10,1183.5,NA
8/24/2012,13,1179,NA
8/24/2012,16,1171.5,NA
8/24/2012,19,1169,NA
8/24/2012,22,1165,NA
8/25/2012,1,1162,NA
8/25/2012,4,1162,NA
8/25/2012,7,1162,NA
8/25/2012,10,1153.5,NA
8/25/2012,13,1144,NA
8/25/2012,16,1131,NA
8/25/2012,19,1120,NA
8/25/2012,22,1117,NA
8/26/2012,1,1114,NA
8/26/2012,4,1111,NA
8/26/2012,7,1108,NA
8/26/2012,10,1102.5,NA
8/26/2012,13,1098,NA
8/26/2012,16,1091,NA
8/26/2012,19,1085,NA
8/26/2012,22,1077.5,NA
8/27/2012,1,1070,NA
8/27/2012,4,1067,NA
8/27/2012,7,1066,NA
8/27/2012,10,1063.5,NA
8/27/2012,13,1062,NA
8/27/2012,16,1060.5,NA
8/27/2012,19,1059,NA
8/27/2012,22,1059,NA
8/28/2012,1,1059,NA
8/28/2012,4,1059,NA
8/28/2012,7,1059,NA
8/28/2012,10,1057,NA
8/28/2012,13,1055,NA
8/28/2012,16,1052,NA
8/28/2012,19,1048,NA
8/28/2012,22,1045,1054
8/29/2012,1,1041,NA
8/29/2012,4,1036,NA
8/29/2012,7,1031,NA
8/29/2012,10,1024,NA
8/29/2012,13,1016,NA
8/29/2012,16,1006.5,NA
8/29/2012,19,996,NA
8/29/2012,22,985,NA
8/30/2012,1,979,NA
8/30/2012,4,972.5,NA
8/30/2012,7,967,NA
8/30/2012,10,962,NA
8/30/2012,13,955,NA
8/30/2012,16,947.5,NA
8/30/2012,19,940,NA
8/30/2012,22,935,NA
8/31/2012,1,933,NA
8/31/2012,4,933,NA
8/31/2012,7,933,NA
8/31/2012,10,932,NA
8/31/2012,13,930,NA
8/31/2012,16,925,NA
8/31/2012,19,920,NA
8/31/2012,22,920,928
9/1/2012,1,920,NA
9/1/2012,4,929.5,NA
9/1/2012,7,941,NA
9/1/2012,10,935,NA
9/1/2012,13,932,NA
9/1/2012,16,923,NA
9/1/2012,19,914,NA
9/1/2012,22,907,NA
9/2/2012,1,902,NA
9/2/2012,4,908.5,NA
9/2/2012,7,914,NA
9/2/2012,10,922.5,NA
9/2/2012,13,927,NA
9/2/2012,16,926,NA
9/2/2012,19,926,NA
9/2/2012,22,923,NA
9/3/2012,1,922,NA
9/3/2012,4,926.5,NA
9/3/2012,7,930,NA
9/3/2012,10,917.5,NA
9/3/2012,13,913,NA
9/3/2012,16,913.5,NA
9/3/2012,19,915,NA
9/3/2012,22,916,NA
9/4/2012,1,916,NA
9/4/2012,4,917.5,NA
9/4/2012,7,919,NA
9/4/2012,10,916.5,NA
9/4/2012,13,914,NA
9/4/2012,16,913.5,NA
9/4/2012,19,912,NA
9/4/2012,22,911.5,NA
9/5/2012,1,910,NA
9/5/2012,4,909,NA
9/5/2012,7,908,NA
9/5/2012,10,908,NA
9/5/2012,13,907,NA
9/5/2012,16,903,NA
9/5/2012,19,900,NA
9/5/2012,22,900,906
9/6/2012,1,895,NA
9/6/2012,4,882.5,NA
9/6/2012,7,868,NA
9/6/2012,10,850.5,NA
9/6/2012,13,833,NA
9/6/2012,16,823,NA
9/6/2012,19,816,NA
9/6/2012,22,822,NA
9/7/2012,1,825,NA
9/7/2012,4,833.5,NA
9/7/2012,7,839,NA
9/7/2012,10,837.5,NA
9/7/2012,13,836,NA
9/7/2012,16,843.5,NA
9/7/2012,19,857,NA
9/7/2012,22,865,NA
9/8/2012,1,875,NA
9/8/2012,4,887.5,NA
9/8/2012,7,902,NA
9/8/2012,10,905,NA
9/8/2012,13,906,NA
9/8/2012,16,907.5,NA
9/8/2012,19,913,NA
9/8/2012,22,918,NA
9/9/2012,1,920,NA
9/9/2012,4,920,NA
9/9/2012,7,919,NA
9/9/2012,10,904,NA
9/9/2012,13,889,NA
9/9/2012,16,881.5,NA
9/9/2012,19,878,NA
9/9/2012,22,883,NA
9/10/2012,1,890,NA
9/10/2012,4,885,NA
9/10/2012,7,876,NA
9/10/2012,10,873,NA
9/10/2012,13,875,NA
9/10/2012,16,874.5,NA
9/10/2012,19,873,NA
9/10/2012,22,870,NA
9/11/2012,1,867,NA
9/11/2012,4,861,NA
9/11/2012,7,853,NA
9/11/2012,10,844,NA
9/11/2012,13,840,NA
9/11/2012,16,837,NA
9/11/2012,19,833,NA
9/11/2012,22,836,NA
9/12/2012,1,840,NA
9/12/2012,4,836,NA
9/12/2012,7,831,NA
9/12/2012,10,831.5,NA
9/12/2012,13,833,NA
9/12/2012,16,833.5,NA
9/12/2012,19,833,NA
9/12/2012,22,831,NA
9/13/2012,1,828,NA
9/13/2012,4,827,NA
9/13/2012,7,827,NA
9/13/2012,10,830,NA
9/13/2012,13,834,NA
9/13/2012,16,834,NA
9/13/2012,19,834,NA
9/13/2012,22,831,831
9/14/2012,1,829,NA
9/14/2012,4,819,NA
9/14/2012,7,808,NA
9/14/2012,10,800,NA
9/14/2012,13,804,NA
9/14/2012,16,816.5,NA
9/14/2012,19,825,NA
9/14/2012,22,824.5,NA
9/15/2012,1,822,NA
9/15/2012,4,828.5,NA
9/15/2012,7,836,NA
9/15/2012,10,828.5,NA
9/15/2012,13,830,NA
9/15/2012,16,834,NA
9/15/2012,19,832,NA
9/15/2012,22,830,NA
9/16/2012,1,827,NA
9/16/2012,4,821.5,NA
9/16/2012,7,815,NA
9/16/2012,10,808,NA
9/16/2012,13,802,NA
9/16/2012,16,798,NA
9/16/2012,19,796,NA
9/16/2012,22,794.5,NA
9/17/2012,1,792,NA
9/17/2012,4,787,NA
9/17/2012,7,782,NA
9/17/2012,10,775.5,NA
9/17/2012,13,769,NA
9/17/2012,16,768.5,NA
9/17/2012,19,774,NA
9/17/2012,22,778,NA
9/18/2012,1,783,NA
9/18/2012,4,786,NA
9/18/2012,7,789,NA
9/18/2012,10,781,NA
9/18/2012,13,774,NA
9/18/2012,16,781,NA
9/18/2012,19,788,NA
9/18/2012,22,789.5,NA
9/19/2012,1,787,NA
9/19/2012,4,788,NA
9/19/2012,7,792,NA
9/19/2012,10,799,NA
9/19/2012,13,798,NA
9/19/2012,16,797,NA
9/19/2012,19,797,NA
9/19/2012,22,797,NA
9/20/2012,1,797,NA
9/20/2012,4,798,NA
9/20/2012,7,798,NA
9/20/2012,10,801,NA
9/20/2012,13,803,NA
9/20/2012,16,807,NA
9/20/2012,19,812,NA
9/20/2012,22,816,804
9/21/2012,1,819,NA
9/21/2012,4,824,NA
9/21/2012,7,828,NA
9/21/2012,10,828,NA
9/21/2012,13,825,NA
9/21/2012,16,820,NA
9/21/2012,19,817,NA
9/21/2012,22,807,NA
9/22/2012,1,799,NA
9/22/2012,4,795.5,NA
9/22/2012,7,794,NA
9/22/2012,10,791,NA
9/22/2012,13,789,NA
9/22/2012,16,786.5,NA
9/22/2012,19,788,NA
9/22/2012,22,789.5,NA
9/23/2012,1,791,NA
9/23/2012,4,796,NA
9/23/2012,7,801,NA
9/23/2012,10,802.5,NA
9/23/2012,13,803,NA
9/23/2012,16,799,NA
9/23/2012,19,797,NA
9/23/2012,22,792,NA
9/24/2012,1,788,NA
9/24/2012,4,796.5,NA
9/24/2012,7,804,NA
9/24/2012,10,813.5,NA
9/24/2012,13,822,NA
9/24/2012,16,827,NA
9/24/2012,19,829,NA
9/24/2012,22,840.5,817
9/25/2012,1,859,NA
9/25/2012,4,879.5,NA
9/25/2012,7,894,NA
9/25/2012,9,904,NA
9/25/2012,13,909,NA
9/25/2012,16,926,NA
9/25/2012,19,936,NA
9/25/2012,22,982,NA
9/26/2012,1,1039,NA
9/26/2012,4,1074.666667,NA
9/26/2012,7,1115.333333,NA
9/26/2012,10,1132,NA
9/26/2012,13,1137.333333,NA
9/26/2012,16,1125,NA
9/26/2012,19,1107.666667,NA
9/26/2012,22,1084.75,NA
9/27/2012,1,1071,NA
9/27/2012,4,1073,NA
9/27/2012,7,1081,NA
9/27/2012,10,1092.5,NA
9/27/2012,13,1103,NA
9/27/2012,16,1107,NA
9/27/2012,19,1107,NA
9/27/2012,22,1107,NA
9/28/2012,1,1115,NA
9/28/2012,4,1117.5,NA
9/28/2012,7,1110,NA
9/28/2012,10,1105.5,NA
9/28/2012,13,1102,NA
9/28/2012,16,1095.5,NA
9/28/2012,19,1090,NA
9/28/2012,22,1083,NA
9/29/2012,1,1077,NA
9/29/2012,4,1070.5,NA
9/29/2012,7,1064,NA
9/29/2012,10,1055,NA
9/29/2012,13,1050,NA
9/29/2012,16,1044.5,NA
9/29/2012,19,1040,NA
9/29/2012,22,1036,NA
9/30/2012,1,1033,NA
9/30/2012,4,1026,NA
9/30/2012,7,1018,NA
9/30/2012,10,1013.5,NA
9/30/2012,13,1009,NA
9/30/2012,16,1003,NA
9/30/2012,19,997,NA
9/30/2012,22,994,NA
10/1/2012,1,992,NA
10/1/2012,4,991,NA
10/1/2012,7,990,NA
10/1/2012,10,988,NA
10/1/2012,13,986,NA
10/1/2012,16,983,NA
10/1/2012,19,979,NA
10/1/2012,22,975,986
10/2/2012,1,972,NA
10/2/2012,4,969,NA
10/2/2012,7,966,NA
10/2/2012,10,960,NA
10/2/2012,13,954,NA
10/2/2012,16,948,NA
10/2/2012,19,942,NA
10/2/2012,22,939,956
10/3/2012,1,936,NA
10/3/2012,4,935,NA
10/3/2012,7,934,NA
10/3/2012,10,936,NA
10/3/2012,13,938,NA
10/3/2012,16,936,NA
10/3/2012,19,933,NA
10/3/2012,22,931,935
10/4/2012,1,930,NA
10/4/2012,4,927,NA
10/4/2012,7,924,NA
10/4/2012,10,929,NA
10/4/2012,13,931,NA
10/4/2012,16,929.5,NA
10/4/2012,19,928,NA
10/4/2012,22,927.5,NA
10/5/2012,1,930,NA
10/5/2012,4,931,NA
10/5/2012,7,933,NA
10/5/2012,10,934,NA
10/5/2012,13,935,NA
10/5/2012,16,934,NA
10/5/2012,19,933,NA
10/5/2012,22,932,933
10/6/2012,1,931,NA
10/6/2012,4,934.5,NA
10/6/2012,7,940,NA
10/6/2012,10,950,NA
10/6/2012,13,955,NA
10/6/2012,16,953.5,NA
10/6/2012,19,949,NA
10/6/2012,22,946,NA
10/7/2012,1,942,NA
10/7/2012,4,933.5,NA
10/7/2012,7,925,NA
10/7/2012,10,921,NA
10/7/2012,13,918,NA
10/7/2012,16,915,NA
10/7/2012,19,910,NA
10/7/2012,22,906,NA
10/8/2012,1,903,NA
10/8/2012,4,893,NA
10/8/2012,7,882,NA
10/8/2012,10,880,NA
10/8/2012,13,881,NA
10/8/2012,16,878.5,NA
10/8/2012,19,871,NA
10/8/2012,22,862,NA
10/9/2012,1,856,NA
10/9/2012,4,851,NA
10/9/2012,7,843,NA
10/9/2012,10,848.5,NA
10/9/2012,13,855,NA
10/9/2012,16,856.5,NA
10/9/2012,19,854,NA
10/9/2012,22,849.5,NA
10/10/2012,1,845,NA
10/10/2012,4,837,NA
10/10/2012,7,829,NA
10/10/2012,10,834.5,NA
10/10/2012,13,838,NA
10/10/2012,16,840.5,NA
10/10/2012,19,842,NA
10/10/2012,22,843,NA
10/11/2012,1,840,NA
10/11/2012,4,831.5,NA
10/11/2012,7,824,NA
10/11/2012,10,808.5,NA
10/11/2012,13,799,NA
10/11/2012,16,808,NA
10/11/2012,19,814,NA
10/11/2012,22,818.5,NA
10/12/2012,1,823,NA
10/12/2012,4,818,NA
10/12/2012,7,809,NA
10/12/2012,10,799,NA
10/12/2012,13,791,NA
10/12/2012,16,801,NA
10/12/2012,19,810,NA
10/12/2012,22,814.5,NA
10/13/2012,1,819,NA
10/13/2012,4,822,NA
10/13/2012,7,820,NA
10/13/2012,10,807.5,NA
10/13/2012,13,799,NA
10/13/2012,16,808,NA
10/13/2012,19,817,NA
10/13/2012,22,821.5,NA
10/14/2012,1,823,NA
10/14/2012,4,818.5,NA
10/14/2012,7,813,NA
10/14/2012,10,801.5,NA
10/14/2012,13,791,NA
10/14/2012,16,803,NA
10/14/2012,19,819,NA
10/14/2012,22,826.5,NA
10/15/2012,1,828,NA
10/15/2012,4,821.5,NA
10/15/2012,7,814,NA
10/15/2012,10,803.5,NA
10/15/2012,13,797,NA
10/15/2012,16,811,NA
10/15/2012,19,822,NA
10/15/2012,22,831,NA
10/16/2012,1,835,NA
10/16/2012,4,835.5,NA
10/16/2012,7,837,NA
10/16/2012,10,838,NA
10/16/2012,13,839,NA
10/16/2012,16,844.5,NA
10/16/2012,19,852,NA
10/16/2012,22,851.5,NA
10/17/2012,1,849,NA
10/17/2012,4,849.5,NA
10/17/2012,7,853,NA
10/17/2012,10,854.5,NA
10/17/2012,13,855,NA
10/17/2012,16,850,NA
10/17/2012,19,845,NA
10/17/2012,22,841.5,NA
10/18/2012,1,840,NA
10/18/2012,4,835,NA
10/18/2012,7,829,NA
10/18/2012,10,834,NA
10/18/2012,13,841,NA
10/18/2012,16,840,NA
10/18/2012,19,837,NA
10/18/2012,22,840,NA
10/19/2012,1,843,NA
10/19/2012,4,857.5,NA
10/19/2012,7,875,NA
10/19/2012,10,877.5,NA
10/19/2012,13,878,NA
10/19/2012,16,873,NA
10/19/2012,19,865,NA
10/19/2012,22,859,NA
10/20/2012,1,852,NA
10/20/2012,4,852,NA
10/20/2012,7,852,NA
10/20/2012,10,846.5,NA
10/20/2012,13,836,NA
10/20/2012,16,824,NA
10/20/2012,19,815,NA
10/20/2012,22,808,NA
10/21/2012,1,800,NA
10/21/2012,4,793,NA
10/21/2012,7,786,NA
10/21/2012,10,779.5,NA
10/21/2012,13,774,NA
10/21/2012,16,773.5,NA
10/21/2012,19,773,NA
10/21/2012,22,772.5,NA
10/22/2012,1,771,NA
10/22/2012,4,776,NA
10/22/2012,7,781,NA
10/22/2012,10,805,NA
10/22/2012,13,829,NA
10/22/2012,16,841,NA
10/22/2012,19,843,NA
10/22/2012,22,840,NA
10/23/2012,1,838,NA
10/23/2012,4,839,NA
10/23/2012,7,843,NA
10/23/2012,10,844,NA
10/23/2012,13,843,NA
10/23/2012,16,839.5,NA
10/23/2012,19,836,NA
10/23/2012,22,831.5,NA
10/24/2012,1,828,NA
10/24/2012,4,825,NA
10/24/2012,7,823,NA
10/24/2012,10,819,NA
10/24/2012,13,813,NA
10/24/2012,16,806.5,NA
10/24/2012,19,801,NA
10/24/2012,22,798,NA
10/25/2012,1,794,NA
10/25/2012,4,793,NA
10/25/2012,7,792,NA
10/25/2012,10,792,NA
10/25/2012,13,790,NA
10/25/2012,16,790,NA
10/25/2012,19,786,NA
10/25/2012,22,780,790
10/26/2012,1,776,NA
10/26/2012,4,769,NA
10/26/2012,7,763,NA
10/26/2012,10,760,NA
10/26/2012,13,760,NA
10/26/2012,16,759,NA
10/26/2012,19,757,NA
10/26/2012,22,756,763
10/27/2012,1,753,NA
10/27/2012,4,734.5,NA
10/27/2012,7,718,NA
10/27/2012,10,710.5,NA
10/27/2012,13,706,NA
10/27/2012,16,694,NA
10/27/2012,19,685,NA
10/27/2012,22,678,NA
10/28/2012,1,672,NA
10/28/2012,4,675.5,NA
10/28/2012,7,687,NA
10/28/2012,10,717.3333333,NA
10/28/2012,13,770.6666667,NA
10/28/2012,16,812,NA
10/28/2012,19,831.6666667,NA
10/28/2012,22,838.25,NA
10/29/2012,1,842,NA
10/29/2012,4,826,NA
10/29/2012,7,803,NA
10/29/2012,10,791,NA
10/29/2012,13,784,NA
10/29/2012,16,775.5,NA
10/29/2012,19,770,NA
10/29/2012,22,764,NA
10/30/2012,1,759,NA
10/30/2012,4,760,NA
10/30/2012,7,764,NA
10/30/2012,10,755,NA
10/30/2012,13,738,NA
10/30/2012,16,726.5,NA
10/30/2012,19,714,NA
10/30/2012,22,710,NA
10/31/2012,1,708,NA
10/31/2012,4,706,NA
10/31/2012,7,702,NA
10/31/2012,10,700,NA
10/31/2012,13,698,NA
10/31/2012,16,697,NA
10/31/2012,19,695,NA
10/31/2012,22,694,700
11/1/2012,1,693,NA
11/1/2012,4,692,NA
11/1/2012,7,691,NA
11/1/2012,10,684,NA
11/1/2012,13,676,NA
11/1/2012,16,669,NA
11/1/2012,19,663,NA
11/1/2012,22,660,679
11/2/2012,1,658,NA
11/2/2012,4,656,NA
11/2/2012,7,655,NA
11/2/2012,10,661,NA
11/2/2012,13,670,NA
11/2/2012,16,680,NA
11/2/2012,19,689,NA
11/2/2012,22,686,669
11/3/2012,1,683,NA
11/3/2012,4,677.5,NA
11/3/2012,7,673,NA
11/3/2012,10,661.5,NA
11/3/2012,13,652,NA
11/3/2012,16,649,NA
11/3/2012,19,660,NA
11/3/2012,22,677.5,NA
11/4/2012,1,690,NA
11/4/2012,4,683,NA
11/4/2012,7,675,NA
11/4/2012,10,653,NA
11/4/2012,13,636,NA
11/4/2012,16,629.5,NA
11/4/2012,19,636,NA
11/4/2012,22,650.5,NA
11/5/2012,1,666,NA
11/5/2012,4,672.5,NA
11/5/2012,7,662,NA
11/5/2012,10,646,NA
11/5/2012,13,628,NA
11/5/2012,16,621,NA
11/5/2012,19,614,NA
11/5/2012,22,619.5,NA
11/6/2012,1,628,NA
11/6/2012,4,633.5,NA
11/6/2012,7,638,NA
11/6/2012,10,641.5,NA
11/6/2012,13,638,NA
11/6/2012,16,648.5,NA
11/6/2012,19,658,NA
11/6/2012,22,664.5,NA
11/7/2012,1,673,NA
11/7/2012,4,679.5,NA
11/7/2012,7,676,NA
11/7/2012,10,663.5,NA
11/7/2012,13,659,NA
11/7/2012,16,660,NA
11/7/2012,19,665,NA
11/7/2012,22,669,NA
11/8/2012,1,670,NA
11/8/2012,4,667,NA
11/8/2012,7,663,NA
11/8/2012,10,660,NA
11/8/2012,13,659,NA
11/8/2012,16,657,NA
11/8/2012,19,664,NA
11/8/2012,22,675,NA
11/9/2012,1,680,NA
11/9/2012,4,676.5,NA
11/9/2012,7,674,NA
11/9/2012,10,678,NA
11/9/2012,13,686,NA
11/9/2012,16,689,NA
11/9/2012,19,695,NA
11/9/2012,22,691,NA
11/10/2012,1,687,NA
11/10/2012,4,693.5,NA
11/10/2012,7,702,NA
11/10/2012,10,714.5,NA
11/10/2012,13,721,NA
11/10/2012,16,724,NA
11/10/2012,19,728,NA
11/10/2012,22,721.5,NA
11/11/2012,1,716,NA
11/11/2012,4,711.5,NA
11/11/2012,7,706,NA
11/11/2012,10,688.5,NA
11/11/2012,13,681,NA
11/11/2012,16,674.5,NA
11/11/2012,19,666,NA
11/11/2012,22,661.5,NA
11/12/2012,1,653,NA
11/12/2012,4,652,NA
11/12/2012,7,661,NA
11/12/2012,10,667.5,NA
11/12/2012,13,674,NA
11/12/2012,16,681,NA
11/12/2012,19,687,NA
11/12/2012,22,692,NA
11/13/2012,1,687,NA
11/13/2012,4,681.5,NA
11/13/2012,7,676,NA
11/13/2012,10,670.5,NA
11/13/2012,13,666,NA
11/13/2012,16,665,NA
11/13/2012,19,683,NA
11/13/2012,22,695,NA
11/14/2012,1,704,NA
11/14/2012,4,697.5,NA
11/14/2012,7,688,NA
11/14/2012,10,682.5,NA
11/14/2012,13,678,NA
11/14/2012,16,684.5,NA
11/14/2012,19,695,NA
11/14/2012,22,700,NA
11/15/2012,1,707,NA
11/15/2012,4,701.5,NA
11/15/2012,7,696,NA
11/15/2012,10,687.5,NA
11/15/2012,13,681,NA
11/15/2012,16,674,NA
11/15/2012,19,667,NA
11/15/2012,22,672,NA
11/16/2012,1,678,NA
11/16/2012,4,684,NA
11/16/2012,7,681,NA
11/16/2012,10,673.5,NA
11/16/2012,13,669,NA
11/16/2012,16,665,NA
11/16/2012,19,671,NA
11/16/2012,22,676.5,NA
11/17/2012,1,681,NA
11/17/2012,4,682,NA
11/17/2012,7,674,NA
11/17/2012,10,668,NA
11/17/2012,13,657,NA
11/17/2012,16,652,NA
11/17/2012,19,654,NA
11/17/2012,22,659.5,NA
11/18/2012,1,664,NA
11/18/2012,4,657.5,NA
11/18/2012,7,649,NA
11/18/2012,10,642.5,NA
11/18/2012,13,639,NA
11/18/2012,16,638.5,NA
11/18/2012,19,643,NA
11/18/2012,22,646.5,NA
11/19/2012,1,652,NA
11/19/2012,4,654,NA
11/19/2012,7,650,NA
11/19/2012,10,655,NA
11/19/2012,13,661,NA
11/19/2012,16,667,NA
11/19/2012,19,677,NA
11/19/2012,22,691,663
11/20/2012,1,697,NA
11/20/2012,4,702.5,NA
11/20/2012,7,700,NA
11/20/2012,10,702.5,NA
11/20/2012,13,704,NA
11/20/2012,16,705.5,NA
11/20/2012,19,707,NA
11/20/2012,22,702,NA
11/21/2012,1,700,NA
11/21/2012,4,704,NA
11/21/2012,7,708,NA
11/21/2012,10,719.5,NA
11/21/2012,13,720,NA
11/21/2012,16,718,NA
11/21/2012,19,725,NA
11/21/2012,22,729,NA
11/22/2012,1,727,NA
11/22/2012,4,720.5,NA
11/22/2012,7,714,NA
11/22/2012,10,711,NA
11/22/2012,13,718,NA
11/22/2012,16,721,NA
11/22/2012,19,714,NA
11/22/2012,22,712,NA
11/23/2012,1,716,NA
11/23/2012,4,716,NA
11/23/2012,7,709,NA
11/23/2012,10,706.5,NA
11/23/2012,13,705,NA
11/23/2012,16,704,NA
11/23/2012,19,704,NA
11/23/2012,22,702.5,NA
11/24/2012,1,700,NA
11/24/2012,4,698,NA
11/24/2012,7,696,NA
11/24/2012,10,694,NA
11/24/2012,13,691,NA
11/24/2012,16,686,NA
11/24/2012,19,680,NA
11/24/2012,22,677,690
11/25/2012,1,675,NA
11/25/2012,4,673,NA
11/25/2012,7,670,NA
11/25/2012,10,668,NA
11/25/2012,13,666,NA
11/25/2012,16,666,NA
11/25/2012,19,666,NA
11/25/2012,22,661,668
11/26/2012,1,657,NA
11/26/2012,4,650,NA
11/26/2012,7,645,NA
11/26/2012,10,640.5,NA
11/26/2012,13,637,NA
11/26/2012,16,634.5,NA
11/26/2012,19,633,NA
11/26/2012,22,630,NA
11/27/2012,1,626,NA
11/27/2012,4,619.5,NA
11/27/2012,7,613,NA
11/27/2012,10,625.5,NA
11/27/2012,13,641,NA
11/27/2012,16,653.5,NA
11/27/2012,19,663,NA
11/27/2012,22,668.5,NA
11/28/2012,1,668,NA
11/28/2012,4,664.5,NA
11/28/2012,7,661,NA
11/28/2012,10,660,NA
11/28/2012,13,656,NA
11/28/2012,16,657,NA
11/28/2012,19,667,NA
11/28/2012,22,671.5,NA
11/29/2012,1,676,NA
11/29/2012,4,670.5,NA
11/29/2012,7,666,NA
11/29/2012,10,662.5,NA
11/29/2012,13,660,NA
11/29/2012,16,665,NA
11/29/2012,19,669,NA
11/29/2012,22,667,NA
11/30/2012,1,663,NA
11/30/2012,4,661,NA
11/30/2012,7,659,NA
11/30/2012,10,664,NA
11/30/2012,13,668,NA
11/30/2012,16,670,NA
11/30/2012,19,672,NA
11/30/2012,22,669,666
12/1/2012,1,667,NA
12/1/2012,4,664,NA
12/1/2012,7,662,NA
12/1/2012,10,660,NA
12/1/2012,13,663,NA
12/1/2012,16,666,NA
12/1/2012,19,669,NA
12/1/2012,22,674,666
12/2/2012,1,678,NA
12/2/2012,4,682,NA
12/2/2012,7,686,NA
12/2/2012,10,688,NA
12/2/2012,13,685,NA
12/2/2012,16,680,NA
12/2/2012,19,674,NA
12/2/2012,22,670,680
12/3/2012,1,667,NA
12/3/2012,4,662,NA
12/3/2012,7,657,NA
12/3/2012,10,649,NA
12/3/2012,13,647,NA
12/3/2012,16,647,NA
12/3/2012,19,651,NA
12/3/2012,22,653.5,NA
12/4/2012,1,656,NA
12/4/2012,4,660,NA
12/4/2012,7,658,NA
12/4/2012,10,657,NA
12/4/2012,13,659,NA
12/4/2012,16,660.5,NA
12/4/2012,19,662,NA
12/4/2012,22,665.5,NA
12/5/2012,1,668,NA
12/5/2012,4,669,NA
12/5/2012,7,671,NA
12/5/2012,10,675,NA
12/5/2012,13,673,NA
12/5/2012,16,667,NA
12/5/2012,19,663,NA
12/5/2012,22,661,668
12/6/2012,1,660,NA
12/6/2012,4,658,NA
12/6/2012,7,655,NA
12/6/2012,10,661,NA
12/6/2012,13,668,NA
12/6/2012,16,677,NA
12/6/2012,19,684,NA
12/6/2012,22,689,669
12/7/2012,1,692,NA
12/7/2012,4,692,NA
12/7/2012,7,685,NA
12/7/2012,10,686,NA
12/7/2012,13,690,NA
12/7/2012,16,691.5,NA
12/7/2012,19,693,NA
12/7/2012,22,692,NA
12/8/2012,1,688,NA
12/8/2012,4,686,NA
12/8/2012,7,684,NA
12/8/2012,10,688,NA
12/8/2012,13,693,NA
12/8/2012,16,697,NA
12/8/2012,19,699,NA
12/8/2012,22,696,691
12/9/2012,1,691,NA
12/9/2012,4,684.5,NA
12/9/2012,7,678,NA
12/9/2012,10,678,NA
12/9/2012,13,682,NA
12/9/2012,16,686,NA
12/9/2012,19,687,NA
12/9/2012,22,682,NA
12/10/2012,1,673,NA
12/10/2012,4,661,NA
12/10/2012,7,653,NA
12/10/2012,10,650.5,NA
12/10/2012,13,655,NA
12/10/2012,16,666,NA
12/10/2012,19,679,NA
12/10/2012,22,682.5,NA
12/11/2012,1,686,NA
12/11/2012,4,687.5,NA
12/11/2012,7,690,NA
12/11/2012,10,690.5,NA
12/11/2012,13,701,NA
12/11/2012,16,713,NA
12/11/2012,19,719,NA
12/11/2012,22,723,NA
12/12/2012,1,721,NA
12/12/2012,4,716,NA
12/12/2012,7,712,NA
12/12/2012,10,710.5,NA
12/12/2012,13,708,NA
12/12/2012,16,701,NA
12/12/2012,19,696,NA
12/12/2012,22,693.5,NA
12/13/2012,1,692,NA
12/13/2012,4,690,NA
12/13/2012,7,690,NA
12/13/2012,10,691,NA
12/13/2012,13,693,NA
12/13/2012,16,687,NA
12/13/2012,19,683,NA
12/13/2012,22,680,688
12/14/2012,1,678,NA
12/14/2012,4,677,NA
12/14/2012,7,681,NA
12/14/2012,10,687,NA
12/14/2012,13,688,NA
12/14/2012,16,690,NA
12/14/2012,19,690,NA
12/14/2012,22,687,685
12/15/2012,1,685,NA
12/15/2012,4,679,NA
12/15/2012,7,674,NA
12/15/2012,10,678.5,NA
12/15/2012,13,684,NA
12/15/2012,16,677.5,NA
12/15/2012,19,672,NA
12/15/2012,22,663,NA
12/16/2012,1,653,NA
12/16/2012,4,643.5,NA
12/16/2012,7,638,NA
12/16/2012,10,631,NA
12/16/2012,13,627,NA
12/16/2012,16,623,NA
12/16/2012,19,619,NA
12/16/2012,22,616.5,NA
12/17/2012,1,615,NA
12/17/2012,4,613,NA
12/17/2012,7,610,NA
12/17/2012,10,605,NA
12/17/2012,13,602,NA
12/17/2012,16,598,NA
12/17/2012,19,592,NA
12/17/2012,22,589,603
12/18/2012,1,591,NA
12/18/2012,4,598.5,NA
12/18/2012,7,610,NA
12/18/2012,10,627,NA
12/18/2012,13,640,NA
12/18/2012,16,655.5,NA
12/18/2012,19,669,NA
12/18/2012,22,680,NA
12/19/2012,1,688,NA
12/19/2012,4,682,NA
12/19/2012,7,675,NA
12/19/2012,10,672.5,NA
12/19/2012,13,671,NA
12/19/2012,16,669.5,NA
12/19/2012,19,668,NA
12/19/2012,22,664,NA
12/20/2012,1,655,NA
12/20/2012,4,645.5,NA
12/20/2012,7,637,NA
12/20/2012,10,641.5,NA
12/20/2012,13,648,NA
12/20/2012,16,651,NA
12/20/2012,19,649,NA
12/20/2012,22,644,NA
12/21/2012,1,641,NA
12/21/2012,4,640,NA
12/21/2012,7,638,NA
12/21/2012,10,646,NA
12/21/2012,13,653,NA
12/21/2012,16,660,NA
12/21/2012,19,657,NA
12/21/2012,22,653,649
12/22/2012,1,648,NA
12/22/2012,4,646,NA
12/22/2012,7,641,NA
12/22/2012,10,650,NA
12/22/2012,13,655,NA
12/22/2012,16,659,NA
12/22/2012,19,657,NA
12/22/2012,22,656,652
12/23/2012,1,653,NA
12/23/2012,4,652.5,NA
12/23/2012,7,659,NA
12/23/2012,10,671,NA
12/23/2012,13,675,NA
12/23/2012,16,676,NA
12/23/2012,19,671,NA
12/23/2012,22,667,NA
12/24/2012,1,663,NA
12/24/2012,4,659.5,NA
12/24/2012,7,658,NA
12/24/2012,10,654,NA
12/24/2012,13,656,NA
12/24/2012,16,664.5,NA
12/24/2012,19,676,NA
12/24/2012,22,683.5,NA
12/25/2012,1,681,NA
12/25/2012,4,674,NA
12/25/2012,7,670,NA
12/25/2012,10,670,NA
12/25/2012,13,675,NA
12/25/2012,16,685.5,NA
12/25/2012,19,698,NA
12/25/2012,22,702,NA
12/26/2012,1,704,NA
12/26/2012,4,705.5,NA
12/26/2012,7,707,NA
12/26/2012,10,708.5,NA
12/26/2012,13,705,NA
12/26/2012,16,701,NA
12/26/2012,19,704,NA
12/26/2012,22,708,NA
12/27/2012,1,710,NA
12/27/2012,4,706,NA
12/27/2012,7,702,NA
12/27/2012,10,705,NA
12/27/2012,13,709,NA
12/27/2012,16,715.5,NA
12/27/2012,19,721,NA
12/27/2012,22,721.5,NA
12/28/2012,1,716,NA
12/28/2012,4,706.5,NA
12/28/2012,7,700,NA
12/28/2012,10,685.5,NA
12/28/2012,13,680,NA
12/28/2012,16,678.5,NA
12/28/2012,19,690,NA
12/28/2012,22,697,NA
12/29/2012,1,695,NA
12/29/2012,4,688.5,NA
12/29/2012,7,680,NA
12/29/2012,10,670,NA
12/29/2012,13,666,NA
12/29/2012,16,671.5,NA
12/29/2012,19,683,NA
12/29/2012,22,689.5,NA
12/30/2012,1,689,NA
12/30/2012,4,681,NA
12/30/2012,7,674,NA
12/30/2012,10,662.5,NA
12/30/2012,13,651,NA
12/30/2012,16,643.5,NA
12/30/2012,19,638,NA
12/30/2012,22,632.5,NA
12/31/2012,1,628,NA
12/31/2012,4,621.5,NA
12/31/2012,7,612,NA
12/31/2012,10,605,NA
12/31/2012,13,598,NA
12/31/2012,16,598,NA
12/31/2012,19,610,NA
12/31/2012,22,617,NA
1/1/2013,1,617,NA
1/1/2013,4,612,NA
1/1/2013,7,609,NA
1/1/2013,10,603.5,NA
1/1/2013,13,598,NA
1/1/2013,16,597.5,NA
1/1/2013,19,603,NA
1/1/2013,22,606,NA
1/2/2013,1,604,NA
1/2/2013,4,597,NA
1/2/2013,7,592,NA
1/2/2013,10,588.5,NA
1/2/2013,13,589,NA
1/2/2013,16,594.5,NA
1/2/2013,19,600,NA
1/2/2013,22,602.5,NA
1/3/2013,1,608,NA
1/3/2013,4,614.5,NA
1/3/2013,7,620,NA
1/3/2013,10,620,NA
1/3/2013,13,614,NA
1/3/2013,16,622,NA
1/3/2013,19,630,NA
1/3/2013,22,635,NA
1/4/2013,1,639,NA
1/4/2013,4,642.5,NA
1/4/2013,7,640,NA
1/4/2013,10,641.5,NA
1/4/2013,13,654,NA
1/4/2013,16,664,NA
1/4/2013,19,675,NA
1/4/2013,22,680,NA
1/5/2013,1,684,NA
1/5/2013,4,680,NA
1/5/2013,7,675,NA
1/5/2013,10,668.5,NA
1/5/2013,13,663,NA
1/5/2013,16,656.5,NA
1/5/2013,19,651,NA
1/5/2013,22,644,NA
1/6/2013,1,636,NA
1/6/2013,4,631,NA
1/6/2013,7,627,NA
1/6/2013,10,635,NA
1/6/2013,13,644,NA
1/6/2013,16,651,NA
1/6/2013,19,657,NA
1/6/2013,22,662,643
1/7/2013,1,667,NA
1/7/2013,4,668,NA
1/7/2013,7,660,NA
1/7/2013,10,650.5,NA
1/7/2013,13,646,NA
1/7/2013,16,642.5,NA
1/7/2013,19,645,NA
1/7/2013,22,649,NA
1/8/2013,1,647,NA
1/8/2013,4,641.5,NA
1/8/2013,7,638,NA
1/8/2013,10,639.5,NA
1/8/2013,13,646,NA
1/8/2013,16,651,NA
1/8/2013,19,658,NA
1/8/2013,22,660.5,NA
1/9/2013,1,661,NA
1/9/2013,4,655.5,NA
1/9/2013,7,651,NA
1/9/2013,10,651.5,NA
1/9/2013,13,658,NA
1/9/2013,16,669,NA
1/9/2013,19,679,NA
1/9/2013,22,685.5,NA
1/10/2013,1,682,NA
1/10/2013,4,676.5,NA
1/10/2013,7,673,NA
1/10/2013,10,669,NA
1/10/2013,13,672,NA
1/10/2013,16,679,NA
1/10/2013,19,684,NA
1/10/2013,22,689,NA
1/11/2013,1,687,NA
1/11/2013,4,680.5,NA
1/11/2013,7,675,NA
1/11/2013,10,668,NA
1/11/2013,13,664,NA
1/11/2013,16,661.5,NA
1/11/2013,19,660,NA
1/11/2013,22,668.5,NA
1/12/2013,1,678,NA
1/12/2013,4,678.5,NA
1/12/2013,7,673,NA
1/12/2013,10,669,NA
1/12/2013,13,672,NA
1/12/2013,16,682.5,NA
1/12/2013,19,691,NA
1/12/2013,22,691.5,NA
1/13/2013,1,683,NA
1/13/2013,4,670.5,NA
1/13/2013,7,663,NA
1/13/2013,10,655,NA
1/13/2013,13,644,NA
1/13/2013,16,636.5,NA
1/13/2013,19,640,NA
1/13/2013,22,650.5,NA
1/14/2013,1,660,NA
1/14/2013,4,662.5,NA
1/14/2013,7,657,NA
1/14/2013,10,646.5,NA
1/14/2013,13,636,NA
1/14/2013,16,634,NA
1/14/2013,19,641,NA
1/14/2013,22,648,NA
1/15/2013,1,653,NA
1/15/2013,4,653,NA
1/15/2013,7,645,NA
1/15/2013,10,634.5,NA
1/15/2013,13,642,NA
1/15/2013,16,659.5,NA
1/15/2013,19,670,NA
1/15/2013,22,679.5,NA
1/16/2013,1,688,NA
1/16/2013,4,681,NA
1/16/2013,7,670,NA
1/16/2013,10,654,NA
1/16/2013,13,651,NA
1/16/2013,16,660.5,NA
1/16/2013,19,678,NA
1/16/2013,22,686,NA
1/17/2013,1,684,NA
1/17/2013,4,673,NA
1/17/2013,7,661,NA
1/17/2013,10,648,NA
1/17/2013,13,639,NA
1/17/2013,16,652.5,NA
1/17/2013,19,659,NA
1/17/2013,22,661,NA
1/18/2013,1,657,NA
1/18/2013,4,653.5,NA
1/18/2013,7,649,NA
1/18/2013,10,640.5,NA
1/18/2013,13,629,NA
1/18/2013,16,621,NA
1/18/2013,19,616,NA
1/18/2013,22,609.5,NA
1/19/2013,1,603,NA
1/19/2013,4,596,NA
1/19/2013,7,590,NA
1/19/2013,10,582,NA
1/19/2013,13,575,NA
1/19/2013,16,571,NA
1/19/2013,19,573,NA
1/19/2013,22,577,NA
1/20/2013,1,572,NA
1/20/2013,4,565,NA
1/20/2013,7,561,NA
1/20/2013,10,554,NA
1/20/2013,13,549,NA
1/20/2013,16,557,NA
1/20/2013,19,568,NA
1/20/2013,22,580.5,NA
1/21/2013,1,593,NA
1/21/2013,4,601.5,NA
1/21/2013,7,608,NA
1/21/2013,10,600.5,NA
1/21/2013,13,595,NA
1/21/2013,16,604.5,NA
1/21/2013,19,619,NA
1/21/2013,22,628,NA
1/22/2013,1,633,NA
1/22/2013,4,638.5,NA
1/22/2013,7,642,NA
1/22/2013,10,648,NA
1/22/2013,13,659,NA
1/22/2013,16,674.5,NA
1/22/2013,19,690,NA
1/22/2013,22,709,NA
1/23/2013,1,741,NA
1/23/2013,4,761.6666667,NA
1/23/2013,7,798,NA
1/23/2013,10,818.3333333,NA
1/23/2013,13,825.6666667,NA
1/23/2013,16,829,NA
1/23/2013,19,822.3333333,NA
1/23/2013,22,816.5,NA
1/24/2013,1,821,NA
1/24/2013,4,826,NA
1/24/2013,7,829,NA
1/24/2013,10,834,NA
1/24/2013,13,837,NA
1/24/2013,16,838,NA
1/24/2013,19,838,NA
1/24/2013,22,838,NA
1/25/2013,1,838,NA
1/25/2013,4,838,NA
1/25/2013,7,838,NA
1/25/2013,10,838,NA
1/25/2013,13,838,NA
1/25/2013,16,836,NA
1/25/2013,19,833,NA
1/25/2013,22,833,837
1/26/2013,1,836,NA
1/26/2013,4,841,NA
1/26/2013,7,845,NA
1/26/2013,10,848,NA
1/26/2013,13,848,NA
1/26/2013,16,850,NA
1/26/2013,19,850,NA
1/26/2013,22,850,846
1/27/2013,1,851,NA
1/27/2013,4,854,NA
1/27/2013,7,857,NA
1/27/2013,10,862.5,NA
1/27/2013,13,867,NA
1/27/2013,16,868,NA
1/27/2013,19,866,NA
1/27/2013,22,867,NA
1/28/2013,1,871,NA
1/28/2013,4,873,NA
1/28/2013,7,875,NA
1/28/2013,10,875,NA
1/28/2013,13,875,NA
1/28/2013,16,875,NA
1/28/2013,19,875,NA
1/28/2013,22,876,874
1/29/2013,1,877,NA
1/29/2013,4,879,NA
1/29/2013,7,880,NA
1/29/2013,10,878,NA
1/29/2013,13,875,NA
1/29/2013,16,871,NA
1/29/2013,19,865,NA
1/29/2013,22,860,873
1/30/2013,1,854,NA
1/30/2013,4,845.5,NA
1/30/2013,7,838,NA
1/30/2013,10,830,NA
1/30/2013,13,816,NA
1/30/2013,16,799,NA
1/30/2013,19,780,NA
1/30/2013,22,766,NA
1/31/2013,1,754,NA
1/31/2013,4,743.5,NA
1/31/2013,7,735,NA
1/31/2013,10,716.5,NA
1/31/2013,13,692,NA
1/31/2013,16,665,NA
1/31/2013,19,635,NA
1/31/2013,22,611.5,NA
2/1/2013,1,589,NA
2/1/2013,4,572.5,NA
2/1/2013,7,560,NA
2/1/2013,10,556.5,NA
2/1/2013,13,566,NA
2/1/2013,16,584,NA
2/1/2013,19,608,NA
2/1/2013,22,628,NA
2/2/2013,1,643,NA
2/2/2013,4,654.5,NA
2/2/2013,7,663,NA
2/2/2013,10,680,NA
2/2/2013,13,694,NA
2/2/2013,16,719,NA
2/2/2013,19,745,NA
2/2/2013,22,769.5,NA
2/3/2013,1,795,NA
2/3/2013,4,818,NA
2/3/2013,7,839,NA
2/3/2013,10,846,NA
2/3/2013,13,853,NA
2/3/2013,16,862.5,NA
2/3/2013,19,871,NA
2/3/2013,22,877,NA
2/4/2013,1,882,NA
2/4/2013,4,884,NA
2/4/2013,7,887,NA
2/4/2013,10,890,NA
2/4/2013,13,891,NA
2/4/2013,16,891,NA
2/4/2013,19,891,NA
2/4/2013,22,889,888
2/5/2013,1,888,NA
2/5/2013,4,887,NA
2/5/2013,7,886,NA
2/5/2013,10,883,NA
2/5/2013,13,879,NA
2/5/2013,16,877,NA
2/5/2013,19,875,NA
2/5/2013,22,874,881
2/6/2013,1,873,NA
2/6/2013,4,871,NA
2/6/2013,7,869,NA
2/6/2013,10,868,NA
2/6/2013,13,868,NA
2/6/2013,16,867,NA
2/6/2013,19,867,NA
2/6/2013,22,867,869
2/7/2013,1,867,NA
2/7/2013,4,867,NA
2/7/2013,7,867,NA
2/7/2013,10,867,NA
2/7/2013,13,867,NA
2/7/2013,16,867,NA
2/7/2013,19,867,NA
2/7/2013,22,867,867
2/8/2013,1,867,NA
NA,4,867,NA
2/8/2013,7,867,NA
NA,10,867,NA
2/8/2013,13,867,NA
NA,16,866,NA
2/8/2013,19,865,867
NA,22,862.5,NA
2/9/2013,1,860,NA
2/9/2013,4,855,NA
2/9/2013,7,844,NA
2/9/2013,10,823,NA
2/9/2013,13,800,NA
2/9/2013,16,775.5,NA
2/9/2013,19,752,NA
2/9/2013,22,733.5,NA
2/10/2013,1,715,NA
2/10/2013,4,697,NA
2/10/2013,7,677,NA
2/10/2013,10,657,NA
2/10/2013,13,641,NA
2/10/2013,16,621,NA
2/10/2013,19,605,NA
2/10/2013,22,598,NA
2/11/2013,1,590,NA
2/11/2013,4,590,NA
2/11/2013,7,590,NA
2/11/2013,10,587,NA
2/11/2013,13,583,NA
2/11/2013,16,581,NA
2/11/2013,19,580,NA
2/11/2013,22,578,585
2/12/2013,1,576,NA
2/12/2013,4,575,NA
2/12/2013,7,574,NA
2/12/2013,10,572,NA
2/12/2013,13,571,NA
2/12/2013,16,571,NA
2/12/2013,19,571,NA
2/12/2013,22,573,573
2/13/2013,1,574,NA
2/13/2013,4,575,NA
2/13/2013,7,576,NA
2/13/2013,10,573,NA
2/13/2013,13,571,NA
2/13/2013,16,569,NA
2/13/2013,19,565,NA
2/13/2013,22,563,571
2/14/2013,1,561,NA
2/14/2013,4,560,NA
2/14/2013,7,557,NA
2/14/2013,10,553,NA
2/14/2013,13,550,NA
2/14/2013,16,548,NA
2/14/2013,19,545,NA
2/14/2013,22,543,552
2/15/2013,1,542,NA
2/15/2013,4,541,NA
2/15/2013,7,539,NA
2/15/2013,10,537,NA
2/15/2013,13,540,NA
2/15/2013,16,544,NA
2/15/2013,19,547,NA
2/15/2013,22,549,542
2/16/2013,1,550,NA
2/16/2013,4,554,NA
2/16/2013,7,558,NA
2/16/2013,10,561.5,NA
2/16/2013,13,566,NA
2/16/2013,16,572,NA
2/16/2013,19,577,NA
2/16/2013,22,589.5,NA
2/17/2013,1,604,NA
2/17/2013,4,617.6666667,NA
2/17/2013,7,643.3333333,NA
2/17/2013,10,670.3333333,NA
2/17/2013,13,695.6666667,NA
2/17/2013,16,720.6666667,NA
2/17/2013,19,780,NA
2/17/2013,22,812.25,NA
2/18/2013,1,824,NA
2/18/2013,4,830.3333333,NA
2/18/2013,7,840.6666667,NA
2/18/2013,10,847.3333333,NA
2/18/2013,13,852,NA
2/18/2013,16,855,NA
2/18/2013,19,858,NA
2/18/2013,22,862.25,NA
2/19/2013,1,866,NA
2/19/2013,4,867,NA
2/19/2013,7,867,NA
2/19/2013,10,869,NA
2/19/2013,13,870,NA
2/19/2013,16,873.5,NA
2/19/2013,19,877,NA
2/19/2013,22,877,NA
2/20/2013,1,877,NA
2/20/2013,4,878,NA
2/20/2013,7,875,NA
2/20/2013,10,868.5,NA
2/20/2013,13,866,NA
2/20/2013,16,864.5,NA
2/20/2013,19,862,NA
2/20/2013,22,861,NA
2/21/2013,1,860,NA
2/21/2013,4,860,NA
2/21/2013,7,860,NA
2/21/2013,10,858,NA
2/21/2013,13,856,NA
2/21/2013,16,856,NA
2/21/2013,19,856,NA
2/21/2013,22,856,858
2/22/2013,1,856,NA
2/22/2013,4,855,NA
2/22/2013,7,853,NA
2/22/2013,10,848,NA
2/22/2013,13,841,NA
2/22/2013,16,833,NA
2/22/2013,19,823,NA
2/22/2013,22,814,840
2/23/2013,1,798,NA
2/23/2013,4,771,NA
2/23/2013,7,742,NA
2/23/2013,10,714,NA
2/23/2013,13,685,NA
2/23/2013,16,660.5,NA
2/23/2013,19,633,NA
2/23/2013,22,612,NA
2/24/2013,1,601,NA
2/24/2013,4,596,NA
2/24/2013,7,591,NA
2/24/2013,10,587.5,NA
2/24/2013,13,581,NA
2/24/2013,16,575,NA
2/24/2013,19,567,NA
2/24/2013,22,563,NA
2/25/2013,1,562,NA
2/25/2013,4,562,NA
2/25/2013,7,560,NA
2/25/2013,10,557,NA
2/25/2013,13,553,NA
2/25/2013,16,550,NA
2/25/2013,19,548,NA
2/25/2013,22,551,555
2/26/2013,1,556,NA
2/26/2013,4,560,NA
2/26/2013,7,552,NA
2/26/2013,10,536,NA
2/26/2013,13,521,NA
2/26/2013,16,515.5,NA
2/26/2013,19,513,NA
2/26/2013,22,516.5,NA
2/27/2013,1,520,NA
2/27/2013,4,519,NA
2/27/2013,7,517,NA
2/27/2013,10,520,NA
2/27/2013,13,525,NA
2/27/2013,16,534,NA
2/27/2013,19,546,NA
2/27/2013,22,559,530
2/28/2013,1,567,NA
2/28/2013,4,569.5,NA
2/28/2013,7,562,NA
2/28/2013,10,555.5,NA
2/28/2013,13,558,NA
2/28/2013,16,559,NA
2/28/2013,19,556,NA
2/28/2013,22,552.5,NA
3/1/2013,1,550,NA
3/1/2013,4,548,NA
3/1/2013,7,546,NA
3/1/2013,10,538,NA
3/1/2013,13,534,NA
3/1/2013,16,531,NA
3/1/2013,19,529,NA
3/1/2013,22,535,539
3/2/2013,1,545,NA
3/2/2013,4,554.5,NA
3/2/2013,7,567,NA
3/2/2013,10,578.5,NA
3/2/2013,13,587,NA
3/2/2013,16,595,NA
3/2/2013,19,594,NA
3/2/2013,22,587,NA
3/3/2013,1,577,NA
3/3/2013,4,571,NA
3/3/2013,7,568,NA
3/3/2013,10,566,NA
3/3/2013,13,569,NA
3/3/2013,16,572,NA
3/3/2013,19,575,NA
3/3/2013,22,571,NA
3/4/2013,1,565,NA
3/4/2013,4,558,NA
3/4/2013,7,548,NA
3/4/2013,10,542.5,NA
3/4/2013,13,539,NA
3/4/2013,16,544.5,NA
3/4/2013,19,551,NA
3/4/2013,22,555,NA
3/5/2013,1,553,NA
3/5/2013,4,546.5,NA
3/5/2013,7,540,NA
3/5/2013,10,552.5,NA
3/5/2013,13,570,NA
3/5/2013,16,588.5,NA
3/5/2013,19,603,NA
3/5/2013,22,609.5,NA
3/6/2013,1,610,NA
3/6/2013,4,608,NA
3/6/2013,7,605,NA
3/6/2013,10,612.5,NA
3/6/2013,13,622,NA
3/6/2013,16,624,NA
3/6/2013,19,620,NA
3/6/2013,22,619,NA
3/7/2013,1,619,NA
3/7/2013,4,618,NA
3/7/2013,7,617,NA
3/7/2013,10,623,NA
3/7/2013,13,637,NA
3/7/2013,16,655,NA
3/7/2013,19,671,NA
3/7/2013,22,674,639
3/8/2013,1,676,NA
3/8/2013,4,677,NA
3/8/2013,7,678,NA
3/8/2013,10,680,NA
3/8/2013,13,683,NA
3/8/2013,16,681,NA
3/8/2013,19,679,NA
3/8/2013,22,675,679
3/9/2013,1,670,NA
3/9/2013,4,657,NA
3/9/2013,7,638,NA
3/9/2013,10,627,NA
3/9/2013,13,619,NA
3/9/2013,16,611,NA
3/9/2013,19,606,NA
3/9/2013,22,602.5,NA
3/10/2013,1,600,NA
3/10/2013,4,599,NA
3/10/2013,7,602,NA
3/10/2013,10,608,NA
3/10/2013,13,615,NA
3/10/2013,16,617,NA
3/10/2013,19,617,NA
3/10/2013,22,617,609
3/11/2013,1,623,NA
3/11/2013,4,629,NA
3/11/2013,7,635,NA
3/11/2013,10,624,NA
3/11/2013,13,601,NA
3/11/2013,16,597,NA
3/11/2013,19,595,NA
3/11/2013,22,590,NA
3/12/2013,1,585,NA
3/12/2013,4,582,NA
3/12/2013,7,580,NA
3/12/2013,10,576,NA
3/12/2013,13,571,NA
3/12/2013,16,579.5,NA
3/12/2013,19,588,NA
3/12/2013,22,598,NA
3/13/2013,1,604,NA
3/13/2013,4,601.5,NA
3/13/2013,7,583,NA
3/13/2013,10,583,NA
3/13/2013,13,594,NA
3/13/2013,16,605.5,NA
3/13/2013,19,615,NA
3/13/2013,22,618,NA
3/14/2013,1,611,NA
3/14/2013,4,598,NA
3/14/2013,7,585,NA
3/14/2013,10,582,NA
3/14/2013,13,591,NA
3/14/2013,16,603.5,NA
3/14/2013,19,616,NA
3/14/2013,22,604.5,NA
3/15/2013,1,586,NA
3/15/2013,4,570.5,NA
3/15/2013,7,558,NA
3/15/2013,10,571,NA
3/15/2013,13,598,NA
3/15/2013,16,626,NA
3/15/2013,19,651,NA
3/15/2013,22,669.5,NA
3/16/2013,1,682,NA
3/16/2013,4,685.5,NA
3/16/2013,7,678,NA
3/16/2013,10,667,NA
3/16/2013,13,665,NA
3/16/2013,16,669.5,NA
3/16/2013,19,688,NA
3/16/2013,22,701,NA
3/17/2013,1,702,NA
3/17/2013,4,690.5,NA
3/17/2013,7,678,NA
3/17/2013,10,658.5,NA
3/17/2013,13,654,NA
3/17/2013,16,662,NA
3/17/2013,19,674,NA
3/17/2013,22,675,NA
3/18/2013,1,667,NA
3/18/2013,4,655.5,NA
3/18/2013,7,649,NA
3/18/2013,10,628,NA
3/18/2013,13,617,NA
3/18/2013,16,626.5,NA
3/18/2013,19,636,NA
3/18/2013,22,648.5,NA
3/19/2013,1,659,NA
3/19/2013,4,659.5,NA
3/19/2013,7,641,NA
3/19/2013,10,619,NA
3/19/2013,13,602,NA
3/19/2013,16,622,NA
3/19/2013,19,640,NA
3/19/2013,22,648.5,NA
3/20/2013,1,653,NA
3/20/2013,4,647.5,NA
3/20/2013,7,639,NA
3/20/2013,10,632.5,NA
3/20/2013,13,635,NA
3/20/2013,16,645.5,NA
3/20/2013,19,666,NA
3/20/2013,22,668,NA
3/21/2013,1,664,NA
3/21/2013,4,653.5,NA
3/21/2013,7,641,NA
3/21/2013,10,642,NA
3/21/2013,13,645,NA
3/21/2013,16,646,NA
3/21/2013,19,643,NA
3/21/2013,22,637.5,NA
3/22/2013,1,630,NA
3/22/2013,4,621.5,NA
3/22/2013,7,613,NA
3/22/2013,10,613,NA
3/22/2013,13,612,NA
3/22/2013,16,610.5,NA
3/22/2013,19,612,NA
3/22/2013,22,616,NA
3/23/2013,1,618,NA
3/23/2013,4,616,NA
3/23/2013,7,607,NA
3/23/2013,10,602,NA
3/23/2013,13,601,NA
3/23/2013,16,602,NA
3/23/2013,19,605,NA
3/23/2013,22,609,NA
3/24/2013,1,604,NA
3/24/2013,4,601,NA
3/24/2013,7,600,NA
3/24/2013,10,602,NA
3/24/2013,13,606,NA
3/24/2013,16,610,NA
3/24/2013,19,615,NA
3/24/2013,22,617,607
3/25/2013,1,620,NA
3/25/2013,4,616,NA
3/25/2013,7,610,NA
3/25/2013,10,600.5,NA
3/25/2013,13,592,NA
3/25/2013,16,587,NA
3/25/2013,19,590,NA
3/25/2013,22,592,NA
3/26/2013,1,591,NA
3/26/2013,4,589,NA
3/26/2013,7,585,NA
3/26/2013,10,588,NA
3/26/2013,13,594,NA
3/26/2013,16,607,NA
3/26/2013,19,611,NA
3/26/2013,22,614,597
3/27/2013,1,618,NA
3/27/2013,4,625,NA
3/27/2013,7,629,NA
3/27/2013,10,631,NA
3/27/2013,13,635,NA
3/27/2013,16,640,NA
3/27/2013,19,640,NA
3/27/2013,22,637.5,NA
3/28/2013,1,636,NA
3/28/2013,4,637,NA
3/28/2013,7,645,NA
3/28/2013,10,654,NA
3/28/2013,13,660,NA
3/28/2013,16,660,NA
3/28/2013,19,659,NA
3/28/2013,22,657.5,NA
3/29/2013,1,660,NA
3/29/2013,4,664,NA
3/29/2013,7,666,NA
3/29/2013,10,670,NA
3/29/2013,13,676,NA
3/29/2013,16,680,NA
3/29/2013,19,681,NA
3/29/2013,22,681,672
3/30/2013,1,682,NA
3/30/2013,4,684,NA
3/30/2013,7,685,NA
3/30/2013,10,683,NA
3/30/2013,13,679,NA
3/30/2013,16,677,NA
3/30/2013,19,676,NA
3/30/2013,22,672,680
3/31/2013,1,666,NA
3/31/2013,4,659,NA
3/31/2013,7,654,NA
3/31/2013,10,648.5,NA
3/31/2013,13,645,NA
3/31/2013,16,643,NA
3/31/2013,19,639,NA
3/31/2013,22,637,NA
4/1/2013,1,633,NA
4/1/2013,4,630,NA
4/1/2013,7,628,NA
4/1/2013,10,618,NA
4/1/2013,13,613,NA
4/1/2013,16,605,NA
4/1/2013,19,605,NA
4/1/2013,22,606,617
4/2/2013,1,608,NA
4/2/2013,4,613,NA
4/2/2013,7,615,NA
4/2/2013,10,614,NA
4/2/2013,13,614,NA
4/2/2013,16,617,NA
4/2/2013,19,619,NA
4/2/2013,22,621,615
4/3/2013,1,624,NA
4/3/2013,4,623,NA
4/3/2013,7,620,NA
4/3/2013,10,623,NA
4/3/2013,13,628,NA
4/3/2013,16,630,NA
4/3/2013,19,630,NA
4/3/2013,22,628,626
4/4/2013,1,627,NA
4/4/2013,4,629,NA
4/4/2013,7,632,NA
4/4/2013,10,633,NA
4/4/2013,13,634,NA
4/4/2013,16,635,NA
4/4/2013,19,634,NA
4/4/2013,22,630,632
4/5/2013,1,627,NA
4/5/2013,4,623,NA
4/5/2013,7,621,NA
4/5/2013,10,624,NA
4/5/2013,13,628,NA
4/5/2013,16,630,NA
4/5/2013,19,631,NA
4/5/2013,22,635,627
4/6/2013,1,640,NA
4/6/2013,4,643,NA
4/6/2013,7,647,NA
4/6/2013,10,649,NA
4/6/2013,13,652,NA
4/6/2013,16,653,NA
4/6/2013,19,654,NA
4/6/2013,22,651,649
4/7/2013,1,647,NA
4/7/2013,4,642,NA
4/7/2013,7,635,NA
4/7/2013,10,634.5,NA
4/7/2013,13,633,NA
4/7/2013,16,633,NA
4/7/2013,19,632,NA
4/7/2013,22,628.5,NA
4/8/2013,1,622,NA
4/8/2013,4,617,NA
4/8/2013,7,614,NA
4/8/2013,10,614,NA
4/8/2013,13,614,NA
4/8/2013,16,616,NA
4/8/2013,19,617,NA
4/8/2013,22,619,617
4/9/2013,1,617,NA
4/9/2013,4,613,NA
4/9/2013,7,608,NA
4/9/2013,10,608,NA
4/9/2013,13,613,NA
4/9/2013,16,620,NA
4/9/2013,19,625,NA
4/9/2013,22,627,616
4/10/2013,1,624,NA
4/10/2013,4,619,NA
4/10/2013,7,616,NA
4/10/2013,10,620,NA
4/10/2013,13,626,NA
4/10/2013,16,629,NA
4/10/2013,19,633,NA
4/10/2013,22,636,625
4/11/2013,1,639,NA
4/11/2013,4,637,NA
4/11/2013,7,636,NA
4/11/2013,10,633,NA
4/11/2013,13,632,NA
4/11/2013,16,633,NA
4/11/2013,19,635,NA
4/11/2013,22,639,636
4/12/2013,1,637,NA
4/12/2013,4,634,NA
4/12/2013,7,633,NA
4/12/2013,10,632,NA
4/12/2013,13,630,NA
4/12/2013,16,632,NA
4/12/2013,19,635,NA
4/12/2013,22,633,633
4/13/2013,1,629,NA
4/13/2013,4,624,NA
4/13/2013,7,622,NA
4/13/2013,10,625,NA
4/13/2013,13,629,NA
4/13/2013,16,631,NA
4/13/2013,19,631,NA
4/13/2013,22,628,627
4/14/2013,1,624,NA
4/14/2013,4,621,NA
4/14/2013,7,619,NA
4/14/2013,10,622,NA
4/14/2013,13,626,NA
4/14/2013,16,628,NA
4/14/2013,19,627,NA
4/14/2013,22,626,624
4/15/2013,1,625,NA
4/15/2013,4,625,NA
4/15/2013,7,624,NA
4/15/2013,10,629,NA
4/15/2013,13,633,NA
4/15/2013,16,637,NA
4/15/2013,19,640,NA
4/15/2013,22,641,632
4/16/2013,1,641,NA
4/16/2013,4,642,NA
4/16/2013,7,643,NA
4/16/2013,10,645,NA
4/16/2013,13,647,NA
4/16/2013,16,649,NA
4/16/2013,19,652,NA
4/16/2013,22,655,647
4/17/2013,1,657,NA
4/17/2013,4,660,NA
4/17/2013,7,662,NA
4/17/2013,10,663,NA
4/17/2013,13,665,NA
4/17/2013,16,670,NA
4/17/2013,19,677,NA
4/17/2013,22,679,667
4/18/2013,1,674,NA
4/18/2013,4,667,NA
4/18/2013,7,661,NA
4/18/2013,10,661,NA
4/18/2013,13,663,NA
4/18/2013,16,672,NA
4/18/2013,19,678,NA
4/18/2013,22,683,670
4/19/2013,1,687,NA
4/19/2013,4,690,NA
4/19/2013,7,692,NA
4/19/2013,10,693,NA
4/19/2013,13,695,NA
4/19/2013,16,692,NA
4/19/2013,19,689,NA
4/19/2013,22,687,691
4/20/2013,1,684,NA
4/20/2013,4,682,NA
4/20/2013,7,681,NA
4/20/2013,10,676,NA
4/20/2013,13,668,NA
4/20/2013,16,657,NA
4/20/2013,19,648,NA
4/20/2013,22,652,669
4/21/2013,1,656,NA
4/21/2013,4,661,NA
4/21/2013,7,664,NA
4/21/2013,10,670,NA
4/21/2013,13,674,NA
4/21/2013,16,677,NA
4/21/2013,19,679,NA
4/21/2013,22,682,670
4/22/2013,1,684,NA
4/22/2013,4,687,NA
4/22/2013,7,688,NA
4/22/2013,10,685,NA
4/22/2013,13,680,NA
4/22/2013,16,677,NA
4/22/2013,19,674,NA
4/22/2013,22,671,681
4/23/2013,1,672,NA
4/23/2013,4,675,NA
4/23/2013,7,676,NA
4/23/2013,10,680,NA
4/23/2013,13,688,NA
4/23/2013,16,699,NA
4/23/2013,19,708,NA
4/23/2013,22,719,690
4/24/2013,1,725,NA
4/24/2013,4,729,NA
4/24/2013,7,732,NA
4/24/2013,10,730,NA
4/24/2013,13,727,NA
4/24/2013,16,725,NA
4/24/2013,19,723,NA
4/24/2013,22,723,727
4/25/2013,1,728,NA
4/25/2013,4,735,NA
4/25/2013,7,738,NA
4/25/2013,10,739,NA
4/25/2013,13,737,NA
4/25/2013,16,734,NA
4/25/2013,19,734,NA
4/25/2013,22,736,735
4/26/2013,1,740,NA
4/26/2013,4,743,NA
4/26/2013,7,744,NA
4/26/2013,10,735,NA
4/26/2013,13,725,NA
4/26/2013,16,718,NA
4/26/2013,19,710,NA
4/26/2013,22,705,728
4/27/2013,1,699,NA
4/27/2013,4,696,NA
4/27/2013,7,693,NA
4/27/2013,10,689,NA
4/27/2013,13,687,NA
4/27/2013,16,686,NA
4/27/2013,19,684,NA
4/27/2013,22,681,689
4/28/2013,1,682,NA
4/28/2013,4,684,NA
4/28/2013,7,685,NA
4/28/2013,10,676,NA
4/28/2013,13,670,NA
4/28/2013,16,666,NA
4/28/2013,19,663,NA
4/28/2013,22,663,674
4/29/2013,1,661,NA
4/29/2013,4,658,NA
4/29/2013,7,656,NA
4/29/2013,10,652,NA
4/29/2013,13,644,NA
4/29/2013,16,635,NA
4/29/2013,19,630,NA
4/29/2013,22,627,645
4/30/2013,1,626,NA
4/30/2013,4,625,NA
4/30/2013,7,625,NA
4/30/2013,10,623,NA
4/30/2013,13,620,NA
4/30/2013,16,616,NA
4/30/2013,19,611,NA
4/30/2013,22,608,619
5/1/2013,1,604,NA
5/1/2013,4,610,NA
5/1/2013,7,620,NA
5/1/2013,10,628.5,NA
5/1/2013,13,634,NA
5/1/2013,16,638,NA
5/1/2013,19,640,NA
5/1/2013,22,641.5,NA
5/2/2013,1,643,NA
5/2/2013,4,651.5,NA
5/2/2013,7,667,NA
5/2/2013,10,683,NA
5/2/2013,13,690,NA
5/2/2013,16,690,NA
5/2/2013,19,687,NA
5/2/2013,22,698.5,NA
5/3/2013,1,718,NA
5/3/2013,4,734.3333333,NA
5/3/2013,7,760.3333333,NA
5/3/2013,10,771,NA
5/3/2013,13,771,NA
5/3/2013,16,783.3333333,NA
5/3/2013,19,800.6666667,NA
5/3/2013,22,813.25,NA
5/4/2013,1,824,NA
5/4/2013,4,826.5,NA
5/4/2013,7,828,NA
5/4/2013,10,831.5,NA
5/4/2013,13,835,NA
5/4/2013,16,830,NA
5/4/2013,19,826,NA
5/4/2013,22,825,NA
5/5/2013,1,827,NA
5/5/2013,4,824,NA
5/5/2013,7,819,NA
5/5/2013,10,806.5,NA
5/5/2013,13,797,NA
5/5/2013,16,800.5,NA
5/5/2013,19,806,NA
5/5/2013,22,805.5,NA
5/6/2013,1,800,NA
5/6/2013,4,788.5,NA
5/6/2013,7,776,NA
5/6/2013,10,754,NA
5/6/2013,13,737,NA
5/6/2013,16,731,NA
5/6/2013,19,735,NA
5/6/2013,22,750.5,NA
5/7/2013,1,762,NA
5/7/2013,4,762.5,NA
5/7/2013,7,753,NA
5/7/2013,10,746.5,NA
5/7/2013,13,744,NA
5/7/2013,16,748.5,NA
5/7/2013,19,759,NA
5/7/2013,22,772.5,NA
5/8/2013,1,781,NA
5/8/2013,4,784,NA
5/8/2013,7,787,NA
5/8/2013,10,782.5,NA
5/8/2013,13,780,NA
5/8/2013,16,797,NA
5/8/2013,19,810,NA
5/8/2013,22,815,NA
5/9/2013,1,817,NA
5/9/2013,4,813.5,NA
5/9/2013,7,810,NA
5/9/2013,10,803,NA
5/9/2013,13,799,NA
5/9/2013,16,807,NA
5/9/2013,19,821,NA
5/9/2013,22,825,NA
5/10/2013,1,828,NA
5/10/2013,4,820,NA
5/10/2013,7,807,NA
5/10/2013,10,794,NA
5/10/2013,13,783,NA
5/10/2013,16,782.5,NA
5/10/2013,19,793,NA
5/10/2013,22,801,NA
5/11/2013,1,805,NA
5/11/2013,4,796.5,NA
5/11/2013,7,785,NA
5/11/2013,10,775.5,NA
5/11/2013,13,770,NA
5/11/2013,16,779,NA
5/11/2013,19,790,NA
5/11/2013,22,792.5,NA
5/12/2013,1,789,NA
5/12/2013,4,781,NA
5/12/2013,7,773,NA
5/12/2013,10,762,NA
5/12/2013,13,752,NA
5/12/2013,16,743,NA
5/12/2013,19,739,NA
5/12/2013,22,734,NA
5/13/2013,1,730,NA
5/13/2013,4,726,NA
5/13/2013,7,721,NA
5/13/2013,10,711.5,NA
5/13/2013,13,706,NA
5/13/2013,16,713,NA
5/13/2013,19,723,NA
5/13/2013,22,730,NA
5/14/2013,1,730,NA
5/14/2013,4,728.5,NA
5/14/2013,7,726,NA
5/14/2013,10,722,NA
5/14/2013,13,714,NA
5/14/2013,16,717.5,NA
5/14/2013,19,721,NA
5/14/2013,22,723.5,NA
5/15/2013,1,722,NA
5/15/2013,4,722.5,NA
5/15/2013,7,731,NA
5/15/2013,10,731,NA
5/15/2013,13,731,NA
5/15/2013,16,740,NA
5/15/2013,19,746,NA
5/15/2013,22,748,NA
5/16/2013,1,744,NA
5/16/2013,4,754,NA
5/16/2013,7,765,NA
5/16/2013,10,771,NA
5/16/2013,13,766,NA
5/16/2013,16,762,NA
5/16/2013,19,760,NA
5/16/2013,22,765.5,NA
5/17/2013,1,769,NA
5/17/2013,4,781.5,NA
5/17/2013,7,793,NA
5/17/2013,10,801.5,NA
5/17/2013,13,806,NA
5/17/2013,16,827,NA
5/17/2013,19,838,NA
5/17/2013,22,841,NA
5/18/2013,1,835,NA
5/18/2013,4,829,NA
5/18/2013,7,823,NA
5/18/2013,10,820.5,NA
5/18/2013,13,819,NA
5/18/2013,16,819,NA
5/18/2013,19,817,NA
5/18/2013,22,812,NA
5/19/2013,1,808,NA
5/19/2013,4,804,NA
5/19/2013,7,802,NA
5/19/2013,10,805.5,NA
5/19/2013,13,809,NA
5/19/2013,16,809,NA
5/19/2013,19,809,NA
5/19/2013,22,806,NA
5/20/2013,1,804,NA
5/20/2013,4,801.5,NA
5/20/2013,7,801,NA
5/20/2013,10,793,NA
5/20/2013,13,785,NA
5/20/2013,16,783,NA
5/20/2013,19,783,NA
5/20/2013,22,786,NA
5/21/2013,1,791,NA
5/21/2013,4,789,NA
5/21/2013,7,786,NA
5/21/2013,10,793.5,NA
5/21/2013,13,799,NA
5/21/2013,16,804.5,NA
5/21/2013,19,808,NA
5/21/2013,22,804,NA
5/22/2013,1,800,NA
5/22/2013,4,810,NA
5/22/2013,7,828,NA
5/22/2013,10,852.5,NA
5/22/2013,13,867,NA
5/22/2013,16,877,NA
5/22/2013,19,884,NA
5/22/2013,22,890,NA
5/23/2013,1,888,NA
5/23/2013,4,884.5,NA
5/23/2013,7,881,NA
5/23/2013,10,874,NA
5/23/2013,13,867,NA
5/23/2013,16,862,NA
5/23/2013,19,857,NA
5/23/2013,22,856,NA
5/24/2013,1,855,NA
5/24/2013,4,860,NA
5/24/2013,7,865,NA
5/24/2013,10,873,NA
5/24/2013,13,878,NA
5/24/2013,16,881,NA
5/24/2013,19,882,NA
5/24/2013,22,876,NA
5/25/2013,1,872,NA
5/25/2013,4,871,NA
5/25/2013,7,870,NA
5/25/2013,10,868.5,NA
5/25/2013,13,867,NA
5/25/2013,16,864,NA
5/25/2013,19,863,NA
5/25/2013,22,858.5,NA
5/26/2013,1,855,NA
5/26/2013,4,851,NA
5/26/2013,7,848,NA
5/26/2013,10,846,NA
5/26/2013,13,845,NA
5/26/2013,16,844.5,NA
5/26/2013,19,849,NA
5/26/2013,22,848.5,NA
5/27/2013,1,838,NA
5/27/2013,4,834.5,NA
5/27/2013,7,832,NA
5/27/2013,10,831,NA
5/27/2013,13,827,NA
5/27/2013,16,826,NA
5/27/2013,19,829,NA
5/27/2013,22,833,NA
5/28/2013,1,837,NA
5/28/2013,4,840,NA
5/28/2013,7,843,NA
5/28/2013,10,848,NA
5/28/2013,13,849,NA
5/28/2013,16,849,NA
5/28/2013,19,849,NA
5/28/2013,22,850.5,NA
5/29/2013,1,857,NA
5/29/2013,4,862.5,NA
5/29/2013,7,868,NA
5/29/2013,10,870.5,NA
5/29/2013,13,871,NA
5/29/2013,16,863,NA
5/29/2013,19,848,NA
5/29/2013,22,833.5,NA
5/30/2013,1,825,NA
5/30/2013,4,837,NA
5/30/2013,7,852,NA
5/30/2013,10,867.5,NA
5/30/2013,13,878,NA
5/30/2013,16,889.5,NA
5/30/2013,19,907,NA
5/30/2013,22,931,NA
5/31/2013,1,948,NA
5/31/2013,4,949,NA
5/31/2013,7,950,NA
5/31/2013,10,946.5,NA
5/31/2013,13,945,NA
5/31/2013,16,945,NA
5/31/2013,19,942,NA
5/31/2013,22,933,NA
6/1/2013,1,920,NA
6/1/2013,4,910.5,NA
6/1/2013,7,902,NA
6/1/2013,10,897,NA
6/1/2013,13,894,NA
6/1/2013,16,889,NA
6/1/2013,19,885,NA
6/1/2013,22,875,NA
6/2/2013,1,863,NA
6/2/2013,4,868.5,NA
6/2/2013,7,874,NA
6/2/2013,10,877,NA
6/2/2013,13,879,NA
6/2/2013,16,890,NA
6/2/2013,19,900,NA
6/2/2013,22,916,NA
6/3/2013,1,928,NA
6/3/2013,4,938,NA
6/3/2013,7,947,NA
6/3/2013,10,944.5,NA
6/3/2013,13,947,NA
6/3/2013,16,948.5,NA
6/3/2013,19,947,NA
6/3/2013,22,942,NA
6/4/2013,1,935,NA
6/4/2013,4,925,NA
6/4/2013,7,914,NA
6/4/2013,10,904.5,NA
6/4/2013,13,896,NA
6/4/2013,16,903,NA
6/4/2013,19,905,NA
6/4/2013,22,903.5,NA
6/5/2013,1,901,NA
6/5/2013,4,903.5,NA
6/5/2013,7,910,NA
6/5/2013,10,909,NA
6/5/2013,13,909,NA
6/5/2013,16,917,NA
6/5/2013,19,923,NA
6/5/2013,22,928.5,NA
6/6/2013,1,937,NA
6/6/2013,4,942,NA
6/6/2013,7,943,NA
6/6/2013,10,937,NA
6/6/2013,13,942,NA
6/6/2013,16,961,NA
6/6/2013,19,967,NA
6/6/2013,22,972.5,NA
6/7/2013,1,974,NA
6/7/2013,4,979,NA
6/7/2013,7,983,NA
6/7/2013,10,983,NA
6/7/2013,13,981,NA
6/7/2013,16,974.5,NA
6/7/2013,19,970,NA
6/7/2013,22,960.5,NA
6/8/2013,1,951,NA
6/8/2013,4,942.5,NA
6/8/2013,7,936,NA
6/8/2013,10,930.5,NA
6/8/2013,13,923,NA
6/8/2013,16,913.5,NA
6/8/2013,19,905,NA
6/8/2013,22,895.5,NA
6/9/2013,1,890,NA
6/9/2013,4,884.5,NA
6/9/2013,7,880,NA
6/9/2013,10,875,NA
6/9/2013,13,871,NA
6/9/2013,16,867,NA
6/9/2013,19,864,NA
6/9/2013,22,860.5,NA
6/10/2013,1,857,NA
6/10/2013,4,856,NA
6/10/2013,7,856,NA
6/10/2013,10,860.5,NA
6/10/2013,13,870,NA
6/10/2013,16,870,NA
6/10/2013,19,870,NA
6/10/2013,22,871,NA
6/11/2013,1,875,NA
6/11/2013,4,893,NA
6/11/2013,7,918,NA
6/11/2013,10,931,NA
6/11/2013,13,935,NA
6/11/2013,16,935,NA
6/11/2013,19,936,NA
6/11/2013,22,944.5,NA
6/12/2013,1,957,NA
6/12/2013,4,951,NA
6/12/2013,7,945,NA
6/12/2013,10,945.5,NA
6/12/2013,13,949,NA
6/12/2013,16,953,NA
6/12/2013,19,956,NA
6/12/2013,22,956,NA
6/13/2013,1,957,NA
6/13/2013,4,952,NA
6/13/2013,7,948,NA
6/13/2013,10,941.5,NA
6/13/2013,13,940,NA
6/13/2013,16,940,NA
6/13/2013,19,940,NA
6/13/2013,22,943.5,NA
6/14/2013,1,946,NA
6/14/2013,4,937,NA
6/14/2013,7,926,NA
6/14/2013,10,911.5,NA
6/14/2013,13,906,NA
6/14/2013,16,900.5,NA
6/14/2013,19,898,NA
6/14/2013,22,894,NA
6/15/2013,1,890,NA
6/15/2013,4,887,NA
6/15/2013,7,886,NA
6/15/2013,10,883,NA
6/15/2013,13,879,NA
6/15/2013,16,876.5,NA
6/15/2013,19,875,NA
6/15/2013,22,870,NA
6/16/2013,1,865,NA
6/16/2013,4,866,NA
6/16/2013,7,871,NA
6/16/2013,10,865.5,NA
6/16/2013,13,859,NA
6/16/2013,16,858,NA
6/16/2013,19,862,NA
6/16/2013,22,864,NA
6/17/2013,1,860,NA
6/17/2013,4,859.5,NA
6/17/2013,7,866,NA
6/17/2013,10,861.5,NA
6/17/2013,13,858,NA
6/17/2013,16,858,NA
6/17/2013,19,858,NA
6/17/2013,22,851.5,NA
6/18/2013,1,843,NA
6/18/2013,4,834.5,NA
6/18/2013,7,831,NA
6/18/2013,10,819.5,NA
6/18/2013,13,810,NA
6/18/2013,16,801.5,NA
6/18/2013,19,794,NA
6/18/2013,22,788.5,NA
6/19/2013,1,785,NA
6/19/2013,4,785,NA
6/19/2013,7,785,NA
6/19/2013,10,792,NA
6/19/2013,13,794,NA
6/19/2013,16,798,NA
6/19/2013,19,801,NA
6/19/2013,22,805,NA
6/20/2013,1,807,NA
6/20/2013,4,808.5,NA
6/20/2013,7,811,NA
6/20/2013,10,830.5,NA
6/20/2013,13,849,NA
6/20/2013,16,857.5,NA
6/20/2013,19,863,NA
6/20/2013,22,878.5,NA
6/21/2013,1,889,NA
6/21/2013,4,904.5,NA
6/21/2013,7,918,NA
6/21/2013,10,904,NA
6/21/2013,13,893,NA
6/21/2013,16,900,NA
6/21/2013,19,909,NA
6/21/2013,22,910.5,NA
6/22/2013,1,913,NA
6/22/2013,4,907.5,NA
6/22/2013,7,901,NA
6/22/2013,10,887.5,NA
6/22/2013,13,882,NA
6/22/2013,16,885.5,NA
6/22/2013,19,891,NA
6/22/2013,22,881,NA
6/23/2013,1,872,NA
6/23/2013,4,869,NA
6/23/2013,7,868,NA
6/23/2013,10,867,NA
6/23/2013,13,865,NA
6/23/2013,16,861.5,NA
6/23/2013,19,854,NA
6/23/2013,22,846,NA
6/24/2013,1,840,NA
6/24/2013,4,824.5,NA
6/24/2013,7,809,NA
6/24/2013,10,792.5,NA
6/24/2013,13,777,NA
6/24/2013,16,772,NA
6/24/2013,19,770,NA
6/24/2013,22,776.5,NA
6/25/2013,1,789,NA
6/25/2013,4,806.5,NA
6/25/2013,7,825,NA
6/25/2013,10,834,NA
6/25/2013,13,844,NA
6/25/2013,16,858.5,NA
6/25/2013,19,873,NA
6/25/2013,22,888,NA
6/26/2013,1,897,NA
6/26/2013,4,899.5,NA
6/26/2013,7,901,NA
6/26/2013,10,892,NA
6/26/2013,13,882,NA
6/26/2013,16,892,NA
6/26/2013,19,899,NA
6/26/2013,22,904,NA
6/27/2013,1,909,NA
6/27/2013,4,915.5,NA
6/27/2013,7,910,NA
6/27/2013,10,897,NA
6/27/2013,13,889,NA
6/27/2013,16,896,NA
6/27/2013,19,906,NA
6/27/2013,22,911.5,NA
6/28/2013,1,915,NA
6/28/2013,4,916.5,NA
6/28/2013,7,920,NA
6/28/2013,10,914.5,NA
6/28/2013,13,910,NA
6/28/2013,16,919,NA
6/28/2013,19,935,NA
6/28/2013,22,945.5,NA
6/29/2013,1,951,NA
6/29/2013,4,951.5,NA
6/29/2013,7,945,NA
6/29/2013,10,937.5,NA
6/29/2013,13,926,NA
6/29/2013,16,933.5,NA
6/29/2013,19,943,NA
6/29/2013,22,946.5,NA
6/30/2013,1,950,NA
6/30/2013,4,949.5,NA
6/30/2013,7,944,NA
6/30/2013,10,927,NA
6/30/2013,13,902,NA
6/30/2013,16,906,NA
6/30/2013,19,910,NA
6/30/2013,22,917,NA
7/1/2013,1,928,NA
7/1/2013,4,944,NA
7/1/2013,7,959,NA
7/1/2013,10,959,NA
7/1/2013,13,948,NA
7/1/2013,16,941,NA
7/1/2013,19,937,NA
7/1/2013,22,933,NA
7/2/2013,1,931,NA
7/2/2013,4,931.5,NA
7/2/2013,7,939,NA
7/2/2013,10,944,NA
7/2/2013,13,947,NA
7/2/2013,16,965.5,NA
7/2/2013,19,988,NA
7/2/2013,22,1012,NA
7/3/2013,1,1037,NA
7/3/2013,4,1055.5,NA
7/3/2013,7,1065,NA
7/3/2013,10,1058.5,NA
7/3/2013,13,1050,NA
7/3/2013,16,1046,NA
7/3/2013,19,1050,NA
7/3/2013,22,1056.5,NA
7/4/2013,1,1062,NA
7/4/2013,4,1069,NA
7/4/2013,7,1076,NA
7/4/2013,10,1077.5,NA
7/4/2013,13,1078,NA
7/4/2013,16,1089.5,NA
7/4/2013,19,1095,NA
7/4/2013,22,1101,NA
7/5/2013,1,1110,NA
7/5/2013,4,1108.5,NA
7/5/2013,7,1102,NA
7/5/2013,10,1096,NA
7/5/2013,13,1091,NA
7/5/2013,16,1089,NA
7/5/2013,19,1092,NA
7/5/2013,22,1101.5,NA
7/6/2013,1,1108,NA
7/6/2013,4,1114.5,NA
7/6/2013,7,1117,NA
7/6/2013,10,1110,NA
7/6/2013,13,1105,NA
7/6/2013,16,1100,NA
7/6/2013,19,1097,NA
7/6/2013,22,1103,NA
7/7/2013,1,1110,NA
7/7/2013,4,1101.5,NA
7/7/2013,7,1090,NA
7/7/2013,10,1068.5,NA
7/7/2013,13,1054,NA
7/7/2013,16,1047,NA
7/7/2013,19,1042,NA
7/7/2013,22,1049,NA
7/8/2013,1,1066,NA
7/8/2013,4,1076,NA
7/8/2013,7,1084,NA
7/8/2013,10,1081,NA
7/8/2013,13,1077,NA
7/8/2013,16,1074,NA
7/8/2013,19,1072,NA
7/8/2013,22,1066.5,NA
7/9/2013,1,1061,NA
7/9/2013,4,1056,NA
7/9/2013,7,1050,NA
7/9/2013,10,1038.5,NA
7/9/2013,13,1032,NA
7/9/2013,16,1035,NA
7/9/2013,19,1047,NA
7/9/2013,22,1070.5,NA
7/10/2013,1,1110,NA
7/10/2013,4,1137.666667,NA
7/10/2013,7,1177.333333,NA
7/10/2013,10,1199,NA
7/10/2013,13,1214,NA
7/10/2013,16,1238.666667,NA
7/10/2013,19,1254,NA
7/10/2013,22,1278.25,NA
7/11/2013,1,1296,NA
7/11/2013,4,1302.666667,NA
7/11/2013,7,1307,NA
7/11/2013,10,1302,NA
7/11/2013,13,1294,NA
7/11/2013,16,1290.333333,NA
7/11/2013,19,1280.666667,NA
7/11/2013,22,1272.5,NA
7/12/2013,1,1275,NA
7/12/2013,4,1276.666667,NA
7/12/2013,7,1268.333333,NA
7/12/2013,10,1258.666667,NA
7/12/2013,13,1247.666667,NA
7/12/2013,16,1244,NA
7/12/2013,19,1246.333333,NA
7/12/2013,22,1250.5,NA
7/13/2013,1,1254,NA
7/13/2013,4,1247,NA
7/13/2013,7,1235,NA
7/13/2013,10,1213.5,NA
7/13/2013,13,1193,NA
7/13/2013,16,1189,NA
7/13/2013,19,1186,NA
7/13/2013,22,1185,NA
7/14/2013,1,1184,NA
7/14/2013,4,1178.5,NA
7/14/2013,7,1170,NA
7/14/2013,10,1153.5,NA
7/14/2013,13,1139,NA
7/14/2013,16,1132,NA
7/14/2013,19,1127,NA
7/14/2013,22,1124.5,NA
7/15/2013,1,1124,NA
7/15/2013,4,1120.5,NA
7/15/2013,7,1117,NA
7/15/2013,10,1101,NA
7/15/2013,13,1066,NA
7/15/2013,16,1062.5,NA
7/15/2013,19,1059,NA
7/15/2013,22,1056,NA
7/16/2013,1,1058,NA
7/16/2013,4,1060.5,NA
7/16/2013,7,1059,NA
7/16/2013,10,1057,NA
7/16/2013,13,1057,NA
7/16/2013,16,1067.5,NA
7/16/2013,19,1080,NA
7/16/2013,22,1096.5,NA
7/17/2013,1,1112,NA
7/17/2013,4,1114,NA
7/17/2013,7,1114,NA
7/17/2013,10,1107,NA
7/17/2013,13,1100,NA
7/17/2013,16,1104.5,NA
7/17/2013,19,1109,NA
7/17/2013,22,1120,NA
7/18/2013,1,1130,NA
7/18/2013,4,1133,NA
7/18/2013,7,1132,NA
7/18/2013,10,1133.5,NA
7/18/2013,13,1138,NA
7/18/2013,16,1149.5,NA
7/18/2013,19,1170,NA
7/18/2013,22,1185.5,NA
7/19/2013,1,1200,NA
7/19/2013,4,1207,NA
7/19/2013,7,1212,NA
7/19/2013,10,1212,NA
7/19/2013,13,1212,NA
7/19/2013,16,1224,NA
7/19/2013,19,1245,NA
7/19/2013,22,1271.5,NA
7/20/2013,1,1312,NA
7/20/2013,4,1321,NA
7/20/2013,7,1329.333333,NA
7/20/2013,10,1332,NA
7/20/2013,13,1332,NA
7/20/2013,16,1330,NA
7/20/2013,19,1325,NA
7/20/2013,22,1313.5,NA
7/21/2013,1,1300,NA
7/21/2013,4,1290,NA
7/21/2013,7,1280,NA
7/21/2013,10,1268.5,NA
7/21/2013,13,1260,NA
7/21/2013,16,1264,NA
7/21/2013,19,1272,NA
7/21/2013,22,1273.5,NA
7/22/2013,1,1274,NA
7/22/2013,4,1274,NA
7/22/2013,7,1274,NA
7/22/2013,10,1268,NA
7/22/2013,13,1270,NA
7/22/2013,16,1272,NA
7/22/2013,19,1264,NA
7/22/2013,22,1258.5,NA
7/23/2013,1,1255,NA
7/23/2013,4,1251,NA
7/23/2013,7,1250,NA
7/23/2013,10,1241.5,NA
7/23/2013,13,1234,NA
7/23/2013,16,1230,NA
7/23/2013,19,1227,NA
7/23/2013,22,1222,NA
7/24/2013,1,1216,NA
7/24/2013,4,1198.5,NA
7/24/2013,7,1185,NA
7/24/2013,10,1173,NA
7/24/2013,13,1164,NA
7/24/2013,16,1161.5,NA
7/24/2013,19,1163,NA
7/24/2013,22,1162,NA
7/25/2013,1,1158,NA
7/25/2013,4,1150,NA
7/25/2013,7,1144,NA
7/25/2013,10,1132,NA
7/25/2013,13,1121,NA
7/25/2013,16,1115.5,NA
7/25/2013,19,1112,NA
7/25/2013,22,1109,NA
7/26/2013,1,1106,NA
7/26/2013,4,1101,NA
7/26/2013,7,1095,NA
7/26/2013,10,1088,NA
7/26/2013,13,1081,NA
7/26/2013,16,1071,NA
7/26/2013,19,1063,NA
7/26/2013,22,1061,NA
7/27/2013,1,1064,NA
7/27/2013,4,1064,NA
7/27/2013,7,1055,NA
7/27/2013,10,1049.5,NA
7/27/2013,13,1045,NA
7/27/2013,16,1053,NA
7/27/2013,19,1063,NA
7/27/2013,22,1070.5,NA
7/28/2013,1,1077,NA
7/28/2013,4,1074,NA
7/28/2013,7,1071,NA
7/28/2013,10,1069.5,NA
7/28/2013,13,1069,NA
7/28/2013,16,1073,NA
7/28/2013,19,1080,NA
7/28/2013,22,1088,NA
7/29/2013,1,1094,NA
7/29/2013,4,1111.666667,NA
7/29/2013,7,1129.333333,NA
7/29/2013,10,1144.666667,NA
7/29/2013,13,1153.666667,NA
7/29/2013,16,1160.666667,NA
7/29/2013,19,1164,NA
7/29/2013,22,1168.25,NA
7/30/2013,1,1171,NA
7/30/2013,4,1180,NA
7/30/2013,7,1193,NA
7/30/2013,10,1205.5,NA
7/30/2013,13,1217,NA
7/30/2013,16,1231,NA
7/30/2013,19,1242,NA
7/30/2013,22,1249,NA
7/31/2013,1,1254,NA
7/31/2013,4,1266.5,NA
7/31/2013,7,1275,NA
7/31/2013,10,1283,NA
7/31/2013,13,1287,NA
7/31/2013,16,1287,NA
7/31/2013,19,1287,NA
7/31/2013,22,1282,NA
8/1/2013,1,1275,NA
8/1/2013,4,1265,NA
8/1/2013,7,1258,NA
8/1/2013,10,1250,NA
8/1/2013,13,1242,NA
8/1/2013,16,1233,NA
8/1/2013,19,1226,NA
8/1/2013,22,1217.5,NA
8/2/2013,1,1211,NA
8/2/2013,4,1206.5,NA
8/2/2013,7,1203,NA
8/2/2013,10,1198.5,NA
8/2/2013,13,1194,NA
8/2/2013,16,1191.5,NA
8/2/2013,19,1197,NA
8/2/2013,22,1199.5,NA
8/3/2013,1,1201,NA
8/3/2013,4,1196,NA
8/3/2013,7,1190,NA
8/3/2013,10,1184.5,NA
8/3/2013,13,1184,NA
8/3/2013,16,1187,NA
8/3/2013,19,1190,NA
8/3/2013,22,1201.5,NA
8/4/2013,1,1230,NA
8/4/2013,4,1256.333333,NA
8/4/2013,7,1292.333333,NA
8/4/2013,10,1316.666667,NA
8/4/2013,13,1341.666667,NA
8/4/2013,16,1361,NA
8/4/2013,19,1372,NA
8/4/2013,22,1379,NA
8/5/2013,1,1385,NA
8/5/2013,4,1381.333333,NA
8/5/2013,7,1364,NA
8/5/2013,10,1342.333333,NA
8/5/2013,13,1335,NA
8/5/2013,16,1338.666667,NA
8/5/2013,19,1342,NA
8/5/2013,22,1345.5,NA
8/6/2013,1,1348,NA
8/6/2013,4,1339,NA
8/6/2013,7,1330,NA
8/6/2013,10,1314.5,NA
8/6/2013,13,1302,NA
8/6/2013,16,1299,NA
8/6/2013,19,1297,NA
8/6/2013,22,1285.5,NA
8/7/2013,1,1273,NA
8/7/2013,4,1254,NA
8/7/2013,7,1243,NA
8/7/2013,10,1224,NA
8/7/2013,13,1212,NA
8/7/2013,16,1208,NA
8/7/2013,19,1205,NA
8/7/2013,22,1202.5,NA
8/8/2013,1,1201,NA
8/8/2013,4,1192.5,NA
8/8/2013,7,1181,NA
8/8/2013,10,1173,NA
8/8/2013,13,1168,NA
8/8/2013,16,1171.5,NA
8/8/2013,19,1180,NA
8/8/2013,22,1191,NA
8/9/2013,1,1202,NA
8/9/2013,4,1210.5,NA
8/9/2013,7,1216,NA
8/9/2013,10,1228,NA
8/9/2013,13,1239,NA
8/9/2013,16,1249.5,NA
8/9/2013,19,1262,NA
8/9/2013,22,1277.5,NA
8/10/2013,1,1289,NA
8/10/2013,4,1292,NA
8/10/2013,7,1294,NA
8/10/2013,10,1287.5,NA
8/10/2013,13,1280,NA
8/10/2013,16,1271,NA
8/10/2013,19,1266,NA
8/10/2013,22,1255,NA
8/11/2013,1,1246,NA
8/11/2013,4,1238,NA
8/11/2013,7,1230,NA
8/11/2013,10,1223,NA
8/11/2013,13,1213,NA
8/11/2013,16,1209,NA
8/11/2013,19,1206,NA
8/11/2013,22,1206,NA
8/12/2013,1,1204,NA
8/12/2013,4,1204,NA
8/12/2013,7,1208,NA
8/12/2013,10,1204.5,NA
8/12/2013,13,1201,NA
8/12/2013,16,1198,NA
8/12/2013,19,1198,NA
8/12/2013,22,1197.5,NA
8/13/2013,1,1195,NA
8/13/2013,4,1191.5,NA
8/13/2013,7,1186,NA
8/13/2013,10,1178.5,NA
8/13/2013,13,1170,NA
8/13/2013,16,1172.5,NA
8/13/2013,19,1184,NA
8/13/2013,22,1191,NA
8/14/2013,1,1196,NA
8/14/2013,4,1199,NA
8/14/2013,7,1195,NA
8/14/2013,10,1192.5,NA
8/14/2013,13,1190,NA
8/14/2013,16,1180.5,NA
8/14/2013,19,1169,NA
8/14/2013,22,1153,NA
8/15/2013,1,1141,NA
8/15/2013,4,1129.5,NA
8/15/2013,7,1117,NA
8/15/2013,10,1105,NA
8/15/2013,13,1097,NA
8/15/2013,16,1088,NA
8/15/2013,19,1080,NA
8/15/2013,22,1074,NA
8/16/2013,1,1067,NA
8/16/2013,4,1060,NA
8/16/2013,7,1054,NA
8/16/2013,10,1050,NA
8/16/2013,13,1047,NA
8/16/2013,16,1043.5,NA
8/16/2013,19,1040,NA
8/16/2013,22,1037,NA
8/17/2013,1,1035,NA
8/17/2013,4,1033.5,NA
8/17/2013,7,1032,NA
8/17/2013,10,1028,NA
8/17/2013,13,1025,NA
8/17/2013,16,1022.5,NA
8/17/2013,19,1021,NA
8/17/2013,22,1017,NA
8/18/2013,1,1013,NA
8/18/2013,4,1011.5,NA
8/18/2013,7,1009,NA
8/18/2013,10,1014.5,NA
8/18/2013,13,1018,NA
8/18/2013,16,1017.5,NA
8/18/2013,19,1015,NA
8/18/2013,22,1014.5,NA
8/19/2013,1,1014,NA
8/19/2013,4,1014.5,NA
8/19/2013,7,1016,NA
8/19/2013,10,1013.5,NA
8/19/2013,13,1013,NA
8/19/2013,16,1016,NA
8/19/2013,19,1019,NA
8/19/2013,22,1021.5,NA
8/20/2013,1,1022,NA
8/20/2013,4,1018.5,NA
8/20/2013,7,1014,NA
8/20/2013,10,1011.5,NA
8/20/2013,13,1010,NA
8/20/2013,16,1015.5,NA
8/20/2013,19,1022,NA
8/20/2013,22,1025.5,NA
8/21/2013,1,1029,NA
8/21/2013,4,1023.5,NA
8/21/2013,7,1017,NA
8/21/2013,10,1014.5,NA
8/21/2013,13,1013,NA
8/21/2013,16,1022,NA
8/21/2013,19,1033,NA
8/21/2013,22,1042.5,NA
8/22/2013,1,1048,NA
8/22/2013,4,1041.5,NA
8/22/2013,7,1036,NA
8/22/2013,10,1036,NA
8/22/2013,13,1034,NA
8/22/2013,16,1043.5,NA
8/22/2013,19,1050,NA
8/22/2013,22,1054,NA
8/23/2013,1,1057,NA
8/23/2013,4,1055,NA
8/23/2013,7,1048,NA
8/23/2013,10,1040,NA
8/23/2013,13,1037,NA
8/23/2013,16,1039.5,NA
8/23/2013,19,1049,NA
8/23/2013,22,1053,NA
8/24/2013,1,1055,NA
8/24/2013,4,1044,NA
8/24/2013,7,1031,NA
8/24/2013,10,1027,NA
8/24/2013,13,1022,NA
8/24/2013,16,1026,NA
8/24/2013,19,1031,NA
8/24/2013,22,1032.5,NA
8/25/2013,1,1035,NA
8/25/2013,4,1035.5,NA
8/25/2013,7,1031,NA
8/25/2013,10,1040.5,NA
8/25/2013,13,1055,NA
8/25/2013,16,1069.5,NA
8/25/2013,19,1081,NA
8/25/2013,22,1099.5,NA
8/26/2013,1,1114,NA
8/26/2013,4,1125.333333,NA
8/26/2013,7,1140.333333,NA
8/26/2013,10,1151.333333,NA
8/26/2013,13,1161.666667,NA
8/26/2013,16,1172.333333,NA
8/26/2013,19,1182,NA
8/26/2013,22,1186.75,NA
8/27/2013,1,1187,NA
8/27/2013,4,1183.5,NA
8/27/2013,7,1179,NA
8/27/2013,10,1171,NA
8/27/2013,13,1166,NA
8/27/2013,16,1162,NA
8/27/2013,19,1156,NA
8/27/2013,22,1150,NA
8/28/2013,1,1143,NA
8/28/2013,4,1131.5,NA
8/28/2013,7,1120,NA
8/28/2013,10,1105.5,NA
8/28/2013,13,1099,NA
8/28/2013,16,1093.5,NA
8/28/2013,19,1090,NA
8/28/2013,22,1085.5,NA
8/29/2013,1,1080,NA
8/29/2013,4,1071.5,NA
8/29/2013,7,1063,NA
8/29/2013,10,1054,NA
8/29/2013,13,1048,NA
8/29/2013,16,1045.5,NA
8/29/2013,19,1045,NA
8/29/2013,22,1043.5,NA
8/30/2013,1,1042,NA
8/30/2013,4,1032.5,NA
8/30/2013,7,1024,NA
8/30/2013,10,1015,NA
8/30/2013,13,1005,NA
8/30/2013,16,1010,NA
8/30/2013,19,1019,NA
8/30/2013,22,1038,NA
8/31/2013,1,1055,NA
8/31/2013,4,1061.5,NA
8/31/2013,7,1066,NA
8/31/2013,10,1057.5,NA
8/31/2013,13,1048,NA
8/31/2013,16,1062.5,NA
8/31/2013,19,1088,NA
8/31/2013,22,1110.5,NA
9/1/2013,1,1128,NA
9/1/2013,4,1130.5,NA
9/1/2013,7,1132,NA
9/1/2013,10,1123,NA
9/1/2013,13,1112,NA
9/1/2013,16,1107,NA
9/1/2013,19,1113,NA
9/1/2013,22,1118.5,NA
9/2/2013,1,1120,NA
9/2/2013,4,1113,NA
9/2/2013,7,1103,NA
9/2/2013,10,1088,NA
9/2/2013,13,1077,NA
9/2/2013,16,1067,NA
9/2/2013,19,1061,NA
9/2/2013,22,1058,NA
9/3/2013,1,1055,NA
9/3/2013,4,1044.5,NA
9/3/2013,7,1032,NA
9/3/2013,10,1021.5,NA
9/3/2013,13,1015,NA
9/3/2013,16,1017.5,NA
9/3/2013,19,1018,NA
9/3/2013,22,1016,NA
9/4/2013,1,1012,NA
9/4/2013,4,1008.5,NA
9/4/2013,7,1007,NA
9/4/2013,10,1012.5,NA
9/4/2013,13,1028,NA
9/4/2013,16,1052.5,NA
9/4/2013,19,1077,NA
9/4/2013,22,1099,NA
9/5/2013,1,1118,NA
9/5/2013,4,1127,NA
9/5/2013,7,1132,NA
9/5/2013,10,1157,NA
9/5/2013,13,1180,NA
9/5/2013,16,1203.5,NA
9/5/2013,19,1223,NA
9/5/2013,22,1245,NA
9/6/2013,1,1269,NA
9/6/2013,4,1281.333333,NA
9/6/2013,7,1299.333333,NA
9/6/2013,10,1310.666667,NA
9/6/2013,13,1313.666667,NA
9/6/2013,16,1307,NA
9/6/2013,19,1297.666667,NA
9/6/2013,22,1284,NA
9/7/2013,1,1274,NA
9/7/2013,4,1265,NA
9/7/2013,7,1248.333333,NA
9/7/2013,10,1227.666667,NA
9/7/2013,13,1206,NA
9/7/2013,16,1186.333333,NA
9/7/2013,19,1165.666667,NA
9/7/2013,22,1147.25,NA
9/8/2013,1,1133,NA
9/8/2013,4,1126.5,NA
9/8/2013,7,1121,NA
9/8/2013,10,1110.5,NA
9/8/2013,13,1095,NA
9/8/2013,16,1079.5,NA
9/8/2013,19,1064,NA
9/8/2013,22,1051.5,NA
9/9/2013,1,1040,NA
9/9/2013,4,1045.5,NA
9/9/2013,7,1052,NA
9/9/2013,10,1052.5,NA
9/9/2013,13,1047,NA
9/9/2013,16,1050.5,NA
9/9/2013,19,1055,NA
9/9/2013,22,1071,NA
9/10/2013,1,1084,NA
9/10/2013,4,1095.5,NA
9/10/2013,7,1104,NA
9/10/2013,10,1103,NA
9/10/2013,13,1096,NA
9/10/2013,16,1085,NA
9/10/2013,19,1077,NA
9/10/2013,22,1071.5,NA
9/11/2013,1,1066,NA
9/11/2013,4,1066,NA
9/11/2013,7,1066,NA
9/11/2013,10,1050.5,NA
9/11/2013,13,1038,NA
9/11/2013,16,1029.5,NA
9/11/2013,19,1023,NA
9/11/2013,22,1018,NA
9/12/2013,1,1013,NA
9/12/2013,4,1007.5,NA
9/12/2013,7,1003,NA
9/12/2013,10,990,NA
9/12/2013,13,983,NA
9/12/2013,16,973,NA
9/12/2013,19,966,NA
9/12/2013,22,959.5,NA
9/13/2013,1,955,NA
9/13/2013,4,967,NA
9/13/2013,7,980,NA
9/13/2013,10,995.5,NA
9/13/2013,13,1003,NA
9/13/2013,16,1012.5,NA
9/13/2013,19,1021,NA
9/13/2013,22,1030.5,NA
9/14/2013,1,1040,NA
9/14/2013,4,1047.5,NA
9/14/2013,7,1054,NA
9/14/2013,10,1056.5,NA
9/14/2013,13,1058,NA
9/14/2013,16,1054.5,NA
9/14/2013,19,1048,NA
9/14/2013,22,1048.5,NA
9/15/2013,1,1057,NA
9/15/2013,4,1057.5,NA
9/15/2013,7,1049,NA
9/15/2013,10,1045.5,NA
9/15/2013,13,1045,NA
9/15/2013,16,1050.5,NA
9/15/2013,19,1055,NA
9/15/2013,22,1049.5,NA
9/16/2013,1,1042,NA
9/16/2013,4,1035,NA
9/16/2013,7,1028,NA
9/16/2013,10,1013,NA
9/16/2013,13,1000,NA
9/16/2013,16,994,NA
9/16/2013,19,989,NA
9/16/2013,22,986,NA
9/17/2013,1,983,NA
9/17/2013,4,975,NA
9/17/2013,7,966,NA
9/17/2013,10,956.5,NA
9/17/2013,13,950,NA
9/17/2013,16,932.5,NA
9/17/2013,19,909,NA
9/17/2013,22,895,NA
9/18/2013,1,887,NA
9/18/2013,4,878,NA
9/18/2013,7,870,NA
9/18/2013,10,870,NA
9/18/2013,13,878,NA
9/18/2013,16,897,NA
9/18/2013,19,917,NA
9/18/2013,22,929,NA
9/19/2013,1,937,NA
9/19/2013,4,947,NA
9/19/2013,7,958,NA
9/19/2013,10,961,NA
9/19/2013,13,962,NA
9/19/2013,16,962,NA
9/19/2013,19,962,NA
9/19/2013,22,956.5,NA
9/20/2013,1,950,NA
9/20/2013,4,936.5,NA
9/20/2013,7,918,NA
9/20/2013,10,905.5,NA
9/20/2013,13,897,NA
9/20/2013,16,888,NA
9/20/2013,19,881,NA
9/20/2013,22,877,NA
9/21/2013,1,874,NA
9/21/2013,4,879,NA
9/21/2013,7,884,NA
9/21/2013,10,892.5,NA
9/21/2013,13,900,NA
9/21/2013,16,917.5,NA
9/21/2013,19,931,NA
9/21/2013,22,933.5,NA
9/22/2013,1,934,NA
9/22/2013,4,929.5,NA
9/22/2013,7,922,NA
9/22/2013,10,917,NA
9/22/2013,13,914,NA
9/22/2013,16,908,NA
9/22/2013,19,903,NA
9/22/2013,22,896.5,NA
9/23/2013,1,892,NA
9/23/2013,4,900,NA
9/23/2013,7,910,NA
9/23/2013,10,915.5,NA
9/23/2013,13,921,NA
9/23/2013,16,932,NA
9/23/2013,19,944,NA
9/23/2013,22,949.5,NA
9/24/2013,1,954,NA
9/24/2013,4,946,NA
9/24/2013,7,933,NA
9/24/2013,10,925,NA
9/24/2013,13,919,NA
9/24/2013,16,915,NA
9/24/2013,19,913,NA
9/24/2013,22,911,NA
9/25/2013,1,907,NA
9/25/2013,4,914.5,NA
9/25/2013,7,927,NA
9/25/2013,10,935,NA
9/25/2013,13,940,NA
9/25/2013,16,931.5,NA
9/25/2013,19,921,NA
9/25/2013,22,915,NA
9/26/2013,1,910,NA
9/26/2013,4,905.5,NA
9/26/2013,7,902,NA
9/26/2013,10,890,NA
9/26/2013,13,880,NA
9/26/2013,16,876,NA
9/26/2013,19,873,NA
9/26/2013,22,868.5,NA
9/27/2013,1,863,NA
9/27/2013,4,868.5,NA
9/27/2013,7,876,NA
9/27/2013,10,880,NA
9/27/2013,13,883,NA
9/27/2013,16,884.5,NA
9/27/2013,19,885,NA
9/27/2013,22,878.5,NA
9/28/2013,1,873,NA
9/28/2013,4,871.5,NA
9/28/2013,7,870,NA
9/28/2013,10,866.5,NA
9/28/2013,13,862,NA
9/28/2013,16,862,NA
9/28/2013,19,862,NA
9/28/2013,22,859,NA
9/29/2013,1,856,NA
9/29/2013,4,853.5,NA
9/29/2013,7,851,NA
9/29/2013,10,841.5,NA
9/29/2013,13,834,NA
9/29/2013,16,826,NA
9/29/2013,19,819,NA
9/29/2013,22,814.5,NA
9/30/2013,1,810,NA
9/30/2013,4,814.5,NA
9/30/2013,7,820,NA
9/30/2013,10,829.5,NA
9/30/2013,13,838,NA
9/30/2013,16,846,NA
9/30/2013,19,856,NA
9/30/2013,22,856.5,NA
10/1/2013,1,850,NA
10/1/2013,4,846.5,NA
10/1/2013,7,843,NA
10/1/2013,10,836,NA
10/1/2013,13,833,NA
10/1/2013,16,830.5,NA
10/1/2013,19,832,NA
10/1/2013,22,834.5,NA
10/2/2013,1,836,NA
10/2/2013,4,828,NA
10/2/2013,7,814,NA
10/2/2013,10,811,NA
10/2/2013,13,809,NA
10/2/2013,16,801,NA
10/2/2013,19,794,NA
10/2/2013,22,791.5,NA
10/3/2013,1,789,NA
10/3/2013,4,794,NA
10/3/2013,7,799,NA
10/3/2013,10,801,NA
10/3/2013,13,801,NA
10/3/2013,16,796.5,NA
10/3/2013,19,795,NA
10/3/2013,22,792,NA
10/4/2013,1,790,NA
10/4/2013,4,790,NA
10/4/2013,7,790,NA
10/4/2013,10,790,NA
10/4/2013,13,790,NA
10/4/2013,16,790.5,NA
10/4/2013,19,793,NA
10/4/2013,22,793.5,NA
10/5/2013,1,788,NA
10/5/2013,4,795.5,NA
10/5/2013,7,806,NA
10/5/2013,10,814.5,NA
10/5/2013,13,820,NA
10/5/2013,16,813,NA
10/5/2013,19,803,NA
10/5/2013,22,800,NA
10/6/2013,1,797,NA
10/6/2013,4,793.5,NA
10/6/2013,7,789,NA
10/6/2013,10,785,NA
10/6/2013,13,784,NA
10/6/2013,16,776,NA
10/6/2013,19,760,NA
10/6/2013,22,743,NA
10/7/2013,1,730,NA
10/7/2013,4,726,NA
10/7/2013,7,725,NA
10/7/2013,10,722,NA
10/7/2013,13,716,NA
10/7/2013,16,713.5,NA
10/7/2013,19,712,NA
10/7/2013,22,718.5,NA
10/8/2013,1,730,NA
10/8/2013,4,736,NA
10/8/2013,7,733,NA
10/8/2013,10,729,NA
10/8/2013,13,726,NA
10/8/2013,16,712,NA
10/8/2013,19,702,NA
10/8/2013,22,716,NA
10/9/2013,1,740,NA
10/9/2013,4,747,NA
10/9/2013,7,753,NA
10/9/2013,10,757,NA
10/9/2013,13,760,NA
10/9/2013,16,756,NA
10/9/2013,19,750,NA
10/9/2013,22,732.5,NA
10/10/2013,1,721,NA
10/10/2013,4,709,NA
10/10/2013,7,697,NA
10/10/2013,10,720.5,NA
10/10/2013,13,745,NA
10/10/2013,16,747,NA
10/10/2013,19,734,NA
10/10/2013,22,725.5,NA
10/11/2013,1,720,NA
10/11/2013,4,728,NA
10/11/2013,7,735,NA
10/11/2013,10,737.5,NA
10/11/2013,13,738,NA
10/11/2013,16,732.5,NA
10/11/2013,19,728,NA
10/11/2013,22,724.5,NA
10/12/2013,1,719,NA
10/12/2013,4,714,NA
10/12/2013,7,707,NA
10/12/2013,10,712.5,NA
10/12/2013,13,721,NA
10/12/2013,16,731,NA
10/12/2013,19,738,NA
10/12/2013,22,742,NA
10/13/2013,1,740,NA
10/13/2013,4,738.5,NA
10/13/2013,7,737,NA
10/13/2013,10,735.5,NA
10/13/2013,13,735,NA
10/13/2013,16,733,NA
10/13/2013,19,730,NA
10/13/2013,22,735,NA
10/14/2013,1,742,NA
10/14/2013,4,752.5,NA
10/14/2013,7,761,NA
10/14/2013,10,769,NA
10/14/2013,13,776,NA
10/14/2013,16,772.5,NA
10/14/2013,19,768,NA
10/14/2013,22,763,NA
10/15/2013,1,759,NA
10/15/2013,4,767.5,NA
10/15/2013,7,784,NA
10/15/2013,10,786.5,NA
10/15/2013,13,787,NA
10/15/2013,16,783,NA
10/15/2013,19,778,NA
10/15/2013,22,775.5,NA
10/16/2013,1,773,NA
10/16/2013,4,768.5,NA
10/16/2013,7,765,NA
10/16/2013,10,763.5,NA
10/16/2013,13,761,NA
10/16/2013,16,760,NA
10/16/2013,19,760,NA
10/16/2013,22,755,NA
10/17/2013,1,751,NA
10/17/2013,4,757,NA
10/17/2013,7,766,NA
10/17/2013,10,769.5,NA
10/17/2013,13,771,NA
10/17/2013,16,772,NA
10/17/2013,19,773,NA
10/17/2013,22,773.5,NA
10/18/2013,1,766,NA
10/18/2013,4,754,NA
10/18/2013,7,740,NA
10/18/2013,10,734,NA
10/18/2013,13,730,NA
10/18/2013,16,734,NA
10/18/2013,19,742,NA
10/18/2013,22,737.5,NA
10/19/2013,1,732,NA
10/19/2013,4,728,NA
10/19/2013,7,725,NA
10/19/2013,10,721.5,NA
10/19/2013,13,720,NA
10/19/2013,16,723,NA
10/19/2013,19,726,NA
10/19/2013,22,729.5,NA
10/20/2013,1,733,NA
10/20/2013,4,727.5,NA
10/20/2013,7,719,NA
10/20/2013,10,713.5,NA
10/20/2013,13,710,NA
10/20/2013,16,714.5,NA
10/20/2013,19,720,NA
10/20/2013,22,716.5,NA
10/21/2013,1,712,NA
10/21/2013,4,708.5,NA
10/21/2013,7,705,NA
10/21/2013,10,702,NA
10/21/2013,13,700,NA
10/21/2013,16,696.5,NA
10/21/2013,19,693,NA
10/21/2013,22,699,NA
10/22/2013,1,706,NA
10/22/2013,4,702.5,NA
10/22/2013,7,697,NA
10/22/2013,10,688.5,NA
10/22/2013,13,681,NA
10/22/2013,16,677,NA
10/22/2013,19,675,NA
10/22/2013,22,671.5,NA
10/23/2013,1,668,NA
10/23/2013,4,668,NA
10/23/2013,7,668,NA
10/23/2013,10,666.5,NA
10/23/2013,13,664,NA
10/23/2013,16,669,NA
10/23/2013,19,676,NA
10/23/2013,22,678.5,NA
10/24/2013,1,679,NA
10/24/2013,4,684,NA
10/24/2013,7,692,NA
10/24/2013,10,689,NA
10/24/2013,13,687,NA
10/24/2013,16,690.5,NA
10/24/2013,19,696,NA
10/24/2013,22,700,NA
10/25/2013,1,702,NA
10/25/2013,4,701,NA
10/25/2013,7,697,NA
10/25/2013,10,692,NA
10/25/2013,13,688,NA
10/25/2013,16,698,NA
10/25/2013,19,706,NA
10/25/2013,22,702,NA
10/26/2013,1,695,NA
10/26/2013,4,685.5,NA
10/26/2013,7,678,NA
10/26/2013,10,670,NA
10/26/2013,13,663,NA
10/26/2013,16,650,NA
10/26/2013,19,643,NA
10/26/2013,22,639.5,NA
10/27/2013,1,636,NA
10/27/2013,4,632,NA
10/27/2013,7,628,NA
10/27/2013,10,625.5,NA
10/27/2013,13,624,NA
10/27/2013,16,622.5,NA
10/27/2013,19,621,NA
10/27/2013,22,621,NA
10/28/2013,1,621,NA
10/28/2013,4,626.5,NA
10/28/2013,7,630,NA
10/28/2013,10,636,NA
10/28/2013,13,635,NA
10/28/2013,16,637.5,NA
10/28/2013,19,650,NA
10/28/2013,22,655.5,NA
10/29/2013,1,659,NA
10/29/2013,4,652.5,NA
10/29/2013,7,644,NA
10/29/2013,10,633,NA
10/29/2013,13,625,NA
10/29/2013,16,621,NA
10/29/2013,19,619,NA
10/29/2013,22,616,NA
10/30/2013,1,612,NA
10/30/2013,4,610,NA
10/30/2013,7,606,NA
10/30/2013,10,612.5,NA
10/30/2013,13,624,NA
10/30/2013,16,632,NA
10/30/2013,19,636,NA
10/30/2013,22,639.5,NA
10/31/2013,1,641,NA
10/31/2013,4,647.5,NA
10/31/2013,7,653,NA
10/31/2013,10,656.5,NA
10/31/2013,13,657,NA
10/31/2013,16,653.5,NA
10/31/2013,19,648,NA
10/31/2013,22,643,NA
11/1/2013,1,640,NA
11/1/2013,4,639,NA
11/1/2013,7,639,NA
11/1/2013,10,644.5,NA
11/1/2013,13,653,NA
11/1/2013,16,663,NA
11/1/2013,19,675,NA
11/1/2013,22,691,NA
11/2/2013,1,701,NA
11/2/2013,4,704,NA
11/2/2013,7,707,NA
11/2/2013,10,702,NA
11/2/2013,13,700,NA
11/2/2013,16,706,NA
11/2/2013,19,716,NA
11/2/2013,22,719,NA
11/3/2013,1,713,NA
11/3/2013,4,703.5,NA
11/3/2013,7,697,NA
11/3/2013,10,687,NA
11/3/2013,13,678,NA
11/3/2013,16,671.5,NA
11/3/2013,19,668,NA
11/3/2013,22,665.5,NA
11/4/2013,1,664,NA
11/4/2013,4,663,NA
11/4/2013,7,663,NA
11/4/2013,10,659,NA
11/4/2013,13,655,NA
11/4/2013,16,655,NA
11/4/2013,19,661,NA
11/4/2013,22,669,NA
11/5/2013,1,674,NA
11/5/2013,4,670,NA
11/5/2013,7,663,NA
11/5/2013,10,657.5,NA
11/5/2013,13,654,NA
11/5/2013,16,653.5,NA
11/5/2013,19,657,NA
11/5/2013,22,660.5,NA
11/6/2013,1,663,NA
11/6/2013,4,667,NA
11/6/2013,7,670,NA
11/6/2013,10,674.5,NA
11/6/2013,13,680,NA
11/6/2013,16,684,NA
11/6/2013,19,687,NA
11/6/2013,22,689,NA
11/7/2013,1,691,NA
11/7/2013,4,692,NA
11/7/2013,7,692,NA
11/7/2013,10,695,NA
11/7/2013,13,699,NA
11/7/2013,16,702.5,NA
11/7/2013,19,707,NA
11/7/2013,22,709.5,NA
11/8/2013,1,708,NA
11/8/2013,4,701,NA
11/8/2013,7,691,NA
11/8/2013,10,684.5,NA
11/8/2013,13,679,NA
11/8/2013,16,674,NA
11/8/2013,19,669,NA
11/8/2013,22,666.5,NA
11/9/2013,1,665,NA
11/9/2013,4,663,NA
11/9/2013,7,661,NA
11/9/2013,10,664,NA
11/9/2013,13,667,NA
11/9/2013,16,669.5,NA
11/9/2013,19,672,NA
11/9/2013,22,671.5,NA
11/10/2013,1,667,NA
11/10/2013,4,662,NA
11/10/2013,7,659,NA
11/10/2013,10,655,NA
11/10/2013,13,651,NA
11/10/2013,16,648,NA
11/10/2013,19,645,NA
11/10/2013,22,642,NA
11/11/2013,1,642,NA
11/11/2013,4,645,NA
11/11/2013,7,649,NA
11/11/2013,10,659,NA
11/11/2013,13,675,NA
11/11/2013,16,700,NA
11/11/2013,19,727,NA
11/11/2013,22,736,NA
11/12/2013,1,732,NA
11/12/2013,4,729,NA
11/12/2013,7,726,NA
11/12/2013,10,728.5,NA
11/12/2013,13,730,NA
11/12/2013,16,731.5,NA
11/12/2013,19,733,NA
11/12/2013,22,735.5,NA
11/13/2013,1,737,NA
11/13/2013,4,740,NA
11/13/2013,7,742,NA
11/13/2013,10,743.5,NA
11/13/2013,13,745,NA
11/13/2013,16,746.5,NA
11/13/2013,19,747,NA
11/13/2013,22,743,NA
11/14/2013,1,736,NA
11/14/2013,4,727.5,NA
11/14/2013,7,722,NA
11/14/2013,10,720,NA
11/14/2013,13,722,NA
11/14/2013,16,725.5,NA
11/14/2013,19,729,NA
11/14/2013,22,729,NA
11/15/2013,1,721,NA
11/15/2013,4,709.5,NA
11/15/2013,7,701,NA
11/15/2013,10,695.5,NA
11/15/2013,13,696,NA
11/15/2013,16,701,NA
11/15/2013,19,705,NA
11/15/2013,22,705,NA
11/16/2013,1,700,NA
11/16/2013,4,692,NA
11/16/2013,7,685,NA
11/16/2013,10,674,NA
11/16/2013,13,663,NA
11/16/2013,16,654,NA
11/16/2013,19,648,NA
11/16/2013,22,645,NA
11/17/2013,1,642,NA
11/17/2013,4,640,NA
11/17/2013,7,638,NA
11/17/2013,10,635,NA
11/17/2013,13,633,NA
11/17/2013,16,632,NA
11/17/2013,19,632,NA
11/17/2013,22,630,635
11/18/2013,1,628,NA
11/18/2013,4,627,NA
11/18/2013,7,626,NA
11/18/2013,10,621,NA
11/18/2013,13,615,NA
11/18/2013,16,609,NA
11/18/2013,19,605,NA
11/18/2013,22,600,616
11/19/2013,1,597,NA
11/19/2013,4,595,NA
11/19/2013,7,593,NA
11/19/2013,10,590,NA
11/19/2013,13,588,NA
11/19/2013,16,586,NA
11/19/2013,19,585,NA
11/19/2013,22,585,590
11/20/2013,1,589,NA
11/20/2013,4,591,NA
11/20/2013,7,594,NA
11/20/2013,10,594,NA
11/20/2013,13,590,NA
11/20/2013,16,584,NA
11/20/2013,19,577,NA
11/20/2013,22,574,587
11/21/2013,1,578,NA
11/21/2013,4,583,NA
11/21/2013,7,586,NA
11/21/2013,10,587,NA
11/21/2013,13,587,NA
11/21/2013,16,587,NA
11/21/2013,19,587,NA
11/21/2013,22,589,586
11/22/2013,1,593,NA
11/22/2013,4,597,NA
11/22/2013,7,600,NA
11/22/2013,10,601,NA
11/22/2013,13,599,NA
11/22/2013,16,596,NA
11/22/2013,19,592,NA
11/22/2013,22,594,597
11/23/2013,1,597,NA
11/23/2013,4,601,NA
11/23/2013,7,604,NA
11/23/2013,10,598,NA
11/23/2013,13,593,NA
11/23/2013,16,587,NA
11/23/2013,19,581,NA
11/23/2013,22,583,593
11/24/2013,1,588,NA
11/24/2013,4,592,NA
11/24/2013,7,595,NA
11/24/2013,10,593,NA
11/24/2013,13,588,NA
11/24/2013,16,581,NA
11/24/2013,19,576,NA
11/24/2013,22,573,586
11/25/2013,1,572,NA
11/25/2013,4,571,NA
11/25/2013,7,570,NA
11/25/2013,10,567,NA
11/25/2013,13,564,NA
11/25/2013,16,562,NA
11/25/2013,19,560,NA
11/25/2013,22,563,566
11/26/2013,1,569,NA
11/26/2013,4,572,NA
11/26/2013,7,570,NA
11/26/2013,10,567,NA
11/26/2013,13,565,NA
11/26/2013,16,568,NA
11/26/2013,19,577,NA
11/26/2013,22,588,572
11/27/2013,1,596,NA
11/27/2013,4,602,NA
11/27/2013,7,606,NA
11/27/2013,10,603,NA
11/27/2013,13,597,NA
11/27/2013,16,594,NA
11/27/2013,19,592,NA
11/27/2013,22,590,598
11/28/2013,1,587,NA
11/28/2013,4,585,NA
11/28/2013,7,583,NA
11/28/2013,10,580,NA
11/28/2013,13,582,NA
11/28/2013,16,585,NA
11/28/2013,19,588,NA
11/28/2013,22,595,586
11/29/2013,1,603,NA
11/29/2013,4,608,NA
11/29/2013,7,606,NA
11/29/2013,10,608,NA
11/29/2013,13,614,NA
11/29/2013,16,625,NA
11/29/2013,19,636,NA
11/29/2013,22,640,618
11/30/2013,1,637,NA
11/30/2013,4,632,NA
11/30/2013,7,627,NA
11/30/2013,10,620,NA
11/30/2013,13,617,NA
11/30/2013,16,621,NA
11/30/2013,19,625,NA
11/30/2013,22,620,625
12/1/2013,1,616,NA
12/1/2013,4,610,NA
12/1/2013,7,605,NA
12/1/2013,10,595,NA
12/1/2013,13,600,NA
12/1/2013,16,605,NA
12/1/2013,19,610,NA
12/1/2013,22,617,607
12/2/2013,1,625,NA
12/2/2013,4,636,NA
12/2/2013,7,646,NA
12/2/2013,10,643,NA
12/2/2013,13,641,NA
12/2/2013,16,641.5,NA
12/2/2013,19,647,NA
12/2/2013,22,647,NA
12/3/2013,1,638,NA
12/3/2013,4,624,NA
12/3/2013,7,608,NA
12/3/2013,10,618,NA
12/3/2013,13,630,NA
12/3/2013,16,641.5,NA
12/3/2013,19,652,NA
12/3/2013,22,664,NA
12/4/2013,1,668,NA
12/4/2013,4,662,NA
12/4/2013,7,648,NA
12/4/2013,10,629,NA
12/4/2013,13,621,NA
12/4/2013,16,633.5,NA
12/4/2013,19,651,NA
12/4/2013,22,659,NA
12/5/2013,1,658,NA
12/5/2013,4,648.5,NA
12/5/2013,7,636,NA
12/5/2013,10,631,NA
12/5/2013,13,628,NA
12/5/2013,16,635,NA
12/5/2013,19,643,NA
12/5/2013,22,646,NA
12/6/2013,1,648,NA
12/6/2013,4,645,NA
12/6/2013,7,643,NA
12/6/2013,10,638.5,NA
12/6/2013,13,633,NA
12/6/2013,16,629,NA
12/6/2013,19,627,NA
12/6/2013,22,623.5,NA
12/7/2013,1,624,NA
12/7/2013,4,628,NA
12/7/2013,7,630,NA
12/7/2013,10,635,NA
12/7/2013,13,640,NA
12/7/2013,16,645.5,NA
12/7/2013,19,650,NA
12/7/2013,22,646.5,NA
12/8/2013,1,640,NA
12/8/2013,4,634.5,NA
12/8/2013,7,629,NA
12/8/2013,10,624.5,NA
12/8/2013,13,619,NA
12/8/2013,16,614,NA
12/8/2013,19,609,NA
12/8/2013,22,606.5,NA
12/9/2013,1,610,NA
12/9/2013,4,618,NA
12/9/2013,7,623,NA
12/9/2013,10,619,NA
12/9/2013,13,614,NA
12/9/2013,16,609,NA
12/9/2013,19,605,NA
12/9/2013,22,601.5,NA
12/10/2013,1,598,NA
12/10/2013,4,594,NA
12/10/2013,7,591,NA
12/10/2013,10,583,NA
12/10/2013,13,576,NA
12/10/2013,16,579.5,NA
12/10/2013,19,583,NA
12/10/2013,22,601.5,NA
12/11/2013,1,612,NA
12/11/2013,4,605,NA
12/11/2013,7,590,NA
12/11/2013,10,582.5,NA
12/11/2013,13,577,NA
12/11/2013,16,589,NA
12/11/2013,19,597,NA
12/11/2013,22,593,NA
12/12/2013,1,589,NA
12/12/2013,4,586.5,NA
12/12/2013,7,585,NA
12/12/2013,10,590.5,NA
12/12/2013,13,595,NA
12/12/2013,16,607,NA
12/12/2013,19,619,NA
12/12/2013,22,630,NA
12/13/2013,1,637,NA
12/13/2013,4,639,NA
12/13/2013,7,635,NA
12/13/2013,10,624,NA
12/13/2013,13,615,NA
12/13/2013,16,624,NA
12/13/2013,19,638,NA
12/13/2013,22,645.5,NA
12/14/2013,1,649,NA
12/14/2013,4,644.5,NA
12/14/2013,7,639,NA
12/14/2013,10,638.5,NA
12/14/2013,13,646,NA
12/14/2013,16,658.5,NA
12/14/2013,19,669,NA
12/14/2013,22,677,NA
12/15/2013,1,684,NA
12/15/2013,4,692.5,NA
12/15/2013,7,704,NA
12/15/2013,10,700,NA
12/15/2013,13,692,NA
12/15/2013,16,680.5,NA
12/15/2013,19,674,NA
12/15/2013,22,663,NA
12/16/2013,1,650,NA
12/16/2013,4,639.5,NA
12/16/2013,7,629,NA
12/16/2013,10,627,NA
12/16/2013,13,632,NA
12/16/2013,16,639.5,NA
12/16/2013,19,654,NA
12/16/2013,22,680.5,NA
12/17/2013,1,726,NA
12/17/2013,4,762,NA
12/17/2013,7,817.6666667,NA
12/17/2013,10,862.3333333,NA
12/17/2013,13,889.6666667,NA
12/17/2013,16,906.3333333,NA
12/17/2013,19,918.6666667,NA
12/17/2013,22,937.75,NA
12/18/2013,1,941,NA
12/18/2013,4,934.5,NA
12/18/2013,7,926,NA
12/18/2013,10,917,NA
12/18/2013,13,909,NA
12/18/2013,16,902.5,NA
12/18/2013,19,894,NA
12/18/2013,22,890,NA
12/19/2013,1,887,NA
12/19/2013,4,882,NA
12/19/2013,7,877,NA
12/19/2013,10,873.5,NA
12/19/2013,13,870,NA
12/19/2013,16,868.5,NA
12/19/2013,19,867,NA
12/19/2013,22,863,NA
12/20/2013,1,856,NA
12/20/2013,4,849,NA
12/20/2013,7,842,NA
12/20/2013,10,837,NA
12/20/2013,13,831,NA
12/20/2013,16,827,NA
12/20/2013,19,824,NA
12/20/2013,22,818.5,NA
12/21/2013,1,812,NA
12/21/2013,4,802.5,NA
12/21/2013,7,793,NA
12/21/2013,10,785,NA
12/21/2013,13,778,NA
12/21/2013,16,770,NA
12/21/2013,19,763,NA
12/21/2013,22,756,NA
12/22/2013,1,748,NA
12/22/2013,4,742.5,NA
12/22/2013,7,736,NA
12/22/2013,10,733.5,NA
12/22/2013,13,731,NA
12/22/2013,16,730,NA
12/22/2013,19,728,NA
12/22/2013,22,726.5,NA
12/23/2013,1,725,NA
12/23/2013,4,723,NA
12/23/2013,7,720,NA
12/23/2013,10,703.5,NA
12/23/2013,13,682,NA
12/23/2013,16,668,NA
12/23/2013,19,657,NA
12/23/2013,22,645.5,NA
12/24/2013,1,636,NA
12/24/2013,4,626,NA
12/24/2013,7,618,NA
12/24/2013,10,615.5,NA
12/24/2013,13,614,NA
12/24/2013,16,611,NA
12/24/2013,19,610,NA
12/24/2013,22,604.5,NA
12/25/2013,1,596,NA
12/25/2013,4,587.5,NA
12/25/2013,7,584,NA
12/25/2013,10,580,NA
12/25/2013,13,576,NA
12/25/2013,16,575.5,NA
12/25/2013,19,579,NA
12/25/2013,22,574.5,NA
12/26/2013,1,571,NA
12/26/2013,4,569,NA
12/26/2013,7,566,NA
12/26/2013,10,564,NA
12/26/2013,13,562,NA
12/26/2013,16,561,NA
12/26/2013,19,560,NA
12/26/2013,22,557,564
12/27/2013,1,551,NA
12/27/2013,4,546,NA
12/27/2013,7,544,NA
12/27/2013,10,543,NA
12/27/2013,13,541,NA
12/27/2013,16,545,NA
12/27/2013,19,550,NA
12/27/2013,22,554,547
12/28/2013,1,560,NA
12/28/2013,4,569,NA
12/28/2013,7,573,NA
12/28/2013,10,578,NA
12/28/2013,13,585,NA
12/28/2013,16,593,NA
12/28/2013,19,598,NA
12/28/2013,22,605,NA
12/29/2013,1,613,NA
12/29/2013,4,619.5,NA
12/29/2013,7,625,NA
12/29/2013,10,620,NA
12/29/2013,13,613,NA
12/29/2013,16,602,NA
12/29/2013,19,592,NA
12/29/2013,22,585,NA
12/30/2013,1,577,NA
12/30/2013,4,570.5,NA
12/30/2013,7,561,NA
12/30/2013,10,557,NA
12/30/2013,13,553,NA
12/30/2013,16,549,NA
12/30/2013,19,546,NA
12/30/2013,22,545,NA
12/31/2013,1,544,NA
12/31/2013,4,543,NA
12/31/2013,7,543,NA
12/31/2013,10,542,NA
12/31/2013,13,544,NA
12/31/2013,16,547,NA
12/31/2013,19,551,NA
12/31/2013,22,553,546
1/1/2014,1,554,NA
1/1/2014,4,551,NA
1/1/2014,7,548,NA
1/1/2014,10,556,NA
1/1/2014,13,569,NA
1/1/2014,16,585,NA
1/1/2014,19,597,NA
1/1/2014,22,603,570
1/2/2014,1,608,NA
1/2/2014,4,613,NA
1/2/2014,7,617,NA
1/2/2014,10,619,NA
1/2/2014,13,617,NA
1/2/2014,16,613.5,NA
1/2/2014,19,611,NA
1/2/2014,22,607,NA
1/3/2014,1,604,NA
1/3/2014,4,601,NA
1/3/2014,7,597,NA
1/3/2014,10,594.5,NA
1/3/2014,13,598,NA
1/3/2014,16,606.5,NA
1/3/2014,19,616,NA
1/3/2014,22,616,NA
1/4/2014,1,608,NA
1/4/2014,4,599.5,NA
1/4/2014,7,592,NA
1/4/2014,10,590,NA
1/4/2014,13,593,NA
1/4/2014,16,598.5,NA
1/4/2014,19,603,NA
1/4/2014,22,599.5,NA
1/5/2014,1,594,NA
1/5/2014,4,585.5,NA
1/5/2014,7,580,NA
1/5/2014,10,577.5,NA
1/5/2014,13,576,NA
1/5/2014,16,579.5,NA
1/5/2014,19,583,NA
1/5/2014,22,581.5,NA
1/6/2014,1,578,NA
1/6/2014,4,574,NA
1/6/2014,7,571,NA
1/6/2014,10,564,NA
1/6/2014,13,553,NA
1/6/2014,16,545,NA
1/6/2014,19,543,NA
1/6/2014,22,545,559
1/7/2014,1,549,NA
1/7/2014,4,552,NA
1/7/2014,7,550,NA
1/7/2014,10,547,NA
1/7/2014,13,543,NA
1/7/2014,16,539,NA
1/7/2014,19,541,NA
1/7/2014,22,545,546
1/8/2014,1,549,NA
1/8/2014,4,552,NA
1/8/2014,7,554,NA
1/8/2014,10,548,NA
1/8/2014,13,542,NA
1/8/2014,16,535,NA
1/8/2014,19,532,NA
1/8/2014,22,534,543
1/9/2014,1,536,NA
1/9/2014,4,539,NA
1/9/2014,7,537,NA
1/9/2014,10,534,NA
1/9/2014,13,532,NA
1/9/2014,16,521,NA
1/9/2014,19,516,NA
1/9/2014,22,520,529
1/10/2014,1,530,NA
1/10/2014,4,543,NA
1/10/2014,7,556,NA
1/10/2014,10,548,NA
1/10/2014,13,541,NA
1/10/2014,16,533,NA
1/10/2014,19,538,NA
1/10/2014,22,540,541
1/11/2014,1,543,NA
1/11/2014,4,545,NA
1/11/2014,7,542,NA
1/11/2014,10,539,NA
1/11/2014,13,547,NA
1/11/2014,16,557,NA
1/11/2014,19,566,NA
1/11/2014,22,582,553
1/12/2014,1,615,NA
1/12/2014,4,645.3333333,NA
1/12/2014,7,683,NA
1/12/2014,10,720.6666667,NA
1/12/2014,13,744,NA
1/12/2014,16,766.6666667,NA
1/12/2014,19,793.3333333,NA
1/12/2014,22,806.5,NA
1/13/2014,1,811,NA
1/13/2014,4,812.5,NA
1/13/2014,7,815,NA
1/13/2014,10,818,NA
1/13/2014,13,820,NA
1/13/2014,16,821.5,NA
1/13/2014,19,823,NA
1/13/2014,22,828.5,NA
1/14/2014,1,832,NA
1/14/2014,4,830.5,NA
1/14/2014,7,830,NA
1/14/2014,10,830.5,NA
1/14/2014,13,833,NA
1/14/2014,16,837,NA
1/14/2014,19,840,NA
1/14/2014,22,843,NA
1/15/2014,1,846,NA
1/15/2014,4,847.5,NA
1/15/2014,7,849,NA
1/15/2014,10,852,NA
1/15/2014,13,854,NA
1/15/2014,16,855.5,NA
1/15/2014,19,857,NA
1/15/2014,22,860.5,NA
1/16/2014,1,863,NA
1/16/2014,4,859,NA
1/16/2014,7,854,NA
1/16/2014,10,849,NA
1/16/2014,13,847,NA
1/16/2014,16,850.5,NA
1/16/2014,19,855,NA
1/16/2014,22,859,NA
1/17/2014,1,857,NA
1/17/2014,4,850,NA
1/17/2014,7,845,NA
1/17/2014,10,842,NA
1/17/2014,13,840,NA
1/17/2014,16,838,NA
1/17/2014,19,836,NA
1/17/2014,22,832.5,NA
1/18/2014,1,828,NA
1/18/2014,4,825,NA
1/18/2014,7,823,NA
1/18/2014,10,818,NA
1/18/2014,13,812,NA
1/18/2014,16,805,NA
1/18/2014,19,797,NA
1/18/2014,22,787,812
1/19/2014,1,774,NA
1/19/2014,4,749,NA
1/19/2014,7,726,NA
1/19/2014,10,699.5,NA
1/19/2014,13,675,NA
1/19/2014,16,651.5,NA
1/19/2014,19,629,NA
1/19/2014,22,612.5,NA
1/20/2014,1,598,NA
1/20/2014,4,583.5,NA
1/20/2014,7,568,NA
1/20/2014,10,564,NA
1/20/2014,13,561,NA
1/20/2014,16,558,NA
1/20/2014,19,555,NA
1/20/2014,22,551,NA
1/21/2014,1,550,NA
1/21/2014,4,549,NA
1/21/2014,7,548,NA
1/21/2014,10,546,NA
1/21/2014,13,544,NA
1/21/2014,16,543,NA
1/21/2014,19,543,NA
1/21/2014,22,545,546
1/22/2014,1,547,NA
1/22/2014,4,549.5,NA
1/22/2014,7,548,NA
1/22/2014,10,569,NA
1/22/2014,13,593,NA
1/22/2014,16,607.5,NA
1/22/2014,19,614,NA
1/22/2014,22,629,NA
1/23/2014,1,651,NA
1/23/2014,4,672,NA
1/23/2014,7,691,NA
1/23/2014,10,718.5,NA
1/23/2014,13,744,NA
1/23/2014,16,765.5,NA
1/23/2014,19,786,NA
1/23/2014,22,795.5,NA
1/24/2014,1,804,NA
1/24/2014,4,816,NA
1/24/2014,7,826,NA
1/24/2014,10,835.5,NA
1/24/2014,13,841,NA
1/24/2014,16,844,NA
1/24/2014,19,847,NA
1/24/2014,22,851,NA
1/25/2014,1,854,NA
1/25/2014,4,857,NA
1/25/2014,7,858,NA
1/25/2014,10,861,NA
1/25/2014,13,865,NA
1/25/2014,16,866,NA
1/25/2014,19,866,NA
1/25/2014,22,867.5,NA
1/26/2014,1,868,NA
1/26/2014,4,869,NA
1/26/2014,7,869,NA
1/26/2014,10,869,NA
1/26/2014,13,869,NA
1/26/2014,16,869,NA
1/26/2014,19,870,NA
1/26/2014,22,871,869
1/27/2014,1,872,NA
1/27/2014,4,872,NA
1/27/2014,7,873,NA
1/27/2014,10,875,NA
1/27/2014,13,877,NA
1/27/2014,16,877,NA
1/27/2014,19,877,NA
1/27/2014,22,876,875
1/28/2014,1,876,NA
1/28/2014,4,875,NA
1/28/2014,7,874,NA
1/28/2014,10,874,NA
1/28/2014,13,873,NA
1/28/2014,16,872,NA
1/28/2014,19,872,NA
1/28/2014,22,872,874
1/29/2014,1,872,NA
1/29/2014,4,871,NA
1/29/2014,7,871,NA
1/29/2014,10,870,NA
1/29/2014,13,869,NA
1/29/2014,16,868,NA
1/29/2014,19,867,NA
1/29/2014,22,856,868
1/30/2014,1,835,NA
1/30/2014,4,812,NA
1/30/2014,7,777.6666667,NA
1/30/2014,10,747.6666667,NA
1/30/2014,13,716.3333333,NA
1/30/2014,16,678,NA
1/30/2014,19,647.3333333,NA
1/30/2014,22,628,NA
1/31/2014,1,621,NA
1/31/2014,4,618,NA
1/31/2014,7,616,NA
1/31/2014,10,605.5,NA
1/31/2014,13,584,NA
1/31/2014,16,558,NA
1/31/2014,19,534,NA
1/31/2014,22,527,NA
2/1/2014,1,522,NA
2/1/2014,4,519,NA
2/1/2014,7,515,NA
2/1/2014,10,513.5,NA
2/1/2014,13,511,NA
2/1/2014,16,510.5,NA
2/1/2014,19,510,NA
2/1/2014,22,513,NA
2/2/2014,1,521,NA
2/2/2014,4,525,NA
2/2/2014,7,525,NA
2/2/2014,10,523,NA
2/2/2014,13,520,NA
2/2/2014,16,519,NA
2/2/2014,19,519,NA
2/2/2014,22,522,522
2/3/2014,1,526,NA
2/3/2014,4,528,NA
2/3/2014,7,530,NA
2/3/2014,10,531,NA
2/3/2014,13,531,NA
2/3/2014,16,529,NA
2/3/2014,19,526,NA
2/3/2014,22,523,528
2/4/2014,1,523,NA
2/4/2014,4,523,NA
2/4/2014,7,527,NA
2/4/2014,10,529,NA
2/4/2014,13,526,NA
2/4/2014,16,522,NA
2/4/2014,19,520,NA
2/4/2014,22,523,524
2/5/2014,1,525,NA
2/5/2014,4,530,NA
2/5/2014,7,528,NA
2/5/2014,10,524,NA
2/5/2014,13,537,NA
2/5/2014,16,554,NA
2/5/2014,19,574,NA
2/5/2014,22,592,546
2/6/2014,1,614,NA
2/6/2014,4,635,NA
2/6/2014,7,664.3333333,NA
2/6/2014,10,700,NA
2/6/2014,13,737.3333333,NA
2/6/2014,16,769.6666667,NA
2/6/2014,19,799,NA
2/6/2014,22,818,NA
2/7/2014,1,831,NA
2/7/2014,4,839,NA
2/7/2014,7,847,NA
2/7/2014,10,855.5,NA
2/7/2014,13,862,NA
2/7/2014,16,866,NA
2/7/2014,19,869,NA
2/7/2014,22,870.5,NA
2/8/2014,1,873,NA
2/8/2014,4,874.5,NA
2/8/2014,7,876,NA
2/8/2014,10,878,NA
2/8/2014,13,878,NA
2/8/2014,16,878.5,NA
2/8/2014,19,879,NA
2/8/2014,22,879.5,NA
2/9/2014,1,881,NA
2/9/2014,4,878,NA
2/9/2014,7,874,NA
2/9/2014,10,871.5,NA
2/9/2014,13,871,NA
2/9/2014,16,875,NA
2/9/2014,19,880,NA
2/9/2014,22,882.5,NA
2/10/2014,1,881,NA
2/10/2014,4,876.5,NA
2/10/2014,7,873,NA
2/10/2014,10,871,NA
2/10/2014,13,870,NA
2/10/2014,16,871.5,NA
2/10/2014,19,876,NA
2/10/2014,22,878.5,NA
2/11/2014,1,877,NA
2/11/2014,4,873,NA
2/11/2014,7,869,NA
2/11/2014,10,868.5,NA
2/11/2014,13,867,NA
2/11/2014,16,865.5,NA
2/11/2014,19,863,NA
2/11/2014,22,861,NA
2/12/2014,1,860,NA
2/12/2014,4,861.5,NA
2/12/2014,7,864,NA
2/12/2014,10,864,NA
2/12/2014,13,865,NA
2/12/2014,16,866,NA
2/12/2014,19,867,NA
2/12/2014,22,869,NA
2/13/2014,1,871,NA
2/13/2014,4,868.5,NA
2/13/2014,7,865,NA
2/13/2014,10,866,NA
2/13/2014,13,868,NA
2/13/2014,16,868,NA
2/13/2014,19,868,NA
2/13/2014,22,868,NA
2/14/2014,1,868,NA
2/14/2014,4,868,NA
2/14/2014,7,868,NA
2/14/2014,10,868,NA
2/14/2014,13,864,NA
2/14/2014,16,860,NA
2/14/2014,19,857,NA
2/14/2014,22,840,862
2/15/2014,1,821,NA
2/15/2014,4,797.5,NA
2/15/2014,7,771,NA
2/15/2014,10,754,NA
2/15/2014,13,745,NA
2/15/2014,16,738,NA
2/15/2014,19,733,NA
2/15/2014,22,723,NA
2/16/2014,1,709,NA
2/16/2014,4,696,NA
2/16/2014,7,681,NA
2/16/2014,10,658,NA
2/16/2014,13,637,NA
2/16/2014,16,620,NA
2/16/2014,19,608,NA
2/16/2014,22,598.5,NA
2/17/2014,1,592,NA
2/17/2014,4,584.5,NA
2/17/2014,7,579,NA
2/17/2014,10,573.5,NA
2/17/2014,13,562,NA
2/17/2014,16,541.5,NA
2/17/2014,19,532,NA
2/17/2014,22,531.5,NA
2/18/2014,1,537,NA
2/18/2014,4,542,NA
2/18/2014,7,544,NA
2/18/2014,10,549,NA
2/18/2014,13,558,NA
2/18/2014,16,575,NA
2/18/2014,19,595,NA
2/18/2014,22,613,564
2/19/2014,1,625,NA
2/19/2014,4,636.5,NA
2/19/2014,7,645,NA
2/19/2014,10,629,NA
2/19/2014,13,603,NA
2/19/2014,16,602.5,NA
2/19/2014,19,610,NA
2/19/2014,22,615,NA
2/20/2014,1,622,NA
2/20/2014,4,627.5,NA
2/20/2014,7,631,NA
2/20/2014,10,642.5,NA
2/20/2014,13,660,NA
2/20/2014,16,679,NA
2/20/2014,19,691,NA
2/20/2014,22,682,NA
2/21/2014,1,668,NA
2/21/2014,4,650.5,NA
2/21/2014,7,635,NA
2/21/2014,10,634,NA
2/21/2014,13,647,NA
2/21/2014,16,662.5,NA
2/21/2014,19,673,NA
2/21/2014,22,673.5,NA
2/22/2014,1,664,NA
2/22/2014,4,658.5,NA
2/22/2014,7,655,NA
2/22/2014,10,654.5,NA
2/22/2014,13,663,NA
2/22/2014,16,670,NA
2/22/2014,19,677,NA
2/22/2014,22,668,NA
2/23/2014,1,657,NA
2/23/2014,4,642.5,NA
2/23/2014,7,629,NA
2/23/2014,10,632.5,NA
2/23/2014,13,637,NA
2/23/2014,16,644,NA
2/23/2014,19,652,NA
2/23/2014,22,646.5,NA
2/24/2014,1,641,NA
2/24/2014,4,634,NA
2/24/2014,7,630,NA
2/24/2014,10,619.5,NA
2/24/2014,13,605,NA
2/24/2014,16,593.5,NA
2/24/2014,19,585,NA
2/24/2014,22,581,NA
2/25/2014,1,578,NA
2/25/2014,4,576,NA
2/25/2014,7,574,NA
2/25/2014,10,572.5,NA
2/25/2014,13,571,NA
2/25/2014,16,575.5,NA
2/25/2014,19,584,NA
2/25/2014,22,594.5,NA
2/26/2014,1,601,NA
2/26/2014,4,609.5,NA
2/26/2014,7,615,NA
2/26/2014,10,618,NA
2/26/2014,13,622,NA
2/26/2014,16,616.5,NA
2/26/2014,19,608,NA
2/26/2014,22,612,NA
2/27/2014,1,620,NA
2/27/2014,4,628,NA
2/27/2014,7,635,NA
2/27/2014,10,630.5,NA
2/27/2014,13,621,NA
2/27/2014,16,611,NA
2/27/2014,19,603,NA
2/27/2014,22,607,NA
2/28/2014,1,612,NA
2/28/2014,4,612.5,NA
2/28/2014,7,606,NA
2/28/2014,10,607,NA
2/28/2014,13,613,NA
2/28/2014,16,619.5,NA
2/28/2014,19,623,NA
2/28/2014,22,625,NA
3/1/2014,1,623,NA
3/1/2014,4,619,NA
3/1/2014,7,616,NA
3/1/2014,10,620,NA
3/1/2014,13,623,NA
3/1/2014,16,630.5,NA
3/1/2014,19,637,NA
3/1/2014,22,641.5,NA
3/2/2014,1,645,NA
3/2/2014,4,643.5,NA
3/2/2014,7,638,NA
3/2/2014,10,631,NA
3/2/2014,13,626,NA
3/2/2014,16,624.5,NA
3/2/2014,19,624,NA
3/2/2014,22,625,NA
3/3/2014,1,628,NA
3/3/2014,4,632,NA
3/3/2014,7,633,NA
3/3/2014,10,618.5,NA
3/3/2014,13,609,NA
3/3/2014,16,607,NA
3/3/2014,19,613,NA
3/3/2014,22,619.5,NA
3/4/2014,1,624,NA
3/4/2014,4,619.5,NA
3/4/2014,7,614,NA
3/4/2014,10,620.5,NA
3/4/2014,13,627,NA
3/4/2014,16,630.5,NA
3/4/2014,19,634,NA
3/4/2014,22,634,NA
3/5/2014,1,630,NA
3/5/2014,4,622,NA
3/5/2014,7,615,NA
3/5/2014,10,611,NA
3/5/2014,13,606,NA
3/5/2014,16,602.5,NA
3/5/2014,19,600,NA
3/5/2014,22,605.5,NA
3/6/2014,1,614,NA
3/6/2014,4,622,NA
3/6/2014,7,630,NA
3/6/2014,10,637,NA
3/6/2014,13,648,NA
3/6/2014,16,656.5,NA
3/6/2014,19,660,NA
3/6/2014,22,655,NA
3/7/2014,1,647,NA
3/7/2014,4,638.5,NA
3/7/2014,7,630,NA
3/7/2014,10,618.5,NA
3/7/2014,13,604,NA
3/7/2014,16,598,NA
3/7/2014,19,606,NA
3/7/2014,22,615.5,NA
3/8/2014,1,626,NA
3/8/2014,4,635.5,NA
3/8/2014,7,645,NA
3/8/2014,10,646,NA
3/8/2014,13,640,NA
3/8/2014,16,637,NA
3/8/2014,19,648,NA
3/8/2014,22,655.5,NA
3/9/2014,1,658,NA
3/9/2014,4,654.5,NA
3/9/2014,7,650,NA
3/9/2014,10,655.5,NA
3/9/2014,13,661,NA
3/9/2014,16,665,NA
3/9/2014,19,667,NA
3/9/2014,22,662,NA
3/10/2014,1,658,NA
3/10/2014,4,653,NA
3/10/2014,7,649,NA
3/10/2014,10,633.5,NA
3/10/2014,13,612,NA
3/10/2014,16,606,NA
3/10/2014,19,602,NA
3/10/2014,22,611,NA
3/11/2014,1,625,NA
3/11/2014,4,633,NA
3/11/2014,7,637,NA
3/11/2014,10,638.5,NA
3/11/2014,13,640,NA
3/11/2014,16,644.5,NA
3/11/2014,19,650,NA
3/11/2014,22,654,NA
3/12/2014,1,658,NA
3/12/2014,4,660,NA
3/12/2014,7,656,NA
3/12/2014,10,654,NA
3/12/2014,13,654,NA
3/12/2014,16,656,NA
3/12/2014,19,660,NA
3/12/2014,22,662.5,NA
3/13/2014,1,664,NA
3/13/2014,4,664,NA
3/13/2014,7,659,NA
3/13/2014,10,658.5,NA
3/13/2014,13,664,NA
3/13/2014,16,670.5,NA
3/13/2014,19,674,NA
3/13/2014,22,678,NA
3/14/2014,1,680,NA
3/14/2014,4,676.5,NA
3/14/2014,7,673,NA
3/14/2014,10,669,NA
3/14/2014,13,665,NA
3/14/2014,16,662.5,NA
3/14/2014,19,666,NA
3/14/2014,22,671.5,NA
3/15/2014,1,676,NA
3/15/2014,4,668.5,NA
3/15/2014,7,664,NA
3/15/2014,10,659,NA
3/15/2014,13,656,NA
3/15/2014,16,655.5,NA
3/15/2014,19,661,NA
3/15/2014,22,665.5,NA
3/16/2014,1,669,NA
3/16/2014,4,671.5,NA
3/16/2014,7,673,NA
3/16/2014,10,681.5,NA
3/16/2014,13,692,NA
3/16/2014,16,699.5,NA
3/16/2014,19,703,NA
3/16/2014,22,697,NA
3/17/2014,1,690,NA
3/17/2014,4,685.5,NA
3/17/2014,7,681,NA
3/17/2014,10,672,NA
3/17/2014,13,658,NA
3/17/2014,16,648.5,NA
3/17/2014,19,649,NA
3/17/2014,22,655.5,NA
3/18/2014,1,660,NA
3/18/2014,4,663,NA
3/18/2014,7,665,NA
3/18/2014,10,676,NA
3/18/2014,13,693,NA
3/18/2014,16,704,NA
3/18/2014,19,709,NA
3/18/2014,22,711,NA
3/19/2014,1,708,NA
3/19/2014,4,702,NA
3/19/2014,7,695,NA
3/19/2014,10,697,NA
3/19/2014,13,701,NA
3/19/2014,16,709.5,NA
3/19/2014,19,713,NA
3/19/2014,22,711,NA
3/20/2014,1,707,NA
3/20/2014,4,700,NA
3/20/2014,7,695,NA
3/20/2014,10,703,NA
3/20/2014,13,710,NA
3/20/2014,16,713,NA
3/20/2014,19,715,NA
3/20/2014,22,714,NA
3/21/2014,1,710,NA
3/21/2014,4,704.5,NA
3/21/2014,7,701,NA
3/21/2014,10,703,NA
3/21/2014,13,705,NA
3/21/2014,16,707,NA
3/21/2014,19,711,NA
3/21/2014,22,716,NA
3/22/2014,1,713,NA
3/22/2014,4,706,NA
3/22/2014,7,698,NA
3/22/2014,10,685.5,NA
3/22/2014,13,688,NA
3/22/2014,16,704,NA
3/22/2014,19,713,NA
3/22/2014,22,715,NA
3/23/2014,1,712,NA
3/23/2014,4,709.5,NA
3/23/2014,7,706,NA
3/23/2014,10,715.5,NA
3/23/2014,13,723,NA
3/23/2014,16,726.5,NA
3/23/2014,19,730,NA
3/23/2014,22,723,NA
3/24/2014,1,715,NA
3/24/2014,4,711,NA
3/24/2014,7,706,NA
3/24/2014,10,692,NA
3/24/2014,13,691,NA
3/24/2014,16,702,NA
3/24/2014,19,710,NA
3/24/2014,22,709.5,NA
3/25/2014,1,703,NA
3/25/2014,4,696.5,NA
3/25/2014,7,690,NA
3/25/2014,10,681.5,NA
3/25/2014,13,675,NA
3/25/2014,16,671.5,NA
3/25/2014,19,672,NA
3/25/2014,22,676,NA
3/26/2014,1,673,NA
3/26/2014,4,666,NA
3/26/2014,7,662,NA
3/26/2014,10,657.5,NA
3/26/2014,13,658,NA
3/26/2014,16,661.5,NA
3/26/2014,19,667,NA
3/26/2014,22,669.5,NA
3/27/2014,1,664,NA
3/27/2014,4,659,NA
3/27/2014,7,656,NA
3/27/2014,10,645,NA
3/27/2014,13,638,NA
3/27/2014,16,648.5,NA
3/27/2014,19,664,NA
3/27/2014,22,668,NA
3/28/2014,1,660,NA
3/28/2014,4,654,NA
3/28/2014,7,650,NA
3/28/2014,10,648.5,NA
3/28/2014,13,655,NA
3/28/2014,16,659.5,NA
3/28/2014,19,667,NA
3/28/2014,22,672.5,NA
3/29/2014,1,676,NA
3/29/2014,4,678.5,NA
3/29/2014,7,679,NA
3/29/2014,10,671.5,NA
3/29/2014,13,673,NA
3/29/2014,16,686.5,NA
3/29/2014,19,701,NA
3/29/2014,22,709.5,NA
3/30/2014,1,708,NA
3/30/2014,4,693.5,NA
3/30/2014,7,677,NA
3/30/2014,10,672,NA
3/30/2014,13,666,NA
3/30/2014,16,670.5,NA
3/30/2014,19,678,NA
3/30/2014,22,680.5,NA
3/31/2014,1,678,NA
3/31/2014,4,665.5,NA
3/31/2014,7,654,NA
3/31/2014,10,637.5,NA
3/31/2014,13,625,NA
3/31/2014,16,617,NA
3/31/2014,19,610,NA
3/31/2014,22,607,NA
4/1/2014,1,604,NA
4/1/2014,4,601.5,NA
4/1/2014,7,600,NA
4/1/2014,10,599,NA
4/1/2014,13,597,NA
4/1/2014,16,602,NA
4/1/2014,19,612,NA
4/1/2014,22,618,NA
4/2/2014,1,618,NA
4/2/2014,4,614.5,NA
4/2/2014,7,611,NA
4/2/2014,10,607,NA
4/2/2014,13,605,NA
4/2/2014,16,611.5,NA
4/2/2014,19,618,NA
4/2/2014,22,622,NA
4/3/2014,1,625,NA
4/3/2014,4,625,NA
4/3/2014,7,619,NA
4/3/2014,10,614.5,NA
4/3/2014,13,613,NA
4/3/2014,16,616,NA
4/3/2014,19,622,NA
4/3/2014,22,631,NA
4/4/2014,1,637,NA
4/4/2014,4,628.5,NA
4/4/2014,7,621,NA
4/4/2014,10,614,NA
4/4/2014,13,611,NA
4/4/2014,16,610.5,NA
4/4/2014,19,609,NA
4/4/2014,22,605,NA
4/5/2014,1,601,NA
4/5/2014,4,597,NA
4/5/2014,7,594,NA
4/5/2014,10,592,NA
4/5/2014,13,592,NA
4/5/2014,16,595,NA
4/5/2014,19,597,NA
4/5/2014,22,598,596
4/6/2014,1,598,NA
4/6/2014,4,596,NA
4/6/2014,7,594,NA
4/6/2014,10,601,NA
4/6/2014,13,615,NA
4/6/2014,16,622,NA
4/6/2014,19,627,NA
4/6/2014,22,631,611
4/7/2014,1,637,NA
4/7/2014,4,646.5,NA
4/7/2014,7,656,NA
4/7/2014,10,661,NA
4/7/2014,13,671,NA
4/7/2014,16,685,NA
4/7/2014,19,696,NA
4/7/2014,22,698.5,NA
4/8/2014,1,701,NA
4/8/2014,4,703,NA
4/8/2014,7,705,NA
4/8/2014,10,710,NA
4/8/2014,13,715,NA
4/8/2014,16,718,NA
4/8/2014,19,720,NA
4/8/2014,22,723,NA
4/9/2014,1,721,NA
4/9/2014,4,718,NA
4/9/2014,7,715,NA
4/9/2014,10,711,NA
4/9/2014,13,708,NA
4/9/2014,16,713.5,NA
4/9/2014,19,719,NA
4/9/2014,22,718,NA
4/10/2014,1,707,NA
4/10/2014,4,700.5,NA
4/10/2014,7,695,NA
4/10/2014,10,674,NA
4/10/2014,13,660,NA
4/10/2014,16,648,NA
4/10/2014,19,641,NA
4/10/2014,22,646.5,NA
4/11/2014,1,657,NA
4/11/2014,4,666.5,NA
4/11/2014,7,672,NA
4/11/2014,10,675.5,NA
4/11/2014,13,684,NA
4/11/2014,16,698,NA
4/11/2014,19,707,NA
4/11/2014,22,715,NA
4/12/2014,1,724,NA
4/12/2014,4,732,NA
4/12/2014,7,738,NA
4/12/2014,10,741,NA
4/12/2014,13,750,NA
4/12/2014,16,766.5,NA
4/12/2014,19,776,NA
4/12/2014,22,780,NA
4/13/2014,1,784,NA
4/13/2014,4,785,NA
4/13/2014,7,775,NA
4/13/2014,10,766,NA
4/13/2014,13,755,NA
4/13/2014,16,750.5,NA
4/13/2014,19,747,NA
4/13/2014,22,742,NA
4/14/2014,1,739,NA
4/14/2014,4,736.5,NA
4/14/2014,7,733,NA
4/14/2014,10,722,NA
4/14/2014,13,714,NA
4/14/2014,16,714,NA
4/14/2014,19,721,NA
4/14/2014,22,727,NA
4/15/2014,1,731,NA
4/15/2014,4,731,NA
4/15/2014,7,727,NA
4/15/2014,10,732.5,NA
4/15/2014,13,746,NA
4/15/2014,16,750.5,NA
4/15/2014,19,754,NA
4/15/2014,22,758,NA
4/16/2014,1,758,NA
4/16/2014,4,751.5,NA
4/16/2014,7,745,NA
4/16/2014,10,743.5,NA
4/16/2014,13,744,NA
4/16/2014,16,749,NA
4/16/2014,19,752,NA
4/16/2014,22,755.5,NA
4/17/2014,1,754,NA
4/17/2014,4,750,NA
4/17/2014,7,749,NA
4/17/2014,10,750,NA
4/17/2014,13,753,NA
4/17/2014,16,756,NA
4/17/2014,19,758,NA
4/17/2014,22,759,NA
4/18/2014,1,757,NA
4/18/2014,4,753.5,NA
4/18/2014,7,749,NA
4/18/2014,10,753,NA
4/18/2014,13,757,NA
4/18/2014,16,761,NA
4/18/2014,19,764,NA
4/18/2014,22,766.5,NA
4/19/2014,1,764,NA
4/19/2014,4,757,NA
4/19/2014,7,750,NA
4/19/2014,10,750,NA
4/19/2014,13,751,NA
4/19/2014,16,752.5,NA
4/19/2014,19,754,NA
4/19/2014,22,757.5,NA
4/20/2014,1,759,NA
4/20/2014,4,755.5,NA
4/20/2014,7,751,NA
4/20/2014,10,758.5,NA
4/20/2014,13,762,NA
4/20/2014,16,760.5,NA
4/20/2014,19,756,NA
4/20/2014,22,750.5,NA
4/21/2014,1,742,NA
4/21/2014,4,734.5,NA
4/21/2014,7,726,NA
4/21/2014,10,722,NA
4/21/2014,13,721,NA
4/21/2014,16,731.5,NA
4/21/2014,19,743,NA
4/21/2014,22,747,NA
4/22/2014,1,751,NA
4/22/2014,4,755,NA
4/22/2014,7,758,NA
4/22/2014,10,761,NA
4/22/2014,13,759,NA
4/22/2014,16,754,NA
4/22/2014,19,750,NA
4/22/2014,22,745.5,NA
4/23/2014,1,742,NA
4/23/2014,4,738,NA
4/23/2014,7,735,NA
4/23/2014,10,744,NA
4/23/2014,13,748,NA
4/23/2014,16,751.5,NA
4/23/2014,19,757,NA
4/23/2014,22,759,NA
4/24/2014,1,756,NA
4/24/2014,4,750.5,NA
4/24/2014,7,743,NA
4/24/2014,10,743,NA
4/24/2014,13,748,NA
4/24/2014,16,753,NA
4/24/2014,19,755,NA
4/24/2014,22,755,NA
4/25/2014,1,751,NA
4/25/2014,4,744.5,NA
4/25/2014,7,740,NA
4/25/2014,10,736.5,NA
4/25/2014,13,743,NA
4/25/2014,16,751.5,NA
4/25/2014,19,756,NA
4/25/2014,22,757,NA
4/26/2014,1,754,NA
4/26/2014,4,748.5,NA
4/26/2014,7,745,NA
4/26/2014,10,740,NA
4/26/2014,13,737,NA
4/26/2014,16,745,NA
4/26/2014,19,752,NA
4/26/2014,22,756,NA
4/27/2014,1,754,NA
4/27/2014,4,750,NA
4/27/2014,7,746,NA
4/27/2014,10,738.5,NA
4/27/2014,13,742,NA
4/27/2014,16,751,NA
4/27/2014,19,762,NA
4/27/2014,22,771.5,NA
4/28/2014,1,778,NA
4/28/2014,4,781,NA
4/28/2014,7,785,NA
4/28/2014,10,792,NA
4/28/2014,13,802,NA
4/28/2014,16,812.5,NA
4/28/2014,19,820,NA
4/28/2014,22,822.5,NA
4/29/2014,1,825,NA
4/29/2014,4,826.5,NA
4/29/2014,7,827,NA
4/29/2014,10,829,NA
4/29/2014,13,830,NA
4/29/2014,16,831.5,NA
4/29/2014,19,826,NA
4/29/2014,22,820.5,NA
4/30/2014,1,817,NA
4/30/2014,4,827.5,NA
4/30/2014,7,839,NA
4/30/2014,10,840,NA
4/30/2014,13,833,NA
4/30/2014,16,828.5,NA
4/30/2014,19,824,NA
4/30/2014,22,817.5,NA
5/1/2014,1,811,NA
5/1/2014,4,805,NA
5/1/2014,7,798,NA
5/1/2014,10,782,NA
5/1/2014,13,772,NA
5/1/2014,16,765,NA
5/1/2014,19,761,NA
5/1/2014,22,759,NA
5/2/2014,1,756,NA
5/2/2014,4,758,NA
5/2/2014,7,760,NA
5/2/2014,10,754.5,NA
5/2/2014,13,749,NA
5/2/2014,16,746.5,NA
5/2/2014,19,745,NA
5/2/2014,22,746,NA
5/3/2014,1,750,NA
5/3/2014,4,756.5,NA
5/3/2014,7,763,NA
5/3/2014,10,779,NA
5/3/2014,13,798,NA
5/3/2014,16,814.5,NA
5/3/2014,19,826,NA
5/3/2014,22,831.5,NA
5/4/2014,1,835,NA
5/4/2014,4,852.6666667,NA
5/4/2014,7,882.3333333,NA
5/4/2014,10,892.3333333,NA
5/4/2014,13,893.3333333,NA
5/4/2014,16,883.6666667,NA
5/4/2014,19,865.6666667,NA
5/4/2014,22,848.25,NA
5/5/2014,1,836,NA
5/5/2014,4,839,NA
5/5/2014,7,843,NA
5/5/2014,10,845,NA
5/5/2014,13,843,NA
5/5/2014,16,848,NA
5/5/2014,19,843,NA
5/5/2014,22,839,NA
5/6/2014,1,853,NA
5/6/2014,4,860.5,NA
5/6/2014,7,864,NA
5/6/2014,10,861.5,NA
5/6/2014,13,856,NA
5/6/2014,16,851,NA
5/6/2014,19,848,NA
5/6/2014,22,853.5,NA
5/7/2014,1,862,NA
5/7/2014,4,865,NA
5/7/2014,7,861,NA
5/7/2014,10,855.5,NA
5/7/2014,13,850,NA
5/7/2014,16,849.5,NA
5/7/2014,19,855,NA
5/7/2014,22,858,NA
5/8/2014,1,859,NA
5/8/2014,4,858,NA
5/8/2014,7,855,NA
5/8/2014,10,851,NA
5/8/2014,13,848,NA
5/8/2014,16,848,NA
5/8/2014,19,852,NA
5/8/2014,22,856,NA
5/9/2014,1,861,NA
5/9/2014,4,858,NA
5/9/2014,7,854,NA
5/9/2014,10,847,NA
5/9/2014,13,842,NA
5/9/2014,16,841,NA
5/9/2014,19,840,NA
5/9/2014,22,849,NA
5/10/2014,1,859,NA
5/10/2014,4,860.5,NA
5/10/2014,7,861,NA
5/10/2014,10,855.5,NA
5/10/2014,13,848,NA
5/10/2014,16,845.5,NA
5/10/2014,19,845,NA
5/10/2014,22,850.5,NA
5/11/2014,1,856,NA
5/11/2014,4,858,NA
5/11/2014,7,855,NA
5/11/2014,10,851,NA
5/11/2014,13,847,NA
5/11/2014,16,841,NA
5/11/2014,19,836,NA
5/11/2014,22,831.5,NA
5/12/2014,1,828,NA
5/12/2014,4,833,NA
5/12/2014,7,837,NA
5/12/2014,10,833.5,NA
5/12/2014,13,830,NA
5/12/2014,16,828.5,NA
5/12/2014,19,826,NA
5/12/2014,22,818,NA
5/13/2014,1,811,NA
5/13/2014,4,823.5,NA
5/13/2014,7,841,NA
5/13/2014,10,855.5,NA
5/13/2014,13,863,NA
5/13/2014,16,859.5,NA
5/13/2014,19,855,NA
5/13/2014,22,845,NA
5/14/2014,1,835,NA
5/14/2014,4,833.5,NA
5/14/2014,7,832,NA
5/14/2014,10,832,NA
5/14/2014,13,835,NA
5/14/2014,16,837.5,NA
5/14/2014,19,834,NA
5/14/2014,22,830,NA
5/15/2014,1,827,NA
5/15/2014,4,822,NA
5/15/2014,7,816,NA
5/15/2014,10,814,NA
5/15/2014,13,810,NA
5/15/2014,16,813.5,NA
5/15/2014,19,816,NA
5/15/2014,22,810.5,NA
5/16/2014,1,807,NA
5/16/2014,4,802.5,NA
5/16/2014,7,798,NA
5/16/2014,10,794.5,NA
5/16/2014,13,790,NA
5/16/2014,16,783,NA
5/16/2014,19,775,NA
5/16/2014,22,768,NA
5/17/2014,1,763,NA
5/17/2014,4,761.5,NA
5/17/2014,7,760,NA
5/17/2014,10,759,NA
5/17/2014,13,756,NA
5/17/2014,16,767.5,NA
5/17/2014,19,793,NA
5/17/2014,22,804,NA
5/18/2014,1,803,NA
5/18/2014,4,800,NA
5/18/2014,7,797,NA
5/18/2014,10,801.5,NA
5/18/2014,13,807,NA
5/18/2014,16,814,NA
5/18/2014,19,821,NA
5/18/2014,22,827.5,NA
5/19/2014,1,834,NA
5/19/2014,4,835.5,NA
5/19/2014,7,836,NA
5/19/2014,10,836,NA
5/19/2014,13,836,NA
5/19/2014,16,836.5,NA
5/19/2014,19,839,NA
5/19/2014,22,838.5,NA
5/20/2014,1,833,NA
5/20/2014,4,837.5,NA
5/20/2014,7,846,NA
5/20/2014,10,855.5,NA
5/20/2014,13,862,NA
5/20/2014,16,864,NA
5/20/2014,19,864,NA
5/20/2014,22,860.5,NA
5/21/2014,1,856,NA
5/21/2014,4,846,NA
5/21/2014,7,835,NA
5/21/2014,10,833.5,NA
5/21/2014,13,833,NA
5/21/2014,16,824,NA
5/21/2014,19,813,NA
5/21/2014,22,802.5,NA
5/22/2014,1,793,NA
5/22/2014,4,803,NA
5/22/2014,7,823,NA
5/22/2014,10,843.3333333,NA
5/22/2014,13,860,NA
5/22/2014,16,868,NA
5/22/2014,19,874,NA
5/22/2014,22,867,NA
5/23/2014,1,856,NA
5/23/2014,4,842,NA
5/23/2014,7,822,NA
5/23/2014,10,814.5,NA
5/23/2014,13,807,NA
5/23/2014,16,801.5,NA
5/23/2014,19,797,NA
5/23/2014,22,793.5,NA
5/24/2014,1,790,NA
5/24/2014,4,786.5,NA
5/24/2014,7,781,NA
5/24/2014,10,771,NA
5/24/2014,13,761,NA
5/24/2014,16,743.5,NA
5/24/2014,19,727,NA
5/24/2014,22,702.5,NA
5/25/2014,1,682,NA
5/25/2014,4,675.5,NA
5/25/2014,7,672,NA
5/25/2014,10,669,NA
5/25/2014,13,666,NA
5/25/2014,16,660,NA
5/25/2014,19,650,NA
5/25/2014,22,633,NA
5/26/2014,1,621,NA
5/26/2014,4,615.5,NA
5/26/2014,7,611,NA
5/26/2014,10,609.5,NA
5/26/2014,13,606,NA
5/26/2014,16,603,NA
5/26/2014,19,601,NA
5/26/2014,22,597.5,NA
5/27/2014,1,594,NA
5/27/2014,4,602,NA
5/27/2014,7,611,NA
5/27/2014,10,626,NA
5/27/2014,13,633,NA
5/27/2014,16,623,NA
5/27/2014,19,614,NA
5/27/2014,22,610,NA
5/28/2014,1,605,NA
5/28/2014,4,618,NA
5/28/2014,7,632,NA
5/28/2014,10,647.5,NA
5/28/2014,13,658,NA
5/28/2014,16,662,NA
5/28/2014,19,664,NA
5/28/2014,22,659,NA
5/29/2014,1,657,NA
5/29/2014,4,664,NA
5/29/2014,7,670,NA
5/29/2014,10,680.5,NA
5/29/2014,13,687,NA
5/29/2014,16,690.5,NA
5/29/2014,19,695,NA
5/29/2014,22,694.5,NA
5/30/2014,1,693,NA
5/30/2014,4,691.5,NA
5/30/2014,7,691,NA
5/30/2014,10,695,NA
5/30/2014,13,699,NA
5/30/2014,16,699.5,NA
5/30/2014,19,701,NA
5/30/2014,22,701,NA
5/31/2014,1,701,NA
5/31/2014,4,701,NA
5/31/2014,7,701,NA
5/31/2014,10,703,NA
5/31/2014,13,704,NA
5/31/2014,16,696.5,NA
5/31/2014,19,688,NA
5/31/2014,22,681,NA
6/1/2014,1,676,NA
6/1/2014,4,676,NA
6/1/2014,7,676,NA
6/1/2014,10,675.5,NA
6/1/2014,13,673,NA
6/1/2014,16,670,NA
6/1/2014,19,667,NA
6/1/2014,22,661,NA
6/2/2014,1,656,NA
6/2/2014,4,656,NA
6/2/2014,7,653,NA
6/2/2014,10,650.5,NA
6/2/2014,13,647,NA
6/2/2014,16,647,NA
6/2/2014,19,647,NA
6/2/2014,22,646,NA
6/3/2014,1,646,NA
6/3/2014,4,649,NA
6/3/2014,7,652,NA
6/3/2014,10,649,NA
6/3/2014,13,645,NA
6/3/2014,16,639,NA
6/3/2014,19,633,NA
6/3/2014,22,638.5,NA
6/4/2014,1,647,NA
6/4/2014,4,653.5,NA
6/4/2014,7,666,NA
6/4/2014,10,671.5,NA
6/4/2014,13,676,NA
6/4/2014,16,684,NA
6/4/2014,19,687,NA
6/4/2014,22,690,NA
6/5/2014,1,693,NA
6/5/2014,4,691.5,NA
6/5/2014,7,688,NA
6/5/2014,10,688,NA
6/5/2014,13,688,NA
6/5/2014,16,688,NA
6/5/2014,19,688,NA
6/5/2014,22,684.5,NA
6/6/2014,1,679,NA
6/6/2014,4,677.5,NA
6/6/2014,7,677,NA
6/6/2014,10,685,NA
6/6/2014,13,690,NA
6/6/2014,16,684.5,NA
6/6/2014,19,675,NA
6/6/2014,22,667.5,NA
6/7/2014,1,663,NA
6/7/2014,4,663,NA
6/7/2014,7,667,NA
6/7/2014,10,676.5,NA
6/7/2014,13,685,NA
6/7/2014,16,674,NA
6/7/2014,19,665,NA
6/7/2014,22,663.5,NA
6/8/2014,1,662,NA
6/8/2014,4,679.6666667,NA
6/8/2014,7,718,NA
6/8/2014,10,748.6666667,NA
6/8/2014,13,770.3333333,NA
6/8/2014,16,780.3333333,NA
6/8/2014,19,783,NA
6/8/2014,22,784.5,NA
6/9/2014,1,787,NA
6/9/2014,4,793,NA
6/9/2014,7,801,NA
6/9/2014,10,805,NA
6/9/2014,13,805,NA
6/9/2014,16,797,NA
6/9/2014,19,791,NA
6/9/2014,22,784.5,NA
6/10/2014,1,782,NA
6/10/2014,4,785.5,NA
6/10/2014,7,793,NA
6/10/2014,10,800.5,NA
6/10/2014,13,805,NA
6/10/2014,16,802,NA
6/10/2014,19,801,NA
6/10/2014,22,804,NA
6/11/2014,1,809,NA
6/11/2014,4,823.5,NA
6/11/2014,7,844,NA
6/11/2014,10,858,NA
6/11/2014,13,862,NA
6/11/2014,16,865,NA
6/11/2014,19,868,NA
6/11/2014,22,872.5,NA
6/12/2014,1,876,NA
6/12/2014,4,883.5,NA
6/12/2014,7,890,NA
6/12/2014,10,895,NA
6/12/2014,13,898,NA
6/12/2014,16,899,NA
6/12/2014,19,897,NA
6/12/2014,22,898,NA
6/13/2014,1,902,NA
6/13/2014,4,907,NA
6/13/2014,7,909,NA
6/13/2014,10,907.5,NA
6/13/2014,13,903,NA
6/13/2014,16,897,NA
6/13/2014,19,893,NA
6/13/2014,22,891,NA
6/14/2014,1,891,NA
6/14/2014,4,895.5,NA
6/14/2014,7,900,NA
6/14/2014,10,899,NA
6/14/2014,13,892,NA
6/14/2014,16,878,NA
6/14/2014,19,858,NA
6/14/2014,22,838,NA
6/15/2014,1,823,NA
6/15/2014,4,806,NA
6/15/2014,7,790,NA
6/15/2014,10,777,NA
6/15/2014,13,766,NA
6/15/2014,16,752.5,NA
6/15/2014,19,745,NA
6/15/2014,22,736.5,NA
6/16/2014,1,729,NA
6/16/2014,4,729,NA
6/16/2014,7,729,NA
6/16/2014,10,719,NA
6/16/2014,13,710,NA
6/16/2014,16,718.5,NA
6/16/2014,19,734,NA
6/16/2014,22,741,NA
6/17/2014,1,747,NA
6/17/2014,4,755,NA
6/17/2014,7,763,NA
6/17/2014,10,765.5,NA
6/17/2014,13,773,NA
6/17/2014,16,786,NA
6/17/2014,19,793,NA
6/17/2014,22,797,NA
6/18/2014,1,800,NA
6/18/2014,4,818.5,NA
6/18/2014,7,834,NA
6/18/2014,10,844,NA
6/18/2014,13,848,NA
6/18/2014,16,865.5,NA
6/18/2014,19,881,NA
6/18/2014,22,891,NA
6/19/2014,1,901,NA
6/19/2014,4,906,NA
6/19/2014,7,907,NA
6/19/2014,10,907.5,NA
6/19/2014,13,908,NA
6/19/2014,16,908,NA
6/19/2014,19,908,NA
6/19/2014,22,909,NA
6/20/2014,1,914,NA
6/20/2014,4,919.5,NA
6/20/2014,7,919,NA
6/20/2014,10,912.5,NA
6/20/2014,13,908,NA
6/20/2014,16,921.5,NA
6/20/2014,19,934,NA
6/20/2014,22,942,NA
6/21/2014,1,947,NA
6/21/2014,4,942.5,NA
6/21/2014,7,936,NA
6/21/2014,10,924,NA
6/21/2014,13,915,NA
6/21/2014,16,906,NA
6/21/2014,19,898,NA
6/21/2014,22,886.5,NA
6/22/2014,1,877,NA
6/22/2014,4,874,NA
6/22/2014,7,872,NA
6/22/2014,10,875.5,NA
6/22/2014,13,878,NA
6/22/2014,16,872.5,NA
6/22/2014,19,867,NA
6/22/2014,22,854,NA
6/23/2014,1,840,NA
6/23/2014,4,828,NA
6/23/2014,7,817,NA
6/23/2014,10,807,NA
6/23/2014,13,800,NA
6/23/2014,16,800.5,NA
6/23/2014,19,803,NA
6/23/2014,22,808.5,NA
6/24/2014,1,816,NA
6/24/2014,4,828.5,NA
6/24/2014,7,844,NA
6/24/2014,10,846,NA
6/24/2014,13,848,NA
6/24/2014,16,857,NA
6/24/2014,19,861,NA
6/24/2014,22,865.5,NA
6/25/2014,1,870,NA
6/25/2014,4,874,NA
6/25/2014,7,876,NA
6/25/2014,10,862,NA
6/25/2014,13,845,NA
6/25/2014,16,840,NA
6/25/2014,19,835,NA
6/25/2014,22,824,NA
6/26/2014,1,814,NA
6/26/2014,4,822,NA
6/26/2014,7,834,NA
6/26/2014,10,832.5,NA
6/26/2014,13,831,NA
6/26/2014,16,820,NA
6/26/2014,19,803,NA
6/26/2014,22,794,NA
6/27/2014,1,786,NA
6/27/2014,4,798,NA
6/27/2014,7,813,NA
6/27/2014,10,814.5,NA
6/27/2014,13,802,NA
6/27/2014,16,791.5,NA
6/27/2014,19,786,NA
6/27/2014,22,780,NA
6/28/2014,1,773,NA
6/28/2014,4,774,NA
6/28/2014,7,779,NA
6/28/2014,10,794.5,NA
6/28/2014,13,810,NA
6/28/2014,16,803.5,NA
6/28/2014,19,796,NA
6/28/2014,22,786.5,NA
6/29/2014,1,778,NA
6/29/2014,4,811.3333333,NA
6/29/2014,7,853.3333333,NA
6/29/2014,10,892.3333333,NA
6/29/2014,13,903,NA
6/29/2014,16,897.3333333,NA
6/29/2014,19,882.3333333,NA
6/29/2014,22,860.5,NA
6/30/2014,1,844,NA
6/30/2014,4,825.5,NA
6/30/2014,7,808,NA
6/30/2014,10,780.5,NA
6/30/2014,13,757,NA
6/30/2014,16,737.5,NA
6/30/2014,19,727,NA
6/30/2014,22,735,NA
7/1/2014,1,746,NA
7/1/2014,4,770.3333333,NA
7/1/2014,7,807.6666667,NA
7/1/2014,10,822,NA
7/1/2014,13,826,NA
7/1/2014,16,821.6666667,NA
7/1/2014,19,814,NA
7/1/2014,22,806.25,NA
7/2/2014,1,801,NA
7/2/2014,4,805.3333333,NA
7/2/2014,7,812.3333333,NA
7/2/2014,10,839.6666667,NA
7/2/2014,13,867.6666667,NA
7/2/2014,16,886.6666667,NA
7/2/2014,19,901.6666667,NA
7/2/2014,22,905,NA
7/3/2014,1,900,NA
7/3/2014,4,893.5,NA
7/3/2014,7,886,NA
7/3/2014,10,884.5,NA
7/3/2014,13,884,NA
7/3/2014,16,881.5,NA
7/3/2014,19,883,NA
7/3/2014,22,885,NA
7/4/2014,1,887,NA
7/4/2014,4,898,NA
7/4/2014,7,908,NA
7/4/2014,10,914,NA
7/4/2014,13,914,NA
7/4/2014,16,914,NA
7/4/2014,19,914,NA
7/4/2014,22,914,NA
7/5/2014,1,914,NA
7/5/2014,4,913.5,NA
7/5/2014,7,912,NA
7/5/2014,10,903.5,NA
7/5/2014,13,894,NA
7/5/2014,16,911,NA
7/5/2014,19,937,NA
7/5/2014,22,958,NA
7/6/2014,1,973,NA
7/6/2014,4,991.3333333,NA
7/6/2014,7,1032.666667,NA
7/6/2014,10,1055,NA
7/6/2014,13,1062,NA
7/6/2014,16,1061.666667,NA
7/6/2014,19,1052,NA
7/6/2014,22,1028,NA
7/7/2014,1,1006,NA
7/7/2014,4,977.5,NA
7/7/2014,7,949,NA
7/7/2014,10,927.5,NA
7/7/2014,13,910,NA
7/7/2014,16,908.5,NA
7/7/2014,19,908,NA
7/7/2014,22,913.5,NA
7/8/2014,1,921,NA
7/8/2014,4,938.5,NA
7/8/2014,7,960,NA
7/8/2014,10,968.5,NA
7/8/2014,13,972,NA
7/8/2014,16,972,NA
7/8/2014,19,972,NA
7/8/2014,22,976,NA
7/9/2014,1,982,NA
7/9/2014,4,988.5,NA
7/9/2014,7,991,NA
7/9/2014,10,988,NA
7/9/2014,13,984,NA
7/9/2014,16,977.5,NA
7/9/2014,19,969,NA
7/9/2014,22,956.5,NA
7/10/2014,1,945,NA
7/10/2014,4,938.5,NA
7/10/2014,7,935,NA
7/10/2014,10,928,NA
7/10/2014,13,925,NA
7/10/2014,16,925,NA
7/10/2014,19,930,NA
7/10/2014,22,939.5,NA
7/11/2014,1,950,NA
7/11/2014,4,961.5,NA
7/11/2014,7,971,NA
7/11/2014,10,971.5,NA
7/11/2014,13,966,NA
7/11/2014,16,971.5,NA
7/11/2014,19,978,NA
7/11/2014,22,975,NA
7/12/2014,1,970,NA
7/12/2014,4,970,NA
7/12/2014,7,970,NA
7/12/2014,10,961,NA
7/12/2014,13,954,NA
7/12/2014,16,957,NA
7/12/2014,19,961,NA
7/12/2014,22,962.5,NA
7/13/2014,1,964,NA
7/13/2014,4,964.5,NA
7/13/2014,7,965,NA
7/13/2014,10,963.5,NA
7/13/2014,13,962,NA
7/13/2014,16,956,NA
7/13/2014,19,949,NA
7/13/2014,22,945,NA
7/14/2014,1,944,NA
7/14/2014,4,946,NA
7/14/2014,7,948,NA
7/14/2014,10,953.5,NA
7/14/2014,13,958,NA
7/14/2014,16,963.5,NA
7/14/2014,19,965,NA
7/14/2014,22,968,NA
7/15/2014,1,970,NA
7/15/2014,4,971.5,NA
7/15/2014,7,969,NA
7/15/2014,10,954.5,NA
7/15/2014,13,940,NA
7/15/2014,16,932,NA
7/15/2014,19,926,NA
7/15/2014,22,922,NA
7/16/2014,1,918,NA
7/16/2014,4,921.5,NA
7/16/2014,7,926,NA
7/16/2014,10,926,NA
7/16/2014,13,924,NA
7/16/2014,16,923,NA
7/16/2014,19,923,NA
7/16/2014,22,926.5,NA
7/17/2014,1,933,NA
7/17/2014,4,940,NA
7/17/2014,7,947,NA
7/17/2014,10,948,NA
7/17/2014,13,945,NA
7/17/2014,16,945.5,NA
7/17/2014,19,948,NA
7/17/2014,22,958.5,NA
7/18/2014,1,969,NA
7/18/2014,4,979.5,NA
7/18/2014,7,988,NA
7/18/2014,10,988,NA
7/18/2014,13,988,NA
7/18/2014,16,988.5,NA
7/18/2014,19,990,NA
7/18/2014,22,993,NA
7/19/2014,1,994,NA
7/19/2014,4,986.5,NA
7/19/2014,7,980,NA
7/19/2014,10,974,NA
7/19/2014,13,968,NA
7/19/2014,16,960,NA
7/19/2014,19,951,NA
7/19/2014,22,945.5,NA
7/20/2014,1,942,NA
7/20/2014,4,947,NA
7/20/2014,7,957,NA
7/20/2014,10,964.6666667,NA
7/20/2014,13,980.3333333,NA
7/20/2014,16,1021,NA
7/20/2014,19,1059.333333,NA
7/20/2014,22,1105,NA
7/21/2014,1,1145,NA
7/21/2014,4,1162.666667,NA
7/21/2014,7,1191.333333,NA
7/21/2014,10,1218,NA
7/21/2014,13,1230.666667,NA
7/21/2014,16,1244.666667,NA
7/21/2014,19,1256.333333,NA
7/21/2014,22,1281.5,NA
7/22/2014,1,1320,NA
7/22/2014,4,1345,NA
7/22/2014,7,1371.666667,NA
7/22/2014,10,1394.666667,NA
7/22/2014,13,1412.666667,NA
7/22/2014,16,1426.666667,NA
7/22/2014,19,1429.666667,NA
7/22/2014,22,1425,NA
7/23/2014,1,1415,NA
7/23/2014,4,1405.666667,NA
7/23/2014,7,1388.666667,NA
7/23/2014,10,1365.333333,NA
7/23/2014,13,1341,NA
7/23/2014,16,1315.666667,NA
7/23/2014,19,1293.333333,NA
7/23/2014,22,1268.5,NA
7/24/2014,1,1250,NA
7/24/2014,4,1241.666667,NA
7/24/2014,7,1228.666667,NA
7/24/2014,10,1213,NA
7/24/2014,13,1199,NA
7/24/2014,16,1186.333333,NA
7/24/2014,19,1177.666667,NA
7/24/2014,22,1165.5,NA
7/25/2014,1,1154,NA
7/25/2014,4,1144.5,NA
7/25/2014,7,1137,NA
7/25/2014,10,1127.5,NA
7/25/2014,13,1121,NA
7/25/2014,16,1116.5,NA
7/25/2014,19,1113,NA
7/25/2014,22,1108,NA
7/26/2014,1,1102,NA
7/26/2014,4,1095.5,NA
7/26/2014,7,1092,NA
7/26/2014,10,1083.5,NA
7/26/2014,13,1069,NA
7/26/2014,16,1061,NA
7/26/2014,19,1056,NA
7/26/2014,22,1053,NA
7/27/2014,1,1052,NA
7/27/2014,4,1052,NA
7/27/2014,7,1052,NA
7/27/2014,10,1047.5,NA
7/27/2014,13,1038,NA
7/27/2014,16,1030,NA
7/27/2014,19,1020,NA
7/27/2014,22,1014,NA
7/28/2014,1,1007,NA
7/28/2014,4,1007,NA
7/28/2014,7,1007,NA
7/28/2014,10,1007,NA
7/28/2014,13,1007,NA
7/28/2014,16,1007,NA
7/28/2014,19,1007,NA
7/28/2014,22,1012.5,NA
7/29/2014,1,1017,NA
7/29/2014,4,1015.5,NA
7/29/2014,7,1014,NA
7/29/2014,10,1012,NA
7/29/2014,13,1010,NA
7/29/2014,16,1010,NA
7/29/2014,19,1010,NA
7/29/2014,22,1015,NA
7/30/2014,1,1021,NA
7/30/2014,4,1024.5,NA
7/30/2014,7,1022,NA
7/30/2014,10,1020,NA
7/30/2014,13,1016,NA
7/30/2014,16,1015,NA
7/30/2014,19,1015,NA
7/30/2014,22,1015,NA
7/31/2014,1,1015,NA
7/31/2014,4,1015,NA
7/31/2014,7,1014,NA
7/31/2014,10,1007.5,NA
7/31/2014,13,1000,NA
7/31/2014,16,997,NA
7/31/2014,19,993,NA
7/31/2014,22,991.5,NA
8/1/2014,1,990,NA
8/1/2014,4,987,NA
8/1/2014,7,983,NA
8/1/2014,10,976.5,NA
8/1/2014,13,970,NA
8/1/2014,16,957.5,NA
8/1/2014,19,946,NA
8/1/2014,22,932.5,NA
8/2/2014,1,921,NA
8/2/2014,4,920,NA
8/2/2014,7,928,NA
8/2/2014,10,935.5,NA
8/2/2014,13,939,NA
8/2/2014,16,941.5,NA
8/2/2014,19,942,NA
8/2/2014,22,942,NA
8/3/2014,1,942,NA
8/3/2014,4,947.5,NA
8/3/2014,7,955,NA
8/3/2014,10,955,NA
8/3/2014,13,955,NA
8/3/2014,16,960,NA
8/3/2014,19,964,NA
8/3/2014,22,968,NA
8/4/2014,1,969,NA
8/4/2014,4,976,NA
8/4/2014,7,986,NA
8/4/2014,10,991,NA
8/4/2014,13,992,NA
8/4/2014,16,999.5,NA
8/4/2014,19,1009,NA
8/4/2014,22,1019,NA
8/5/2014,1,1032,NA
8/5/2014,4,1031.5,NA
8/5/2014,7,1020,NA
8/5/2014,10,1010.5,NA
8/5/2014,13,1004,NA
8/5/2014,16,1003.5,NA
8/5/2014,19,1007,NA
8/5/2014,22,1017.5,NA
8/6/2014,1,1028,NA
8/6/2014,4,1023.5,NA
8/6/2014,7,1019,NA
8/6/2014,10,1010,NA
8/6/2014,13,1003,NA
8/6/2014,16,989,NA
8/6/2014,19,972,NA
8/6/2014,22,978.5,NA
8/7/2014,1,988,NA
8/7/2014,4,988,NA
8/7/2014,7,988,NA
8/7/2014,10,983,NA
8/7/2014,13,977,NA
8/7/2014,16,968,NA
8/7/2014,19,958,NA
8/7/2014,22,955,NA
8/8/2014,1,952,NA
8/8/2014,4,959.5,NA
8/8/2014,7,972,NA
8/8/2014,10,967,NA
8/8/2014,13,962,NA
8/8/2014,16,958.5,NA
8/8/2014,19,955,NA
8/8/2014,22,952,NA
8/9/2014,1,951,NA
8/9/2014,4,964.5,NA
8/9/2014,7,980,NA
8/9/2014,10,984,NA
8/9/2014,13,987,NA
8/9/2014,16,981.5,NA
8/9/2014,19,973,NA
8/9/2014,22,960,NA
8/10/2014,1,953,NA
8/10/2014,4,950,NA
8/10/2014,7,949,NA
8/10/2014,10,944.5,NA
8/10/2014,13,938,NA
8/10/2014,16,932,NA
8/10/2014,19,926,NA
8/10/2014,22,918.5,NA
8/11/2014,1,910,NA
8/11/2014,4,904.5,NA
8/11/2014,7,900,NA
8/11/2014,10,897.5,NA
8/11/2014,13,897,NA
8/11/2014,16,903,NA
8/11/2014,19,912,NA
8/11/2014,22,922,NA
8/12/2014,1,933,NA
8/12/2014,4,943,NA
8/12/2014,7,952,NA
8/12/2014,10,949.5,NA
8/12/2014,13,948,NA
8/12/2014,16,948,NA
8/12/2014,19,948,NA
8/12/2014,22,944.5,NA
8/13/2014,1,943,NA
8/13/2014,4,947.5,NA
8/13/2014,7,956,NA
8/13/2014,10,957,NA
8/13/2014,13,962,NA
8/13/2014,16,974.5,NA
8/13/2014,19,981,NA
8/13/2014,22,990.5,NA
8/14/2014,1,1006,NA
8/14/2014,4,1022.333333,NA
8/14/2014,7,1050.666667,NA
8/14/2014,10,1070.333333,NA
8/14/2014,13,1080,NA
8/14/2014,16,1085.666667,NA
8/14/2014,19,1084.666667,NA
8/14/2014,22,1077,NA
8/15/2014,1,1069,NA
8/15/2014,4,1070.5,NA
8/15/2014,7,1076,NA
8/15/2014,10,1064,NA
8/15/2014,13,1050,NA
8/15/2014,16,1031,NA
8/15/2014,19,1011,NA
8/15/2014,22,994.5,NA
8/16/2014,1,983,NA
8/16/2014,4,979,NA
8/16/2014,7,979,NA
8/16/2014,10,976,NA
8/16/2014,13,972,NA
8/16/2014,16,962.5,NA
8/16/2014,19,953,NA
8/16/2014,22,945.5,NA
8/17/2014,1,939,NA
8/17/2014,4,936,NA
8/17/2014,7,932,NA
8/17/2014,10,935,NA
8/17/2014,13,939,NA
8/17/2014,16,932.5,NA
8/17/2014,19,927,NA
8/17/2014,22,914,NA
8/18/2014,1,901,NA
8/18/2014,4,897,NA
8/18/2014,7,897,NA
8/18/2014,10,900,NA
8/18/2014,13,904,NA
8/18/2014,16,901,NA
8/18/2014,19,899,NA
8/18/2014,22,904.5,NA
8/19/2014,1,912,NA
8/19/2014,4,921.5,NA
8/19/2014,7,931,NA
8/19/2014,10,931,NA
8/19/2014,13,929,NA
8/19/2014,16,932,NA
8/19/2014,19,936,NA
8/19/2014,22,947,NA
8/20/2014,1,961,NA
8/20/2014,4,972.5,NA
8/20/2014,7,978,NA
8/20/2014,10,981.5,NA
8/20/2014,13,984,NA
8/20/2014,16,980.5,NA
8/20/2014,19,977,NA
8/20/2014,22,972.5,NA
8/21/2014,1,969,NA
8/21/2014,4,973.5,NA
8/21/2014,7,977,NA
8/21/2014,10,980,NA
8/21/2014,13,980,NA
8/21/2014,16,973.5,NA
8/21/2014,19,964,NA
8/21/2014,22,960,NA
8/22/2014,1,969,NA
8/22/2014,4,975.5,NA
8/22/2014,7,981,NA
8/22/2014,10,980,NA
8/22/2014,13,977,NA
8/22/2014,16,966,NA
8/22/2014,19,954,NA
8/22/2014,22,943.5,NA
8/23/2014,1,934,NA
8/23/2014,4,937,NA
8/23/2014,7,941,NA
8/23/2014,10,948.5,NA
8/23/2014,13,948,NA
8/23/2014,16,939,NA
8/23/2014,19,930,NA
8/23/2014,22,920,NA
8/24/2014,1,908,NA
8/24/2014,4,920,NA
8/24/2014,7,944,NA
8/24/2014,10,957,NA
8/24/2014,13,963,NA
8/24/2014,16,955.5,NA
8/24/2014,19,947,NA
8/24/2014,22,945,NA
8/25/2014,1,945,NA
8/25/2014,4,948.5,NA
8/25/2014,7,953,NA
8/25/2014,10,961,NA
8/25/2014,13,973,NA
8/25/2014,16,987.5,NA
8/25/2014,19,995,NA
8/25/2014,22,1008.5,NA
8/26/2014,1,1029,NA
8/26/2014,4,1037,NA
8/26/2014,7,1045,NA
8/26/2014,10,1045,NA
8/26/2014,13,1045,NA
8/26/2014,16,1038,NA
8/26/2014,19,1027,NA
8/26/2014,22,1023,NA
8/27/2014,1,1020,NA
8/27/2014,4,1018,NA
8/27/2014,7,1022,NA
8/27/2014,10,1017,NA
8/27/2014,13,1009,NA
8/27/2014,16,994.5,NA
8/27/2014,19,981,NA
8/27/2014,22,975.5,NA
8/28/2014,1,971,NA
8/28/2014,4,971.5,NA
8/28/2014,7,974,NA
8/28/2014,10,972,NA
8/28/2014,13,965,NA
8/28/2014,16,954.5,NA
8/28/2014,19,941,NA
8/28/2014,22,930,NA
8/29/2014,1,924,NA
8/29/2014,4,927,NA
8/29/2014,7,931,NA
8/29/2014,10,941,NA
8/29/2014,13,952,NA
8/29/2014,16,965.5,NA
8/29/2014,19,978,NA
8/29/2014,22,989,NA
8/30/2014,1,999,NA
8/30/2014,4,1019.5,NA
8/30/2014,7,1041,NA
8/30/2014,10,1057.5,NA
8/30/2014,13,1072,NA
8/30/2014,16,1079,NA
8/30/2014,19,1085,NA
8/30/2014,22,1087,NA
8/31/2014,1,1087,NA
8/31/2014,4,1084,NA
8/31/2014,7,1080,NA
8/31/2014,10,1073.5,NA
8/31/2014,13,1066,NA
8/31/2014,16,1058.5,NA
8/31/2014,19,1050,NA
8/31/2014,22,1041,NA
9/1/2014,1,1034,NA
9/1/2014,4,1027,NA
9/1/2014,7,1017,NA
9/1/2014,10,1009.5,NA
9/1/2014,13,1003,NA
9/1/2014,16,998.5,NA
9/1/2014,19,994,NA
9/1/2014,22,985.5,NA
9/2/2014,1,978,NA
9/2/2014,4,972.5,NA
9/2/2014,7,968,NA
9/2/2014,10,968,NA
9/2/2014,13,965,NA
9/2/2014,16,965,NA
9/2/2014,19,962,NA
9/2/2014,22,959,NA
9/3/2014,1,955,NA
9/3/2014,4,947,NA
9/3/2014,7,941,NA
9/3/2014,10,941,NA
9/3/2014,13,941,NA
9/3/2014,16,944,NA
9/3/2014,19,948,NA
9/3/2014,22,949.5,NA
9/4/2014,1,952,NA
9/4/2014,4,954.5,NA
9/4/2014,7,953,NA
9/4/2014,10,954,NA
9/4/2014,13,956,NA
9/4/2014,16,947,NA
9/4/2014,19,940,NA
9/4/2014,22,937,NA
9/5/2014,1,933,NA
9/5/2014,4,930.5,NA
9/5/2014,7,929,NA
9/5/2014,10,932,NA
9/5/2014,13,936,NA
9/5/2014,16,932,NA
9/5/2014,19,926,NA
9/5/2014,22,923,NA
9/6/2014,1,922,NA
9/6/2014,4,930,NA
9/6/2014,7,945,NA
9/6/2014,10,949,NA
9/6/2014,13,950,NA
9/6/2014,16,940.5,NA
9/6/2014,19,925,NA
9/6/2014,22,910.5,NA
9/7/2014,1,900,NA
9/7/2014,4,900,NA
9/7/2014,7,900,NA
9/7/2014,10,905,NA
9/7/2014,13,909,NA
9/7/2014,16,903,NA
9/7/2014,19,892,NA
9/7/2014,22,882.5,NA
9/8/2014,1,877,NA
9/8/2014,4,870.5,NA
9/8/2014,7,863,NA
9/8/2014,10,863,NA
9/8/2014,13,868,NA
9/8/2014,16,876,NA
9/8/2014,19,883,NA
9/8/2014,22,886,NA
9/9/2014,1,888,NA
9/9/2014,4,888,NA
9/9/2014,7,886,NA
9/9/2014,10,885.5,NA
9/9/2014,13,884,NA
9/9/2014,16,878.5,NA
9/9/2014,19,873,NA
9/9/2014,22,872.5,NA
9/10/2014,1,878,NA
9/10/2014,4,881,NA
9/10/2014,7,883,NA
9/10/2014,10,892,NA
9/10/2014,13,896,NA
9/10/2014,16,898.5,NA
9/10/2014,19,900,NA
9/10/2014,22,901.5,NA
9/11/2014,1,902,NA
9/11/2014,4,912,NA
9/11/2014,7,922,NA
9/11/2014,10,927,NA
9/11/2014,13,933,NA
9/11/2014,16,932,NA
9/11/2014,19,924,NA
9/11/2014,22,913.5,NA
9/12/2014,1,907,NA
9/12/2014,4,910.5,NA
9/12/2014,7,917,NA
9/12/2014,10,920,NA
9/12/2014,13,924,NA
9/12/2014,16,926,NA
9/12/2014,19,920,NA
9/12/2014,22,914,NA
9/13/2014,1,907,NA
9/13/2014,4,916.5,NA
9/13/2014,7,926,NA
9/13/2014,10,931.5,NA
9/13/2014,13,936,NA
9/13/2014,16,930,NA
9/13/2014,19,923,NA
9/13/2014,22,913.5,NA
9/14/2014,1,907,NA
9/14/2014,4,898.5,NA
9/14/2014,7,891,NA
9/14/2014,10,886.5,NA
9/14/2014,13,883,NA
9/14/2014,16,881,NA
9/14/2014,19,878,NA
9/14/2014,22,876,NA
9/15/2014,1,876,NA
9/15/2014,4,879,NA
9/15/2014,7,882,NA
9/15/2014,10,890,NA
9/15/2014,13,897,NA
9/15/2014,16,907,NA
9/15/2014,19,907,NA
9/15/2014,22,901.5,NA
9/16/2014,1,898,NA
9/16/2014,4,899.5,NA
9/16/2014,7,905,NA
9/16/2014,10,904,NA
9/16/2014,13,901,NA
9/16/2014,16,897.5,NA
9/16/2014,19,896,NA
9/16/2014,22,892,NA
9/17/2014,1,886,NA
9/17/2014,4,881,NA
9/17/2014,7,877,NA
9/17/2014,10,876.5,NA
9/17/2014,13,882,NA
9/17/2014,16,889,NA
9/17/2014,19,892,NA
9/17/2014,22,893.5,NA
9/18/2014,1,896,NA
9/18/2014,4,902,NA
9/18/2014,7,914.3333333,NA
9/18/2014,10,929.6666667,NA
9/18/2014,13,949.6666667,NA
9/18/2014,16,985.3333333,NA
9/18/2014,19,1038,NA
9/18/2014,22,1088,NA
9/19/2014,1,1150,NA
9/19/2014,4,1165.333333,NA
9/19/2014,7,1179,NA
9/19/2014,10,1192.333333,NA
9/19/2014,13,1204.666667,NA
9/19/2014,16,1224.666667,NA
9/19/2014,19,1245.666667,NA
9/19/2014,22,1263,NA
9/20/2014,1,1281,NA
9/20/2014,4,1281.333333,NA
9/20/2014,7,1282,NA
9/20/2014,10,1281.333333,NA
9/20/2014,13,1274.666667,NA
9/20/2014,16,1265,NA
9/20/2014,19,1252.666667,NA
9/20/2014,22,1239.25,NA
9/21/2014,1,1230,NA
9/21/2014,4,1227.5,NA
9/21/2014,7,1226,NA
9/21/2014,10,1239.5,NA
9/21/2014,13,1264,NA
9/21/2014,16,1289,NA
9/21/2014,19,1313,NA
9/21/2014,22,1326.5,NA
9/22/2014,1,1339,NA
9/22/2014,4,1341.5,NA
9/22/2014,7,1334,NA
9/22/2014,10,1319.5,NA
9/22/2014,13,1302,NA
9/22/2014,16,1284.5,NA
9/22/2014,19,1274,NA
9/22/2014,22,1264.5,NA
9/23/2014,1,1256,NA
9/23/2014,4,1248,NA
9/23/2014,7,1241,NA
9/23/2014,10,1231,NA
9/23/2014,13,1221,NA
9/23/2014,16,1211,NA
9/23/2014,19,1202,NA
9/23/2014,22,1192.5,NA
9/24/2014,1,1183,NA
9/24/2014,4,1173,NA
9/24/2014,7,1163,NA
9/24/2014,10,1150.5,NA
9/24/2014,13,1142,NA
9/24/2014,16,1134.5,NA
9/24/2014,19,1127,NA
9/24/2014,22,1120.5,NA
9/25/2014,1,1113,NA
9/25/2014,4,1102.5,NA
9/25/2014,7,1092,NA
9/25/2014,10,1082.5,NA
9/25/2014,13,1074,NA
9/25/2014,16,1074,NA
9/25/2014,19,1074,NA
9/25/2014,22,1074,NA
9/26/2014,1,1074,NA
9/26/2014,4,1073.5,NA
9/26/2014,7,1072,NA
9/26/2014,10,1068,NA
9/26/2014,13,1060,NA
9/26/2014,16,1051.5,NA
9/26/2014,19,1043,NA
9/26/2014,22,1034,NA
9/27/2014,1,1024,NA
9/27/2014,4,1019.5,NA
9/27/2014,7,1015,NA
9/27/2014,10,1012,NA
9/27/2014,13,1011,NA
9/27/2014,16,1011,NA
9/27/2014,19,1011,NA
9/27/2014,22,1014,NA
9/28/2014,1,1018,NA
9/28/2014,4,1021,NA
9/28/2014,7,1024,NA
9/28/2014,10,1024,NA
9/28/2014,13,1021,NA
9/28/2014,16,1018,NA
9/28/2014,19,1014,NA
9/28/2014,22,1011.5,NA
9/29/2014,1,1010,NA
9/29/2014,4,1008.5,NA
9/29/2014,7,1007,NA
9/29/2014,10,1002,NA
9/29/2014,13,994,NA
9/29/2014,16,987,NA
9/29/2014,19,988,NA
9/29/2014,22,996,NA
9/30/2014,1,1005,NA
9/30/2014,4,1017.5,NA
9/30/2014,7,1031,NA
9/30/2014,10,1039.5,NA
9/30/2014,13,1042,NA
9/30/2014,16,1031.5,NA
9/30/2014,19,1021,NA
9/30/2014,22,1009.5,NA
10/1/2014,1,1001,NA
10/1/2014,4,992.5,NA
10/1/2014,7,987,NA
10/1/2014,10,978.5,NA
10/1/2014,13,975,NA
10/1/2014,16,973.5,NA
10/1/2014,19,973,NA
10/1/2014,22,973,NA
10/2/2014,1,973,NA
10/2/2014,4,976,NA
10/2/2014,7,979,NA
10/2/2014,10,979,NA
10/2/2014,13,978,NA
10/2/2014,16,975,NA
10/2/2014,19,973,NA
10/2/2014,22,973,NA
10/3/2014,1,975,NA
10/3/2014,4,977.5,NA
10/3/2014,7,974,NA
10/3/2014,10,969,NA
10/3/2014,13,963,NA
10/3/2014,16,953,NA
10/3/2014,19,945,NA
10/3/2014,22,936.5,NA
10/4/2014,1,924,NA
10/4/2014,4,912,NA
10/4/2014,7,904,NA
10/4/2014,10,900,NA
10/4/2014,13,897,NA
10/4/2014,16,890.5,NA
10/4/2014,19,886,NA
10/4/2014,22,886,NA
10/5/2014,1,886,NA
10/5/2014,4,902,NA
10/5/2014,7,931,NA
10/5/2014,10,949.5,NA
10/5/2014,13,961,NA
10/5/2014,16,962.5,NA
10/5/2014,19,957,NA
10/5/2014,22,949.5,NA
10/6/2014,1,944,NA
10/6/2014,4,957,NA
10/6/2014,7,971,NA
10/6/2014,10,966,NA
10/6/2014,13,958,NA
10/6/2014,16,946.5,NA
10/6/2014,19,933,NA
10/6/2014,22,917.5,NA
10/7/2014,1,904,NA
10/7/2014,4,897,NA
10/7/2014,7,892,NA
10/7/2014,10,897.5,NA
10/7/2014,13,907,NA
10/7/2014,16,908.5,NA
10/7/2014,19,910,NA
10/7/2014,22,907,NA
10/8/2014,1,905,NA
10/8/2014,4,910.5,NA
10/8/2014,7,917,NA
10/8/2014,10,920,NA
10/8/2014,13,918,NA
10/8/2014,16,910.5,NA
10/8/2014,19,903,NA
10/8/2014,22,892,NA
10/9/2014,1,882,NA
10/9/2014,4,882,NA
10/9/2014,7,882,NA
10/9/2014,10,884.5,NA
10/9/2014,13,886,NA
10/9/2014,16,883,NA
10/9/2014,19,880,NA
10/9/2014,22,872.5,NA
10/10/2014,1,867,NA
10/10/2014,4,862.5,NA
10/10/2014,7,859,NA
10/10/2014,10,852,NA
10/10/2014,13,845,NA
10/10/2014,16,839,NA
10/10/2014,19,834,NA
10/10/2014,22,843.5,NA
10/11/2014,1,854,NA
10/11/2014,4,847.5,NA
10/11/2014,7,834,NA
10/11/2014,10,830.5,NA
10/11/2014,13,829,NA
10/11/2014,16,829,NA
10/11/2014,19,829,NA
10/11/2014,22,832,NA
10/12/2014,1,837,NA
10/12/2014,4,831.5,NA
10/12/2014,7,824,NA
10/12/2014,10,808.5,NA
10/12/2014,13,789,NA
10/12/2014,16,773.5,NA
10/12/2014,19,760,NA
10/12/2014,22,762,NA
10/13/2014,1,770,NA
10/13/2014,4,772.5,NA
10/13/2014,7,767,NA
10/13/2014,10,756,NA
10/13/2014,13,740,NA
10/13/2014,16,751,NA
10/13/2014,19,769,NA
10/13/2014,22,779.5,NA
10/14/2014,1,783,NA
10/14/2014,4,779.5,NA
10/14/2014,7,774,NA
10/14/2014,10,775,NA
10/14/2014,13,778,NA
10/14/2014,16,785,NA
10/14/2014,19,798,NA
10/14/2014,22,805,NA
10/15/2014,1,810,NA
10/15/2014,4,807,NA
10/15/2014,7,803,NA
10/15/2014,10,802,NA
10/15/2014,13,802,NA
10/15/2014,16,805.5,NA
10/15/2014,19,810,NA
10/15/2014,22,810.5,NA
10/16/2014,1,805,NA
10/16/2014,4,789.5,NA
10/16/2014,7,772,NA
10/16/2014,10,773.5,NA
10/16/2014,13,780,NA
10/16/2014,16,789,NA
10/16/2014,19,798,NA
10/16/2014,22,807,NA
10/17/2014,1,815,NA
10/17/2014,4,802.5,NA
10/17/2014,7,778,NA
10/17/2014,10,760,NA
10/17/2014,13,749,NA
10/17/2014,16,744,NA
10/17/2014,19,743,NA
10/17/2014,22,740,NA
10/18/2014,1,739,NA
10/18/2014,4,737.5,NA
10/18/2014,7,736,NA
10/18/2014,10,740.5,NA
10/18/2014,13,744,NA
10/18/2014,16,751,NA
10/18/2014,19,760,NA
10/18/2014,22,755,NA
10/19/2014,1,749,NA
10/19/2014,4,741.5,NA
10/19/2014,7,737,NA
10/19/2014,10,730.5,NA
10/19/2014,13,727,NA
10/19/2014,16,723,NA
10/19/2014,19,721,NA
10/19/2014,22,716,NA
10/20/2014,1,715,NA
10/20/2014,4,709.5,NA
10/20/2014,7,700,NA
10/20/2014,10,696,NA
10/20/2014,13,693,NA
10/20/2014,16,688.5,NA
10/20/2014,19,685,NA
10/20/2014,22,693.5,NA
10/21/2014,1,713,NA
10/21/2014,4,708,NA
10/21/2014,7,700,NA
10/21/2014,10,700,NA
10/21/2014,13,703,NA
10/21/2014,16,717.5,NA
10/21/2014,19,732,NA
10/21/2014,22,741,NA
10/22/2014,1,746,NA
10/22/2014,4,749,NA
10/22/2014,7,752,NA
10/22/2014,10,757,NA
10/22/2014,13,763,NA
10/22/2014,16,778,NA
10/22/2014,19,804,NA
10/22/2014,22,820.5,NA
10/23/2014,1,828,NA
10/23/2014,4,823.5,NA
10/23/2014,7,819,NA
10/23/2014,10,806,NA
10/23/2014,13,796,NA
10/23/2014,16,799,NA
10/23/2014,19,803,NA
10/23/2014,22,799,NA
10/24/2014,1,791,NA
10/24/2014,4,773.5,NA
10/24/2014,7,749,NA
10/24/2014,10,722.5,NA
10/24/2014,13,713,NA
10/24/2014,16,717.5,NA
10/24/2014,19,724,NA
10/24/2014,22,727,NA
10/25/2014,1,730,NA
10/25/2014,4,721,NA
10/25/2014,7,706,NA
10/25/2014,10,699,NA
10/25/2014,13,694,NA
10/25/2014,16,674.5,NA
10/25/2014,19,660,NA
10/25/2014,22,653.5,NA
10/26/2014,1,649,NA
10/26/2014,4,646,NA
10/26/2014,7,645,NA
10/26/2014,10,643.5,NA
10/26/2014,13,640,NA
10/26/2014,16,642,NA
10/26/2014,19,647,NA
10/26/2014,22,650,NA
10/27/2014,1,651,NA
10/27/2014,4,640,NA
10/27/2014,7,630,NA
10/27/2014,10,622.5,NA
10/27/2014,13,616,NA
10/27/2014,16,617.5,NA
10/27/2014,19,633,NA
10/27/2014,22,641,NA
10/28/2014,1,646,NA
10/28/2014,4,649,NA
10/28/2014,7,650,NA
10/28/2014,10,660.5,NA
10/28/2014,13,667,NA
10/28/2014,16,677.5,NA
10/28/2014,19,677,NA
10/28/2014,22,680.5,NA
10/29/2014,1,688,NA
10/29/2014,4,680.5,NA
10/29/2014,7,669,NA
10/29/2014,10,660,NA
10/29/2014,13,657,NA
10/29/2014,16,662,NA
10/29/2014,19,666,NA
10/29/2014,22,666,NA
10/30/2014,1,666,NA
10/30/2014,4,658,NA
10/30/2014,7,647,NA
10/30/2014,10,642.5,NA
10/30/2014,13,639,NA
10/30/2014,16,645,NA
10/30/2014,19,655,NA
10/30/2014,22,660.5,NA
10/31/2014,1,665,NA
10/31/2014,4,656,NA
10/31/2014,7,643,NA
10/31/2014,10,648,NA
10/31/2014,13,653,NA
10/31/2014,16,659.5,NA
10/31/2014,19,664,NA
10/31/2014,22,660.5,NA
11/1/2014,1,654,NA
11/1/2014,4,648.5,NA
11/1/2014,7,645,NA
11/1/2014,10,652,NA
11/1/2014,13,665,NA
11/1/2014,16,684.5,NA
11/1/2014,19,704,NA
11/1/2014,22,713,NA
11/2/2014,1,712,NA
11/2/2014,4,706,NA
11/2/2014,7,700,NA
11/2/2014,10,696,NA
11/2/2014,13,693,NA
11/2/2014,16,690,NA
11/2/2014,19,690,NA
11/2/2014,22,689,NA
11/3/2014,1,686,NA
11/3/2014,4,682,NA
11/3/2014,7,681,NA
11/3/2014,10,688.5,NA
11/3/2014,13,701,NA
11/3/2014,16,717,NA
11/3/2014,19,729,NA
11/3/2014,22,734.5,NA
11/4/2014,1,738,NA
11/4/2014,4,730.5,NA
11/4/2014,7,718,NA
11/4/2014,10,723.5,NA
11/4/2014,13,729,NA
11/4/2014,16,729.5,NA
11/4/2014,19,724,NA
11/4/2014,22,724.5,NA
11/5/2014,1,733,NA
11/5/2014,4,730.5,NA
11/5/2014,7,714,NA
11/5/2014,10,714,NA
11/5/2014,13,714,NA
11/5/2014,16,718,NA
11/5/2014,19,725,NA
11/5/2014,22,722.5,NA
11/6/2014,1,717,NA
11/6/2014,4,709.5,NA
11/6/2014,7,704,NA
11/6/2014,10,705,NA
11/6/2014,13,708,NA
11/6/2014,16,713,NA
11/6/2014,19,718,NA
11/6/2014,22,715.5,NA
11/7/2014,1,710,NA
11/7/2014,4,704,NA
11/7/2014,7,701,NA
11/7/2014,10,706.5,NA
11/7/2014,13,720,NA
11/7/2014,16,742,NA
11/7/2014,19,766,NA
11/7/2014,22,792.5,NA
11/8/2014,1,818,NA
11/8/2014,4,835,NA
11/8/2014,7,854,NA
11/8/2014,10,867.3333333,NA
11/8/2014,13,884.6666667,NA
11/8/2014,16,905.3333333,NA
11/8/2014,19,919.3333333,NA
11/8/2014,22,924,NA
11/9/2014,1,919,NA
11/9/2014,4,917,NA
11/9/2014,7,913,NA
11/9/2014,10,906,NA
11/9/2014,13,897,NA
11/9/2014,16,890.5,NA
11/9/2014,19,887,NA
11/9/2014,22,884,NA
11/10/2014,1,881,NA
11/10/2014,4,878,NA
11/10/2014,7,875,NA
11/10/2014,10,870,NA
11/10/2014,13,864,NA
11/10/2014,16,858,NA
11/10/2014,19,851,NA
11/10/2014,22,849,NA
11/11/2014,1,847,NA
11/11/2014,4,847,NA
11/11/2014,7,847,NA
11/11/2014,10,838.5,NA
11/11/2014,13,831,NA
11/11/2014,16,839,NA
11/11/2014,19,845,NA
11/11/2014,22,848.5,NA
11/12/2014,1,852,NA
11/12/2014,4,852,NA
11/12/2014,7,848,NA
11/12/2014,10,841.5,NA
11/12/2014,13,848,NA
11/12/2014,16,849.5,NA
11/12/2014,19,851,NA
11/12/2014,22,853.5,NA
11/13/2014,1,855,NA
11/13/2014,4,850,NA
11/13/2014,7,843,NA
11/13/2014,10,828.5,NA
11/13/2014,13,819,NA
11/13/2014,16,811.5,NA
11/13/2014,19,805,NA
11/13/2014,22,800.5,NA
11/14/2014,1,795,NA
11/14/2014,4,789,NA
11/14/2014,7,784,NA
11/14/2014,10,777,NA
11/14/2014,13,769,NA
11/14/2014,16,765.5,NA
11/14/2014,19,762,NA
11/14/2014,22,762,NA
11/15/2014,1,766,NA
11/15/2014,4,772.5,NA
11/15/2014,7,777,NA
11/15/2014,10,778.5,NA
11/15/2014,13,780,NA
11/15/2014,16,780,NA
11/15/2014,19,780,NA
11/15/2014,22,776,NA
11/16/2014,1,772,NA
11/16/2014,4,767.5,NA
11/16/2014,7,762,NA
11/16/2014,10,759,NA
11/16/2014,13,753,NA
11/16/2014,16,749.5,NA
11/16/2014,19,747,NA
11/16/2014,22,742.5,NA
11/17/2014,1,738,NA
11/17/2014,4,735,NA
11/17/2014,7,731,NA
11/17/2014,10,733,NA
11/17/2014,13,738,NA
11/17/2014,16,746,NA
11/17/2014,19,757,NA
11/17/2014,22,761.5,NA
11/18/2014,1,759,NA
11/18/2014,4,751,NA
11/18/2014,7,744,NA
11/18/2014,10,743.5,NA
11/18/2014,13,751,NA
11/18/2014,16,758.5,NA
11/18/2014,19,765,NA
11/18/2014,22,765.5,NA
11/19/2014,1,759,NA
11/19/2014,4,755.5,NA
11/19/2014,7,753,NA
11/19/2014,10,751.5,NA
11/19/2014,13,746,NA
11/19/2014,16,750,NA
11/19/2014,19,758,NA
11/19/2014,22,758.5,NA
11/20/2014,1,750,NA
11/20/2014,4,742,NA
11/20/2014,7,735,NA
11/20/2014,10,734.5,NA
11/20/2014,13,741,NA
11/20/2014,16,744.5,NA
11/20/2014,19,741,NA
11/20/2014,22,737,NA
11/21/2014,1,733,NA
11/21/2014,4,731,NA
11/21/2014,7,729,NA
11/21/2014,10,726,NA
11/21/2014,13,726,NA
11/21/2014,16,726,NA
11/21/2014,19,725,NA
11/21/2014,22,717,727
11/22/2014,1,709,NA
11/22/2014,4,702.5,NA
11/22/2014,7,698,NA
11/22/2014,10,694.5,NA
11/22/2014,13,692,NA
11/22/2014,16,690.5,NA
11/22/2014,19,688,NA
11/22/2014,22,684,NA
11/23/2014,1,680,NA
11/23/2014,4,676,NA
11/23/2014,7,673,NA
11/23/2014,10,666,NA
11/23/2014,13,662,NA
11/23/2014,16,659,NA
11/23/2014,19,658,NA
11/23/2014,22,659,NA
11/24/2014,1,662,NA
11/24/2014,4,665,NA
11/24/2014,7,667,NA
11/24/2014,10,663.5,NA
11/24/2014,13,657,NA
11/24/2014,16,648.5,NA
11/24/2014,19,642,NA
11/24/2014,22,641.5,NA
11/25/2014,1,647,NA
11/25/2014,4,651,NA
11/25/2014,7,648,NA
11/25/2014,10,638,NA
11/25/2014,13,640,NA
11/25/2014,16,645,NA
11/25/2014,19,652,NA
11/25/2014,22,659.5,NA
11/26/2014,1,662,NA
11/26/2014,4,663.5,NA
11/26/2014,7,665,NA
11/26/2014,10,665,NA
11/26/2014,13,660,NA
11/26/2014,16,656.5,NA
11/26/2014,19,651,NA
11/26/2014,22,651,NA
11/27/2014,1,656,NA
11/27/2014,4,660,NA
11/27/2014,7,663,NA
11/27/2014,10,665,NA
11/27/2014,13,666,NA
11/27/2014,16,667,NA
11/27/2014,19,667,NA
11/27/2014,22,663.5,NA
11/28/2014,1,659,NA
11/28/2014,4,657,NA
11/28/2014,7,654,NA
11/28/2014,10,659,NA
11/28/2014,13,669,NA
11/28/2014,16,681,NA
11/28/2014,19,694,NA
11/28/2014,22,700,672
11/29/2014,1,695,NA
11/29/2014,4,683.5,NA
11/29/2014,7,676,NA
11/29/2014,10,681,NA
11/29/2014,13,688,NA
11/29/2014,16,691.5,NA
11/29/2014,19,695,NA
11/29/2014,22,690.5,NA
11/30/2014,1,685,NA
11/30/2014,4,673,NA
11/30/2014,7,662,NA
11/30/2014,10,653.5,NA
11/30/2014,13,644,NA
11/30/2014,16,633,NA
11/30/2014,19,627,NA
11/30/2014,22,623.5,NA
12/1/2014,1,620,NA
12/1/2014,4,619,NA
12/1/2014,7,618,NA
12/1/2014,10,614,NA
12/1/2014,13,611,NA
12/1/2014,16,609,NA
12/1/2014,19,607,NA
12/1/2014,22,606,613
12/2/2014,1,605,NA
12/2/2014,4,604,NA
12/2/2014,7,604,NA
12/2/2014,10,606,NA
12/2/2014,13,609,NA
12/2/2014,16,607,NA
12/2/2014,19,603,NA
12/2/2014,22,601,605
12/3/2014,1,604,NA
12/3/2014,4,608,NA
12/3/2014,7,610,NA
12/3/2014,10,618,NA
12/3/2014,13,625,NA
12/3/2014,16,629,NA
12/3/2014,19,632,NA
12/3/2014,22,630,620
12/4/2014,1,626,NA
12/4/2014,4,622,NA
12/4/2014,7,620,NA
12/4/2014,10,618,NA
12/4/2014,13,622,NA
12/4/2014,16,628,NA
12/4/2014,19,638,NA
12/4/2014,22,644,627
12/5/2014,1,648,NA
12/5/2014,4,646,NA
12/5/2014,7,644,NA
12/5/2014,10,652,NA
12/5/2014,13,663,NA
12/5/2014,16,673,NA
12/5/2014,19,680,NA
12/5/2014,22,678,661
12/6/2014,1,675,NA
12/6/2014,4,671,NA
12/6/2014,7,668,NA
12/6/2014,10,660,NA
12/6/2014,13,648,NA
12/6/2014,16,640,NA
12/6/2014,19,633,NA
12/6/2014,22,631,653
12/7/2014,1,630,NA
12/7/2014,4,629,NA
12/7/2014,7,629,NA
12/7/2014,10,629,NA
12/7/2014,13,628,NA
12/7/2014,16,636,NA
12/7/2014,19,643,NA
12/7/2014,22,646,634
12/8/2014,1,640,NA
12/8/2014,4,623,NA
12/8/2014,7,605,NA
12/8/2014,10,606.5,NA
12/8/2014,13,611,NA
12/8/2014,16,617,NA
12/8/2014,19,627,NA
12/8/2014,22,629.5,NA
12/9/2014,1,627,NA
12/9/2014,4,620.5,NA
12/9/2014,7,612,NA
12/9/2014,10,605.5,NA
12/9/2014,13,601,NA
12/9/2014,16,611,NA
12/9/2014,19,622,NA
12/9/2014,22,624,NA
12/10/2014,1,621,NA
12/10/2014,4,617,NA
12/10/2014,7,614,NA
12/10/2014,10,610,NA
12/10/2014,13,604,NA
12/10/2014,16,609,NA
12/10/2014,19,618,NA
12/10/2014,22,620,614
12/11/2014,1,617,NA
12/11/2014,4,611,NA
12/11/2014,7,607,NA
12/11/2014,10,601,NA
12/11/2014,13,596,NA
12/11/2014,16,599,NA
12/11/2014,19,603,NA
12/11/2014,22,608,605
12/12/2014,1,610,NA
12/12/2014,4,607,NA
12/12/2014,7,604,NA
12/12/2014,10,600,NA
12/12/2014,13,595,NA
12/12/2014,16,601,NA
12/12/2014,19,610,NA
12/12/2014,22,613,605
12/13/2014,1,614,NA
12/13/2014,4,614,NA
12/13/2014,7,614,NA
12/13/2014,10,612,NA
12/13/2014,13,609,NA
12/13/2014,16,600,NA
12/13/2014,19,594,NA
12/13/2014,22,591,606
12/14/2014,1,593,NA
12/14/2014,4,596,NA
12/14/2014,7,600,NA
12/14/2014,10,589,NA
12/14/2014,13,576,NA
12/14/2014,16,570,NA
12/14/2014,19,566,NA
12/14/2014,22,569,582
12/15/2014,1,577,NA
12/15/2014,4,581,NA
12/15/2014,7,586,NA
12/15/2014,10,580,NA
12/15/2014,13,574,NA
12/15/2014,16,569,NA
12/15/2014,19,565,NA
12/15/2014,22,568,575
12/16/2014,1,573,NA
12/16/2014,4,581,NA
12/16/2014,7,587,NA
12/16/2014,10,593,NA
12/16/2014,13,597,NA
12/16/2014,16,602,NA
12/16/2014,19,610,NA
12/16/2014,22,615,595
12/17/2014,1,617,NA
12/17/2014,4,617,NA
12/17/2014,7,613,NA
12/17/2014,10,611,NA
12/17/2014,13,609,NA
12/17/2014,16,609,NA
12/17/2014,19,609,NA
12/17/2014,22,611,612
12/18/2014,1,614,NA
12/18/2014,4,616,NA
12/18/2014,7,618,NA
12/18/2014,10,620,NA
12/18/2014,13,621,NA
12/18/2014,16,622,NA
12/18/2014,19,622,NA
12/18/2014,22,621,619
12/19/2014,1,619,NA
12/19/2014,4,616,NA
12/19/2014,7,614,NA
12/19/2014,10,608,NA
12/19/2014,13,606,NA
12/19/2014,16,609,NA
12/19/2014,19,612,NA
12/19/2014,22,617,613
12/20/2014,1,620,NA
12/20/2014,4,616,NA
12/20/2014,7,611,NA
12/20/2014,10,609,NA
12/20/2014,13,605,NA
12/20/2014,16,608,NA
12/20/2014,19,613,NA
12/20/2014,22,615,612
12/21/2014,1,611,NA
12/21/2014,4,607,NA
12/21/2014,7,604,NA
12/21/2014,10,597,NA
12/21/2014,13,588,NA
12/21/2014,16,584,NA
12/21/2014,19,581,NA
12/21/2014,22,581,594
12/22/2014,1,585,NA
12/22/2014,4,589,NA
12/22/2014,7,594,NA
12/22/2014,10,590,NA
12/22/2014,13,584,NA
12/22/2014,16,579,NA
12/22/2014,19,575,NA
12/22/2014,22,572,584
12/23/2014,1,574,NA
12/23/2014,4,576,NA
12/23/2014,7,578,NA
12/23/2014,10,581,NA
12/23/2014,13,583,NA
12/23/2014,16,582,NA
12/23/2014,19,579,NA
12/23/2014,22,576,579
12/24/2014,1,573,NA
12/24/2014,4,569,NA
12/24/2014,7,566,NA
12/24/2014,10,574,NA
12/24/2014,13,586,NA
12/24/2014,16,595,NA
12/24/2014,19,603,NA
12/24/2014,22,607,584
12/25/2014,1,610,NA
12/25/2014,4,612,NA
12/25/2014,7,607,NA
12/25/2014,10,604,NA
12/25/2014,13,596,NA
12/25/2014,16,591,NA
12/25/2014,19,587,NA
12/25/2014,22,585,599
12/26/2014,1,582,NA
12/26/2014,4,581,NA
12/26/2014,7,580,NA
12/26/2014,10,582,NA
12/26/2014,13,586,NA
12/26/2014,16,590,NA
12/26/2014,19,595,NA
12/26/2014,22,597,587
12/27/2014,1,598,NA
12/27/2014,4,596,NA
12/27/2014,7,593,NA
12/27/2014,10,590,NA
12/27/2014,13,585,NA
12/27/2014,16,582,NA
12/27/2014,19,579,NA
12/27/2014,22,577,588
12/28/2014,1,580,NA
12/28/2014,4,585,NA
12/28/2014,7,587,NA
12/28/2014,10,586,NA
12/28/2014,13,586,NA
12/28/2014,16,586,NA
12/28/2014,19,586,NA
12/28/2014,22,581,585
12/29/2014,1,574,NA
12/29/2014,4,570,NA
12/29/2014,7,563,NA
12/29/2014,10,566,NA
12/29/2014,13,569,NA
12/29/2014,16,572,NA
12/29/2014,19,577,NA
12/29/2014,22,581,572
12/30/2014,1,583,NA
12/30/2014,4,582,NA
12/30/2014,7,579,NA
12/30/2014,10,575,NA
12/30/2014,13,577,NA
12/30/2014,16,580,NA
12/30/2014,19,589,NA
12/30/2014,22,596,583
12/31/2014,1,601,NA
12/31/2014,4,598,NA
12/31/2014,7,587,NA
12/31/2014,10,583,NA
12/31/2014,13,580,NA
12/31/2014,16,580,NA
12/31/2014,19,580,NA
12/31/2014,22,578,586
1/1/2015,1,576,NA
NA,4,574.5,NA
1/1/2015,7,573,NA
NA,10,572,NA
1/1/2015,13,571,NA
NA,16,573.5,NA
1/1/2015,19,576,574
NA,22,577,NA
1/2/2015,1,578,NA
NA,4,575.5,NA
1/2/2015,7,573,NA
NA,10,575,NA
1/2/2015,13,577,NA
NA,16,578.5,NA
1/2/2015,19,580,577
NA,22,582.5,NA
1/3/2015,1,585,NA
NA,4,587.5,NA
1/3/2015,7,590,NA
NA,10,595.5,NA
1/3/2015,13,601,NA
NA,16,609.5,NA
1/3/2015,19,618,599
NA,22,621,NA
1/4/2015,1,624,NA
1/4/2015,4,619,NA
1/4/2015,7,610,NA
1/4/2015,10,604,NA
1/4/2015,13,600,NA
1/4/2015,16,603,NA
1/4/2015,19,607,NA
1/4/2015,22,609,610
1/5/2015,1,605,NA
NA,4,603.5,NA
1/5/2015,7,602,NA
NA,10,598,NA
1/5/2015,13,594,NA
NA,16,590,NA
1/5/2015,19,586,597
NA,22,586,NA
1/6/2015,1,586,NA
NA,4,586,NA
1/6/2015,7,586,NA
NA,10,588.5,NA
1/6/2015,13,591,NA
NA,16,594.5,NA
1/6/2015,19,598,590
NA,22,595,NA
1/7/2015,1,592,NA
NA,4,587.5,NA
1/7/2015,7,583,NA
NA,10,584.5,NA
1/7/2015,13,586,NA
NA,16,587.5,NA
1/7/2015,19,589,588
NA,22,588,NA
1/8/2015,1,587,NA
NA,4,586,NA
1/8/2015,7,585,NA
NA,10,588,NA
1/8/2015,13,591,NA
NA,16,597.5,NA
1/8/2015,19,604,592
NA,22,606.5,NA
1/9/2015,1,609,NA
NA,4,606,NA
1/9/2015,7,603,NA
NA,10,602,NA
1/9/2015,13,601,NA
NA,16,607.5,NA
1/9/2015,19,614,607
NA,22,617.5,NA
1/10/2015,1,621,NA
NA,4,619,NA
1/10/2015,7,617,NA
NA,10,623,NA
1/10/2015,13,629,NA
NA,16,637,NA
1/10/2015,19,645,628
NA,22,651,NA
1/11/2015,1,657,NA
1/11/2015,4,668,NA
1/11/2015,7,676,NA
1/11/2015,10,684,NA
1/11/2015,13,690,NA
1/11/2015,16,694,NA
1/11/2015,19,703,NA
1/11/2015,22,707,685
1/12/2015,1,710,NA
1/12/2015,4,715,NA
1/12/2015,7,719,NA
1/12/2015,10,721,NA
1/12/2015,13,723,NA
1/12/2015,16,724,NA
1/12/2015,19,724,NA
1/12/2015,22,724,720
1/13/2015,1,723,NA
NA,4,722,NA
1/13/2015,7,721,NA
NA,10,718.5,NA
1/13/2015,13,716,NA
NA,16,711.5,NA
1/13/2015,19,707,717
NA,22,702,NA
1/14/2015,1,697,NA
NA,4,691.5,NA
1/14/2015,7,686,NA
NA,10,684,NA
1/14/2015,13,682,NA
NA,16,679,NA
1/14/2015,19,676,685
NA,22,671.5,NA
1/15/2015,1,667,NA
NA,4,663,NA
1/15/2015,7,659,NA
NA,10,658.5,NA
1/15/2015,13,658,NA
NA,16,657.5,NA
1/15/2015,19,657,660
NA,22,652.5,NA
1/16/2015,1,648,NA
NA,4,643,NA
1/16/2015,7,638,NA
NA,10,644,NA
1/16/2015,13,650,NA
NA,16,658.5,NA
1/16/2015,19,667,651
NA,22,676,NA
1/17/2015,1,685,NA
1/17/2015,4,708.5,NA
1/17/2015,7,735,NA
1/17/2015,10,760.5,NA
1/17/2015,13,782,NA
1/17/2015,16,798.5,NA
1/17/2015,19,816,NA
1/17/2015,22,828,NA
1/18/2015,1,837,NA
1/18/2015,4,841,NA
1/18/2015,7,844,NA
1/18/2015,10,847,NA
1/18/2015,13,850,NA
1/18/2015,16,853,NA
1/18/2015,19,856,NA
1/18/2015,22,856,848
1/19/2015,1,857,NA
NA,4,856,NA
1/19/2015,7,855,NA
NA,10,855,NA
1/19/2015,13,855,NA
NA,16,855,NA
1/19/2015,19,855,856
NA,22,855,NA
1/20/2015,1,855,NA
NA,4,854,NA
1/20/2015,7,853,NA
NA,10,852,NA
1/20/2015,13,851,NA
NA,16,849.5,NA
1/20/2015,19,848,852
NA,22,850,NA
1/21/2015,1,852,NA
NA,4,853.5,NA
1/21/2015,7,855,NA
NA,10,855.5,NA
1/21/2015,13,856,NA
NA,16,856.5,NA
1/21/2015,19,857,855
NA,22,858,NA
1/22/2015,1,859,NA
NA,4,859.5,NA
1/22/2015,7,860,NA
NA,10,859,NA
1/22/2015,13,858,NA
NA,16,857,NA
1/22/2015,19,856,858
NA,22,854,NA
1/23/2015,1,852,NA
1/23/2015,4,851,NA
1/23/2015,7,849,NA
1/23/2015,10,844,NA
1/23/2015,13,838,NA
1/23/2015,16,826,NA
1/23/2015,19,810,NA
1/23/2015,22,800,834
1/24/2015,1,789,NA
1/24/2015,4,782,NA
1/24/2015,7,773,NA
1/24/2015,10,753.5,NA
1/24/2015,13,721,NA
1/24/2015,16,683,NA
1/24/2015,19,642,NA
1/24/2015,22,624.5,NA
1/25/2015,1,615,NA
NA,4,613,NA
1/25/2015,7,611,NA
NA,10,606.5,NA
1/25/2015,13,602,NA
NA,16,594,NA
1/25/2015,19,586,604
NA,22,580,NA
1/26/2015,1,574,NA
NA,4,569.5,NA
1/26/2015,7,565,NA
NA,10,563.5,NA
1/26/2015,13,562,NA
NA,16,560.5,NA
1/26/2015,19,559,565
NA,22,557,NA
1/27/2015,1,555,NA
NA,4,552.5,NA
1/27/2015,7,550,NA
NA,10,555,NA
1/27/2015,13,560,NA
NA,16,565,NA
1/27/2015,19,570,559
NA,22,586.5,NA
1/28/2015,1,603,NA
1/28/2015,4,641.5,NA
1/28/2015,7,678,NA
1/28/2015,10,710,NA
1/28/2015,13,738,NA
1/28/2015,16,763,NA
1/28/2015,19,788,NA
1/28/2015,22,799.5,NA
1/29/2015,1,808,NA
1/29/2015,4,821,NA
1/29/2015,7,830,NA
1/29/2015,10,838,NA
1/29/2015,13,843,NA
1/29/2015,16,847,NA
1/29/2015,19,849,NA
1/29/2015,22,853,836
1/30/2015,1,857,NA
NA,4,858,NA
1/30/2015,7,859,NA
NA,10,860,NA
1/30/2015,13,861,NA
NA,16,861.5,NA
1/30/2015,19,862,860
NA,22,862.5,NA
1/31/2015,1,863,NA
NA,4,863,NA
1/31/2015,7,863,NA
NA,10,863,NA
1/31/2015,13,863,NA
NA,16,863,NA
1/31/2015,19,863,863
NA,22,862.5,NA
2/1/2015,1,862,NA
NA,4,861.5,NA
2/1/2015,7,861,NA
NA,10,860.5,NA
2/1/2015,13,860,NA
NA,16,860,NA
2/1/2015,19,860,861
NA,22,860,NA
2/2/2015,1,860,NA
NA,4,861,NA
2/2/2015,7,862,NA
NA,10,863,NA
2/2/2015,13,864,NA
NA,16,865.5,NA
2/2/2015,19,867,863
NA,22,866,NA
2/3/2015,1,865,NA
NA,4,862.5,NA
2/3/2015,7,860,NA
NA,10,859,NA
2/3/2015,13,858,NA
NA,16,858,NA
2/3/2015,19,858,860
NA,22,857,NA
2/4/2015,1,856,NA
NA,4,855,NA
2/4/2015,7,854,NA
NA,10,856.5,NA
2/4/2015,13,859,NA
NA,16,862.5,NA
2/4/2015,19,866,859
NA,22,867.5,NA
2/5/2015,1,869,NA
NA,4,870.5,NA
2/5/2015,7,872,NA
NA,10,868.5,NA
2/5/2015,13,865,NA
NA,16,860,NA
2/5/2015,19,855,865
NA,22,847,NA
2/6/2015,1,839,NA
2/6/2015,4,822,NA
2/6/2015,7,802,NA
2/6/2015,10,782,NA
2/6/2015,13,764,NA
2/6/2015,16,745,NA
2/6/2015,19,728,NA
2/6/2015,22,713,774
2/7/2015,1,698,NA
2/7/2015,4,681,NA
2/7/2015,7,671,NA
2/7/2015,10,654,NA
2/7/2015,13,640,NA
2/7/2015,16,634,NA
2/7/2015,19,629,NA
2/7/2015,22,625,654
2/8/2015,1,620,NA
NA,4,615,NA
2/8/2015,7,610,NA
NA,10,604,NA
2/8/2015,13,598,NA
NA,16,593,NA
2/8/2015,19,588,604
NA,22,584.5,NA
2/9/2015,1,581,NA
NA,4,577,NA
2/9/2015,7,573,NA
NA,10,569.5,NA
2/9/2015,13,566,NA
NA,16,563,NA
2/9/2015,19,560,570
NA,22,556,NA
2/10/2015,1,552,NA
NA,4,548.5,NA
2/10/2015,7,545,NA
NA,10,553.5,NA
2/10/2015,13,562,NA
NA,16,573.5,NA
2/10/2015,19,585,561
NA,22,600.5,NA
2/11/2015,1,616,NA
2/11/2015,4,660.5,NA
2/11/2015,7,699,NA
2/11/2015,10,737,NA
2/11/2015,13,763,NA
2/11/2015,16,779.5,NA
2/11/2015,19,795,NA
2/11/2015,22,812,NA
2/12/2015,1,827,NA
2/12/2015,4,833,NA
2/12/2015,7,839,NA
2/12/2015,10,844,NA
2/12/2015,13,847,NA
2/12/2015,16,850,NA
2/12/2015,19,852,NA
2/12/2015,22,855,843
2/13/2015,1,858,NA
NA,4,859.5,NA
2/13/2015,7,861,NA
NA,10,862,NA
2/13/2015,13,863,NA
NA,16,863,NA
2/13/2015,19,863,861
NA,22,864,NA
2/14/2015,1,865,NA
NA,4,866.5,NA
2/14/2015,7,868,NA
NA,10,869,NA
2/14/2015,13,870,NA
NA,16,868.5,NA
2/14/2015,19,867,868
NA,22,867,NA
2/15/2015,1,867,NA
NA,4,867,NA
2/15/2015,7,867,NA
NA,10,867,NA
2/15/2015,13,867,NA
NA,16,865.5,NA
2/15/2015,19,864,866
NA,22,856.5,NA
2/16/2015,1,849,NA
2/16/2015,4,829.5,NA
2/16/2015,7,810,NA
2/16/2015,10,769,NA
2/16/2015,13,726,NA
2/16/2015,16,702.5,NA
2/16/2015,19,691,NA
2/16/2015,22,667.5,NA
2/17/2015,1,628,NA
2/17/2015,4,609,NA
2/17/2015,7,597,NA
2/17/2015,10,588,NA
2/17/2015,13,577,NA
2/17/2015,16,564,NA
2/17/2015,19,550,NA
2/17/2015,22,538,581
2/18/2015,1,530,NA
NA,4,527.5,NA
2/18/2015,7,525,NA
NA,10,523,NA
2/18/2015,13,521,NA
NA,16,519.5,NA
2/18/2015,19,518,524
NA,22,516.5,NA
2/19/2015,1,515,NA
NA,4,512.5,NA
2/19/2015,7,510,NA
NA,10,512,NA
2/19/2015,13,514,NA
NA,16,516.5,NA
2/19/2015,19,519,515
NA,22,523.5,NA
2/20/2015,1,528,NA
NA,4,534,NA
2/20/2015,7,540,NA
NA,10,537.5,NA
2/20/2015,13,535,NA
NA,16,531,NA
2/20/2015,19,527,533
NA,22,526,NA
2/21/2015,1,525,NA
NA,4,525,NA
2/21/2015,7,525,NA
NA,10,522.5,NA
2/21/2015,13,520,NA
NA,16,518.5,NA
2/21/2015,19,517,522
NA,22,516,NA
2/22/2015,1,515,NA
NA,4,513,NA
2/22/2015,7,511,NA
NA,10,509,NA
2/22/2015,13,507,NA
NA,16,506,NA
2/22/2015,19,505,510
NA,22,505,NA
2/23/2015,1,505,NA
NA,4,505,NA
2/23/2015,7,505,NA
NA,10,505,NA
2/23/2015,13,505,NA
NA,16,505,NA
2/23/2015,19,505,505
NA,22,505,NA
2/24/2015,1,505,NA
NA,4,505,NA
2/24/2015,7,505,NA
NA,10,503,NA
2/24/2015,13,501,NA
NA,16,500.5,NA
2/24/2015,19,500,503
NA,22,498.5,NA
2/25/2015,1,497,NA
NA,4,494.5,NA
2/25/2015,7,492,NA
NA,10,490,NA
2/25/2015,13,488,NA
NA,16,486.5,NA
2/25/2015,19,485,491
NA,22,483.5,NA
2/26/2015,1,482,NA
NA,4,481,NA
2/26/2015,7,480,NA
NA,10,488.5,NA
2/26/2015,13,497,NA
NA,16,506.5,NA
2/26/2015,19,516,494
NA,22,520,NA
2/27/2015,1,524,NA
NA,4,528.5,NA
2/27/2015,7,533,NA
NA,10,535,NA
2/27/2015,13,537,NA
NA,16,533.5,NA
2/27/2015,19,530,531
NA,22,527,NA
2/28/2015,1,524,NA
NA,4,521.5,NA
2/28/2015,7,519,NA
NA,10,517.5,NA
2/28/2015,13,516,NA
NA,16,518,NA
2/28/2015,19,520,520
NA,22,524,NA
3/1/2015,1,528,NA
NA,4,531.5,NA
3/1/2015,7,535,NA
NA,10,537,NA
3/1/2015,13,539,NA
NA,16,535.5,NA
3/1/2015,19,532,534
NA,22,537,NA
3/2/2015,1,542,NA
NA,4,549.5,NA
3/2/2015,7,557,NA
NA,10,550.5,NA
3/2/2015,13,544,NA
NA,16,537,NA
3/2/2015,19,530,543
NA,22,527,NA
3/3/2015,1,524,NA
NA,4,522,NA
3/3/2015,7,520,NA
NA,10,517.5,NA
3/3/2015,13,515,NA
NA,16,514,NA
3/3/2015,19,513,518
NA,22,516,NA
3/4/2015,1,519,NA
3/4/2015,4,526,NA
3/4/2015,7,534,NA
3/4/2015,10,538,NA
3/4/2015,13,541,NA
3/4/2015,16,543,NA
3/4/2015,19,544,NA
3/4/2015,22,547,537
3/5/2015,1,552,NA
NA,4,554.5,NA
3/5/2015,7,557,NA
NA,10,558,NA
3/5/2015,13,559,NA
NA,16,560,NA
3/5/2015,19,561,557
NA,22,557.5,NA
3/6/2015,1,554,NA
NA,4,549.5,NA
3/6/2015,7,545,NA
NA,10,541,NA
3/6/2015,13,537,NA
NA,16,534,NA
3/6/2015,19,531,542
NA,22,536,NA
3/7/2015,1,541,NA
NA,4,548.5,NA
3/7/2015,7,556,NA
NA,10,551.5,NA
3/7/2015,13,547,NA
NA,16,543,NA
3/7/2015,19,539,546
NA,22,537,NA
3/8/2015,1,535,NA
NA,4,533.5,NA
3/8/2015,7,532,NA
NA,10,531,NA
3/8/2015,13,530,NA
NA,16,534,NA
3/8/2015,19,538,534
NA,22,540,NA
3/9/2015,1,542,NA
NA,4,538.5,NA
3/9/2015,7,535,NA
NA,10,534.5,NA
3/9/2015,13,534,NA
NA,16,534,NA
3/9/2015,19,534,536
NA,22,535.5,NA
3/10/2015,1,537,NA
NA,4,539.5,NA
3/10/2015,7,542,NA
NA,10,546,NA
3/10/2015,13,550,NA
NA,16,555.5,NA
3/10/2015,19,561,548
NA,22,563,NA
3/11/2015,1,565,NA
NA,4,566.5,NA
3/11/2015,7,568,NA
NA,10,569,NA
3/11/2015,13,570,NA
NA,16,571.5,NA
3/11/2015,19,573,569
NA,22,570,NA
3/12/2015,1,567,NA
NA,4,561.5,NA
3/12/2015,7,556,NA
NA,10,553.5,NA
3/12/2015,13,551,NA
NA,16,558,NA
3/12/2015,19,565,560
NA,22,566,NA
3/13/2015,1,567,NA
NA,4,568,NA
3/13/2015,7,569,NA
NA,10,570.5,NA
3/13/2015,13,572,NA
NA,16,573.5,NA
3/13/2015,19,575,571
NA,22,573,NA
3/14/2015,1,571,NA
NA,4,569.5,NA
3/14/2015,7,568,NA
NA,10,568,NA
3/14/2015,13,568,NA
NA,16,568,NA
3/14/2015,19,568,569
NA,22,566.5,NA
3/15/2015,1,565,NA
NA,4,562.5,NA
3/15/2015,7,560,NA
NA,10,557.5,NA
3/15/2015,13,555,NA
NA,16,552.5,NA
3/15/2015,19,550,558
NA,22,549,NA
3/16/2015,1,548,NA
NA,4,548,NA
3/16/2015,7,548,NA
NA,10,544.5,NA
3/16/2015,13,541,NA
NA,16,542.5,NA
3/16/2015,19,544,545
NA,22,545,NA
3/17/2015,1,546,NA
NA,4,544,NA
3/17/2015,7,542,NA
NA,10,540.5,NA
3/17/2015,13,539,NA
NA,16,543.5,NA
3/17/2015,19,548,544
NA,22,551,NA
3/18/2015,1,554,NA
3/18/2015,4,558,NA
3/18/2015,7,563,NA
3/18/2015,10,561,NA
3/18/2015,13,556,NA
3/18/2015,16,559,NA
3/18/2015,19,566,NA
3/18/2015,22,570,561
3/19/2015,1,577,NA
NA,4,579.5,NA
3/19/2015,7,582,NA
NA,10,589,NA
3/19/2015,13,596,NA
NA,16,605,NA
3/19/2015,19,614,592
NA,22,615,NA
3/20/2015,1,616,NA
NA,4,617,NA
3/20/2015,7,618,NA
NA,10,620.5,NA
3/20/2015,13,623,NA
NA,16,625,NA
3/20/2015,19,627,621
NA,22,627.5,NA
3/21/2015,1,628,NA
NA,4,628.5,NA
3/21/2015,7,629,NA
NA,10,627.5,NA
3/21/2015,13,626,NA
NA,16,629,NA
3/21/2015,19,632,629
NA,22,628.5,NA
3/22/2015,1,625,NA
NA,4,621,NA
3/22/2015,7,617,NA
NA,10,615,NA
3/22/2015,13,613,NA
NA,16,612,NA
3/22/2015,19,611,617
NA,22,605.5,NA
3/23/2015,1,600,NA
NA,4,595,NA
3/23/2015,7,590,NA
NA,10,586,NA
3/23/2015,13,582,NA
NA,16,583.5,NA
3/23/2015,19,585,589
NA,22,586,NA
3/24/2015,1,587,NA
NA,4,581,NA
3/24/2015,7,575,NA
NA,10,574,NA
3/24/2015,13,573,NA
NA,16,577,NA
3/24/2015,19,581,579
NA,22,584.5,NA
3/25/2015,1,588,NA
NA,4,591.5,NA
3/25/2015,7,595,NA
NA,10,604,NA
3/25/2015,13,613,NA
NA,16,623.5,NA
3/25/2015,19,634,608
NA,22,640,NA
3/26/2015,1,646,NA
NA,4,649,NA
3/26/2015,7,652,NA
NA,10,653.5,NA
3/26/2015,13,655,NA
NA,16,655,NA
3/26/2015,19,655,652
NA,22,653.5,NA
3/27/2015,1,652,NA
NA,4,650,NA
3/27/2015,7,648,NA
NA,10,646,NA
3/27/2015,13,644,NA
NA,16,642,NA
3/27/2015,19,640,646
NA,22,639,NA
3/28/2015,1,638,NA
NA,4,636.5,NA
3/28/2015,7,635,NA
NA,10,634,NA
3/28/2015,13,633,NA
NA,16,633,NA
3/28/2015,19,633,635
NA,22,632,NA
3/29/2015,1,631,NA
NA,4,629.5,NA
3/29/2015,7,628,NA
NA,10,627.5,NA
3/29/2015,13,627,NA
NA,16,626,NA
3/29/2015,19,625,628
NA,22,623,NA
3/30/2015,1,621,NA
NA,4,618,NA
3/30/2015,7,615,NA
NA,10,611.5,NA
3/30/2015,13,608,NA
NA,16,606,NA
3/30/2015,19,604,612
NA,22,602.5,NA
3/31/2015,1,601,NA
NA,4,598,NA
3/31/2015,7,595,NA
NA,10,597,NA
3/31/2015,13,599,NA
NA,16,608.5,NA
3/31/2015,19,618,603
NA,22,619.5,NA
4/1/2015,1,621,NA
4/1/2015,4,617,NA
4/1/2015,7,612,NA
4/1/2015,10,616,NA
4/1/2015,13,623,NA
4/1/2015,16,649,NA
4/1/2015,19,675,NA
4/1/2015,22,694,638
4/2/2015,1,704,NA
4/2/2015,4,699,NA
4/2/2015,7,683,NA
4/2/2015,10,672,NA
4/2/2015,13,667,NA
4/2/2015,16,680,NA
4/2/2015,19,696,NA
4/2/2015,22,713,689
4/3/2015,1,725,NA
4/3/2015,4,711,NA
4/3/2015,7,695,NA
4/3/2015,10,685,NA
4/3/2015,13,678,NA
4/3/2015,16,687,NA
4/3/2015,19,698,NA
4/3/2015,22,700,697
4/4/2015,1,701,NA
NA,4,702.5,NA
4/4/2015,7,704,NA
NA,10,711.5,NA
4/4/2015,13,719,NA
NA,16,723.5,NA
4/4/2015,19,728,713
NA,22,730.5,NA
4/5/2015,1,733,NA
NA,4,728.5,NA
4/5/2015,7,724,NA
NA,10,718,NA
4/5/2015,13,712,NA
NA,16,707.5,NA
4/5/2015,19,703,718
NA,22,699,NA
4/6/2015,1,695,NA
NA,4,688.5,NA
4/6/2015,7,682,NA
NA,10,690,NA
4/6/2015,13,698,NA
NA,16,712.5,NA
4/6/2015,19,727,701
NA,22,729,NA
4/7/2015,1,731,NA
NA,4,719.5,NA
4/7/2015,7,708,NA
NA,10,706.5,NA
4/7/2015,13,705,NA
NA,16,715.5,NA
4/7/2015,19,726,718
NA,22,730,NA
4/8/2015,1,734,NA
4/8/2015,4,717,NA
4/8/2015,7,692,NA
4/8/2015,10,683,NA
4/8/2015,13,676,NA
4/8/2015,16,678,NA
4/8/2015,19,684,NA
4/8/2015,22,689,694
4/9/2015,1,691,NA
NA,4,688.5,NA
4/9/2015,7,686,NA
NA,10,682.5,NA
4/9/2015,13,679,NA
NA,16,678,NA
4/9/2015,19,677,683
NA,22,676,NA
4/10/2015,1,675,NA
NA,4,674.5,NA
4/10/2015,7,674,NA
NA,10,674,NA
4/10/2015,13,674,NA
NA,16,683.5,NA
4/10/2015,19,693,679
NA,22,699.5,NA
4/11/2015,1,706,NA
NA,4,703,NA
4/11/2015,7,700,NA
NA,10,694.5,NA
4/11/2015,13,689,NA
NA,16,685.5,NA
4/11/2015,19,682,694
NA,22,683,NA
4/12/2015,1,684,NA
NA,4,685,NA
4/12/2015,7,686,NA
NA,10,686.5,NA
4/12/2015,13,687,NA
NA,16,687,NA
4/12/2015,19,687,686
NA,22,686,NA
4/13/2015,1,685,NA
NA,4,683.5,NA
4/13/2015,7,682,NA
NA,10,681,NA
4/13/2015,13,680,NA
NA,16,683,NA
4/13/2015,19,686,683
NA,22,691.5,NA
4/14/2015,1,697,NA
4/14/2015,4,713,NA
4/14/2015,7,732,NA
4/14/2015,10,738,NA
4/14/2015,13,730,NA
4/14/2015,16,728,NA
4/14/2015,19,731,NA
4/14/2015,22,736,726
4/15/2015,1,743,NA
4/15/2015,4,748,NA
4/15/2015,7,742,NA
4/15/2015,10,739,NA
4/15/2015,13,737,NA
4/15/2015,16,753,NA
4/15/2015,19,765,NA
4/15/2015,22,775,750
4/16/2015,1,781,NA
4/16/2015,4,767,NA
4/16/2015,7,750,NA
4/16/2015,10,741,NA
4/16/2015,13,736,NA
4/16/2015,16,744,NA
4/16/2015,19,746,NA
4/16/2015,22,749,752
4/17/2015,1,745,NA
4/17/2015,4,739,NA
4/17/2015,7,731,NA
4/17/2015,10,731,NA
4/17/2015,13,738,NA
4/17/2015,16,750,NA
4/17/2015,19,765,NA
4/17/2015,22,773,747
4/18/2015,1,764,NA
4/18/2015,4,753,NA
4/18/2015,7,739,NA
4/18/2015,10,733,NA
4/18/2015,13,730,NA
4/18/2015,16,728,NA
4/18/2015,19,737,NA
4/18/2015,22,740,741
4/19/2015,1,735,NA
NA,4,728.5,NA
4/19/2015,7,722,NA
NA,10,716.5,NA
4/19/2015,13,711,NA
NA,16,707,NA
4/19/2015,19,703,718
NA,22,699.5,NA
4/20/2015,1,696,NA
NA,4,690,NA
4/20/2015,7,684,NA
NA,10,681,NA
4/20/2015,13,678,NA
NA,16,691.5,NA
4/20/2015,19,705,691
NA,22,701.5,NA
4/21/2015,1,698,NA
NA,4,693,NA
4/21/2015,7,688,NA
NA,10,694,NA
4/21/2015,13,700,NA
NA,16,708,NA
4/21/2015,19,716,701
NA,22,718,NA
4/22/2015,1,720,NA
NA,4,709.5,NA
4/22/2015,7,699,NA
NA,10,706,NA
4/22/2015,13,713,NA
NA,16,722,NA
4/22/2015,19,731,716
NA,22,737,NA
4/23/2015,1,743,NA
NA,4,734,NA
4/23/2015,7,725,NA
NA,10,727,NA
4/23/2015,13,729,NA
NA,16,743,NA
4/23/2015,19,757,739
NA,22,748,NA
4/24/2015,1,739,NA
NA,4,727.5,NA
4/24/2015,7,716,NA
NA,10,711.5,NA
4/24/2015,13,707,NA
NA,16,701.5,NA
4/24/2015,19,696,715
NA,22,698,NA
4/25/2015,1,700,NA
NA,4,702,NA
4/25/2015,7,704,NA
NA,10,708.5,NA
4/25/2015,13,713,NA
NA,16,719.5,NA
4/25/2015,19,726,711
NA,22,730,NA
4/26/2015,1,734,NA
NA,4,737.5,NA
4/26/2015,7,741,NA
NA,10,744,NA
4/26/2015,13,747,NA
NA,16,750,NA
4/26/2015,19,753,744
NA,22,746,NA
4/27/2015,1,739,NA
NA,4,728.5,NA
4/27/2015,7,718,NA
NA,10,716.5,NA
4/27/2015,13,715,NA
NA,16,714,NA
4/27/2015,19,713,721
NA,22,708.5,NA
4/28/2015,1,704,NA
4/28/2015,4,688,NA
4/28/2015,7,665,NA
4/28/2015,10,657,NA
4/28/2015,13,648,NA
4/28/2015,16,636,NA
4/28/2015,19,629,NA
4/28/2015,22,625,657
4/29/2015,1,622,NA
NA,4,621,NA
4/29/2015,7,620,NA
NA,10,625.5,NA
4/29/2015,13,631,NA
NA,16,639.5,NA
4/29/2015,19,648,630
NA,22,659,NA
4/30/2015,1,670,NA
4/30/2015,4,688,NA
4/30/2015,7,703,NA
4/30/2015,10,716,NA
4/30/2015,13,727,NA
4/30/2015,16,738,NA
4/30/2015,19,752,NA
4/30/2015,22,755,719
5/1/2015,1,758,NA
5/1/2015,4,746,NA
5/1/2015,7,730,NA
5/1/2015,10,716,NA
5/1/2015,13,704,NA
5/1/2015,16,698,NA
5/1/2015,19,696,NA
5/1/2015,22,692,718
5/2/2015,1,687,NA
5/2/2015,4,680,NA
5/2/2015,7,675,NA
5/2/2015,10,681,NA
5/2/2015,13,693,NA
5/2/2015,16,701,NA
5/2/2015,19,706,NA
5/2/2015,22,700,690
5/3/2015,1,689,NA
5/3/2015,4,695,NA
5/3/2015,7,702,NA
5/3/2015,10,714,NA
5/3/2015,13,730,NA
5/3/2015,16,726,NA
5/3/2015,19,722,NA
5/3/2015,22,715,712
5/4/2015,1,703,NA
5/4/2015,4,708,NA
5/4/2015,7,715,NA
5/4/2015,10,725,NA
5/4/2015,13,732,NA
5/4/2015,16,757,NA
5/4/2015,19,765,NA
5/4/2015,22,767,734
5/5/2015,1,769,NA
5/5/2015,4,766,NA
5/5/2015,7,760,NA
5/5/2015,10,768,NA
5/5/2015,13,782,NA
5/5/2015,16,792,NA
5/5/2015,19,800,NA
5/5/2015,22,803,780
5/6/2015,1,806,NA
5/6/2015,4,807,NA
5/6/2015,7,807,NA
5/6/2015,10,802,NA
5/6/2015,13,819,NA
5/6/2015,16,828,NA
5/6/2015,19,838,NA
5/6/2015,22,841,819
5/7/2015,1,843,NA
5/7/2015,4,845,NA
5/7/2015,7,839,NA
5/7/2015,10,827,NA
5/7/2015,13,835,NA
5/7/2015,16,837,NA
5/7/2015,19,838,NA
5/7/2015,22,833,837
5/8/2015,1,825,NA
5/8/2015,4,825,NA
5/8/2015,7,824,NA
5/8/2015,10,821,NA
5/8/2015,13,831,NA
5/8/2015,16,834,NA
5/8/2015,19,828,NA
5/8/2015,22,823,826
5/9/2015,1,819,NA
5/9/2015,4,813,NA
5/9/2015,7,809,NA
5/9/2015,10,801,NA
5/9/2015,13,805,NA
5/9/2015,16,807,NA
5/9/2015,19,800,NA
5/9/2015,22,812,808
5/10/2015,1,827,NA
5/10/2015,4,832,NA
5/10/2015,7,824,NA
5/10/2015,10,814,NA
5/10/2015,13,806,NA
5/10/2015,16,815,NA
5/10/2015,19,828,NA
5/10/2015,22,833,822
5/11/2015,1,836,NA
5/11/2015,4,826,NA
5/11/2015,7,811,NA
5/11/2015,10,803,NA
5/11/2015,13,813,NA
5/11/2015,16,817,NA
5/11/2015,19,820,NA
5/11/2015,22,822,819
5/12/2015,1,822,NA
5/12/2015,4,834,NA
5/12/2015,7,853,NA
5/12/2015,10,870,NA
5/12/2015,13,875,NA
5/12/2015,16,871,NA
5/12/2015,19,862,NA
5/12/2015,22,854,855
5/13/2015,1,848,NA
5/13/2015,4,852,NA
5/13/2015,7,858,NA
5/13/2015,10,870,NA
5/13/2015,13,875,NA
5/13/2015,16,872,NA
5/13/2015,19,863,NA
5/13/2015,22,860,862
5/14/2015,1,858,NA
5/14/2015,4,851,NA
5/14/2015,7,840,NA
5/14/2015,10,849,NA
5/14/2015,13,852,NA
5/14/2015,16,847,NA
5/14/2015,19,839,NA
5/14/2015,22,827,845
5/15/2015,1,820,NA
5/15/2015,4,823,NA
5/15/2015,7,828,NA
5/15/2015,10,835,NA
5/15/2015,13,840,NA
5/15/2015,16,840,NA
5/15/2015,19,840,NA
5/15/2015,22,832,832
5/16/2015,1,821,NA
5/16/2015,4,833,NA
5/16/2015,7,850,NA
5/16/2015,10,868,NA
5/16/2015,13,889,NA
5/16/2015,16,891,NA
5/16/2015,19,893,NA
5/16/2015,22,884,866
5/17/2015,1,879,NA
5/17/2015,4,870,NA
5/17/2015,7,863,NA
5/17/2015,10,858,NA
5/17/2015,13,853,NA
5/17/2015,16,853,NA
5/17/2015,19,853,NA
5/17/2015,22,853,860
5/18/2015,1,853,NA
5/18/2015,4,851,NA
5/18/2015,7,849,NA
5/18/2015,10,844,NA
5/18/2015,13,840,NA
5/18/2015,16,836,NA
5/18/2015,19,832,NA
5/18/2015,22,828,842
5/19/2015,1,824,NA
5/19/2015,4,839,NA
5/19/2015,7,854,NA
5/19/2015,10,870,NA
5/19/2015,13,885,NA
5/19/2015,16,885,NA
5/19/2015,19,885,NA
5/19/2015,22,880,865
5/20/2015,1,874,NA
5/20/2015,4,888,NA
5/20/2015,7,907,NA
5/20/2015,10,922,NA
5/20/2015,13,927,NA
5/20/2015,16,925,NA
5/20/2015,19,920,NA
5/20/2015,22,910,909
5/21/2015,1,898,NA
5/21/2015,4,905,NA
5/21/2015,7,923,NA
5/21/2015,10,932,NA
5/21/2015,13,940,NA
5/21/2015,16,938,NA
5/21/2015,19,935,NA
5/21/2015,22,926,925
5/22/2015,1,912,NA
5/22/2015,4,920,NA
5/22/2015,7,932,NA
5/22/2015,10,941,NA
5/22/2015,13,952,NA
5/22/2015,16,945,NA
5/22/2015,19,935,NA
5/22/2015,22,934,934
5/23/2015,1,933,NA
5/23/2015,4,950,NA
5/23/2015,7,969,NA
5/23/2015,10,989,NA
5/23/2015,13,995,NA
5/23/2015,16,986,NA
5/23/2015,19,972,NA
5/23/2015,22,957,969
5/24/2015,1,943,NA
5/24/2015,4,930,NA
5/24/2015,7,919,NA
5/24/2015,10,908,NA
5/24/2015,13,902,NA
5/24/2015,16,899,NA
5/24/2015,19,897,NA
5/24/2015,22,895,912
5/25/2015,1,893,NA
5/25/2015,4,901,NA
5/25/2015,7,912,NA
5/25/2015,10,917,NA
5/25/2015,13,914,NA
5/25/2015,16,910,NA
5/25/2015,19,906,NA
5/25/2015,22,902,907
5/26/2015,1,899,NA
5/26/2015,4,908,NA
5/26/2015,7,922,NA
5/26/2015,10,934,NA
5/26/2015,13,934,NA
5/26/2015,16,929,NA
5/26/2015,19,923,NA
5/26/2015,22,914,920
5/27/2015,1,904,NA
5/27/2015,4,910,NA
5/27/2015,7,917,NA
5/27/2015,10,926,NA
5/27/2015,13,932,NA
5/27/2015,16,929,NA
5/27/2015,19,924,NA
5/27/2015,22,917,920
5/28/2015,1,910,NA
5/28/2015,4,913,NA
5/28/2015,7,916,NA
5/28/2015,10,919,NA
5/28/2015,13,921,NA
5/28/2015,16,917,NA
5/28/2015,19,911,NA
5/28/2015,22,903,914
5/29/2015,1,896,NA
5/29/2015,4,896,NA
5/29/2015,7,896,NA
5/29/2015,10,899,NA
5/29/2015,13,902,NA
5/29/2015,16,904,NA
5/29/2015,19,906,NA
5/29/2015,22,908,901
5/30/2015,1,909,NA
5/30/2015,4,909,NA
5/30/2015,7,907,NA
5/30/2015,10,904,NA
5/30/2015,13,901,NA
5/30/2015,16,899,NA
5/30/2015,19,897,NA
5/30/2015,22,895,903
5/31/2015,1,893,NA
5/31/2015,4,895,NA
5/31/2015,7,897,NA
5/31/2015,10,898,NA
5/31/2015,13,898,NA
5/31/2015,16,887,NA
5/31/2015,19,873,NA
5/31/2015,22,868,889
6/1/2015,1,861,NA
6/1/2015,4,845,NA
6/1/2015,7,824,NA
6/1/2015,10,802,NA
6/1/2015,13,783,NA
6/1/2015,16,790,NA
6/1/2015,19,798,NA
6/1/2015,22,810,814
6/2/2015,1,827,NA
6/2/2015,4,838,NA
6/2/2015,7,849,NA
6/2/2015,10,857,NA
6/2/2015,13,864,NA
6/2/2015,16,869,NA
6/2/2015,19,861,NA
6/2/2015,22,856,853
6/3/2015,1,850,NA
6/3/2015,4,848,NA
6/3/2015,7,847,NA
6/3/2015,10,853,NA
6/3/2015,13,865,NA
6/3/2015,16,872,NA
6/3/2015,19,877,NA
6/3/2015,22,877,861
6/4/2015,1,877,NA
6/4/2015,4,872,NA
6/4/2015,7,864,NA
6/4/2015,10,858,NA
6/4/2015,13,850,NA
6/4/2015,16,857,NA
6/4/2015,19,870,NA
6/4/2015,22,875,865
6/5/2015,1,880,NA
6/5/2015,4,882,NA
6/5/2015,7,885,NA
6/5/2015,10,885,NA
6/5/2015,13,881,NA
6/5/2015,16,879,NA
6/5/2015,19,877,NA
6/5/2015,22,875,881
6/6/2015,1,875,NA
6/6/2015,4,890.5,NA
6/6/2015,7,915,NA
6/6/2015,10,921.5,NA
6/6/2015,13,926,NA
6/6/2015,16,929,NA
6/6/2015,19,932,NA
6/6/2015,22,935,NA
6/7/2015,1,935,NA
6/7/2015,4,919,NA
6/7/2015,7,897,NA
6/7/2015,10,878,NA
6/7/2015,13,863,NA
6/7/2015,16,855,NA
6/7/2015,19,849,NA
6/7/2015,22,849,881
6/8/2015,1,853,NA
6/8/2015,4,856,NA
6/8/2015,7,848,NA
6/8/2015,10,830,NA
6/8/2015,13,823,NA
6/8/2015,16,822,NA
6/8/2015,19,822,NA
6/8/2015,22,821,834
6/9/2015,1,820,NA
6/9/2015,4,819,NA
6/9/2015,7,819,NA
6/9/2015,10,814,NA
6/9/2015,13,813,NA
6/9/2015,16,820,NA
6/9/2015,19,832,NA
6/9/2015,22,840,822
6/10/2015,1,847,NA
6/10/2015,4,849,NA
6/10/2015,7,844,NA
6/10/2015,10,837,NA
6/10/2015,13,831,NA
6/10/2015,16,830,NA
6/10/2015,19,835,NA
6/10/2015,22,841,839
6/11/2015,1,847,NA
6/11/2015,4,840,NA
6/11/2015,7,832,NA
6/11/2015,10,827,NA
6/11/2015,13,821,NA
6/11/2015,16,821,NA
6/11/2015,19,821,NA
6/11/2015,22,826,829
6/12/2015,1,832,NA
6/12/2015,4,834,NA
6/12/2015,7,829,NA
6/12/2015,10,820,NA
6/12/2015,13,813,NA
6/12/2015,16,813,NA
6/12/2015,19,815,NA
6/12/2015,22,820,822
6/13/2015,1,828,NA
6/13/2015,4,830,NA
6/13/2015,7,824,NA
6/13/2015,10,814,NA
6/13/2015,13,806,NA
6/13/2015,16,804,NA
6/13/2015,19,802,NA
6/13/2015,22,808,815
6/14/2015,1,817,NA
6/14/2015,4,820,NA
6/14/2015,7,811,NA
6/14/2015,10,797,NA
6/14/2015,13,790,NA
6/14/2015,16,787,NA
6/14/2015,19,783,NA
6/14/2015,22,777,798
6/15/2015,1,770,NA
6/15/2015,4,768,NA
6/15/2015,7,765,NA
6/15/2015,10,765,NA
6/15/2015,13,765,NA
6/15/2015,16,765,NA
6/15/2015,19,765,NA
6/15/2015,22,764,766
6/16/2015,1,762,NA
6/16/2015,4,767,NA
6/16/2015,7,773,NA
6/16/2015,10,777,NA
6/16/2015,13,780,NA
6/16/2015,16,787,NA
6/16/2015,19,796,NA
6/16/2015,22,802,781
6/17/2015,1,812,NA
6/17/2015,4,815,NA
6/17/2015,7,815,NA
6/17/2015,10,815,NA
6/17/2015,13,815,NA
6/17/2015,16,817,NA
6/17/2015,19,820,NA
6/17/2015,22,816,816
6/18/2015,1,811,NA
6/18/2015,4,808,NA
6/18/2015,7,806,NA
6/18/2015,10,798,NA
6/18/2015,13,801,NA
6/18/2015,16,801,NA
6/18/2015,19,798,NA
6/18/2015,22,796,802
6/19/2015,1,808,NA
6/19/2015,4,813,NA
6/19/2015,7,813,NA
6/19/2015,10,801,NA
6/19/2015,13,796,NA
6/19/2015,16,799,NA
6/19/2015,19,805,NA
6/19/2015,22,823,807
6/20/2015,1,845,NA
6/20/2015,4,861,NA
6/20/2015,7,873,NA
6/20/2015,10,876,NA
6/20/2015,13,876,NA
6/20/2015,16,871,NA
6/20/2015,19,863,NA
6/20/2015,22,857,865
6/21/2015,1,852,NA
6/21/2015,4,850,NA
6/21/2015,7,849,NA
6/21/2015,10,841,NA
6/21/2015,13,831,NA
6/21/2015,16,823,NA
6/21/2015,19,819,NA
6/21/2015,22,810,834
6/22/2015,1,798,NA
6/22/2015,4,780,NA
6/22/2015,7,767,NA
6/22/2015,10,771,NA
6/22/2015,13,783,NA
6/22/2015,16,792,NA
6/22/2015,19,808,NA
6/22/2015,22,814,789
6/23/2015,1,817,NA
6/23/2015,4,824,NA
6/23/2015,7,837,NA
6/23/2015,10,847,NA
6/23/2015,13,842,NA
6/23/2015,16,833,NA
6/23/2015,19,822,NA
6/23/2015,22,820,830
6/24/2015,1,825,NA
6/24/2015,4,827,NA
6/24/2015,7,814,NA
6/24/2015,10,810,NA
6/24/2015,13,807,NA
6/24/2015,16,814,NA
6/24/2015,19,824,NA
6/24/2015,22,833,819
6/25/2015,1,841,NA
6/25/2015,4,844,NA
6/25/2015,7,837,NA
6/25/2015,10,832,NA
6/25/2015,13,829,NA
6/25/2015,16,838,NA
6/25/2015,19,851,NA
6/25/2015,22,867,842
6/26/2015,1,878,NA
6/26/2015,4,873,NA
6/26/2015,7,866,NA
6/26/2015,10,851,NA
6/26/2015,13,841,NA
6/26/2015,16,848,NA
6/26/2015,19,858,NA
6/26/2015,22,867,860
6/27/2015,1,876,NA
6/27/2015,4,878,NA
6/27/2015,7,868,NA
6/27/2015,10,857,NA
6/27/2015,13,848,NA
6/27/2015,16,854,NA
6/27/2015,19,863,NA
6/27/2015,22,871,864
6/28/2015,1,878,NA
6/28/2015,4,873,NA
6/28/2015,7,865,NA
6/28/2015,10,853,NA
6/28/2015,13,846,NA
6/28/2015,16,835,NA
6/28/2015,19,817,NA
6/28/2015,22,810,847
6/29/2015,1,803,NA
6/29/2015,4,797,NA
6/29/2015,7,792,NA
6/29/2015,10,786,NA
6/29/2015,13,781,NA
6/29/2015,16,785,NA
6/29/2015,19,792,NA
6/29/2015,22,804,793
6/30/2015,1,812,NA
6/30/2015,4,817,NA
6/30/2015,7,821,NA
6/30/2015,10,824,NA
6/30/2015,13,826,NA
6/30/2015,16,826,NA
6/30/2015,19,826,NA
6/30/2015,22,828,823
7/1/2015,1,831,NA
7/1/2015,4,831,NA
7/1/2015,7,826,NA
7/1/2015,10,820,NA
7/1/2015,13,813,NA
7/1/2015,16,811,NA
7/1/2015,19,811,NA
7/1/2015,22,815,820
7/2/2015,1,821,NA
7/2/2015,4,821,NA
7/2/2015,7,821,NA
7/2/2015,10,821,NA
7/2/2015,13,819,NA
7/2/2015,16,823,NA
7/2/2015,19,830,NA
7/2/2015,22,841,825
7/3/2015,1,853,NA
7/3/2015,4,860,NA
7/3/2015,7,864,NA
7/3/2015,10,858,NA
7/3/2015,13,847,NA
7/3/2015,16,842,NA
7/3/2015,19,846,NA
7/3/2015,22,848,852
7/4/2015,1,850,NA
7/4/2015,4,850,NA
7/4/2015,7,847,NA
7/4/2015,10,846,NA
7/4/2015,13,845,NA
7/4/2015,16,847,NA
7/4/2015,19,850,NA
7/4/2015,22,848,848
7/5/2015,1,845,NA
7/5/2015,4,830,NA
7/5/2015,7,810,NA
7/5/2015,10,804,NA
7/5/2015,13,801,NA
7/5/2015,16,800,NA
7/5/2015,19,800,NA
7/5/2015,22,796,811
7/6/2015,1,793,NA
7/6/2015,4,789,NA
7/6/2015,7,785,NA
7/6/2015,10,784,NA
7/6/2015,13,782,NA
7/6/2015,16,781,NA
7/6/2015,19,780,NA
7/6/2015,22,784,785
7/7/2015,1,790,NA
7/7/2015,4,796,NA
7/7/2015,7,801,NA
7/7/2015,10,804,NA
7/7/2015,13,808,NA
7/7/2015,16,808,NA
7/7/2015,19,808,NA
7/7/2015,22,802,802
7/8/2015,1,795,NA
7/8/2015,4,792,NA
7/8/2015,7,790,NA
7/8/2015,10,791,NA
7/8/2015,13,794,NA
7/8/2015,16,790,NA
7/8/2015,19,787,NA
7/8/2015,22,783,790
7/9/2015,1,778,NA
7/9/2015,4,788,NA
7/9/2015,7,802,NA
7/9/2015,10,813,NA
7/9/2015,13,815,NA
7/9/2015,16,806,NA
7/9/2015,19,793,NA
7/9/2015,22,778,797
7/10/2015,1,766,NA
7/10/2015,4,769,NA
7/10/2015,7,775,NA
7/10/2015,10,777,NA
7/10/2015,13,777,NA
7/10/2015,16,765,NA
7/10/2015,19,744,NA
7/10/2015,22,736,764
7/11/2015,1,731,NA
7/11/2015,4,719,NA
7/11/2015,7,705,NA
7/11/2015,10,698,NA
7/11/2015,13,694,NA
7/11/2015,16,693,NA
7/11/2015,19,693,NA
7/11/2015,22,695,704
7/12/2015,1,700,NA
7/12/2015,4,692,NA
7/12/2015,7,677,NA
7/12/2015,10,673,NA
7/12/2015,13,671,NA
7/12/2015,16,656,NA
7/12/2015,19,636,NA
7/12/2015,22,621,666
7/13/2015,1,609,NA
7/13/2015,4,600,NA
7/13/2015,7,592,NA
7/13/2015,10,592,NA
7/13/2015,13,592,NA
7/13/2015,16,592,NA
7/13/2015,19,592,NA
7/13/2015,22,594,595
7/14/2015,1,597,NA
7/14/2015,4,611.5,NA
7/14/2015,7,635,NA
7/14/2015,10,665.5,NA
7/14/2015,13,680,NA
7/14/2015,16,683,NA
7/14/2015,19,686,NA
7/14/2015,22,678.5,NA
7/15/2015,1,668,NA
7/15/2015,4,677,NA
7/15/2015,7,693,NA
7/15/2015,10,709,NA
7/15/2015,13,714,NA
7/15/2015,16,706,NA
7/15/2015,19,694,NA
7/15/2015,22,679,693
7/16/2015,1,667,NA
7/16/2015,4,674,NA
7/16/2015,7,685,NA
7/16/2015,10,705,NA
7/16/2015,13,717,NA
7/16/2015,16,719,NA
7/16/2015,19,719,NA
7/16/2015,22,710,700
7/17/2015,1,692,NA
7/17/2015,4,690,NA
7/17/2015,7,690,NA
7/17/2015,10,685,NA
7/17/2015,13,683,NA
7/17/2015,16,682,NA
7/17/2015,19,681,NA
7/17/2015,22,677,685
7/18/2015,1,670,NA
7/18/2015,4,674,NA
7/18/2015,7,679,NA
7/18/2015,10,682,NA
7/18/2015,13,684,NA
7/18/2015,16,675,NA
7/18/2015,19,663,NA
7/18/2015,22,657,673
7/19/2015,1,654,NA
7/19/2015,4,650,NA
7/19/2015,7,658,NA
7/19/2015,10,664,NA
7/19/2015,13,668,NA
7/19/2015,16,665,NA
7/19/2015,19,660,NA
7/19/2015,22,655,659
7/20/2015,1,652,NA
7/20/2015,4,631,NA
7/20/2015,7,611,NA
7/20/2015,10,598,NA
7/20/2015,13,587,NA
7/20/2015,16,582,NA
7/20/2015,19,577,NA
7/20/2015,22,570.5,NA
7/21/2015,1,564,NA
7/21/2015,4,561,NA
7/21/2015,7,559,NA
7/21/2015,10,556,NA
7/21/2015,13,554,NA
7/21/2015,16,565,NA
7/21/2015,19,582,NA
7/21/2015,22,589,566
7/22/2015,1,593,NA
7/22/2015,4,595,NA
7/22/2015,7,597,NA
7/22/2015,10,597,NA
7/22/2015,13,597,NA
7/22/2015,16,606,NA
7/22/2015,19,621,NA
7/22/2015,22,629,604
7/23/2015,1,634,NA
7/23/2015,4,631,NA
7/23/2015,7,626,NA
7/23/2015,10,622,NA
7/23/2015,13,615,NA
7/23/2015,16,619,NA
7/23/2015,19,627,NA
7/23/2015,22,629,625
7/24/2015,1,632,NA
7/24/2015,4,634,NA
7/24/2015,7,630,NA
7/24/2015,10,625,NA
7/24/2015,13,622,NA
7/24/2015,16,622,NA
7/24/2015,19,626,NA
7/24/2015,22,635,628
7/25/2015,1,648,NA
7/25/2015,4,639,NA
7/25/2015,7,629,NA
7/25/2015,10,621,NA
7/25/2015,13,618,NA
7/25/2015,16,613,NA
7/25/2015,19,609,NA
7/25/2015,22,617,624
7/26/2015,1,630,NA
7/26/2015,4,634,NA
7/26/2015,7,627,NA
7/26/2015,10,636,NA
7/26/2015,13,651,NA
7/26/2015,16,660,NA
7/26/2015,19,668,NA
7/26/2015,22,673,647
7/27/2015,1,676,NA
7/27/2015,4,685,NA
7/27/2015,7,698,NA
7/27/2015,10,691,NA
7/27/2015,13,691,NA
7/27/2015,16,700,NA
7/27/2015,19,710,NA
7/27/2015,22,722,697
7/28/2015,1,731,NA
7/28/2015,4,756,NA
7/28/2015,7,783,NA
7/28/2015,10,796,NA
7/28/2015,13,803,NA
7/28/2015,16,808,NA
7/28/2015,19,813,NA
7/28/2015,22,805.5,NA
7/29/2015,1,800,NA
7/29/2015,4,804,NA
7/29/2015,7,809,NA
7/29/2015,10,811,NA
7/29/2015,13,813,NA
7/29/2015,16,810,NA
7/29/2015,19,807,NA
7/29/2015,22,818,809
7/30/2015,1,836,NA
7/30/2015,4,853.5,NA
7/30/2015,7,885,NA
7/30/2015,10,900.5,NA
7/30/2015,13,903,NA
7/30/2015,16,896.5,NA
7/30/2015,19,884,NA
7/30/2015,22,881,NA
7/31/2015,1,880,NA
7/31/2015,4,896,NA
7/31/2015,7,915,NA
7/31/2015,10,933.5,NA
7/31/2015,13,939,NA
7/31/2015,16,944,NA
7/31/2015,19,948,NA
7/31/2015,22,969,NA
8/1/2015,1,989,NA
8/1/2015,4,993,NA
8/1/2015,7,996,NA
8/1/2015,10,994,NA
8/1/2015,13,995,NA
8/1/2015,16,1004,NA
8/1/2015,19,1015,NA
8/1/2015,22,1037,NA
8/2/2015,1,1056,NA
8/2/2015,4,1071,NA
8/2/2015,7,1080,NA
8/2/2015,10,1089.5,NA
8/2/2015,13,1093,NA
8/2/2015,16,1091.5,NA
8/2/2015,19,1089,NA
8/2/2015,22,1084,NA
8/3/2015,1,1079,NA
8/3/2015,4,1090,NA
8/3/2015,7,1104,NA
8/3/2015,10,1113,NA
8/3/2015,13,1117,NA
8/3/2015,16,1120.5,NA
8/3/2015,19,1123,NA
8/3/2015,22,1133,NA
8/4/2015,1,1146,NA
8/4/2015,4,1158,NA
8/4/2015,7,1169,NA
8/4/2015,10,1178.5,NA
8/4/2015,13,1182,NA
8/4/2015,16,1183.5,NA
8/4/2015,19,1181,NA
8/4/2015,22,1180,NA
8/5/2015,1,1180,NA
8/5/2015,4,1177,NA
8/5/2015,7,1173,NA
8/5/2015,10,1167.5,NA
8/5/2015,13,1158,NA
8/5/2015,16,1154,NA
8/5/2015,19,1152,NA
8/5/2015,22,1152,NA
8/6/2015,1,1152,NA
8/6/2015,4,1145,NA
8/6/2015,7,1134,NA
8/6/2015,10,1126,NA
8/6/2015,13,1117,NA
8/6/2015,16,1110,NA
8/6/2015,19,1103,NA
8/6/2015,22,1096.5,NA
8/7/2015,1,1091,NA
8/7/2015,4,1089,NA
8/7/2015,7,1087,NA
8/7/2015,10,1083,NA
8/7/2015,13,1078,NA
8/7/2015,16,1070,NA
8/7/2015,19,1066,NA
8/7/2015,22,1061,1078
8/8/2015,1,1055,NA
8/8/2015,4,1052,NA
8/8/2015,7,1050,NA
8/8/2015,10,1045,NA
8/8/2015,13,1041,NA
8/8/2015,16,1034,NA
8/8/2015,19,1030,NA
8/8/2015,22,1026,1042
8/9/2015,1,1019,NA
8/9/2015,4,1010,NA
8/9/2015,7,1005,NA
8/9/2015,10,998,NA
8/9/2015,13,992,NA
8/9/2015,16,985,NA
8/9/2015,19,981,NA
8/9/2015,22,970,995
8/10/2015,1,962,NA
8/10/2015,4,960,NA
8/10/2015,7,960,NA
8/10/2015,10,958,NA
8/10/2015,13,955,NA
8/10/2015,16,953,NA
8/10/2015,19,964,NA
8/10/2015,22,967,960
8/11/2015,1,967,NA
8/11/2015,4,962,NA
8/11/2015,7,955,NA
8/11/2015,10,944,NA
8/11/2015,13,936,NA
8/11/2015,16,934,NA
8/11/2015,19,938,NA
8/11/2015,22,943,947
8/12/2015,1,945,NA
8/12/2015,4,942,NA
8/12/2015,7,938,NA
8/12/2015,10,930,NA
8/12/2015,13,925,NA
8/12/2015,16,932,NA
8/12/2015,19,941,NA
8/12/2015,22,950,938
8/13/2015,1,955,NA
8/13/2015,4,951,NA
8/13/2015,7,945,NA
8/13/2015,10,937,NA
8/13/2015,13,931,NA
8/13/2015,16,931,NA
8/13/2015,19,936,NA
8/13/2015,22,948,942
8/14/2015,1,963,NA
8/14/2015,4,968,NA
8/14/2015,7,970,NA
8/14/2015,10,964,NA
8/14/2015,13,956,NA
8/14/2015,16,958,NA
8/14/2015,19,965,NA
8/14/2015,22,967,964
8/15/2015,1,970,NA
8/15/2015,4,965,NA
8/15/2015,7,956,NA
8/15/2015,10,948,NA
8/15/2015,13,942,NA
8/15/2015,16,946,NA
8/15/2015,19,954,NA
8/15/2015,22,959,955
8/16/2015,1,963,NA
8/16/2015,4,958,NA
8/16/2015,7,950,NA
8/16/2015,10,941,NA
8/16/2015,13,936,NA
8/16/2015,16,932,NA
8/16/2015,19,930,NA
8/16/2015,22,927,942
8/17/2015,1,923,NA
8/17/2015,4,920,NA
8/17/2015,7,916,NA
8/17/2015,10,916,NA
8/17/2015,13,916,NA
8/17/2015,16,922,NA
8/17/2015,19,930,NA
8/17/2015,22,936,922
8/18/2015,1,934,NA
8/18/2015,4,927,NA
8/18/2015,7,918,NA
8/18/2015,10,910,NA
8/18/2015,13,904,NA
8/18/2015,16,904,NA
8/18/2015,19,904,NA
8/18/2015,22,913,914
8/19/2015,1,924,NA
8/19/2015,4,922,NA
8/19/2015,7,916,NA
8/19/2015,10,908,NA
8/19/2015,13,901,NA
8/19/2015,16,899,NA
8/19/2015,19,904,NA
8/19/2015,22,915,911
8/20/2015,1,937,NA
8/20/2015,4,963,NA
8/20/2015,7,983,NA
8/20/2015,10,989,NA
8/20/2015,13,991,NA
8/20/2015,16,997,NA
8/20/2015,19,1005,NA
8/20/2015,22,1005,NA
8/21/2015,1,1005,NA
8/21/2015,4,1007,NA
8/21/2015,7,1010,NA
8/21/2015,10,1000,NA
8/21/2015,13,985,NA
8/21/2015,16,983,NA
8/21/2015,19,992,NA
8/21/2015,22,996,997
8/22/2015,1,999,NA
8/22/2015,4,991,NA
8/22/2015,7,979,NA
8/22/2015,10,970,NA
8/22/2015,13,963,NA
8/22/2015,16,954,NA
8/22/2015,19,948,NA
8/22/2015,22,933,967
8/23/2015,1,919,NA
8/23/2015,4,914,NA
8/23/2015,7,912,NA
8/23/2015,10,907,NA
8/23/2015,13,899,NA
8/23/2015,16,889,NA
8/23/2015,19,881,NA
8/23/2015,22,884,901
8/24/2015,1,889,NA
8/24/2015,4,885,NA
8/24/2015,7,878,NA
8/24/2015,10,863,NA
8/24/2015,13,852,NA
8/24/2015,16,852,NA
8/24/2015,19,857,NA
8/24/2015,22,865,868
8/25/2015,1,871,NA
8/25/2015,4,869,NA
8/25/2015,7,864,NA
8/25/2015,10,855,NA
8/25/2015,13,849,NA
8/25/2015,16,851,NA
8/25/2015,19,855,NA
8/25/2015,22,860,859
8/26/2015,1,863,NA
8/26/2015,4,872,NA
8/26/2015,7,867,NA
8/26/2015,10,862,NA
8/26/2015,13,858,NA
8/26/2015,16,866,NA
8/26/2015,19,879,NA
8/26/2015,22,890,870
8/27/2015,1,898,NA
8/27/2015,4,906,NA
8/27/2015,7,911,NA
8/27/2015,10,913,NA
8/27/2015,13,913,NA
8/27/2015,16,918,NA
8/27/2015,19,929,NA
8/27/2015,22,945,917
8/28/2015,1,957,NA
8/28/2015,4,954,NA
8/28/2015,7,945,NA
8/28/2015,10,931,NA
8/28/2015,13,926,NA
8/28/2015,16,923,NA
8/28/2015,19,920,NA
8/28/2015,22,935,936
8/29/2015,1,948,NA
8/29/2015,4,957,NA
8/29/2015,7,965,NA
8/29/2015,10,965,NA
8/29/2015,13,961,NA
8/29/2015,16,964,NA
8/29/2015,19,970,NA
8/29/2015,22,985,964
8/30/2015,1,1012,NA
8/30/2015,4,1038,NA
8/30/2015,7,1061,NA
8/30/2015,10,1071,NA
8/30/2015,13,1075,NA
8/30/2015,16,1078,NA
8/30/2015,19,1082,NA
8/30/2015,22,1093.5,NA
8/31/2015,1,1103,NA
8/31/2015,4,1113,NA
8/31/2015,7,1120,NA
8/31/2015,10,1121,NA
8/31/2015,13,1119,NA
8/31/2015,16,1117,NA
8/31/2015,19,1123,NA
8/31/2015,22,1123.5,NA
9/1/2015,1,1120,NA
9/1/2015,4,1107.5,NA
9/1/2015,7,1092,NA
9/1/2015,10,1076.5,NA
9/1/2015,13,1060,NA
9/1/2015,16,1049,NA
9/1/2015,19,1041,NA
9/1/2015,22,1033.5,NA
9/2/2015,1,1025,NA
9/2/2015,4,992.5,NA
9/2/2015,7,954,NA
9/2/2015,10,934,NA
9/2/2015,13,925,NA
9/2/2015,16,918,NA
9/2/2015,19,912,NA
9/2/2015,22,900.5,NA
9/3/2015,1,888,NA
9/3/2015,4,882,NA
9/3/2015,7,876,NA
9/3/2015,10,870,NA
9/3/2015,13,865,NA
9/3/2015,16,871,NA
9/3/2015,19,882,NA
9/3/2015,22,894,879
9/4/2015,1,903,NA
9/4/2015,4,898,NA
9/4/2015,7,891,NA
9/4/2015,10,885,NA
9/4/2015,13,881,NA
9/4/2015,16,879,NA
9/4/2015,19,879,NA
9/4/2015,22,886,888
9/5/2015,1,900,NA
9/5/2015,4,905,NA
9/5/2015,7,898,NA
9/5/2015,10,903,NA
9/5/2015,13,912,NA
9/5/2015,16,918,NA
9/5/2015,19,921,NA
9/5/2015,22,926,910
9/6/2015,1,934,NA
9/6/2015,4,942,NA
9/6/2015,7,948,NA
9/6/2015,10,946,NA
9/6/2015,13,943,NA
9/6/2015,16,951,NA
9/6/2015,19,962,NA
9/6/2015,22,980,951
9/7/2015,1,999,NA
9/7/2015,4,1019.5,NA
9/7/2015,7,1034,NA
9/7/2015,10,1044,NA
9/7/2015,13,1044,NA
9/7/2015,16,1041.5,NA
9/7/2015,19,1038,NA
9/7/2015,22,1054,NA
9/8/2015,1,1070,NA
9/8/2015,4,1073,NA
9/8/2015,7,1075,NA
9/8/2015,10,1075,NA
9/8/2015,13,1081,NA
9/8/2015,16,1102,NA
9/8/2015,19,1129,NA
9/8/2015,22,1157.5,NA
9/9/2015,1,1187,NA
9/9/2015,4,1204,NA
9/9/2015,7,1215,NA
9/9/2015,10,1222.5,NA
9/9/2015,13,1231,NA
9/9/2015,16,1243,NA
9/9/2015,19,1244,NA
9/9/2015,22,1244,NA
9/10/2015,1,1242,NA
9/10/2015,4,1233,NA
9/10/2015,7,1220,NA
9/10/2015,10,1200.5,NA
9/10/2015,13,1188,NA
9/10/2015,16,1175,NA
9/10/2015,19,1165,NA
9/10/2015,22,1159.5,NA
9/11/2015,1,1155,NA
9/11/2015,4,1141.5,NA
9/11/2015,7,1127,NA
9/11/2015,10,1113,NA
9/11/2015,13,1102,NA
9/11/2015,16,1097,NA
9/11/2015,19,1096,NA
9/11/2015,22,1095,NA
9/12/2015,1,1091,NA
9/12/2015,4,1073.5,NA
9/12/2015,7,1050,NA
9/12/2015,10,1019,NA
9/12/2015,13,993,NA
9/12/2015,16,968,NA
9/12/2015,19,946,NA
9/12/2015,22,949.5,NA
9/13/2015,1,955,NA
9/13/2015,4,944.5,NA
9/13/2015,7,928,NA
9/13/2015,10,914.5,NA
9/13/2015,13,900,NA
9/13/2015,16,887,NA
9/13/2015,19,879,NA
9/13/2015,22,872.5,NA
9/14/2015,1,863,NA
9/14/2015,4,859,NA
9/14/2015,7,857,NA
9/14/2015,10,856,NA
9/14/2015,13,854,NA
9/14/2015,16,867,NA
9/14/2015,19,882,NA
9/14/2015,22,894,867
9/15/2015,1,902,NA
9/15/2015,4,895,NA
9/15/2015,7,883,NA
9/15/2015,10,873,NA
9/15/2015,13,864,NA
9/15/2015,16,871,NA
9/15/2015,19,880,NA
9/15/2015,22,886,882
9/16/2015,1,889,NA
9/16/2015,4,886,NA
9/16/2015,7,878,NA
9/16/2015,10,869,NA
9/16/2015,13,862,NA
9/16/2015,16,872,NA
9/16/2015,19,886,NA
9/16/2015,22,897,880
9/17/2015,1,906,NA
9/17/2015,4,901,NA
9/17/2015,7,892,NA
9/17/2015,10,879,NA
9/17/2015,13,869,NA
9/17/2015,16,867,NA
9/17/2015,19,867,NA
9/17/2015,22,868,881
9/18/2015,1,872,NA
9/18/2015,4,874,NA
9/18/2015,7,871,NA
9/18/2015,10,877,NA
9/18/2015,13,887,NA
9/18/2015,16,906,NA
9/18/2015,19,930,NA
9/18/2015,22,951,896
9/19/2015,1,968,NA
9/19/2015,4,973,NA
9/19/2015,7,975,NA
9/19/2015,10,977,NA
9/19/2015,13,979,NA
9/19/2015,16,982,NA
9/19/2015,19,986,NA
9/19/2015,22,990,979
9/20/2015,1,993,NA
9/20/2015,4,989,NA
9/20/2015,7,981,NA
9/20/2015,10,978,NA
9/20/2015,13,976,NA
9/20/2015,16,970,NA
9/20/2015,19,963,NA
9/20/2015,22,954,976
9/21/2015,1,946,NA
9/21/2015,4,940,NA
9/21/2015,7,936,NA
9/21/2015,10,935,NA
9/21/2015,13,935,NA
9/21/2015,16,944,NA
9/21/2015,19,958,NA
9/21/2015,22,972,946
9/22/2015,1,985,NA
9/22/2015,4,989,NA
9/22/2015,7,991,NA
9/22/2015,10,991,NA
9/22/2015,13,987,NA
9/22/2015,16,985,NA
9/22/2015,19,984,NA
9/22/2015,22,987,987
9/23/2015,1,992,NA
9/23/2015,4,994,NA
9/23/2015,7,990,NA
9/23/2015,10,984,NA
9/23/2015,13,979,NA
9/23/2015,16,986,NA
9/23/2015,19,995,NA
9/23/2015,22,1001,990
9/24/2015,1,1006,NA
9/24/2015,4,1000,NA
9/24/2015,7,990,NA
9/24/2015,10,977,NA
9/24/2015,13,970,NA
9/24/2015,16,976,NA
9/24/2015,19,986,NA
9/24/2015,22,997,988
9/25/2015,1,1012,NA
9/25/2015,4,1018,NA
9/25/2015,7,1021,NA
9/25/2015,10,1014,NA
9/25/2015,13,1009,NA
9/25/2015,16,1013,NA
9/25/2015,19,1019,NA
9/25/2015,22,1026,1017
9/26/2015,1,1030,NA
9/26/2015,4,1024,NA
9/26/2015,7,1016,NA
9/26/2015,10,1010,NA
9/26/2015,13,1014,NA
9/26/2015,16,1019,NA
9/26/2015,19,1025,NA
9/26/2015,22,1029,1021
9/27/2015,1,1035,NA
9/27/2015,4,1043,NA
9/27/2015,7,1038,NA
9/27/2015,10,1032,NA
9/27/2015,13,1025,NA
9/27/2015,16,1020,NA
9/27/2015,19,1016,NA
9/27/2015,22,1010,1027
9/28/2015,1,1005,NA
9/28/2015,4,994,NA
9/28/2015,7,980,NA
9/28/2015,10,970,NA
9/28/2015,13,967,NA
9/28/2015,16,980,NA
9/28/2015,19,987,NA
9/28/2015,22,991,984
9/29/2015,1,995,NA
9/29/2015,4,992,NA
9/29/2015,7,984,NA
9/29/2015,10,976,NA
9/29/2015,13,971,NA
9/29/2015,16,977,NA
9/29/2015,19,987,NA
9/29/2015,22,993,984
9/30/2015,1,997,NA
9/30/2015,4,989,NA
9/30/2015,7,973,NA
9/30/2015,10,958,NA
9/30/2015,13,945,NA
9/30/2015,16,952,NA
9/30/2015,19,961,NA
9/30/2015,22,970,968
10/1/2015,1,974,NA
10/1/2015,4,966,NA
10/1/2015,7,953,NA
10/1/2015,10,944,NA
10/1/2015,13,937,NA
10/1/2015,16,943,NA
10/1/2015,19,952,NA
10/1/2015,22,957,953
10/2/2015,1,960,NA
10/2/2015,4,949,NA
10/2/2015,7,934,NA
10/2/2015,10,923,NA
10/2/2015,13,917,NA
10/2/2015,16,925,NA
10/2/2015,19,936,NA
10/2/2015,22,945,936
10/3/2015,1,951,NA
10/3/2015,4,942,NA
10/3/2015,7,929,NA
10/3/2015,10,918,NA
10/3/2015,13,910,NA
10/3/2015,16,908,NA
10/3/2015,19,906,NA
10/3/2015,22,908,922
10/4/2015,1,912,NA
10/4/2015,4,909,NA
10/4/2015,7,904,NA
10/4/2015,10,896,NA
10/4/2015,13,886,NA
10/4/2015,16,881,NA
10/4/2015,19,878,NA
10/4/2015,22,887,894
10/5/2015,1,899,NA
10/5/2015,4,899,NA
10/5/2015,7,899,NA
10/5/2015,10,892,NA
10/5/2015,13,881,NA
10/5/2015,16,890,NA
10/5/2015,19,903,NA
10/5/2015,22,912,897
10/6/2015,1,922,NA
10/6/2015,4,914,NA
10/6/2015,7,899,NA
10/6/2015,10,888,NA
10/6/2015,13,883,NA
10/6/2015,16,891,NA
10/6/2015,19,902,NA
10/6/2015,22,913,902
10/7/2015,1,923,NA
10/7/2015,4,915,NA
10/7/2015,7,897,NA
10/7/2015,10,883,NA
10/7/2015,13,874,NA
10/7/2015,16,872,NA
10/7/2015,19,877,NA
10/7/2015,22,886,891
10/8/2015,1,900,NA
10/8/2015,4,894,NA
10/8/2015,7,886,NA
10/8/2015,10,880,NA
10/8/2015,13,873,NA
10/8/2015,16,881,NA
10/8/2015,19,892,NA
10/8/2015,22,897,888
10/9/2015,1,901,NA
10/9/2015,4,896,NA
10/9/2015,7,890,NA
10/9/2015,10,883,NA
10/9/2015,13,879,NA
10/9/2015,16,877,NA
10/9/2015,19,882,NA
10/9/2015,22,885,887
10/10/2015,1,880,NA
10/10/2015,4,872,NA
10/10/2015,7,861,NA
10/10/2015,10,854,NA
10/10/2015,13,850,NA
10/10/2015,16,841,NA
10/10/2015,19,830,NA
10/10/2015,22,812,850
10/11/2015,1,797,NA
10/11/2015,4,793,NA
10/11/2015,7,790,NA
10/11/2015,10,795,NA
10/11/2015,13,803,NA
10/11/2015,16,803,NA
10/11/2015,19,800,NA
10/11/2015,22,798,797
10/12/2015,1,797,NA
10/12/2015,4,804,NA
10/12/2015,7,814,NA
10/12/2015,10,821,NA
10/12/2015,13,826,NA
10/12/2015,16,832,NA
10/12/2015,19,838,NA
10/12/2015,22,851,823
10/13/2015,1,858,NA
10/13/2015,4,870,NA
10/13/2015,7,878,NA
10/13/2015,10,885,NA
10/13/2015,13,880,NA
10/13/2015,16,878,NA
10/13/2015,19,888,NA
10/13/2015,22,890,878
10/14/2015,1,884,NA
10/14/2015,4,877,NA
10/14/2015,7,872,NA
10/14/2015,10,868,NA
10/14/2015,13,864,NA
10/14/2015,16,861,NA
10/14/2015,19,856,NA
10/14/2015,22,854,867
10/15/2015,1,850,NA
10/15/2015,4,850,NA
10/15/2015,7,850,NA
10/15/2015,10,850,NA
10/15/2015,13,854,NA
10/15/2015,16,857,NA
10/15/2015,19,848,NA
10/15/2015,22,846,851
10/16/2015,1,861,NA
10/16/2015,4,865,NA
10/16/2015,7,867,NA
10/16/2015,10,867,NA
10/16/2015,13,867,NA
10/16/2015,16,876,NA
10/16/2015,19,886,NA
10/16/2015,22,892,873
10/17/2015,1,897,NA
10/17/2015,4,893,NA
10/17/2015,7,885,NA
10/17/2015,10,879,NA
10/17/2015,13,874,NA
10/17/2015,16,868,NA
10/17/2015,19,862,NA
10/17/2015,22,858,877
10/18/2015,1,858,NA
10/18/2015,4,856,NA
10/18/2015,7,854,NA
10/18/2015,10,852,NA
10/18/2015,13,850,NA
10/18/2015,16,848,NA
10/18/2015,19,847,NA
10/18/2015,22,845,851
10/19/2015,1,840,NA
10/19/2015,4,844,NA
10/19/2015,7,853,NA
10/19/2015,10,855,NA
10/19/2015,13,847,NA
10/19/2015,16,846,NA
10/19/2015,19,846,NA
10/19/2015,22,846,847
10/20/2015,1,843,NA
10/20/2015,4,845,NA
10/20/2015,7,848,NA
10/20/2015,10,844,NA
10/20/2015,13,839,NA
10/20/2015,16,837,NA
10/20/2015,19,836,NA
10/20/2015,22,842,842
10/21/2015,1,851,NA
10/21/2015,4,848,NA
10/21/2015,7,845,NA
10/21/2015,10,841,NA
10/21/2015,13,835,NA
10/21/2015,16,843,NA
10/21/2015,19,853,NA
10/21/2015,22,858,847
10/22/2015,1,861,NA
10/22/2015,4,854,NA
10/22/2015,7,844,NA
10/22/2015,10,837,NA
10/22/2015,13,829,NA
10/22/2015,16,826,NA
10/22/2015,19,823,NA
10/22/2015,22,814,836
10/23/2015,1,804,NA
10/23/2015,4,804,NA
10/23/2015,7,808,NA
10/23/2015,10,808,NA
10/23/2015,13,806,NA
10/23/2015,16,804,NA
10/23/2015,19,802,NA
10/23/2015,22,795,804
10/24/2015,1,789,NA
10/24/2015,4,789,NA
10/24/2015,7,789,NA
10/24/2015,10,787,NA
10/24/2015,13,785,NA
10/24/2015,16,785,NA
10/24/2015,19,785,NA
10/24/2015,22,780,786
10/25/2015,1,773,NA
10/25/2015,4,769,NA
10/25/2015,7,765,NA
10/25/2015,10,763,NA
10/25/2015,13,763,NA
10/25/2015,16,759,NA
10/25/2015,19,754,NA
10/25/2015,22,752,762
10/26/2015,1,750,NA
10/26/2015,4,736,NA
10/26/2015,7,720,NA
10/26/2015,10,720,NA
10/26/2015,13,720,NA
10/26/2015,16,728,NA
10/26/2015,19,740,NA
10/26/2015,22,745,732
10/27/2015,1,747,NA
10/27/2015,4,751,NA
10/27/2015,7,757,NA
10/27/2015,10,761,NA
10/27/2015,13,766,NA
10/27/2015,16,757,NA
10/27/2015,19,740,NA
10/27/2015,22,742,753
10/28/2015,1,746,NA
10/28/2015,4,748,NA
10/28/2015,7,743,NA
10/28/2015,10,746,NA
10/28/2015,13,751,NA
10/28/2015,16,748,NA
10/28/2015,19,742,NA
10/28/2015,22,740,746
10/29/2015,1,740,NA
10/29/2015,4,740,NA
10/29/2015,7,737,NA
10/29/2015,10,737,NA
10/29/2015,13,737,NA
10/29/2015,16,744,NA
10/29/2015,19,753,NA
10/29/2015,22,749,742
10/30/2015,1,745,NA
10/30/2015,4,741,NA
10/30/2015,7,738,NA
10/30/2015,10,736,NA
10/30/2015,13,739,NA
10/30/2015,16,741,NA
10/30/2015,19,736,NA
10/30/2015,22,729,738
10/31/2015,1,725,NA
10/31/2015,4,722,NA
10/31/2015,7,717,NA
10/31/2015,10,711,NA
10/31/2015,13,706,NA
10/31/2015,16,698,NA
10/31/2015,19,682,NA
10/31/2015,22,671,704
11/1/2015,1,659,NA
11/1/2015,4,646,NA
11/1/2015,7,637,NA
11/1/2015,10,634,NA
11/1/2015,13,638,NA
11/1/2015,16,645,NA
11/1/2015,19,653,NA
11/1/2015,22,656,646
11/2/2015,1,658,NA
11/2/2015,4,660,NA
11/2/2015,7,662,NA
11/2/2015,10,659,NA
11/2/2015,13,654,NA
11/2/2015,16,656,NA
11/2/2015,19,659,NA
11/2/2015,22,663,659
11/3/2015,1,665,NA
11/3/2015,4,658,NA
11/3/2015,7,649,NA
11/3/2015,10,643,NA
11/3/2015,13,637,NA
11/3/2015,16,636,NA
11/3/2015,19,635,NA
11/3/2015,22,635,645
11/4/2015,1,637,NA
NA,4,638.5,NA
11/4/2015,7,640,NA
NA,10,636.5,NA
11/4/2015,13,633,NA
NA,16,636.5,NA
11/4/2015,19,640,638
NA,22,637,NA
11/5/2015,1,634,NA
NA,4,631,NA
11/5/2015,7,628,NA
NA,10,626,NA
11/5/2015,13,624,NA
NA,16,627,NA
11/5/2015,19,630,629
NA,22,631,NA
11/6/2015,1,632,NA
NA,4,627.5,NA
11/6/2015,7,623,NA
NA,10,619.5,NA
11/6/2015,13,616,NA
NA,16,614,NA
11/6/2015,19,612,621
NA,22,613.5,NA
11/7/2015,1,615,NA
NA,4,615,NA
11/7/2015,7,615,NA
NA,10,615,NA
11/7/2015,13,615,NA
NA,16,616.5,NA
11/7/2015,19,618,616
NA,22,619.5,NA
11/8/2015,1,621,NA
NA,4,617,NA
11/8/2015,7,613,NA
NA,10,611.5,NA
11/8/2015,13,610,NA
NA,16,608.5,NA
11/8/2015,19,607,613
NA,22,602.5,NA
11/9/2015,1,598,NA
11/9/2015,4,594,NA
11/9/2015,7,590,NA
11/9/2015,10,585,NA
11/9/2015,13,580,NA
11/9/2015,16,584,NA
11/9/2015,19,589,NA
11/9/2015,22,593,589
11/10/2015,1,599,NA
11/10/2015,4,603,NA
11/10/2015,7,607,NA
11/10/2015,10,610,NA
11/10/2015,13,613,NA
11/10/2015,16,618.5,NA
11/10/2015,19,624,611
11/10/2015,22,626,NA
11/11/2015,1,628,NA
11/11/2015,4,629.5,NA
11/11/2015,7,631,NA
11/11/2015,10,632,NA
11/11/2015,13,633,NA
11/11/2015,16,634,NA
11/11/2015,19,635,632
11/11/2015,22,639.5,NA
11/12/2015,1,644,NA
11/12/2015,4,658,NA
11/12/2015,7,677,NA
11/12/2015,10,701,NA
11/12/2015,13,732,NA
11/12/2015,16,755,NA
11/12/2015,19,771,NA
11/12/2015,22,778,NA
11/13/2015,1,782,NA
11/13/2015,4,776.5,NA
11/13/2015,7,767,NA
11/13/2015,10,773,NA
11/13/2015,13,785,NA
11/13/2015,16,806,NA
11/13/2015,19,823,NA
11/13/2015,22,836.5,NA
11/14/2015,1,852,NA
11/14/2015,4,873,NA
11/14/2015,7,891,NA
11/14/2015,10,907.5,NA
11/14/2015,13,919,NA
11/14/2015,16,926.5,NA
11/14/2015,19,930,NA
11/14/2015,22,933.5,NA
11/15/2015,1,938,NA
11/15/2015,4,940,NA
11/15/2015,7,943,NA
11/15/2015,10,944,NA
11/15/2015,13,944,NA
11/15/2015,16,942,NA
11/15/2015,19,940,NA
11/15/2015,22,936,941
11/16/2015,1,929,NA
11/16/2015,4,923.5,NA
11/16/2015,7,918,NA
11/16/2015,10,918.5,NA
11/16/2015,13,925,NA
11/16/2015,16,939.5,NA
11/16/2015,19,954,NA
11/16/2015,22,953.5,NA
11/17/2015,1,928,NA
11/17/2015,4,893,NA
11/17/2015,7,843.3333333,NA
11/17/2015,10,822.3333333,NA
11/17/2015,13,818,NA
11/17/2015,16,816,NA
11/17/2015,19,816,NA
11/17/2015,22,823.25,NA
11/18/2015,1,832,NA
11/18/2015,4,826.5,NA
11/18/2015,7,818,NA
11/18/2015,10,809.5,NA
11/18/2015,13,802,NA
11/18/2015,16,800,NA
11/18/2015,19,800,NA
11/18/2015,22,802,NA
11/19/2015,1,807,NA
11/19/2015,4,810,NA
11/19/2015,7,808,NA
11/19/2015,10,805,NA
11/19/2015,13,815,NA
11/19/2015,16,832,NA
11/19/2015,19,850,NA
11/19/2015,22,857,823
11/20/2015,1,861,NA
11/20/2015,4,863,NA
11/20/2015,7,864,NA
11/20/2015,10,869,NA
11/20/2015,13,878,NA
11/20/2015,16,892,NA
11/20/2015,19,905,NA
11/20/2015,22,910,880
11/21/2015,1,902,NA
11/21/2015,4,888,NA
11/21/2015,7,871,NA
11/21/2015,10,860,NA
11/21/2015,13,852,NA
11/21/2015,16,847,NA
11/21/2015,19,843,NA
11/21/2015,22,837,863
11/22/2015,1,828,NA
11/22/2015,4,821,NA
11/22/2015,7,816,NA
11/22/2015,10,811,NA
11/22/2015,13,800,NA
11/22/2015,16,779,NA
11/22/2015,19,752,NA
11/22/2015,22,738,793
11/23/2015,1,729,NA
11/23/2015,4,722,NA
11/23/2015,7,717,NA
11/23/2015,10,713,NA
11/23/2015,13,711,NA
11/23/2015,16,709,NA
11/23/2015,19,706,NA
11/23/2015,22,704,714
11/24/2015,1,707,NA
11/24/2015,4,709,NA
11/24/2015,7,711,NA
11/24/2015,10,715,NA
11/24/2015,13,720,NA
11/24/2015,16,725,NA
11/24/2015,19,732,NA
11/24/2015,22,734,719
11/25/2015,1,737,NA
11/25/2015,4,739,NA
11/25/2015,7,736,NA
11/25/2015,10,728,NA
11/25/2015,13,719,NA
11/25/2015,16,715,NA
11/25/2015,19,713,NA
11/25/2015,22,713,725
11/26/2015,1,717,NA
11/26/2015,4,723,NA
11/26/2015,7,726,NA
11/26/2015,10,737,NA
11/26/2015,13,745,NA
11/26/2015,16,740,NA
11/26/2015,19,728,NA
11/26/2015,22,723,730
11/27/2015,1,726,NA
11/27/2015,4,728,NA
11/27/2015,7,722,NA
11/27/2015,10,715,NA
11/27/2015,13,713,NA
11/27/2015,16,718,NA
11/27/2015,19,727,NA
11/27/2015,22,730,722
11/28/2015,1,724,NA
11/28/2015,4,713,NA
11/28/2015,7,704,NA
11/28/2015,10,702,NA
11/28/2015,13,700,NA
11/28/2015,16,698,NA
11/28/2015,19,693,NA
11/28/2015,22,684,702
11/29/2015,1,670,NA
11/29/2015,4,655,NA
11/29/2015,7,646,NA
11/29/2015,10,634,NA
11/29/2015,13,626,NA
11/29/2015,16,620,NA
11/29/2015,19,615,NA
11/29/2015,22,611,635
11/30/2015,1,604,NA
11/30/2015,4,600,NA
11/30/2015,7,597,NA
11/30/2015,10,595,NA
11/30/2015,13,594,NA
11/30/2015,16,591,NA
11/30/2015,19,585,NA
11/30/2015,22,583,594
12/1/2015,1,587,NA
12/1/2015,4,593,NA
12/1/2015,7,596,NA
12/1/2015,10,601,NA
12/1/2015,13,610,NA
12/1/2015,16,623,NA
12/1/2015,19,637,NA
12/1/2015,22,648,612
12/2/2015,1,657,NA
12/2/2015,4,664,NA
12/2/2015,7,669,NA
12/2/2015,10,674,NA
12/2/2015,13,677,NA
12/2/2015,16,672,NA
12/2/2015,19,665,NA
12/2/2015,22,660,667
12/3/2015,1,664,NA
12/3/2015,4,673,NA
12/3/2015,7,680,NA
12/3/2015,10,686,NA
12/3/2015,13,690,NA
12/3/2015,16,687,NA
12/3/2015,19,682,NA
12/3/2015,22,685,681
12/4/2015,1,683,NA
12/4/2015,4,679,NA
12/4/2015,7,677,NA
12/4/2015,10,682,NA
12/4/2015,13,691,NA
12/4/2015,16,703,NA
12/4/2015,19,718,NA
12/4/2015,22,727,695
12/5/2015,1,732,NA
12/5/2015,4,735,NA
12/5/2015,7,737,NA
12/5/2015,10,739,NA
12/5/2015,13,739,NA
12/5/2015,16,736,NA
12/5/2015,19,731,NA
12/5/2015,22,737,736
12/6/2015,1,743,NA
12/6/2015,4,749,NA
12/6/2015,7,754,NA
12/6/2015,10,758,NA
12/6/2015,13,756,NA
12/6/2015,16,753,NA
12/6/2015,19,750,NA
12/6/2015,22,748,751
12/7/2015,1,751,NA
12/7/2015,4,757,NA
12/7/2015,7,765,NA
12/7/2015,10,770,NA
12/7/2015,13,774,NA
12/7/2015,16,777,NA
12/7/2015,19,779,NA
12/7/2015,22,781,769
12/8/2015,1,785,NA
12/8/2015,4,791,NA
12/8/2015,7,796,NA
12/8/2015,10,790,NA
12/8/2015,13,781,NA
12/8/2015,16,779,NA
12/8/2015,19,778,NA
12/8/2015,22,773,784
12/9/2015,1,764,NA
12/9/2015,4,751,NA
12/9/2015,7,737,NA
12/9/2015,10,728,NA
12/9/2015,13,722,NA
12/9/2015,16,720,NA
12/9/2015,19,720,NA
12/9/2015,22,720,733
12/10/2015,1,719,NA
12/10/2015,4,719,NA
12/10/2015,7,718,NA
12/10/2015,10,724,NA
12/10/2015,13,729,NA
12/10/2015,16,737,NA
12/10/2015,19,751,NA
12/10/2015,22,756,732
12/11/2015,1,753,NA
12/11/2015,4,748,NA
12/11/2015,7,743,NA
12/11/2015,10,740,NA
12/11/2015,13,738,NA
12/11/2015,16,736,NA
12/11/2015,19,736,NA
12/11/2015,22,734,741
12/12/2015,1,731,NA
12/12/2015,4,728,NA
12/12/2015,7,725,NA
12/12/2015,10,725,NA
12/12/2015,13,725,NA
12/12/2015,16,725,NA
12/12/2015,19,725,727
12/12/2015,22,726.5,NA
12/13/2015,1,728,NA
12/13/2015,4,730,NA
12/13/2015,7,732,NA
12/13/2015,10,725,NA
12/13/2015,13,714,NA
12/13/2015,16,708,NA
12/13/2015,19,703,NA
12/13/2015,22,700,718
12/14/2015,1,698,NA
12/14/2015,4,696,NA
12/14/2015,7,696,NA
12/14/2015,10,699,NA
12/14/2015,13,706,NA
12/14/2015,16,714,NA
12/14/2015,19,722,NA
12/14/2015,22,725,707
12/15/2015,1,727,NA
12/15/2015,4,728,NA
12/15/2015,7,728,NA
12/15/2015,10,728,NA
12/15/2015,13,728,NA
12/15/2015,16,733,NA
12/15/2015,19,744,NA
12/15/2015,22,748,733
12/16/2015,1,746,NA
12/16/2015,4,738,NA
12/16/2015,7,732,NA
12/16/2015,10,723,NA
12/16/2015,13,717,NA
12/16/2015,16,720,NA
12/16/2015,19,727,NA
12/16/2015,22,730,729
12/17/2015,1,724,NA
12/17/2015,4,711,NA
12/17/2015,7,696,NA
12/17/2015,10,692,NA
12/17/2015,13,690,NA
12/17/2015,16,698,NA
12/17/2015,19,710,NA
12/17/2015,22,715,705
12/18/2015,1,709,NA
12/18/2015,4,689.5,NA
12/18/2015,7,668,NA
12/18/2015,10,657.5,NA
12/18/2015,13,653,NA
12/18/2015,16,652,NA
12/18/2015,19,652,NA
12/18/2015,22,655,NA
12/19/2015,1,658,NA
12/19/2015,4,660,NA
12/19/2015,7,660,NA
12/19/2015,10,665,NA
12/19/2015,13,673,NA
12/19/2015,16,684,NA
12/19/2015,19,697,NA
12/19/2015,22,701,675
12/20/2015,1,695,NA
12/20/2015,4,684,NA
12/20/2015,7,668,NA
12/20/2015,10,649,NA
12/20/2015,13,635,NA
12/20/2015,16,624,NA
12/20/2015,19,616,NA
12/20/2015,22,610,648
12/21/2015,1,605,NA
12/21/2015,4,601,NA
12/21/2015,7,597,NA
12/21/2015,10,578,NA
12/21/2015,13,575,NA
12/21/2015,16,580,NA
12/21/2015,19,587,NA
12/21/2015,22,592,589
12/22/2015,1,595,NA
12/22/2015,4,597,NA
12/22/2015,7,593,NA
12/22/2015,10,584,NA
12/22/2015,13,576,NA
12/22/2015,16,584,NA
12/22/2015,19,593,NA
12/22/2015,22,598,590
12/23/2015,1,605,NA
12/23/2015,4,609,NA
12/23/2015,7,604,NA
12/23/2015,10,597,NA
12/23/2015,13,592,NA
12/23/2015,16,602,NA
12/23/2015,19,617,NA
12/23/2015,22,625,606
12/24/2015,1,622,NA
12/24/2015,4,609,NA
12/24/2015,7,600,NA
12/24/2015,10,594,NA
12/24/2015,13,586,NA
12/24/2015,16,602,NA
12/24/2015,19,621,NA
12/24/2015,22,630,608
12/25/2015,1,634,NA
12/25/2015,4,631,NA
12/25/2015,7,627,NA
12/25/2015,10,625,NA
12/25/2015,13,632,NA
12/25/2015,16,646,NA
12/25/2015,19,663,NA
12/25/2015,22,670,641
12/26/2015,1,665,NA
12/26/2015,4,654,NA
12/26/2015,7,640,NA
12/26/2015,10,632,NA
12/26/2015,13,628,NA
12/26/2015,16,626,NA
12/26/2015,19,625,NA
12/26/2015,22,621,636
12/27/2015,1,614,NA
12/27/2015,4,603,NA
12/27/2015,7,597,NA
12/27/2015,10,594,NA
12/27/2015,13,596,NA
12/27/2015,16,600,NA
12/27/2015,19,605,NA
12/27/2015,22,608,602
12/28/2015,1,606,NA
12/28/2015,4,601,NA
12/28/2015,7,593,NA
12/28/2015,10,592,NA
12/28/2015,13,590,NA
12/28/2015,16,590,NA
12/28/2015,19,595,NA
12/28/2015,22,598,596
12/29/2015,1,596,NA
12/29/2015,4,591,NA
12/29/2015,7,587,NA
12/29/2015,10,587,NA
12/29/2015,13,595,NA
12/29/2015,16,604,NA
12/29/2015,19,612,NA
12/29/2015,22,615,598
12/30/2015,1,610,NA
12/30/2015,4,604,NA
12/30/2015,7,597,NA
12/30/2015,10,586,NA
12/30/2015,13,584,NA
12/30/2015,16,581,NA
12/30/2015,19,580,NA
12/30/2015,22,577,590
12/31/2015,1,572,NA
12/31/2015,4,568,NA
12/31/2015,7,565,NA
12/31/2015,10,569,NA
12/31/2015,13,576,NA
12/31/2015,16,585,NA
12/31/2015,19,594,NA
12/31/2015,22,600,579
1/1/2016,1,596,NA
1/1/2016,4,590,NA
1/1/2016,7,582,NA
1/1/2016,10,576,NA
1/1/2016,13,573,NA
1/1/2016,16,578,NA
1/1/2016,19,585,NA
1/1/2016,22,591,584
1/2/2016,1,594,NA
1/2/2016,4,588,NA
1/2/2016,7,579,NA
1/2/2016,10,572,NA
1/2/2016,13,576,NA
1/2/2016,16,581,NA
1/2/2016,19,587,NA
1/2/2016,22,590,583
1/3/2016,1,586,NA
1/3/2016,4,581,NA
1/3/2016,7,578,NA
1/3/2016,10,580,NA
1/3/2016,13,583,NA
1/3/2016,16,588,NA
1/3/2016,19,595,NA
1/3/2016,22,598,586
1/4/2016,1,594,NA
1/4/2016,4,590,NA
1/4/2016,7,586,NA
1/4/2016,10,584,NA
1/4/2016,13,593,NA
1/4/2016,16,606,NA
1/4/2016,19,622,NA
1/4/2016,22,630,601
1/5/2016,1,627,NA
1/5/2016,4,621,NA
1/5/2016,7,616,NA
1/5/2016,10,630,NA
1/5/2016,13,641,NA
1/5/2016,16,648,NA
1/5/2016,19,654,NA
1/5/2016,22,650,636
1/6/2016,1,643,NA
1/6/2016,4,631,NA
1/6/2016,7,622,NA
1/6/2016,10,624,NA
1/6/2016,13,625,NA
1/6/2016,16,630,NA
1/6/2016,19,634,NA
1/6/2016,22,637,631
1/7/2016,1,639,NA
1/7/2016,4,636,NA
1/7/2016,7,629,NA
1/7/2016,10,629,NA
1/7/2016,13,628,NA
1/7/2016,16,625,NA
1/7/2016,19,622,NA
1/7/2016,22,618,628
1/8/2016,1,613,NA
1/8/2016,4,606,NA
1/8/2016,7,601,NA
1/8/2016,10,605,NA
1/8/2016,13,610,NA
1/8/2016,16,614,NA
1/8/2016,19,620,NA
1/8/2016,22,624,612
1/9/2016,1,627,NA
1/9/2016,4,623,NA
1/9/2016,7,621,NA
1/9/2016,10,619,NA
1/9/2016,13,621,NA
1/9/2016,16,625,NA
1/9/2016,19,632,NA
1/9/2016,22,636,626
1/10/2016,1,633,NA
NA,4,630.5,NA
1/10/2016,7,628,NA
NA,10,627,NA
1/10/2016,13,626,NA
NA,16,628,NA
1/10/2016,19,630,629
NA,22,632,NA
1/11/2016,1,634,NA
1/11/2016,4,632,NA
1/11/2016,7,631,NA
1/11/2016,10,640,NA
1/11/2016,13,649,NA
1/11/2016,16,665,NA
1/11/2016,19,684,NA
1/11/2016,22,690,653
1/12/2016,1,686,NA
1/12/2016,4,677,NA
1/12/2016,7,662,NA
1/12/2016,10,652,NA
1/12/2016,13,645,NA
1/12/2016,16,643,NA
1/12/2016,19,642,NA
1/12/2016,22,639,656
1/13/2016,1,632,NA
1/13/2016,4,621,NA
1/13/2016,7,613,NA
1/13/2016,10,618,NA
1/13/2016,13,630,NA
1/13/2016,16,635,NA
1/13/2016,19,629,NA
1/13/2016,22,624,625
1/14/2016,1,620,NA
1/14/2016,4,617,NA
1/14/2016,7,615,NA
1/14/2016,10,618,NA
1/14/2016,13,622,NA
1/14/2016,16,624,NA
1/14/2016,19,625,NA
1/14/2016,22,621,620
1/15/2016,1,616,NA
1/15/2016,4,609,NA
1/15/2016,7,604,NA
1/15/2016,10,604,NA
1/15/2016,13,607,NA
1/15/2016,16,613,NA
1/15/2016,19,621,NA
1/15/2016,22,618,612
1/16/2016,1,612,NA
NA,4,606.5,NA
1/16/2016,7,601,NA
NA,10,605.5,NA
1/16/2016,13,610,NA
NA,16,617,NA
1/16/2016,19,624,612
NA,22,621.5,NA
1/17/2016,1,619,NA
1/17/2016,4,608,NA
1/17/2016,7,600,NA
1/17/2016,10,595,NA
1/17/2016,13,591,NA
1/17/2016,16,587,NA
1/17/2016,19,584,NA
1/17/2016,22,582,596
1/18/2016,1,580,NA
1/18/2016,4,578,NA
1/18/2016,7,577,NA
1/18/2016,10,577,NA
1/18/2016,13,582,NA
1/18/2016,16,591,NA
1/18/2016,19,598,NA
1/18/2016,22,604,586
1/19/2016,1,602,NA
1/19/2016,4,599,NA
1/19/2016,7,597,NA
1/19/2016,10,611,NA
1/19/2016,13,636,NA
1/19/2016,16,668,NA
1/19/2016,19,704,NA
1/19/2016,22,737.5,NA
1/20/2016,1,765,NA
1/20/2016,4,784.5,NA
1/20/2016,7,797,NA
1/20/2016,10,809,NA
1/20/2016,13,817,NA
1/20/2016,16,824.5,NA
1/20/2016,19,831,NA
1/20/2016,22,836.5,NA
1/21/2016,1,842,NA
1/21/2016,4,846.5,NA
1/21/2016,7,850,NA
1/21/2016,10,855,NA
1/21/2016,13,856,NA
1/21/2016,16,856,NA
1/21/2016,19,856,NA
1/21/2016,22,856,NA
1/22/2016,1,856,NA
1/22/2016,4,858,NA
1/22/2016,7,859,NA
1/22/2016,10,860,NA
1/22/2016,13,861,NA
1/22/2016,16,862,NA
1/22/2016,19,862,NA
1/22/2016,22,862,860
1/23/2016,1,864,NA
1/23/2016,4,866,NA
1/23/2016,7,869,NA
1/23/2016,10,871,NA
1/23/2016,13,868,NA
1/23/2016,16,863,NA
1/23/2016,19,857,NA
1/23/2016,22,854,864
1/24/2016,1,856,NA
1/24/2016,4,859,NA
1/24/2016,7,862,NA
1/24/2016,10,864,NA
1/24/2016,13,866,NA
1/24/2016,16,867,NA
1/24/2016,19,867,NA
1/24/2016,22,869,864
1/25/2016,1,871,NA
1/25/2016,4,873,NA
1/25/2016,7,875,NA
1/25/2016,10,866,NA
1/25/2016,13,850,NA
1/25/2016,16,831,NA
1/25/2016,19,813,NA
1/25/2016,22,795,847
1/26/2016,1,775,NA
1/26/2016,4,745.5,NA
1/26/2016,7,722,NA
1/26/2016,10,699.5,NA
1/26/2016,13,679,NA
1/26/2016,16,656,NA
1/26/2016,19,637,NA
1/26/2016,22,627.5,NA
1/27/2016,1,619,NA
1/27/2016,4,611,NA
1/27/2016,7,600,NA
1/27/2016,10,600.5,NA
1/27/2016,13,610,NA
1/27/2016,16,624,NA
1/27/2016,19,643,NA
1/27/2016,22,653,NA
1/28/2016,1,666,NA
1/28/2016,4,674,NA
1/28/2016,7,680,NA
1/28/2016,10,687,NA
1/28/2016,13,695,NA
1/28/2016,16,689,NA
1/28/2016,19,682,NA
1/28/2016,22,682,682
1/29/2016,1,688,NA
1/29/2016,4,695,NA
1/29/2016,7,701,NA
1/29/2016,10,699,NA
1/29/2016,13,696,NA
1/29/2016,16,692,NA
1/29/2016,19,688,NA
1/29/2016,22,682,693
1/30/2016,1,679,NA
1/30/2016,4,676,NA
1/30/2016,7,674,NA
1/30/2016,10,672,NA
1/30/2016,13,670,NA
1/30/2016,16,668,NA
1/30/2016,19,666,NA
1/30/2016,22,671,672
1/31/2016,1,680,NA
1/31/2016,4,695,NA
1/31/2016,7,708,NA
1/31/2016,10,702,NA
1/31/2016,13,697,NA
1/31/2016,16,693,NA
1/31/2016,19,689,NA
1/31/2016,22,684,694
2/1/2016,1,677,NA
2/1/2016,4,672,NA
2/1/2016,7,667,NA
2/1/2016,10,685,NA
2/1/2016,13,719,NA
2/1/2016,16,753,NA
2/1/2016,19,780,NA
2/1/2016,22,784.5,NA
2/2/2016,1,788,NA
2/2/2016,4,790,NA
2/2/2016,7,792,NA
2/2/2016,10,786,NA
2/2/2016,13,774,NA
2/2/2016,16,761,NA
2/2/2016,19,752,NA
2/2/2016,22,739,773
2/3/2016,1,727,NA
2/3/2016,4,713,NA
2/3/2016,7,699,NA
2/3/2016,10,684,NA
2/3/2016,13,672,NA
2/3/2016,16,677,NA
2/3/2016,19,685,NA
2/3/2016,22,689,693
2/4/2016,1,683,NA
2/4/2016,4,671,NA
2/4/2016,7,654,NA
2/4/2016,10,633,NA
2/4/2016,13,614,NA
2/4/2016,16,601,NA
2/4/2016,19,592,NA
2/4/2016,22,587,629
2/5/2016,1,585,NA
2/5/2016,4,583,NA
2/5/2016,7,580,NA
2/5/2016,10,577,NA
2/5/2016,13,575,NA
2/5/2016,16,571,NA
2/5/2016,19,569,NA
2/5/2016,22,566,576
2/6/2016,1,563,NA
NA,4,561.5,NA
2/6/2016,7,560,NA
NA,10,557,NA
2/6/2016,13,554,NA
NA,16,551.5,NA
2/6/2016,19,549,557
NA,22,547.5,NA
2/7/2016,1,546,NA
NA,4,544.5,NA
2/7/2016,7,543,NA
NA,10,540.5,NA
2/7/2016,13,538,NA
NA,16,536,NA
2/7/2016,19,534,540
NA,22,532,NA
2/8/2016,1,530,NA
NA,4,528.5,NA
2/8/2016,7,527,NA
NA,10,525,NA
2/8/2016,13,523,NA
NA,16,522,NA
2/8/2016,19,521,525
NA,22,519,NA
2/9/2016,1,517,NA
NA,4,514.5,NA
2/9/2016,7,512,NA
NA,10,513.5,NA
2/9/2016,13,515,NA
NA,16,518,NA
2/9/2016,19,521,516
NA,22,522,NA
2/10/2016,1,523,NA
NA,4,520.5,NA
2/10/2016,7,518,NA
NA,10,516,NA
2/10/2016,13,514,NA
NA,16,512.5,NA
2/10/2016,19,511,517
NA,22,510,NA
2/11/2016,1,509,NA
NA,4,508,NA
2/11/2016,7,507,NA
NA,10,506,NA
2/11/2016,13,505,NA
NA,16,506.5,NA
2/11/2016,19,508,507
NA,22,510.5,NA
2/12/2016,1,513,NA
2/12/2016,4,512,NA
2/12/2016,7,510,NA
2/12/2016,10,507,NA
2/12/2016,13,504,NA
2/12/2016,16,501,NA
2/12/2016,19,500,NA
2/12/2016,22,501,506
2/13/2016,1,503,NA
NA,4,505,NA
2/13/2016,7,507,NA
NA,10,505.5,NA
2/13/2016,13,504,NA
NA,16,502,NA
2/13/2016,19,500,504
NA,22,502.5,NA
2/14/2016,1,505,NA
2/14/2016,4,507,NA
2/14/2016,7,510,NA
2/14/2016,10,534.3333333,NA
2/14/2016,13,588,NA
2/14/2016,16,644.3333333,NA
2/14/2016,19,683.6666667,NA
2/14/2016,22,724.75,NA
2/15/2016,1,746,NA
2/15/2016,4,759.5,NA
2/15/2016,7,779,NA
2/15/2016,10,793.5,NA
2/15/2016,13,802,NA
2/15/2016,16,809,NA
2/15/2016,19,816,NA
2/15/2016,22,820.5,NA
2/16/2016,1,825,NA
2/16/2016,4,828,NA
2/16/2016,7,831,NA
2/16/2016,10,835,NA
2/16/2016,13,838,NA
2/16/2016,16,841,NA
2/16/2016,19,843,NA
2/16/2016,22,846,836
2/17/2016,1,848,NA
2/17/2016,4,850,NA
2/17/2016,7,853,NA
2/17/2016,10,855,NA
2/17/2016,13,857,NA
2/17/2016,16,859,NA
2/17/2016,19,861,NA
2/17/2016,22,863,856
2/18/2016,1,865,NA
2/18/2016,4,867,NA
2/18/2016,7,868,NA
2/18/2016,10,868,NA
2/18/2016,13,868,NA
2/18/2016,16,868,NA
2/18/2016,19,868,NA
2/18/2016,22,868,868
2/19/2016,1,868,NA
2/19/2016,4,867,NA
2/19/2016,7,865,NA
2/19/2016,10,861,NA
2/19/2016,13,855,NA
2/19/2016,16,852,NA
2/19/2016,19,849,NA
2/19/2016,22,843,858
2/20/2016,1,836,NA
2/20/2016,4,827,NA
2/20/2016,7,819,NA
2/20/2016,10,811,NA
2/20/2016,13,804,NA
2/20/2016,16,798,NA
2/20/2016,19,793,NA
2/20/2016,22,787,809
2/21/2016,1,776,NA
2/21/2016,4,767,NA
2/21/2016,7,761,NA
2/21/2016,10,753,NA
2/21/2016,13,743,NA
2/21/2016,16,738,NA
2/21/2016,19,734,NA
2/21/2016,22,727,750
2/22/2016,1,714,NA
2/22/2016,4,698,NA
2/22/2016,7,685,NA
2/22/2016,10,679,NA
2/22/2016,13,688,NA
2/22/2016,16,697,NA
2/22/2016,19,703,NA
2/22/2016,22,710,697
2/23/2016,1,713,NA
2/23/2016,4,711,NA
2/23/2016,7,705,NA
2/23/2016,10,701,NA
2/23/2016,13,695,NA
2/23/2016,16,683,NA
2/23/2016,19,667,NA
2/23/2016,22,650,691
2/24/2016,1,634,NA
2/24/2016,4,616,NA
2/24/2016,7,601,NA
2/24/2016,10,585,NA
2/24/2016,13,572,NA
2/24/2016,16,561,NA
2/24/2016,19,557,NA
2/24/2016,22,560,586
2/25/2016,1,563,NA
2/25/2016,4,565,NA
2/25/2016,7,561,NA
2/25/2016,10,558,NA
2/25/2016,13,556,NA
2/25/2016,16,573,NA
2/25/2016,19,595,NA
2/25/2016,22,604,572
2/26/2016,1,608,NA
2/26/2016,4,611,NA
2/26/2016,7,613,NA
2/26/2016,10,610,NA
2/26/2016,13,605,NA
2/26/2016,16,608,NA
2/26/2016,19,612,NA
2/26/2016,22,614,610
2/27/2016,1,609,NA
NA,4,600,NA
2/27/2016,7,591,NA
NA,10,589.5,NA
2/27/2016,13,588,NA
NA,16,587,NA
2/27/2016,19,586,594
NA,22,583.5,NA
2/28/2016,1,581,NA
2/28/2016,4,575,NA
2/28/2016,7,570,NA
2/28/2016,10,574,NA
2/28/2016,13,579,NA
2/28/2016,16,586,NA
2/28/2016,19,594,NA
2/28/2016,22,598,582
2/29/2016,1,591,NA
2/29/2016,4,582,NA
2/29/2016,7,573,NA
2/29/2016,10,575,NA
2/29/2016,13,581,NA
2/29/2016,16,583,NA
2/29/2016,19,583,NA
2/29/2016,22,583,581
3/1/2016,1,578,NA
3/1/2016,4,572,NA
3/1/2016,7,567,NA
3/1/2016,10,570,NA
3/1/2016,13,575,NA
3/1/2016,16,582,NA
3/1/2016,19,588,NA
3/1/2016,22,590,578
3/2/2016,1,585,NA
3/2/2016,4,573,NA
3/2/2016,7,565,NA
3/2/2016,10,559,NA
3/2/2016,13,554,NA
3/2/2016,16,563,NA
3/2/2016,19,574,NA
3/2/2016,22,582,569
3/3/2016,1,587,NA
3/3/2016,4,589,NA
3/3/2016,7,584,NA
3/3/2016,10,580,NA
3/3/2016,13,577,NA
3/3/2016,16,573,NA
3/3/2016,19,570,NA
3/3/2016,22,568,579
3/4/2016,1,566,NA
NA,4,566,NA
3/4/2016,7,566,NA
NA,10,570,NA
3/4/2016,13,574,NA
NA,16,580.5,NA
3/4/2016,19,587,573
NA,22,590,NA
3/5/2016,1,593,NA
3/5/2016,4,598,NA
3/5/2016,7,602,NA
3/5/2016,10,604,NA
3/5/2016,13,601,NA
3/5/2016,16,597,NA
3/5/2016,19,591,NA
3/5/2016,22,588,597
3/6/2016,1,590,NA
3/6/2016,4,593,NA
3/6/2016,7,598,NA
3/6/2016,10,600,NA
3/6/2016,13,596,NA
3/6/2016,16,590,NA
3/6/2016,19,585,NA
3/6/2016,22,578,591
3/7/2016,1,569,NA
3/7/2016,4,564,NA
3/7/2016,7,561,NA
3/7/2016,10,555,NA
3/7/2016,13,546,NA
3/7/2016,16,542,NA
3/7/2016,19,540,NA
3/7/2016,22,539,552
3/8/2016,1,538,NA
3/8/2016,4,538,NA
3/8/2016,7,537,NA
3/8/2016,10,531,NA
3/8/2016,13,521,NA
3/8/2016,16,523,NA
3/8/2016,19,530,NA
3/8/2016,22,535,532
3/9/2016,1,537,NA
3/9/2016,4,533,NA
3/9/2016,7,529,NA
3/9/2016,10,521,NA
3/9/2016,13,517,NA
3/9/2016,16,523,NA
3/9/2016,19,533,NA
3/9/2016,22,540,529
3/10/2016,1,543,NA
3/10/2016,4,538,NA
3/10/2016,7,530,NA
3/10/2016,10,522,NA
3/10/2016,13,515,NA
3/10/2016,16,510,NA
3/10/2016,19,518,NA
3/10/2016,22,533,526
3/11/2016,1,539,NA
NA,4,540.5,NA
3/11/2016,7,542,NA
NA,10,542,NA
3/11/2016,13,542,NA
NA,16,542,NA
3/11/2016,19,542,541
NA,22,538.5,NA
3/12/2016,1,535,NA
3/12/2016,4,529,NA
3/12/2016,7,524,NA
3/12/2016,10,527,NA
3/12/2016,13,532,NA
3/12/2016,16,538,NA
3/12/2016,19,543,NA
3/12/2016,22,546,534
3/13/2016,1,548,NA
NA,4,548,NA
3/13/2016,7,548,NA
NA,10,550.5,NA
3/13/2016,13,553,NA
NA,16,558.5,NA
3/13/2016,19,564,553
NA,22,566.5,NA
3/14/2016,1,569,NA
3/14/2016,4,566,NA
3/14/2016,7,561,NA
3/14/2016,10,557,NA
3/14/2016,13,564,NA
3/14/2016,16,566,NA
3/14/2016,19,568,NA
3/14/2016,22,565,565
3/15/2016,1,560,NA
3/15/2016,4,553,NA
3/15/2016,7,548,NA
3/15/2016,10,545,NA
3/15/2016,13,543,NA
3/15/2016,16,554,NA
3/15/2016,19,569,NA
3/15/2016,22,578,556
3/16/2016,1,575,NA
3/16/2016,4,571,NA
3/16/2016,7,565,NA
3/16/2016,10,568,NA
3/16/2016,13,572,NA
3/16/2016,16,577,NA
3/16/2016,19,581,NA
3/16/2016,22,586,574
3/17/2016,1,588,NA
3/17/2016,4,585,NA
3/17/2016,7,582,NA
3/17/2016,10,580,NA
3/17/2016,13,583,NA
3/17/2016,16,589,NA
3/17/2016,19,598,NA
3/17/2016,22,603,589
3/18/2016,1,606,NA
3/18/2016,4,608,NA
3/18/2016,7,611,NA
3/18/2016,10,614,NA
3/18/2016,13,619,NA
3/18/2016,16,627,NA
3/18/2016,19,636,NA
3/18/2016,22,641,620
3/19/2016,1,639,NA
3/19/2016,4,637,NA
3/19/2016,7,633,NA
3/19/2016,10,628,NA
3/19/2016,13,631,NA
3/19/2016,16,636,NA
3/19/2016,19,643,NA
3/19/2016,22,647,637
3/20/2016,1,645,NA
3/20/2016,4,642,NA
3/20/2016,7,638,NA
3/20/2016,10,635,NA
3/20/2016,13,641,NA
3/20/2016,16,647,NA
3/20/2016,19,653,NA
3/20/2016,22,656,645
3/21/2016,1,658,NA
3/21/2016,4,660,NA
3/21/2016,7,660,NA
3/21/2016,10,661,NA
3/21/2016,13,662,NA
3/21/2016,16,667,NA
3/21/2016,19,672,NA
3/21/2016,22,676,665
3/22/2016,1,679,NA
3/22/2016,4,681,NA
3/22/2016,7,684,NA
3/22/2016,10,677,NA
3/22/2016,13,673,NA
3/22/2016,16,675,NA
3/22/2016,19,682,NA
3/22/2016,22,686,680
3/23/2016,1,681,NA
3/23/2016,4,673,NA
3/23/2016,7,664,NA
3/23/2016,10,672,NA
3/23/2016,13,688,NA
3/23/2016,16,698,NA
3/23/2016,19,706,NA
3/23/2016,22,714,687
3/24/2016,1,721,NA
3/24/2016,4,727,NA
3/24/2016,7,731,NA
3/24/2016,10,735,NA
3/24/2016,13,738,NA
3/24/2016,16,733,NA
3/24/2016,19,726,NA
3/24/2016,22,720,729
3/25/2016,1,713,NA
3/25/2016,4,707,NA
3/25/2016,7,700,NA
3/25/2016,10,696,NA
3/25/2016,13,702,NA
3/25/2016,16,710,NA
3/25/2016,19,714,NA
3/25/2016,22,718,708
3/26/2016,1,721,NA
3/26/2016,4,721,NA
3/26/2016,7,717,NA
3/26/2016,10,714,NA
3/26/2016,13,712,NA
3/26/2016,16,710,NA
3/26/2016,19,708,NA
3/26/2016,22,705,714
3/27/2016,1,703,NA
3/27/2016,4,699,NA
3/27/2016,7,696,NA
3/27/2016,10,690,NA
3/27/2016,13,681,NA
3/27/2016,16,676,NA
3/27/2016,19,670,NA
3/27/2016,22,663,685
3/28/2016,1,658,NA
3/28/2016,4,652,NA
3/28/2016,7,644,NA
3/28/2016,10,640,NA
3/28/2016,13,638,NA
3/28/2016,16,646,NA
3/28/2016,19,655,NA
3/28/2016,22,662,649
3/29/2016,1,665,NA
3/29/2016,4,669,NA
3/29/2016,7,671,NA
3/29/2016,10,677,NA
3/29/2016,13,689,NA
3/29/2016,16,695,NA
3/29/2016,19,698,NA
3/29/2016,22,703,683
3/30/2016,1,712,NA
3/30/2016,4,720,NA
3/30/2016,7,727,NA
3/30/2016,10,735,NA
3/30/2016,13,735,NA
3/30/2016,16,740,NA
3/30/2016,19,747,NA
3/30/2016,22,752,734
3/31/2016,1,754,NA
3/31/2016,4,751,NA
3/31/2016,7,746,NA
3/31/2016,10,750,NA
3/31/2016,13,752,NA
3/31/2016,16,754,NA
3/31/2016,19,756,NA
3/31/2016,22,753,752
4/1/2016,1,749,NA
4/1/2016,4,747,NA
4/1/2016,7,745,NA
4/1/2016,10,743,NA
4/1/2016,13,740,NA
4/1/2016,16,744,NA
4/1/2016,19,747,NA
4/1/2016,22,750,746
4/2/2016,1,748,NA
4/2/2016,4,745,NA
4/2/2016,7,739,NA
4/2/2016,10,736,NA
4/2/2016,13,733,NA
4/2/2016,16,738,NA
4/2/2016,19,743,NA
4/2/2016,22,746,741
4/3/2016,1,742,NA
4/3/2016,4,737,NA
4/3/2016,7,731,NA
4/3/2016,10,727,NA
4/3/2016,13,724,NA
4/3/2016,16,722,NA
4/3/2016,19,720,NA
4/3/2016,22,716,727
4/4/2016,1,709,NA
4/4/2016,4,704,NA
4/4/2016,7,701,NA
4/4/2016,10,698,NA
4/4/2016,13,698,NA
4/4/2016,16,695,NA
4/4/2016,19,689,NA
4/4/2016,22,687,698
4/5/2016,1,692,NA
4/5/2016,4,703,NA
4/5/2016,7,714,NA
4/5/2016,10,720,NA
4/5/2016,13,728,NA
4/5/2016,16,734,NA
4/5/2016,19,739,NA
4/5/2016,22,743,722
4/6/2016,1,746,NA
4/6/2016,4,748,NA
4/6/2016,7,745,NA
4/6/2016,10,743,NA
4/6/2016,13,747,NA
4/6/2016,16,754,NA
4/6/2016,19,760,NA
4/6/2016,22,765,751
4/7/2016,1,763,NA
4/7/2016,4,759,NA
4/7/2016,7,751,NA
4/7/2016,10,746,NA
4/7/2016,13,741,NA
4/7/2016,16,749,NA
4/7/2016,19,757,NA
4/7/2016,22,760,753
4/8/2016,1,758,NA
4/8/2016,4,753,NA
4/8/2016,7,747,NA
4/8/2016,10,743,NA
4/8/2016,13,745,NA
4/8/2016,16,748,NA
4/8/2016,19,751,NA
4/8/2016,22,749,749
4/9/2016,1,745,NA
4/9/2016,4,741,NA
4/9/2016,7,739,NA
4/9/2016,10,735,NA
4/9/2016,13,733,NA
4/9/2016,16,738,NA
4/9/2016,19,743,NA
4/9/2016,22,743,740
4/10/2016,1,740,NA
4/10/2016,4,736,NA
4/10/2016,7,730,NA
4/10/2016,10,727,NA
4/10/2016,13,725,NA
4/10/2016,16,723,NA
4/10/2016,19,726,NA
4/10/2016,22,729,730
4/11/2016,1,725,NA
4/11/2016,4,720,NA
4/11/2016,7,716,NA
4/11/2016,10,716,NA
4/11/2016,13,719,NA
4/11/2016,16,727,NA
4/11/2016,19,739,NA
4/11/2016,22,745,726
4/12/2016,1,741,NA
4/12/2016,4,736,NA
4/12/2016,7,731,NA
4/12/2016,10,733,NA
4/12/2016,13,735,NA
4/12/2016,16,742,NA
4/12/2016,19,750,NA
4/12/2016,22,754,740
4/13/2016,1,751,NA
4/13/2016,4,746,NA
4/13/2016,7,740,NA
4/13/2016,10,735,NA
4/13/2016,13,732,NA
4/13/2016,16,738,NA
4/13/2016,19,746,NA
4/13/2016,22,749,742
4/14/2016,1,743,NA
4/14/2016,4,732,NA
4/14/2016,7,719,NA
4/14/2016,10,710,NA
4/14/2016,13,713,NA
4/14/2016,16,718,NA
4/14/2016,19,725,NA
4/14/2016,22,729,724
4/15/2016,1,723,NA
4/15/2016,4,713,NA
4/15/2016,7,704,NA
4/15/2016,10,700,NA
4/15/2016,13,703,NA
4/15/2016,16,708,NA
4/15/2016,19,715,NA
4/15/2016,22,721,711
4/16/2016,1,725,NA
4/16/2016,4,719,NA
4/16/2016,7,717,NA
4/16/2016,10,714,NA
4/16/2016,13,712,NA
4/16/2016,16,715,NA
4/16/2016,19,720,NA
4/16/2016,22,723,718
4/17/2016,1,719,NA
4/17/2016,4,713,NA
4/17/2016,7,706,NA
4/17/2016,10,693,NA
4/17/2016,13,684,NA
4/17/2016,16,675,NA
4/17/2016,19,668,NA
4/17/2016,22,665,690
4/18/2016,1,663,NA
4/18/2016,4,661,NA
4/18/2016,7,659,NA
4/18/2016,10,658,NA
4/18/2016,13,657,NA
4/18/2016,16,660,NA
4/18/2016,19,666,NA
4/18/2016,22,669,662
4/19/2016,1,668,NA
4/19/2016,4,665,NA
4/19/2016,7,661,NA
4/19/2016,10,658,NA
4/19/2016,13,660,NA
4/19/2016,16,667,NA
4/19/2016,19,673,NA
4/19/2016,22,677,666
4/20/2016,1,680,NA
4/20/2016,4,685,NA
4/20/2016,7,688,NA
4/20/2016,10,692,NA
4/20/2016,13,697,NA
4/20/2016,16,695,NA
4/20/2016,19,693,NA
4/20/2016,22,692,690
4/21/2016,1,691,NA
4/21/2016,4,690,NA
4/21/2016,7,690,NA
4/21/2016,10,695,NA
4/21/2016,13,702,NA
4/21/2016,16,713,NA
4/21/2016,19,715,NA
4/21/2016,22,729,703
4/22/2016,1,731,NA
4/22/2016,4,732.5,NA
4/22/2016,7,733,NA
4/22/2016,10,738.5,NA
4/22/2016,13,744,NA
4/22/2016,16,751.5,NA
4/22/2016,19,768,NA
4/22/2016,22,783,NA
4/23/2016,1,798,NA
4/23/2016,4,814,NA
4/23/2016,7,830,NA
4/23/2016,10,841,NA
4/23/2016,13,851,NA
4/23/2016,16,860.5,NA
4/23/2016,19,869,NA
4/23/2016,22,873.5,NA
4/24/2016,1,867,NA
4/24/2016,4,859,NA
4/24/2016,7,850,NA
4/24/2016,10,839,NA
4/24/2016,13,831,NA
4/24/2016,16,826,NA
4/24/2016,19,822,NA
4/24/2016,22,813,838
4/25/2016,1,799,NA
4/25/2016,4,781,NA
4/25/2016,7,764,NA
4/25/2016,10,754,NA
4/25/2016,13,748,NA
4/25/2016,16,743,NA
4/25/2016,19,741,NA
4/25/2016,22,738,759
4/26/2016,1,736,NA
4/26/2016,4,733,NA
4/26/2016,7,731,NA
4/26/2016,10,727,NA
4/26/2016,13,724,NA
4/26/2016,16,722,NA
4/26/2016,19,720,NA
4/26/2016,22,723,727
4/27/2016,1,728,NA
4/27/2016,4,734,NA
4/27/2016,7,736,NA
4/27/2016,10,739,NA
4/27/2016,13,743,NA
4/27/2016,16,749,NA
4/27/2016,19,753,NA
4/27/2016,22,758,743
4/28/2016,1,761,NA
4/28/2016,4,757,NA
4/28/2016,7,755,NA
4/28/2016,10,747,NA
4/28/2016,13,741,NA
4/28/2016,16,737,NA
4/28/2016,19,734,NA
4/28/2016,22,730,745
4/29/2016,1,724,NA
4/29/2016,4,718,NA
4/29/2016,7,715,NA
4/29/2016,10,719,NA
4/29/2016,13,723,NA
4/29/2016,16,725,NA
4/29/2016,19,727,NA
4/29/2016,22,724,722
4/30/2016,1,719,NA
4/30/2016,4,713,NA
4/30/2016,7,708,NA
4/30/2016,10,705,NA
4/30/2016,13,701,NA
4/30/2016,16,695,NA
4/30/2016,19,692,NA
4/30/2016,22,687,703
5/1/2016,1,676,NA
5/1/2016,4,663,NA
5/1/2016,7,655,NA
5/1/2016,10,652,NA
5/1/2016,13,656,NA
5/1/2016,16,659,NA
5/1/2016,19,662,NA
5/1/2016,22,658,660
5/2/2016,1,651,NA
5/2/2016,4,641,NA
5/2/2016,7,633,NA
5/2/2016,10,628,NA
5/2/2016,13,626,NA
5/2/2016,16,626,NA
5/2/2016,19,626,NA
5/2/2016,22,628,632
5/3/2016,1,632,NA
5/3/2016,4,635.5,NA
5/3/2016,7,634,NA
5/3/2016,10,636.5,NA
5/3/2016,13,652,NA
5/3/2016,16,676.5,NA
5/3/2016,19,703,NA
5/3/2016,22,715,NA
5/4/2016,1,721,NA
5/4/2016,4,717,NA
5/4/2016,7,711,NA
5/4/2016,10,708,NA
5/4/2016,13,706,NA
5/4/2016,16,709,NA
5/4/2016,19,714,NA
5/4/2016,22,719,713
5/5/2016,1,723,NA
5/5/2016,4,717,NA
5/5/2016,7,706,NA
5/5/2016,10,708,NA
5/5/2016,13,710,NA
5/5/2016,16,713,NA
5/5/2016,19,717,NA
5/5/2016,22,720,714
5/6/2016,1,712,NA
5/6/2016,4,710,NA
5/6/2016,7,710,NA
5/6/2016,10,715,NA
5/6/2016,13,724,NA
5/6/2016,16,727,NA
5/6/2016,19,729,NA
5/6/2016,22,725,719
5/7/2016,1,718,NA
5/7/2016,4,721,NA
5/7/2016,7,726,NA
5/7/2016,10,730,NA
5/7/2016,13,727,NA
5/7/2016,16,725,NA
5/7/2016,19,729,NA
5/7/2016,22,732,726
5/8/2016,1,732,NA
5/8/2016,4,726,NA
5/8/2016,7,718,NA
5/8/2016,10,716,NA
5/8/2016,13,714,NA
5/8/2016,16,722,NA
5/8/2016,19,733,NA
5/8/2016,22,726,723
5/9/2016,1,720,NA
5/9/2016,4,711,NA
5/9/2016,7,703,NA
5/9/2016,10,698,NA
5/9/2016,13,694,NA
5/9/2016,16,700,NA
5/9/2016,19,713,NA
5/9/2016,22,715,707
5/10/2016,1,710,NA
5/10/2016,4,716,NA
5/10/2016,7,727,NA
5/10/2016,10,737,NA
5/10/2016,13,745,NA
5/10/2016,16,750,NA
5/10/2016,19,752,NA
5/10/2016,22,747,736
5/11/2016,1,741,NA
5/11/2016,4,737,NA
5/11/2016,7,734,NA
5/11/2016,10,738,NA
5/11/2016,13,744,NA
5/11/2016,16,746,NA
5/11/2016,19,743,NA
5/11/2016,22,732,739
5/12/2016,1,724,NA
5/12/2016,4,727,NA
5/12/2016,7,732,NA
5/12/2016,10,739,NA
5/12/2016,13,743,NA
5/12/2016,16,746,NA
5/12/2016,19,749,NA
5/12/2016,22,751,739
5/13/2016,1,753,NA
5/13/2016,4,753,NA
5/13/2016,7,750,NA
5/13/2016,10,748,NA
5/13/2016,13,746,NA
5/13/2016,16,745,NA
5/13/2016,19,744,NA
5/13/2016,22,736,747
5/14/2016,1,730,NA
5/14/2016,4,727,NA
5/14/2016,7,725,NA
5/14/2016,10,728,NA
5/14/2016,13,732,NA
5/14/2016,16,734,NA
5/14/2016,19,735,NA
5/14/2016,22,729,730
5/15/2016,1,725,NA
5/15/2016,4,718,NA
5/15/2016,7,710,NA
5/15/2016,10,708,NA
5/15/2016,13,708,NA
5/15/2016,16,713,NA
5/15/2016,19,720,NA
5/15/2016,22,724,716
5/16/2016,1,726,NA
5/16/2016,4,718,NA
5/16/2016,7,705,NA
5/16/2016,10,699,NA
5/16/2016,13,697,NA
5/16/2016,16,697,NA
5/16/2016,19,700,NA
5/16/2016,22,702,706
5/17/2016,1,699,NA
5/17/2016,4,698,NA
5/17/2016,7,703,NA
5/17/2016,10,711,NA
5/17/2016,13,722,NA
5/17/2016,16,732,NA
5/17/2016,19,741,NA
5/17/2016,22,739,718
5/18/2016,1,736,NA
5/18/2016,4,734,NA
5/18/2016,7,734,NA
5/18/2016,10,737,NA
5/18/2016,13,744,NA
5/18/2016,16,746,NA
5/18/2016,19,747,NA
5/18/2016,22,742,740
5/19/2016,1,738,NA
5/19/2016,4,732,NA
5/19/2016,7,723,NA
5/19/2016,10,725,NA
5/19/2016,13,728,NA
5/19/2016,16,733,NA
5/19/2016,19,740,NA
5/19/2016,22,743,733
5/20/2016,1,745,NA
5/20/2016,4,741,NA
5/20/2016,7,733,NA
5/20/2016,10,735,NA
5/20/2016,13,739,NA
5/20/2016,16,744,NA
5/20/2016,19,747,NA
5/20/2016,22,745,741
5/21/2016,1,741,NA
5/21/2016,4,739,NA
5/21/2016,7,739,NA
5/21/2016,10,743,NA
5/21/2016,13,747,NA
5/21/2016,16,753,NA
5/21/2016,19,756,NA
5/21/2016,22,754,747
5/22/2016,1,750,NA
5/22/2016,4,741,NA
5/22/2016,7,731,NA
5/22/2016,10,728,NA
5/22/2016,13,726,NA
5/22/2016,16,733,NA
5/22/2016,19,742,NA
5/22/2016,22,736,736
5/23/2016,1,730,NA
5/23/2016,4,719,NA
5/23/2016,7,701,NA
5/23/2016,10,698,NA
5/23/2016,13,696,NA
5/23/2016,16,705,NA
5/23/2016,19,722,NA
5/23/2016,22,728,712
5/24/2016,1,732,NA
5/24/2016,4,730,NA
5/24/2016,7,726,NA
5/24/2016,10,723.5,NA
5/24/2016,13,728,NA
5/24/2016,16,752,NA
5/24/2016,19,783,NA
5/24/2016,22,802.5,NA
5/25/2016,1,813,NA
5/25/2016,4,832.5,NA
5/25/2016,7,853,NA
5/25/2016,10,873.5,NA
5/25/2016,13,890,NA
5/25/2016,16,901.5,NA
5/25/2016,19,914,NA
5/25/2016,22,922.5,NA
5/26/2016,1,931,NA
5/26/2016,4,936.5,NA
5/26/2016,7,941,NA
5/26/2016,10,952,NA
5/26/2016,13,970,NA
5/26/2016,16,976.5,NA
5/26/2016,19,981,NA
5/26/2016,22,981,NA
5/27/2016,1,976,NA
5/27/2016,4,995.5,NA
5/27/2016,7,1022,NA
5/27/2016,10,1028.5,NA
5/27/2016,13,1037,NA
5/27/2016,16,1042.5,NA
5/27/2016,19,1046,NA
5/27/2016,22,1050.5,NA
5/28/2016,1,1054,NA
5/28/2016,4,1070.5,NA
5/28/2016,7,1095,NA
5/28/2016,10,1110,NA
5/28/2016,13,1120,NA
5/28/2016,16,1107,NA
5/28/2016,19,1090,NA
5/28/2016,22,1075,NA
5/29/2016,1,1065,NA
5/29/2016,4,1058.5,NA
5/29/2016,7,1054,NA
5/29/2016,10,1043.5,NA
5/29/2016,13,1026,NA
5/29/2016,16,1023,NA
5/29/2016,19,1020,NA
5/29/2016,22,1005.5,NA
5/30/2016,1,983,NA
5/30/2016,4,974.5,NA
5/30/2016,7,968,NA
5/30/2016,10,981.5,NA
5/30/2016,13,998,NA
5/30/2016,16,1002,NA
5/30/2016,19,994,NA
5/30/2016,22,996.5,NA
5/31/2016,1,1002,NA
5/31/2016,4,1005.5,NA
5/31/2016,7,1009,NA
5/31/2016,10,1000.5,NA
5/31/2016,13,991,NA
5/31/2016,16,981.5,NA
5/31/2016,19,975,NA
5/31/2016,22,975,NA
6/1/2016,1,975,NA
6/1/2016,4,975,NA
6/1/2016,7,975,NA
6/1/2016,10,969,NA
6/1/2016,13,960,NA
6/1/2016,16,958,NA
6/1/2016,19,958,NA
6/1/2016,22,954,966
6/2/2016,1,949,NA
6/2/2016,4,953,NA
6/2/2016,7,956,NA
6/2/2016,10,950,NA
6/2/2016,13,945,NA
6/2/2016,16,947,NA
6/2/2016,19,949,NA
6/2/2016,22,951,950
6/3/2016,1,948,NA
6/3/2016,4,943,NA
6/3/2016,7,937,NA
6/3/2016,10,935,NA
6/3/2016,13,933,NA
6/3/2016,16,925,NA
6/3/2016,19,918,NA
6/3/2016,22,914,932
6/4/2016,1,910,NA
6/4/2016,4,908,NA
6/4/2016,7,906,NA
6/4/2016,10,903,NA
6/4/2016,13,901,NA
6/4/2016,16,909,NA
6/4/2016,19,916,NA
6/4/2016,22,910,908
6/5/2016,1,905,NA
6/5/2016,4,909,NA
6/5/2016,7,916,NA
6/5/2016,10,914,NA
6/5/2016,13,911,NA
6/5/2016,16,901,NA
6/5/2016,19,888,NA
6/5/2016,22,874,902
6/6/2016,1,867,NA
6/6/2016,4,856,NA
6/6/2016,7,844,NA
6/6/2016,10,839,NA
6/6/2016,13,836,NA
6/6/2016,16,836,NA
6/6/2016,19,836,NA
6/6/2016,22,836,844
6/7/2016,1,836,NA
6/7/2016,4,842,NA
6/7/2016,7,854,NA
6/7/2016,10,862,NA
6/7/2016,13,868,NA
6/7/2016,16,865,NA
6/7/2016,19,859,NA
6/7/2016,22,855,855
6/8/2016,1,850,NA
6/8/2016,4,850,NA
6/8/2016,7,850,NA
6/8/2016,10,850,NA
6/8/2016,13,848,NA
6/8/2016,16,848,NA
6/8/2016,19,848,NA
6/8/2016,22,850,849
6/9/2016,1,854,NA
6/9/2016,4,858,NA
6/9/2016,7,860,NA
6/9/2016,10,862,NA
6/9/2016,13,865,NA
6/9/2016,16,879,NA
6/9/2016,19,884,NA
6/9/2016,22,891,869
6/10/2016,1,895,NA
6/10/2016,4,890,NA
6/10/2016,7,890,NA
6/10/2016,10,887,NA
6/10/2016,13,885,NA
6/10/2016,16,889,NA
6/10/2016,19,896,NA
6/10/2016,22,902,892
6/11/2016,1,908,NA
6/11/2016,4,917,NA
6/11/2016,7,929,NA
6/11/2016,10,932,NA
6/11/2016,13,932,NA
6/11/2016,16,930,NA
6/11/2016,19,928,NA
6/11/2016,22,926,925
6/12/2016,1,924,NA
6/12/2016,4,923,NA
6/12/2016,7,923,NA
6/12/2016,10,921,NA
6/12/2016,13,918,NA
6/12/2016,16,915,NA
6/12/2016,19,913,NA
6/12/2016,22,911,919
6/13/2016,1,909,NA
6/13/2016,4,915,NA
6/13/2016,7,926,NA
6/13/2016,10,929,NA
6/13/2016,13,929,NA
6/13/2016,16,927,NA
6/13/2016,19,924,NA
6/13/2016,22,924,923
6/14/2016,1,924,NA
6/14/2016,4,924,NA
6/14/2016,7,924,NA
6/14/2016,10,922,NA
6/14/2016,13,920,NA
6/14/2016,16,913,NA
6/14/2016,19,904,NA
6/14/2016,22,893,916
6/15/2016,1,885,NA
6/15/2016,4,894,NA
6/15/2016,7,906,NA
6/15/2016,10,909,NA
6/15/2016,13,911,NA
6/15/2016,16,908,NA
6/15/2016,19,904,NA
6/15/2016,22,899,902
6/16/2016,1,893,NA
6/16/2016,4,895,NA
6/16/2016,7,899,NA
6/16/2016,10,904,NA
6/16/2016,13,907,NA
6/16/2016,16,901,NA
6/16/2016,19,886,NA
6/16/2016,22,871,895
6/17/2016,1,862,NA
6/17/2016,4,869,NA
6/17/2016,7,879,NA
6/17/2016,10,883,NA
6/17/2016,13,890,NA
6/17/2016,16,898,NA
6/17/2016,19,901,NA
6/17/2016,22,895,885
6/18/2016,1,886,NA
6/18/2016,4,883,NA
6/18/2016,7,887,NA
6/18/2016,10,889,NA
6/18/2016,13,881,NA
6/18/2016,16,875,NA
6/18/2016,19,868,NA
6/18/2016,22,860,879
6/19/2016,1,852,NA
6/19/2016,4,856,NA
6/19/2016,7,861,NA
6/19/2016,10,854,NA
6/19/2016,13,848,NA
6/19/2016,16,841,NA
6/19/2016,19,835,NA
6/19/2016,22,825,847
6/20/2016,1,813,NA
6/20/2016,4,796,NA
6/20/2016,7,774,NA
6/20/2016,10,757,NA
6/20/2016,13,743,NA
6/20/2016,16,753,NA
6/20/2016,19,771,NA
6/20/2016,22,790,775
6/21/2016,1,805,NA
6/21/2016,4,814.5,NA
6/21/2016,7,821,NA
6/21/2016,10,824,NA
6/21/2016,13,826,NA
6/21/2016,16,851,NA
6/21/2016,19,887,NA
6/21/2016,22,922,NA
6/22/2016,1,957,NA
6/22/2016,4,971,NA
6/22/2016,7,980,NA
6/22/2016,10,975.5,NA
6/22/2016,13,970,NA
6/22/2016,16,959.5,NA
6/22/2016,19,951,NA
6/22/2016,22,940,NA
6/23/2016,1,930,NA
6/23/2016,4,930,NA
6/23/2016,7,934,NA
6/23/2016,10,936,NA
6/23/2016,13,932,NA
6/23/2016,16,927,NA
6/23/2016,19,924,NA
6/23/2016,22,920,929
6/24/2016,1,917,NA
6/24/2016,4,914,NA
6/24/2016,7,912,NA
6/24/2016,10,911,NA
6/24/2016,13,910,NA
6/24/2016,16,915,NA
6/24/2016,19,923,NA
6/24/2016,22,924,916
6/25/2016,1,924,NA
6/25/2016,4,922,NA
6/25/2016,7,920,NA
6/25/2016,10,916,NA
6/25/2016,13,910,NA
6/25/2016,16,918,NA
6/25/2016,19,931,NA
6/25/2016,22,935,922
6/26/2016,1,935,NA
6/26/2016,4,928,NA
6/26/2016,7,916,NA
6/26/2016,10,908,NA
6/26/2016,13,902,NA
6/26/2016,16,895,NA
6/26/2016,19,887,NA
6/26/2016,22,881,907
6/27/2016,1,876,NA
6/27/2016,4,874,NA
6/27/2016,7,873,NA
6/27/2016,10,873,NA
6/27/2016,13,873,NA
6/27/2016,16,881,NA
6/27/2016,19,894,NA
6/27/2016,22,902,881
6/28/2016,1,906,NA
6/28/2016,4,904,NA
6/28/2016,7,900,NA
6/28/2016,10,890,NA
6/28/2016,13,883,NA
6/28/2016,16,891,NA
6/28/2016,19,905,NA
6/28/2016,22,910,899
6/29/2016,1,913,NA
6/29/2016,4,907,NA
6/29/2016,7,898,NA
6/29/2016,10,888,NA
6/29/2016,13,880,NA
6/29/2016,16,877,NA
6/29/2016,19,877,NA
6/29/2016,22,874,889
6/30/2016,1,872,NA
6/30/2016,4,867,NA
6/30/2016,7,864,NA
6/30/2016,10,862,NA
6/30/2016,13,865,NA
6/30/2016,16,867,NA
6/30/2016,19,870,NA
6/30/2016,22,872,867
7/1/2016,1,875,NA
7/1/2016,4,869,NA
7/1/2016,7,859,NA
7/1/2016,10,852,NA
7/1/2016,13,846,NA
7/1/2016,16,848,NA
7/1/2016,19,853,NA
7/1/2016,22,855,857
7/2/2016,1,851,NA
7/2/2016,4,849,NA
7/2/2016,7,847,NA
7/2/2016,10,850,NA
7/2/2016,13,854,NA
7/2/2016,16,869,NA
7/2/2016,19,877,NA
7/2/2016,22,881,860
7/3/2016,1,885,NA
7/3/2016,4,896,NA
7/3/2016,7,913,NA
7/3/2016,10,918,NA
7/3/2016,13,914,NA
7/3/2016,16,905,NA
7/3/2016,19,889,NA
7/3/2016,22,871,899
7/4/2016,1,862,NA
7/4/2016,4,848,NA
7/4/2016,7,837,NA
7/4/2016,10,833,NA
7/4/2016,13,831,NA
7/4/2016,16,836,NA
7/4/2016,19,844,NA
7/4/2016,22,847,842
7/5/2016,1,849,NA
7/5/2016,4,858,NA
7/5/2016,7,868,NA
7/5/2016,10,870,NA
7/5/2016,13,870,NA
7/5/2016,16,865,NA
7/5/2016,19,857,NA
7/5/2016,22,848,861
7/6/2016,1,841,NA
7/6/2016,4,837,NA
7/6/2016,7,835,NA
7/6/2016,10,828,NA
7/6/2016,13,819,NA
7/6/2016,16,816,NA
7/6/2016,19,816,NA
7/6/2016,22,816,826
7/7/2016,1,816,NA
7/7/2016,4,814,NA
7/7/2016,7,812,NA
7/7/2016,10,812,NA
7/7/2016,13,815,NA
7/7/2016,16,822,NA
7/7/2016,19,833,NA
7/7/2016,22,839,820
7/8/2016,1,848,NA
7/8/2016,4,864,NA
7/8/2016,7,879,NA
7/8/2016,10,890,NA
7/8/2016,13,897,NA
7/8/2016,16,903,NA
7/8/2016,19,910,NA
7/8/2016,22,906,887
7/9/2016,1,901,NA
7/9/2016,4,898,NA
7/9/2016,7,898,NA
7/9/2016,10,897,NA
7/9/2016,13,895,NA
7/9/2016,16,887,NA
7/9/2016,19,877,NA
7/9/2016,22,863,890
7/10/2016,1,854,NA
7/10/2016,4,850,NA
7/10/2016,7,846,NA
7/10/2016,10,839,NA
7/10/2016,13,832,NA
7/10/2016,16,821,NA
7/10/2016,19,807,NA
7/10/2016,22,795,831
7/11/2016,1,788,NA
7/11/2016,4,783,NA
7/11/2016,7,778,NA
7/11/2016,10,776,NA
7/11/2016,13,774,NA
7/11/2016,16,790,NA
7/11/2016,19,809,NA
7/11/2016,22,817,789
7/12/2016,1,822,NA
7/12/2016,4,837.5,NA
7/12/2016,7,854,NA
7/12/2016,10,865.5,NA
7/12/2016,13,874,NA
7/12/2016,16,880,NA
7/12/2016,19,885,NA
7/12/2016,22,886.5,NA
7/13/2016,1,883,NA
7/13/2016,4,880,NA
7/13/2016,7,875,NA
7/13/2016,10,864,NA
7/13/2016,13,851,NA
7/13/2016,16,844,NA
7/13/2016,19,840,NA
7/13/2016,22,835,859
7/14/2016,1,829,NA
7/14/2016,4,838,NA
7/14/2016,7,853,NA
7/14/2016,10,863,NA
7/14/2016,13,869,NA
7/14/2016,16,872,NA
7/14/2016,19,868,NA
7/14/2016,22,859,856
7/15/2016,1,848,NA
7/15/2016,4,852,NA
7/15/2016,7,860,NA
7/15/2016,10,873,NA
7/15/2016,13,882,NA
7/15/2016,16,885,NA
7/15/2016,19,887,NA
7/15/2016,22,884,871
7/16/2016,1,879,NA
7/16/2016,4,891,NA
7/16/2016,7,910,NA
7/16/2016,10,927.5,NA
7/16/2016,13,941,NA
7/16/2016,16,963,NA
7/16/2016,19,981,NA
7/16/2016,22,971.5,NA
7/17/2016,1,959,NA
7/17/2016,4,944,NA
7/17/2016,7,932,NA
7/17/2016,10,919,NA
7/17/2016,13,908,NA
7/17/2016,16,895,NA
7/17/2016,19,883,NA
7/17/2016,22,872,914
7/18/2016,1,864,NA
7/18/2016,4,854,NA
7/18/2016,7,848,NA
7/18/2016,10,841,NA
7/18/2016,13,835,NA
7/18/2016,16,840,NA
7/18/2016,19,850,NA
7/18/2016,22,854,848
7/19/2016,1,859,NA
7/19/2016,4,882.5,NA
7/19/2016,7,910,NA
7/19/2016,10,922.5,NA
7/19/2016,13,929,NA
7/19/2016,16,929,NA
7/19/2016,19,920,NA
7/19/2016,22,904,NA
7/20/2016,1,890,NA
7/20/2016,4,887,NA
7/20/2016,7,894,NA
7/20/2016,10,902,NA
7/20/2016,13,907,NA
7/20/2016,16,909,NA
7/20/2016,19,911,NA
7/20/2016,22,913,902
7/21/2016,1,913,NA
7/21/2016,4,926.5,NA
7/21/2016,7,949,NA
7/21/2016,10,951,NA
7/21/2016,13,951,NA
7/21/2016,16,951,NA
7/21/2016,19,951,NA
7/21/2016,22,943,NA
7/22/2016,1,934,NA
7/22/2016,4,930,NA
7/22/2016,7,927,NA
7/22/2016,10,917,NA
7/22/2016,13,910,NA
7/22/2016,16,898,NA
7/22/2016,19,882,NA
7/22/2016,22,864,908
7/23/2016,1,851,NA
7/23/2016,4,848,NA
7/23/2016,7,853,NA
7/23/2016,10,856,NA
7/23/2016,13,852,NA
7/23/2016,16,850,NA
7/23/2016,19,850,NA
7/23/2016,22,841,850
7/24/2016,1,825,NA
7/24/2016,4,822,NA
7/24/2016,7,833,NA
7/24/2016,10,838,NA
7/24/2016,13,830,NA
7/24/2016,16,817,NA
7/24/2016,19,802,NA
7/24/2016,22,793,820
7/25/2016,1,789,NA
7/25/2016,4,774,NA
7/25/2016,7,755,NA
7/25/2016,10,747,NA
7/25/2016,13,740,NA
7/25/2016,16,736,NA
7/25/2016,19,733,NA
7/25/2016,22,741,752
7/26/2016,1,759,NA
7/26/2016,4,770,NA
7/26/2016,7,776,NA
7/26/2016,10,784,NA
7/26/2016,13,791,NA
7/26/2016,16,799,NA
7/26/2016,19,805,NA
7/26/2016,22,808,787
7/27/2016,1,812,NA
7/27/2016,4,814,NA
7/27/2016,7,814,NA
7/27/2016,10,827,NA
7/27/2016,13,845,NA
7/27/2016,16,848,NA
7/27/2016,19,848,NA
7/27/2016,22,834,830
7/28/2016,1,817,NA
7/28/2016,4,805.5,NA
7/28/2016,7,797,NA
7/28/2016,10,782.5,NA
7/28/2016,13,770,NA
7/28/2016,16,766,NA
7/28/2016,19,764,NA
7/28/2016,22,770.5,NA
7/29/2016,1,778,NA
7/29/2016,4,798.6666667,NA
7/29/2016,7,845,NA
7/29/2016,10,898.3333333,NA
7/29/2016,13,946.3333333,NA
7/29/2016,16,997.6666667,NA
7/29/2016,19,1054.666667,NA
7/29/2016,22,1139,NA
7/30/2016,1,1212,NA
7/30/2016,4,1235,NA
7/30/2016,7,1244.666667,NA
7/30/2016,10,1246,NA
7/30/2016,13,1242,NA
7/30/2016,16,1230.666667,NA
7/30/2016,19,1214.666667,NA
7/30/2016,22,1194.5,NA
7/31/2016,1,1184,NA
7/31/2016,4,1171.5,NA
7/31/2016,7,1156,NA
7/31/2016,10,1137,NA
7/31/2016,13,1122,NA
7/31/2016,16,1109,NA
7/31/2016,19,1098,NA
7/31/2016,22,1091,NA
8/1/2016,1,1084,NA
8/1/2016,4,1073.5,NA
8/1/2016,7,1062,NA
8/1/2016,10,1052,NA
8/1/2016,13,1044,NA
8/1/2016,16,1040,NA
8/1/2016,19,1038,NA
8/1/2016,22,1034.5,NA
8/2/2016,1,1031,NA
8/2/2016,4,1027,NA
8/2/2016,7,1022,NA
8/2/2016,10,1016,NA
8/2/2016,13,1014,NA
8/2/2016,16,1009,NA
8/2/2016,19,1002,NA
8/2/2016,22,999,1015
8/3/2016,1,995,NA
8/3/2016,4,990,NA
8/3/2016,7,986,NA
8/3/2016,10,978,NA
8/3/2016,13,967,NA
8/3/2016,16,965,NA
8/3/2016,19,964,NA
8/3/2016,22,962,976
8/4/2016,1,959,NA
8/4/2016,4,951,NA
8/4/2016,7,938,NA
8/4/2016,10,923,NA
8/4/2016,13,912,NA
8/4/2016,16,907,NA
8/4/2016,19,910,NA
8/4/2016,22,913,927
8/5/2016,1,919,NA
8/5/2016,4,940.6666667,NA
8/5/2016,7,988,NA
8/5/2016,10,1022.333333,NA
8/5/2016,13,1044,NA
8/5/2016,16,1062.666667,NA
8/5/2016,19,1075.333333,NA
8/5/2016,22,1087.75,NA
8/6/2016,1,1093,NA
8/6/2016,4,1095.5,NA
8/6/2016,7,1096,NA
8/6/2016,10,1091.5,NA
8/6/2016,13,1086,NA
8/6/2016,16,1076.5,NA
8/6/2016,19,1067,NA
8/6/2016,22,1060,NA
8/7/2016,1,1055,NA
8/7/2016,4,1055,NA
8/7/2016,7,1055,NA
8/7/2016,10,1053,NA
8/7/2016,13,1049,NA
8/7/2016,16,1051,NA
8/7/2016,19,1054,NA
8/7/2016,22,1056,1054
8/8/2016,1,1058,NA
8/8/2016,4,1045,NA
8/8/2016,7,1028,NA
8/8/2016,10,1022,NA
8/8/2016,13,1009,NA
8/8/2016,16,1014,NA
8/8/2016,19,1022,NA
8/8/2016,22,1026,1028
8/9/2016,1,1029,NA
8/9/2016,4,1027,NA
8/9/2016,7,1022,NA
8/9/2016,10,1013,NA
8/9/2016,13,1001,NA
8/9/2016,16,997,NA
8/9/2016,19,1005,NA
8/9/2016,22,1014,1014
8/10/2016,1,1021,NA
8/10/2016,4,1028,NA
8/10/2016,7,1033,NA
8/10/2016,10,1030,NA
8/10/2016,13,1024,NA
8/10/2016,16,1031,NA
8/10/2016,19,1043,NA
8/10/2016,22,1052,1033
8/11/2016,1,1060,NA
8/11/2016,4,1054,NA
8/11/2016,7,1045,NA
8/11/2016,10,1033,NA
8/11/2016,13,1027,NA
8/11/2016,16,1032,NA
8/11/2016,19,1040,NA
8/11/2016,22,1043,1042
8/12/2016,1,1045,NA
8/12/2016,4,1034,NA
8/12/2016,7,1020,NA
8/12/2016,10,1007,NA
8/12/2016,13,996,NA
8/12/2016,16,992,NA
8/12/2016,19,997,NA
8/12/2016,22,1006,1012
8/13/2016,1,1015,NA
8/13/2016,4,1020,NA
8/13/2016,7,1024,NA
8/13/2016,10,1021,NA
8/13/2016,13,1016,NA
8/13/2016,16,1005,NA
8/13/2016,19,991,NA
8/13/2016,22,994,1011
8/14/2016,1,999,NA
8/14/2016,4,1005,NA
8/14/2016,7,1012,NA
8/14/2016,10,1025,NA
8/14/2016,13,1034,NA
8/14/2016,16,1019,NA
8/14/2016,19,1003,NA
8/14/2016,22,996,1012
8/15/2016,1,991,NA
8/15/2016,4,1002,NA
8/15/2016,7,1013,NA
8/15/2016,10,1017,NA
8/15/2016,13,1011,NA
8/15/2016,16,1019,NA
8/15/2016,19,1029,NA
8/15/2016,22,1041,1015
8/16/2016,1,1050,NA
8/16/2016,4,1062,NA
8/16/2016,7,1070,NA
8/16/2016,10,1060,NA
8/16/2016,13,1054,NA
8/16/2016,16,1054,NA
8/16/2016,19,1054,NA
8/16/2016,22,1054,1057
8/17/2016,1,1054,NA
8/17/2016,4,1045,NA
8/17/2016,7,1034,NA
8/17/2016,10,1022,NA
8/17/2016,13,1018,NA
8/17/2016,16,1023,NA
8/17/2016,19,1029,NA
8/17/2016,22,1029,1032
8/18/2016,1,1029,NA
8/18/2016,4,1026,NA
8/18/2016,7,1021,NA
8/18/2016,10,1016,NA
8/18/2016,13,1012,NA
8/18/2016,16,1017,NA
8/18/2016,19,1024,NA
8/18/2016,22,1033,1022
8/19/2016,1,1038,NA
8/19/2016,4,1030,NA
8/19/2016,7,1024,NA
8/19/2016,10,1017,NA
8/19/2016,13,1008,NA
8/19/2016,16,1018,NA
8/19/2016,19,1030,NA
8/19/2016,22,1039,1026
8/20/2016,1,1045,NA
8/20/2016,4,1052,NA
8/20/2016,7,1059.666667,NA
8/20/2016,10,1078.333333,NA
8/20/2016,13,1109,NA
8/20/2016,16,1149.666667,NA
8/20/2016,19,1182,NA
8/20/2016,22,1207.75,NA
8/21/2016,1,1231,NA
8/21/2016,4,1236.5,NA
8/21/2016,7,1240,NA
8/21/2016,10,1241.5,NA
8/21/2016,13,1242,NA
8/21/2016,16,1236.5,NA
8/21/2016,19,1225,NA
8/21/2016,22,1219.5,NA
8/22/2016,1,1216,NA
8/22/2016,4,1205.5,NA
8/22/2016,7,1192,NA
8/22/2016,10,1179.5,NA
8/22/2016,13,1171,NA
8/22/2016,16,1169,NA
8/22/2016,19,1169,NA
8/22/2016,22,1169,NA
8/23/2016,1,1169,NA
8/23/2016,4,1164,NA
8/23/2016,7,1156,NA
8/23/2016,10,1146,NA
8/23/2016,13,1139,NA
8/23/2016,16,1144,NA
8/23/2016,19,1152,NA
8/23/2016,22,1147,1152
8/24/2016,1,1141,NA
8/24/2016,4,1130,NA
8/24/2016,7,1116,NA
8/24/2016,10,1101,NA
8/24/2016,13,1088,NA
8/24/2016,16,1088,NA
8/24/2016,19,1088,NA
8/24/2016,22,1088,1105
8/25/2016,1,1088,NA
8/25/2016,4,1077,NA
8/25/2016,7,1065,NA
8/25/2016,10,1053,NA
8/25/2016,13,1046,NA
8/25/2016,16,1044,NA
8/25/2016,19,1048,NA
8/25/2016,22,1040,1058
8/26/2016,1,1034,NA
8/26/2016,4,1029,NA
8/26/2016,7,1025,NA
8/26/2016,10,1017,NA
8/26/2016,13,1002,NA
8/26/2016,16,1000,NA
8/26/2016,19,998,NA
8/26/2016,22,995,1013
8/27/2016,1,991,NA
8/27/2016,4,991,NA
8/27/2016,7,991,NA
8/27/2016,10,987,NA
8/27/2016,13,980,NA
8/27/2016,16,968,NA
8/27/2016,19,954,NA
8/27/2016,22,945,976
8/28/2016,1,938,NA
8/28/2016,4,943,NA
8/28/2016,7,950,NA
8/28/2016,10,944,NA
8/28/2016,13,935,NA
8/28/2016,16,925,NA
8/28/2016,19,917,NA
8/28/2016,22,917,934
8/29/2016,1,917,NA
8/29/2016,4,914,NA
8/29/2016,7,909,NA
8/29/2016,10,903,NA
8/29/2016,13,899,NA
8/29/2016,16,901,NA
8/29/2016,19,904,NA
8/29/2016,22,900,906
8/30/2016,1,895,NA
8/30/2016,4,895,NA
8/30/2016,7,895,NA
8/30/2016,10,892,NA
8/30/2016,13,888,NA
8/30/2016,16,886,NA
8/30/2016,19,886,NA
8/30/2016,22,879,890
8/31/2016,1,871,NA
8/31/2016,4,868,NA
8/31/2016,7,866,NA
8/31/2016,10,859,NA
8/31/2016,13,848,NA
8/31/2016,16,854,NA
8/31/2016,19,861,NA
8/31/2016,22,864,861
9/1/2016,1,864,NA
9/1/2016,4,861,NA
9/1/2016,7,857,NA
9/1/2016,10,850,NA
9/1/2016,13,844,NA
9/1/2016,16,844,NA
9/1/2016,19,844,NA
9/1/2016,22,844,851
9/2/2016,1,847,NA
9/2/2016,4,843,NA
9/2/2016,7,840,NA
9/2/2016,10,838,NA
9/2/2016,13,836,NA
9/2/2016,16,831,NA
9/2/2016,19,823,NA
9/2/2016,22,814,834
9/3/2016,1,805,NA
9/3/2016,4,789,NA
9/3/2016,7,771,NA
9/3/2016,10,762,NA
9/3/2016,13,758,NA
9/3/2016,16,764,NA
9/3/2016,19,773,NA
9/3/2016,22,773,774
9/4/2016,1,773,NA
9/4/2016,4,775,NA
9/4/2016,7,778,NA
9/4/2016,10,782,NA
9/4/2016,13,787,NA
9/4/2016,16,784,NA
9/4/2016,19,779,NA
9/4/2016,22,771,779
9/5/2016,1,763,NA
9/5/2016,4,760,NA
9/5/2016,7,758,NA
9/5/2016,10,755,NA
9/5/2016,13,753,NA
9/5/2016,16,753,NA
9/5/2016,19,753,NA
9/5/2016,22,755,756
9/6/2016,1,759,NA
9/6/2016,4,761,NA
9/6/2016,7,761,NA
9/6/2016,10,757,NA
9/6/2016,13,750,NA
9/6/2016,16,759,NA
9/6/2016,19,772,NA
9/6/2016,22,777,762
9/7/2016,1,780,NA
9/7/2016,4,775,NA
9/7/2016,7,767,NA
9/7/2016,10,760,NA
9/7/2016,13,755,NA
9/7/2016,16,763,NA
9/7/2016,19,776,NA
9/7/2016,22,782,770
9/8/2016,1,789,NA
9/8/2016,4,824.6666667,NA
9/8/2016,7,902.3333333,NA
9/8/2016,10,958.6666667,NA
9/8/2016,13,993.3333333,NA
9/8/2016,16,1010.333333,NA
9/8/2016,19,999.6666667,NA
9/8/2016,22,980.25,NA
9/9/2016,1,969,NA
9/9/2016,4,952.5,NA
9/9/2016,7,926,NA
9/9/2016,10,901.5,NA
9/9/2016,13,885,NA
9/9/2016,16,885,NA
9/9/2016,19,885,NA
9/9/2016,22,895,NA
9/10/2016,1,906,NA
9/10/2016,4,910,NA
9/10/2016,7,898,NA
9/10/2016,10,893,NA
9/10/2016,13,879,NA
9/10/2016,16,871,NA
9/10/2016,19,856,NA
9/10/2016,22,847,883
9/11/2016,1,841,NA
9/11/2016,4,859,NA
9/11/2016,7,887,NA
9/11/2016,10,907,NA
9/11/2016,13,919,NA
9/11/2016,16,919,NA
9/11/2016,19,913,NA
9/11/2016,22,908,NA
9/12/2016,1,901,NA
9/12/2016,4,888,NA
9/12/2016,7,873,NA
9/12/2016,10,856,NA
9/12/2016,13,846,NA
9/12/2016,16,853,NA
9/12/2016,19,862,NA
9/12/2016,22,867,868
9/13/2016,1,870,NA
9/13/2016,4,880,NA
9/13/2016,7,892,NA
9/13/2016,10,894,NA
9/13/2016,13,889,NA
9/13/2016,16,889,NA
9/13/2016,19,889,NA
9/13/2016,22,886,886
9/14/2016,1,882,NA
9/14/2016,4,878,NA
9/14/2016,7,875,NA
9/14/2016,10,868,NA
9/14/2016,13,860,NA
9/14/2016,16,863,NA
9/14/2016,19,869,NA
9/14/2016,22,865,870
9/15/2016,1,859,NA
9/15/2016,4,856,NA
9/15/2016,7,854,NA
9/15/2016,10,851,NA
9/15/2016,13,847,NA
9/15/2016,16,849,NA
9/15/2016,19,852,NA
9/15/2016,22,854,853
9/16/2016,1,851,NA
9/16/2016,4,848,NA
9/16/2016,7,846,NA
9/16/2016,10,844,NA
9/16/2016,13,844,NA
9/16/2016,16,853,NA
9/16/2016,19,867,NA
9/16/2016,22,876,854
9/17/2016,1,883,NA
9/17/2016,4,881,NA
9/17/2016,7,877,NA
9/17/2016,10,870,NA
9/17/2016,13,858,NA
9/17/2016,16,858,NA
9/17/2016,19,858,NA
9/17/2016,22,858,868
9/18/2016,1,858,NA
9/18/2016,4,856,NA
9/18/2016,7,854,NA
9/18/2016,10,852,NA
9/18/2016,13,850,NA
9/18/2016,16,838,NA
9/18/2016,19,824,NA
9/18/2016,22,814,843
9/19/2016,1,808,NA
9/19/2016,4,816,NA
9/19/2016,7,829,NA
9/19/2016,10,836,NA
9/19/2016,13,840,NA
9/19/2016,16,845,NA
9/19/2016,19,853,NA
9/19/2016,22,851,835
9/20/2016,1,847,NA
9/20/2016,4,852,NA
9/20/2016,7,860,NA
9/20/2016,10,860,NA
9/20/2016,13,860,NA
9/20/2016,16,862,NA
9/20/2016,19,865,NA
9/20/2016,22,861,858
9/21/2016,1,856,NA
9/21/2016,4,853,NA
9/21/2016,7,851,NA
9/21/2016,10,846,NA
9/21/2016,13,840,NA
9/21/2016,16,840,NA
9/21/2016,19,840,NA
9/21/2016,22,830,845
9/22/2016,1,823,NA
9/22/2016,4,816,NA
9/22/2016,7,811,NA
9/22/2016,10,807,NA
9/22/2016,13,802,NA
9/22/2016,16,802,NA
9/22/2016,19,806,NA
9/22/2016,22,809,810
9/23/2016,1,809,NA
9/23/2016,4,815,NA
9/23/2016,7,817,NA
9/23/2016,10,824,NA
9/23/2016,13,829,NA
9/23/2016,16,840,NA
9/23/2016,19,854,NA
9/23/2016,22,859,831
9/24/2016,1,859,NA
9/24/2016,4,861,NA
9/24/2016,7,863,NA
9/24/2016,10,858,NA
9/24/2016,13,852,NA
9/24/2016,16,855,NA
9/24/2016,19,860,NA
9/24/2016,22,862,859
9/25/2016,1,857,NA
9/25/2016,4,852,NA
9/25/2016,7,848,NA
9/25/2016,10,841,NA
9/25/2016,13,829,NA
9/25/2016,16,826,NA
9/25/2016,19,823,NA
9/25/2016,22,818,837
9/26/2016,1,814,NA
9/26/2016,4,794.5,NA
9/26/2016,7,779,NA
9/26/2016,10,754,NA
9/26/2016,13,730,NA
9/26/2016,16,728.5,NA
9/26/2016,19,744,NA
9/26/2016,22,755.5,NA
9/27/2016,1,760,NA
9/27/2016,4,752,NA
9/27/2016,7,740,NA
9/27/2016,10,727,NA
9/27/2016,13,718,NA
9/27/2016,16,724,NA
9/27/2016,19,731,NA
9/27/2016,22,733,736
9/28/2016,1,730,NA
9/28/2016,4,730,NA
9/28/2016,7,730,NA
9/28/2016,10,727,NA
9/28/2016,13,722,NA
9/28/2016,16,731,NA
9/28/2016,19,743,NA
9/28/2016,22,748,733
9/29/2016,1,745,NA
9/29/2016,4,745,NA
9/29/2016,7,745,NA
9/29/2016,10,743,NA
9/29/2016,13,740,NA
9/29/2016,16,742,NA
9/29/2016,19,746,NA
9/29/2016,22,743,744
9/30/2016,1,739,NA
9/30/2016,4,729,NA
9/30/2016,7,717,NA
9/30/2016,10,706,NA
9/30/2016,13,701,NA
9/30/2016,16,709,NA
9/30/2016,19,717,NA
9/30/2016,22,720,717
10/1/2016,1,722,NA
10/1/2016,4,714,NA
10/1/2016,7,702,NA
10/1/2016,10,697,NA
10/1/2016,13,693,NA
10/1/2016,16,689,NA
10/1/2016,19,684,NA
10/1/2016,22,682,698
10/2/2016,1,682,NA
10/2/2016,4,678,NA
10/2/2016,7,675,NA
10/2/2016,10,671,NA
10/2/2016,13,668,NA
10/2/2016,16,668,NA
10/2/2016,19,668,NA
10/2/2016,22,665,672
10/3/2016,1,662,NA
10/3/2016,4,670,NA
10/3/2016,7,679,NA
10/3/2016,10,682,NA
10/3/2016,13,682,NA
10/3/2016,16,685,NA
10/3/2016,19,689,NA
10/3/2016,22,683,679
10/4/2016,1,678,NA
10/4/2016,4,673,NA
10/4/2016,7,667,NA
10/4/2016,10,665,NA
10/4/2016,13,663,NA
10/4/2016,16,672,NA
10/4/2016,19,683,NA
10/4/2016,22,697,675
10/5/2016,1,706,NA
10/5/2016,4,709,NA
10/5/2016,7,704,NA
10/5/2016,10,698,NA
10/5/2016,13,695,NA
10/5/2016,16,703,NA
10/5/2016,19,717,NA
10/5/2016,22,728,708
10/6/2016,1,737,NA
10/6/2016,4,730,NA
10/6/2016,7,714,NA
10/6/2016,10,706,NA
10/6/2016,13,704,NA
10/6/2016,16,711,NA
10/6/2016,19,722,NA
10/6/2016,22,727,719
10/7/2016,1,731,NA
10/7/2016,4,723,NA
10/7/2016,7,712,NA
10/7/2016,10,696,NA
10/7/2016,13,690,NA
10/7/2016,16,698,NA
10/7/2016,19,711,NA
10/7/2016,22,717,710
10/8/2016,1,721,NA
10/8/2016,4,709,NA
10/8/2016,7,696,NA
10/8/2016,10,683,NA
10/8/2016,13,677,NA
10/8/2016,16,674,NA
10/8/2016,19,670,NA
10/8/2016,22,667,687
10/9/2016,1,662,NA
10/9/2016,4,671,NA
10/9/2016,7,685,NA
10/9/2016,10,700,NA
10/9/2016,13,709,NA
10/9/2016,16,702,NA
10/9/2016,19,690,NA
10/9/2016,22,682,688
10/10/2016,1,676,NA
10/10/2016,4,667,NA
10/10/2016,7,653,NA
10/10/2016,10,664,NA
10/10/2016,13,683,NA
10/10/2016,16,698,NA
10/10/2016,19,709,NA
10/10/2016,22,707,682
10/11/2016,1,704,NA
10/11/2016,4,716.5,NA
10/11/2016,7,732,NA
10/11/2016,10,736,NA
10/11/2016,13,729,NA
10/11/2016,16,718,NA
10/11/2016,19,706,NA
10/11/2016,22,699.5,NA
10/12/2016,1,696,NA
10/12/2016,4,680,NA
10/12/2016,7,658,NA
10/12/2016,10,649,NA
10/12/2016,13,643,NA
10/12/2016,16,635,NA
10/12/2016,19,628,NA
10/12/2016,22,628,652
10/13/2016,1,628,NA
10/13/2016,4,626,NA
10/13/2016,7,623,NA
10/13/2016,10,621,NA
10/13/2016,13,620,NA
10/13/2016,16,618,NA
10/13/2016,19,615,NA
10/13/2016,22,613,621
10/14/2016,1,611,NA
10/14/2016,4,609,NA
10/14/2016,7,606,NA
10/14/2016,10,604,NA
10/14/2016,13,604,NA
10/14/2016,16,600,NA
10/14/2016,19,595,NA
10/14/2016,22,592,603
10/15/2016,1,589,NA
10/15/2016,4,587,NA
10/15/2016,7,585,NA
10/15/2016,10,588,NA
10/15/2016,13,590,NA
10/15/2016,16,595,NA
10/15/2016,19,601,NA
10/15/2016,22,598,592
10/16/2016,1,594,NA
10/16/2016,4,590,NA
10/16/2016,7,587,NA
10/16/2016,10,584,NA
10/16/2016,13,582,NA
10/16/2016,16,582,NA
10/16/2016,19,582,NA
10/16/2016,22,582,585
10/17/2016,1,580,NA
10/17/2016,4,580,NA
10/17/2016,7,580,NA
10/17/2016,10,582,NA
10/17/2016,13,584,NA
10/17/2016,16,590,NA
10/17/2016,19,595,NA
10/17/2016,22,601,587
10/18/2016,1,604,NA
10/18/2016,4,602,NA
10/18/2016,7,596,NA
10/18/2016,10,596,NA
10/18/2016,13,596,NA
10/18/2016,16,598,NA
10/18/2016,19,600,NA
10/18/2016,22,602,599
10/19/2016,1,603,NA
10/19/2016,4,597,NA
10/19/2016,7,588,NA
10/19/2016,10,577,NA
10/19/2016,13,572,NA
10/19/2016,16,576,NA
10/19/2016,19,583,NA
10/19/2016,22,586,585
10/20/2016,1,588,NA
10/20/2016,4,585,NA
10/20/2016,7,580,NA
10/20/2016,10,578,NA
10/20/2016,13,578,NA
10/20/2016,16,584,NA
10/20/2016,19,593,NA
10/20/2016,22,597,585
10/21/2016,1,594,NA
10/21/2016,4,583,NA
10/21/2016,7,575,NA
10/21/2016,10,571,NA
10/21/2016,13,568,NA
10/21/2016,16,572,NA
10/21/2016,19,578,NA
10/21/2016,22,580,578
10/22/2016,1,580,NA
10/22/2016,4,577,NA
10/22/2016,7,574,NA
10/22/2016,10,572,NA
10/22/2016,13,570,NA
10/22/2016,16,576,NA
10/22/2016,19,586,NA
10/22/2016,22,590,578
10/23/2016,1,593,NA
10/23/2016,4,589,NA
10/23/2016,7,584,NA
10/23/2016,10,581,NA
10/23/2016,13,578,NA
10/23/2016,16,576,NA
10/23/2016,19,576,NA
10/23/2016,22,574,581
10/24/2016,1,570,NA
10/24/2016,4,565,NA
10/24/2016,7,562,NA
10/24/2016,10,560,NA
10/24/2016,13,559,NA
10/24/2016,16,558,NA
10/24/2016,19,557,NA
10/24/2016,22,560,561
10/25/2016,1,567,NA
10/25/2016,4,563,NA
10/25/2016,7,557,NA
10/25/2016,10,555,NA
10/25/2016,13,553,NA
10/25/2016,16,559,NA
10/25/2016,19,568,NA
10/25/2016,22,580,563
10/26/2016,1,588,NA
10/26/2016,4,578,NA
10/26/2016,7,566,NA
10/26/2016,10,561,NA
10/26/2016,13,559,NA
10/26/2016,16,565,NA
10/26/2016,19,574,NA
10/26/2016,22,577,571
10/27/2016,1,573,NA
10/27/2016,4,571,NA
10/27/2016,7,570,NA
10/27/2016,10,576,NA
10/27/2016,13,588,NA
10/27/2016,16,597,NA
10/27/2016,19,602,NA
10/27/2016,22,604,585
10/28/2016,1,601,NA
10/28/2016,4,595,NA
10/28/2016,7,587,NA
10/28/2016,10,589,NA
10/28/2016,13,593,NA
10/28/2016,16,595,NA
10/28/2016,19,595,NA
10/28/2016,22,591,593
10/29/2016,1,586,NA
10/29/2016,4,574,NA
10/29/2016,7,566,NA
10/29/2016,10,562,NA
10/29/2016,13,560,NA
10/29/2016,16,558,NA
10/29/2016,19,556,NA
10/29/2016,22,556,565
10/30/2016,1,556,NA
10/30/2016,4,552,NA
10/30/2016,7,547,NA
10/30/2016,10,545,NA
10/30/2016,13,543,NA
10/30/2016,16,540,NA
10/30/2016,19,540,NA
10/30/2016,22,540,545
10/31/2016,1,540,NA
10/31/2016,4,538,NA
10/31/2016,7,538,NA
10/31/2016,10,536,NA
10/31/2016,13,533,NA
10/31/2016,16,531,NA
10/31/2016,19,539,NA
10/31/2016,22,545,538
11/1/2016,1,547,NA
11/1/2016,4,543,NA
11/1/2016,7,536,NA
11/1/2016,10,534,NA
11/1/2016,13,540,NA
11/1/2016,16,550,NA
11/1/2016,19,558,NA
11/1/2016,22,563,546
11/2/2016,1,560,NA
11/2/2016,4,553,NA
11/2/2016,7,549,NA
11/2/2016,10,546,NA
11/2/2016,13,551,NA
11/2/2016,16,559,NA
11/2/2016,19,566,NA
11/2/2016,22,571,557
11/3/2016,1,574,NA
11/3/2016,4,576,NA
11/3/2016,7,578,NA
11/3/2016,10,580,NA
11/3/2016,13,582,NA
11/3/2016,16,586,NA
11/3/2016,19,591,NA
11/3/2016,22,589,582
11/4/2016,1,585,NA
11/4/2016,4,580,NA
11/4/2016,7,574,NA
11/4/2016,10,570,NA
11/4/2016,13,567,NA
11/4/2016,16,565,NA
11/4/2016,19,565,NA
11/4/2016,22,565,571
11/5/2016,1,560,NA
11/5/2016,4,552,NA
11/5/2016,7,547,NA
11/5/2016,10,544,NA
11/5/2016,13,541,NA
11/5/2016,16,539,NA
11/5/2016,19,537,NA
11/5/2016,22,535,544
11/6/2016,1,532,NA
11/6/2016,4,530,NA
11/6/2016,7,530,NA
11/6/2016,10,533,NA
11/6/2016,13,536,NA
11/6/2016,16,540,NA
11/6/2016,19,542,NA
11/6/2016,22,540,535
11/7/2016,1,537,NA
11/7/2016,4,535,NA
11/7/2016,7,535,NA
11/7/2016,10,541,NA
11/7/2016,13,549,NA
11/7/2016,16,559,NA
11/7/2016,19,566,NA
11/7/2016,22,569,549
11/8/2016,1,564,NA
11/8/2016,4,557,NA
11/8/2016,7,552,NA
11/8/2016,10,549,NA
11/8/2016,13,547,NA
11/8/2016,16,550,NA
11/8/2016,19,554,NA
11/8/2016,22,558,554
11/9/2016,1,560,NA
11/9/2016,4,555,NA
11/9/2016,7,548,NA
11/9/2016,10,551,NA
11/9/2016,13,560,NA
11/9/2016,16,569,NA
11/9/2016,19,578,NA
11/9/2016,22,591,564
11/10/2016,1,601,NA
11/10/2016,4,613,NA
11/10/2016,7,621,NA
11/10/2016,10,624,NA
11/10/2016,13,626,NA
11/10/2016,16,630,NA
11/10/2016,19,633,NA
11/10/2016,22,637,623
11/11/2016,1,640,NA
11/11/2016,4,638,NA
11/11/2016,7,634,NA
11/11/2016,10,631,NA
11/11/2016,13,636,NA
11/11/2016,16,642,NA
11/11/2016,19,649,NA
11/11/2016,22,657,641
11/12/2016,1,663,NA
11/12/2016,4,670,NA
11/12/2016,7,676,NA
11/12/2016,10,683,NA
11/12/2016,13,688,NA
11/12/2016,16,692,NA
11/12/2016,19,694,NA
11/12/2016,22,697,683
11/13/2016,1,696,NA
11/13/2016,4,695,NA
11/13/2016,7,695,NA
11/13/2016,10,692,NA
11/13/2016,13,689,NA
11/13/2016,16,689,NA
11/13/2016,19,689,NA
11/13/2016,22,689,692
11/14/2016,1,689,NA
11/14/2016,4,689,NA
11/14/2016,7,689,NA
11/14/2016,10,691,NA
11/14/2016,13,693,NA
11/14/2016,16,695.5,NA
11/14/2016,19,698,692
11/14/2016,22,696,NA
11/15/2016,1,694,NA
11/15/2016,4,691.5,NA
11/15/2016,7,689,NA
11/15/2016,10,690.5,NA
11/15/2016,13,692,NA
11/15/2016,16,694,NA
11/15/2016,19,696,693
11/15/2016,22,694.5,NA
11/16/2016,1,693,NA
11/16/2016,4,690.5,NA
11/16/2016,7,688,NA
11/16/2016,10,689,NA
11/16/2016,13,690,NA
11/16/2016,16,691.5,NA
11/16/2016,19,693,691
11/16/2016,22,691,NA
11/17/2016,1,689,NA
11/17/2016,4,687,NA
11/17/2016,7,685,NA
11/17/2016,10,684.5,NA
11/17/2016,13,684,NA
11/17/2016,16,686,NA
11/17/2016,19,688,687
11/17/2016,22,689,NA
11/18/2016,1,690,NA
11/18/2016,4,685,NA
11/18/2016,7,680,NA
11/18/2016,10,680,NA
11/18/2016,13,680,NA
11/18/2016,16,680,NA
11/18/2016,19,680,683
11/18/2016,22,680,NA
11/19/2016,1,680,NA
11/19/2016,4,680,NA
11/19/2016,7,680,NA
11/19/2016,10,681.5,NA
11/19/2016,13,683,NA
11/19/2016,16,684.5,NA
11/19/2016,19,686,682
11/19/2016,22,684,NA
11/20/2016,1,682,NA
11/20/2016,4,680.5,NA
11/20/2016,7,679,NA
11/20/2016,10,679,NA
11/20/2016,13,679,NA
11/20/2016,16,679,NA
11/20/2016,19,679,680
11/20/2016,22,676.5,NA
11/21/2016,1,674,NA
11/21/2016,4,670.5,NA
11/21/2016,7,667,NA
11/21/2016,10,664.5,NA
11/21/2016,13,662,NA
11/21/2016,16,662,NA
11/21/2016,19,662,666
11/21/2016,22,662,NA
11/22/2016,1,662,NA
11/22/2016,4,662,NA
11/22/2016,7,662,NA
11/22/2016,10,662,NA
11/22/2016,13,662,NA
11/22/2016,16,662,NA
11/22/2016,19,662,662
11/22/2016,22,660,NA
11/23/2016,1,658,NA
11/23/2016,4,649,NA
11/23/2016,7,642,NA
11/23/2016,10,636,NA
11/23/2016,13,629,NA
11/23/2016,16,624,NA
11/23/2016,19,621,NA
11/23/2016,22,616,634
11/24/2016,1,613,NA
11/24/2016,4,610,NA
11/24/2016,7,611,NA
11/24/2016,10,614,NA
11/24/2016,13,621,NA
11/24/2016,16,628,NA
11/24/2016,19,633,NA
11/24/2016,22,637,621
11/25/2016,1,640,NA
11/25/2016,4,638,NA
11/25/2016,7,634,NA
11/25/2016,10,630,NA
11/25/2016,13,636,NA
11/25/2016,16,643,NA
11/25/2016,19,647,NA
11/25/2016,22,645,639
11/26/2016,1,642,NA
11/26/2016,4,641,NA
11/26/2016,7,640,NA
11/26/2016,10,640,NA
11/26/2016,13,640,NA
11/26/2016,16,639.5,NA
11/26/2016,19,639,640
11/26/2016,22,638.5,NA
11/27/2016,1,638,NA
11/27/2016,4,637.5,NA
11/27/2016,7,637,NA
11/27/2016,10,639.5,NA
11/27/2016,13,642,NA
11/27/2016,16,645,NA
11/27/2016,19,648,641
11/27/2016,22,654,NA
11/28/2016,1,660,NA
11/28/2016,4,655,NA
11/28/2016,7,647,NA
11/28/2016,10,644,NA
11/28/2016,13,640,NA
11/28/2016,16,637,NA
11/28/2016,19,634,NA
11/28/2016,22,631,644
11/29/2016,1,625,NA
11/29/2016,4,622,NA
11/29/2016,7,620,NA
11/29/2016,10,617,NA
11/29/2016,13,621,NA
11/29/2016,16,626,NA
11/29/2016,19,630,NA
11/29/2016,22,630,624
11/30/2016,1,630,NA
11/30/2016,4,630,NA
11/30/2016,7,630,NA
11/30/2016,10,632.5,NA
11/30/2016,13,635,NA
11/30/2016,16,638,NA
11/30/2016,19,641,634
11/30/2016,22,639,NA
12/1/2016,1,637,NA
12/1/2016,4,630,NA
12/1/2016,7,625,NA
12/1/2016,10,628,NA
12/1/2016,13,631,NA
12/1/2016,16,634,NA
12/1/2016,19,638,NA
12/1/2016,22,640,633
12/2/2016,1,637,NA
12/2/2016,4,633,NA
12/2/2016,7,628,NA
12/2/2016,10,626,NA
12/2/2016,13,624,NA
12/2/2016,16,621,NA
12/2/2016,19,619,NA
12/2/2016,22,615,625
12/3/2016,1,610,NA
NA,4,607.5,NA
12/3/2016,7,605,NA
NA,10,607,NA
12/3/2016,13,609,NA
NA,16,611.5,NA
12/3/2016,19,614,610
NA,22,611,NA
12/4/2016,1,608,NA
NA,4,606,NA
12/4/2016,7,604,NA
NA,10,601.5,NA
12/4/2016,13,599,NA
NA,16,597,NA
12/4/2016,19,595,602
NA,22,588,NA
12/5/2016,1,581,NA
12/5/2016,4,570,NA
12/5/2016,7,563,NA
12/5/2016,10,562,NA
12/5/2016,13,561,NA
12/5/2016,16,560,NA
12/5/2016,19,560,NA
12/5/2016,22,559,565
12/6/2016,1,557,NA
NA,4,556,NA
12/6/2016,7,555,NA
NA,10,560,NA
12/6/2016,13,565,NA
NA,16,571,NA
12/6/2016,19,577,564
NA,22,580.5,NA
12/7/2016,1,584,NA
12/7/2016,4,589,NA
12/7/2016,7,593,NA
12/7/2016,10,596,NA
12/7/2016,13,594,NA
12/7/2016,16,588,NA
12/7/2016,19,584,NA
12/7/2016,22,581,589
12/8/2016,1,576,NA
12/8/2016,4,570,NA
12/8/2016,7,567,NA
12/8/2016,10,564,NA
12/8/2016,13,568,NA
12/8/2016,16,573,NA
12/8/2016,19,575,NA
12/8/2016,22,577,571
12/9/2016,1,574,NA
12/9/2016,4,572,NA
12/9/2016,7,570,NA
12/9/2016,10,568,NA
12/9/2016,13,573,NA
12/9/2016,16,580,NA
12/9/2016,19,586,NA
12/9/2016,22,589,577
12/10/2016,1,591,NA
12/10/2016,4,587,NA
12/10/2016,7,582,NA
12/10/2016,10,579,NA
12/10/2016,13,584,NA
12/10/2016,16,588,NA
12/10/2016,19,591,NA
12/10/2016,22,594,587
12/11/2016,1,589,NA
12/11/2016,4,583,NA
12/11/2016,7,578,NA
12/11/2016,10,576,NA
12/11/2016,13,573,NA
12/11/2016,16,570,NA
12/11/2016,19,568,NA
12/11/2016,22,566,575
12/12/2016,1,564,NA
12/12/2016,4,562,NA
12/12/2016,7,560,NA
12/12/2016,10,564,NA
12/12/2016,13,572,NA
12/12/2016,16,581,NA
12/12/2016,19,590,NA
12/12/2016,22,593,573
12/13/2016,1,588,NA
12/13/2016,4,580,NA
12/13/2016,7,574,NA
12/13/2016,10,570,NA
12/13/2016,13,569,NA
12/13/2016,16,572,NA
12/13/2016,19,577,NA
12/13/2016,22,580,576
12/14/2016,1,575,NA
12/14/2016,4,567,NA
12/14/2016,7,562,NA
12/14/2016,10,560,NA
12/14/2016,13,563,NA
12/14/2016,16,568,NA
12/14/2016,19,570,NA
12/14/2016,22,571,567
12/15/2016,1,569,NA
12/15/2016,4,567,NA
12/15/2016,7,566,NA
12/15/2016,10,569,NA
12/15/2016,13,573,NA
12/15/2016,16,578,NA
12/15/2016,19,582,NA
12/15/2016,22,583,573
12/16/2016,1,581,NA
12/16/2016,4,578,NA
12/16/2016,7,576,NA
12/16/2016,10,581,NA
12/16/2016,13,587,NA
12/16/2016,16,592,NA
12/16/2016,19,597,NA
12/16/2016,22,600,587
12/17/2016,1,598,NA
12/17/2016,4,596,NA
12/17/2016,7,594,NA
12/17/2016,10,596,NA
12/17/2016,13,599,NA
12/17/2016,16,602,NA
12/17/2016,19,605,NA
12/17/2016,22,607,600
12/18/2016,1,604,NA
12/18/2016,4,598,NA
12/18/2016,7,592,NA
12/18/2016,10,589,NA
12/18/2016,13,593,NA
12/18/2016,16,597,NA
12/18/2016,19,601,NA
12/18/2016,22,603,597
12/19/2016,1,594,NA
12/19/2016,4,581,NA
12/19/2016,7,570,NA
12/19/2016,10,565,NA
12/19/2016,13,562,NA
12/19/2016,16,567,NA
12/19/2016,19,571,NA
12/19/2016,22,574,573
12/20/2016,1,569,NA
12/20/2016,4,563,NA
12/20/2016,7,559,NA
12/20/2016,10,557,NA
12/20/2016,13,557,NA
12/20/2016,16,557,NA
12/20/2016,19,557,NA
12/20/2016,22,557,560
12/21/2016,1,561,NA
12/21/2016,4,567,NA
12/21/2016,7,565,NA
12/21/2016,10,569,NA
12/21/2016,13,575,NA
12/21/2016,16,583,NA
12/21/2016,19,596,NA
12/21/2016,22,607,578
12/22/2016,1,613,NA
12/22/2016,4,610,NA
12/22/2016,7,605,NA
12/22/2016,10,603,NA
12/22/2016,13,608,NA
12/22/2016,16,612,NA
12/22/2016,19,615,NA
12/22/2016,22,618,611
12/23/2016,1,616,NA
12/23/2016,4,613,NA
12/23/2016,7,610,NA
12/23/2016,10,609,NA
12/23/2016,13,609,NA
12/23/2016,16,611,NA
12/23/2016,19,613,NA
12/23/2016,22,615,612
12/24/2016,1,610,NA
12/24/2016,4,603,NA
12/24/2016,7,598,NA
12/24/2016,10,595,NA
12/24/2016,13,592,NA
12/24/2016,16,594,NA
12/24/2016,19,597,NA
12/24/2016,22,600,599
12/25/2016,1,596,NA
12/25/2016,4,591,NA
12/25/2016,7,586,NA
12/25/2016,10,583,NA
12/25/2016,13,580,NA
12/25/2016,16,580,NA
12/25/2016,19,580,NA
12/25/2016,22,580,585
12/26/2016,1,578,NA
12/26/2016,4,576,NA
12/26/2016,7,574,NA
12/26/2016,10,570,NA
12/26/2016,13,565,NA
12/26/2016,16,562,NA
12/26/2016,19,560,NA
12/26/2016,22,567,569
12/27/2016,1,571,NA
12/27/2016,4,564,NA
12/27/2016,7,556,NA
12/27/2016,10,553,NA
12/27/2016,13,551,NA
12/27/2016,16,551,NA
12/27/2016,19,554,NA
12/27/2016,22,556,557
12/28/2016,1,553,NA
12/28/2016,4,550,NA
12/28/2016,7,548,NA
12/28/2016,10,547,NA
12/28/2016,13,551,NA
12/28/2016,16,555,NA
12/28/2016,19,560,NA
12/28/2016,22,562,553
12/29/2016,1,559,NA
12/29/2016,4,554,NA
12/29/2016,7,551,NA
12/29/2016,10,551,NA
12/29/2016,13,551,NA
12/29/2016,16,556,NA
12/29/2016,19,562,NA
12/29/2016,22,565,556
12/30/2016,1,567,NA
12/30/2016,4,566,NA
12/30/2016,7,564,NA
12/30/2016,10,564,NA
12/30/2016,13,569,NA
12/30/2016,16,566,NA
12/30/2016,19,564,NA
12/30/2016,22,562,565
12/31/2016,1,559,NA
12/31/2016,4,557,NA
12/31/2016,7,556,NA
12/31/2016,10,553,NA
12/31/2016,13,555,NA
12/31/2016,16,558,NA
12/31/2016,19,560,NA
12/31/2016,22,562,558
1/1/2017,1,559,NA
1/1/2017,4,554,NA
1/1/2017,7,552,NA
1/1/2017,10,552,NA
1/1/2017,13,552,NA
1/1/2017,16,550,NA
1/1/2017,19,550,NA
1/1/2017,22,548,552
1/2/2017,1,546,NA
NA,4,545.5,NA
1/2/2017,7,545,NA
NA,10,544,NA
1/2/2017,13,543,NA
NA,16,544,NA
1/2/2017,19,545,545
NA,22,546.5,NA
1/3/2017,1,548,NA
NA,4,547,NA
1/3/2017,7,546,NA
NA,10,546,NA
1/3/2017,13,546,NA
NA,16,552,NA
1/3/2017,19,558,550
NA,22,559.5,NA
1/4/2017,1,561,NA
NA,4,559,NA
1/4/2017,7,557,NA
NA,10,554.5,NA
1/4/2017,13,552,NA
NA,16,557.5,NA
1/4/2017,19,563,558
NA,22,565.5,NA
1/5/2017,1,568,NA
NA,4,566,NA
1/5/2017,7,564,NA
NA,10,564.5,NA
1/5/2017,13,565,NA
NA,16,565.5,NA
1/5/2017,19,566,566
NA,22,564.5,NA
1/6/2017,1,563,NA
NA,4,561.5,NA
1/6/2017,7,560,NA
NA,10,560,NA
1/6/2017,13,560,NA
NA,16,561,NA
1/6/2017,19,562,561
NA,22,559.5,NA
1/7/2017,1,557,NA
1/7/2017,4,554,NA
1/7/2017,7,551,NA
1/7/2017,10,553,NA
1/7/2017,13,555,NA
1/7/2017,16,557,NA
1/7/2017,19,560,NA
1/7/2017,22,566,557
1/8/2017,1,571,NA
1/8/2017,4,586.6666667,NA
1/8/2017,7,613.3333333,NA
1/8/2017,10,638,NA
1/8/2017,13,668.3333333,NA
1/8/2017,16,697.3333333,NA
1/8/2017,19,726.6666667,NA
1/8/2017,22,751,NA
1/9/2017,1,764,NA
1/9/2017,4,779.5,NA
1/9/2017,7,803,NA
1/9/2017,10,811.5,NA
1/9/2017,13,818,NA
1/9/2017,16,825.5,NA
1/9/2017,19,829,NA
1/9/2017,22,832.5,NA
1/10/2017,1,835,NA
1/10/2017,4,835,NA
1/10/2017,7,835,NA
1/10/2017,10,835,NA
1/10/2017,13,835,NA
1/10/2017,16,836,NA
1/10/2017,19,838,NA
1/10/2017,22,841,836
1/11/2017,1,841,NA
1/11/2017,4,841,NA
1/11/2017,7,841,NA
1/11/2017,10,839,NA
1/11/2017,13,836,NA
1/11/2017,16,841,NA
1/11/2017,19,847,NA
1/11/2017,22,857,843
1/12/2017,1,869,NA
1/12/2017,4,878,NA
1/12/2017,7,884,NA
1/12/2017,10,895,NA
1/12/2017,13,907,NA
1/12/2017,16,916,NA
1/12/2017,19,927,NA
1/12/2017,22,935,901
1/13/2017,1,942,NA
1/13/2017,4,948,NA
1/13/2017,7,953,NA
1/13/2017,10,958,NA
1/13/2017,13,955,NA
1/13/2017,16,946,NA
1/13/2017,19,934,NA
1/13/2017,22,927,945
1/14/2017,1,914,NA
1/14/2017,4,901,NA
1/14/2017,7,891,NA
1/14/2017,10,872.5,NA
1/14/2017,13,858,NA
1/14/2017,16,844,NA
1/14/2017,19,823,NA
1/14/2017,22,805,NA
1/15/2017,1,787,NA
1/15/2017,4,766.5,NA
1/15/2017,7,746,NA
1/15/2017,10,724.5,NA
1/15/2017,13,703,NA
1/15/2017,16,682.5,NA
1/15/2017,19,662,NA
1/15/2017,22,651,NA
1/16/2017,1,640,NA
1/16/2017,4,634,NA
1/16/2017,7,629,NA
1/16/2017,10,622,NA
1/16/2017,13,614,NA
1/16/2017,16,609,NA
1/16/2017,19,606,NA
1/16/2017,22,602,620
1/17/2017,1,596,NA
1/17/2017,4,584,NA
1/17/2017,7,575,NA
1/17/2017,10,578,NA
1/17/2017,13,586,NA
1/17/2017,16,598,NA
1/17/2017,19,613,NA
1/17/2017,22,616,593
1/18/2017,1,614,NA
1/18/2017,4,609,NA
1/18/2017,7,603,NA
1/18/2017,10,592,NA
1/18/2017,13,578,NA
1/18/2017,16,575,NA
1/18/2017,19,573,NA
1/18/2017,22,568,589
1/19/2017,1,565,NA
1/19/2017,4,563,NA
1/19/2017,7,559,NA
1/19/2017,10,562,NA
1/19/2017,13,567,NA
1/19/2017,16,571,NA
1/19/2017,19,575,NA
1/19/2017,22,578,568
1/20/2017,1,576,NA
1/20/2017,4,570,NA
1/20/2017,7,563,NA
1/20/2017,10,567,NA
1/20/2017,13,574,NA
1/20/2017,16,583,NA
1/20/2017,19,590,NA
1/20/2017,22,600,578
1/21/2017,1,611,NA
1/21/2017,4,620,NA
1/21/2017,7,629,NA
1/21/2017,10,649,NA
1/21/2017,13,670,NA
1/21/2017,16,692,NA
1/21/2017,19,713,NA
1/21/2017,22,733.5,NA
1/22/2017,1,753,NA
1/22/2017,4,777.5,NA
1/22/2017,7,798,NA
1/22/2017,10,806.5,NA
1/22/2017,13,813,NA
1/22/2017,16,816,NA
1/22/2017,19,817,NA
1/22/2017,22,817.5,NA
1/23/2017,1,820,NA
1/23/2017,4,822,NA
1/23/2017,7,823,NA
1/23/2017,10,823,NA
1/23/2017,13,823,NA
1/23/2017,16,823,NA
1/23/2017,19,823,NA
1/23/2017,22,823,823
1/24/2017,1,825,NA
1/24/2017,4,828,NA
1/24/2017,7,832,NA
1/24/2017,10,833,NA
1/24/2017,13,837,NA
1/24/2017,16,840,NA
1/24/2017,19,842,NA
1/24/2017,22,844,835
1/25/2017,1,847,NA
1/25/2017,4,849,NA
1/25/2017,7,851,NA
1/25/2017,10,853,NA
1/25/2017,13,850,NA
1/25/2017,16,848,NA
1/25/2017,19,845,NA
1/25/2017,22,840,848
1/26/2017,1,834,NA
1/26/2017,4,828.5,NA
1/26/2017,7,824,NA
1/26/2017,10,813,NA
1/26/2017,13,797,NA
1/26/2017,16,777.5,NA
1/26/2017,19,753,NA
1/26/2017,22,728.5,NA
1/27/2017,1,702,NA
1/27/2017,4,674,NA
1/27/2017,7,646,NA
1/27/2017,10,628,NA
1/27/2017,13,610,NA
1/27/2017,16,592.5,NA
1/27/2017,19,577,NA
1/27/2017,22,565.5,NA
1/28/2017,1,559,NA
1/28/2017,4,555,NA
1/28/2017,7,552,NA
1/28/2017,10,548,NA
1/28/2017,13,545,NA
1/28/2017,16,542,NA
1/28/2017,19,538,NA
1/28/2017,22,535,547
1/29/2017,1,532,NA
NA,4,531,NA
1/29/2017,7,530,NA
NA,10,529,NA
1/29/2017,13,528,NA
NA,16,526.5,NA
1/29/2017,19,525,529
NA,22,524,NA
1/30/2017,1,523,NA
NA,4,521.5,NA
1/30/2017,7,520,NA
NA,10,520,NA
1/30/2017,13,520,NA
NA,16,522,NA
1/30/2017,19,524,522
NA,22,523,NA
1/31/2017,1,522,NA
NA,4,520.5,NA
1/31/2017,7,519,NA
NA,10,518,NA
1/31/2017,13,517,NA
NA,16,516.5,NA
1/31/2017,19,516,519
NA,22,516,NA
2/1/2017,1,516,NA
NA,4,516,NA
2/1/2017,7,516,NA
NA,10,515,NA
2/1/2017,13,514,NA
NA,16,513.5,NA
2/1/2017,19,513,515
NA,22,513,NA
2/2/2017,1,513,NA
NA,4,513,NA
2/2/2017,7,513,NA
NA,10,515,NA
2/2/2017,13,517,NA
NA,16,518.5,NA
2/2/2017,19,520,516
NA,22,521,NA
2/3/2017,1,522,NA
NA,4,523,NA
2/3/2017,7,524,NA
NA,10,525,NA
2/3/2017,13,526,NA
NA,16,526,NA
2/3/2017,19,526,525
NA,22,533.5,NA
2/4/2017,1,541,NA
2/4/2017,4,562,NA
2/4/2017,7,580,NA
2/4/2017,10,600.5,NA
2/4/2017,13,622,NA
2/4/2017,16,646,NA
2/4/2017,19,681,NA
2/4/2017,22,711.5,NA
2/5/2017,1,736,NA
2/5/2017,4,755.5,NA
2/5/2017,7,770,NA
2/5/2017,10,786.5,NA
2/5/2017,13,796,NA
2/5/2017,16,802.5,NA
2/5/2017,19,808,NA
2/5/2017,22,813.5,NA
2/6/2017,1,818,NA
2/6/2017,4,821,NA
2/6/2017,7,824,NA
2/6/2017,10,827,NA
2/6/2017,13,830,NA
2/6/2017,16,834,NA
2/6/2017,19,837,NA
2/6/2017,22,839,829
2/7/2017,1,840,NA
2/7/2017,4,841,NA
2/7/2017,7,841,NA
2/7/2017,10,843,NA
2/7/2017,13,845,NA
2/7/2017,16,842,NA
2/7/2017,19,838,NA
2/7/2017,22,836,841
2/8/2017,1,836,NA
NA,4,836,NA
2/8/2017,7,836,NA
NA,10,834,NA
2/8/2017,13,832,NA
NA,16,829.5,NA
2/8/2017,19,827,833
NA,22,823,NA
2/9/2017,1,819,NA
NA,4,815.5,NA
2/9/2017,7,812,NA
NA,10,810.5,NA
2/9/2017,13,809,NA
NA,16,808,NA
2/9/2017,19,807,812
NA,22,804.5,NA
2/10/2017,1,802,NA
2/10/2017,4,796,NA
2/10/2017,7,789,NA
2/10/2017,10,793,NA
2/10/2017,13,800,NA
2/10/2017,16,807,NA
2/10/2017,19,813,NA
2/10/2017,22,818,802
2/11/2017,1,825,NA
2/11/2017,4,830,NA
2/11/2017,7,833,NA
2/11/2017,10,838,NA
2/11/2017,13,843,NA
2/11/2017,16,848,NA
2/11/2017,19,839,NA
2/11/2017,22,825,835
2/12/2017,1,806,NA
2/12/2017,4,785,NA
2/12/2017,7,766,NA
2/12/2017,10,744,NA
2/12/2017,13,720,NA
2/12/2017,16,698,NA
2/12/2017,19,676,NA
2/12/2017,22,657,732
2/13/2017,1,643,NA
2/13/2017,4,634,NA
2/13/2017,7,626,NA
2/13/2017,10,619,NA
2/13/2017,13,614,NA
2/13/2017,16,606,NA
2/13/2017,19,597,NA
2/13/2017,22,585,616
2/14/2017,1,577,NA
2/14/2017,4,571,NA
2/14/2017,7,561,NA
2/14/2017,10,554,NA
2/14/2017,13,549,NA
2/14/2017,16,545,NA
2/14/2017,19,545,NA
2/14/2017,22,545,556
2/15/2017,1,543,NA
NA,4,541,NA
2/15/2017,7,539,NA
NA,10,538,NA
2/15/2017,13,537,NA
NA,16,545.5,NA
2/15/2017,19,554,543
NA,22,556.5,NA
2/16/2017,1,559,NA
2/16/2017,4,552,NA
2/16/2017,7,543,NA
2/16/2017,10,540,NA
2/16/2017,13,546,NA
2/16/2017,16,550,NA
2/16/2017,19,552,NA
2/16/2017,22,555,550
2/17/2017,1,555,NA
NA,4,555,NA
2/17/2017,7,555,NA
NA,10,558.5,NA
2/17/2017,13,562,NA
NA,16,566.5,NA
2/17/2017,19,571,561
NA,22,574,NA
2/18/2017,1,577,NA
2/18/2017,4,569,NA
2/18/2017,7,560,NA
2/18/2017,10,557,NA
2/18/2017,13,562,NA
2/18/2017,16,564,NA
2/18/2017,19,568,NA
2/18/2017,22,572,566
2/19/2017,1,570,NA
2/19/2017,4,563,NA
2/19/2017,7,556,NA
2/19/2017,10,552,NA
2/19/2017,13,550,NA
2/19/2017,16,555,NA
2/19/2017,19,558,NA
2/19/2017,22,553,557
2/20/2017,1,547,NA
NA,4,543.5,NA
2/20/2017,7,540,NA
NA,10,536,NA
2/20/2017,13,532,NA
NA,16,534,NA
2/20/2017,19,536,539
NA,22,537,NA
2/21/2017,1,538,NA
2/21/2017,4,531,NA
2/21/2017,7,520,NA
2/21/2017,10,518,NA
2/21/2017,13,517,NA
2/21/2017,16,519,NA
2/21/2017,19,521,NA
2/21/2017,22,525,524
2/22/2017,1,526,NA
NA,4,526.5,NA
2/22/2017,7,527,NA
NA,10,529.5,NA
2/22/2017,13,532,NA
NA,16,535.5,NA
2/22/2017,19,539,531
NA,22,545,NA
2/23/2017,1,551,NA
2/23/2017,4,569,NA
2/23/2017,7,582,NA
2/23/2017,10,585,NA
2/23/2017,13,587,NA
2/23/2017,16,598,NA
2/23/2017,19,614,NA
2/23/2017,22,619,588
2/24/2017,1,605,NA
2/24/2017,4,589,NA
2/24/2017,7,576,NA
2/24/2017,10,569,NA
2/24/2017,13,565,NA
2/24/2017,16,567,NA
2/24/2017,19,570,NA
2/24/2017,22,568,576
2/25/2017,1,565,NA
2/25/2017,4,563,NA
2/25/2017,7,560,NA
2/25/2017,10,558,NA
2/25/2017,13,562,NA
2/25/2017,16,567,NA
2/25/2017,19,573,NA
2/25/2017,22,575,565
2/26/2017,1,578,NA
2/26/2017,4,576,NA
2/26/2017,7,571,NA
2/26/2017,10,567,NA
2/26/2017,13,564,NA
2/26/2017,16,562,NA
2/26/2017,19,560,NA
2/26/2017,22,557,567
2/27/2017,1,550,NA
2/27/2017,4,540,NA
2/27/2017,7,532,NA
2/27/2017,10,527,NA
2/27/2017,13,523,NA
2/27/2017,16,531,NA
2/27/2017,19,535,NA
2/27/2017,22,537,534
2/28/2017,1,532,NA
NA,4,529,NA
2/28/2017,7,526,NA
NA,10,523.5,NA
2/28/2017,13,521,NA
NA,16,531.5,NA
2/28/2017,19,542,530
NA,22,549.5,NA
3/1/2017,1,557,NA
3/1/2017,4,568,NA
3/1/2017,7,570,NA
3/1/2017,10,567,NA
3/1/2017,13,575,NA
3/1/2017,16,587,NA
3/1/2017,19,603,NA
3/1/2017,22,606,579
3/2/2017,1,602,NA
3/2/2017,4,595,NA
3/2/2017,7,586,NA
3/2/2017,10,578,NA
3/2/2017,13,573,NA
3/2/2017,16,569,NA
3/2/2017,19,566,NA
3/2/2017,22,561,579
3/3/2017,1,558,NA
3/3/2017,4,552,NA
3/3/2017,7,545,NA
3/3/2017,10,541,NA
3/3/2017,13,536,NA
3/3/2017,16,532,NA
3/3/2017,19,541,NA
3/3/2017,22,546,544
3/4/2017,1,543,NA
3/4/2017,4,542,NA
3/4/2017,7,541,NA
3/4/2017,10,529,NA
3/4/2017,13,523,NA
3/4/2017,16,531,NA
3/4/2017,19,536,NA
3/4/2017,22,549,537
3/5/2017,1,558,NA
3/5/2017,4,548,NA
3/5/2017,7,542,NA
3/5/2017,10,526,NA
3/5/2017,13,519,NA
3/5/2017,16,521,NA
3/5/2017,19,523,NA
3/5/2017,22,530,533
3/6/2017,1,539,NA
3/6/2017,4,524,NA
3/6/2017,7,511,NA
3/6/2017,10,501,NA
3/6/2017,13,505,NA
3/6/2017,16,521,NA
3/6/2017,19,534,NA
3/6/2017,22,539,522
3/7/2017,1,542,NA
NA,4,544,NA
3/7/2017,7,546,NA
NA,10,545,NA
3/7/2017,13,544,NA
NA,16,542.5,NA
3/7/2017,19,541,543
NA,22,543,NA
3/8/2017,1,545,NA
3/8/2017,4,548,NA
3/8/2017,7,555,NA
3/8/2017,10,551,NA
3/8/2017,13,544,NA
3/8/2017,16,550,NA
3/8/2017,19,559,NA
3/8/2017,22,567,552
3/9/2017,1,573,NA
3/9/2017,4,569,NA
3/9/2017,7,561,NA
3/9/2017,10,559,NA
3/9/2017,13,559,NA
3/9/2017,16,559,NA
3/9/2017,19,559,NA
3/9/2017,22,557,562
3/10/2017,1,554,NA
NA,4,553,NA
3/10/2017,7,552,NA
NA,10,558,NA
3/10/2017,13,564,NA
NA,16,571,NA
3/10/2017,19,578,562
NA,22,577,NA
3/11/2017,1,576,NA
NA,4,574.5,NA
3/11/2017,7,573,NA
NA,10,575.5,NA
3/11/2017,13,578,NA
NA,16,581,NA
3/11/2017,19,584,578
NA,22,580.5,NA
3/12/2017,1,577,NA
NA,4,573,NA
3/12/2017,7,569,NA
NA,10,565.5,NA
3/12/2017,13,562,NA
NA,16,558.5,NA
3/12/2017,19,555,566
NA,22,555,NA
3/13/2017,1,555,NA
NA,4,554.5,NA
3/13/2017,7,554,NA
NA,10,557,NA
3/13/2017,13,560,NA
NA,16,566.5,NA
3/13/2017,19,573,561
NA,22,580,NA
3/14/2017,1,587,NA
3/14/2017,4,589,NA
3/14/2017,7,571,NA
3/14/2017,10,565,NA
3/14/2017,13,560,NA
3/14/2017,16,557,NA
3/14/2017,19,553,NA
3/14/2017,22,551,567
3/15/2017,1,549,NA
3/15/2017,4,547,NA
3/15/2017,7,546,NA
3/15/2017,10,544,NA
3/15/2017,13,542,NA
3/15/2017,16,541,NA
3/15/2017,19,539,NA
3/15/2017,22,538,543
3/16/2017,1,543,NA
3/16/2017,4,546,NA
3/16/2017,7,548,NA
3/16/2017,10,548,NA
3/16/2017,13,550,NA
3/16/2017,16,553,NA
3/16/2017,19,555,NA
3/16/2017,22,551,549
3/17/2017,1,549,NA
NA,4,547.5,NA
3/17/2017,7,546,NA
NA,10,542.5,NA
3/17/2017,13,539,NA
NA,16,540,NA
3/17/2017,19,541,544
NA,22,546.5,NA
3/18/2017,1,552,NA
3/18/2017,4,545,NA
3/18/2017,7,540,NA
3/18/2017,10,533,NA
3/18/2017,13,538,NA
3/18/2017,16,545,NA
3/18/2017,19,553,NA
3/18/2017,22,556,545
3/19/2017,1,550,NA
3/19/2017,4,542,NA
3/19/2017,7,535,NA
3/19/2017,10,532,NA
3/19/2017,13,528,NA
3/19/2017,16,531,NA
3/19/2017,19,535,NA
3/19/2017,22,540,537
3/20/2017,1,538,NA
3/20/2017,4,536,NA
3/20/2017,7,532,NA
3/20/2017,10,530,NA
3/20/2017,13,542,NA
3/20/2017,16,563,NA
3/20/2017,19,587,NA
3/20/2017,22,595,553
3/21/2017,1,598,NA
3/21/2017,4,592,NA
3/21/2017,7,581,NA
3/21/2017,10,572,NA
3/21/2017,13,567,NA
3/21/2017,16,574,NA
3/21/2017,19,578,NA
3/21/2017,22,576,580
3/22/2017,1,572,NA
3/22/2017,4,569,NA
3/22/2017,7,564,NA
3/22/2017,10,556,NA
3/22/2017,13,561,NA
3/22/2017,16,570,NA
3/22/2017,19,580,NA
3/22/2017,22,581,569
3/23/2017,1,583,NA
3/23/2017,4,584,NA
3/23/2017,7,585,NA
3/23/2017,10,594,NA
3/23/2017,13,605,NA
3/23/2017,16,619,NA
3/23/2017,19,629,NA
3/23/2017,22,630,604
3/24/2017,1,631,NA
3/24/2017,4,618,NA
3/24/2017,7,608,NA
3/24/2017,10,604,NA
3/24/2017,13,602,NA
3/24/2017,16,605,NA
3/24/2017,19,610,NA
3/24/2017,22,613,611
3/25/2017,1,609,NA
3/25/2017,4,601,NA
3/25/2017,7,594,NA
3/25/2017,10,590,NA
3/25/2017,13,587,NA
3/25/2017,16,585,NA
3/25/2017,19,582,NA
3/25/2017,22,580,591
3/26/2017,1,577,NA
3/26/2017,4,574,NA
3/26/2017,7,571,NA
3/26/2017,10,567,NA
3/26/2017,13,565,NA
3/26/2017,16,563,NA
3/26/2017,19,562,NA
3/26/2017,22,560,567
3/27/2017,1,559,NA
3/27/2017,4,558,NA
3/27/2017,7,558,NA
3/27/2017,10,551,NA
3/27/2017,13,547,NA
3/27/2017,16,556,NA
3/27/2017,19,568,NA
3/27/2017,22,573,559
3/28/2017,1,576,NA
3/28/2017,4,567,NA
3/28/2017,7,554,NA
3/28/2017,10,551,NA
3/28/2017,13,553,NA
3/28/2017,16,556,NA
3/28/2017,19,559,NA
3/28/2017,22,561,560
3/29/2017,1,564,NA
3/29/2017,4,566,NA
3/29/2017,7,568,NA
3/29/2017,10,561,NA
3/29/2017,13,552,NA
3/29/2017,16,570,NA
3/29/2017,19,578,NA
3/29/2017,22,588,568
3/30/2017,1,582,NA
3/30/2017,4,577,NA
3/30/2017,7,575,NA
3/30/2017,10,572,NA
3/30/2017,13,576,NA
3/30/2017,16,582,NA
3/30/2017,19,587,NA
3/30/2017,22,590,580
3/31/2017,1,588,NA
3/31/2017,4,584,NA
3/31/2017,7,580,NA
3/31/2017,10,578,NA
3/31/2017,13,581,NA
3/31/2017,16,583,NA
3/31/2017,19,586,NA
3/31/2017,22,589,584
4/1/2017,1,594,NA
4/1/2017,4,590,NA
4/1/2017,7,587,NA
4/1/2017,10,593,NA
4/1/2017,13,601,NA
4/1/2017,16,610,NA
4/1/2017,19,621,NA
4/1/2017,22,626,603
4/2/2017,1,622,NA
4/2/2017,4,617,NA
4/2/2017,7,612,NA
4/2/2017,10,609,NA
4/2/2017,13,612,NA
4/2/2017,16,613,NA
4/2/2017,19,610,NA
4/2/2017,22,607,613
4/3/2017,1,604,NA
4/3/2017,4,599,NA
4/3/2017,7,595,NA
4/3/2017,10,588,NA
4/3/2017,13,583,NA
4/3/2017,16,581,NA
4/3/2017,19,586,NA
4/3/2017,22,592,591
4/4/2017,1,589,NA
4/4/2017,4,585,NA
4/4/2017,7,580,NA
4/4/2017,10,577,NA
4/4/2017,13,575,NA
4/4/2017,16,578,NA
4/4/2017,19,583,NA
4/4/2017,22,586,582
4/5/2017,1,582,NA
NA,4,579,NA
4/5/2017,7,576,NA
NA,10,574.5,NA
4/5/2017,13,573,NA
NA,16,575.5,NA
4/5/2017,19,578,577
NA,22,583,NA
4/6/2017,1,588,NA
4/6/2017,4,578,NA
4/6/2017,7,573,NA
4/6/2017,10,570,NA
4/6/2017,13,568,NA
4/6/2017,16,572,NA
4/6/2017,19,575,NA
4/6/2017,22,577,575
4/7/2017,1,574,NA
4/7/2017,4,566,NA
4/7/2017,7,560,NA
4/7/2017,10,569,NA
4/7/2017,13,575,NA
4/7/2017,16,586,NA
4/7/2017,19,599,NA
4/7/2017,22,614,580
4/8/2017,1,624,NA
4/8/2017,4,626,NA
4/8/2017,7,631,NA
4/8/2017,10,615,NA
4/8/2017,13,629,NA
4/8/2017,16,645,NA
4/8/2017,19,657,NA
4/8/2017,22,660,636
4/9/2017,1,652,NA
4/9/2017,4,636,NA
4/9/2017,7,623,NA
4/9/2017,10,618,NA
4/9/2017,13,632,NA
4/9/2017,16,643,NA
4/9/2017,19,652,NA
4/9/2017,22,659,639
4/10/2017,1,663,NA
4/10/2017,4,656,NA
4/10/2017,7,645,NA
4/10/2017,10,629,NA
4/10/2017,13,621,NA
4/10/2017,16,625,NA
4/10/2017,19,631,NA
4/10/2017,22,639,639
4/11/2017,1,636,NA
4/11/2017,4,629,NA
4/11/2017,7,612,NA
4/11/2017,10,608,NA
4/11/2017,13,620,NA
4/11/2017,16,635,NA
4/11/2017,19,646,NA
4/11/2017,22,650,630
4/12/2017,1,652,NA
4/12/2017,4,648,NA
4/12/2017,7,639,NA
4/12/2017,10,647,NA
4/12/2017,13,653,NA
4/12/2017,16,657,NA
4/12/2017,19,660,NA
4/12/2017,22,655,651
4/13/2017,1,640,NA
4/13/2017,4,630,NA
4/13/2017,7,622,NA
4/13/2017,10,629,NA
4/13/2017,13,637,NA
4/13/2017,16,643,NA
4/13/2017,19,648,NA
4/13/2017,22,650,637
4/14/2017,1,647,NA
4/14/2017,4,641,NA
4/14/2017,7,637,NA
4/14/2017,10,645,NA
4/14/2017,13,666,NA
4/14/2017,16,681,NA
4/14/2017,19,692,NA
4/14/2017,22,690,662
4/15/2017,1,686,NA
4/15/2017,4,677,NA
4/15/2017,7,671,NA
4/15/2017,10,667,NA
4/15/2017,13,664,NA
4/15/2017,16,662,NA
4/15/2017,19,660,NA
4/15/2017,22,651,667
4/16/2017,1,637,NA
4/16/2017,4,626,NA
4/16/2017,7,620,NA
4/16/2017,10,617,NA
4/16/2017,13,623,NA
4/16/2017,16,633,NA
4/16/2017,19,649,NA
4/16/2017,22,645,631
4/17/2017,1,625,NA
4/17/2017,4,609,NA
4/17/2017,7,595,NA
4/17/2017,10,583,NA
4/17/2017,13,578,NA
4/17/2017,16,589,NA
4/17/2017,19,604,NA
4/17/2017,22,621,601
4/18/2017,1,641,NA
4/18/2017,4,663.3333333,NA
4/18/2017,7,705.6666667,NA
4/18/2017,10,745.3333333,NA
4/18/2017,13,761,NA
4/18/2017,16,772,NA
4/18/2017,19,774,NA
4/18/2017,22,760,NA
4/19/2017,1,745,NA
4/19/2017,4,739.5,NA
4/19/2017,7,736,NA
4/19/2017,10,731,NA
4/19/2017,13,729,NA
4/19/2017,16,724.5,NA
4/19/2017,19,721,NA
4/19/2017,22,716.5,NA
4/20/2017,1,712,NA
4/20/2017,4,710,NA
4/20/2017,7,708,NA
4/20/2017,10,703,NA
4/20/2017,13,707,NA
4/20/2017,16,713,NA
4/20/2017,19,720,NA
4/20/2017,22,722,712
4/21/2017,1,719,NA
4/21/2017,4,717,NA
4/21/2017,7,715,NA
4/21/2017,10,730,NA
4/21/2017,13,741,NA
4/21/2017,16,740,NA
4/21/2017,19,738,NA
4/21/2017,22,729,729
4/22/2017,1,722,NA
4/22/2017,4,715,NA
4/22/2017,7,710,NA
4/22/2017,10,714,NA
4/22/2017,13,718,NA
4/22/2017,16,715,NA
4/22/2017,19,711,NA
4/22/2017,22,702,713
4/23/2017,1,691,NA
4/23/2017,4,679,NA
4/23/2017,7,673,NA
4/23/2017,10,670,NA
4/23/2017,13,674,NA
4/23/2017,16,679,NA
4/23/2017,19,673,NA
4/23/2017,22,662,675
4/24/2017,1,652,NA
4/24/2017,4,643,NA
4/24/2017,7,635,NA
4/24/2017,10,633,NA
4/24/2017,13,644,NA
4/24/2017,16,657,NA
4/24/2017,19,665,NA
4/24/2017,22,668,650
4/25/2017,1,664,NA
4/25/2017,4,658,NA
4/25/2017,7,651,NA
4/25/2017,10,659,NA
4/25/2017,13,671,NA
4/25/2017,16,682,NA
4/25/2017,19,697,NA
4/25/2017,22,705,673
4/26/2017,1,701,NA
4/26/2017,4,693,NA
4/26/2017,7,687,NA
4/26/2017,10,694,NA
4/26/2017,13,703,NA
4/26/2017,16,709,NA
4/26/2017,19,716,NA
4/26/2017,22,719,703
4/27/2017,1,713,NA
4/27/2017,4,710,NA
4/27/2017,7,702,NA
4/27/2017,10,718,NA
4/27/2017,13,729,NA
4/27/2017,16,734,NA
4/27/2017,19,736,NA
4/27/2017,22,730,722
4/28/2017,1,722,NA
4/28/2017,4,716,NA
4/28/2017,7,713,NA
4/28/2017,10,722,NA
4/28/2017,13,736,NA
4/28/2017,16,747,NA
4/28/2017,19,755,NA
4/28/2017,22,752,733
4/29/2017,1,744,NA
4/29/2017,4,739,NA
4/29/2017,7,735,NA
4/29/2017,10,734,NA
4/29/2017,13,733,NA
4/29/2017,16,732,NA
4/29/2017,19,732,NA
4/29/2017,22,729,735
4/30/2017,1,725,NA
4/30/2017,4,720,NA
4/30/2017,7,715,NA
4/30/2017,10,705,NA
4/30/2017,13,693,NA
4/30/2017,16,683,NA
4/30/2017,19,674,NA
4/30/2017,22,665,698
5/1/2017,1,655,NA
5/1/2017,4,648,NA
5/1/2017,7,643,NA
5/1/2017,10,642,NA
5/1/2017,13,642,NA
5/1/2017,16,645,NA
5/1/2017,19,648,NA
5/1/2017,22,644,646
5/2/2017,1,638,NA
5/2/2017,4,630,NA
5/2/2017,7,625,NA
5/2/2017,10,617,NA
5/2/2017,13,605,NA
5/2/2017,16,603,NA
5/2/2017,19,601,NA
5/2/2017,22,609,616
5/3/2017,1,615,NA
5/3/2017,4,624,NA
5/3/2017,7,636,NA
5/3/2017,10,655,NA
5/3/2017,13,675,NA
5/3/2017,16,700,NA
5/3/2017,19,726,NA
5/3/2017,22,730,670
5/4/2017,1,733,NA
5/4/2017,4,736,NA
5/4/2017,7,740,NA
5/4/2017,10,747,NA
5/4/2017,13,752,NA
5/4/2017,16,761,NA
5/4/2017,19,747,NA
5/4/2017,22,734,744
5/5/2017,1,728,NA
5/5/2017,4,732,NA
5/5/2017,7,732,NA
5/5/2017,10,736,NA
5/5/2017,13,743,NA
5/5/2017,16,741,NA
5/5/2017,19,738,NA
5/5/2017,22,727,735
5/6/2017,1,722,NA
5/6/2017,4,715,NA
5/6/2017,7,704,NA
5/6/2017,10,709,NA
5/6/2017,13,717,NA
5/6/2017,16,731,NA
5/6/2017,19,725,NA
5/6/2017,22,713,717
5/7/2017,1,703,NA
5/7/2017,4,684,NA
5/7/2017,7,667,NA
5/7/2017,10,662,NA
5/7/2017,13,657,NA
5/7/2017,16,665,NA
5/7/2017,19,676,NA
5/7/2017,22,672,673
5/8/2017,1,666,NA
5/8/2017,4,661,NA
5/8/2017,7,654,NA
5/8/2017,10,649,NA
5/8/2017,13,645,NA
5/8/2017,16,656,NA
5/8/2017,19,662,NA
5/8/2017,22,662,657
5/9/2017,1,660,NA
5/9/2017,4,658,NA
5/9/2017,7,656,NA
5/9/2017,10,666,NA
5/9/2017,13,684,NA
5/9/2017,16,695,NA
5/9/2017,19,699,NA
5/9/2017,22,696,677
5/10/2017,1,690,NA
5/10/2017,4,685,NA
5/10/2017,7,679,NA
5/10/2017,10,690,NA
5/10/2017,13,708,NA
5/10/2017,16,717,NA
5/10/2017,19,722,NA
5/10/2017,22,718,701
5/11/2017,1,711,NA
5/11/2017,4,701,NA
5/11/2017,7,694,NA
5/11/2017,10,703,NA
5/11/2017,13,714,NA
5/11/2017,16,723,NA
5/11/2017,19,732,NA
5/11/2017,22,728,713
5/12/2017,1,720,NA
5/12/2017,4,713,NA
5/12/2017,7,707,NA
5/12/2017,10,712,NA
5/12/2017,13,721,NA
5/12/2017,16,725,NA
5/12/2017,19,727,NA
5/12/2017,22,718,718
5/13/2017,1,705,NA
5/13/2017,4,700,NA
5/13/2017,7,696,NA
5/13/2017,10,701,NA
5/13/2017,13,709,NA
5/13/2017,16,712,NA
5/13/2017,19,715,NA
5/13/2017,22,704,705
5/14/2017,1,695,NA
5/14/2017,4,688,NA
5/14/2017,7,682,NA
5/14/2017,10,686,NA
5/14/2017,13,692,NA
5/14/2017,16,696,NA
5/14/2017,19,698,NA
5/14/2017,22,693,691
5/15/2017,1,684,NA
5/15/2017,4,669,NA
5/15/2017,7,656,NA
5/15/2017,10,653,NA
5/15/2017,13,650,NA
5/15/2017,16,658,NA
5/15/2017,19,672,NA
5/15/2017,22,689,666
5/16/2017,1,708,NA
5/16/2017,4,730,NA
5/16/2017,7,747,NA
5/16/2017,10,765,NA
5/16/2017,13,765,NA
5/16/2017,16,755.5,NA
5/16/2017,19,747,NA
5/16/2017,22,729,NA
5/17/2017,1,714,NA
5/17/2017,4,707,NA
5/17/2017,7,700,NA
5/17/2017,10,702,NA
5/17/2017,13,706,NA
5/17/2017,16,708,NA
5/17/2017,19,708,NA
5/17/2017,22,703,706
5/18/2017,1,694,NA
5/18/2017,4,683,NA
5/18/2017,7,674,NA
5/18/2017,10,674,NA
5/18/2017,13,674,NA
5/18/2017,16,674,NA
5/18/2017,19,674,NA
5/18/2017,22,671,677
5/19/2017,1,664,NA
5/19/2017,4,662,NA
5/19/2017,7,662,NA
5/19/2017,10,670,NA
5/19/2017,13,682,NA
5/19/2017,16,690,NA
5/19/2017,19,684,NA
5/19/2017,22,680,674
5/20/2017,1,675,NA
5/20/2017,4,675,NA
5/20/2017,7,675,NA
5/20/2017,10,680,NA
5/20/2017,13,687,NA
5/20/2017,16,691,NA
5/20/2017,19,694,NA
5/20/2017,22,692,684
5/21/2017,1,688,NA
5/21/2017,4,692,NA
5/21/2017,7,698,NA
5/21/2017,10,705,NA
5/21/2017,13,709,NA
5/21/2017,16,713,NA
5/21/2017,19,718,NA
5/21/2017,22,711,704
5/22/2017,1,703,NA
5/22/2017,4,695,NA
5/22/2017,7,688,NA
5/22/2017,10,688,NA
5/22/2017,13,688,NA
5/22/2017,16,691,NA
5/22/2017,19,696,NA
5/22/2017,22,698,693
5/23/2017,1,702,NA
5/23/2017,4,710,NA
5/23/2017,7,717,NA
5/23/2017,10,723,NA
5/23/2017,13,726,NA
5/23/2017,16,736,NA
5/23/2017,19,746,NA
5/23/2017,22,752,727
5/24/2017,1,750,NA
5/24/2017,4,761,NA
5/24/2017,7,782,NA
5/24/2017,10,793.5,NA
5/24/2017,13,805,NA
5/24/2017,16,802,NA
5/24/2017,19,799,NA
5/24/2017,22,799,NA
5/25/2017,1,799,NA
5/25/2017,4,795,NA
5/25/2017,7,790,NA
5/25/2017,10,788,NA
5/25/2017,13,786,NA
5/25/2017,16,782,NA
5/25/2017,19,777,NA
5/25/2017,22,768,786
5/26/2017,1,759,NA
5/26/2017,4,748,NA
5/26/2017,7,742,NA
5/26/2017,10,737,NA
5/26/2017,13,733,NA
5/26/2017,16,730,NA
5/26/2017,19,730,NA
5/26/2017,22,730,739
5/27/2017,1,730,NA
5/27/2017,4,730,NA
5/27/2017,7,730,NA
5/27/2017,10,734,NA
5/27/2017,13,742,NA
5/27/2017,16,742,NA
5/27/2017,19,742,NA
5/27/2017,22,742,737
5/28/2017,1,742,NA
5/28/2017,4,738,NA
5/28/2017,7,730,NA
5/28/2017,10,732,NA
5/28/2017,13,736,NA
5/28/2017,16,742,NA
5/28/2017,19,742,NA
5/28/2017,22,737,737
5/29/2017,1,734,NA
5/29/2017,4,727,NA
5/29/2017,7,719,NA
5/29/2017,10,721,NA
5/29/2017,13,724,NA
5/29/2017,16,728,NA
5/29/2017,19,732,NA
5/29/2017,22,734,727
5/30/2017,1,735,NA
5/30/2017,4,741,NA
5/30/2017,7,750,NA
5/30/2017,10,763,NA
5/30/2017,13,779,NA
5/30/2017,16,784,NA
5/30/2017,19,788,NA
5/30/2017,22,783,765
5/31/2017,1,775,NA
5/31/2017,4,779,NA
5/31/2017,7,785,NA
5/31/2017,10,798,NA
5/31/2017,13,804,NA
5/31/2017,16,804,NA
5/31/2017,19,798,NA
5/31/2017,22,787,791
6/1/2017,1,780,NA
6/1/2017,4,780,NA
6/1/2017,7,780,NA
6/1/2017,10,784,NA
6/1/2017,13,792,NA
6/1/2017,16,798,NA
6/1/2017,19,803,NA
6/1/2017,22,797,789
6/2/2017,1,790,NA
6/2/2017,4,790,NA
6/2/2017,7,790,NA
6/2/2017,10,788,NA
6/2/2017,13,784,NA
6/2/2017,16,792,NA
6/2/2017,19,796,NA
6/2/2017,22,781,789
6/3/2017,1,771,NA
6/3/2017,4,774,NA
6/3/2017,7,781,NA
6/3/2017,10,779,NA
6/3/2017,13,776,NA
6/3/2017,16,783,NA
6/3/2017,19,792,NA
6/3/2017,22,794,781
6/4/2017,1,794,NA
6/4/2017,4,798,NA
6/4/2017,7,798,NA
6/4/2017,10,795,NA
6/4/2017,13,791,NA
6/4/2017,16,777,NA
6/4/2017,19,758,NA
6/4/2017,22,745,782
6/5/2017,1,739,NA
6/5/2017,4,734,NA
6/5/2017,7,731,NA
6/5/2017,10,725,NA
6/5/2017,13,718,NA
6/5/2017,16,736,NA
6/5/2017,19,757,NA
6/5/2017,22,761,738
6/6/2017,1,763,NA
6/6/2017,4,759,NA
6/6/2017,7,754,NA
6/6/2017,10,748,NA
6/6/2017,13,741,NA
6/6/2017,16,747,NA
6/6/2017,19,755,NA
6/6/2017,22,750,752
6/7/2017,1,743,NA
6/7/2017,4,736,NA
6/7/2017,7,727,NA
6/7/2017,10,732,NA
6/7/2017,13,741,NA
6/7/2017,16,744,NA
6/7/2017,19,744,NA
6/7/2017,22,742,739
6/8/2017,1,740,NA
6/8/2017,4,734,NA
6/8/2017,7,729,NA
6/8/2017,10,727,NA
6/8/2017,13,725,NA
6/8/2017,16,730,NA
6/8/2017,19,738,NA
6/8/2017,22,747,734
6/9/2017,1,753,NA
6/9/2017,4,746,NA
6/9/2017,7,733,NA
6/9/2017,10,718,NA
6/9/2017,13,710,NA
6/9/2017,16,715,NA
6/9/2017,19,724,NA
6/9/2017,22,729,729
6/10/2017,1,733,NA
6/10/2017,4,727,NA
6/10/2017,7,716,NA
6/10/2017,10,702,NA
6/10/2017,13,690,NA
6/10/2017,16,686,NA
6/10/2017,19,684,NA
6/10/2017,22,683,703
6/11/2017,1,683,NA
6/11/2017,4,685,NA
6/11/2017,7,688,NA
6/11/2017,10,690,NA
6/11/2017,13,690,NA
6/11/2017,16,690,NA
6/11/2017,19,690,NA
6/11/2017,22,686,688
6/12/2017,1,681,NA
6/12/2017,4,680,NA
6/12/2017,7,679,NA
6/12/2017,10,679,NA
6/12/2017,13,679,NA
6/12/2017,16,684,NA
6/12/2017,19,692,NA
6/12/2017,22,700,684
6/13/2017,1,705,NA
6/13/2017,4,711,NA
6/13/2017,7,718,NA
6/13/2017,10,723,NA
6/13/2017,13,731,NA
6/13/2017,16,739,NA
6/13/2017,19,747,NA
6/13/2017,22,749,728
6/14/2017,1,751,NA
6/14/2017,4,751,NA
6/14/2017,7,751,NA
6/14/2017,10,749,NA
6/14/2017,13,745,NA
6/14/2017,16,756,NA
6/14/2017,19,776,NA
6/14/2017,22,792,759
6/15/2017,1,807,NA
6/15/2017,4,809,NA
6/15/2017,7,811,NA
6/15/2017,10,815,NA
6/15/2017,13,818,NA
6/15/2017,16,832,NA
6/15/2017,19,847,NA
6/15/2017,22,850,824
6/16/2017,1,854,NA
6/16/2017,4,861,NA
6/16/2017,7,869,NA
6/16/2017,10,865,NA
6/16/2017,13,859,NA
6/16/2017,16,857,NA
6/16/2017,19,855,NA
6/16/2017,22,875,862
6/17/2017,1,900,NA
6/17/2017,4,907,NA
6/17/2017,7,910,NA
6/17/2017,10,898,NA
6/17/2017,13,881,NA
6/17/2017,16,873,NA
6/17/2017,19,867,NA
6/17/2017,22,848,886
6/18/2017,1,838,NA
6/18/2017,4,835,NA
6/18/2017,7,843,NA
6/18/2017,10,847,NA
6/18/2017,13,856,NA
6/18/2017,16,863,NA
6/18/2017,19,875,NA
6/18/2017,22,875,854
6/19/2017,1,875,NA
6/19/2017,4,862.5,NA
6/19/2017,7,842,NA
6/19/2017,10,830,NA
6/19/2017,13,822,NA
6/19/2017,16,821,NA
6/19/2017,19,824,NA
6/19/2017,22,828.5,NA
6/20/2017,1,834,NA
6/20/2017,4,836,NA
6/20/2017,7,838,NA
6/20/2017,10,847,NA
6/20/2017,13,855,NA
6/20/2017,16,878,NA
6/20/2017,19,894,NA
6/20/2017,22,906,861
6/21/2017,1,915,NA
6/21/2017,4,912,NA
6/21/2017,7,907,NA
6/21/2017,10,895,NA
6/21/2017,13,905,NA
6/21/2017,16,917,NA
6/21/2017,19,932,NA
6/21/2017,22,938,915
6/22/2017,1,941,NA
6/22/2017,4,934,NA
6/22/2017,7,922,NA
6/22/2017,10,914,NA
6/22/2017,13,911,NA
6/22/2017,16,927,NA
6/22/2017,19,935,NA
6/22/2017,22,957,930
6/23/2017,1,975,NA
6/23/2017,4,980,NA
6/23/2017,7,983,NA
6/23/2017,10,978,NA
6/23/2017,13,972,NA
6/23/2017,16,970,NA
6/23/2017,19,968,NA
6/23/2017,22,968,974
6/24/2017,1,968,NA
6/24/2017,4,964,NA
6/24/2017,7,959,NA
6/24/2017,10,951,NA
6/24/2017,13,941,NA
6/24/2017,16,929,NA
6/24/2017,19,922,NA
6/24/2017,22,924,945
6/25/2017,1,928,NA
6/25/2017,4,933,NA
6/25/2017,7,940,NA
6/25/2017,10,936,NA
6/25/2017,13,931,NA
6/25/2017,16,934,NA
6/25/2017,19,939,NA
6/25/2017,22,960,938
6/26/2017,1,974,NA
6/26/2017,4,976,NA
6/26/2017,7,979,NA
6/26/2017,10,971,NA
6/26/2017,13,956,NA
6/26/2017,16,954,NA
6/26/2017,19,954,NA
6/26/2017,22,975,967
6/27/2017,1,1007,NA
6/27/2017,4,1031.666667,NA
6/27/2017,7,1075.666667,NA
6/27/2017,10,1101,NA
6/27/2017,13,1112.666667,NA
6/27/2017,16,1122.666667,NA
6/27/2017,19,1137.333333,NA
6/27/2017,22,1140.75,NA
6/28/2017,1,1131,NA
6/28/2017,4,1131,NA
6/28/2017,7,1135,NA
6/28/2017,10,1129.666667,NA
6/28/2017,13,1134.333333,NA
6/28/2017,16,1147.333333,NA
6/28/2017,19,1156,NA
6/28/2017,22,1158,NA
6/29/2017,1,1154,NA
6/29/2017,4,1149.5,NA
6/29/2017,7,1149,NA
6/29/2017,10,1141,NA
6/29/2017,13,1135,NA
6/29/2017,16,1156,NA
6/29/2017,19,1185,NA
6/29/2017,22,1203.5,NA
6/30/2017,1,1213,NA
6/30/2017,4,1219,NA
6/30/2017,7,1225,NA
6/30/2017,10,1231.5,NA
6/30/2017,13,1240,NA
6/30/2017,16,1232.5,NA
6/30/2017,19,1226,NA
6/30/2017,22,1200,NA
7/1/2017,1,1170,NA
7/1/2017,4,1151,NA
7/1/2017,7,1137,NA
7/1/2017,10,1125,NA
7/1/2017,13,1120,NA
7/1/2017,16,1117,NA
7/1/2017,19,1116,NA
7/1/2017,22,1116,NA
7/2/2017,1,1116,NA
7/2/2017,4,1098.5,NA
7/2/2017,7,1078,NA
7/2/2017,10,1057.5,NA
7/2/2017,13,1045,NA
7/2/2017,16,1028.5,NA
7/2/2017,19,1020,NA
7/2/2017,22,1008.5,NA
7/3/2017,1,998,NA
7/3/2017,4,994,NA
7/3/2017,7,991,NA
7/3/2017,10,980,NA
7/3/2017,13,977,NA
7/3/2017,16,993,NA
7/3/2017,19,1015,NA
7/3/2017,22,1018,996
7/4/2017,1,1022,NA
7/4/2017,4,1025,NA
7/4/2017,7,1028,NA
7/4/2017,10,1038,NA
7/4/2017,13,1058,NA
7/4/2017,16,1090.5,NA
7/4/2017,19,1128,NA
7/4/2017,22,1168.5,NA
7/5/2017,1,1183,NA
7/5/2017,4,1209.5,NA
7/5/2017,7,1226,NA
7/5/2017,10,1242,NA
7/5/2017,13,1268,NA
7/5/2017,16,1292,NA
7/5/2017,19,1307,NA
7/5/2017,22,1313.5,NA
7/6/2017,1,1318,NA
7/6/2017,4,1313.5,NA
7/6/2017,7,1305,NA
7/6/2017,10,1299.5,NA
7/6/2017,13,1296,NA
7/6/2017,16,1301.5,NA
7/6/2017,19,1305,NA
7/6/2017,22,1304,NA
7/7/2017,1,1301,NA
7/7/2017,4,1289.5,NA
7/7/2017,7,1276,NA
7/7/2017,10,1266.5,NA
7/7/2017,13,1255,NA
7/7/2017,16,1259,NA
7/7/2017,19,1256,NA
7/7/2017,22,1264.5,NA
7/8/2017,1,1273,NA
7/8/2017,4,1280,NA
7/8/2017,7,1286,NA
7/8/2017,10,1290,NA
7/8/2017,13,1293,NA
7/8/2017,16,1295.5,NA
7/8/2017,19,1296,NA
7/8/2017,22,1300.5,NA
7/9/2017,1,1307,NA
7/9/2017,4,1307.5,NA
7/9/2017,7,1300,NA
7/9/2017,10,1289.5,NA
7/9/2017,13,1278,NA
7/9/2017,16,1264,NA
7/9/2017,19,1256,NA
7/9/2017,22,1251.5,NA
7/10/2017,1,1250,NA
7/10/2017,4,1249.5,NA
7/10/2017,7,1248,NA
7/10/2017,10,1245,NA
7/10/2017,13,1242,NA
7/10/2017,16,1242.5,NA
7/10/2017,19,1245,NA
7/10/2017,22,1247,NA
7/11/2017,1,1243,NA
7/11/2017,4,1232,NA
7/11/2017,7,1218,NA
7/11/2017,10,1202.5,NA
7/11/2017,13,1190,NA
7/11/2017,16,1188.5,NA
7/11/2017,19,1195,NA
7/11/2017,22,1199,NA
7/12/2017,1,1204,NA
7/12/2017,4,1210.5,NA
7/12/2017,7,1217,NA
7/12/2017,10,1230,NA
7/12/2017,13,1241,NA
7/12/2017,16,1262.5,NA
7/12/2017,19,1271,NA
7/12/2017,22,1287.5,NA
7/13/2017,1,1304,NA
7/13/2017,4,1301,NA
7/13/2017,7,1298,NA
7/13/2017,10,1299,NA
7/13/2017,13,1303,NA
7/13/2017,16,1311,NA
7/13/2017,19,1318,NA
7/13/2017,22,1320,NA
7/14/2017,1,1320,NA
7/14/2017,4,1308.5,NA
7/14/2017,7,1292,NA
7/14/2017,10,1278,NA
7/14/2017,13,1266,NA
7/14/2017,16,1269,NA
7/14/2017,19,1272,NA
7/14/2017,22,1279.5,NA
7/15/2017,1,1286,NA
7/15/2017,4,1274,NA
7/15/2017,7,1260,NA
7/15/2017,10,1248.5,NA
7/15/2017,13,1237,NA
7/15/2017,16,1240,NA
7/15/2017,19,1243,NA
7/15/2017,22,1245.5,NA
7/16/2017,1,1246,NA
7/16/2017,4,1240.5,NA
7/16/2017,7,1232,NA
7/16/2017,10,1218.5,NA
7/16/2017,13,1204,NA
7/16/2017,16,1186.5,NA
7/16/2017,19,1180,NA
7/16/2017,22,1174,NA
7/17/2017,1,1172,NA
7/17/2017,4,1170.5,NA
7/17/2017,7,1168,NA
7/17/2017,10,1157,NA
7/17/2017,13,1152,NA
7/17/2017,16,1162,NA
7/17/2017,19,1169,NA
7/17/2017,22,1182.5,NA
7/18/2017,1,1197,NA
7/18/2017,4,1205.5,NA
7/18/2017,7,1212,NA
7/18/2017,10,1220.5,NA
7/18/2017,13,1231,NA
7/18/2017,16,1239.5,NA
7/18/2017,19,1246,NA
7/18/2017,22,1250.5,NA
7/19/2017,1,1254,NA
7/19/2017,4,1244,NA
7/19/2017,7,1232,NA
7/19/2017,10,1219.5,NA
7/19/2017,13,1207,NA
7/19/2017,16,1204,NA
7/19/2017,19,1202,NA
7/19/2017,22,1208.5,NA
7/20/2017,1,1217,NA
7/20/2017,4,1218,NA
7/20/2017,7,1211,NA
7/20/2017,10,1203.5,NA
7/20/2017,13,1197,NA
7/20/2017,16,1202,NA
7/20/2017,19,1207,NA
7/20/2017,22,1213.5,NA
7/21/2017,1,1220,NA
7/21/2017,4,1227.5,NA
7/21/2017,7,1235,NA
7/21/2017,10,1249.5,NA
7/21/2017,13,1266,NA
7/21/2017,16,1275,NA
7/21/2017,19,1284,NA
7/21/2017,22,1299.5,NA
7/22/2017,1,1315,NA
7/22/2017,4,1319.5,NA
7/22/2017,7,1323,NA
7/22/2017,10,1326,NA
7/22/2017,13,1328,NA
7/22/2017,16,1330,NA
7/22/2017,19,1330,NA
7/22/2017,22,1330,NA
7/23/2017,1,1330,NA
7/23/2017,4,1336.5,NA
7/23/2017,7,1345,NA
7/23/2017,10,1342,NA
7/23/2017,13,1341,NA
7/23/2017,16,1340,NA
7/23/2017,19,1337,NA
7/23/2017,22,1338,NA
7/24/2017,1,1346,NA
7/24/2017,4,1345.5,NA
7/24/2017,7,1335,NA
7/24/2017,10,1328,NA
7/24/2017,13,1325,NA
7/24/2017,16,1324,NA
7/24/2017,19,1321,NA
7/24/2017,22,1319,NA
7/25/2017,1,1319,NA
7/25/2017,4,1308.5,NA
7/25/2017,7,1295,NA
7/25/2017,10,1283.5,NA
7/25/2017,13,1284,NA
7/25/2017,16,1288,NA
7/25/2017,19,1292,NA
7/25/2017,22,1295,NA
7/26/2017,1,1295,NA
7/26/2017,4,1279.5,NA
7/26/2017,7,1267,NA
7/26/2017,10,1261,NA
7/26/2017,13,1256,NA
7/26/2017,16,1253,NA
7/26/2017,19,1252,NA
7/26/2017,22,1249,NA
7/27/2017,1,1245,NA
7/27/2017,4,1227,NA
7/27/2017,7,1207,NA
7/27/2017,10,1195.5,NA
7/27/2017,13,1184,NA
7/27/2017,16,1181,NA
7/27/2017,19,1180,NA
7/27/2017,22,1176.5,NA
7/28/2017,1,1173,NA
7/28/2017,4,1164,NA
7/28/2017,7,1154,NA
7/28/2017,10,1137,NA
7/28/2017,13,1123,NA
7/28/2017,16,1116.5,NA
7/28/2017,19,1110,NA
7/28/2017,22,1107,NA
7/29/2017,1,1104,NA
7/29/2017,4,1082.5,NA
7/29/2017,7,1055,NA
7/29/2017,10,1019.5,NA
7/29/2017,13,1001,NA
7/29/2017,16,996,NA
7/29/2017,19,991,NA
7/29/2017,22,985.5,NA
7/30/2017,1,981,NA
7/30/2017,4,981,NA
7/30/2017,7,980,NA
7/30/2017,10,974,NA
7/30/2017,13,963,NA
7/30/2017,16,954,NA
7/30/2017,19,947,NA
7/30/2017,22,943,965
7/31/2017,1,940,NA
7/31/2017,4,944,NA
7/31/2017,7,951,NA
7/31/2017,10,960,NA
7/31/2017,13,966,NA
7/31/2017,16,963,NA
7/31/2017,19,963,NA
7/31/2017,22,965,957
8/1/2017,1,968,NA
8/1/2017,4,964,NA
8/1/2017,7,961,NA
8/1/2017,10,957,NA
8/1/2017,13,952,NA
8/1/2017,16,956,NA
8/1/2017,19,960,NA
8/1/2017,22,962,960
8/2/2017,1,965,NA
8/2/2017,4,957,NA
8/2/2017,7,951,NA
8/2/2017,10,936,NA
8/2/2017,13,925,NA
8/2/2017,16,920,NA
8/2/2017,19,918,NA
8/2/2017,22,916,936
8/3/2017,1,913,NA
8/3/2017,4,907,NA
8/3/2017,7,899,NA
8/3/2017,10,895,NA
8/3/2017,13,892,NA
8/3/2017,16,889,NA
8/3/2017,19,887,NA
8/3/2017,22,885,896
8/4/2017,1,882,NA
8/4/2017,4,880,NA
8/4/2017,7,878,NA
8/4/2017,10,881,NA
8/4/2017,13,886,NA
8/4/2017,16,892,NA
8/4/2017,19,900,NA
8/4/2017,22,895,887
8/5/2017,1,887,NA
8/5/2017,4,898.5,NA
8/5/2017,7,920,NA
8/5/2017,10,940.5,NA
8/5/2017,13,956,NA
8/5/2017,16,969,NA
8/5/2017,19,978,NA
8/5/2017,22,992.5,NA
8/6/2017,1,1010,NA
8/6/2017,4,1013,NA
8/6/2017,7,1009,NA
8/6/2017,10,1004.5,NA
8/6/2017,13,998,NA
8/6/2017,16,989.5,NA
8/6/2017,19,978,NA
8/6/2017,22,981,NA
8/7/2017,1,985,NA
8/7/2017,4,998.5,NA
8/7/2017,7,1017,NA
8/7/2017,10,1025.5,NA
8/7/2017,13,1032,NA
8/7/2017,16,1043.5,NA
8/7/2017,19,1056,NA
8/7/2017,22,1059,NA
8/8/2017,1,1057,NA
8/8/2017,4,1055,NA
8/8/2017,7,1046,NA
8/8/2017,10,1030,NA
8/8/2017,13,1013,NA
8/8/2017,16,1005,NA
8/8/2017,19,997,NA
8/8/2017,22,988.5,NA
8/9/2017,1,981,NA
8/9/2017,4,985,NA
8/9/2017,7,990,NA
8/9/2017,10,983,NA
8/9/2017,13,967,NA
8/9/2017,16,962,NA
8/9/2017,19,960,NA
8/9/2017,22,958,973
8/10/2017,1,958,NA
8/10/2017,4,958,NA
8/10/2017,7,958,NA
8/10/2017,10,953,NA
8/10/2017,13,944,NA
8/10/2017,16,940,NA
8/10/2017,19,943,NA
8/10/2017,22,945,950
8/11/2017,1,946,NA
8/11/2017,4,951,NA
8/11/2017,7,959,NA
8/11/2017,10,954,NA
8/11/2017,13,942,NA
8/11/2017,16,934,NA
8/11/2017,19,928,NA
8/11/2017,22,924,942
8/12/2017,1,921,NA
8/12/2017,4,926,NA
8/12/2017,7,934,NA
8/12/2017,10,940,NA
8/12/2017,13,943,NA
8/12/2017,16,950,NA
8/12/2017,19,962,NA
8/12/2017,22,971,943
8/13/2017,1,978,NA
8/13/2017,4,990,NA
8/13/2017,7,1000,NA
8/13/2017,10,999,NA
8/13/2017,13,998,NA
8/13/2017,16,991,NA
8/13/2017,19,988,NA
8/13/2017,22,985,991
8/14/2017,1,983,NA
8/14/2017,4,984,NA
8/14/2017,7,985,NA
8/14/2017,10,988,NA
8/14/2017,13,991,NA
8/14/2017,16,993,NA
8/14/2017,19,995,NA
8/14/2017,22,997,990
8/15/2017,1,998,NA
8/15/2017,4,1001,NA
8/15/2017,7,1005,NA
8/15/2017,10,1007,NA
8/15/2017,13,1007,NA
8/15/2017,16,1013,NA
8/15/2017,19,1022,NA
8/15/2017,22,1031,1011
8/16/2017,1,1043,NA
8/16/2017,4,1067,NA
8/16/2017,7,1092,NA
8/16/2017,10,1108.5,NA
8/16/2017,13,1118,NA
8/16/2017,16,1117,NA
8/16/2017,19,1113,NA
8/16/2017,22,1116,NA
8/17/2017,1,1123,NA
8/17/2017,4,1136,NA
8/17/2017,7,1150,NA
8/17/2017,10,1172,NA
8/17/2017,13,1189,NA
8/17/2017,16,1200.5,NA
8/17/2017,19,1212,NA
8/17/2017,22,1235,NA
8/18/2017,1,1256,NA
8/18/2017,4,1265,NA
8/18/2017,7,1275,NA
8/18/2017,10,1290.333333,NA
8/18/2017,13,1318.666667,NA
8/18/2017,16,1353.333333,NA
8/18/2017,19,1375,NA
8/18/2017,22,1402.25,NA
8/19/2017,1,1424,NA
8/19/2017,4,1430,NA
8/19/2017,7,1436,NA
8/19/2017,10,1439,NA
8/19/2017,13,1442,NA
8/19/2017,16,1443,NA
8/19/2017,19,1441,NA
8/19/2017,22,1436,NA
8/20/2017,1,1428,NA
8/20/2017,4,1415,NA
8/20/2017,7,1401,NA
8/20/2017,10,1384.5,NA
8/20/2017,13,1369,NA
8/20/2017,16,1353.5,NA
8/20/2017,19,1338,NA
8/20/2017,22,1320.5,NA
8/21/2017,1,1303,NA
8/21/2017,4,1288.5,NA
8/21/2017,7,1279,NA
8/21/2017,10,1261,NA
8/21/2017,13,1243,NA
8/21/2017,16,1242,NA
8/21/2017,19,1242,NA
8/21/2017,22,1229.5,NA
8/22/2017,1,1214,NA
8/22/2017,4,1204.5,NA
8/22/2017,7,1198,NA
8/22/2017,10,1173.5,NA
8/22/2017,13,1154,NA
8/22/2017,16,1135.5,NA
8/22/2017,19,1126,NA
8/22/2017,22,1119,NA
8/23/2017,1,1112,NA
8/23/2017,4,1100,NA
8/23/2017,7,1084,NA
8/23/2017,10,1062.5,NA
8/23/2017,13,1054,NA
8/23/2017,16,1054,NA
8/23/2017,19,1054,NA
8/23/2017,22,1058.5,NA
8/24/2017,1,1063,NA
8/24/2017,4,1074,NA
8/24/2017,7,1085,NA
8/24/2017,10,1095.5,NA
8/24/2017,13,1102,NA
8/24/2017,16,1111.5,NA
8/24/2017,19,1117,NA
8/24/2017,22,1124.5,NA
8/25/2017,1,1133,NA
8/25/2017,4,1144.666667,NA
8/25/2017,7,1157,NA
8/25/2017,10,1174.333333,NA
8/25/2017,13,1197.666667,NA
8/25/2017,16,1231.666667,NA
8/25/2017,19,1271,NA
8/25/2017,22,1321.75,NA
8/26/2017,1,1367,NA
8/26/2017,4,1391,NA
8/26/2017,7,1417,NA
8/26/2017,10,1435.666667,NA
8/26/2017,13,1450.333333,NA
8/26/2017,16,1473.333333,NA
8/26/2017,19,1496.333333,NA
8/26/2017,22,1532.5,NA
8/27/2017,1,1564,NA
8/27/2017,4,1575.666667,NA
8/27/2017,7,1589,NA
8/27/2017,10,1599.666667,NA
8/27/2017,13,1605.666667,NA
8/27/2017,16,1599.333333,NA
8/27/2017,19,1591.333333,NA
8/27/2017,22,1583.25,NA
8/28/2017,1,1574,NA
8/28/2017,4,1567,NA
8/28/2017,7,1559,NA
8/28/2017,10,1548,NA
8/28/2017,13,1530,NA
8/28/2017,16,1503.5,NA
8/28/2017,19,1489,NA
8/28/2017,22,1477.5,NA
8/29/2017,1,1468,NA
8/29/2017,4,1455,NA
8/29/2017,7,1442,NA
8/29/2017,10,1442,NA
8/29/2017,13,1442,NA
8/29/2017,16,1445,NA
8/29/2017,19,1449,NA
8/29/2017,22,1460.5,NA
8/30/2017,1,1478,NA
8/30/2017,4,1477,NA
8/30/2017,7,1459,NA
8/30/2017,10,1441,NA
8/30/2017,13,1434,NA
8/30/2017,16,1428,NA
8/30/2017,19,1421,NA
8/30/2017,22,1415,NA
8/31/2017,1,1410,NA
8/31/2017,4,1407,NA
8/31/2017,7,1404,NA
8/31/2017,10,1397.5,NA
8/31/2017,13,1391,NA
8/31/2017,16,1376,NA
8/31/2017,19,1365,NA
8/31/2017,22,1352.5,NA
9/1/2017,1,1341,NA
9/1/2017,4,1328,NA
9/1/2017,7,1317,NA
9/1/2017,10,1311,NA
9/1/2017,13,1311,NA
9/1/2017,16,1305,NA
9/1/2017,19,1300,NA
9/1/2017,22,1291,NA
9/2/2017,1,1281,NA
9/2/2017,4,1268,NA
9/2/2017,7,1254,NA
9/2/2017,10,1243.5,NA
9/2/2017,13,1232,NA
9/2/2017,16,1218.5,NA
9/2/2017,19,1205,NA
9/2/2017,22,1188,NA
9/3/2017,1,1173,NA
9/3/2017,4,1162.5,NA
9/3/2017,7,1154,NA
9/3/2017,10,1160.5,NA
9/3/2017,13,1172,NA
9/3/2017,16,1177.5,NA
9/3/2017,19,1181,NA
9/3/2017,22,1186,NA
9/4/2017,1,1192,NA
9/4/2017,4,1194.5,NA
9/4/2017,7,1196,NA
9/4/2017,10,1193,NA
9/4/2017,13,1190,NA
9/4/2017,16,1187,NA
9/4/2017,19,1186,NA
9/4/2017,22,1194,NA
9/5/2017,1,1202,NA
9/5/2017,4,1211,NA
9/5/2017,7,1219,NA
9/5/2017,10,1226,NA
9/5/2017,13,1232,NA
9/5/2017,16,1239,NA
9/5/2017,19,1245,NA
9/5/2017,22,1240,1227
9/6/2017,1,1228,NA
9/6/2017,4,1222,NA
9/6/2017,7,1216,NA
9/6/2017,10,1210,NA
9/6/2017,13,1205,NA
9/6/2017,16,1197,NA
9/6/2017,19,1189,NA
9/6/2017,22,1189,1207
9/7/2017,1,1187,NA
9/7/2017,4,1185,NA
9/7/2017,7,1184,NA
9/7/2017,10,1190,NA
9/7/2017,13,1193,NA
9/7/2017,16,1204,NA
9/7/2017,19,1223,NA
9/7/2017,22,1248,1202
9/8/2017,1,1272,NA
9/8/2017,4,1276,NA
9/8/2017,7,1278,NA
9/8/2017,10,1284,NA
9/8/2017,13,1280,NA
9/8/2017,16,1269,NA
9/8/2017,19,1256,NA
9/8/2017,22,1264,1272
9/9/2017,1,1274,NA
9/9/2017,4,1285,NA
9/9/2017,7,1293,NA
9/9/2017,10,1300,NA
9/9/2017,13,1302,NA
9/9/2017,16,1302,NA
9/9/2017,19,1302,NA
9/9/2017,22,1302,1295
9/10/2017,1,1300,NA
9/10/2017,4,1308,NA
9/10/2017,7,1320,NA
9/10/2017,10,1330,NA
9/10/2017,13,1337,NA
9/10/2017,16,1343,NA
9/10/2017,19,1348,NA
9/10/2017,22,1352,1330
9/11/2017,1,1357,NA
9/11/2017,4,1364,NA
9/11/2017,7,1372,NA
9/11/2017,10,1377,NA
9/11/2017,13,1380,NA
9/11/2017,16,1388,NA
9/11/2017,19,1398,NA
9/11/2017,22,1409,1381
9/12/2017,1,1415,NA
9/12/2017,4,1418,NA
9/12/2017,7,1414,NA
9/12/2017,10,1408,NA
9/12/2017,13,1406,NA
9/12/2017,16,1406,NA
9/12/2017,19,1406,NA
9/12/2017,22,1410,1410
9/13/2017,1,1413,NA
9/13/2017,4,1405,NA
9/13/2017,7,1398,NA
9/13/2017,10,1381,NA
9/13/2017,13,1376,NA
9/13/2017,16,1364,NA
9/13/2017,19,1354,NA
9/13/2017,22,1352,1380
9/14/2017,1,1349,NA
9/14/2017,4,1348,NA
9/14/2017,7,1348,NA
9/14/2017,10,1346,NA
9/14/2017,13,1343,NA
9/14/2017,16,1335,NA
9/14/2017,19,1329,NA
9/14/2017,22,1326,1341
9/15/2017,1,1322,NA
9/15/2017,4,1314,NA
9/15/2017,7,1307,NA
9/15/2017,10,1293,NA
9/15/2017,13,1276,NA
9/15/2017,16,1255,NA
9/15/2017,19,1243,NA
9/15/2017,22,1234,1281
9/16/2017,1,1228,NA
9/16/2017,4,1224,NA
9/16/2017,7,1220,NA
9/16/2017,10,1217,NA
9/16/2017,13,1215,NA
9/16/2017,16,1211,NA
9/16/2017,19,1206,NA
9/16/2017,22,1210,1216
9/17/2017,1,1214,NA
9/17/2017,4,1216,NA
9/17/2017,7,1218,NA
9/17/2017,10,1216,NA
9/17/2017,13,1213,NA
9/17/2017,16,1211,NA
9/17/2017,19,1209,NA
9/17/2017,22,1206,1213
9/18/2017,1,1202,NA
9/18/2017,4,1192,NA
9/18/2017,7,1178,NA
9/18/2017,10,1170.5,NA
9/18/2017,13,1163,NA
9/18/2017,16,1143.5,NA
9/18/2017,19,1119,NA
9/18/2017,22,1098,NA
9/19/2017,1,1081,NA
9/19/2017,4,1068,NA
9/19/2017,7,1057,NA
9/19/2017,10,1045,NA
9/19/2017,13,1030,NA
9/19/2017,16,1018,NA
9/19/2017,19,1010,NA
9/19/2017,22,1008,1040
9/20/2017,1,1007,NA
9/20/2017,4,1007,NA
9/20/2017,7,1007,NA
9/20/2017,10,1006,NA
9/20/2017,13,1006,NA
9/20/2017,16,1013,NA
9/20/2017,19,1030,NA
9/20/2017,22,1048,1016
9/21/2017,1,1064,NA
9/21/2017,4,1079,NA
9/21/2017,7,1090,NA
9/21/2017,10,1101,NA
9/21/2017,13,1107,NA
9/21/2017,16,1094,NA
9/21/2017,19,1077,NA
9/21/2017,22,1071,1085
9/22/2017,1,1068,NA
9/22/2017,4,1066,NA
9/22/2017,7,1064,NA
9/22/2017,10,1060,NA
9/22/2017,13,1055,NA
9/22/2017,16,1047,NA
9/22/2017,19,1037,NA
9/22/2017,22,1029,1053
9/23/2017,1,1025,NA
9/23/2017,4,1032,NA
9/23/2017,7,1041,NA
9/23/2017,10,1048,NA
9/23/2017,13,1053,NA
9/23/2017,16,1049,NA
9/23/2017,19,1042,NA
9/23/2017,22,1040,1041
9/24/2017,1,1038,NA
9/24/2017,4,1030,NA
9/24/2017,7,1021,NA
9/24/2017,10,1017,NA
9/24/2017,13,1015,NA
9/24/2017,16,1015,NA
9/24/2017,19,1015,NA
9/24/2017,22,1013,1021
9/25/2017,1,1010,NA
9/25/2017,4,1007,NA
9/25/2017,7,1005,NA
9/25/2017,10,1003,NA
9/25/2017,13,1000,NA
9/25/2017,16,995,NA
9/25/2017,19,988,NA
9/25/2017,22,980,999
9/26/2017,1,972,NA
9/26/2017,4,979,NA
9/26/2017,7,989,NA
9/26/2017,10,991,NA
9/26/2017,13,991,NA
9/26/2017,16,988,NA
9/26/2017,19,984,NA
9/26/2017,22,982,985
9/27/2017,1,985,NA
9/27/2017,4,994,NA
9/27/2017,7,1009,NA
9/27/2017,10,1016,NA
9/27/2017,13,1020,NA
9/27/2017,16,1015,NA
9/27/2017,19,1008,NA
9/27/2017,22,1000,1006
9/28/2017,1,994,NA
9/28/2017,4,987,NA
9/28/2017,7,975,NA
9/28/2017,10,972,NA
9/28/2017,13,970,NA
9/28/2017,16,969,NA
9/28/2017,19,969,NA
9/28/2017,22,969,976
9/29/2017,1,967,NA
9/29/2017,4,964,NA
9/29/2017,7,962,NA
9/29/2017,10,959,NA
9/29/2017,13,957,NA
9/29/2017,16,956,NA
9/29/2017,19,956,NA
9/29/2017,22,955,960
9/30/2017,1,952,NA
9/30/2017,4,951,NA
9/30/2017,7,950,NA
9/30/2017,10,949,NA
9/30/2017,13,948,NA
9/30/2017,16,947,NA
9/30/2017,19,946,NA
9/30/2017,22,945,949
10/1/2017,1,944,NA
10/1/2017,4,946,NA
10/1/2017,7,949,NA
10/1/2017,10,951,NA
10/1/2017,13,948,NA
10/1/2017,16,944,NA
10/1/2017,19,942,NA
10/1/2017,22,939,945
10/2/2017,1,934,NA
10/2/2017,4,928,NA
10/2/2017,7,920,NA
10/2/2017,10,908,NA
10/2/2017,13,899,NA
10/2/2017,16,886,NA
10/2/2017,19,876,NA
10/2/2017,22,869,903
10/3/2017,1,869,NA
10/3/2017,4,885,NA
10/3/2017,7,906,NA
10/3/2017,10,917,NA
10/3/2017,13,938,NA
10/3/2017,16,945,NA
10/3/2017,19,941,NA
10/3/2017,22,930,916
10/4/2017,1,920,NA
10/4/2017,4,920,NA
10/4/2017,7,920,NA
10/4/2017,10,924,NA
10/4/2017,13,929,NA
10/4/2017,16,923,NA
10/4/2017,19,916,NA
10/4/2017,22,911,920
10/5/2017,1,907,NA
10/5/2017,4,907,NA
10/5/2017,7,907,NA
10/5/2017,10,911,NA
10/5/2017,13,918,NA
10/5/2017,16,920,NA
10/5/2017,19,916,NA
10/5/2017,22,912,912
10/6/2017,1,907,NA
10/6/2017,4,909,NA
10/6/2017,7,913,NA
10/6/2017,10,910,NA
10/6/2017,13,908,NA
10/6/2017,16,901,NA
10/6/2017,19,895,NA
10/6/2017,22,887,904
10/7/2017,1,880,NA
10/7/2017,4,882,NA
10/7/2017,7,884,NA
10/7/2017,10,892,NA
10/7/2017,13,900,NA
10/7/2017,16,899,NA
10/7/2017,19,896,NA
10/7/2017,22,890,890
10/8/2017,1,885,NA
10/8/2017,4,893,NA
10/8/2017,7,903,NA
10/8/2017,10,910,NA
10/8/2017,13,916,NA
10/8/2017,16,912,NA
10/8/2017,19,906,NA
10/8/2017,22,897,903
10/9/2017,1,889,NA
10/9/2017,4,880,NA
10/9/2017,7,872,NA
10/9/2017,10,869,NA
10/9/2017,13,867,NA
10/9/2017,16,868,NA
10/9/2017,19,870,NA
10/9/2017,22,872,873
10/10/2017,1,872,NA
10/10/2017,4,876,NA
10/10/2017,7,884,NA
10/10/2017,10,896.5,NA
10/10/2017,13,909,NA
10/10/2017,16,905,NA
10/10/2017,19,900,NA
10/10/2017,22,894.5,NA
10/11/2017,1,888,NA
10/11/2017,4,897.3333333,NA
10/11/2017,7,925.3333333,NA
10/11/2017,10,980.6666667,NA
10/11/2017,13,1056,NA
10/11/2017,16,1147,NA
10/11/2017,19,1222.333333,NA
10/11/2017,22,1280,NA
10/12/2017,1,1320,NA
10/12/2017,4,1340.666667,NA
10/12/2017,7,1367.333333,NA
10/12/2017,10,1387,NA
10/12/2017,13,1391,NA
10/12/2017,16,1397.666667,NA
10/12/2017,19,1403,NA
10/12/2017,22,1416.5,NA
10/13/2017,1,1424,NA
10/13/2017,4,1427,NA
10/13/2017,7,1430,NA
10/13/2017,10,1423.5,NA
10/13/2017,13,1415,NA
10/13/2017,16,1399,NA
10/13/2017,19,1386,NA
10/13/2017,22,1368,NA
10/14/2017,1,1352,NA
10/14/2017,4,1339,NA
10/14/2017,7,1321,NA
10/14/2017,10,1301.5,NA
10/14/2017,13,1290,NA
10/14/2017,16,1277,NA
10/14/2017,19,1261,NA
10/14/2017,22,1245.5,NA
10/15/2017,1,1229,NA
10/15/2017,4,1215,NA
10/15/2017,7,1202,NA
10/15/2017,10,1192.5,NA
10/15/2017,13,1187,NA
10/15/2017,16,1174,NA
10/15/2017,19,1165,NA
10/15/2017,22,1159.5,NA
10/16/2017,1,1145,NA
10/16/2017,4,1139.5,NA
10/16/2017,7,1120,NA
10/16/2017,10,1096.5,NA
10/16/2017,13,1072,NA
10/16/2017,16,1048.5,NA
10/16/2017,19,1027,NA
10/16/2017,22,1008,NA
10/17/2017,1,994,NA
10/17/2017,4,992,NA
10/17/2017,7,990,NA
10/17/2017,10,987,NA
10/17/2017,13,985,NA
10/17/2017,16,976,NA
10/17/2017,19,968,NA
10/17/2017,22,958,981
10/18/2017,1,950,NA
10/18/2017,4,950,NA
10/18/2017,7,956,NA
10/18/2017,10,958,NA
10/18/2017,13,954,NA
10/18/2017,16,952,NA
10/18/2017,19,952,NA
10/18/2017,22,952,953
10/19/2017,1,952,NA
10/19/2017,4,950,NA
10/19/2017,7,947,NA
10/19/2017,10,945,NA
10/19/2017,13,943,NA
10/19/2017,16,941,NA
10/19/2017,19,939,NA
10/19/2017,22,938,944
10/20/2017,1,937,NA
10/20/2017,4,936,NA
10/20/2017,7,936,NA
10/20/2017,10,936,NA
10/20/2017,13,936,NA
10/20/2017,16,930,NA
10/20/2017,19,921,NA
10/20/2017,22,911,930
10/21/2017,1,902,NA
10/21/2017,4,907,NA
10/21/2017,7,916,NA
10/21/2017,10,918,NA
10/21/2017,13,919,NA
10/21/2017,16,917,NA
10/21/2017,19,915,NA
10/21/2017,22,912,913
10/22/2017,1,911,NA
10/22/2017,4,913,NA
10/22/2017,7,916,NA
10/22/2017,10,918,NA
10/22/2017,13,914,NA
10/22/2017,16,906,NA
10/22/2017,19,900,NA
10/22/2017,22,895,909
10/23/2017,1,891,NA
10/23/2017,4,872,NA
10/23/2017,7,854,NA
10/23/2017,10,850,NA
10/23/2017,13,859,NA
10/23/2017,16,870,NA
10/23/2017,19,876,NA
10/23/2017,22,872,868
10/24/2017,1,865,NA
10/24/2017,4,862,NA
10/24/2017,7,860,NA
10/24/2017,10,863,NA
10/24/2017,13,867,NA
10/24/2017,16,869,NA
10/24/2017,19,866,NA
10/24/2017,22,854,863
10/25/2017,1,838,NA
10/25/2017,4,833,NA
10/25/2017,7,831,NA
10/25/2017,10,830,NA
10/25/2017,13,830,NA
10/25/2017,16,834,NA
10/25/2017,19,840,NA
10/25/2017,22,838,834
10/26/2017,1,828,NA
10/26/2017,4,822,NA
10/26/2017,7,818,NA
10/26/2017,10,824,NA
10/26/2017,13,834,NA
10/26/2017,16,836,NA
10/26/2017,19,836,NA
10/26/2017,22,831,829
10/27/2017,1,825,NA
10/27/2017,4,833,NA
10/27/2017,7,844,NA
10/27/2017,10,849,NA
10/27/2017,13,852,NA
10/27/2017,16,850,NA
10/27/2017,19,847,NA
10/27/2017,22,841,843
10/28/2017,1,838,NA
10/28/2017,4,843,NA
10/28/2017,7,852,NA
10/28/2017,10,856,NA
10/28/2017,13,860,NA
10/28/2017,16,856,NA
10/28/2017,19,849,NA
10/28/2017,22,840,849
10/29/2017,1,835,NA
10/29/2017,4,844,NA
10/29/2017,7,852,NA
10/29/2017,10,856,NA
10/29/2017,13,858,NA
10/29/2017,16,850,NA
10/29/2017,19,840,NA
10/29/2017,22,822,845
10/30/2017,1,807,NA
10/30/2017,4,792,NA
10/30/2017,7,779,NA
10/30/2017,10,774,NA
10/30/2017,13,785,NA
10/30/2017,16,796,NA
10/30/2017,19,806,NA
10/30/2017,22,808,793
10/31/2017,1,810,NA
10/31/2017,4,819,NA
10/31/2017,7,832,NA
10/31/2017,10,844,NA
10/31/2017,13,852,NA
10/31/2017,16,850,NA
10/31/2017,19,845,NA
10/31/2017,22,840,837
11/1/2017,1,837,NA
11/1/2017,4,841,NA
11/1/2017,7,846,NA
11/1/2017,10,843,NA
11/1/2017,13,839,NA
11/1/2017,16,830,NA
11/1/2017,19,822,NA
11/1/2017,22,813,834
11/2/2017,1,807,NA
11/2/2017,4,805,NA
11/2/2017,7,805,NA
11/2/2017,10,798,NA
11/2/2017,13,786,NA
11/2/2017,16,776,NA
11/2/2017,19,761,NA
11/2/2017,22,750,786
11/3/2017,1,740,NA
11/3/2017,4,737,NA
11/3/2017,7,735,NA
11/3/2017,10,733,NA
11/3/2017,13,731,NA
11/3/2017,16,729,NA
11/3/2017,19,729,NA
11/3/2017,22,729,733
11/4/2017,1,727,NA
11/4/2017,4,724,NA
11/4/2017,7,721,NA
11/4/2017,10,718,NA
11/4/2017,13,715,NA
11/4/2017,16,714,NA
11/4/2017,19,714,NA
11/4/2017,22,712,718
11/5/2017,1,710,NA
11/5/2017,4,703,NA
11/5/2017,7,692,NA
11/5/2017,10,680,NA
11/5/2017,13,669,NA
11/5/2017,16,665,NA
11/5/2017,19,662,NA
11/5/2017,22,665,681
11/6/2017,1,667,NA
11/6/2017,4,667,NA
11/6/2017,7,667,NA
11/6/2017,10,667,NA
11/6/2017,13,667,NA
11/6/2017,16,668,NA
11/6/2017,19,671,NA
11/6/2017,22,671,668
11/7/2017,1,672,NA
11/7/2017,4,668,NA
11/7/2017,7,665,NA
11/7/2017,10,669,NA
11/7/2017,13,673,NA
11/7/2017,16,681,NA
11/7/2017,19,688,NA
11/7/2017,22,688,676
11/8/2017,1,688,NA
11/8/2017,4,683,NA
11/8/2017,7,675,NA
11/8/2017,10,677,NA
11/8/2017,13,679,NA
11/8/2017,16,681,NA
11/8/2017,19,684,NA
11/8/2017,22,686,682
11/9/2017,1,688,NA
11/9/2017,4,685,NA
11/9/2017,7,681,NA
11/9/2017,10,683,NA
11/9/2017,13,685,NA
11/9/2017,16,686,NA
11/9/2017,19,686,NA
11/9/2017,22,684,685
11/10/2017,1,682,NA
11/10/2017,4,678,NA
11/10/2017,7,671,NA
11/10/2017,10,673,NA
11/10/2017,13,677,NA
11/10/2017,16,683,NA
11/10/2017,19,683,NA
11/10/2017,22,687,679
11/11/2017,1,690,NA
11/11/2017,4,688,NA
11/11/2017,7,684,NA
11/11/2017,10,690,NA
11/11/2017,13,698,NA
11/11/2017,16,698,NA
11/11/2017,19,698,NA
11/11/2017,22,689,692
11/12/2017,1,681,NA
11/12/2017,4,676,NA
11/12/2017,7,673,NA
11/12/2017,10,675,NA
11/12/2017,13,679,NA
11/12/2017,16,684,NA
11/12/2017,19,687,NA
11/12/2017,22,689,681
11/13/2017,1,686,NA
11/13/2017,4,684,NA
11/13/2017,7,688,NA
11/13/2017,10,707,NA
11/13/2017,13,727,NA
11/13/2017,16,742,NA
11/13/2017,19,731,NA
11/13/2017,22,722,711
11/14/2017,1,715,NA
11/14/2017,4,700,NA
11/14/2017,7,688,NA
11/14/2017,10,704,NA
11/14/2017,13,708,NA
11/14/2017,16,715,NA
11/14/2017,19,715,NA
11/14/2017,22,698,705
11/15/2017,1,688,NA
11/15/2017,4,680,NA
11/15/2017,7,674,NA
11/15/2017,10,672,NA
11/15/2017,13,676,NA
11/15/2017,16,681,NA
11/15/2017,19,686,NA
11/15/2017,22,682,680
11/16/2017,1,677,NA
11/16/2017,4,675,NA
11/16/2017,7,673,NA
11/16/2017,10,676,NA
11/16/2017,13,678,NA
11/16/2017,16,679,NA
11/16/2017,19,675,NA
11/16/2017,22,672,676
11/17/2017,1,670,NA
11/17/2017,4,668,NA
11/17/2017,7,665,NA
11/17/2017,10,677,NA
11/17/2017,13,702,NA
11/17/2017,16,710,NA
11/17/2017,19,710,NA
11/17/2017,22,707,689
11/18/2017,1,705,NA
11/18/2017,4,695,NA
11/18/2017,7,682,NA
11/18/2017,10,687,NA
11/18/2017,13,693,NA
11/18/2017,16,699,NA
11/18/2017,19,703,NA
11/18/2017,22,698,695
11/19/2017,1,692,NA
11/19/2017,4,697,NA
11/19/2017,7,704,NA
11/19/2017,10,707,NA
11/19/2017,13,709,NA
11/19/2017,16,700,NA
11/19/2017,19,695,NA
11/19/2017,22,686,699
11/20/2017,1,678,NA
11/20/2017,4,667,NA
11/20/2017,7,659,NA
11/20/2017,10,655,NA
11/20/2017,13,652,NA
11/20/2017,16,650,NA
11/20/2017,19,648,NA
11/20/2017,22,647,657
11/21/2017,1,645,NA
11/21/2017,4,644,NA
11/21/2017,7,646,NA
11/21/2017,10,635,NA
11/21/2017,13,626,NA
11/21/2017,16,641,NA
11/21/2017,19,641,NA
11/21/2017,22,638,640
11/22/2017,1,634,NA
11/22/2017,4,632,NA
11/22/2017,7,629,NA
11/22/2017,10,633,NA
11/22/2017,13,637,NA
11/22/2017,16,637,NA
11/22/2017,19,637,NA
11/22/2017,22,630,634
11/23/2017,1,626,NA
11/23/2017,4,619,NA
11/23/2017,7,610,NA
11/23/2017,10,606,NA
11/23/2017,13,604,NA
11/23/2017,16,610,NA
11/23/2017,19,618,NA
11/23/2017,22,622,614
11/24/2017,1,624,NA
11/24/2017,4,617,NA
11/24/2017,7,605,NA
11/24/2017,10,595,NA
11/24/2017,13,600,NA
11/24/2017,16,606,NA
11/24/2017,19,612,NA
11/24/2017,22,609,609
11/25/2017,1,605,NA
11/25/2017,4,600,NA
11/25/2017,7,594,NA
11/25/2017,10,596,NA
11/25/2017,13,601,NA
11/25/2017,16,608,NA
11/25/2017,19,617,NA
11/25/2017,22,612,604
11/26/2017,1,605,NA
11/26/2017,4,603,NA
11/26/2017,7,603,NA
11/26/2017,10,604,NA
11/26/2017,13,606,NA
11/26/2017,16,608,NA
11/26/2017,19,610,NA
11/26/2017,22,611,606
11/27/2017,1,611,NA
11/27/2017,4,609,NA
11/27/2017,7,606,NA
11/27/2017,10,602,NA
11/27/2017,13,598,NA
11/27/2017,16,606,NA
11/27/2017,19,616,NA
11/27/2017,22,622,609
11/28/2017,1,626,NA
11/28/2017,4,621,NA
11/28/2017,7,617,NA
11/28/2017,10,619,NA
11/28/2017,13,621,NA
11/28/2017,16,628,NA
11/28/2017,19,638,NA
11/28/2017,22,644,627
11/29/2017,1,651,NA
11/29/2017,4,644,NA
11/29/2017,7,633,NA
11/29/2017,10,637,NA
11/29/2017,13,646,NA
11/29/2017,16,656,NA
11/29/2017,19,662,NA
11/29/2017,22,658,648
11/30/2017,1,652,NA
11/30/2017,4,642,NA
11/30/2017,7,634,NA
11/30/2017,10,630,NA
11/30/2017,13,627,NA
11/30/2017,16,627,NA
11/30/2017,19,627,NA
11/30/2017,22,631,634
12/1/2017,1,638,NA
12/1/2017,4,640,NA
12/1/2017,7,635,NA
12/1/2017,10,636,NA
12/1/2017,13,638,NA
12/1/2017,16,645,NA
12/1/2017,19,658,NA
12/1/2017,22,657,643
12/2/2017,1,655,NA
12/2/2017,4,645,NA
12/2/2017,7,634,NA
12/2/2017,10,631,NA
12/2/2017,13,635,NA
12/2/2017,16,644,NA
12/2/2017,19,656,NA
12/2/2017,22,662,645
12/3/2017,1,665,NA
12/3/2017,4,660,NA
12/3/2017,7,648,NA
12/3/2017,10,643,NA
12/3/2017,13,638,NA
12/3/2017,16,646,NA
12/3/2017,19,657,NA
12/3/2017,22,653,651
12/4/2017,1,648,NA
12/4/2017,4,640,NA
12/4/2017,7,629,NA
12/4/2017,10,616,NA
12/4/2017,13,607,NA
12/4/2017,16,610,NA
12/4/2017,19,614,NA
12/4/2017,22,614,622
12/5/2017,1,609,NA
12/5/2017,4,600,NA
12/5/2017,7,595,NA
12/5/2017,10,597,NA
12/5/2017,13,599,NA
12/5/2017,16,605,NA
12/5/2017,19,614,NA
12/5/2017,22,618,605
12/6/2017,1,620,NA
12/6/2017,4,612,NA
12/6/2017,7,599,NA
12/6/2017,10,600,NA
12/6/2017,13,603,NA
12/6/2017,16,603,NA
12/6/2017,19,603,NA
12/6/2017,22,605,606
12/7/2017,1,610,NA
12/7/2017,4,606,NA
12/7/2017,7,595,NA
12/7/2017,10,581,NA
12/7/2017,13,575,NA
12/7/2017,16,585,NA
12/7/2017,19,602,NA
12/7/2017,22,606,595
12/8/2017,1,600,NA
12/8/2017,4,590,NA
12/8/2017,7,583,NA
12/8/2017,10,579,NA
12/8/2017,13,577,NA
12/8/2017,16,584,NA
12/8/2017,19,596,NA
12/8/2017,22,601,589
12/9/2017,1,605,NA
12/9/2017,4,599,NA
12/9/2017,7,588,NA
12/9/2017,10,586,NA
12/9/2017,13,585,NA
12/9/2017,16,590,NA
12/9/2017,19,599,NA
12/9/2017,22,606,595
12/10/2017,1,612,NA
12/10/2017,4,602,NA
12/10/2017,7,585,NA
12/10/2017,10,572,NA
12/10/2017,13,566,NA
12/10/2017,16,571,NA
12/10/2017,19,578,NA
12/10/2017,22,582,584
12/11/2017,1,584,NA
12/11/2017,4,580,NA
12/11/2017,7,572,NA
12/11/2017,10,567,NA
12/11/2017,13,564,NA
12/11/2017,16,569,NA
12/11/2017,19,576,NA
12/11/2017,22,580,574
12/12/2017,1,583,NA
12/12/2017,4,587,NA
12/12/2017,7,592,NA
12/12/2017,10,590,NA
12/12/2017,13,589,NA
12/12/2017,16,599,NA
12/12/2017,19,613,NA
12/12/2017,22,619,597
12/13/2017,1,624,NA
12/13/2017,4,617,NA
12/13/2017,7,606,NA
12/13/2017,10,597,NA
12/13/2017,13,590,NA
12/13/2017,16,595,NA
12/13/2017,19,604,NA
12/13/2017,22,609,605
12/14/2017,1,612,NA
12/14/2017,4,607,NA
12/14/2017,7,601,NA
12/14/2017,10,593,NA
12/14/2017,13,588,NA
12/14/2017,16,592,NA
12/14/2017,19,600,NA
12/14/2017,22,603,600
12/15/2017,1,605,NA
12/15/2017,4,601,NA
12/15/2017,7,594,NA
12/15/2017,10,589,NA
12/15/2017,13,580,NA
12/15/2017,16,595,NA
12/15/2017,19,608,NA
12/15/2017,22,618,599
12/16/2017,1,629,NA
12/16/2017,4,620,NA
12/16/2017,7,602,NA
12/16/2017,10,590,NA
12/16/2017,13,580,NA
12/16/2017,16,582,NA
12/16/2017,19,586,NA
12/16/2017,22,588,597
12/17/2017,1,581,NA
12/17/2017,4,572,NA
12/17/2017,7,565,NA
12/17/2017,10,560,NA
12/17/2017,13,556,NA
12/17/2017,16,559,NA
12/17/2017,19,564,NA
12/17/2017,22,566,565
12/18/2017,1,566,NA
12/18/2017,4,563,NA
12/18/2017,7,560,NA
12/18/2017,10,556,NA
12/18/2017,13,550,NA
12/18/2017,16,556,NA
12/18/2017,19,561,NA
12/18/2017,22,567,560
12/19/2017,1,565,NA
12/19/2017,4,562,NA
12/19/2017,7,557,NA
12/19/2017,10,555,NA
12/19/2017,13,553,NA
12/19/2017,16,560,NA
12/19/2017,19,572,NA
12/19/2017,22,585,564
12/20/2017,1,594,NA
12/20/2017,4,588,NA
12/20/2017,7,577,NA
12/20/2017,10,572,NA
12/20/2017,13,568,NA
12/20/2017,16,574,NA
12/20/2017,19,583,NA
12/20/2017,22,588,581
12/21/2017,1,590,NA
12/21/2017,4,587,NA
12/21/2017,7,584,NA
12/21/2017,10,578,NA
12/21/2017,13,574,NA
12/21/2017,16,590,NA
12/21/2017,19,597,NA
12/21/2017,22,600,588
12/22/2017,1,602,NA
12/22/2017,4,588,NA
12/22/2017,7,580,NA
12/22/2017,10,572,NA
12/22/2017,13,565,NA
12/22/2017,16,569,NA
12/22/2017,19,576,NA
12/22/2017,22,590,580
12/23/2017,1,600,NA
12/23/2017,4,593,NA
12/23/2017,7,578,NA
12/23/2017,10,570,NA
12/23/2017,13,565,NA
12/23/2017,16,560,NA
12/23/2017,19,556,NA
12/23/2017,22,553,572
12/24/2017,1,551,NA
12/24/2017,4,550,NA
12/24/2017,7,550,NA
12/24/2017,10,552,NA
12/24/2017,13,553,NA
12/24/2017,16,561,NA
12/24/2017,19,567,NA
12/24/2017,22,573,557
12/25/2017,1,570,NA
12/25/2017,4,570,NA
12/25/2017,7,572,NA
12/25/2017,10,585,NA
12/25/2017,13,593,NA
12/25/2017,16,601,NA
12/25/2017,19,604,NA
12/25/2017,22,599,587
12/26/2017,1,594,NA
12/26/2017,4,589,NA
12/26/2017,7,585,NA
12/26/2017,10,594,NA
12/26/2017,13,608,NA
12/26/2017,16,623,NA
12/26/2017,19,633,NA
12/26/2017,22,620,606
12/27/2017,1,614,NA
12/27/2017,4,619,NA
12/27/2017,7,626,NA
12/27/2017,10,630,NA
12/27/2017,13,633,NA
12/27/2017,16,645,NA
12/27/2017,19,664,NA
12/27/2017,22,673,638
12/28/2017,1,679,NA
12/28/2017,4,686,NA
12/28/2017,7,695,NA
12/28/2017,10,701,NA
12/28/2017,13,707,NA
12/28/2017,16,709,NA
12/28/2017,19,701,NA
12/28/2017,22,695,697
12/29/2017,1,688,NA
12/29/2017,4,686,NA
12/29/2017,7,686,NA
12/29/2017,10,697,NA
12/29/2017,13,715,NA
12/29/2017,16,710,NA
12/29/2017,19,708,NA
12/29/2017,22,696,698
12/30/2017,1,688,NA
12/30/2017,4,676,NA
12/30/2017,7,662,NA
12/30/2017,10,659,NA
12/30/2017,13,656,NA
12/30/2017,16,651,NA
12/30/2017,19,648,NA
12/30/2017,22,633,659
12/31/2017,1,610,NA
12/31/2017,4,606,NA
12/31/2017,7,604,NA
12/31/2017,10,611,NA
12/31/2017,13,624,NA
12/31/2017,16,640,NA
12/31/2017,19,653,NA
12/31/2017,22,658,626
