V1,V2,V3,V4,V5,V6,V7,V8,V9,V10,V11,V12,V13,V14,V15,V16,V17,V18,V19,V20,V21,V22,V23,V24,V25,V26,V27,V28,V29,V30,V31,V32,V33,V34,V35,V36,V37,V38,V39,V40,V41,V42,V43,V44,V45,V46,V47,V48,V49,V50,V51,V52,V53,V54,V55,V56,V57,V58,V59,V60,V61,V62,V63,V64,V65,V66,V67,V68,V69,V70,V71,V72,class
114,228,136.26,152,65.06,4017930.06,9,144,1.96,10,32,16.53,18,9.25,8598.07,27,144,1.96,1,2,1.03,1,0.23,1.28,4,144,1.96,1,1,0.85,1,0.36,0.85,8,144,1.96,16,42,19.99,23,11.4,15187.78,21,144,1.96,500,1500,710,790,380,6.60E+08,8,140,2,30,72,34.22,38,18.69,73918.92,22,144,1.96,690,1800,800,880,470,1.00E+09,10,140,2,Chae
13,580,210,180,200,3.50E+07,11,90,2,3,61,20.53,14,19.15,35061.93,11,90,1.96,1,2,1.01,1,0.73,2.61,8,90,1.96,1,2,0.84,1,0.39,0.91,5,90,1.96,2,80,28.59,25.5,26.5,90970.46,11,90,1.96,160,3500,1300,890,1200,8.40E+09,2,90,2,6,144,52.66,49.5,47.41,531843.92,14,90,1.96,69,3600,1300,1000,1200,8.90E+09,7,90,2,Chae
230,750,320,310,200,7.50E+07,9,160,2,14,63,21.33,20,13.83,24406.28,15,158,1.96,1,2,1.21,1,0.67,3.3,10,158,1.96,1,1,0.84,1,0.37,0.84,4,158,1.96,24.1,63,29.92,33,15.39,46161.68,17,158,1.96,780,3300,1200,1100,800,4.30E+09,11,160,2,49.1,110,57.44,62.5,28.23,317627.3,20,158,1.96,1200,3200,1500,1600,870,7.10E+09,13,160,2,Chae
180,1100,350,230,310,1.80E+08,9,160,2,15,55,23.91,19,15.84,34300.2,31,164,1.96,1,2,1.07,1,0.56,2.24,6,164,1.96,1,2,0.86,1,0.47,1.15,10,164,1.96,11.9,66,23.71,17.5,19.18,45751.32,19,164,1.96,760,4000,1500,940,1200,1.10E+10,13,160,2,25,133,47.88,33.5,39.46,394022.84,19,164,1.96,520,3600,1200,760,1100,7.00E+09,14,160,2,Chae
150,470,220,210,120,1.90E+07,9,130,2,9,44,15.03,12,10.09,8919.8,25,132,1.96,1,2,1.05,1,0.27,1.41,4,132,1.96,1,1,0.97,1,0.17,0.97,4,132,1.96,17,41,20.8,23,10.37,15132.98,21,132,1.96,570,1200,660,740,330,4.80E+08,8,130,2,28.3,80,34.12,34,17.04,70001.48,16,132,1.96,630,1800,760,800,410,8.30E+08,8,130,2,Chae
170,310,190,220,100,1.20E+07,10,130,2,14,34,17.08,19,9.18,9116.13,22,130,1.96,1,2,1.05,1,0.29,1.47,4,130,1.96,1,1,0.73,1,0.45,0.73,8,130,1.96,17,38,19.1,21,9.94,12213.73,21,130,1.96,620,1400,730,820,380,6.90E+08,10,130,2,32,83,36.37,37,18.76,86961.69,25,130,1.96,690,2000,800,800,490,1.10E+09,10,130,2,Chae
260,1200,500,530,320,2.90E+08,9,150,2,14,168,63.34,48,52.34,822606.88,14,146,1.96,1,2,0.75,1,0.45,0.79,11,146,1.96,1,1,0.97,1,0.18,0.97,4,146,1.96,6,56,15.42,9.5,14.35,17151.42,25,146,1.96,710,4200,2300,2100,1600,3.00E+10,11,150,2,17,97,32.47,20,25.67,115188.78,23,146,1.96,270,2100,610,340,570,1.00E+09,8,150,2,Chae
150,1100,410,330,360,2.50E+08,7,120,2,15.6,194,67.97,53.5,59.45,1117840.03,9,122,1.96,1,2,0.97,1,0.44,1.46,6,122,1.96,1,1,0.82,1,0.39,0.82,4,122,1.96,6,62,21.2,12,19,36618.6,21,122,1.96,690,4200,2400,2900,1800,3.50E+10,15,120,2,15.3,119,42.6,27,36.09,274627.83,12,122,1.96,280,2800,930,570,860,3.30E+09,5,120,2,Chae
120,900,210,170,190,4.40E+07,11,160,2,10,104,19.23,13.5,21.76,60843.65,24,156,1.96,1,2,1.06,1,0.4,1.71,4,156,1.96,1,1,0.85,1,0.36,0.85,4,156,1.96,12,70,18.62,15,14.72,24169.74,30,156,1.96,550,3200,820,630,710,2.50E+09,11,160,2,24,128,35.35,29,27.48,162686.62,24,156,1.96,510,3100,760,570,700,2.20E+09,8,160,2,Chae
110,920,290,160,280,1.20E+08,6,130,2,12,168,38.45,15,47.64,486681.28,18,130,1.96,1,2,0.93,1,0.57,1.72,4,130,1.96,0,1,0.57,1,0.5,0.57,6,130,1.96,11.7,81,24.28,15,22.99,68276.77,18,130,1.96,540,4200,1500,620,1500,1.70E+10,12,130,2,21,153,44.49,28,42.93,442609.98,15,130,1.96,550,3700,1100,720,1000,6.50E+09,8,130,2,Chae
150,740,230,220,160,3.60E+07,7,140,2,14.9,72,24.85,22,16.96,39921.02,18,144,1.96,1,2,0.99,1,0.43,1.49,8,144,1.96,1,1,0.84,1,0.37,0.84,4,144,1.96,12.9,47,22.71,25.5,14.32,25100.83,15,144,1.96,890,2600,1200,1300,650,3.40E+09,8,140,2,25.9,90,43.23,48.5,23.84,150871.27,13,144,1.96,620,2400,1000,1100,680,2.60E+09,7,140,2,Chae
180,490,240,250,130,2.50E+07,6,110,2,13,35,17.04,17,9.5,9667.44,17,110,1.96,1,1,0.86,1,0.34,0.86,4,110,1.96,1,1,0.76,1,0.43,0.76,2,110,1.96,16,45,20.41,21,11.72,16602.45,9,110,1.96,810,2000,1100,1100,550,2.20E+09,5,110,2,32,95,40.17,38,23.63,133772.1,15,110,1.96,680,2000,860,870,510,1.30E+09,6,110,2,Chae
22,1200,300,200,360,2.10E+08,4,72,2,9,81,25.35,21.5,22.71,67738.01,7,72,1.96,0.3,4,1.14,1,1.13,7.31,7,72,1.96,1,2,0.83,1,0.61,1.5,4,72,1.96,3.3,110,32,25,35,190000,7,72,2,270,4100,1500,1400,1400,1.40E+10,5,72,2,9.6,230,62,46,67,1400000,8,72,2,110,4000,1400,1100,1500,1.50E+10,5,72,2,Chae
77,790,300,210,270,1.00E+08,6,90,2,14,70,31.07,24.5,24.43,90184,7,90,1.96,1,3,1.43,1,1.03,7.9,6,90,1.96,1,2,1.22,1,0.56,2.96,6,90,1.96,13.7,107,41.13,21,39.08,290621.4,10,90,1.96,750,4200,1800,1100,1500,1.90E+10,6,90,2,25,204,73.07,43,67.77,1610338.67,9,90,1.96,570,4000,1700,860,1600,2.10E+10,5,90,2,Chae
160,920,310,270,230,9.20E+07,7,170,2,40.7,171,70.12,59,46.27,839851.72,11,170,1.96,1,2,1.09,1,0.38,1.84,6,170,1.96,0.7,1,0.7,1,0.46,0.7,10,170,1.96,6,78,19.64,14,18.7,37657.39,24,170,1.96,1700,4200,2600,2600,1300,3.00E+10,15,170,2,13,139,37.16,26.5,33.96,231848.64,18,170,1.96,270,3300,840,580,810,3.00E+09,5,170,2,Chae
130,1100,320,210,320,1.70E+08,5,110,2,14,53,20.38,17.5,14.64,23423.83,13,106,1.96,1,3,1.1,1,0.76,3.42,6,106,1.96,1,2,0.89,1,0.48,1.28,4,106,1.96,16,72,24.78,21.5,19.48,48711.78,12,106,1.96,730,4000,1400,960,1200,1.10E+10,6,110,2,29,132,47.55,40,36.75,339994.7,13,106,1.96,630,3400,1100,950,920,5.00E+09,7,110,2,Chae
400,1100,520,480,300,2.90E+08,6,130,2,38,241,85.8,46.5,75.58,2438087.39,12,132,1.96,1,3,1.16,1,0.82,4.11,12,132,1.96,1,2,1.06,1,0.56,2.2,12,132,1.96,12,88,33.16,18.5,28.75,132385.2,19,132,1.96,2200,4200,2800,3100,1500,3.70E+10,15,130,2,23.3,165,64.88,40.5,54.26,939652.24,17,132,1.96,450,4000,1500,770,1400,1.50E+10,5,130,2,Chae
180,960,290,240,230,8.30E+07,8,120,2,12.7,45,20.62,15.5,12.89,19566.22,14,120,1.96,1,2,1.25,1,0.54,3.05,8,120,1.96,1,1,0.82,1,0.38,0.82,8,120,1.96,13.7,60,24.94,22.5,17.1,38434.14,18,120,1.96,720,2300,1000,870,650,2.50E+09,7,120,2,27.7,111,46.62,38,31.25,248132.88,15,120,1.96,590,3200,1100,760,870,4.30E+09,7,120,2,Chae
140,420,190,220,120,1.50E+07,8,120,2,13,54,17.51,15.5,12.73,16246.96,16,120,1.96,1,2,1.01,1,0.48,1.71,8,120,1.96,1,1,0.79,1,0.41,0.79,6,120,1.96,19,59,23.46,23,14.72,29526.11,18,120,1.96,670,2500,920,820,620,2.00E+09,10,120,2,30.7,105,42.14,44,25.93,167579.44,13,120,1.96,670,2700,970,960,660,2.40E+09,8,120,2,Chae
141.5,318,172.71,195,92.85,9173092.53,8,136,1.96,8,23,10.08,10,4.91,1764.51,31,136,1.96,1,1,0.94,1,0.24,0.94,4,136,1.96,1,1,0.95,1,0.22,0.95,6,136,1.96,13,29,16.13,19,8.25,7139.1,18,136,1.96,460,1000,540,570,260,2.60E+08,8,140,2,26.5,52,30.96,34,13.9,45687.78,20,136,1.96,560,1200,650,740,320,4.40E+08,9,140,2,Chae
220,1100,610,820,420,5.00E+08,3,76,2,14.5,162,66.55,55,57.47,1003467.24,4,76,1.96,1,3,1.7,2,0.97,9.51,10,76,1.96,1,2,1.33,1,0.6,3.7,6,76,1.96,8,97,43.01,39,35.97,249195.14,7,76,1.96,760,4200,2600,3900,1800,4.00E+10,10,76,2,19.5,178,77.05,72,62.27,1389532.74,4,76,1.96,330,4000,1900,1600,1600,2.20E+10,4,76,2,Chae
140,740,250,190,170,4.00E+07,10,190,2,16,56,22.27,21,12.24,22419.33,30,192,1.96,1,2,1.01,1,0.32,1.35,8,192,1.96,1,1,0.82,1,0.38,0.82,10,192,1.96,16,65,23.57,20,13.92,28721.6,32,192,1.96,860,2500,1200,1100,550,2.60E+09,12,190,2,33,100,43.67,38,22.65,152891.07,31,192,1.96,740,2300,1000,880,550,2.00E+09,15,190,2,Chae
150,1300,460,460,390,3.40E+08,2,72,2,12,62,27.79,31.5,18.43,50415.79,7,72,1.96,1,2,1.11,1,0.68,2.86,8,72,1.96,1,2,1.07,1,0.35,1.65,4,72,1.96,8.3,80,34,32,28,120000,6,72,2,550,3700,1600,1700,1100,1.00E+10,3,72,2,15.9,150,61.76,56,50.65,744836.18,6,72,1.96,340,3700,1600,1600,1300,1.20E+10,2,72,2,Chae
160,470,210,210,120,1.80E+07,7,140,2,14,47,17.94,17.5,10.59,12396.41,20,142,1.96,1,2,1.04,1,0.26,1.38,4,142,1.96,1,1,0.86,1,0.35,0.86,10,142,1.96,14,43,18.32,20,10.38,11932.75,17,142,1.96,840,2800,1100,1100,620,2.50E+09,12,140,2,29,85,35.94,39,19.36,87111.23,13,142,1.96,620,2100,810,860,490,1.10E+09,10,140,2,Chae
150,340,180,200,99,1.10E+07,7,120,2,11,42,20.09,20.5,12.26,17384.09,14,124,1.96,1,2,0.81,1,0.42,0.85,5,124,1.96,1,1,0.85,1,0.36,0.85,4,124,1.96,16,33,18.02,20,9.34,10051.91,23,124,1.96,590,1800,840,870,490,1.20E+09,6,120,2,29,67,32.75,34,16.53,60836.17,18,124,1.96,640,1500,730,820,390,7.10E+08,7,120,2,Chae
320,1000,430,400,250,1.70E+08,10,160,2,13.9,42,17.95,17,9.77,11437.27,22,164,1.96,0,3,0.7,1,0.72,1.68,12,164,1.96,1,2,0.73,1,0.49,0.84,15,164,1.96,17,80,26.22,23,18.53,52064.29,19,164,1.96,840,2200,1100,1200,510,2.00E+09,11,160,2,30,126,46.71,42,31.66,272330.66,19,164,1.96,690,3200,1100,980,800,4.10E+09,9,160,2,Chae
110,730,200,150,190,4.10E+07,9,110,2,9.9,42,17.73,15,12.71,14816.68,18,114,1.96,1,2,1.24,1,0.47,2.76,4,114,1.96,1,1,0.98,1,0.13,0.98,2,114,1.96,16,54,21.21,20,13.86,23207.89,14,114,1.96,500,2000,770,680,540,1.20E+09,5,110,2,26.9,119,42.54,36,30.18,216730.39,16,114,1.96,610,2800,970,780,780,3.20E+09,8,110,2,Chae
140,970,230,190,220,6.50E+07,7,110,2,17,62,23.78,22,15.95,34020.87,12,110,1.96,1,2,1.09,1,0.42,1.91,4,110,1.96,0,1,0.69,1,0.46,0.69,4,110,1.96,14,65,19.02,17,15.27,25498.29,18,110,1.96,650,2700,880,790,620,2.00E+09,6,110,2,26.7,134,37.89,33,30.08,199811.22,14,110,1.96,580,3000,830,710,720,2.40E+09,6,110,2,Chae
140,370,180,190,110,1.20E+07,8,130,2,14,30,16.49,18,7.62,7151.66,25,134,1.96,1,1,0.9,1,0.3,0.9,2,134,1.96,1,1,0.97,1,0.17,0.97,4,134,1.96,15,35,18.81,20,9.73,11717.51,26,134,1.96,770,1600,840,890,410,9.90E+08,8,130,2,26,72,33.85,34,17.16,68578.84,15,134,1.96,660,1400,780,850,390,7.90E+08,12,130,2,Chae
141.9,367,172.36,192.5,85.14,8609120.24,8,130,1.96,12,41,16.21,15,8.62,8228.04,21,130,1.96,1,1,0.88,1,0.33,0.88,4,130,1.96,1,1,0.78,1,0.42,0.78,2,130,1.96,15.7,31,18.94,21.5,8.78,10607.14,16,130,1.96,760,1900,920,910,450,1.30E+09,10,130,2,32,66,37.05,41,15.22,73574.44,14,130,1.96,740,1300,810,910,370,7.90E+08,8,130,2,Chae
120,720,210,200,160,3.20E+07,7,140,2,12,32,14.58,14,7.59,5674.06,17,142,1.96,1,2,1.01,1,0.19,1.13,4,142,1.96,1,1,0.85,1,0.36,0.85,10,142,1.96,17,37,21.3,24,10.52,15922.82,18,142,1.96,730,1700,970,1100,480,1.50E+09,11,140,2,27,72,37.44,40.5,18.17,87433.99,18,142,1.96,640,1400,830,950,410,9.30E+08,12,140,2,Chae
150,750,200,180,160,3.20E+07,14,160,2,18,101,26.59,21,20.59,69934.9,23,164,1.96,1,2,1.09,1,0.39,1.82,4,164,1.96,1,1,0.98,1,0.15,0.98,4,164,1.96,21,94,26.04,24.5,16.64,45827.01,20,164,1.96,770,4000,1100,870,930,5.70E+09,14,160,2,35,145,46.14,41,31.96,290528.82,21,164,1.96,880,3900,1200,980,890,5.50E+09,10,160,2,Chae
140,880,240,190,200,5.70E+07,7,140,2,15,36,19.41,20,9.09,11749.88,17,138,1.96,1,2,1.01,1,0.21,1.19,4,138,1.96,1,1,0.86,1,0.35,0.86,2,138,1.96,17.1,55,21.51,21.5,12.2,20214.77,16,138,1.96,760,2500,980,980,530,1.90E+09,8,140,2,30,91,40.22,41,21.41,121729.7,11,138,1.96,640,2200,920,940,540,1.60E+09,10,140,2,Chae
130,650,280,220,220,6.40E+07,6,88,2,17.1,168,66.09,41.5,60.07,1102914.23,8,88,1.96,1,3,1.17,1,0.73,3.56,7,88,1.96,1,1,0.76,1,0.43,0.76,2,88,1.96,6,68,24.9,15.5,22.49,58456.24,14,88,1.96,780,4200,2500,3500,1800,3.70E+10,9,88,2,12.1,126,48.4,35,41.93,402676.49,10,88,1.96,240,3600,1200,780,1200,7.70E+09,4,88,2,Chae
200,1800,560,560,460,6.00E+08,4,120,2,18.7,101,43.06,41,30.54,213090.26,14,120,1.96,0,2,0.81,1,0.63,1.51,10,120,1.96,0,1,0.55,1,0.5,0.55,6,120,1.96,5,56,17.29,12.5,15.21,19548.29,15,120,1.96,700,4200,2200,2200,1500,2.50E+10,7,120,2,10.7,108,36.16,34.5,29.05,152929.61,14,120,1.96,140,2600,770,640,720,2.00E+09,9,120,2,Chae
300,550,320,350,160,5.40E+07,9,120,2,12,28,13.53,14,6.7,4231.15,23,124,1.96,1,2,0.85,1,0.4,0.94,4,124,1.96,1,1,0.78,1,0.41,0.78,4,124,1.96,15,31,16.9,18.5,8.26,7932.4,20,124,1.96,720,1600,850,940,440,1.10E+09,7,120,2,31.9,57,32.73,36,13.68,51068.05,16,124,1.96,620,1300,700,760,340,5.50E+08,8,120,2,Chae
160,360,190,210,94,1.20E+07,11,140,2,10,33,15.03,14,8.7,6929.34,20,140,1.96,1,2,0.94,1,0.3,1.02,8,140,1.96,1,1,0.84,1,0.37,0.84,6,140,1.96,15,28,17.26,19,8.07,8116.57,18,140,1.96,600,1400,740,780,360,6.80E+08,10,140,2,27.7,49,32.19,36.5,13.35,48487.94,18,140,1.96,550,1100,670,750,320,4.90E+08,10,140,2,Chae
140,1000,310,200,300,1.50E+08,4,98,2,11,87,21.87,17.5,20.89,54609.62,15,98,1.96,1,2,1.18,1,0.5,2.59,6,98,1.96,1,1,0.84,1,0.37,0.84,4,98,1.96,15,65,24.61,20,19.73,48674.69,13,98,1.96,580,3400,1100,800,920,4.90E+09,5,98,2,26,125,47.37,39,37.29,340466.31,13,98,1.96,580,3200,1100,820,950,5.00E+09,6,98,2,Chae
95.3,368,144.72,153.5,91.55,6910999.51,9,122,1.96,18,40,21.31,24,10.32,15796.25,14,122,1.96,1,2,1.02,1,0.24,1.27,4,122,1.96,1,1,0.93,1,0.25,0.93,6,122,1.96,14.3,37,18.52,19,9.91,11633.09,16,122,1.96,740,1900,900,960,470,1.30E+09,7,120,2,27,74,32.79,33.5,18.4,68848.46,14,122,1.96,620,1600,750,810,410,7.70E+08,8,120,2,Chae
200,880,320,310,220,8.70E+07,7,120,2,10,30,13.92,14,7.75,5180.65,19,124,1.96,1,2,0.8,1,0.54,1.19,6,124,1.96,0,1,0.4,0,0.49,0.4,8,124,1.96,12,63,20.47,19,15.39,26890.5,13,124,1.96,510,1500,710,720,420,7.50E+08,7,120,2,27.9,121,40.4,38.5,28.05,185261.46,13,124,1.96,570,2700,890,870,640,2.00E+09,8,120,2,Chae
210,610,270,260,140,3.80E+07,7,120,2,18,34,19.81,20,7.98,11300.2,17,124,1.96,1,2,0.85,1,0.47,1.15,6,124,1.96,1,1,0.73,1,0.44,0.73,2,124,1.96,18.9,48,24.13,29,13.15,25227.76,17,124,1.96,710,1500,860,850,350,9.50E+08,9,120,2,43.8,74,46.12,54,22.18,157473.64,12,124,1.96,910,1800,1100,1200,610,2.30E+09,6,120,2,Chae
340,900,450,400,280,1.90E+08,9,120,2,14.3,166,69.04,56,56.67,1033431.93,8,122,1.96,1,2,0.91,1,0.32,0.96,7,122,1.96,1,1,0.84,1,0.36,0.84,12,122,1.96,10,51,20.79,20,14.6,23280.03,16,122,1.96,840,4200,2400,2200,1600,3.20E+10,8,120,2,19,109,43.31,42,30.62,214733.44,14,122,1.96,370,2300,950,790,740,2.60E+09,8,120,2,Chae
104,314,129.22,138,78.46,4661906.23,10,152,1.96,11,30,14.59,15,7.63,5602.99,30,152,1.96,1,1,0.87,1,0.34,0.87,2,152,1.96,1,1,0.84,1,0.37,0.84,2,152,1.96,12,30,16.84,19,9.03,8522.15,30,152,1.96,420,920,520,570,250,2.30E+08,10,150,2,25,56,30.57,34,14.2,45580.28,22,152,1.96,510,1300,680,790,360,5.40E+08,8,150,2,Chae
100,1400,270,200,290,1.40E+08,11,190,2,18,62,25.54,22,14.95,36521.62,32,194,1.96,1,2,1.09,1,0.46,2.02,10,194,1.96,1,1,0.9,1,0.3,0.9,4,194,1.96,21,69,28.08,26,15.12,42602.75,29,194,1.96,1200,3700,1400,1400,800,6.30E+09,14,190,2,38,140,51.06,47,29.28,283215.19,28,194,1.96,920,3700,1300,1200,830,5.40E+09,12,190,2,Chae
210,670,290,280,180,5.60E+07,8,130,2,13.9,59,21.16,17.5,14.44,25149.87,14,134,1.96,1,2,0.99,1,0.37,1.34,6,134,1.96,1,1,0.79,1,0.41,0.79,8,134,1.96,16.9,51,21.69,23,12.12,19925.75,16,134,1.96,830,4000,1200,1100,930,6.20E+09,9,130,2,32,106,42.34,46,23.28,148893.2,15,134,1.96,680,2500,950,960,580,1.90E+09,7,130,2,Chae
160,770,280,240,190,5.40E+07,10,160,2,10,55,17.44,12,13.32,17462.25,22,160,1.96,1,1,0.96,1,0.21,0.96,4,160,1.96,1,1,0.84,1,0.36,0.84,2,160,1.96,12,33,14.71,15,7.09,5358.76,27,160,1.96,590,3200,1000,750,790,3.60E+09,11,160,2,23,59,29.58,31,14.4,44037.29,20,160,1.96,470,1100,610,650,310,3.90E+08,11,160,2,Chae
370,900,500,600,290,2.40E+08,3,100,2,40.3,187,79.51,72.5,59.42,1396877.63,8,102,1.96,1,3,1.59,2,0.78,6.88,10,102,1.96,1,2,0.85,1,0.53,1.32,4,102,1.96,13.6,83,38.21,45,27.62,140954.97,14,102,1.96,1900,4200,2800,3400,1600,4.00E+10,9,100,2,32.9,156,72.69,81,51.02,937229.22,10,102,1.96,660,3700,1900,2300,1300,1.60E+10,6,100,2,Chae
150,610,220,190,150,2.80E+07,11,140,2,13,50,18.38,17,11.16,14094.69,23,138,1.96,1,1,0.79,1,0.41,0.79,6,138,1.96,1,1,0.8,1,0.4,0.8,4,138,1.96,14,39,17.79,19,9.55,10322.14,19,138,1.96,790,3000,980,910,600,2.30E+09,8,140,2,26.1,80,36.12,34,20.08,92290.94,11,138,1.96,620,1800,800,790,460,1.00E+09,8,140,2,Chae
126,230,133.7,150,62.37,3718783.1,10,140,1.96,14,44,17.18,15,9.78,10492.54,21,140,1.96,1,1,0.87,1,0.34,0.87,2,140,1.96,1,1,0.86,1,0.35,0.86,2,140,1.96,16,26,16.95,18,7.2,7090.86,30,140,1.96,550,1000,580,630,250,2.90E+08,11,140,2,27.7,50,28.74,31.5,11.64,34017.15,20,140,1.96,640,1000,640,710,280,3.80E+08,10,140,2,Chae
121.9,326,153.59,165.5,79.31,6385820.81,7,124,1.96,15,33,17.56,17.5,8.19,8882.08,15,124,1.96,1,2,1.08,1,0.43,1.9,8,124,1.96,1,1,0.89,1,0.32,0.89,6,124,1.96,16.9,40,21.7,23,11.63,18284.78,16,124,1.96,740,1900,910,970,440,1.20E+09,7,120,2,29.9,79,41.28,44,21.56,124595.19,12,124,1.96,680,2000,930,1000,520,1.50E+09,9,120,2,Chae
320,1000,500,440,280,2.40E+08,8,140,2,31,93,49.96,47,27.24,233857.87,16,136,1.96,1,2,0.74,1,0.47,0.83,12,136,1.96,0,1,0.65,1,0.48,0.65,10,136,1.96,7,50,14.58,9,12.21,11801.14,18,136,1.96,1900,4200,2500,2300,1200,2.50E+10,12,140,2,15,90,29.95,21.5,22.78,86509.8,17,136,1.96,260,1900,570,390,480,7.00E+08,8,140,2,Chae
170,460,220,230,110,1.80E+07,10,150,2,10,38,14.75,14,8.56,6704.4,29,153,1.96,1,1,0.88,1,0.33,0.88,4,153,1.96,1,1,0.78,1,0.41,0.78,4,153,1.96,15,33,16.86,19,7.99,7666.82,27,153,1.96,530,1900,770,660,460,9.70E+08,13,150,2,27,58,31.4,32,14.04,47903.05,23,153,1.96,540,1300,650,700,320,4.60E+08,11,150,2,Chae
87,260,117.83,126.5,69.46,3306885.08,9,136,1.96,14,31,17.62,19,8.7,9122.35,20,136,1.96,1,1,0.9,1,0.31,0.9,6,136,1.96,0.5,1,0.7,1,0.46,0.7,4,136,1.96,20,34,21.35,25,10.34,15528.74,20,136,1.96,690,1500,850,960,440,1.10E+09,9,140,2,35,67,38.72,46,18.01,90470.81,19,136,1.96,830,1400,870,1000,420,1.10E+09,9,140,2,Chae
270,670,350,340,160,6.80E+07,12,190,2,40,199,54.65,49,36.4,477921.75,14,186,1.96,1,1,0.8,1,0.4,0.8,8,186,1.96,0,1,0.26,0,0.44,0.26,12,186,1.96,8,44,11.1,9,8.31,4948.94,37,186,1.96,1600,4200,2100,1900,1000,1.50E+10,13,190,2,16,80,23.07,20,15.44,36295.36,36,186,1.96,290,1600,420,360,320,2.80E+08,12,190,2,Chae
126.1,309,159.46,160,93.17,7982160.64,10,140,1.96,13.7,74,21.24,19,17.42,34682.68,16,140,1.96,1,2,1.1,1,0.45,2.04,11,140,1.96,1,2,1.03,1,0.32,1.41,6,140,1.96,18,58,25.46,26.5,14.84,33166.29,13,140,1.96,840,2400,1100,1100,670,2.70E+09,10,140,2,34,101,47.6,49,27.75,218042.09,15,140,1.96,820,2300,1100,1100,660,2.70E+09,9,140,2,Chae
280,510,320,330,130,4.70E+07,8,140,2,13,30,14.33,14,5.72,4349.33,28,136,1.96,1,2,0.91,1,0.33,1,6,136,1.96,0,1,0.66,1,0.47,0.66,6,136,1.96,14,38,16.68,17.5,8.57,8312.51,27,136,1.96,630,1200,730,760,250,5.10E+08,12,140,2,28.5,58,31.06,33,13.79,46399.41,19,136,1.96,540,1500,650,690,350,5.30E+08,8,140,2,Chae
140,710,200,180,170,3.10E+07,8,110,2,10.9,32,15.69,17,8.93,7484.75,18,114,1.96,1,2,1.02,1,0.27,1.28,4,114,1.96,1,1,0.96,1,0.18,0.96,4,114,1.96,14.9,49,19.92,21,12.56,17742.55,15,114,1.96,460,1800,700,690,450,8.10E+08,6,110,2,30.9,104,39.43,39,24.19,139481.32,11,114,1.96,670,2800,890,840,670,2.30E+09,7,110,2,Chae
210,1500,670,780,500,7.90E+08,3,80,2,17.7,52,28.55,26.5,15.59,43405.47,12,80,1.96,1,2,1.19,1,0.83,3.89,4,80,1.96,1,1,0.72,1,0.45,0.72,2,80,1.96,13.4,63,32.42,40.5,22.24,78574.6,10,80,1.96,720,2600,1500,1700,870,6.40E+09,6,80,2,25.5,121,63.61,79.5,42.06,560750.49,10,80,1.96,590,2900,1600,2100,1100,8.70E+09,5,80,2,Chae
190,500,230,250,130,2.30E+07,7,130,2,12.7,33,15.08,15,8.06,6302.44,17,130,1.96,1,1,0.93,1,0.25,0.93,4,130,1.96,1,1,0.89,1,0.31,0.89,2,130,1.96,15,29,17.17,20,8.4,8203.29,21,130,1.96,810,1700,860,970,430,1.10E+09,9,130,2,28.7,58,32.92,34,15.44,57012.15,17,130,1.96,590,1200,680,770,330,5.00E+08,11,130,2,Chae
85,400,170,160,130,1.40E+07,7,98,2,14.3,58,21.17,21.5,14.75,24796.28,13,98,1.96,1,2,1.29,1,0.5,3.12,4,98,1.96,1,2,0.92,1,0.37,1.1,6,98,1.96,12,54,23.93,22,17.17,36040.95,10,98,1.96,740,2500,1000,1200,660,2.40E+09,5,98,2,22.1,101,45.52,39,33.62,262422.34,11,98,1.96,450,2600,1000,770,830,3.50E+09,6,98,2,Chae
129,356,171.04,176.5,88.99,8982284.42,7,136,1.96,17,60,25.65,25,15.49,36258.29,13,136,1.96,1,1,0.85,1,0.36,0.85,2,136,1.96,1,1,0.85,1,0.36,0.85,4,136,1.96,14,32,16.71,17.5,8.08,7682.15,15,136,1.96,780,1700,910,960,410,1.20E+09,10,140,2,24,61,32.51,34,15.32,55609.49,16,136,1.96,580,1300,720,790,360,6.20E+08,13,140,2,Chae
109.9,374,153.89,133.5,105.01,8988565.11,7,114,1.96,16,44,20.75,21.5,10.98,16176.01,18,114,1.96,1,2,0.99,1,0.56,1.89,8,114,1.96,1,1,0.82,1,0.39,0.82,4,114,1.96,17,47,24.75,28,14.73,30053.12,10,114,1.96,680,1800,900,950,480,1.30E+09,7,110,2,36,100,50.44,56,27.97,240032.12,8,114,1.96,880,2400,1200,1300,700,3.40E+09,7,110,2,Chae
140,460,190,190,100,1.20E+07,13,160,2,13,36,16.54,17,8.16,7780.81,24,156,1.96,1,2,0.92,1,0.31,1,6,156,1.96,1,1,0.9,1,0.3,0.9,6,156,1.96,19,36,22.08,24,10.59,17184.66,18,156,1.96,660,1800,910,970,470,1.30E+09,10,160,2,36,70,41.85,46,18.23,109745.58,21,156,1.96,840,1600,1000,1100,480,1.60E+09,11,160,2,Chae
200,770,300,270,220,7.50E+07,8,120,2,12.3,48,19.99,17.5,12.6,17878.3,21,122,1.96,1,2,0.8,1,0.53,1.14,8,122,1.96,0,1,0.57,1,0.5,0.57,6,122,1.96,5.3,55,18.33,16.5,15.54,22056.62,13,122,1.96,810,2500,1000,1000,600,2.30E+09,7,120,2,13,97,35.57,32.5,26.64,132384.89,14,122,1.96,200,2200,750,670,640,1.50E+09,6,120,2,Chae
200,990,290,260,210,7.70E+07,9,150,2,14,64,21.25,19,14.48,26103.94,17,148,1.96,1,2,1.01,1,0.38,1.45,6,148,1.96,1,1,0.95,1,0.21,0.95,4,148,1.96,15,66,21.37,20,14.53,26638.51,18,148,1.96,830,3800,1300,1200,840,5.30E+09,10,150,2,26,107,39.63,35.5,24.06,141834.59,13,148,1.96,640,2900,920,860,630,2.20E+09,10,150,2,Chae
87.2,234,118.72,133.5,65.08,3067391.65,11,142,1.96,11.3,29,14.87,16.5,7.85,5828.15,27,142,1.96,1,2,0.89,1,0.4,1.06,4,142,1.96,1,1,0.77,1,0.42,0.77,4,142,1.96,16.3,34,18.14,20,8.94,9899.46,22,142,1.96,560,1400,680,770,350,5.50E+08,6,140,2,32.3,56,33.92,40,14.71,58010.14,20,142,1.96,670,1500,770,850,380,7.40E+08,13,140,2,Chae
170,350,200,220,99,1.40E+07,7,130,2,14,43,18.06,18,9.02,10591.74,18,132,1.96,1,2,0.97,1,0.27,1.11,4,132,1.96,1,1,0.87,1,0.34,0.87,4,132,1.96,15.3,34,17.96,20,8.79,9477.96,18,132,1.96,780,1700,950,980,460,1.40E+09,10,130,2,30,60,34.66,36.5,16.29,66363.3,20,132,1.96,660,1500,750,850,360,6.80E+08,8,130,2,Chae
260,960,340,350,230,9.60E+07,8,130,2,13,42,17.33,16,9.62,10349.61,21,130,1.96,1,2,1.02,1,0.42,1.62,6,130,1.96,1,1,0.74,1,0.44,0.74,6,130,1.96,13,53,20.5,19,13.67,21296.32,20,130,1.96,740,3000,1100,1000,720,3.20E+09,9,130,2,26.7,79,37.03,33,21.61,105264.48,12,130,1.96,530,2100,840,770,560,1.50E+09,7,130,2,Chae
100,680,200,160,180,3.40E+07,4,110,2,14,58,21.96,22,15.01,27073.53,14,106,1.96,1,2,1.05,1,0.29,1.44,4,106,1.96,1,1,0.98,1,0.14,0.98,2,106,1.96,17.5,52,21.54,23,12.97,21282.03,14,106,1.96,820,2800,1000,980,700,2.80E+09,6,110,2,29,90,37.88,40.5,19.99,101124.29,13,106,1.96,690,2000,820,810,520,1.30E+09,7,110,2,Chae
180,520,240,280,140,2.70E+07,8,120,2,13.3,91,29.6,21,26.73,108864.68,17,122,1.96,1,2,1.02,1,0.6,2.16,6,122,1.96,1,1,0.81,1,0.39,0.81,6,122,1.96,12.3,58,22.55,21.5,16.15,30884.98,17,122,1.96,600,4200,1500,1100,1400,1.40E+10,5,120,2,22,99,40.37,36,29.79,189247.07,15,122,1.96,500,2500,980,820,780,3.00E+09,9,120,2,Chae
200,500,240,250,140,2.70E+07,9,130,2,15,23,14.75,17,6.69,4888.32,27,126,1.96,1,2,0.93,1,0.4,1.21,6,126,1.96,1,1,0.85,1,0.36,0.85,4,126,1.96,15,50,23.61,21,14.64,28116.33,19,126,1.96,640,1400,740,770,380,7.00E+08,9,130,2,27,97,42.27,39,26.76,172037.6,15,126,1.96,680,2200,980,810,630,2.10E+09,5,130,2,Chae
160,430,200,220,100,1.40E+07,7,140,2,13,68,19.54,17,13.73,21784.58,18,142,1.96,1,1,0.99,1,0.12,0.99,2,142,1.96,1,1,0.89,1,0.31,0.89,10,142,1.96,20,44,23.44,26,11.5,21033.67,21,142,1.96,810,2000,1000,1000,510,1.70E+09,10,140,2,37.3,74,41.99,45,19.97,118694.82,22,142,1.96,880,1600,980,1100,490,1.60E+09,9,140,2,Chae
140,480,190,190,110,1.50E+07,9,140,2,12,31,14.67,14,7.38,5546.8,23,138,1.96,1,2,0.94,1,0.34,1.12,8,138,1.96,0,1,0.59,1,0.49,0.59,10,138,1.96,14,51,17.94,18,10.93,13024.03,20,138,1.96,470,1200,550,560,280,2.90E+08,8,140,2,27,100,33.38,33,21.51,93992.47,18,138,1.96,570,2500,770,670,560,1.40E+09,8,140,2,Chae
210,500,280,300,140,3.50E+07,10,160,2,14,36,17.62,19,8.58,9178.28,19,156,1.96,1,2,0.93,1,0.32,1.04,7,156,1.96,1,1,0.95,1,0.22,0.95,4,156,1.96,14,32,17.93,20,8.69,9436.08,21,156,1.96,670,1800,830,920,400,9.50E+08,11,160,2,28,63,33.48,37.5,15.15,58767.75,20,156,1.96,640,1300,750,840,340,6.60E+08,16,160,2,Chae
145,308,171.1,188.5,82.53,8150474.3,13,166,1.96,12,44,17.27,16.5,9.25,9982.29,29,166,1.96,1,2,0.99,1,0.13,1.03,3,166,1.96,1,1,0.9,1,0.3,0.9,10,166,1.96,14,30,15.88,16,7.46,6422.9,26,166,1.96,770,2300,950,960,450,1.50E+09,10,170,2,22,56,29.17,29.5,13.09,39029.96,21,166,1.96,550,1100,630,660,290,3.90E+08,13,170,2,Chae
127,349,158.77,165.5,85.79,7357508.28,9,146,1.96,13.5,46,18.34,16,10.23,12424.36,30,146,1.96,1,1,0.86,1,0.35,0.86,6,146,1.96,1,1,0.88,1,0.33,0.88,6,146,1.96,15.5,36,17.05,19,8.22,8125.8,17,146,1.96,630,1400,730,780,350,6.40E+08,9,150,2,28,52,31.39,33,13.94,47517.12,24,146,1.96,600,1200,710,820,350,5.80E+08,8,150,2,Chae
160,450,200,210,110,1.50E+07,13,170,2,11,46,19.52,13,12.62,18007.7,34,170,1.96,1,1,0.88,1,0.33,0.88,4,170,1.96,1,1,0.91,1,0.28,0.91,2,170,1.96,12,33,15.24,15,8.18,6625.55,24,170,1.96,810,2300,1200,1100,600,2.80E+09,13,170,2,24,62,30.82,31,14.74,49152.93,20,170,1.96,500,1300,640,670,330,4.60E+08,11,170,2,Chae
56,550,230,280,180,3.70E+07,6,82,2,10,46,19.59,19,13.55,19206.78,12,82,1.96,1,2,1.04,1,0.58,2.13,6,82,1.96,1,1,0.94,1,0.24,0.94,4,82,1.96,9.3,60,25.62,28,19.24,46257.09,14,82,1.96,460,2200,970,940,660,2.30E+09,3,82,2,19.9,119,50.89,52.5,35.38,329447.45,7,82,1.96,390,2500,1200,1300,860,4.20E+09,4,82,2,Chae
240,1000,390,320,260,1.40E+08,8,140,2,17.3,70,24.53,21.5,15.73,36333.19,19,142,1.96,1,2,0.96,1,0.38,1.3,4,142,1.96,1,1,0.83,1,0.38,0.83,6,142,1.96,17,60,23.01,22,13.77,26530.16,20,142,1.96,950,3600,1400,1400,830,5.80E+09,10,140,2,33.3,124,45.39,41,27.8,213093.6,17,142,1.96,750,2600,1000,950,620,2.30E+09,10,140,2,Chae
210,940,330,270,240,1.00E+08,9,150,2,13,52,18.17,16,11.87,15267.62,26,146,1.96,1,2,0.87,1,0.39,0.99,5,146,1.96,1,1,0.81,1,0.4,0.81,2,146,1.96,23,55,26.9,29,14.37,35115.02,15,146,1.96,620,3500,990,760,820,3.70E+09,10,150,2,44,116,51.27,52.5,26.83,244478.16,13,146,1.96,1000,3000,1300,1300,750,4.30E+09,11,150,2,Chae
220,1500,390,320,340,2.60E+08,10,150,2,9,55,16.99,14,12.14,14651.93,22,154,1.96,1,2,1.03,1,0.5,1.84,6,154,1.96,1,2,0.83,1,0.41,0.91,8,154,1.96,13,64,20.92,18,15.08,26442.23,15,154,1.96,580,2400,910,750,560,1.70E+09,12,150,2,24.9,122,39.79,34,28.38,181856.34,19,154,1.96,520,2700,930,790,690,2.40E+09,10,150,2,Chae
280,680,320,340,180,6.00E+07,11,110,2,12,32,13.69,14,7.82,5079.98,18,110,1.96,1,2,0.95,1,0.42,1.34,8,110,1.96,1,1,0.91,1,0.29,0.91,6,110,1.96,19,47,22.59,26,12.31,20880.45,18,110,1.96,630,1300,740,860,400,7.10E+08,9,110,2,39,79,41.21,48,21.01,118495.5,22,110,1.96,800,1900,950,1100,520,1.50E+09,7,110,2,Chae
130,750,270,280,210,6.00E+07,7,130,2,17,46,23.73,24.5,13.64,25868.63,27,128,1.96,1,2,1.36,1,0.51,3.61,10,128,1.96,1,1,0.83,1,0.38,0.83,2,128,1.96,25,55,30.95,36,17.15,54014.91,16,128,1.96,1000,2300,1300,1400,740,4.20E+09,6,130,2,40,116,59.48,69,33.86,400978.16,15,128,1.96,1100,2900,1500,1700,850,6.00E+09,6,130,2,Chae
200,630,240,250,130,2.80E+07,10,140,2,10,42,15.23,13,9.99,8914.54,21,142,1.96,1,2,0.95,1,0.43,1.37,4,142,1.96,1,1,0.98,1,0.14,0.98,2,142,1.96,16,51,20.76,20,12.12,18699.1,19,142,1.96,720,2000,850,860,450,1.10E+09,11,140,2,31.3,95,39.06,38,20.8,111855.99,11,142,1.96,710,2000,870,880,470,1.20E+09,9,140,2,Chae
160,600,250,230,170,3.90E+07,4,100,2,16,53,27.09,27,16.4,41397.89,11,104,1.96,1,2,0.88,1,0.43,1.11,4,104,1.96,1,1,0.78,1,0.42,0.78,4,104,1.96,15,45,21.3,22.5,12.86,20085.64,13,104,1.96,720,2200,970,960,610,2.00E+09,6,100,2,34.9,80,41.23,43,22.51,129383,12,104,1.96,650,1900,910,980,550,1.60E+09,5,100,2,Chae
180,1700,470,340,470,5.40E+08,5,100,2,11.3,44,19.57,22,12.16,16225.75,16,102,1.96,1,2,1.26,1,0.49,2.97,8,102,1.96,1,2,1.05,1,0.29,1.46,4,102,1.96,19.3,73,28.39,29.5,20.47,63130.27,11,102,1.96,630,2300,1100,1200,670,2.70E+09,4,100,2,34.5,135,51.57,51,37.07,378802.51,11,102,1.96,780,3400,1200,1300,910,5.40E+09,6,100,2,Chae
120,670,180,150,150,2.40E+07,10,140,2,12,58,17.19,14,13.12,17896.98,28,142,1.96,1,2,1.11,1,0.35,1.82,4,142,1.96,1,1,0.99,1,0.12,0.99,2,142,1.96,13,60,18.93,16,14.33,22468.44,24,142,1.96,570,3400,860,700,760,3.00E+09,9,140,2,23.3,116,35.23,31,25.8,138178.93,17,142,1.96,550,2900,820,700,670,2.10E+09,7,140,2,Chae
180,510,250,260,150,3.00E+07,11,120,2,8,33,13.76,14,8.39,5644.11,14,120,1.96,1,1,0.84,1,0.37,0.84,2,120,1.96,1,1,0.85,1,0.36,0.85,2,120,1.96,15,30,17.03,19,8.51,8153.58,18,120,1.96,550,1300,740,790,380,7.10E+08,10,120,2,30,56,33.44,38,15.18,57796.54,15,120,1.96,640,1100,710,830,350,5.70E+08,11,120,2,Chae
570,1600,830,960,500,1.10E+09,5,92,2,56.6,206,107.42,114.5,72.64,2888526.53,8,92,1.96,1,2,1.05,1,0.56,2.16,8,92,1.96,1,1,0.8,1,0.4,0.8,2,92,1.96,13.6,40,22.28,26,14.03,22894.54,12,92,1.96,2800,4200,3100,4100,1600,4.90E+10,7,92,2,28.6,84,47,58,28.01,204752.72,8,92,1.96,530,1800,940,1100,610,1.80E+09,6,92,2,Chae
290,920,480,480,270,2.10E+08,2,78,2,31,187,85.85,77.5,62.81,1692173.85,4,78,1.96,1,2,1.12,1,0.64,2.73,6,78,1.96,1,2,0.99,1,0.2,1.06,3,78,1.96,5,69,26.18,15.5,24.69,73008.1,11,78,1.96,1600,4200,2900,4000,1500,4.20E+10,9,78,2,13,130,53.91,30.5,48.34,582780.45,8,78,1.96,220,3000,1100,630,1100,5.90E+09,3,78,2,Chae
180,610,360,420,220,9.00E+07,5,84,2,10.8,37,22.74,27.5,13.21,22599.52,14,84,1.96,1,2,1.37,2,0.72,4.44,6,84,1.96,1,1,0.75,1,0.44,0.75,2,84,1.96,13.8,56,31.58,42,20.92,68851.01,13,84,1.96,660,2900,1500,1800,970,7.70E+09,5,84,2,20.9,115,60.62,78.5,39.8,486616.98,10,84,1.96,580,2600,1500,1900,990,6.90E+09,7,84,2,Chae
160,580,200,180,120,1.90E+07,17,200,2,18,80,25.56,21,15.46,40009.11,27,200,1.96,1,2,0.96,1,0.38,1.29,4,200,1.96,1,1,0.94,1,0.23,0.94,4,200,1.96,21,56,24.66,25,11.29,24283.99,35,200,1.96,960,2500,1200,1100,550,2.80E+09,13,200,2,40,97,45.16,46,19.8,145107.55,40,200,1.96,980,2200,1100,1100,490,2.00E+09,18,200,2,Chae
390,1200,520,550,300,2.80E+08,9,140,2,54,198,101.81,121,65.95,2303432.42,14,138,1.96,1,2,1.36,1,0.7,4.32,4,138,1.96,1,2,0.91,1,0.44,1.26,6,138,1.96,17.1,80,36.69,38.5,25.14,118942.56,25,138,1.96,1800,4200,2800,4000,1600,4.00E+10,16,140,2,33,150,71.67,75,47.34,845488.41,16,138,1.96,830,3600,1800,1900,1200,1.40E+10,11,140,2,Chae
150,740,270,270,190,5.40E+07,8,140,2,12,42,20.52,20,12.03,17511.58,15,136,1.96,1,2,1.12,1,0.37,1.96,4,136,1.96,1,1,0.89,1,0.31,0.89,8,136,1.96,13,42,19.74,21,11.16,14966.85,15,136,1.96,710,3000,1200,1200,730,3.60E+09,9,140,2,23.5,80,35.23,38,20.07,87048.95,15,136,1.96,520,1900,820,880,490,1.20E+09,9,140,2,Chae
130,860,260,180,220,6.70E+07,6,160,2,15,79,26.69,21,20.23,59621.35,20,156,1.96,1,2,1.12,1,0.63,2.69,6,156,1.96,1,2,0.9,1,0.42,1.17,6,156,1.96,17,91,31.59,25.5,24.35,99114.21,16,156,1.96,720,3500,1300,1000,950,6.30E+09,7,160,2,30,160,56.21,38,44.7,592884.75,16,156,1.96,780,3700,1400,1000,1100,9.50E+09,8,160,2,Chae
200,680,300,270,190,5.90E+07,8,120,2,13,31,16.37,17,7.97,7381.47,17,122,1.96,1,1,0.86,1,0.35,0.86,4,122,1.96,1,1,0.8,1,0.41,0.8,2,122,1.96,20.3,40,21.57,24,11.42,17328.67,21,122,1.96,720,2200,930,980,530,1.60E+09,7,120,2,34,74,39.07,41.5,20.76,106201.7,16,122,1.96,870,1900,960,1100,510,1.50E+09,12,120,2,Chae
160,380,200,210,91,1.20E+07,9,150,2,16,41,18.88,17.5,7.46,10185.64,16,146,1.96,1,2,1.01,1,0.19,1.13,4,146,1.96,1,1,0.9,1,0.3,0.9,6,146,1.96,14.5,29,16.06,18,7.31,6438.32,21,146,1.96,630,1300,730,760,280,5.60E+08,10,150,2,27,47,29.93,34,11.81,37840.62,24,146,1.96,540,1100,640,730,290,4.00E+08,10,150,2,Chae
180,720,270,260,180,4.80E+07,9,150,2,14,35,17.71,18,9.46,10189.53,23,152,1.96,1,2,0.93,1,0.43,1.28,14,152,1.96,1,1,0.84,1,0.37,0.84,8,152,1.96,14,52,19.83,17,12.73,18670.71,21,152,1.96,620,2000,780,790,460,1.00E+09,7,150,2,24.3,87,34.68,32,20.7,92982.85,20,152,1.96,590,2400,830,710,570,1.60E+09,7,150,2,Chae
140,1200,310,230,280,1.30E+08,6,160,2,13,61,23.92,20,15.77,34286.18,21,162,1.96,1,3,1.15,1,0.59,2.93,12,162,1.96,1,2,0.85,1,0.4,0.92,6,162,1.96,13,90,26.09,21,20.76,60959.38,18,162,1.96,820,3700,1400,1200,960,7.40E+09,8,160,2,25,156,47.78,41,35.61,337805.45,18,162,1.96,530,3500,1200,970,880,4.70E+09,10,160,2,Chae
113,360,154.01,147.5,92.19,7917430.71,8,146,1.96,15.5,34,19.14,21.5,9.58,11746.68,18,146,1.96,1,1,0.84,1,0.37,0.84,2,146,1.96,0,1,0.68,1,0.47,0.68,8,146,1.96,19,42,20.43,21,9.9,14137.36,19,146,1.96,700,1500,770,830,370,7.40E+08,9,150,2,33.5,65,36.34,40,15.99,73049.36,23,146,1.96,800,1700,870,950,430,1.10E+09,9,150,2,Chae
4.7,53,21.13,15,18.95,34441.33,3,30,1.96,4,17,8.3,7.5,5.48,1320.5,6,30,1.96,0,1,0.63,1,0.49,0.63,2,30,1.96,0,1,0.37,0,0.49,0.37,4,30,1.96,1,3,1.5,1,1.07,8.7,8,30,1.96,100,680,300,270,240,8.00E+07,2,30,2,2.7,5,3,3,1.58,46.8,6,30,1.96,8,48,20.4,15,16,25488,4,30,1.96,Emil
3,75,24.03,13,25.56,73356.66,4,38,1.96,3,20,7.92,5.5,6.69,1706.08,7,38,1.96,0,1,0.5,0.5,0.51,0.5,4,38,1.96,0,0,0,0,0,0,0,38,1.96,0.1,3,1.13,1,0.93,4.45,6,38,1.96,57,750,270,170,260,8.40E+07,1,38,2,3.1,6,3.92,4,1.68,89.18,12,38,1.96,8,86,31.74,21,29.27,126575.05,3,38,1.96,Emil
2,69,22.32,12,24.02,59270.82,3,40,1.96,1,30,10.38,5.5,10.56,5316.02,4,40,1.96,0,1,0.22,0,0.42,0.22,4,40,1.96,0,1,0.35,0,0.48,0.35,4,40,1.96,1,4,1.62,1,1.1,11.38,8,40,1.96,48,1400,450,220,500,5.30E+08,2,40,2,3,12,5.38,4,3.46,368.23,11,40,1.96,8,110,38.62,24,38.14,258214.73,4,40,1.96,Emil
3.9,63,22.09,14.5,21.57,47202.56,3,34,1.96,3,30,11.5,8,10.2,5609.5,5,34,1.96,0,0,0,0,0,0,0,34,1.96,0,0,0,0,0,0,0,34,1.96,0,2,0.74,1,0.67,1.44,10,34,1.96,110,1400,530,350,500,6.10E+08,1,34,2,4,8,4.65,5,1.98,151.12,8,34,1.96,6.9,62,23.12,15,20.89,47339.12,3,34,1.96,Emil
3,71,23.39,13.5,24.41,64430.24,3,38,1.96,3.1,37,13.55,9,12.77,10184.18,5,38,1.96,0,1,0.26,0,0.45,0.26,4,38,1.96,0,1,0.16,0,0.37,0.16,2,38,1.96,1,4,1.37,1,1.13,9.42,7,38,1.96,110,1600,570,340,570,8.40E+08,1,38,2,4,8,4.16,4,1.79,112.47,7,38,1.96,6.1,74,28.84,22,26.15,89839.05,2,38,1.96,Emil
3.3,94,29,14,32,140000,5,42,2,2,27,9.76,6,9.11,3778.19,4,42,1.96,0,0,0,0,0,0,0,42,1.96,0,0,0,0,0,0,0,42,1.96,1,2,1.05,1,0.76,2.9,8,42,1.96,56,940,320,190,330,1.60E+08,1,42,2,3.3,10,5.21,5,2.76,259.5,9,42,1.96,10.3,101,40.21,30.5,34.95,228709.07,3,42,1.96,Emil
2.7,66,21.6,11.5,22.71,51729.45,4,40,1.96,3.7,42,16.15,11.5,14.92,16375.9,3,40,1.96,1,1,0.78,1,0.42,0.78,2,40,1.96,0,1,0.12,0,0.33,0.12,2,40,1.96,1,4,1.45,1,1.22,10.15,8,40,1.96,99,1500,520,330,510,6.20E+08,2,40,2,5,8,5.35,6,2.08,213.85,11,40,1.96,8,78,30.62,21.5,27.45,106924.07,4,40,1.96,Emil
2.1,66,22.16,14,22.98,53360.26,4,38,1.96,2.1,30,11.26,8.5,10.24,5446.47,5,38,1.96,0,1,0.26,0,0.45,0.26,4,38,1.96,0,0,0,0,0,0,0,38,1.96,0,2,0.63,1,0.63,1.11,4,38,1.96,69,1200,430,290,420,3.40E+08,1,38,2,3,9,4.26,3.5,2.55,169.42,9,38,1.96,7.1,76,28.45,18,26.18,90269.87,2,38,1.96,Emil
26.2,72,38.89,38,21.18,108493.39,1,28,1.96,26,58,33.5,32,17.01,64503.5,3,28,1.96,0,0,0,0,0,0,0,28,1.96,0,1,0.57,1,0.5,0.57,4,28,1.96,0,1,0.25,0,0.44,0.25,4,28,1.96,830,2100,1200,1100,630,2.90E+09,2,28,2,2,8,3.57,3,2.36,106.64,6,28,1.96,4,28,11.93,9,9.64,5273.5,3,28,1.96,Emil
5.3,74,27,18,25.35,79711.14,3,42,1.96,4,48,17.55,11,16.49,22104.26,6,42,1.96,0,1,0.21,0,0.42,0.21,4,42,1.96,0,0,0,0,0,0,0,42,1.96,0.3,3,1.05,1,0.88,3.76,8,42,1.96,140,2200,760,430,760,2.00E+09,1,42,2,3,10,4.74,5,2.92,228.02,9,42,1.96,12.3,139,48.57,27.5,46.46,493556.57,1,42,1.96,Emil
5.7,89,30,18,30,130000,3,40,2,5.7,60,22.65,15.5,20.74,45206.55,4,40,1.96,0,1,0.12,0,0.33,0.12,4,40,1.96,0,0,0,0,0,0,0,40,1.96,1,2,0.9,1,0.44,1.2,4,40,1.96,130,1500,560,400,510,6.60E+08,2,40,2,2,8,3.58,3,2.34,107.53,12,40,1.96,6,79,30,20,28.06,109007.25,3,40,1.96,Emil
3.1,66,21.97,13,22.36,50987.87,3,38,1.96,2.1,30,11,7.5,10.33,5412.26,4,38,1.96,0,0,0,0,0,0,0,38,1.96,0,1,0.26,0,0.45,0.26,2,38,1.96,1,1,0.79,1,0.41,0.79,4,38,1.96,78,1300,430,250,440,3.80E+08,1,38,2,4,7,4.29,5,1.64,109.29,11,38,1.96,10.1,80,32.47,24,27.55,115984.68,3,38,1.96,Emil
3.1,65,21.32,12,21.98,47873.21,4,38,1.96,2.1,29,10.61,7.5,9.75,4687.45,4,38,1.96,0,1,0.39,0,0.5,0.39,4,38,1.96,0,1,0.37,0,0.49,0.37,2,38,1.96,1,3,1.32,1,0.7,4.47,6,38,1.96,71,910,330,210,320,1.50E+08,2,38,2,3,8,4.76,5,2.26,175.45,10,38,1.96,8.1,78,31,24,27,1.00E+05,3,38,2,Emil
5.9,63,24.24,18,21.7,52361.18,2,34,1.96,3.9,50,19.15,13.5,17.54,26925.79,4,34,1.96,0,1,0.29,0,0.46,0.29,6,34,1.96,0,1,0.18,0,0.39,0.18,4,34,1.96,1,1,0.76,1,0.43,0.76,4,34,1.96,140,1500,590,410,540,8.00E+08,1,34,2,4,8,4.76,5,1.88,154.59,7,34,1.96,7.8,55,23.88,19,19.58,42602.71,3,34,1.96,Emil
2,62,18.79,9.5,20.82,38304.79,4,42,1.96,2,25,8.98,5.5,8.92,3252.98,5,42,1.96,0,1,0.19,0,0.4,0.19,2,42,1.96,0,0,0,0,0,0,0,42,1.96,1,4,1.71,1,1.24,13.86,7,42,1.96,42,980,320,170,340,1.70E+08,2,42,2,2,11,4.45,3,3.46,269.45,9,42,1.96,10.3,126,45.81,31,42.73,389585.81,3,42,1.96,Emil
4,80,24.9,13,26.55,83366.19,5,42,1.96,3.3,40,13.6,8,13.17,11203.6,5,42,1.96,1,1,0.95,1,0.22,0.95,2,42,1.96,1,1,0.95,1,0.22,0.95,2,42,1.96,1,7,2.05,1,1.86,38.62,7,42,1.96,50,970,320,180,330,1.60E+08,1,42,2,2,11,5.17,4.5,3.44,328.02,7,42,1.96,7.3,110,38,24,37,240000,5,42,2,Emil
2,59,19.53,10.5,20.47,37682.03,4,36,1.96,2,21,8.31,5.5,7.41,2119.31,5,36,1.96,0,1,0.33,0,0.48,0.33,2,36,1.96,0,1,0.19,0,0.4,0.19,2,36,1.96,1,2,1,1,0.34,1.33,4,36,1.96,50,700,260,160,250,7.30E+07,2,36,2,3.5,8,4.58,4,2.3,167.08,9,36,1.96,6,70,26.44,19.5,24.37,72012.11,4,36,1.96,Emil
5,64,24.67,20,21.96,54482.5,2,36,1.96,4,28,11.42,9,9.14,4606.25,5,36,1.96,0,1,0.44,0,0.5,0.44,2,36,1.96,0,1,0.53,1,0.51,0.53,2,36,1.96,1,2,0.97,1,0.56,1.81,4,36,1.96,110,1100,430,320,380,2.90E+08,1,36,2,2,11,4.69,5,3,232.86,6,36,1.96,8,82,31.33,20.5,28.81,119517.83,3,36,1.96,Emil
2.7,55,19.18,12,19.23,32231.67,4,40,1.96,1.7,45,15.12,8.5,15.61,16876.03,4,40,1.96,0,1,0.57,1,0.5,0.57,4,40,1.96,0,0,0,0,0,0,0,40,1.96,1,4,1.48,1,1.3,11.68,8,40,1.96,74,1500,500,270,520,6.10E+08,1,40,2,2.7,9,4.35,3,2.76,187.5,10,40,1.96,8.7,120,43,27,41,330000,3,40,2,Emil
4,71,24.11,15.5,23.81,63300.26,4,38,1.96,3.1,32,12.61,10,10.88,6950.5,3,38,1.96,1,1,0.82,1,0.39,0.82,4,38,1.96,1,1,0.74,1,0.45,0.74,2,38,1.96,1,2,1.11,1,0.56,2.37,3,38,1.96,94,980,380,270,340,2.00E+08,2,38,2,1,8,2.61,2,2.27,68.45,10,38,1.96,9.2,60,24.95,19.5,20.35,49178.53,3,38,1.96,Emil
4,58,20.45,12.5,19.9,37539.71,5,38,1.96,2,16,6.47,4.5,5.18,852.79,3,38,1.96,0,1,0.37,0,0.49,0.37,4,38,1.96,0,1,0.5,0.5,0.51,0.5,4,38,1.96,1,2,1,1,0.74,2.58,4,38,1.96,45,480,190,140,160,2.40E+07,2,38,2,2,10,3.89,3,2.58,147.11,8,38,1.96,8.2,59,24.32,20.5,19.79,45564.32,2,38,1.96,Emil
2,54,18.02,10.5,18.66,28949.72,3,40,1.96,2,21,7.6,4.5,7.17,1862.2,7,40,1.96,0,1,0.15,0,0.36,0.15,2,40,1.96,0,0,0,0,0,0,0,40,1.96,1,4,1.2,1,1.11,7.65,6,40,1.96,42,730,250,150,260,7.50E+07,3,40,2,3,8,4.12,4,1.99,117.53,10,40,1.96,7.7,78,31,22,27,1.00E+05,4,40,2,Emil
2.1,66,21.26,12,22.37,49301.79,3,38,1.96,2.1,17,6.97,4.5,6,1187.55,5,38,1.96,0,0,0,0,0,0,0,38,1.96,0,0,0,0,0,0,0,38,1.96,0,2,0.74,1,0.64,1.37,6,38,1.96,47,680,250,150,230,6.10E+07,2,38,2,2,12,4.55,4,3.27,259.08,8,38,1.96,8.1,72,28.82,21.5,24.87,82295.76,3,38,1.96,Emil
2,66,19.5,8,22.45,46448.1,7,40,1.96,1.7,22,7.62,4.5,7.53,2011.62,8,40,1.96,0,0,0,0,0,0,0,40,1.96,0,0,0,0,0,0,0,40,1.96,1,3,1.18,1,0.87,4.33,10,40,1.96,30,780,250,130,270,8.30E+07,2,40,2,3,9,3.98,4,2.49,136.43,10,40,1.96,6.7,92,34,23,31,150000,5,40,2,Emil
3,80,24.31,12,26.88,83003.74,4,42,1.96,2.3,31,10.36,6,10.32,5188.5,8,42,1.96,0,1,0.048,0,0.216,0.048,2,42,1.956,0,1,0.43,0,0.5,0.43,2,42,1.96,0.3,4,1.24,1,1.27,9.67,8,42,1.96,46,1000,330,170,360,2.00E+08,2,42,1.96,2,11,5.05,4,3.66,339.33,10,42,1.96,9,113,40.36,25,38.76,280881.07,3,42,1.96,Emil
2,69,25.34,14,25.99,74673.78,4,32,1.96,2.3,27,11.22,9,9.86,4904.97,5,32,1.96,0,1,0.59,1,0.5,0.59,2,32,1.96,0,0,0,0,0,0,0,32,1.96,1,2,0.91,1,0.64,1.84,6,32,1.96,49,760,320,250,290,1.20E+08,1,32,2,1,6,2.16,1,2.05,43.03,8,32,1.96,6.3,42,16.88,14,13.4,14707.12,2,32,1.96,Emil
25.7,50,32.1,35,14.29,50213.3,2,30,1.96,13.7,36,20.43,20.5,10.88,15356.83,3,30,1.96,0,1,0.067,0,0.254,0.067,2,30,1.956,0,0,0,0,0,0,0,30,1.96,0,1,0.53,1,0.51,0.53,4,30,1.96,450,1000,600,620,300,3.60E+08,2,30,2,2,6,3.3,3.5,2.1,78.3,7,30,1.96,8.7,36,17,15,11.94,12381.8,3,30,1.96,Emil
23.9,99,39.24,31.5,28.42,170879.95,3,42,1.96,14.3,38,19.69,21,10.5,13896.55,4,42,1.96,0,1,0.14,0,0.35,0.14,4,42,1.96,0,0,0,0,0,0,0,42,1.96,0.3,2,1,1,0.8,2.86,4,42,1.96,480,1100,600,620,310,3.80E+08,3,42,2,3,7,3.95,4,2.06,107.81,11,42,1.96,8.6,76,29.69,22,25.55,92058.12,3,42,1.96,Emil
6.5,49,21.03,17,17.23,29305.36,5,36,1.96,4.5,24,10.47,8,8.21,3391.47,6,36,1.96,0,1,0.25,0,0.44,0.25,2,36,1.96,0,1,0.39,0,0.49,0.39,2,36,1.96,1,2,0.92,1,0.55,1.58,4,36,1.96,110,1100,450,330,400,3.40E+08,1,36,2,3,8,3.83,4,1.78,92.67,10,36,1.96,7.5,62,23.72,16,20.77,48414.06,3,36,1.96,Emil
3.1,58,18.89,9.5,19.8,34566.58,3,38,1.96,2,24,8.05,3.5,7.89,2431.58,6,38,1.96,0,1,0.58,1,0.5,0.58,2,38,1.96,0,1,0.13,0,0.34,0.13,2,38,1.96,1,6,1.87,1,1.91,31.87,10,38,1.96,47,1300,380,150,430,3.40E+08,1,38,2,2,10,4.53,4.5,2.91,214.05,10,38,1.96,9.1,140,46,22,47,480000,3,38,2,Emil
4,106,31.14,13,35.67,190292.5,6,44,1.96,2.9,21,7.39,3.5,6.67,1618.11,4,44,1.96,0,1,0.045,0,0.211,0.045,2,44,1.956,0,1,0.32,0,0.47,0.32,4,44,1.96,1,3,1.68,2,0.86,8.5,7,44,1.96,62,760,260,150,250,8.00E+07,2,44,2,3,11,5.09,5,3.13,280.68,9,44,1.96,9.9,96,36,22,33,180000,2,44,2,Emil
2.7,42,15.22,10,14.42,14743.42,3,40,1.96,2.7,24,8.95,6,7.79,2594.65,6,40,1.96,0,0,0,0,0,0,0,40,1.96,0,0,0,0,0,0,0,40,1.96,1,2,0.88,1,0.61,1.62,6,40,1.96,62,880,320,190,310,1.40E+08,1,40,2,3,11,4.5,4,2.84,214.35,10,40,1.96,9.7,80,32,24,28,120000,3,40,2,Emil
3.7,60,22.2,15,21.22,45597.9,3,40,1.96,4,36,14.05,10,12.36,10043.5,4,40,1.96,0,1,0.1,0,0.3,0.1,2,40,1.96,0,0,0,0,0,0,0,40,1.96,1,3,1.18,1,0.68,3.42,6,40,1.96,120,1400,520,360,480,5.40E+08,1,40,2,3,9,4.83,5,2.56,205.07,9,40,1.96,9.4,79,34,26,28,120000,3,40,2,Emil
8.5,57,26.27,24,20.44,50988.19,2,26,1.96,7,48,23.19,22,17.79,34267.96,4,26,1.96,0,1,0.077,0,0.272,0.077,2,26,1.956,0,1,0.62,1,0.5,0.62,2,26,1.96,1,1,0.77,1,0.43,0.77,2,26,1.96,240,1500,700,640,540,9.50E+08,1,26,2,3,9,4.04,4,2.36,137.42,6,26,1.96,5.5,27,11.85,10.5,9.25,4778.38,2,26,1.96,Emil
2,58,17.64,9,19.5,31723.64,4,42,1.96,2,20,7.4,5,6.62,1523.98,6,42,1.96,0,0,0,0,0,0,0,42,1.96,0,1,0.095,0,0.297,0.095,2,42,1.956,1,3,1.1,1,0.96,4.81,6,42,1.96,38,880,290,150,300,1.20E+08,2,42,2,4,8,4.48,5,1.86,132.05,11,42,1.96,6.6,87,31,23,30,130000,3,42,2,Emil
3,68,21.23,11,22.95,52931.47,7,40,1.96,2,18,6.78,5,5.88,1104.47,8,40,1.96,0,1,0.35,0,0.48,0.35,4,40,1.96,0,1,0.05,0,0.22,0.05,2,40,1.96,1,2,1.25,1,0.74,3.8,4,40,1.96,45,650,230,140,230,5.40E+07,1,40,2,3,8,4.42,5,2.35,154.88,10,40,1.96,6.7,70,27.5,21,24.21,74746.7,4,40,1.96,Emil
3.5,47,18.61,14.5,16.68,23472.44,3,36,1.96,4.5,54,20.61,14,19.19,34397.61,4,36,1.96,1,1,0.81,1,0.4,0.81,2,36,1.96,0,1,0.58,1,0.5,0.58,2,36,1.96,1,2,0.86,1,0.59,1.53,8,36,1.96,120,1400,540,390,490,5.90E+08,1,36,2,3,10,4.19,4,2.71,175.36,10,36,1.96,7,62,24.39,18.5,21.43,51312.56,2,36,1.96,Emil
3,68,23.08,13.5,23.56,58694.42,4,36,1.96,2,17,6.94,5,5.89,1126.28,6,36,1.96,0,1,0.17,0,0.38,0.17,2,36,1.96,0,0,0,0,0,0,0,36,1.96,0,2,0.86,1,0.72,2.03,6,36,1.96,48,670,240,160,230,6.10E+07,1,36,2,2.5,5,2.89,3,1.56,43.06,8,36,1.96,6.5,56,21.94,17,18.69,35899.11,2,36,1.96,Emil
29.3,96,48.16,34,27.9,226774.66,5,32,1.96,26.3,44,29.28,28.5,10.15,32626.34,5,32,1.96,0,1,0.22,0,0.42,0.22,4,32,1.96,0,0,0,0,0,0,0,32,1.96,0,1,0.5,0.5,0.51,0.5,4,32,1.96,860,1800,1100,970,440,1.80E+09,2,32,2,6,13,7.25,7.5,3.07,569.38,5,32,1.96,6,46,18.69,14.5,15.58,21336.88,3,32,1.96,Emil
3,77,23.19,11,25.96,73704.62,3,42,1.96,2,32,11.45,6.5,11.44,6894.88,7,42,1.96,0,0,0,0,0,0,0,42,1.96,0,1,0.36,0,0.48,0.36,4,42,1.96,1,4,1.57,1,1.17,11,9,42,1.96,69,1200,400,220,410,3.00E+08,2,42,2,2,12,4.4,3,3.63,293.12,9,42,1.96,11.3,126,47.57,32,43.56,418882.43,3,42,1.96,Emil
9,67,36.83,47,27.16,124651.35,7,46,1.96,6,53,26.33,30,20.41,49716.76,6,46,1.96,0,1,0.15,0,0.36,0.15,2,46,1.96,0,0,0,0,0,0,0,46,1.96,1,2,0.98,1,0.54,1.76,6,46,1.96,240,1800,970,1200,730,2.40E+09,3,46,2,2,10,4.43,4.5,3.17,224.61,14,46,1.96,12,84,28.98,20,25.53,93748.07,4,46,1.96,Emil
2,54,17.27,8,18.45,27747.92,3,40,1.96,1,18,6.35,4,6.1,1094.6,5,40,1.96,0,1,0.4,0,0.5,0.4,2,40,1.96,0,1,0.17,0,0.38,0.17,2,40,1.96,1,2,1.07,1,0.76,3.02,8,40,1.96,34,650,210,110,220,4.90E+07,1,40,2,5,8,5.15,5,1.86,184.25,12,40,1.96,7.7,90,33,20,32,150000,4,40,2,Emil
3.1,44,15.55,9,15.11,16540.5,3,38,1.96,2,20,7.21,4.5,6.2,1361.63,4,38,1.96,0,1,0.53,1,0.51,0.53,6,38,1.96,0,1,0.16,0,0.37,0.16,4,38,1.96,1,2,0.97,1,0.59,1.92,6,38,1.96,36,530,190,110,180,2.90E+07,1,38,2,4,10,4.63,5,2.63,195.68,9,38,1.96,8,76,30.92,23,26.94,103217.03,2,38,1.96,Emil
2,58,19.62,10,20.4,36722.38,2,32,1.96,2,19,7.44,5.5,6.33,1397.19,4,32,1.96,0,1,0.16,0,0.37,0.16,2,32,1.96,0,0,0,0,0,0,0,32,1.96,1,2,1,1,0.67,2.31,6,32,1.96,40,700,260,180,250,7.40E+07,1,32,2,2,8,4.09,3.5,2.33,134.78,8,32,1.96,5.3,54,20.5,15,18.56,32391.62,3,32,1.96,Emil
2,66,20.43,10,22.59,48824.43,5,40,1.96,2,27,8.97,5.5,8.77,3301.47,4,40,1.96,0,1,0.075,0,0.267,0.075,2,40,1.956,0,0,0,0,0,0,0,40,1.96,1,5,1.6,1,1.35,15.25,8,40,1.96,35,740,250,140,260,7.40E+07,1,40,2,2,11,4.25,4.5,2.77,184.55,9,40,1.96,10,109,41.33,28,37.88,275405.33,2,40,1.96,Emil
2,65,21.06,11,22.3,47950.39,3,36,1.96,3,28,10.67,6.5,9.87,4813.67,5,36,1.96,0,1,0.083,0,0.28,0.083,2,36,1.956,0,1,0.056,0,0.232,0.056,2,36,1.956,1,3,1.14,1,0.8,3.81,8,36,1.96,54,940,340,220,330,1.70E+08,1,36,2,3,9,4.39,4,2.19,149.89,10,36,1.96,6.5,78,28.92,21.5,26.66,94139.58,2,36,1.96,Emil
5.4,49,21,19,17.63,29666.4,3,30,1.96,2.7,28,12.5,10,10.42,6172.5,4,30,1.96,0,1,0.067,0,0.254,0.067,2,30,1.956,0,0,0,0,0,0,0,30,1.96,0,2,0.83,1,0.75,2.03,6,30,1.96,180,1200,540,480,430,4.70E+08,2,30,2,3,6,3.6,3,1.69,76.2,6,30,1.96,5.4,32,14.43,13,11.47,8793.63,3,30,1.96,Emil
4.1,77,24.74,13.5,25.8,76981.21,4,38,1.96,3.1,36,12.61,8,11.87,8360.97,5,38,1.96,0,1,0.053,0,0.226,0.053,2,38,1.956,0,0,0,0,0,0,0,38,1.96,1,2,0.89,1,0.69,2,4,38,1.96,74,1100,390,230,380,2.60E+08,1,38,2,2,12,4.84,4,3.4,305.32,6,38,1.96,9,93,33.92,20,31.68,158378.82,2,38,1.96,Emil
3,65,19.79,10,21.37,43298.36,4,42,1.96,1,25,7.83,4,8.39,2553.98,4,42,1.96,1,1,0.71,1,0.46,0.71,4,42,1.96,1,1,0.76,1,0.43,0.76,6,42,1.96,1,3,1.36,1,0.88,5.93,8,42,1.96,46,1000,330,160,350,1.90E+08,1,42,2,2,11,5.17,4,3.38,324.88,9,42,1.96,8.3,120,41,25,39,290000,2,42,2,Emil
2.5,86,27,15,30,110000,4,36,2,3.5,34,12.86,9,12.06,8551.36,5,36,1.96,0,0,0,0,0,0,0,36,1.96,0,0,0,0,0,0,0,36,1.96,1,2,0.78,1,0.54,1.11,6,36,1.96,62,930,340,230,320,1.60E+08,1,36,2,2,10,4.44,4,3.26,242.44,8,36,1.96,5,63,24.08,17.5,22.55,55300.92,2,36,1.96,Emil
8.2,92,33,30,28,130000,5,58,2,4.1,31,11.66,11.5,9.02,4729.83,10,58,1.96,0,1,0.052,0,0.223,0.052,2,58,1.956,0,1,0.28,0,0.45,0.28,4,58,1.96,1,3,1.29,1,1.03,6.57,11,58,1.96,130,1100,440,480,350,2.50E+08,2,58,2,3,9,4.38,5,2.14,143.1,14,58,1.96,15.1,92,40.79,44.5,29.01,171488.93,3,58,1.96,Emil
2.5,43,17.33,12.5,15.66,19100.83,4,36,1.96,3,29,11.5,9,10.02,5346.17,5,36,1.96,0,1,0.25,0,0.44,0.25,4,36,1.96,0,0,0,0,0,0,0,36,1.96,1,2,0.92,1,0.6,1.75,5,36,1.96,85,920,360,270,330,1.80E+08,1,36,2,3,7,3.94,4,1.84,100.11,8,36,1.96,10,62,27.47,22,21.73,61720.47,3,36,1.96,Emil
4.3,83,25.76,12.5,27.77,93189.19,4,42,1.96,4,30,12.19,8.5,10.07,6032.76,7,42,1.96,0,1,0.29,0,0.46,0.29,2,42,1.96,0,0,0,0,0,0,0,42,1.96,1,2,1.1,1,0.62,2.52,6,42,1.96,71,780,280,170,260,9.00E+07,1,42,2,5,10,6.14,6.5,2.88,369,9,42,1.96,7.3,68,26.64,20,23.4,67988.21,4,42,1.96,Emil
3.7,76,24.98,13.5,26.25,79790.93,6,40,1.96,3,30,11.57,7,10.66,6067.23,6,40,1.96,0,1,0.32,0,0.47,0.32,6,40,1.96,0,0,0,0,0,0,0,40,1.96,0,3,0.88,1,0.94,3.58,6,40,1.96,88,1000,390,250,370,2.40E+08,2,40,2,2,6,2.73,2,1.63,42.92,11,40,1.96,8.7,59,25.82,22,20.05,50294.88,2,40,1.96,Emil
2.7,77,23.88,11.5,26.64,78919.98,4,40,1.96,4,39,14.3,8,13.03,11531.9,6,40,1.96,0,1,0.075,0,0.267,0.075,2,40,1.956,0,0,0,0,0,0,0,40,1.96,1,3,1.57,2,0.78,6.53,7,40,1.96,59,810,290,180,280,1.10E+08,2,40,2,2,6,3.15,3,1.83,63.75,11,40,1.96,9.4,68,27.25,19,23.45,70852.3,3,40,1.96,Emil
5.6,72,26.94,18,25.18,78157.25,5,32,1.96,3.3,28,11.62,9,9.64,5109.38,5,32,1.96,0,1,0.094,0,0.296,0.094,2,32,1.956,0,0,0,0,0,0,0,32,1.96,1,2,0.78,1,0.49,0.97,5,32,1.96,100,880,360,290,310,1.60E+08,1,32,2,2,6,2.53,2,1.74,39.66,9,32,1.96,6,44,18.72,14.5,15.73,21384.91,3,32,1.96,Emil
3,70,22.52,13,23.85,59753.72,5,40,1.96,1.7,18,6.78,5,5.97,1132.83,4,40,1.96,1,1,0.95,1,0.22,0.95,2,40,1.96,0,1,0.28,0,0.45,0.28,2,40,1.96,1,3,1.6,1,0.84,7.6,8,40,1.96,43,690,240,140,240,6.20E+07,1,40,2,2,12,3.75,2,3.51,230.55,10,40,1.96,9.4,93,37,26,34,190000,4,40,2,Emil
3.1,74,24,14,25.1,70191.95,4,38,1.96,2,21,7.61,4.5,7.14,1804.76,6,38,1.96,0,0,0,0,0,0,0,38,1.96,0,0,0,0,0,0,0,38,1.96,0,4,1.18,1,1.2,7.66,7,38,1.96,49,660,240,160,230,5.90E+07,2,38,2,4.1,8,5.11,5,2,185.89,7,38,1.96,9.1,80,32,24,27,110000,2,38,2,Emil
7.1,96,34,20,33,170000,4,38,2,5.1,48,19.26,13,17.13,26148,5,38,1.96,0,1,0.079,0,0.273,0.079,2,38,1.956,0,1,0.61,1,0.5,0.61,2,38,1.96,1,3,1.55,1.5,0.76,6.45,8,38,1.96,170,2300,840,540,800,2.40E+09,1,38,2,4,9,4.76,5,2.76,214.29,11,38,1.96,8.2,75,29.97,22,25.83,93577.87,4,38,1.96,Emil
2,75,23.88,13,25.47,72027.02,2,40,1.96,1.7,44,14.93,9,15.48,16368.23,3,40,1.96,0,0,0,0,0,0,0,40,1.96,0,0,0,0,0,0,0,40,1.96,1,4,1.42,1,1.2,10.28,7,40,1.96,50,1100,370,210,390,2.60E+08,2,40,2,4,8,4.72,5,2.03,160.28,9,40,1.96,8,98,37.38,25,34.93,209338.08,4,40,1.96,Emil
21,35,23.57,22.5,8.86,17742.43,4,28,1.96,15,30,18.43,18,8.11,9537.86,4,28,1.96,0,1,0.071,0,0.262,0.071,2,28,1.956,1,1,0.89,1,0.31,0.89,2,28,1.96,1,1,0.75,1,0.44,0.75,4,28,1.96,470,820,560,570,220,2.40E+08,1,28,2,3,5,3.36,4,1.16,48.57,8,28,1.96,4.1,26,11.64,10.5,9.13,4596.5,3,28,1.96,Emil
7.9,77,21.06,13.5,21.16,49661.97,5,64,1.96,4.9,26,9.59,8,7.35,2670.78,9,64,1.96,1,1,0.81,1,0.39,0.81,6,64,1.96,0,1,0.34,0,0.48,0.34,6,64,1.96,1,5,1.72,1,1.36,17.28,13,64,1.96,120,780,290,220,230,7.30E+07,3,64,2,3,10,4.5,5,2.52,177.84,18,64,1.96,14,111,35.06,24.5,31.86,181946.06,5,64,1.96,Emil
4.5,63,24.83,19.5,22.44,56110.67,3,36,1.96,5.5,54,20.58,14.5,18.6,32793.58,3,36,1.96,0,0,0,0,0,0,0,36,1.96,0,0,0,0,0,0,0,36,1.96,0,5,1.53,1,1.66,20.36,8,36,1.96,150,1600,620,440,570,9.00E+08,1,36,2,4,10,5.36,5.5,2.92,283.03,9,36,1.96,6.5,69,26.83,19,24.53,73622,3,36,1.96,Emil
4.1,71,22.97,12.5,23.55,59719.82,3,38,1.96,3.1,45,15.66,8,15.42,17248.61,4,38,1.96,0,1,0.61,1,0.5,0.61,2,38,1.96,0,1,0.5,0.5,0.51,0.5,4,38,1.96,1,3,1.39,1,0.82,5.97,4,38,1.96,95,1300,470,290,450,4.40E+08,1,38,2,3,7,3.63,3,1.6,75.95,9,38,1.96,8.1,88,35,26,31,160000,5,38,2,Emil
7.3,70,28.29,20,24.79,80790.71,4,42,1.96,8.3,50,20.98,15.5,16.59,28385.98,3,42,1.96,0,0,0,0,0,0,0,42,1.96,0,1,0.14,0,0.35,0.14,2,42,1.96,0,3,1.19,1,1.02,5.33,7,42,1.96,230,2200,840,580,740,2.20E+09,2,42,2,2,8,3.48,3,2.18,93.48,12,42,1.96,8,109,37.98,23.5,37.13,244924.98,3,42,1.96,Emil
3.1,76,24.55,14,25.82,75996.71,4,38,1.96,2,33,11.63,8,11.16,6717.42,4,38,1.96,0,1,0.32,0,0.47,0.32,4,38,1.96,0,1,0.053,0,0.226,0.053,2,38,1.956,1,2,1.05,1,0.4,1.68,4,38,1.96,62,940,330,210,330,1.60E+08,1,38,2,3,10,4.76,5,2.65,208.45,9,38,1.96,6.2,80,30,20,27,1.00E+05,4,38,2,Emil
17.9,57,27.62,25,15.39,41635.68,4,34,1.96,14.9,41,20.97,20.5,10.67,16366.38,4,34,1.96,0,0,0,0,0,0,0,34,1.96,0,1,0.12,0,0.33,0.12,2,34,1.96,0,2,0.94,1,0.85,2.88,3,34,1.96,360,1000,530,530,250,2.40E+08,2,34,2,3,11,5.12,4,3.03,285.88,8,34,1.96,7,48,21.18,18.5,16.63,27672.35,3,34,1.96,Emil
2,60,20.11,11,21.2,40751.44,4,36,1.96,1.5,18,6.75,5.5,6.1,1165.42,6,36,1.96,0,0,0,0,0,0,0,36,1.96,0,0,0,0,0,0,0,36,1.96,1,2,0.94,1,0.58,1.78,4,36,1.96,31,470,180,130,170,2.20E+07,1,36,2,4,6,3.75,4,1.66,78.92,10,36,1.96,4,48,18.97,17,15.97,22458.14,3,36,1.96,Emil
3,77,23.6,12.5,25.57,72271.74,4,42,1.96,2.3,27,9.5,5.5,9.15,3677.64,6,42,1.96,0,1,0.43,0,0.5,0.43,4,42,1.96,0,1,0.14,0,0.35,0.14,2,42,1.96,1,3,1.5,1,1.17,9.64,8,42,1.96,56,790,290,190,280,1.00E+08,2,42,2,4,10,5.12,5,2.34,221.69,9,42,1.96,10.3,90,36.9,29.5,31.61,171734.48,4,42,1.96,Emil
4,72,23.48,12,24.65,66744.48,5,42,1.96,3,30,10.81,6,10.09,5211.81,5,42,1.96,0,1,0.071,0,0.261,0.071,2,42,1.956,0,0,0,0,0,0,0,42,1.96,0.3,2,1.12,1,0.86,3.69,4,42,1.96,52,780,270,160,270,8.80E+07,1,42,2,4,9,5.31,5,2.41,236.74,12,42,1.96,11.3,78,31.64,22.5,26.17,103624.64,3,42,1.96,Emil
3,70,21.43,10.5,23.69,56944.71,5,42,1.96,2.3,27,9.48,5,8.91,3544.05,6,42,1.96,1,1,0.95,1,0.22,0.95,2,42,1.96,0,1,0.57,1,0.5,0.57,4,42,1.96,1,5,1.64,1,1.5,18.07,8,42,1.96,60,970,320,180,330,1.60E+08,1,42,2,4,8,4.62,5,1.94,147.76,8,42,1.96,8.3,86,32,22,29,130000,3,42,2,Emil
3,70,22.5,12.5,23.74,59092.2,5,40,1.96,2.7,42,14.9,8.5,14.73,14904.8,5,40,1.96,0,0,0,0,0,0,0,40,1.96,0,1,0.25,0,0.44,0.25,4,40,1.96,1,5,1.65,1,1.58,19.35,8,40,1.96,74,1200,430,260,430,3.60E+08,2,40,2,1,9,3.42,3.5,2.54,113.53,10,40,1.96,8.7,110,41,27,38,270000,4,40,2,Emil
3,50,19.61,14,17.89,28380.78,4,36,1.96,5,41,16.78,13,14.02,15638.78,6,36,1.96,0,0,0,0,0,0,0,36,1.96,0,1,0.14,0,0.35,0.14,2,36,1.96,1,3,1.31,1,0.67,4.14,6,36,1.96,220,2000,800,610,710,1.80E+09,2,36,2,2,8,4.31,4,2.47,155.47,10,36,1.96,7.5,78,30,22,27,1.00E+05,3,36,2,Emil
13.9,78,32.35,22,25.41,103897.65,5,34,1.96,12,52,24.94,20.5,16.12,35853.41,4,34,1.96,0,1,0.088,0,0.288,0.088,2,34,1.956,0,1,0.088,0,0.288,0.088,2,34,1.956,0,2,0.88,1,0.77,2.29,4,34,1.96,510,2000,960,770,610,2.00E+09,1,34,2,5,8,5.35,6,1.87,199.29,10,34,1.96,7.8,59,24.12,18.5,20.45,47034.29,2,34,1.96,Emil
3,98,28.27,13,32.55,144608.09,3,44,1.96,2,26,9.43,6,8.9,3509.75,6,44,1.96,0,1,0.32,0,0.47,0.32,4,44,1.96,0,1,0.25,0,0.44,0.25,2,44,1.96,1,4,1.48,1,1.3,12.39,9,44,1.96,49,980,330,180,340,1.80E+08,1,44,2,4,12,6.11,5.5,3.13,412.75,10,44,1.96,9.8,110,44,26,41,330000,4,44,2,Emil
2.1,60,19.71,11,20.46,38356.71,2,38,1.96,1,14,5.24,4.5,4.86,560.24,7,38,1.96,0,1,0.34,0,0.48,0.34,4,38,1.96,0,1,0.18,0,0.39,0.18,2,38,1.96,1,1,0.79,1,0.41,0.79,4,38,1.96,44,640,230,140,220,5.20E+07,2,38,2,3,8,3.66,4,1.95,92.24,8,38,1.96,7,62,23.58,18,21.09,49101.05,3,38,1.96,Emil
6,63,23.03,15,21.38,49168.69,4,36,1.96,4,38,15.28,12,13.2,12224.11,2,36,1.96,0,0,0,0,0,0,0,36,1.96,0,0,0,0,0,0,0,36,1.96,0,2,0.86,1,0.72,2.03,6,36,1.96,130,1100,440,350,380,2.90E+08,2,36,2,3.5,10,4.67,4,2.4,184.5,9,36,1.96,6,46,19.75,16,15.93,23756.92,5,36,1.96,Emil
3.1,75,24.95,15,25.53,75297.32,5,38,1.96,3.1,39,14.34,9.5,13.39,11832.45,4,38,1.96,0,1,0.18,0,0.39,0.18,2,38,1.96,0,1,0.11,0,0.31,0.11,2,38,1.96,1,3,1.16,1,0.86,4.47,6,38,1.96,70,1100,400,250,390,2.70E+08,2,38,2,3.1,8,4.08,4,1.81,108.13,9,38,1.96,6.2,78,29.05,19.5,27.13,98040.16,3,38,1.96,Emil
4.1,33,14.71,12,12.02,9773.07,3,28,1.96,2,19,8.29,7,6.46,1642.43,2,28,1.96,0,0,0,0,0,0,0,28,1.96,0,0,0,0,0,0,0,28,1.96,0.1,2,0.71,1,0.53,0.93,5,28,1.96,130,980,420,360,350,2.30E+08,2,28,2,2.1,9,4.5,5.5,2.76,185.79,8,28,1.96,5.1,34,15.25,12,12.13,10614.25,3,28,1.96,Emil
3,67,27.11,17.5,25.56,77368.61,4,36,1.96,4,56,23.08,19,20.67,44064.58,5,36,1.96,0,1,0.056,0,0.232,0.056,2,36,1.956,0,1,0.083,0,0.28,0.083,2,36,1.956,1,2,0.94,1,0.67,2.11,6,36,1.96,170,2600,1100,930,950,4.20E+09,1,36,2,2.5,8,4.06,4,2.3,132.72,9,36,1.96,6.5,72,27.67,18.5,25.08,79958.67,3,36,1.96,Emil
4,46,16.95,12,15.79,19509.21,5,38,1.96,3,24,9.74,7.5,8.27,3103.05,5,38,1.96,0,1,0.53,1,0.51,0.53,2,38,1.96,0,1,0.053,0,0.226,0.053,2,38,1.956,1,2,1.21,1,0.53,2.79,4,38,1.96,56,640,240,160,230,5.70E+07,1,38,2,3,7,4,4,1.9,103.47,11,38,1.96,11.1,75,31.11,24.5,25.61,96077.05,2,38,1.96,Emil
19.9,68,36.17,38,21.55,95537.17,1,42,1.96,12,46,23.74,23,15.77,30814.6,3,42,1.96,0,1,0.33,0,0.48,0.33,2,42,1.96,0,0,0,0,0,0,0,42,1.96,0.3,3,1.52,2,1.23,10.24,5,42,1.96,430,1500,810,850,510,1.10E+09,2,42,2,3,8,3.83,4,1.83,94.4,10,42,1.96,9.6,82,34,26,28,130000,3,42,2,Emil
3.7,86,28,16,29,110000,4,40,2,5,58,21.6,14,20.23,40936.35,5,40,1.96,0,1,0.45,0,0.5,0.45,2,40,1.96,0,1,0.32,0,0.47,0.32,4,40,1.96,1,3,1.02,1,0.8,3.27,7,40,1.96,150,2300,820,510,810,2.40E+09,1,40,2,2,10,4.3,4,2.49,160,8,40,1.96,8.7,93,37,27,33,190000,4,40,2,Emil
3.1,65,21.61,12.5,21.73,47469.45,3,38,1.96,1.1,20,7.11,4.5,6.77,1492.26,6,38,1.96,0,1,0.21,0,0.41,0.21,2,38,1.96,0,0,0,0,0,0,0,38,1.96,0,3,1.18,1,1.2,7.34,7,38,1.96,52,680,240,150,240,6.20E+07,1,38,2,3,13,5.24,4.5,3.89,397.13,4,38,1.96,7.2,72,29.42,21,25.67,89327.26,3,38,1.96,Emil
3.5,73,24.61,15.5,24.71,69193.11,2,36,1.96,4.5,62,22.17,14.5,21.57,47113.67,3,36,1.96,0,1,0.14,0,0.35,0.14,4,36,1.96,0,1,0.61,1,0.49,0.61,2,36,1.96,1,2,1.19,1,0.52,2.69,4,36,1.96,130,1800,650,420,620,1.10E+09,1,36,2,2,10,3.97,3,3.03,182.97,7,36,1.96,8.5,83,31,21,28,110000,3,36,2,Emil
5.5,72,25.72,17.5,24.7,72026.56,2,36,1.96,5,60,23.03,17,21.12,46895.36,4,36,1.96,0,0,0,0,0,0,0,36,1.96,0,0,0,0,0,0,0,36,1.96,0,1,0.61,1,0.49,0.61,2,36,1.96,120,1400,540,390,500,6.20E+08,2,36,2,2.5,8,4.03,4,2.05,114.03,5,36,1.96,6,52,21.42,18,17.86,32043.92,5,36,1.96,Emil
3.1,76,29,20,28,1.00E+05,5,38,2,3.1,49,20.97,13,19.01,33627.13,4,38,1.96,0,1,0.58,1,0.5,0.58,2,38,1.96,0,1,0.32,0,0.47,0.32,2,38,1.96,1,2,1.26,1,0.55,3.16,5,38,1.96,100,1800,770,520,720,1.70E+09,2,38,2,4,11,4.61,4,2.59,203.39,10,38,1.96,6.2,79,30,21,28,110000,4,38,2,Emil
3,69,22.14,12,23.25,55536.31,3,36,1.96,2,21,7.92,5.5,7.25,1923.75,4,36,1.96,1,1,0.72,1,0.45,0.72,2,36,1.96,0,1,0.33,0,0.48,0.33,2,36,1.96,1,2,1.03,1,0.56,2.03,4,36,1.96,40,560,200,130,200,3.60E+07,2,36,2,3,9,4.53,4.5,2.67,189.86,10,36,1.96,8,74,28.22,20,24.97,82259.22,2,36,1.96,Emil
2.9,77,22.84,10,25.94,72917.8,4,44,1.96,1.9,24,8.41,4.5,8.41,2746.05,7,44,1.96,0,1,0.66,1,0.48,0.66,6,44,1.96,0,1,0.43,0,0.5,0.43,4,44,1.96,1,4,1.86,1.5,1.23,15.5,10,44,1.96,35,700,240,130,250,6.60E+07,3,44,2,3,14,5.52,5,3.99,467.8,9,44,1.96,9.9,110,42,28,38,290000,2,44,2,Emil
3.7,73,24.98,16,24.96,71106.68,3,40,1.96,3,31,11.2,7.5,10.32,5651.8,5,40,1.96,0,1,0.05,0,0.22,0.05,2,40,1.96,0,0,0,0,0,0,0,40,1.96,0,3,0.95,1,0.85,3.2,7,40,1.96,110,1200,450,320,420,3.70E+08,1,40,2,3,10,4.3,4,2.5,168.25,8,40,1.96,6.7,75,29.95,23.5,25.86,92639.95,2,40,1.96,Emil
8.9,53,17.76,14.5,14.75,20199.2,6,54,1.96,5.9,21,10.37,10,6.37,2371.59,6,54,1.96,0,1,0.61,1,0.49,0.61,4,54,1.96,0,0,0,0,0,0,0,54,1.96,0.9,4,1.11,1,1.13,7.33,9,54,1.96,200,780,350,310,240,1.00E+08,2,54,2,2,10,4.26,4,2.53,164.15,13,54,1.96,13,81,35.46,40.5,24.83,111940.13,5,54,1.96,Emil
3.9,52,18.62,13,17.45,26341.32,4,34,1.96,3.9,39,14.76,10,13.31,12130.53,2,34,1.96,0,1,0.47,0,0.51,0.47,4,34,1.96,0,1,0.65,1,0.49,0.65,2,34,1.96,1,3,1.18,1,0.8,4.18,7,34,1.96,140,1500,550,360,510,6.50E+08,1,34,2,2,7,3.62,4,1.79,81.09,7,34,1.96,6.9,49,20.85,16.5,17.12,28700.68,2,34,1.96,Emil
3.1,70,23.92,15,24.17,64092.71,5,38,1.96,5.1,68,24.71,15.5,23.77,64097.29,5,38,1.96,0,0,0,0,0,0,0,38,1.96,0,1,0.11,0,0.31,0.11,2,38,1.96,0,3,1.08,1,0.97,4.55,8,38,1.96,200,2500,930,600,890,3.40E+09,1,38,2,4,12,5.08,4.5,3.01,285.34,7,38,1.96,7.2,80,30,20,27,1.00E+05,4,38,2,Emil
25.9,65,41.22,47,22.91,128071.84,2,32,1.96,19.3,74,37.62,36,24.53,119854.25,1,32,1.96,0,1,0.41,0,0.5,0.41,4,32,1.96,0,0,0,0,0,0,0,32,1.96,0,1,0.56,1,0.5,0.56,2,32,1.96,610,2500,1300,1200,850,4.70E+09,1,32,2,2.3,8,4,5,2.59,135.62,11,32,1.96,7,36,16.28,15,12.28,11811.34,4,32,1.96,Emil
2,62,19.12,10,20.7,38273.26,2,42,1.96,2,30,9.83,5,10.17,4787.55,6,42,1.96,0,1,0.071,0,0.261,0.071,2,42,1.956,0,0,0,0,0,0,0,42,1.96,1,4,1.79,1,1.22,14.93,6,42,1.96,42,910,300,160,320,1.40E+08,1,42,2,3.3,10,5.55,6,2.69,282.55,12,42,1.96,6.6,130,44,25,45,4.00E+05,3,42,2,Emil
5.5,78,26.67,16,26.6,87574.33,3,36,1.96,3.5,27,10.44,8,9.09,4041.94,5,36,1.96,0,1,0.25,0,0.44,0.25,2,36,1.96,0,1,0.36,0,0.49,0.36,4,36,1.96,0.5,2,0.89,1,0.71,2.06,6,36,1.96,68,810,300,210,280,1.10E+08,1,36,2,1,8,3.78,4.5,3.08,159.11,11,36,1.96,8,70,26.92,19,23.86,71441.08,2,36,1.96,Emil
5.2,59,21.76,16,19.56,38995.55,3,38,1.96,2,28,10.18,6,9.41,4223.76,4,38,1.96,0,1,0.13,0,0.34,0.13,2,38,1.96,0,0,0,0,0,0,0,38,1.96,1,2,1,1,0.57,1.95,4,38,1.96,65,750,290,200,270,9.30E+07,1,38,2,2,6,3.18,4,1.84,63.03,7,38,1.96,7.1,66,25.82,18,23.14,64049.92,3,38,1.96,Emil
3,58,19.47,11,19.78,35376.21,4,38,1.96,2.1,20,7.84,5.5,6.89,1743.26,6,38,1.96,0,0,0,0,0,0,0,38,1.96,0,1,0.16,0,0.37,0.16,2,38,1.96,1,2,1.16,1,0.49,2.42,4,38,1.96,32,600,210,120,210,4.10E+07,1,38,2,4,8,4.74,5,2.1,162,10,38,1.96,9,84,32.05,22,28.96,124432.89,2,38,1.96,Emil
2.7,66,20.93,11,22.33,49046.62,4,40,1.96,3,27,9.95,6,8.77,3700.1,4,40,1.96,0,1,0.2,0,0.41,0.2,4,40,1.96,0,0,0,0,0,0,0,40,1.96,1,4,1.45,1,1.11,8.95,11,40,1.96,65,1100,380,230,380,2.60E+08,1,40,2,4,8,4.65,5,2.08,157.5,10,40,1.96,8,100,37.1,25,34.69,205019.75,3,40,1.96,Emil
4.9,96,34,22,34,180000,3,34,2,5.9,38,16.26,13.5,13.12,13119.74,3,34,1.96,0,0,0,0,0,0,0,34,1.96,0,0,0,0,0,0,0,34,1.96,1,1,0.74,1,0.45,0.74,4,34,1.96,210,2000,820,620,720,2.00E+09,1,34,2,3,8,3.85,3.5,2,104.09,11,34,1.96,5.8,44,19.18,16,15.76,22028.06,3,34,1.96,Emil
160,730,380,480,250,1.20E+08,19,200,2,46,126,72.09,70,36.21,649608.48,31,204,1.96,1,5,2.37,2,1.48,29.23,22,204,1.96,1,3,1.64,2,1.09,10.17,8,204,1.96,18,150,66.62,62.5,52.84,858927.44,21,204,1.96,1700,4200,2700,3100,1400,3.50E+10,15,200,2,40.4,310,141.91,135,109.66,8019912.53,21,204,1.96,750,4100,2300,2600,1700,2.90E+10,10,200,2,Laud
300,540,330,380,170,5.90E+07,16,220,2,44,135,72.31,77,35.7,646419.53,20,216,1.96,2,4,2.27,3,0.92,16.82,11,216,1.96,1,2,1.44,2,0.73,4.91,6,216,1.96,45.5,105,61.17,78,32.94,399758.31,29,216,1.96,1900,4200,2700,3000,1300,3.10E+10,18,220,2,96.5,204,129.96,162,67.78,3728738.62,26,216,1.96,2000,4000,2600,3000,1400,3.00E+10,21,220,2,Laud
280,640,350,400,190,7.50E+07,11,150,2,32.1,190,64.22,54,44.35,733389.77,9,148,1.96,1,3,1.43,2,0.77,5.28,10,148,1.96,1,2,1.05,1,0.57,2.19,11,148,1.96,40,81,48.99,59,24.99,199229.49,23,148,1.96,1900,4200,2800,3000,1200,3.30E+10,13,150,2,85,168,99.89,111.5,46.8,1583407.58,18,148,1.96,1700,3900,2300,2600,1200,2.20E+10,17,150,2,Laud
150,720,360,420,240,1.00E+08,6,130,2,34,105,50.2,51.5,25.58,227599.52,14,132,1.96,1,3,1.48,2,0.7,5.26,12,132,1.96,1,2,1.04,1,0.5,1.9,8,132,1.96,28.6,67,38.02,49,22.61,104442.83,15,132,1.96,1900,3600,2300,2800,1000,1.90E+10,9,130,2,61.3,140,81.67,101.5,47.58,1021808.26,16,132,1.96,1300,3400,1900,2300,1200,1.40E+10,9,130,2,Laud
250,510,300,360,150,4.50E+07,5,110,2,29.5,73,42.35,40,19.34,122879.9,10,106,1.96,1,3,1.63,2,0.89,8.14,10,106,1.96,1,2,1.24,1,0.64,3.33,5,106,1.96,31,90,49.7,53,28.62,236036.43,11,106,1.96,1400,3900,2400,2500,1200,2.30E+10,6,110,2,78,185,108.73,108,59.54,2349099.61,12,106,1.96,1700,4000,2400,2400,1400,2.80E+10,7,110,2,Laud
280,600,340,380,150,5.90E+07,13,210,2,53.7,113,59.82,62.5,21.41,291467.65,25,210,1.96,1,3,1.61,2,0.6,5.75,14,210,1.96,1,2,1.1,1,0.42,1.96,10,210,1.96,44,70,46.71,53,18.14,139602.68,35,210,1.96,2500,3800,2700,2900,910,2.50E+10,20,210,2,94.7,162,100.62,109,37.11,1365628.33,29,210,1.96,2200,3600,2300,2500,930,1.70E+10,15,210,2,Laud
200,960,490,570,330,2.70E+08,4,94,2,28.9,121,51.18,44,32.56,319379.41,6,94,1.96,1,3,1.62,2,0.76,6.98,10,94,1.96,1,2,1.04,1,0.7,2.64,4,94,1.96,24.9,101,52.69,59.5,34.82,324758.59,11,94,1.96,1600,4200,2700,3100,1400,3.50E+10,4,94,2,62,212,117.41,150.5,73.06,3301802.52,7,94,1.96,1300,4000,2500,3300,1600,3.30E+10,4,94,2,Laud
43,1000,400,360,360,2.40E+08,8,110,2,27,116,47.5,39,29.25,247800.84,12,112,1.96,1,3,1.43,2,0.95,6.57,12,112,1.96,1,2,1.18,1,0.75,3.48,8,112,1.96,12.6,113,43.99,45,34.87,254057.63,7,112,1.96,1200,4200,2400,2300,1500,2.90E+10,8,110,2,28.9,206,91.69,99.5,67.54,2013098.38,14,112,1.96,570,4000,2000,2000,1600,2.30E+10,6,110,2,Laud
300,620,360,390,150,7.00E+07,23,360,2,57,194,75.84,70,36.95,785826.84,29,362,1.96,1,2,1.45,1,0.58,4.42,26,362,1.96,1,2,1,1,0.31,1.28,14,362,1.96,49,78,50.65,55,17.51,168532.26,56,362,1.96,2200,4000,2400,2500,820,1.90E+10,33,360,2,96,166,105.24,112,36.8,1532972.71,39,362,1.96,2300,3500,2400,2500,820,1.70E+10,24,360,2,Laud
120,660,310,390,210,6.70E+07,11,150,2,33,104,54.86,60,27.34,285553.85,21,146,1.96,1,4,1.73,2,0.97,10.16,10,146,1.96,1,2,1.23,1,0.6,3.16,6,146,1.96,20,105,49.61,58,34.75,295312.53,18,146,1.96,1600,4200,2700,3000,1400,3.50E+10,9,150,2,45.5,224,104.94,118.5,72.53,2775462.23,15,146,1.96,920,4000,2200,2500,1500,2.50E+10,6,150,2,Laud
110,630,300,350,220,7.20E+07,10,120,2,26,105,50.36,39,30.63,280751,13,116,1.96,1,3,1.64,2,0.72,7.02,6,116,1.96,1,2,0.92,1,0.63,1.91,6,116,1.96,16,98,41.33,42,31.65,199784.22,11,116,1.96,1400,4300,2500,2500,1400,3.10E+10,8,120,2,40,185,87.19,91.5,61.8,1657414.02,12,116,1.96,710,4000,2000,2100,1500,2.00E+10,6,120,2,Laud
95,620,290,350,210,6.00E+07,7,100,2,26,111,47.77,45.5,28.78,243472.25,12,102,1.96,1,2,1.13,1,0.66,2.83,11,102,1.96,1,1,0.75,1,0.43,0.75,2,102,1.96,12.6,72,32.55,37,23.26,85600.67,9,102,1.96,1200,4200,2400,2500,1500,3.00E+10,5,100,2,27.9,138,72.43,93,48.22,844045.02,10,102,1.96,550,3300,1600,1900,1200,1.00E+10,6,100,2,Laud
320,700,400,440,170,9.50E+07,34,560,2,66,276,82.85,82.5,38.53,1023713.69,62,556,1.96,1,3,1.62,2,0.77,6.74,42,556,1.96,1,2,1.08,1,0.56,2.25,21,556,1.96,49,75,49.07,56,20.85,168882.18,86,556,1.96,1800,4000,2200,2000,790,1.40E+10,71,560,2,104,159,103.29,114,40.86,1515602.1,79,556,1.96,2100,3700,2200,2400,930,1.50E+10,58,560,2,Laud
120,540,280,330,190,4.80E+07,7,120,2,31,121,53.78,50,31.18,321340.18,14,116,1.96,1,2,1.5,2,0.6,4.81,10,116,1.96,1,2,1.02,1,0.4,1.53,11,116,1.96,31,68,39.07,50,21.8,108402.53,20,116,1.96,1700,4200,2600,2800,1300,3.00E+10,6,120,2,73,140,85.85,105,45.8,1095384.66,16,116,1.96,1500,3500,2000,2400,1100,1.50E+10,8,120,2,Laud
230,570,330,380,180,6.40E+07,4,92,2,38.6,108,54.4,55.5,30.27,308847.73,7,92,1.96,1,2,1.47,2,0.7,4.99,4,92,1.96,1,2,1.12,1,0.49,2.23,8,92,1.96,30.3,78,43.41,55,24.51,150789.37,8,92,1.96,2200,4200,2900,3700,1400,4.10E+10,4,92,2,57.8,177,93.62,122,54.41,1565615.77,11,92,1.96,1400,3800,2300,3100,1300,2.30E+10,7,92,2,Laud
130,600,290,280,210,6.10E+07,6,98,2,24,70,37.61,30.5,18.62,93949.73,16,98,1.96,1,2,1.06,1,0.77,3.02,4,98,1.96,0,1,0.68,1,0.47,0.68,2,98,1.96,20.1,62,32.92,35,21.76,79193.73,16,98,1.96,1200,4000,2100,1900,1300,1.90E+10,6,98,2,50.8,138,78.33,94.5,47.07,945406.06,15,98,1.96,870,3200,1700,1900,1200,1.20E+10,5,98,2,Laud
280,940,480,440,320,2.70E+08,9,110,2,34,113,50.61,40.5,30.43,287467.54,9,106,1.96,2,4,2.56,3,1.05,24.69,11,106,1.96,1,3,1.62,2,0.58,5.81,6,106,1.96,57.5,117,72.45,87,36.85,636648.45,14,106,1.96,2000,4200,2700,2700,1300,3.30E+10,6,110,2,124,268,163.56,197.5,82.5,7312617.08,11,106,1.96,2600,4000,3000,3900,1400,4.10E+10,5,110,2,Laud
380,760,450,480,160,1.30E+08,25,450,2,63,168,76.96,78,28.11,641476.7,40,454,1.96,2,3,1.73,2,0.61,6.91,30,454,1.96,1,2,0.99,1,0.43,1.52,24,454,1.96,50,75,52.31,56,16.46,178085.36,78,454,1.96,2000,3700,2300,2200,730,1.60E+10,48,450,2,102.9,154,108.07,117,32.08,1534241.55,59,454,1.96,2200,3600,2300,2400,750,1.60E+10,55,450,2,Laud
370,720,430,470,190,1.20E+08,22,280,2,58,117,66.31,68,23.6,395630.78,28,280,1.96,1,3,1.57,2,0.69,5.75,18,280,1.96,1,2,1.04,1,0.51,1.96,12,280,1.96,52,72,50.2,58,20.2,175403.93,50,280,1.96,2200,4200,2600,2700,970,2.50E+10,36,280,2,104,171,106.52,117,38.83,1602651.6,32,280,1.96,2300,3600,2400,2700,950,1.90E+10,31,280,2,Laud
170,690,350,430,240,1.00E+08,11,170,2,30,81,46.97,50.5,21.24,165214.69,33,172,1.96,1,2,1.35,1,0.64,4,14,172,1.96,1,2,1.01,1,0.37,1.47,12,172,1.96,28,65,37.52,48,22.4,101265.34,26,172,1.96,1400,4200,2600,3200,1400,3.00E+10,20,170,2,64.4,140,79.36,101.5,44.76,903918.59,22,172,1.96,1300,3400,1900,2300,1100,1.30E+10,14,170,2,Laud
130,650,320,410,230,8.10E+07,7,100,2,25.3,66,36.18,34,15.51,73573.47,19,102,1.96,1,2,1.18,1,0.84,3.88,9,102,1.96,1,2,0.9,1,0.36,1.02,6,102,1.96,26.1,68,37.77,47.5,23.82,108630.66,12,102,1.96,1600,3900,2300,2600,1300,2.20E+10,5,100,2,57.6,132,77.3,98,46.48,885406.25,8,102,1.96,1200,3300,1800,2400,1200,1.20E+10,9,100,2,Laud
250,710,360,420,200,9.10E+07,11,140,2,40.9,216,73.13,58,53.23,1171542.51,10,144,1.96,1,3,1.56,2,0.8,6.85,10,144,1.96,1,2,1.31,1,0.61,3.65,4,144,1.96,39.9,86,47.44,53,24.04,180452.9,20,144,1.96,2000,4200,2800,3200,1300,3.30E+10,11,140,2,86.7,174,102.39,112.5,49.37,1730492.97,15,144,1.96,1700,4000,2300,2400,1200,2.20E+10,12,140,2,Laud
300,720,350,380,190,7.90E+07,33,440,2,48,135,66.47,58.5,29.7,481942.87,64,440,1.96,1,3,1.7,2,0.93,8.83,34,440,1.96,1,2,1.26,1,0.71,3.76,34,440,1.96,43,105,51.86,57.5,28.79,256381.01,61,440,1.96,2000,3600,2200,2400,870,1.60E+10,40,440,2,91,214,111.15,118,60.78,2502630.4,63,440,1.96,2100,3600,2300,2700,1200,1.90E+10,49,440,2,Laud
9.9,670,270,300,220,5.90E+07,21,260,2,46,154,67.6,71,32.98,538170.44,42,264,1.96,1,3,1.45,2,0.82,5.68,18,264,1.96,1,2,0.86,1,0.56,1.42,13,264,1.96,2,68,30.25,35,23.82,77247.5,32,264,1.96,1300,3900,2200,2300,1200,1.80E+10,16,260,2,6,145,64.37,74,48.75,713810.87,36,264,1.96,61,3700,1500,1800,1200,1.00E+10,22,260,2,Laud
300,610,360,450,200,8.40E+07,15,200,2,42.3,115,60.28,60,29.03,370309.95,21,202,1.96,1,3,1.72,2,0.6,6.92,10,202,1.96,1,2,1.03,1,0.55,2.04,10,202,1.96,38.6,81,43.12,50,23.82,143829.44,36,202,1.96,2000,4100,2500,2600,1200,2.40E+10,20,200,2,85.3,160,94.24,113,50.39,1455847.48,29,202,1.96,1600,3700,2200,2500,1300,1.90E+10,19,200,2,Laud
380,700,410,450,160,9.70E+07,28,400,2,55,194,77.34,70,37.45,834661.84,44,402,1.96,1,3,1.44,1,0.65,4.71,20,402,1.96,1,2,0.93,1,0.43,1.29,22,402,1.96,47,76,47.44,52,16.64,139326.17,74,402,1.96,2200,4000,2500,2500,850,2.00E+10,48,400,2,99,156,100.57,107,33.03,1291575.26,49,402,1.96,2200,3700,2300,2500,810,1.60E+10,37,400,2,Laud
170,570,290,320,180,4.90E+07,4,88,2,28,101,40.8,38,24.11,151433.82,11,88,1.96,1,2,1.45,1,0.54,4.32,6,88,1.96,1,1,0.95,1,0.21,0.95,2,88,1.96,24.1,60,33.7,39,19.37,72489.36,10,88,1.96,1600,3900,2400,2500,1200,2.30E+10,4,88,2,50.4,120,73.18,88.5,39.15,692009.14,7,88,1.96,1000,2900,1600,2000,980,8.70E+09,6,88,2,Laud
160,580,320,330,190,6.40E+07,4,82,2,26.3,82,38.93,33.5,22.53,122018.63,6,82,1.96,2,2,1.68,2,0.52,5.93,4,82,1.96,1,2,1.02,1,0.65,2.34,6,82,1.96,45.6,80,51.59,56,25.04,221907.15,12,82,1.96,1500,3900,2200,2400,1200,2.10E+10,3,82,2,104.9,168,107.28,125.5,45.91,1807231.55,8,82,1.96,2200,3700,2500,3100,1200,2.60E+10,7,82,2,Laud
230,600,350,390,190,7.80E+07,3,72,2,23,68,35.62,33.5,19.03,84600.46,6,72,1.96,2,2,1.69,2,0.52,6.03,5,72,1.96,1,2,1.11,1,0.4,1.94,4,72,1.96,36.3,66,41.62,44,18.07,107114.46,12,72,1.96,1500,3600,2300,2600,1200,2.10E+10,4,72,2,80.6,139,93.68,104.5,40.01,1207389.1,9,72,1.96,1600,3100,2000,2200,960,1.30E+10,4,72,2,Laud
210,510,300,330,170,5.00E+07,5,90,2,24,76,39.62,34.5,21.32,117119.22,10,90,1.96,1,2,1.23,1,0.6,3.17,8,90,1.96,1,1,0.96,1,0.21,0.96,4,90,1.96,20.7,66,35.84,42.5,21.08,90294.31,10,90,1.96,1400,3700,2100,2100,1200,1.80E+10,4,90,2,51.4,139,77.13,89,42.21,832002.67,7,90,1.96,1000,3400,1700,1800,1100,1.00E+10,4,90,2,Laud
340,710,430,440,220,1.40E+08,4,68,2,25.1,140,49.31,31.5,40.76,424737.34,4,68,1.96,2,3,1.75,2,0.7,7.66,6,68,1.96,1,2,1,1,0.39,1.44,4,68,1.96,47.4,72,49.16,58,20.81,171111.37,8,68,1.96,1500,3500,2000,2100,1100,1.50E+10,3,68,2,104.4,140,103.22,125.5,44,1586915.37,6,68,1.96,2200,3600,2400,2800,1100,2.20E+10,8,68,2,Laud
200,750,390,450,240,1.20E+08,3,98,2,36.2,130,55.63,48.5,34.7,402111.35,12,98,1.96,1,3,1.4,2,0.83,5.26,6,98,1.96,1,2,1.14,1,0.57,2.61,10,98,1.96,16.3,79,43.6,59.5,29.35,183985.3,11,98,1.96,2200,4200,2900,3100,1300,3.80E+10,4,98,2,43.8,156,95.54,130.5,58.27,1736242.56,13,98,1.96,790,3600,2100,2800,1400,2.10E+10,7,98,2,Laud
120,670,300,330,220,7.00E+07,5,110,2,28,134,52.39,44,34.96,371116.12,15,110,1.96,1,2,1.37,2,0.71,4.43,6,110,1.96,1,2,1.04,1,0.56,2.07,8,110,1.96,31.7,78,40.37,44,24.2,132310.37,18,110,1.96,1500,4200,2400,2200,1300,2.70E+10,6,110,2,60.1,184,87.42,91.5,54.69,1433522.44,14,110,1.96,1500,3700,2000,2300,1200,1.60E+10,7,110,2,Laud
240,660,320,380,200,6.80E+07,37,510,2,58,150,74.19,79,33.19,647561.35,65,506,1.96,1,2,1.25,1,0.73,3.8,25,506,1.96,1,2,0.75,1,0.45,0.78,12,506,1.96,35.5,68,37.59,47,22.64,101723.21,73,506,1.96,1700,3700,2000,2200,1000,1.40E+10,56,510,2,80,156,81.79,100,46.98,1009006.87,71,506,1.96,1700,3400,1800,2200,1100,1.10E+10,57,510,2,Laud
180,460,260,310,150,3.30E+07,4,86,2,28,76,38.08,33.5,21.41,109146.41,6,86,1.96,1,2,0.93,1,0.57,1.7,4,86,1.96,1,1,0.72,1,0.45,0.72,2,86,1.96,21.5,56,31.36,40,18.41,58682.06,13,86,1.96,1800,4200,2600,2600,1400,3.30E+10,6,86,2,47.5,116,66.72,82,36.43,528379.7,10,86,1.96,950,2400,1400,1600,840,5.40E+09,4,86,2,Laud
350,710,380,430,170,8.40E+07,24,300,2,67,145,72.94,79,25.57,523223.18,31,304,1.96,1,2,1.61,2,0.63,5.76,12,304,1.96,1,2,1.28,1,0.5,3.07,18,304,1.96,46,79,48.66,53,17.65,152818.98,48,304,1.96,2300,3900,2600,2700,840,2.20E+10,40,300,2,96,149,101.34,109,34.76,1342968.43,37,304,1.96,2200,3600,2400,2500,860,1.70E+10,28,300,2,Laud
200,610,310,370,170,5.30E+07,8,140,2,44,94,54.9,59,23.21,248250.53,22,144,1.96,1,2,1.35,1,0.62,3.89,10,144,1.96,1,2,1,1,0.35,1.38,8,144,1.96,30.7,62,34.46,39.5,20.46,79466.96,22,144,1.96,1900,4100,2600,3000,1200,3.00E+10,12,140,2,56.1,139,73.74,89,43.44,771711.32,16,144,1.96,1300,3500,1800,2000,1100,1.10E+10,10,140,2,Laud
250,630,330,350,180,6.70E+07,18,340,2,56,112,61.4,66,23.05,323376.37,54,336,1.96,1,3,1.46,2,0.75,5.26,18,336,1.96,1,2,0.83,1,0.42,0.94,9,336,1.96,39,75,41.26,49.5,21.71,119114.03,58,336,1.96,1900,4000,2400,2500,950,1.90E+10,34,340,2,88,150,90.01,105,44.79,1187368.12,46,336,1.96,1900,3700,2100,2500,1100,1.50E+10,28,340,2,Laud
18,590,240,250,210,4.70E+07,14,180,2,28,94,48.25,44,25.04,210402.62,24,176,1.96,1,2,1.39,2,0.68,4.43,10,176,1.96,1,2,0.78,1,0.5,1.02,8,176,1.96,2,70,31.9,47.5,26.38,95413.32,28,176,1.96,1100,3900,2300,2400,1300,2.30E+10,14,180,2,6.5,150,71,100,55,950000,27,180,2,74,3500,1600,2400,1300,1.20E+10,18,180,2,Laud
290,710,340,360,150,5.90E+07,35,430,2,62,159,72.27,73,26.04,529183.12,47,432,1.96,1,2,1.26,1,0.57,3.2,23,432,1.96,1,2,0.97,1,0.35,1.23,11,432,1.96,40,72,42.53,46,16.4,105684.84,81,432,1.96,1800,4200,2300,2200,920,1.70E+10,53,430,2,84,149,91.61,95,33.73,1034895.67,49,432,1.96,2000,3500,2100,2200,810,1.30E+10,41,430,2,Laud
6.9,640,160,31,200,3.20E+07,12,140,2,35,107,46.88,50.5,22.3,179374.26,22,144,1.96,1,3,1.49,1,1.1,8.95,14,144,1.96,1,2,1.11,1,0.76,3.19,6,144,1.96,2,110,38,7.5,42,290000,12,140,2,1100,4200,2200,1800,1300,2.20E+10,7,140,2,6,236,84.47,21,90.76,3044339.06,17,144,1.96,46,4000,1600,300,1800,2.30E+10,11,140,2,Laud
350,810,400,430,150,9.10E+07,29,530,2,70,201,85.7,82.5,31.51,898344.52,48,528,1.96,1,2,1.62,2,0.53,5.51,34,528,1.96,1,2,0.95,1,0.32,1.12,14,528,1.96,52,81,54.53,59,15.91,197058.34,91,528,1.96,1700,4200,2200,2000,850,1.60E+10,53,530,2,105,171,112.1,118,30.78,1681481.72,64,528,1.96,2200,3600,2400,2500,680,1.60E+10,56,530,2,Laud
40,570,250,300,190,4.20E+07,14,200,2,36.5,139,58.14,54.5,32.02,397551.59,23,196,1.96,1,3,1.44,1,0.56,4.38,10,196,1.96,1,2,1.18,1,0.41,2.31,8,196,1.96,4,70,35.55,46,25.65,109045.57,30,196,1.96,1400,3600,2300,2900,1100,1.90E+10,21,200,2,11.5,138,72.36,98.5,49.62,860819.44,27,196,1.96,140,3500,1700,2300,1300,1.30E+10,20,200,2,Laud
310,720,370,370,150,7.70E+07,23,410,2,71,145,81.5,84,26.51,703144.61,41,408,1.96,1,3,1.2,1,0.68,3.31,30,408,1.96,1,2,0.76,1,0.45,0.84,16,408,1.96,39,76,44.17,48,17.16,119884.36,63,408,1.96,2100,4100,2400,2400,760,1.90E+10,44,410,2,81.1,148,93.32,99,33.48,1087977.07,51,408,1.96,1800,3600,2100,2300,860,1.40E+10,35,410,2,Laud
340,630,380,410,120,6.80E+07,41,470,2,54.5,156,63.56,63,22.78,364452.96,61,466,1.96,1,3,1.67,2,0.57,6.13,34,466,1.96,1,2,1.15,1,0.43,2.19,20,466,1.96,51,88,55.02,58,16.2,204197.87,71,466,1.96,1800,4200,2300,2100,830,1.70E+10,51,470,2,105,168,113.13,118,31.24,1737417.58,57,466,1.96,2300,3600,2400,2500,720,1.80E+10,43,470,2,Laud
370,710,420,450,160,9.80E+07,39,590,2,79,222,93.89,94,36.13,1220921.13,51,590,1.96,1,3,1.34,1,0.6,3.81,39,590,1.96,1,2,0.93,1,0.45,1.35,30,590,1.96,52,84,53.91,58,17.79,198080.14,85,590,1.96,1700,4200,2100,1900,860,1.50E+10,72,590,2,105.7,166,111.13,117,33.77,1682931.29,73,590,1.96,2100,3600,2300,2300,760,1.50E+10,53,590,2,Laud
99,420,230,260,150,2.60E+07,5,94,2,26.8,72,37.68,36,17.39,89034.91,14,94,1.96,1,3,1.68,2,0.59,6.4,6,94,1.96,1,2,0.88,1,0.41,1.07,4,94,1.96,26.8,78,43.82,56.5,25.96,163111.31,13,94,1.96,1600,3400,2200,2200,940,1.60E+10,7,94,2,57.5,159,93.39,125,56.18,1587056.56,11,94,1.96,1200,3700,2200,2800,1300,2.10E+10,8,94,2,Laud
50,500,220,220,170,3.00E+07,3,92,2,28,90,37.64,30,21.46,115019.75,16,92,1.96,1,2,1.41,1.5,0.65,4.41,6,92,1.96,1,2,1.07,1,0.41,1.78,4,92,1.96,17.9,68,37.74,46.5,24.74,116766.63,12,92,1.96,1300,3000,1900,2200,880,1.10E+10,6,92,2,34.4,144,83.84,111,54.05,1235954.12,9,92,1.96,760,3500,2000,2600,1300,1.80E+10,4,92,2,Laud
270,630,360,430,190,7.90E+07,29,300,2,59,104,66.5,73,23.32,392378.08,35,296,1.96,1,3,1.51,2,0.73,5.47,20,296,1.96,1,2,1.19,1,0.53,2.69,24,296,1.96,50,72,49.72,58,20.59,172377.14,46,296,1.96,2200,4200,2600,2600,1000,2.40E+10,37,300,2,102,158,102.65,114,41.48,1507070.68,41,296,1.96,2400,3500,2400,2700,980,1.80E+10,36,300,2,Laud
230,630,300,340,180,5.20E+07,18,250,2,46.7,76,50.67,54,16.34,167025.68,39,250,1.96,1,3,1.36,1,0.66,4.22,22,250,1.96,1,2,0.9,1,0.43,1.19,12,250,1.96,31.7,70,37.55,44,20.97,96334.53,38,250,1.96,2200,4000,2400,2500,950,1.90E+10,26,250,2,74,150,79.18,88,43.7,899551.33,28,250,1.96,1600,3600,1900,2100,1100,1.20E+10,18,250,2,Laud
340,660,390,450,170,8.90E+07,38,530,2,78.1,180,93.2,94,35.85,1162395.71,44,528,1.96,1,3,1.52,2,0.75,5.85,35,528,1.96,1,2,1,1,0.45,1.6,17,528,1.96,44,80,49.11,53,20.24,169050.56,76,528,1.96,1900,4200,2200,2100,870,1.60E+10,55,530,2,93,170,103.96,109,42.2,1601237.07,60,528,1.96,2000,3700,2200,2300,930,1.50E+10,46,530,2,Laud
160,550,290,330,180,5.20E+07,9,150,2,27.1,148,57.38,52,37.41,467831.89,19,148,1.96,1,2,1.34,1,0.64,3.93,8,148,1.96,1,2,1.02,1,0.61,2.2,10,148,1.96,27.1,80,40.2,47,25.62,138258.59,27,148,1.96,1300,4200,2500,2600,1300,2.80E+10,10,150,2,54.3,168,86.37,98.5,52.49,1298714.21,19,148,1.96,1100,3900,2000,2100,1300,1.80E+10,10,150,2,Laud
56,530,220,220,170,3.10E+07,3,84,2,26.9,73,38.81,33,20.76,109607.81,8,84,1.96,1,2,1.39,1,0.54,3.89,10,84,1.96,1,1,0.86,1,0.35,0.86,2,84,1.96,24,63,36.69,46,20.51,89698.48,9,84,1.96,1300,3900,2300,2500,1200,2.20E+10,3,84,2,51.6,128,79.07,101.5,43.25,877674.07,7,84,1.96,1100,2800,1700,2200,1000,9.20E+09,4,84,2,Laud
240,820,360,390,220,9.50E+07,16,270,2,40,145,61.27,58,32.05,440809.05,27,270,1.96,1,2,1.13,1,0.61,2.66,24,270,1.96,1,1,0.87,1,0.34,0.87,4,270,1.96,31,61,35.46,42,18.94,77582.28,38,270,1.96,1900,4000,2400,2400,1000,2.10E+10,23,270,2,66,126,74.75,88,38.02,699407.53,34,270,1.96,1600,3200,1800,2200,970,1.00E+10,21,270,2,Laud
320,660,370,390,130,7.00E+07,34,520,2,58,214,75.77,70,31.38,691227.92,56,524,1.96,1,2,1.24,1,0.49,2.84,35,524,1.96,1,1,0.92,1,0.28,0.92,8,524,1.96,39,73,45.22,47,13.95,116311.58,84,524,1.96,1700,4200,2200,2000,810,1.50E+10,55,520,2,84.9,149,96.67,100,29.52,1132852.75,70,524,1.96,1900,3400,2200,2300,630,1.20E+10,49,520,2,Laud
390,860,490,540,210,1.80E+08,32,480,2,54,174,65.88,67,24.81,419698.14,57,476,1.96,1,3,1.61,2,0.61,5.81,28,476,1.96,1,2,1.22,1,0.52,2.85,24,476,1.96,49,76,49.41,56,19.73,166740.33,75,476,1.96,1900,3700,2200,2200,800,1.40E+10,60,480,2,101.5,150,103.82,113,37.88,1473994.47,71,476,1.96,2200,3500,2200,2300,890,1.60E+10,48,480,2,Laud
120,580,280,330,190,5.20E+07,6,110,2,32.7,104,49.95,41.5,27.86,245555.44,12,110,1.96,2,4,2.12,2,0.91,14.39,7,110,1.96,1,2,1.49,2,0.57,4.65,8,110,1.96,40.7,108,60.22,66,34.93,417596.29,11,110,1.96,1700,4200,2600,2500,1400,3.30E+10,7,110,2,93.5,224,133.06,147.5,75.06,4374460.94,9,110,1.96,2000,4100,2700,3300,1500,3.50E+10,6,110,2,Laud
59,820,300,280,260,9.30E+07,9,150,2,32,180,70.93,42,56.59,1184391.8,24,148,1.96,1,4,1.7,1,1.39,15.28,10,148,1.96,0.1,3,1.15,1,0.95,4.84,10,148,1.96,3,125,47.09,32.5,46.82,451374.15,16,148,1.96,1400,4200,2500,2100,1400,3.00E+10,8,150,2,8,276,104.7,73,99.9,4603885.73,16,148,1.96,110,4000,1900,1600,1800,2.60E+10,8,150,2,Laud
260,610,330,360,140,5.50E+07,9,190,2,50,160,65.58,62,33.33,522862.57,15,190,1.96,1,2,1.59,2,0.56,5.38,17,190,1.96,1,2,0.98,1,0.32,1.24,8,190,1.96,43,72,47.03,48.5,16.89,139009.21,31,190,1.96,2500,3600,2600,2700,800,2.10E+10,20,190,2,92.7,154,100.91,108,33.23,1316545.22,21,190,1.96,2300,3700,2400,2700,860,1.90E+10,20,190,2,Laud
170,650,340,420,220,8.50E+07,4,88,2,34.2,108,54.01,55,29.31,294115.92,8,88,1.96,1,2,1.14,1,0.53,2.43,8,88,1.96,1,1,0.89,1,0.32,0.89,4,88,1.96,30.3,50,32.11,40,17.14,56580.95,11,88,1.96,2000,4000,2800,3600,1400,3.40E+10,8,88,2,65.1,110,68.91,79.5,34.25,535263.8,8,88,1.96,1400,2700,1500,1700,830,6.10E+09,5,88,2,Laud
260,730,350,390,220,9.20E+07,16,230,2,37,98,51.62,50.5,21.77,211035.9,41,232,1.96,1,3,1.59,2,0.71,6.06,14,232,1.96,1,2,1.13,1,0.62,2.71,11,232,1.96,38,90,43.54,48.5,25.95,161124.94,36,232,1.96,1700,4200,2500,2400,1200,2.70E+10,17,230,2,91.3,171,93.65,109,52.63,1494267.78,25,232,1.96,1900,3700,2100,2500,1200,1.80E+10,21,230,2,Laud
290,880,380,420,200,9.70E+07,17,250,2,46,116,59.03,60,23.32,303012.54,31,246,1.96,1,3,1.61,2,0.68,6.08,16,246,1.96,1,2,1.17,1,0.54,2.66,27,246,1.96,46,74,45.57,54,21.17,144999.86,36,246,1.96,2300,4000,2600,2800,890,2.30E+10,29,250,2,95,159,96.55,109,41.73,1318120.11,34,246,1.96,2200,3600,2300,2700,1100,1.80E+10,26,250,2,Laud
330,610,350,380,170,6.60E+07,16,250,2,42,84,51.04,55,18.04,179230.25,46,248,1.96,1,3,1.76,2,0.87,9.33,16,248,1.96,1,2,1.37,1,0.65,4.18,10,248,1.96,50,100,55.17,63,26.73,268662.28,38,248,1.96,2200,4000,2600,2900,1100,2.50E+10,29,250,2,105.1,180,110.55,123.5,51.68,2097107.92,29,248,1.96,2100,3900,2500,2800,1200,2.40E+10,22,250,2,Laud
280,740,370,410,230,1.10E+08,22,230,2,32,109,48.76,44,24.37,210337.69,35,226,1.96,1,2,1.45,2,0.81,5.32,9,226,1.96,1,1,0.81,1,0.39,0.81,4,226,1.96,31,59,32.65,39,18.41,63347.33,35,226,1.96,1700,3900,2500,3000,1100,2.50E+10,21,230,2,68,121,70.81,82,37.55,607839.48,33,226,1.96,1600,2900,1700,2000,920,8.00E+09,21,230,2,Laud
290,640,350,370,160,6.70E+07,16,290,2,61,109,64.85,66,20.41,345656.85,41,294,1.96,1,2,1.55,2,0.65,5.36,16,294,1.96,1,2,1.02,1,0.45,1.7,13,294,1.96,42,74,45.5,51,18.02,131229.58,41,294,1.96,2200,4200,2500,2400,1000,2.40E+10,27,290,2,95,166,98.82,106.5,37.97,1323529.93,31,294,1.96,2200,3500,2300,2500,910,1.70E+10,26,290,2,Laud
240,660,320,300,200,6.80E+07,7,140,2,48.4,98,58.56,65,26.19,310664.03,11,140,1.96,1,2,1.19,1,0.61,2.99,8,140,1.96,0,1,0.58,1,0.5,0.58,4,140,1.96,10,59,26.7,20,20.76,55253.57,19,140,1.96,2600,4000,2700,3000,1100,2.90E+10,12,140,2,30,126,59.17,39,41.36,520512.63,17,140,1.96,470,2900,1300,700,1000,6.60E+09,8,140,2,Laud
230,560,300,330,160,4.70E+07,42,500,2,58,129,67.63,68,25.37,439695.02,78,504,1.96,1,3,1.46,2,0.68,4.85,30,504,1.96,1,2,1.13,1,0.52,2.39,26,504,1.96,40,76,42.35,49,21.16,124106.12,70,504,1.96,1800,3700,2100,2200,840,1.40E+10,44,500,2,90,156,93.39,105,43.56,1266428.38,63,504,1.96,2000,3700,2100,2300,1000,1.40E+10,50,500,2,Laud
230,740,380,480,240,1.10E+08,13,170,2,34.9,113,65.87,80,33.52,497515.49,23,174,1.96,1,3,1.8,2,0.86,9.8,16,174,1.96,1,2,1.36,1,0.58,3.8,6,174,1.96,36.8,98,50.51,54,31.19,266325.4,31,174,1.96,1500,4200,2600,2800,1400,3.20E+10,12,170,2,79.7,206,106.55,106.5,63.63,2415409.99,15,174,1.96,1700,4000,2300,2400,1400,2.60E+10,12,170,2,Laud
470,1000,530,570,200,2.10E+08,38,530,2,73,162,82.22,87,25.68,709664.17,53,534,1.96,1,2,1.47,1,0.51,4.31,27,534,1.96,1,2,0.99,1,0.37,1.39,26,534,1.96,53,76,53.25,57,15.95,183404.61,88,534,1.96,1800,4100,2200,2000,780,1.50E+10,58,530,2,106,154,110.05,117,31.17,1595121.1,70,534,1.96,2200,3500,2300,2400,700,1.50E+10,62,530,2,Laud
300,730,380,410,160,8.40E+07,29,430,2,68,149,74.01,75,23.79,525947.19,50,426,1.96,1,3,1.39,1,0.61,4.19,30,426,1.96,1,2,0.73,1,0.45,0.75,11,426,1.96,38.5,69,43.08,47.5,17.69,113926.78,64,426,1.96,1800,4000,2200,2200,850,1.60E+10,43,430,2,84,160,92.8,98.5,36.2,1116972.92,48,426,1.96,1900,3600,2100,2300,890,1.40E+10,27,430,2,Laud
130,580,250,210,170,4.00E+07,3,110,2,40,201,74.83,66,53.38,1168112.52,7,114,1.96,1,4,1.7,2,1.21,12.33,8,114,1.96,1,2,1.27,1,0.73,3.9,4,114,1.96,5.9,120,58,60,48,610000,11,110,2,2200,4200,2900,3600,1400,4.00E+10,8,110,2,20.7,259,123.85,129.5,97.24,5358658.48,13,114,1.96,240,4000,2300,3200,1800,3.20E+10,6,110,2,Laud
110,660,330,420,230,8.40E+07,20,200,2,33,94,49.43,47,22.97,201698.23,33,202,1.96,1,2,1.38,2,0.77,4.71,12,202,1.96,1,2,0.92,1,0.5,1.46,12,202,1.96,26.3,74,38.42,47,24.48,117602.15,31,202,1.96,1500,4200,2400,2800,1200,2.40E+10,23,200,2,63.3,159,85.3,107,50.3,1184413.36,31,202,1.96,1300,3700,1900,2400,1300,1.50E+10,19,200,2,Laud
190,570,320,390,190,6.50E+07,12,170,2,31,120,56.19,62,28.99,322932.9,27,172,1.96,1,2,1.44,2,0.72,4.85,16,172,1.96,1,2,1.29,1,0.48,3.1,10,172,1.96,41.3,63,41.15,52,22.14,119127.37,26,172,1.96,1900,4000,2600,3100,1200,2.80E+10,15,170,2,82.9,132,84.03,104.5,44.48,1005874.39,24,172,1.96,1900,3500,2100,2600,1100,1.50E+10,13,170,2,Laud
280,560,310,340,170,5.50E+07,13,190,2,44,76,49.85,54,16.56,161696.13,26,192,1.96,1,3,1.53,2,0.75,5.78,12,192,1.96,1,2,1.14,1,0.61,2.73,12,192,1.96,38,72,43.3,47,21.09,130954.52,28,192,1.96,2300,3900,2600,2800,940,2.30E+10,15,190,2,84,153,91.19,105,41.87,1162128.69,21,192,1.96,1800,3700,2200,2600,1100,1.80E+10,18,190,2,Laud
310,580,340,350,140,5.80E+07,12,170,2,44,88,52.95,54,21.82,220307.45,29,168,1.96,1,3,1.7,2,0.58,6.52,12,168,1.96,1,2,1.14,1,0.44,2.21,10,168,1.96,46,69,46.64,54,17.86,137952.49,28,168,1.96,2500,4000,2800,3200,1100,3.10E+10,14,170,2,102,153,101.3,113,38.17,1401605.48,23,168,1.96,2200,3700,2300,2700,950,1.80E+10,16,170,2,Laud
120,660,320,320,230,8.10E+07,10,130,2,27.5,162,58.71,52,40.12,547760.9,19,126,1.96,1,2,0.91,1,0.61,1.77,8,126,1.96,1,2,0.75,1,0.48,0.9,6,126,1.96,12.5,66,29.64,33,20.85,63394.74,20,126,1.96,1400,4200,2600,2600,1400,3.10E+10,10,130,2,28,139,65.31,77,44.31,649765.07,16,126,1.96,530,3400,1400,1600,1100,7.70E+09,4,130,2,Laud
260,580,340,410,180,6.70E+07,8,120,2,28,88,47.67,50,23.42,186007.73,12,120,1.96,1,2,1.53,2,0.61,5.08,8,120,1.96,1,2,1.38,1,0.52,3.73,6,120,1.96,46.7,79,50.65,55,22.3,195331.2,16,120,1.96,1800,4200,2800,3100,1300,3.40E+10,12,120,2,92.7,168,107.56,118.5,47.71,1896651.71,11,120,1.96,2100,4000,2500,2800,1200,2.50E+10,12,120,2,Laud
90,540,260,290,200,4.50E+07,13,150,2,35,101,53.82,52,26.25,268270.47,26,146,1.96,1,3,1.4,1,1.05,7.53,10,146,1.96,1,2,1.02,1,0.74,2.71,4,146,1.96,3,105,39.05,33.5,35.99,225916.24,18,146,1.96,1500,4200,2600,2500,1300,3.20E+10,9,150,2,9.5,190,82,86,69,1800000,16,150,2,100,4000,1800,1700,1600,2.10E+10,7,150,2,Laud
170,720,330,350,230,8.80E+07,12,180,2,40,117,56.79,54.5,27.65,316716.6,24,178,1.96,1,3,1.25,1,0.7,3.75,16,178,1.96,1,2,0.84,1,0.44,1.01,10,178,1.96,2,69,28.38,39,22.2,63250.51,22,178,1.96,1800,4100,2400,2800,1200,2.30E+10,14,180,2,10,130,59.93,76.5,43.78,542786.8,27,178,1.96,64,3500,1400,1800,1100,7.60E+09,17,180,2,Laud
250,750,320,330,160,5.80E+07,36,560,2,73,140,82.73,85,29.22,762470.76,63,560,1.96,1,3,1.07,1,0.65,2.66,29,560,1.96,1,2,0.76,1,0.48,0.91,18,560,1.96,36,78,41.83,46,20.26,118163.1,65,560,1.96,1700,3900,2100,2000,880,1.40E+10,54,560,2,75,160,89.01,94,42.49,1139083.33,59,560,1.96,1700,3700,2000,2100,990,1.30E+10,50,560,2,Laud
5,750,200,22,270,6.80E+07,16,150,2,29,194,57.49,41.5,44.83,675509.61,27,150,1.96,1,4,1.71,1,1.17,12.51,12,150,1.96,1,3,1.1,1,0.82,3.5,6,150,1.96,2,120,44,6.5,49,460000,18,150,2,1100,4200,2200,1600,1400,2.60E+10,3,150,2,8,239,92.59,17.5,99.23,3931141.27,22,150,1.96,63,4000,1700,320,1800,2.40E+10,6,150,2,Laud
360,690,420,470,180,1.10E+08,26,480,2,74,165,85.6,90.5,29.65,841176.48,42,482,1.96,1,2,1.47,2,0.62,4.69,34,482,1.96,1,2,1.01,1,0.48,1.74,20,482,1.96,58,81,55.8,61,18.44,217404.09,73,482,1.96,1900,4200,2300,2200,860,1.70E+10,56,480,2,112,160,113.94,121,36.9,1847793.6,70,482,1.96,2300,3600,2400,2500,820,1.80E+10,57,480,2,Laud
480,790,480,570,240,1.80E+08,12,160,2,36.8,249,86.79,66,63.74,1914728.38,12,164,1.96,1,2,1.38,1,0.62,4.09,12,164,1.96,1,2,1.02,1,0.43,1.65,10,164,1.96,36.9,62,38.13,42.5,16.56,81985.25,33,164,1.96,1700,4200,2600,2900,1200,2.80E+10,12,160,2,85,135,86.75,100,35.09,919180.47,17,164,1.96,1900,3000,1900,2200,830,1.10E+10,12,160,2,Laud
150,670,310,360,210,7.00E+07,12,140,2,38,98,50.68,49,24.82,224305.07,14,138,1.96,1,3,1.38,1,0.65,4.47,9,138,1.96,1,2,1.04,1,0.43,1.74,4,138,1.96,20.1,60,31.13,37,18.75,59852.52,17,138,1.96,1900,4200,2600,2900,1200,2.80E+10,12,140,2,56.1,121,64.88,77,39.09,535922.83,15,138,1.96,1100,2900,1500,1500,970,7.20E+09,12,140,2,Laud
370,760,420,480,210,1.30E+08,44,470,2,56,124,62.3,64,21.65,330222.77,67,472,1.96,1,3,1.41,1,0.66,4.5,41,472,1.96,1,2,0.93,1,0.38,1.17,20,472,1.96,38,68,40.52,45,18.16,99947.3,78,472,1.96,1900,3400,2100,2300,770,1.30E+10,42,470,2,76,140,85.76,93,37.75,942458.63,59,472,1.96,1900,3500,2000,2200,900,1.20E+10,53,470,2,Laud
290,720,360,390,210,8.90E+07,15,240,2,42,119,59.45,63,26.62,336314.72,27,244,1.96,1,2,1.48,2,0.75,5.32,8,244,1.96,1,2,1.12,1,0.65,2.79,14,244,1.96,40,79,45.49,56,23.77,159405.98,36,244,1.96,2300,4200,2500,2600,1000,2.40E+10,26,240,2,88,168,97.07,112.5,48.52,1501685.27,29,244,1.96,1900,3900,2200,2600,1200,1.90E+10,19,240,2,Laud
260,650,340,400,170,6.80E+07,17,260,2,58,120,63.15,64,22.91,347296.69,39,264,1.96,2,3,1.73,2,0.55,6.55,16,264,1.96,1,2,1.15,1,0.52,2.47,16,264,1.96,44,70,45.73,52,18.66,134476.45,48,264,1.96,2200,3700,2500,2700,840,2.00E+10,28,260,2,90,139,94.73,101,35.73,1150751.78,36,264,1.96,2100,3600,2300,2400,900,1.60E+10,26,260,2,Laud
290,730,420,520,230,1.40E+08,10,140,2,38.6,81,44.91,46,17.61,131074.35,18,142,1.96,1,3,1.62,2,0.59,5.8,8,142,1.96,1,2,1.17,1,0.49,2.48,10,142,1.96,23.3,72,35.77,42,24.54,105026.39,18,142,1.96,2300,4200,2800,3100,1200,3.10E+10,13,140,2,47.3,142,75.89,90.5,47.5,898923.25,16,142,1.96,1100,3600,1800,2100,1200,1.30E+10,13,140,2,Laud
460,830,480,500,190,1.60E+08,9,200,2,38.2,88,47.43,49,18.12,153263.73,28,198,1.96,2,3,1.93,2,0.63,9.36,20,198,1.96,1,2,1.37,1,0.59,3.91,10,198,1.96,50,82,55.7,62,18.62,221885.46,33,198,1.96,2400,3700,2500,2700,900,2.10E+10,20,200,2,102,187,115.89,126.5,41.04,2081154.34,21,198,1.96,2300,3700,2600,2900,960,2.50E+10,19,200,2,Laud
390,850,470,480,190,1.50E+08,24,360,2,75,138,80.06,83,25.82,656758.44,29,356,1.96,1,2,1.39,1,0.56,3.97,22,356,1.96,1,2,1.22,1,0.43,2.55,20,356,1.96,42,74,47.23,48,14.94,133497.09,48,356,1.96,1900,4000,2400,2200,910,2.00E+10,43,360,2,89,145,99.72,101,30.38,1236490.44,37,356,1.96,2000,3600,2300,2400,770,1.60E+10,32,360,2,Laud
410,790,470,520,180,1.50E+08,31,490,2,64,172,75.78,75,27.23,616221.45,46,486,1.96,1,3,1.56,2,0.61,5.49,33,486,1.96,1,2,0.98,1,0.51,1.7,28,486,1.96,55,78,54.44,58,15.1,190682.09,91,486,1.96,1800,3900,2200,2200,700,1.40E+10,53,490,2,105,166,110.34,115.5,31.82,1622555.26,63,486,1.96,2200,3500,2400,2400,710,1.60E+10,54,490,2,Laud
350,730,430,500,200,1.30E+08,23,280,2,53.4,128,62.34,63,24.31,353325.9,27,280,1.96,2,3,1.94,2,0.64,9.31,10,280,1.96,1,2,1.4,1,0.58,4.12,22,280,1.96,54,83,53.8,59,19.2,202821.17,50,280,1.96,2400,3700,2500,2500,850,2.00E+10,29,280,2,101,168,106.54,113,38.68,1609442.36,33,280,1.96,2400,3800,2500,2700,930,2.10E+10,30,280,2,Laud
360,810,390,410,180,1.00E+08,5,100,2,33.9,83,48.88,53,22.23,184395.31,11,104,1.96,1,3,1.61,2,0.69,6.34,10,104,1.96,1,2,1.26,1,0.62,3.39,8,104,1.96,50.9,94,59.93,60,24.43,312538.14,11,104,1.96,2000,3900,2700,3000,1100,2.90E+10,6,100,2,112,187,125.46,127,44.98,2647374.79,11,104,1.96,2500,4000,2800,2800,1100,3.10E+10,11,100,2,Laud
340,850,410,480,230,1.30E+08,54,550,2,60,125,67.16,68,22.35,399730.11,90,552,1.96,1,3,1.51,2,0.78,5.86,31,552,1.96,1,2,0.92,1,0.51,1.47,17,552,1.96,46,83,47.46,55,23.27,170408.39,85,552,1.96,1800,4000,2100,2100,880,1.40E+10,61,550,2,96,174,97.91,109,46.25,1459547.95,77,552,1.96,1900,3700,2100,2400,1000,1.50E+10,73,550,2,Laud
380,930,420,470,200,1.20E+08,40,560,2,68.3,130,76.97,81,25.51,593935.51,65,562,1.96,1,2,1.1,1,0.64,2.65,31,562,1.96,1,2,0.82,1,0.43,0.93,27,562,1.96,41,74,43.53,50,19.37,123414.74,86,562,1.96,1700,4200,2100,1900,930,1.40E+10,57,560,2,82,154,91.25,99.5,38.63,1113183.57,65,562,1.96,1800,3500,2000,2300,910,1.20E+10,61,560,2,Laud
380,880,450,490,240,1.60E+08,15,250,2,76,180,86.28,83,36.84,992824.96,29,250,1.96,1,2,1.35,1,0.58,3.77,8,250,1.96,1,2,1,1,0.4,1.45,12,250,1.96,36.7,69,41.37,46,19.37,110998.7,35,250,1.96,2200,4100,2700,3000,1000,2.70E+10,31,250,2,78,156,88.03,94.5,39.44,1040364.16,28,250,1.96,1800,3500,2100,2300,990,1.40E+10,20,250,2,Laud
270,650,340,380,160,6.40E+07,27,360,2,54.3,109,61.92,66,20.66,311744.31,54,362,1.96,1,3,1.54,2,0.81,6.38,24,362,1.96,1,2,1.27,1,0.62,3.48,18,362,1.96,42,83,47.86,54,22.88,173712.4,62,362,1.96,2100,4000,2500,2400,930,2.10E+10,33,360,2,91,174,102.35,114,44.88,1594053.83,45,362,1.96,2000,3800,2300,2500,1100,1.90E+10,34,360,2,Laud
280,760,380,470,220,1.00E+08,25,300,2,58,170,76.53,78,35.34,743634.02,26,298,1.96,1,3,1.58,2,0.71,6.13,20,298,1.96,1,2,0.92,1,0.54,1.57,19,298,1.96,38,80,42.88,49,23.01,137432.39,35,298,1.96,2100,3600,2400,2500,890,1.90E+10,26,300,2,76,150,87.51,94,46.12,1155869.61,37,298,1.96,1800,3700,2100,2400,1100,1.60E+10,27,300,2,Laud
410,800,460,510,190,1.40E+08,33,360,2,64,132,74.53,73.5,27.41,577179.84,39,358,1.96,1,3,1.53,2,0.65,5.28,23,358,1.96,1,2,1.13,1,0.54,2.44,22,358,1.96,40,72,45.19,49,17.35,127366.61,53,358,1.96,2000,4000,2400,2300,840,1.80E+10,42,360,2,83.1,154,94.09,101,35.53,1144105.29,40,358,1.96,1900,3500,2200,2300,860,1.50E+10,28,360,2,Laud
110,900,370,320,300,1.60E+08,11,140,2,41.5,180,86.78,92,53.66,1408895.43,12,136,1.96,1,3,1.48,1,1.04,8.14,10,136,1.96,1,2,1.18,1,0.72,3.39,4,136,1.96,5,100,42.32,43,35.17,236986.12,13,136,1.96,1500,4200,2800,3300,1500,3.80E+10,8,140,2,11.5,228,96.8,100,78.38,2711436.27,14,136,1.96,240,4100,2000,1800,1700,2.40E+10,10,140,2,Laud
39.5,242,122.21,145.5,79.52,4015027.32,18,256,1.96,26.5,42,27.78,29,7.03,24897.94,43,256,1.96,1,1,0.71,1,0.46,0.71,2,256,1.96,1,1,0.75,1,0.43,0.75,4,256,1.96,1,8,2.9,3,1.99,60.82,47,256,1.96,370,610,410,420,100,8.00E+07,27,260,2,5,19,7.77,8,3.65,799.63,64,256,1.96,45,254,112.2,148,75.28,3175160.07,25,256,1.96,Lept
110,279,169.99,190,76.72,7727242.81,17,232,1.96,24,42,27.59,28,7.81,25611.44,41,232,1.96,1,1,0.86,1,0.35,0.86,2,232,1.96,1,1,0.86,1,0.35,0.86,2,232,1.96,1,8,2.98,3,2.1,68.28,44,232,1.96,340,500,360,380,81,5.40E+07,27,230,2,5,16,7.61,8,3.82,778.01,49,232,1.96,24.3,264,101.89,95,81.64,3247442.22,22,232,1.96,Lept
25.1,79,45.76,55,26.28,183286.44,8,80,1.96,25,54,27.64,29,13.11,34214.66,13,80,1.96,0,1,0.54,1,0.5,0.54,2,80,1.96,0,1,0.42,0,0.5,0.42,2,80,1.96,1,3,1.41,1,0.76,5.24,8,80,1.96,270,620,350,370,170,7.10E+07,3,80,2,4,13,6.24,6,2.88,399.54,17,80,1.96,11.8,88,46.56,51.5,34.84,262572.66,11,80,1.96,Lept
129.7,236,149.38,171.5,72.31,5347482.44,1,34,1.96,16.9,30,20.59,21,7.58,11784.47,4,34,1.96,0,1,0.088,0,0.288,0.088,2,34,1.956,0,1,0.12,0,0.33,0.12,2,34,1.96,2,5,2.97,3,1.59,46.56,10,34,1.96,440,590,440,460,140,1.10E+08,3,34,2,7,12,7.97,8,2.83,671.32,7,34,1.96,84,178,104.24,112,55.47,1994897.76,2,34,1.96,Lept
41,248,117.99,110.5,84.36,4213129.98,17,242,1.96,24.3,42,27.48,29,7.99,25436.46,44,242,1.96,1,1,0.76,1,0.43,0.76,8,242,1.96,0,1,0.24,0,0.43,0.24,12,242,1.96,1,9,2.77,2,2.44,80.67,55,242,1.96,350,570,370,370,97,6.20E+07,29,240,2,4,17,6.96,6,4.16,730.21,54,242,1.96,8,247,92.58,74.5,85.36,3017313.69,23,242,1.96,Lept
132,265,171.98,209,88.9,8549178.71,5,66,1.96,24,41,26.36,30,11.72,27367,12,66,1.96,0,1,0.38,0,0.49,0.38,6,66,1.96,0,1,0.18,0,0.39,0.18,2,66,1.96,3,8,3.79,3.5,2.27,113.52,17,66,1.96,310,500,330,350,130,5.10E+07,4,66,2,8,16,9.83,10,3.72,1320.38,15,66,1.96,119.5,264,151.71,164,86.71,6598720.89,3,66,1.96,Lept
137.5,212,157.17,157.5,48.91,4837654.04,4,46,1.96,18.5,32,22.54,22.5,7.36,14646.37,13,46,1.96,1,1,0.96,1,0.21,0.96,2,46,1.96,0,1,0.52,1,0.51,0.52,4,46,1.96,1,3,1.63,1.5,0.88,8.15,6,46,1.96,180,310,220,220,73,1.40E+07,5,46,2,5,8,5,5,2.11,184.22,11,46,1.96,21,121,56.11,39.5,45.78,545931.15,4,46,1.96,Lept
18.7,256,97.58,39,96.97,4182133.91,7,90,1.96,26.7,36,25.59,29,9.45,22141.79,19,90,1.96,0,1,0.24,0,0.43,0.24,8,90,1.96,0,1,0.17,0,0.37,0.17,6,90,1.96,1,8,2.87,1,2.81,107.93,14,90,1.96,380,550,370,410,130,6.80E+07,5,90,2,3,20,6.94,5.5,5.36,1098.68,20,90,1.96,6,310,102.66,40,109.17,5469076.26,7,90,1.96,Lept
40,228,117.94,127.5,78.47,3759109.65,9,118,1.96,24,49,29.33,30,11.22,35442.09,19,118,1.96,1,1,0.82,1,0.38,0.82,10,118,1.96,1,1,0.77,1,0.42,0.77,10,118,1.96,1,8,3.42,3,2.57,114.02,23,118,1.96,360,500,350,370,94,5.20E+07,13,120,2,6,15,8.59,8,4.13,1061.49,25,118,1.96,19.1,268,118.76,128.5,94.98,4895357.47,10,118,1.96,Lept
22,281,118.29,98.5,98.01,5298130.51,88,962,1.96,27,56,30.17,29,6.89,31846.52,186,962,1.96,0,1,0.47,0,0.5,0.47,60,962,1.96,0,1,0.6,1,0.49,0.6,38,962,1.96,1,9,3.01,3,2.36,81.43,165,962,1.96,410,720,440,440,77,9.10E+07,120,960,2,4,16,6.68,6,4.16,662.26,209,962,1.96,11,283,111.49,116,95.21,4559820.72,95,962,1.96,Lept
17.3,233,95.79,81.5,82.75,2994869.85,7,102,1.96,22,46,25.23,27,9.67,22398.28,14,102,1.96,0,1,0.28,0,0.45,0.28,8,102,1.96,0,1,0.23,0,0.42,0.23,6,102,1.96,1,7,2.4,2,2.02,45.7,21,102,1.96,310,460,310,330,94,3.70E+07,10,100,2,4,14,6.89,6,3.57,606.77,23,102,1.96,7.3,250,99,110,86,3200000,10,100,2,Lept
44,258,117.92,122.5,79.73,3934995.32,25,340,1.96,28,53,30.2,31,8.23,33275.39,68,340,1.96,0,1,0.42,0,0.49,0.42,18,340,1.96,0,1,0.43,0,0.5,0.43,26,340,1.96,1,9,2.98,3,2.09,69.98,66,340,1.96,440,640,470,480,93,1.10E+08,44,340,2,6,19,8.67,8.5,4.13,1110.21,65,340,1.96,23.4,304,106.97,106,84.93,3679141.3,32,340,1.96,Lept
44,241,114.22,96,78.95,3676445.97,24,264,1.96,26.9,41,28.84,30,7.76,28494.29,50,264,1.96,0,1,0.25,0,0.43,0.25,18,264,1.96,0,1,0.3,0,0.46,0.3,12,264,1.96,1,8,2.6,2,2.16,58.39,46,264,1.96,350,470,370,380,82,5.60E+07,32,260,2,4,16,6.72,6,3.76,597.38,61,264,1.96,10,254,95.36,89.5,84.51,3065741.31,28,264,1.96,Lept
10,214,80.73,32.5,77.04,2135781.94,20,194,1.96,28,37,28.67,31,7.64,27507.62,40,194,1.96,0,1,0.6,1,0.49,0.6,18,194,1.96,0,1,0.3,0,0.46,0.3,18,194,1.96,1,7,2.16,1,1.94,38.07,37,194,1.96,380,590,400,400,110,7.60E+07,18,190,2,4,18,6.3,6,3.79,558.42,42,194,1.96,3,187,66.71,31.5,67.82,1326816.68,18,194,1.96,Lept
31.7,94,44.98,44,21.24,152097.78,32,330,1.96,23,46,25.36,24,5.45,18615.51,57,330,1.96,0,1,0.35,0,0.48,0.35,20,330,1.96,0,1,0.28,0,0.45,0.28,22,330,1.96,1,2,1.12,1,0.49,2.22,32,330,1.96,360,690,420,410,110,8.80E+07,24,330,2,4,10,4.89,5,1.95,171.93,81,330,1.96,14,78,31.5,32,21.18,74673.75,26,330,1.96,Lept
71.8,231,133.36,158,67.18,4063966.96,34,464,1.96,27,54,30.39,29,7.99,33773.61,98,464,1.96,0,1,0.46,0,0.5,0.46,20,464,1.96,0,1,0.34,0,0.47,0.34,38,464,1.96,1,8,2.51,2,1.92,46.42,82,464,1.96,310,550,350,340,79,4.80E+07,50,460,2,4,16,6.76,6,3.38,549.82,105,464,1.96,25.7,249,96.72,105.5,74.06,2524233.74,42,464,1.96,Lept
137.7,235,149.2,145.5,51.95,4408514.4,5,60,1.96,22.7,51,27.77,28,11.59,32550.57,8,60,1.96,1,1,0.78,1,0.42,0.78,4,60,1.96,0,1,0.52,1,0.5,0.52,6,60,1.96,2,12,3.3,2.5,2.48,127.4,11,60,1.96,920,1700,1000,1000,330,1.50E+09,6,60,2,12,24,13.3,13,4.46,3096.8,11,60,1.96,74,550,130,88,110,1.00E+07,6,60,2,Lept
25.7,220,101.61,102,74.69,2768854.73,13,150,1.96,23,46,25.33,25,8.63,21520.33,26,150,1.96,0,1,0.65,1,0.48,0.65,4,150,1.96,0,1,0.23,0,0.42,0.23,6,150,1.96,1,4,1.97,2,1.18,15.85,21,150,1.96,290,430,290,300,78,3.00E+07,12,150,2,5,12,6.17,6,2.71,372.41,34,150,1.96,16,154,71.36,90,53.24,946775.68,11,150,1.96,Lept
130,440,250,260,150,3.10E+07,3,38,2,17.1,26,18.55,21,6.09,8070.08,5,38,1.96,1,1,0.95,1,0.23,0.95,2,38,1.96,1,1,0.84,1,0.37,0.84,2,38,1.96,16.1,40,24.47,27,12.48,24975.16,4,38,1.96,750,1400,990,1100,430,1.40E+09,3,38,2,40.1,75,51.47,59.5,20.42,191957.68,7,38,1.96,920,1900,1200,1300,550,2.70E+09,2,38,2,Lept
160,420,260,290,130,2.90E+07,1,30,2,19,26,19.27,19.5,6.19,8844.47,8,30,1.96,1,1,0.93,1,0.25,0.93,2,30,1.96,1,1,0.93,1,0.25,0.93,2,30,1.96,17.5,32,20.17,23.5,10.11,13393.77,4,30,1.96,1000,1400,1000,1100,360,1.50E+09,3,30,2,36.4,62,40.73,46.5,17.42,98605.33,5,30,1.96,930,1600,1000,1200,500,1.70E+09,3,30,2,Lept
160,320,190,220,100,1.10E+07,3,44,2,16.8,42,23.16,23,12.01,22064.7,4,44,1.96,1,1,0.84,1,0.37,0.84,2,44,1.96,1,1,0.84,1,0.37,0.84,2,44,1.96,9,24,13.57,13.5,7.78,4801.3,9,44,1.96,690,1800,940,870,540,1.70E+09,1,44,2,23.8,57,31.5,30,16.85,56843.45,4,44,1.96,420,1100,600,630,330,3.90E+08,2,44,2,Lept
200,390,230,230,110,2.00E+07,3,40,2,19.7,40,24.68,24.5,10.73,22792.88,4,40,1.96,1,1,0.95,1,0.22,0.95,2,40,1.96,1,1,0.92,1,0.27,0.92,2,40,1.96,18,32,22.73,25.5,9.62,17238.22,7,40,1.96,700,1300,820,830,330,7.90E+08,2,40,2,35.7,74,47.38,51,20.97,162111.42,3,40,1.96,860,1700,1100,1200,470,2.00E+09,2,40,2,Lept
24,238,112.67,116,87.2,3985897.31,7,98,1.96,22,42,25.31,25.5,9.46,22336.92,14,98,1.96,0,1,0.14,0,0.35,0.14,6,98,1.96,0,1,0.28,0,0.45,0.28,8,98,1.96,1,9,3.2,3,2.72,110.04,18,98,1.96,320,530,350,350,110,5.50E+07,5,98,2,4,18,7.81,8,4.21,916.26,21,98,1.96,11.1,268,108.33,131.5,91.38,4057671.88,8,98,1.96,Lept
102.1,472,159.88,181,87.11,7865232.18,71,998,1.96,28,76,36.11,31,13.4,68892.01,200,998,1.96,0,1,0.58,1,0.49,0.58,51,998,1.96,0,1,0.39,0,0.49,0.39,33,998,1.96,2,12,3.71,4,2.47,126.52,209,998,1.96,400,1000,530,440,210,2.30E+08,99,1000,2,7,24,9.87,10,4.61,1592.4,206,998,1.96,85,429,150,160,101.56,8264577.87,78,998,1.96,Lept
17,294,109.01,50,105.65,5484698.32,16,114,1.96,29,42,28.53,31,10.21,30445.05,26,114,1.96,1,1,0.73,1,0.45,0.73,12,114,1.96,0,1,0.65,1,0.48,0.65,12,114,1.96,1,7,3.04,2,2.32,79.25,18,114,1.96,370,590,370,400,130,6.70E+07,9,110,2,4,20,7.79,7.5,4.77,1062.11,26,114,1.96,6.9,290,100,60,98,4200000,15,110,2,Lept
16,226,101.94,102,81.61,3147451.09,11,120,1.96,26,42,26.35,28,8.82,23536.5,28,120,1.96,1,1,0.9,1,0.3,0.9,4,120,1.96,1,1,0.89,1,0.31,0.89,8,120,1.96,1,7,3.02,3,1.91,61.82,24,120,1.96,360,620,380,380,130,7.00E+07,10,120,2,4,15,6.8,7,4.01,648.2,31,120,1.96,11.7,241,102.67,130,82.44,3155638.97,16,120,1.96,Lept
40.4,266,139.5,144,96.09,6473449.24,6,70,1.96,23,36,24.23,25,8.3,18489.57,10,70,1.96,0,1,0.2,0,0.4,0.2,2,70,1.96,0,1,0.043,0,0.204,0.043,2,70,1.956,1,8,3.01,3,2.41,82.47,12,70,1.96,320,510,350,350,110,5.30E+07,6,70,2,5,14,7.47,6.5,3.94,757.9,15,70,1.96,14.8,264,110.89,127.5,93.25,4301863.09,6,70,1.96,Lept
154.5,248,178.18,222.5,79.35,8454118.66,3,50,1.96,18,25,19.42,20,4.99,8463.1,10,50,1.96,0,1,0.1,0,0.3,0.1,2,50,1.96,0,0,0,0,0,0,0,50,1.96,3,8,4.46,4,2.04,143.06,13,50,1.96,320,430,350,360,85,4.70E+07,3,50,2,10,17,11.5,12,3.6,1906.9,10,50,1.96,157.4,268,182.52,199.5,71.49,8480991.12,3,50,1.96,Lept
32,230,104.66,106.5,77.86,3081195.87,16,164,1.96,26,41,26.77,28,7.97,23442.87,31,164,1.96,0,1,0.61,1,0.49,0.61,14,164,1.96,0,1,0.59,1,0.49,0.59,2,164,1.96,1,7,2.43,2,1.96,44.98,27,164,1.96,300,500,320,320,94,4.00E+07,11,160,2,5,20,7.54,7,4.03,837.08,33,164,1.96,8,247,89.03,92.5,79.57,2542682.62,16,164,1.96,Lept
90,236,148.27,196.5,85.78,6110771.45,5,66,1.96,21,32,22.44,23,6.5,13745.89,16,66,1.96,0,1,0.42,0,0.5,0.42,4,66,1.96,0,1,0.3,0,0.46,0.3,6,66,1.96,1.5,6,2.59,3,1.67,40.05,17,66,1.96,230,360,250,260,66,1.90E+07,5,66,2,5.5,16,7.3,7,3.19,625.76,17,66,1.96,69,180,103.39,120,60.67,2112286.76,4,66,1.96,Lept
83,207,124.2,153,71.35,3596976.8,4,74,1.96,21,34,22.49,22,5.59,13223.14,15,74,1.96,1,1,0.97,1,0.16,0.97,2,74,1.96,1,1,0.93,1,0.25,0.93,4,74,1.96,2,6,3.08,3.5,1.56,50.68,14,74,1.96,240,330,270,280,61,2.10E+07,9,74,2,2,10,4.46,4,2.77,193.22,19,74,1.96,66,129,81.11,99,46.57,987842.62,9,74,1.96,Lept
147.7,245,175.87,215.5,73.95,7845555.13,2,38,1.96,14.2,35,21.79,23,10.86,17431.11,5,38,1.96,1,1,0.82,1,0.39,0.82,4,38,1.96,0,0,0,0,0,0,0,38,1.96,4,6,3.95,4,1.64,88.26,10,38,1.96,370,430,350,380,99,5.20E+07,3,38,2,6,13,7.74,7.5,3.24,688.89,8,38,1.96,145.8,239,161.89,180.5,67.44,6083563.47,2,38,1.96,Lept
59.1,248,137.25,164,76.17,4896345.87,53,638,1.96,24,44,26.95,27,6.26,22611.54,120,638,1.96,1,1,0.84,1,0.36,0.84,14,638,1.96,0,1,0.37,0,0.48,0.37,34,638,1.96,1,8,2.82,3,2.04,58.98,124,638,1.96,340,520,360,360,64,5.30E+07,67,640,2,5,18,8.17,8,3.96,944.01,143,638,1.96,22,268,113.23,122,89.66,4225623.66,58,638,1.96,Lept
99.4,246,149.13,176.5,68.67,5265611.53,20,200,1.96,24,40,26.93,26,5.87,22210.97,40,200,1.96,0,1,0.29,0,0.46,0.29,16,200,1.96,0,1,0.43,0,0.5,0.43,18,200,1.96,1,7,2.81,3,1.85,51.16,38,200,1.96,330,530,370,370,69,5.60E+07,21,200,2,6,18,8.19,8,4.02,955.11,37,200,1.96,62.4,268,124.06,141,80.44,4243426.24,16,200,1.96,Lept
190,430,240,260,120,2.30E+07,2,86,2,23.5,86,35.67,30.5,23.06,108523,7,86,1.96,0,1,0.63,1,0.49,0.63,6,86,1.96,1,1,0.94,1,0.24,0.94,4,86,1.96,0,2,0.73,1,0.56,1.08,6,86,1.96,1500,3600,1800,1800,990,1.10E+10,5,86,2,5,11,5.56,6,2.41,266.84,18,86,1.96,1,93,12.95,1,25.51,61584.12,9,86,1.96,Lept
106.8,244,159.08,188,66.28,5948782.47,9,108,1.96,21,34,24.23,24.5,5.66,16304.56,24,108,1.96,0,1,0.44,0,0.5,0.44,10,108,1.96,1,1,0.74,1,0.44,0.74,8,108,1.96,1.1,8,3.18,3.5,2.25,79.95,23,108,1.96,340,500,360,360,68,5.10E+07,15,110,2,6,18,8.44,9,4.68,1133.32,19,108,1.96,78.9,249,134.71,152.5,83.04,5030210.27,6,108,1.96,Lept
30,242,114.56,119,82.53,3872760.53,52,600,1.96,26,63,30.34,29,8.36,34810.59,105,600,1.96,0,1,0.45,0,0.5,0.45,42,600,1.96,0,1,0.54,1,0.5,0.54,26,600,1.96,1,8,2.74,2.5,2.28,67.22,102,600,1.96,340,870,370,360,77,5.80E+07,63,600,2,4,19,7.17,7,4.22,774.41,140,600,1.96,15,283,111.72,114,93.09,4442901.71,58,600,1.96,Lept
20,260,112.54,72.5,98.41,4985672.25,18,170,1.96,26,47,27.65,28,8.09,25855.81,31,170,1.96,0,1,0.26,0,0.44,0.26,16,170,1.96,0,1,0.35,0,0.48,0.35,14,170,1.96,1,8,2.98,2,2.1,69.4,23,170,1.96,370,550,390,410,100,7.00E+07,17,170,2,5,15,7.54,7,3.91,780.13,35,170,1.96,10,276,97.81,71.5,89.72,3519839.44,19,170,1.96,Lept
126.8,206,148.35,173,63.38,4763365.88,4,34,1.96,9.9,44,23.06,22.5,14.97,27527.41,4,34,1.96,0,1,0.24,0,0.43,0.24,2,34,1.96,0,1,0.18,0,0.39,0.18,2,34,1.96,3.9,8,4.56,5,2.22,154.21,11,34,1.96,320,430,330,340,100,4.50E+07,3,34,2,9.9,14,10.24,11,3.6,1387.41,7,34,1.96,146.8,249,180.62,219,82.24,8950615.68,2,34,1.96,Lept
48,225,111.17,93.5,75.41,3323748.58,11,144,1.96,21,41,26.1,26,8.38,22941.19,25,144,1.96,0,1,0.67,1,0.47,0.67,2,144,1.96,0,1,0.66,1,0.48,0.66,2,144,1.96,1,8,2.68,2,2.37,74.22,25,144,1.96,320,430,330,340,72,4.00E+07,15,140,2,5,18,6.88,5,4.02,721.46,29,144,1.96,8,261,95.88,79.5,89.7,3453774.88,14,144,1.96,Lept
119.8,192,137.64,139.5,38.27,3130171.8,3,64,1.96,20.9,32,22.94,22,6.17,14339.12,10,64,1.96,0,1,0.34,0,0.48,0.34,6,64,1.96,0,1,0.19,0,0.39,0.19,4,64,1.96,1,6,2.53,2,1.75,40.5,12,64,1.96,200,280,210,200,50,1.00E+07,6,64,2,5.9,13,7.28,7,3.03,582.72,14,64,1.96,44.9,178,85.67,89.5,52.43,1325527.02,2,64,1.96,Lept
50.5,236,129.75,161,79.77,4512158.17,4,76,1.96,22,50,28.95,28,10.73,34038.05,12,76,1.96,0,1,0.54,1,0.5,0.54,6,76,1.96,0,1,0.37,0,0.49,0.37,2,76,1.96,1,8,3.53,3,2.59,121.24,17,76,1.96,300,520,350,330,95,5.00E+07,5,76,2,3,18,7.7,8,5.55,1201.62,12,76,1.96,34,254,115.05,115.5,87.83,4175088.89,4,76,1.96,Lept
18.3,268,120.07,86.5,103.9,5792399.7,8,98,1.96,25,49,26.08,27,10.54,25627.53,12,98,1.96,0,1,0.23,0,0.43,0.23,8,98,1.96,0,1,0.082,0,0.275,0.082,4,98,1.956,1,9,3.11,3,2.66,102.54,16,98,1.96,380,510,370,400,130,6.50E+07,9,98,2,4,18,8.04,8,4.91,1116.76,21,98,1.96,10,288,117.97,97,109.2,6142818.6,11,98,1.96,Lept
131.8,201,149.86,173,48.03,4270933.54,10,114,1.96,21,30,22.98,22,4.61,13398.61,26,114,1.96,0,1,0.47,0,0.5,0.47,6,114,1.96,0,1,0.53,1,0.5,0.53,4,114,1.96,2,6,2.69,3,1.3,33.32,31,114,1.96,220,340,230,230,47,1.40E+07,12,110,2,6,14,7.61,8.5,3.75,733.19,23,114,1.96,62.8,144,92.54,114.5,45.26,1297245.11,10,114,1.96,Lept
55.4,181,106.53,124.5,61.69,2315240.92,11,130,1.96,21,35,23.49,24,5.77,15036.65,24,130,1.96,0,1,0.32,0,0.47,0.32,12,130,1.96,0,1,0.3,0,0.46,0.3,10,130,1.96,1,6,2.28,2,1.52,29.18,21,130,1.96,240,330,260,270,51,1.90E+07,15,130,2,5,14,6.79,7,3.29,533.64,25,130,1.96,42.8,139,71.43,81,45.75,781956.77,11,130,1.96,Lept
18.7,294,104.32,25,108.61,5575802.32,11,110,1.96,27.7,48,28.39,30.5,10.98,31662.74,19,110,1.96,0,1,0.62,1,0.49,0.62,12,110,1.96,0,1,0.69,1,0.46,0.69,8,110,1.96,1,8,2.69,1,2.36,73.38,23,110,1.96,400,500,390,430,130,7.20E+07,9,110,2,3,17,6.44,5,4.61,717.87,19,110,1.96,6,278,96.3,22.5,106.91,4834834.66,12,110,1.96,Lept
44.5,186,103.68,124,63.07,2271568.76,17,226,1.96,21,38,23.28,22,5.17,14478.77,35,226,1.96,0,1,0.54,1,0.5,0.54,16,226,1.96,0,1,0.58,1,0.5,0.58,10,226,1.96,1,6,2.27,2,1.19,22.27,32,226,1.96,270,400,290,300,52,2.60E+07,23,230,2,4,15,6.27,6,3.25,459.46,52,226,1.96,41.5,135,72.59,83.5,44.8,788160.19,14,226,1.96,Lept
43.9,181,101.36,124,61.63,2115275.28,15,144,1.96,21,32,22.9,22,4.96,13548.69,30,144,1.96,0,1,0.44,0,0.5,0.44,8,144,1.96,0,1,0.35,0,0.48,0.35,6,144,1.96,1,4,1.77,2,1.15,12.9,25,144,1.96,250,510,290,290,85,3.20E+07,14,140,2,4,12,5.97,5,2.76,358.43,32,144,1.96,41.5,140,72.63,82,45.38,797472.38,12,144,1.96,Lept
111,185,123.12,150.5,63.52,3112598.27,3,56,1.96,21,36,24.21,23,7.4,17760.43,8,56,1.96,1,1,0.82,1,0.39,0.82,6,56,1.96,0,1,0.3,0,0.46,0.3,6,56,1.96,1.5,5,2.11,2,1.34,20.32,13,56,1.96,210,330,240,230,62,1.60E+07,7,56,2,5,12,6.73,6,3.26,511.48,13,56,1.96,78,129,82.12,98.5,44.71,968539.02,7,56,1.96,Lept
15.9,186,91.39,112.5,68.91,2028627.68,9,84,1.96,20.9,32,21.57,21,4.95,11441.86,15,84,1.96,0,1,0.6,1,0.49,0.6,6,84,1.96,0,1,0.27,0,0.45,0.27,2,84,1.96,1,4,1.5,1,1.24,10.79,15,84,1.96,240,440,280,300,79,2.70E+07,8,84,2,5,9,5.75,6,2.19,263.82,21,84,1.96,11.7,128,63.51,69.5,49.43,708284.94,8,84,1.96,Lept
119.7,173,123.16,146,53.87,2745248.68,4,50,1.96,18,32,21.1,20.5,6.53,11802.1,8,50,1.96,0,1,0.1,0,0.3,0.1,2,50,1.96,0,1,0.12,0,0.33,0.12,4,50,1.96,1.7,4,2.14,2,1.37,21.1,12,50,1.96,220,340,260,260,74,2.10E+07,5,50,2,6,16,6.86,7,3.53,599.9,11,50,1.96,67,126,85.18,99,41.18,983946.94,5,50,1.96,Lept
20.7,176,85.25,97.5,62.86,1607922.83,10,100,1.96,17,28,19.32,20,5.71,8904.54,16,100,1.96,0,1,0.24,0,0.43,0.24,6,100,1.96,0,1,0.21,0,0.41,0.21,4,100,1.96,0,5,1.4,1.5,1.31,11.42,17,100,1.96,250,370,270,280,67,2.40E+07,11,100,2,5,10,5.7,6,1.97,248.46,24,100,1.96,14.7,132,63.07,78.5,46.2,634534.45,9,100,1.96,Lept
144,242,166.32,180,55.91,6011493.58,8,106,1.96,26,41,28.11,29,8.3,27346.34,18,106,1.96,0,1,0.48,0,0.5,0.48,12,106,1.96,0,1,0.39,0,0.49,0.39,6,106,1.96,1.5,5,2.8,3,1.51,41.18,22,106,1.96,260,480,290,280,79,2.90E+07,9,110,2,5,12,6.44,6,2.78,415.86,27,106,1.96,63,216,104.02,117,67.69,2491365.72,9,106,1.96,Lept
50,227,122.25,137.5,75.11,3835434.12,28,298,1.96,25,38,26.73,27,6.43,21965.43,54,298,1.96,1,1,0.74,1,0.44,0.74,16,298,1.96,0,1,0.68,1,0.47,0.68,20,298,1.96,1,8,2.86,3,1.82,53.96,58,298,1.96,320,490,340,350,78,4.60E+07,29,300,2,4,16,6.77,6,3.66,593.3,65,298,1.96,24.1,241,105.08,118,79.61,3153752.22,19,298,1.96,Lept
28.9,254,121.15,102,95.77,5231437.72,33,284,1.96,25,48,29.38,29,9.43,32817.08,49,284,1.96,0,1,0.57,1,0.5,0.57,10,284,1.96,0,1,0.35,0,0.48,0.35,12,284,1.96,1,10,3.47,3,2.59,121.76,42,284,1.96,380,940,430,410,140,1.10E+08,24,280,2,4,19,7,6,4.68,837.18,56,284,1.96,14,299,120.91,112.5,107.02,6202652.7,24,284,1.96,Lept
230,280,230,260,64,1.50E+07,16,130,2,25,34,25.28,27,7.01,19149.61,25,126,1.96,0,1,0.6,1,0.49,0.6,8,126,1.96,0,1,0.57,1,0.5,0.57,4,126,1.96,1,7,2.37,2,2.01,46.99,22,126,1.96,210,380,260,300,90,2.40E+07,14,130,2,4,16,7.49,8,4,779.92,27,126,1.96,6,230,93.33,77.5,86.14,3077210.9,13,126,1.96,Lept
38,246,122.02,123.5,86.43,4557646.6,17,232,1.96,25,41,27.42,28,7.36,24582.29,41,232,1.96,0,1,0.34,0,0.47,0.34,10,232,1.96,1,1,0.8,1,0.4,0.8,2,232,1.96,1,8,3.07,3,2.33,82.39,47,232,1.96,400,620,420,440,96,8.60E+07,20,230,2,6,20,8.72,8,4.37,1198.46,48,232,1.96,15.3,299,124.1,126.5,104.87,6180298.07,19,232,1.96,Lept
15.7,226,83.91,38,79.79,2462187.17,15,160,1.96,29,37,28.56,32,8.58,28247.01,31,160,1.96,0,1,0.62,1,0.49,0.62,6,160,1.96,1,1,0.79,1,0.41,0.79,12,160,1.96,1,5,1.81,1,1.49,19.24,21,160,1.96,370,650,400,410,130,8.30E+07,13,160,2,4,14,6.53,6,3.67,549.19,38,160,1.96,6,187,64.36,29,65.64,1221520.14,21,160,1.96,Lept
270,300,260,280,59,1.90E+07,26,170,2,26.1,42,27.82,28,7.54,25552.61,37,168,1.96,0.1,1,0.7,1,0.46,0.7,8,168,1.96,1,1,0.72,1,0.45,0.72,4,168,1.96,1,9,2.51,2,2.29,67.48,28,168,1.96,230,430,280,280,89,2.70E+07,13,170,2,5,19,6.95,6,4.21,745.1,39,168,1.96,24.2,266,93.09,90.5,79.15,2778873.95,17,168,1.96,Lept
130,265,169.28,188,69.6,7153725.72,61,894,1.96,27,48,29.83,29,6.26,29935.33,184,894,1.96,0,1,0.55,1,0.5,0.55,54,894,1.96,0,1,0.23,0,0.42,0.23,58,894,1.96,1,10,3.28,3,2.31,91.69,192,894,1.96,330,570,360,350,67,5.20E+07,93,890,2,6,18,8.3,8,3.86,961.03,212,894,1.96,34.9,296,125.4,129,93.26,5284921.8,73,894,1.96,Lept
30,214,113.08,142.5,75.37,3310748.58,8,96,1.96,24.5,44,28.7,28,8.84,29995.26,16,96,1.96,0,1,0.55,1,0.5,0.55,10,96,1.96,0,1,0.61,1,0.49,0.61,12,96,1.96,1,6,2.96,3,2.12,67.15,16,96,1.96,320,530,340,330,85,4.60E+07,10,96,2,5,18,8.04,7.5,4.56,1059.1,18,96,1.96,11.5,254,108.48,111.5,90.88,4032594.92,12,96,1.96,Lept
156.3,246,170.16,185.5,56.38,6372853.1,22,272,1.96,28,47,29.41,29,7.59,30135.6,56,272,1.96,1,1,0.85,1,0.35,0.85,4,272,1.96,1,1,0.87,1,0.34,0.87,2,272,1.96,1,8,2.8,3,2.07,60.49,46,272,1.96,300,550,340,340,97,4.70E+07,21,270,2,4,19,6.69,6,3.91,637.04,61,272,1.96,16,264,93.39,89,78.46,2665536.7,24,272,1.96,Lept
29,243,106.6,68,87.31,3819535.18,29,358,1.96,27,55,30.29,29,7.97,33781.15,65,358,1.96,0,1,0.62,1,0.49,0.62,28,358,1.96,0,1,0.59,1,0.49,0.59,22,358,1.96,1,9,2.8,2,2.25,72.58,55,358,1.96,390,640,410,410,74,7.70E+07,38,360,2,4,16,6.38,6,3.55,518.39,80,358,1.96,7,264,94.03,66,91.24,3483826.05,30,358,1.96,Lept
48.1,189,105.88,127.5,66.14,2469280.44,4,64,1.96,21,34,22.06,22,6.35,13119.31,10,64,1.96,0,1,0.48,0,0.5,0.48,6,64,1.96,1,1,0.95,1,0.21,0.95,2,64,1.96,1,6,2.5,2.5,1.82,40.66,15,64,1.96,300,450,320,310,76,3.60E+07,8,64,2,5,10,6.11,6,2.31,320.55,11,64,1.96,43.6,138,77.55,98.5,46.12,905730.39,4,64,1.96,Lept
54.1,172,102.28,118,58.37,2038171.72,4,50,1.96,20,28,21.2,22,5.64,11146.16,11,50,1.96,0.7,1,0.7,1,0.46,0.7,4,50,1.96,1,1,0.96,1,0.2,0.96,2,50,1.96,1.7,4,2.42,3,1.23,24.62,10,50,1.96,360,430,360,390,87,5.40E+07,5,50,2,4,14,6.76,7,3.43,545.08,11,50,1.96,49.8,126,75.98,95,40.12,761523.02,5,50,1.96,Lept
20.1,157,81.33,83.5,59.6,1386602.43,4,40,1.96,19,27,20.52,21,5.81,10269.42,12,40,1.96,0,1,0.22,0,0.42,0.22,2,40,1.96,1,1,0.9,1,0.3,0.9,4,40,1.96,1,4,1.77,2,1.27,14.82,6,40,1.96,240,340,260,280,72,2.10E+07,4,40,2,4,9,4.45,4,2.06,145.75,9,40,1.96,13.8,125,63.98,82,47.45,663209.18,5,40,1.96,Lept
30.9,249,127.9,128,93.68,5424161.23,6,92,1.96,21,45,25.09,25.5,9.83,22621.09,14,92,1.96,0,1,0.59,1,0.5,0.59,2,92,1.96,0,1,0.48,0,0.5,0.48,6,92,1.96,1,6,2.84,3,1.92,54.03,18,92,1.96,330,470,340,340,91,4.50E+07,9,92,2,5,17,8.11,8,4.5,1035.41,22,92,1.96,13.2,241,112.2,137,90.26,4101182.5,8,92,1.96,Lept
182,250,197.79,216.5,52.96,9098291.01,19,176,1.96,28,42,29.02,30,8.75,30122.63,36,176,1.96,1,1,0.73,1,0.45,0.73,12,176,1.96,0,1,0.53,1,0.5,0.53,12,176,1.96,1,6,2.35,2,1.89,41.15,35,176,1.96,250,440,290,300,95,3.20E+07,17,180,2,4,14,6.37,6,3.32,480.68,41,176,1.96,15,254,83.02,73.5,72.14,2056761.18,15,176,1.96,Lept
122.2,241,162.68,198,80.41,7006680.53,3,38,1.96,14.2,32,20.92,22.5,9.61,14396.92,4,38,1.96,1,1,0.84,1,0.37,0.84,2,38,1.96,1,1,0.92,1,0.27,0.92,2,38,1.96,4,8,4.42,5,2.34,150.32,10,38,1.96,440,790,560,600,200,2.30E+08,2,38,2,9.1,17,10.79,12,4.32,1786,10,38,1.96,130.3,256,166.63,203,87.87,7855109.11,4,38,1.96,Lept
25,274,117.45,107.5,93.39,4862206.53,86,998,1.96,27,58,30.35,29,7.28,33046.89,188,998,1.96,0,1,0.48,0,0.5,0.48,63,998,1.96,0,1,0.4,0,0.49,0.4,62,998,1.96,1,8,2.76,3,2.18,64.34,173,998,1.96,370,640,410,410,75,7.30E+07,130,1000,2,4,19,7.27,7,3.92,736.58,220,998,1.96,12,259,103.89,117,85.09,3452337.61,92,998,1.96,Lept
29,268,122.79,128,90.18,4900211.17,49,508,1.96,27,61,30.9,29,8.81,37109.27,91,508,1.96,1,1,0.76,1,0.43,0.76,22,508,1.96,0,1,0.63,1,0.48,0.63,28,508,1.96,1,10,3.21,3,2.28,91.16,98,508,1.96,390,540,410,420,67,7.40E+07,57,510,2,5,19,8.22,8,4.88,1157.89,108,508,1.96,22,316,121.95,129.5,99.14,5620313.27,53,508,1.96,Lept
141.8,219,160.65,195.5,64.48,5791323.76,2,34,1.96,11.8,41,21.09,21.5,13.01,19734.97,2,34,1.96,0,1,0.62,1,0.49,0.62,4,34,1.96,0,0,0,0,0,0,0,34,1.96,5,9,5.62,6,2.51,270.32,6,34,1.96,430,560,430,450,130,9.80E+07,2,34,2,9.9,20,12.32,12,5.92,3072.5,7,34,1.96,170,330,220,260,96,1.50E+07,2,34,2,Lept
106,170,119.63,133.5,49.96,2485166.83,4,60,1.96,20,27,20.7,21,4.92,10061.2,12,60,1.96,0,1,0.5,0.5,0.5,0.5,6,60,1.96,0.7,1,0.7,1,0.46,0.7,6,60,1.96,2,4,2.52,3,1.07,24.02,13,60,1.96,250,330,260,280,63,2.00E+07,6,60,2,5,9,6.08,6,2.14,299.38,15,60,1.96,59,135,83.25,93.5,39.87,935594.35,4,60,1.96,Lept
113.5,170,134.79,149,36.71,2901640.76,6,58,1.96,19.1,26,20.4,21,4.93,9665.6,11,58,1.96,0,1,0.33,0,0.47,0.33,6,58,1.96,0,1,0.57,1,0.5,0.57,6,58,1.96,1,3,1.52,2,0.86,6.69,6,58,1.96,214.2,241,206.38,216,44.12,9659502.1,8,58,1.96,2,9,4.84,6,3.32,261.29,14,58,1.96,40.4,121,65.48,72,36.52,527217.21,4,58,1.96,Lept
108,158,119.9,124,31.26,2013115.7,6,60,1.96,19,26,20.53,21,4.72,9726.23,18,60,1.96,0,1,0.05,0,0.22,0.05,2,60,1.96,0,1,0.05,0,0.22,0.05,2,60,1.96,1,4,1.97,2,1.43,19.87,15,60,1.96,190,280,210,210,54,1.00E+07,5,60,2,6,11,6.48,7,2.18,355.88,15,60,1.96,37.7,120,59.38,62.5,35.79,430756.08,4,60,1.96,Lept
110.3,172,126.83,133.5,37.8,2499167.1,3,52,1.96,20,26,20.12,21,4.69,9135.73,12,52,1.96,0,1,0.54,1,0.5,0.54,6,52,1.96,0,1,0.35,0,0.48,0.35,2,52,1.96,1,3,1.9,2,0.93,11.71,10,52,1.96,200,250,210,220,48,1.00E+07,6,52,2,4,12,5.5,5,3.1,330.42,15,52,1.96,40.9,121,70.52,76,39.99,666521.67,3,52,1.96,Lept
120.7,172,137.45,154.5,37.92,3095703.74,9,74,1.96,19,33,22.05,21,6.2,13034.35,13,74,1.96,0,1,0.095,0,0.295,0.095,2,74,1.956,0,0,0,0,0,0,0,74,1.96,1,4,1.8,2,0.79,9.42,9,74,1.96,230,280,230,240,48,1.40E+07,8,74,2,5,10,5.26,5.5,2.28,220.2,16,74,1.96,61.7,125,79.57,98.5,37.4,793539.59,8,74,1.96,Lept
91.5,276,151.6,174,72.35,5742524.36,56,736,1.96,26,47,29.33,30,6.71,29007.58,138,736,1.96,0,1,0.45,0,0.5,0.45,50,736,1.96,0,1,0.37,0,0.48,0.37,36,736,1.96,1,10,3.31,3,2.38,97.85,148,736,1.96,360,590,380,380,68,6.10E+07,87,740,2,5,20,7.85,7,4.14,908.58,152,736,1.96,34.5,307,124.45,133,94.55,5323903.73,56,736,1.96,Lept
15.9,274,95.62,28,99.17,4247700.71,15,104,1.96,26.9,32,25.68,30,9.07,21886.45,16,104,1.96,0,1,0.25,0,0.44,0.25,8,104,1.96,0,1,0.57,1,0.5,0.57,8,104,1.96,1,8,2.4,1,2.08,52.25,16,104,1.96,340,550,350,370,130,5.80E+07,9,100,2,3,18,7.08,5,4.88,921.33,23,104,1.96,5,268,83.28,18.5,92.9,3208652.39,15,104,1.96,Lept
43.5,186,102.36,125.5,63.21,2213562.15,22,286,1.96,22,36,23.42,23,5.67,14841.66,64,286,1.96,0,1,0.5,0.5,0.5,0.5,16,286,1.96,0,1,0.65,1,0.48,0.65,16,286,1.96,1,5,2.1,2,1.19,18.06,55,286,1.96,230,450,260,260,68,2.20E+07,26,290,2,5,14,7.02,8,3.33,569.65,61,286,1.96,39,134,75.61,93.5,46.28,867567.44,24,286,1.96,Lept
32,176,96.5,115,64.19,2022919.58,6,72,1.96,21,25,21.24,21,4.15,10388.57,17,72,1.96,0,1,0.31,0,0.46,0.31,4,72,1.96,0,1,0.44,0,0.5,0.44,4,72,1.96,1,5,1.71,1,1.2,13.71,15,72,1.96,260,380,270,270,56,2.20E+07,10,72,2,4,9,5.54,5.5,2.04,235.71,22,72,1.96,34.6,135,71.61,82.5,46.74,803722.94,5,72,1.96,Lept
20,66,34.33,35,18.33,74251.09,7,100,1.96,21,33,22.01,23,7.29,13576.61,19,100,1.96,1,1,0.8,1,0.4,0.8,6,100,1.96,0,1,0.69,1,0.46,0.69,2,100,1.96,1,4,1.95,2,1.01,13.77,18,100,1.96,270,600,330,320,120,4.80E+07,7,100,2,4,11,5.74,6,2.81,325.42,24,100,1.96,38.7,126,66.09,68.5,38.88,577733.19,5,100,1.96,Lept
28.9,276,117.32,101,93.25,4877633.5,29,344,1.96,26,40,27.85,28,6.35,24581.24,64,344,1.96,0,1,0.49,0,0.5,0.49,20,344,1.96,0,1,0.44,0,0.5,0.44,10,344,1.96,1,9,2.94,2,2.49,88.7,64,344,1.96,370,640,400,400,92,7.20E+07,35,340,2,5,20,7.9,8,4.53,1001.83,73,344,1.96,12,304,109.62,114,95.22,4537580.06,34,344,1.96,Lept
8,152,41.96,10,50.84,531564.78,14,102,1.96,20,29,20.31,22,5.86,10100.67,22,102,1.96,0,1,0.3,0,0.46,0.3,4,102,1.96,0,1,0.28,0,0.45,0.28,6,102,1.96,0,3,0.95,1,0.92,3.6,8,102,1.96,250,300,240,250,58,1.50E+07,15,100,2,4,12,5.02,5,2.21,203.43,28,102,1.96,2,124,30.09,3,39.85,230742.26,14,102,1.96,Lept
159.9,233,177.4,204.5,62.25,7272256.9,3,40,1.96,16.4,64,28.23,28,18.55,53360.57,2,40,1.96,1,1,0.95,1,0.22,0.95,2,40,1.96,0,1,0.52,1,0.51,0.52,4,40,1.96,4,11,6.08,6.5,3.04,379.73,11,40,1.96,700,820,690,770,200,3.90E+08,4,40,2,9.7,20,12.65,13.5,5.17,2922.35,7,40,1.96,220,380,260,310,110,2.60E+07,4,40,2,Lept
59,242,127.83,152,73.18,4063192.78,30,418,1.96,27,47,30.74,31,7.25,33640.85,78,418,1.96,0,1,0.52,1,0.5,0.52,22,418,1.96,0,1,0.48,0,0.5,0.48,20,418,1.96,1,8,2.73,3,1.86,52.1,79,418,1.96,360,640,390,380,75,6.40E+07,45,420,2,5,19,7.9,8,3.86,860.2,101,418,1.96,26.2,236,100.57,118,75.79,2747368.87,31,418,1.96,Lept
34,276,125.18,96,98.06,5762645.28,43,431,1.96,24,47,27.47,27,7.01,24639.86,82,431,1.96,0,1,0.57,1,0.5,0.57,26,431,1.96,0,1,0.35,0,0.48,0.35,34,431,1.96,1,12,3.06,2,2.66,103.56,82,431,1.96,400,660,440,440,84,9.20E+07,48,430,2,5,19,8.23,8,4.57,1105.75,92,431,1.96,13,299,115.13,102,100.52,5235345.29,34,431,1.96,Lept
130,277,178.34,193,72.3,8257267.8,9,158,1.96,27,39,27.35,29,8.16,24973.72,29,158,1.96,0,1,0.63,1,0.48,0.63,4,158,1.96,1,1,0.83,1,0.38,0.83,8,158,1.96,1,8,2.92,3,2.15,68.5,31,158,1.96,330,480,350,360,91,4.90E+07,17,160,2,5,20,8.34,8.5,4.63,1148.41,36,158,1.96,17.1,268,112.17,124.5,92.47,4370707.82,11,158,1.96,Lept
64.1,234,132.22,158.5,70,4185386.85,57,718,1.96,24,47,27.4,27,6.06,23571.62,131,718,1.96,0,1,0.55,1,0.5,0.55,50,718,1.96,0,1,0.53,1,0.5,0.53,36,718,1.96,1,8,3.1,3,2.23,79.79,137,718,1.96,360,530,380,380,52,5.90E+07,85,720,2,4,20,7.26,7,4.07,776.13,146,718,1.96,39.1,278,118.69,125.5,85.31,4288245.18,51,718,1.96,Lept
270,340,270,300,85,2.30E+07,13,110,2,30,42,28.93,32,9.93,31155.54,19,112,1.96,0,1,0.44,0,0.5,0.44,6,112,1.96,0,1,0.57,1,0.5,0.57,4,112,1.96,1,6,2.78,3,2.13,59.29,21,112,1.96,250,500,300,320,120,3.70E+07,6,110,2,6,16,8.82,9,4.2,1141.05,27,112,1.96,39.6,259,114.84,136,81.8,3728569.38,8,112,1.96,Lept
61.3,217,126.18,149,69.59,3737988.48,10,118,1.96,24,41,27.47,28.5,7.31,24821.71,17,118,1.96,0,1,0.26,0,0.44,0.26,10,118,1.96,0,1,0.059,0,0.237,0.059,2,118,1.956,1,8,3.14,3,2.41,90.03,27,118,1.96,340,440,360,360,64,5.10E+07,15,120,2,4.1,18,7.13,6,4.13,753.36,28,118,1.96,44.1,245,113.14,108.5,81.74,3731351.86,8,118,1.96,Lept
190.4,257,193.38,202,51.64,8504160.31,3,90,1.96,22.7,50,26.67,27,10.55,27738.07,12,90,1.96,0,1,0.64,1,0.48,0.64,4,90,1.96,0,1,0.64,1,0.48,0.64,4,90,1.96,1,5,1.97,2,1.65,25.17,14,90,1.96,210,430,250,250,89,2.10E+07,7,90,2,5,11,6.29,6,2.74,386.82,21,90,1.96,17.1,184,72.56,85.5,55.83,1075900.96,11,90,1.96,Lept
12,263,89.44,18,99.06,3995444.61,18,142,1.96,29,43,29.22,30.5,9.52,31454.98,22,142,1.96,0,1,0.63,1,0.49,0.63,8,142,1.96,0,1,0.46,0,0.5,0.46,12,142,1.96,0,9,2.04,1,2.6,68.3,25,142,1.96,380,440,370,400,100,5.90E+07,20,140,2,2,19,6.39,5,5.12,869.84,27,142,1.96,3,310,82.25,10,101.14,3976266.54,19,142,1.96,Lept
49,248,124.97,118,84.51,4648912.46,12,152,1.96,23,44,27.26,28,8.03,25282.17,29,152,1.96,0,1,0.31,0,0.46,0.31,6,152,1.96,0,1,0.18,0,0.39,0.18,6,152,1.96,1,8,2.82,2,2,60.84,24,152,1.96,350,630,380,370,90,6.20E+07,14,150,2,5,18,7.52,8,4.33,840.57,33,152,1.96,15.3,249,104.68,114.5,87.21,3599817.16,13,152,1.96,Lept
19,235,95.15,38,89.89,3457852.83,6,94,1.96,26,40,25.15,28,8.89,20842.02,17,94,1.96,0,1,0.37,0,0.49,0.37,8,94,1.96,0,1,0.14,0,0.35,0.14,6,94,1.96,1,7,2.33,1,2.12,48.93,13,94,1.96,420,640,410,430,140,8.80E+07,9,94,2,4,19,7.21,6,4.96,977.81,20,94,1.96,5.9,250,85,27,93,3300000,14,94,2,Lept
34,258,117.69,132.5,79.04,3798991.23,72,850,1.96,25,54,28.31,28,6.67,26495.86,165,850,1.96,0,1,0.59,1,0.49,0.59,34,850,1.96,0,1,0.59,1,0.49,0.59,28,850,1.96,1,10,3.09,3,2.19,77.77,156,850,1.96,350,620,380,370,72,6.10E+07,94,850,2,5,22,8.06,8,4.54,1054.52,189,850,1.96,24.7,283,119.05,135,91.01,4680456.38,79,850,1.96,Lept
250,360,260,270,60,2.00E+07,33,290,2,30,53,32.89,33,8.18,41295.22,51,290,1.96,0,1,0.64,1,0.48,0.64,14,290,1.96,1,1,0.82,1,0.38,0.82,14,290,1.96,1,9,3.19,3,2.38,90.21,64,290,1.96,260,500,320,320,100,4.10E+07,18,290,2,6,22,9.35,9,4.4,1396.05,70,290,1.96,30.4,294,124.62,128,95.9,5444396.76,21,290,1.96,Lept
60,286,161.46,210.5,98.23,8600997.58,33,474,1.96,28,50,31.06,31,7.39,34798.16,93,474,1.96,0,1,0.32,0,0.47,0.32,30,474,1.96,0,1,0.41,0,0.49,0.41,32,474,1.96,1,8,3.11,3,1.87,63.43,89,474,1.96,420,710,450,450,89,1.00E+08,44,470,2,6,19,8.61,8,4.19,1102.09,104,474,1.96,41.9,278,122.87,139,84.9,4436158.7,39,474,1.96,Lept
190,260,200,230,71,1.10E+07,7,100,2,28.3,55,29.6,32,12.51,38444.3,15,102,1.96,0,1,0.32,0,0.47,0.32,4,102,1.96,0,1,0.27,0,0.45,0.27,4,102,1.96,1,7,1.92,1.5,1.77,30.1,17,102,1.96,210,370,240,260,96,2.00E+07,6,100,2,4,15,6.78,6,3.68,598.31,23,102,1.96,6,204,72.02,58,67.77,1479551.84,12,102,1.96,Lept
124.9,262,162.36,178,67.55,6368458.99,37,454,1.96,29,48,32.58,32,6.7,38848.97,86,454,1.96,0,1,0.46,0,0.5,0.46,20,454,1.96,0,1,0.37,0,0.48,0.37,24,454,1.96,1,10,3.06,3,2.3,80.37,94,454,1.96,380,550,410,410,64,7.10E+07,49,450,2,5,18,7.73,7,4.13,873.06,93,454,1.96,36,276,118.89,123,88.88,4534197.23,34,454,1.96,Lept
5.4,680,180,48,230,4.70E+07,2,30,2,1,7,2.47,2,2.15,56.67,6,30,1.96,0,1,0.17,0,0.38,0.17,2,30,1.96,1,1,0.73,1,0.45,0.73,2,30,1.96,1,6,1.77,1,1.7,24.97,7,30,1.96,3.7,710,190,52,250,5.70E+07,3,30,2,2,8,3.4,3,2.39,102.4,6,30,1.96,2,80,23.07,7,27.98,84236.87,3,30,1.96,Phae
2.1,300,88,32,110,4500000,2,28,2,1,18,5.54,2.5,6.07,940.04,2,28,1.96,1,1,0.75,1,0.44,0.75,2,28,1.96,0,1,0.43,0,0.5,0.43,2,28,1.96,1,4,1.54,1,1.29,12.25,7,28,1.96,6.3,1000,300,110,360,1.80E+08,2,28,2,1,8,3.32,3,2.55,106.39,7,28,1.96,1,106,32.61,13,38.44,216958.32,2,28,1.96,Phae
8.6,1100,290,72,380,2.00E+08,3,34,2,1,34,9.03,3,11.41,5809.44,7,34,1.96,0,1,0.38,0,0.49,0.38,4,34,1.96,0,1,0.26,0,0.45,0.26,2,34,1.96,0,12,3.03,1,4,247.44,7,34,1.96,42,2200,620,190,760,1.70E+09,1,34,2,2,13,4.82,3.5,4.17,414.59,6,34,1.96,2,226,60.74,16.5,78.27,1777540.79,1,34,1.96,Phae
6.7,800,230,70,280,8.40E+07,2,34,2,2,16,4.85,2,4.99,602.74,4,34,1.96,1,1,0.94,1,0.24,0.94,2,34,1.96,1,1,0.79,1,0.41,0.79,2,34,1.96,1,28,8.65,4,9.35,3541.76,2,34,1.96,10,1900,510,140,650,1.00E+09,3,34,2,2,27,8.97,4.5,8.96,3430.03,4,34,1.96,9.6,440,130,50,160,1.50E+07,2,34,2,Phae
18,1100,350,130,410,2.60E+08,3,38,2,1.1,46,13.03,3,16,15880.34,4,38,1.96,0,1,0.58,1,0.5,0.58,4,38,1.96,1,1,0.71,1,0.46,0.71,2,38,1.96,0,21,7.16,2.5,8.02,2027.26,5,38,1.96,26,2200,730,260,850,2.30E+09,3,38,2,3,25,11,7,9.43,4449.11,8,38,1.96,14,430,180,110,180,2.40E+07,3,38,2,Phae
25,1100,390,180,430,3.20E+08,3,38,2,1,17,6.87,4,6.39,1274.45,5,38,1.96,1,1,0.95,1,0.23,0.95,2,38,1.96,1,1,0.95,1,0.23,0.95,2,38,1.96,1,1,0.84,1,0.37,0.84,4,38,1.96,27,1300,450,220,480,4.60E+08,3,38,2,1,8,3.58,2,2.8,134.63,7,38,1.96,1,32,12.47,6.5,12.4,8402.84,3,38,1.96,Phae
6.7,920,260,74,330,1.30E+08,2,30,2,0.7,12,3.33,1.5,3.89,240.73,4,30,1.96,0,1,0.1,0,0.31,0.1,2,30,1.96,0,1,0.4,0,0.5,0.4,2,30,1.96,1,10,3.37,1.5,3.22,168.37,4,30,1.96,15,600,180,59,210,3.60E+07,2,30,2,1,12,4.47,4,4.11,345.87,7,30,1.96,2,212,66.2,29,76.18,1732480.4,3,30,1.96,Phae
16,940,260,78,330,1.30E+08,2,30,2,2,17,5.27,2,5.3,727.07,3,30,1.96,0,1,0.27,0,0.45,0.27,4,30,1.96,0,0,0,0,0,0,0,30,1.96,0,9,2.73,1,3.14,124.53,6,30,1.96,79,1400,430,200,480,4.60E+08,1,30,2,2,12,4.83,3.5,3.5,313.63,7,30,1.96,4,177,51.47,17.5,62.62,941464.87,3,30,1.96,Phae
6.7,1100,310,110,380,2.10E+08,2,34,2,1.9,36,11.65,4,13.04,9062.65,5,34,1.96,1,1,0.82,1,0.39,0.82,4,34,1.96,0,1,0.12,0,0.33,0.12,2,34,1.96,1,11,3.65,2,3.61,228.65,4,34,1.96,8.7,2100,630,220,770,1.70E+09,2,34,2,2,11,4,2,3.27,216.29,6,34,1.96,2,177,58.94,28.5,64.69,1094491.06,4,34,1.96,Phae
10,1000,290,90,360,1.70E+08,2,30,2,1,22,6.03,2,7.41,1623.03,4,30,1.96,0,1,0.067,0,0.254,0.067,2,30,1.956,1,1,0.93,1,0.25,0.93,2,30,1.96,0,6,1.87,1,2.11,39.47,6,30,1.96,14,1300,350,100,440,3.20E+08,2,30,2,2,10,4.03,3,3.16,201.83,6,30,1.96,3.4,140,45,18,52,540000,2,30,2,Phae
8.5,1000,280,78,360,1.70E+08,2,36,2,1,25,6.64,2,8.15,2208.64,6,36,1.96,0,0,0,0,0,0,0,36,1.96,0,1,0.39,0,0.49,0.39,4,36,1.96,1,8,3,1.5,2.98,122.33,8,36,1.96,7.5,1400,370,74,490,4.40E+08,4,36,2,2,12,5.36,4,4.02,426.03,9,36,1.96,1.5,160,49,15,59,790000,2,36,2,Phae
18,960,290,86,350,1.60E+08,2,34,2,2,28,8.09,3.5,9.2,3340.38,3,34,1.96,0,1,0.24,0,0.43,0.24,2,34,1.96,0,1,0.059,0,0.239,0.059,2,34,1.956,1,12,4.21,1.5,4.42,377.09,6,34,1.96,54,1800,520,180,620,9.20E+08,1,34,2,3,20,7.09,4.5,6.22,1365.03,3,34,1.96,4,291,82.29,25.5,101.34,3960230.18,3,34,1.96,Phae
21,1200,370,120,450,3.40E+08,2,34,2,1,37,11.06,3.5,13.02,8789.59,3,34,1.96,0,1,0.32,0,0.47,0.32,2,34,1.96,0,1,0.12,0,0.33,0.12,2,34,1.96,1,14,4.21,1.5,4.73,451.03,5,34,1.96,44,1900,590,250,680,1.30E+09,1,34,2,2.9,15,4.88,3,4.4,477.82,7,34,1.96,5.8,270,74,22,92,3.00E+06,3,34,2,Phae
4.4,950,250,69,330,1.30E+08,3,30,2,1,30,8.53,2.5,10.11,4147.13,3,30,1.96,1,1,0.93,1,0.25,0.93,2,30,1.96,1,1,0.73,1,0.45,0.73,4,30,1.96,1,9,2.8,1,2.73,102,3,30,1.96,37,2200,660,240,790,1.90E+09,1,30,2,2,13,4.8,3,4.05,383.2,3,30,1.96,3.7,160,47,16,57,7.00E+05,3,30,2,Phae
25,1100,320,93,390,2.30E+08,2,40,2,1,16,5.05,2.5,5.2,665.8,6,40,1.96,0,1,0.47,0,0.51,0.47,4,40,1.96,1,1,0.72,1,0.45,0.72,2,40,1.96,1,7,2.92,2,2.38,81.22,10,40,1.96,20,2700,640,120,890,2.60E+09,3,40,2,2,10,4.65,3,3.52,288.15,9,40,1.96,2.7,180,56,17,67,1200000,4,40,2,Phae
14,1400,390,110,490,4.40E+08,3,36,2,1,19,5.83,2,6.47,1158.17,4,36,1.96,0,1,0.33,0,0.48,0.33,2,36,1.96,0,0,0,0,0,0,0,36,1.96,1,19,6.67,3.5,6.85,1365.17,4,36,1.96,18,1700,570,220,650,1.10E+09,2,36,2,3,20,9.44,7.5,7.42,2446.78,5,36,1.96,12.5,333,133.72,84.5,130.6,9783993.89,3,36,1.96,Phae
28,1500,420,160,510,5.30E+08,2,36,2,1,170,37,5.5,55,6.00E+05,4,36,2,0,1,0.19,0,0.4,0.19,2,36,1.96,0,0,0,0,0,0,0,36,1.96,0,1,0.56,1,0.5,0.56,4,36,1.96,380,4100,2500,3900,1800,3.70E+10,4,36,2,3,16,6.25,4,4.84,755.08,7,36,1.96,1.5,40,15.53,9,15.79,16785.69,3,36,1.96,Phae
10,1100,290,73,380,2.00E+08,3,32,2,2,24,6.97,2,7.85,2116.53,5,32,1.96,1,1,0.78,1,0.42,0.78,2,32,1.96,0,1,0.34,0,0.48,0.34,4,32,1.96,1,10,3.16,1,3.37,167.03,7,32,1.96,12,1400,400,110,500,4.60E+08,3,32,2,4,16,6.16,4,4.47,677.78,6,32,1.96,3.6,220,65,24,78,1800000,2,32,2,Phae
8.4,440,130,44,150,1.40E+07,3,28,2,2,19,6,2,6.07,1073.36,3,28,1.96,0,1,0.29,0,0.46,0.29,4,28,1.96,0,1,0.39,0,0.5,0.39,4,28,1.96,1,8,3.04,2,2.62,100.54,6,28,1.96,11,930,280,100,330,1.40E+08,2,28,2,3,10,4,3,2.61,158.07,7,28,1.96,3.3,150,48,21,54,640000,2,28,2,Phae
25,850,320,180,330,1.50E+08,2,36,2,2,39,12.78,6.5,13.19,10486.44,4,36,1.96,1,1,0.94,1,0.23,0.94,2,36,1.96,0,1,0.42,0,0.5,0.42,4,36,1.96,1,25,8.06,2.5,9.07,3084.22,5,36,1.96,110,3600,1200,500,1300,8.90E+09,2,36,2,3.5,28,11.25,8,9.31,4682.25,4,36,1.96,15,480,160,78,170,2.20E+07,2,36,2,Phae
6.8,920,260,77,320,1.20E+08,2,30,2,1,20,5.6,2,6.39,1107.8,4,30,1.96,1,1,0.93,1,0.25,0.93,2,30,1.96,1,1,0.73,1,0.45,0.73,2,30,1.96,1,12,3.27,1,3.78,232.47,4,30,1.96,11,2200,630,220,770,1.70E+09,2,30,2,2,12,4.73,3,3.63,323.33,6,30,1.96,1.7,180,54,22,62,950000,2,30,2,Phae
25,1100,380,170,420,3.00E+08,2,40,2,1,54,15.2,5.5,18.11,23814.35,2,40,1.96,1,1,0.75,1,0.44,0.75,4,40,1.96,0.7,1,0.7,1,0.46,0.7,4,40,1.96,1,27,8.75,4,9.49,3678.2,6,40,1.96,29,2800,840,310,980,3.70E+09,2,40,2,2,30,10.68,5,10.51,5444.57,6,40,1.96,8.1,500,160,65,180,2.40E+07,3,40,2,Phae
3.7,690,180,48,230,4.70E+07,2,30,2,1,8,2.77,2,2.46,83.37,5,30,1.96,0,1,0.67,1,0.48,0.67,2,30,1.96,0,0,0,0,0,0,0,30,1.96,1,4,1.67,1,1.24,13.87,5,30,1.96,3.7,770,200,47,270,6.90E+07,3,30,2,0,6,2.17,2,2.1,39.97,5,30,1.96,1,64,18.23,6.5,22,41483.23,2,30,1.96,Phae
19,990,280,86,350,1.60E+08,2,32,2,1,14,3.88,1,4.44,378.88,3,32,1.96,0,1,0.47,0,0.51,0.47,4,32,1.96,0,1,0.5,0.5,0.51,0.5,4,32,1.96,1,10,2.91,1,2.92,125.34,6,32,1.96,14,810,230,78,280,8.70E+07,2,32,2,3,10,5.03,4,2.91,260.78,7,32,1.96,4.3,180,54,24,62,950000,2,32,2,Phae
18,1200,340,99,430,3.00E+08,2,34,2,1,36,9.47,2,12.1,6822.29,5,34,1.96,0.9,1,0.71,1,0.46,0.71,4,34,1.96,0,1,0.088,0,0.288,0.088,2,34,1.956,1,8,2.85,1,2.72,98.68,7,34,1.96,33,2300,660,230,810,2.00E+09,3,34,2,3,12,5.21,3.5,3.65,372.97,8,34,1.96,2,185,52.94,15.5,66.47,1100233.41,4,34,1.96,Phae
14,970,270,78,340,1.40E+08,3,32,2,1,14,4.22,2,4.52,421.59,5,32,1.96,0,1,0.59,1,0.5,0.59,6,32,1.96,0,1,0.41,0,0.5,0.41,2,32,1.96,1,11,3.28,1.5,3.27,175.03,3,32,1.96,11,1700,450,160,570,7.10E+08,3,32,2,4,12,5.16,4.5,3.15,304.03,6,32,1.96,3.3,200,57,20,69,1300000,3,32,2,Phae
5.2,960,280,82,340,1.50E+08,2,32,2,1,19,5.53,1.5,6.58,1120.22,4,32,1.96,0,1,0.12,0,0.34,0.12,2,32,1.96,0,0,0,0,0,0,0,32,1.96,1,6,2.53,1,2.11,55.22,4,32,1.96,5.3,910,270,94,330,1.40E+08,3,32,2,2.3,9,4.31,3.5,2.61,171.56,8,32,1.96,2,126,44.03,22,46.92,426392.97,2,32,1.96,Phae
3.4,800,220,63,280,8.30E+07,3,30,2,2,26,7.63,2.5,8.7,2808.23,4,30,1.96,0,1,0.2,0,0.41,0.2,2,30,1.96,0,1,0.4,0,0.5,0.4,4,30,1.96,1,8,2.33,1,2.35,66.33,5,30,1.96,17,1300,370,120,450,3.50E+08,1,30,2,1,10,3.47,2,3.31,179.87,7,30,1.96,1.7,140,42,14,51,510000,2,30,2,Phae
19,1400,420,140,500,4.70E+08,3,38,2,1.1,29,8.92,4,9.75,4011.55,3,38,1.96,1,1,0.76,1,0.43,0.76,2,38,1.96,0,1,0.079,0,0.273,0.079,2,38,1.956,1,19,6.84,3.5,7,1489.79,4,38,1.96,14,2100,640,220,770,1.70E+09,3,38,2,2,20,7.76,3.5,7.32,1920.66,4,38,1.96,10.6,339,129.47,69.5,133.26,9990687.79,3,38,1.96,Phae
9,780,240,92,280,8.30E+07,2,28,2,1,12,4.18,2,4.15,339.32,4,28,1.96,0,1,0.64,1,0.49,0.64,4,28,1.96,0,1,0.54,1,0.51,0.54,4,28,1.96,1,6,2.07,1,1.98,37.43,9,28,1.96,8.6,880,260,100,310,1.20E+08,2,28,2,4,9,4.89,4.5,2.64,216.61,6,28,1.96,2.2,130,39,16,46,370000,3,28,2,Phae
11,810,230,78,280,8.70E+07,2,30,2,1,13,4.43,2.5,4.42,406.03,3,30,1.96,0.7,1,0.7,1,0.47,0.7,2,30,1.96,0,1,0.57,1,0.5,0.57,2,30,1.96,0,10,2.9,1,3.74,190.3,5,30,1.96,31,1800,530,200,630,9.80E+08,1,30,2,2,15,4.97,3,4.88,558.77,6,30,1.96,2.7,190,54,17,66,1100000,3,30,2,Phae
78,111,86.71,91.5,24.49,781735.96,6,56,1.96,90,187,123.3,128.5,49.79,2715833.02,3,56,1.96,0,1,0.14,0,0.35,0.14,4,56,1.96,0,1,0.23,0,0.43,0.23,2,56,1.96,1,2,1.02,1,0.59,2.09,8,56,1.96,1700,2600,2000,2400,730,1.00E+10,6,56,2,2,4,2.8,3,1.2,32.38,12,56,1.96,15,21,15.21,18,6.02,4889.79,12,56,1.96,Phae
18,1100,310,90,390,2.20E+08,2,36,2,1,26,7.14,2.5,8.73,2633.81,7,36,1.96,1,1,0.86,1,0.35,0.86,2,36,1.96,0,0,0,0,0,0,0,36,1.96,1,15,5,2.5,5.01,584.67,4,36,1.96,9.5,1900,490,120,650,9.90E+08,4,36,2,2,22,8.17,4.5,7.52,2159.33,5,36,1.96,8,345,115.19,51,127.81,8400888.03,2,36,1.96,Phae
12,850,250,99,300,1.10E+08,2,30,2,1,40,11.27,4,13.64,10026.07,3,30,1.96,0,1,0.53,1,0.51,0.53,2,30,1.96,0,1,0.5,0.5,0.51,0.5,4,30,1.96,0,16,4.53,2,5.53,644.13,3,30,1.96,24,2000,600,240,720,1.40E+09,1,30,2,2.7,20,7.13,5.5,6.16,1310.33,4,30,1.96,5.4,280,86,34,99,3900000,2,30,2,Phae
3.5,470,130,40,170,1.70E+07,2,26,2,1,14,4.65,2,5,536.35,6,26,1.96,0,1,0.077,0,0.272,0.077,2,26,1.956,0,0,0,0,0,0,0,26,1.96,0,2,0.69,1,0.68,1.38,4,26,1.96,4.5,820,240,84,300,9.70E+07,2,26,2,1.5,5,2.54,3,1.5,33,8,26,1.96,1,42,13.58,6,15.31,14389.12,3,26,1.96,Phae
5.5,980,270,80,340,1.50E+08,3,32,2,0,26,6.78,2,8.96,2647.72,3,32,1.96,0,1,0.34,0,0.48,0.34,4,32,1.96,0,1,0.094,0,0.296,0.094,2,32,1.956,1,17,4.62,2,5.71,730.81,3,32,1.96,8.9,1700,450,140,580,7.20E+08,2,32,2,4,18,7.28,5.5,5.51,1136.41,5,32,1.96,3.9,290,84,28,100,4200000,3,32,2,Phae
13,1000,290,88,360,1.80E+08,3,34,2,1,23,6.38,2,7.6,1806.74,4,34,1.96,0,1,0.35,0,0.49,0.35,4,34,1.96,0,1,0.26,0,0.45,0.26,4,34,1.96,1,14,4.47,2,4.68,463.82,5,34,1.96,60,1900,550,200,650,1.10E+09,1,34,2,3.9,14,6.44,5.5,4.7,721.15,6,34,1.96,4.8,280,84,30,100,3800000,4,34,2,Phae
9.6,1200,330,90,410,2.60E+08,3,34,2,1,29,8.68,3,10.04,4149.03,5,34,1.96,0,1,0.56,1,0.5,0.56,6,34,1.96,0,0,0,0,0,0,0,34,1.96,0,14,3.97,1.5,4.83,433.5,5,34,1.96,49,3600,1000,280,1300,7.60E+09,1,34,2,2.9,20,7.12,4,6.36,1421.88,7,34,1.96,4,288,83.03,25,101.25,3969044.74,3,34,1.96,Phae
6.8,670,210,88,240,5.40E+07,2,30,2,1,20,6,2,6.72,1290.6,3,30,1.96,1,1,0.93,1,0.25,0.93,2,30,1.96,0,1,0.2,0,0.41,0.2,2,30,1.96,1,22,6.87,3.5,7.29,1702.87,2,30,1.96,16,1800,540,190,650,1.00E+09,1,30,2,4,28,10.47,6.5,9.04,4154.87,4,30,1.96,9.5,470,150,67,170,1.90E+07,2,30,2,Phae
4.1,1000,290,92,360,1.70E+08,2,30,2,1,20,6.33,3,7.14,1477.93,3,30,1.96,0,1,0.63,1,0.49,0.63,2,30,1.96,0,1,0.5,0.5,0.51,0.5,2,30,1.96,0,11,3.1,1.5,3.76,201.3,3,30,1.96,11,1200,350,130,420,2.70E+08,1,30,2,2,14,4.63,3,4.3,424.43,5,30,1.96,1.7,180,56,20,66,1100000,2,30,2,Phae
29,1200,400,200,430,3.30E+08,2,38,2,1,58,16.05,6,19.25,28617.42,4,38,1.96,1,1,0.92,1,0.27,0.92,2,38,1.96,0,1,0.66,1,0.48,0.66,4,38,1.96,1,34,9.82,4,11.37,6000.03,2,38,1.96,44,4000,1500,730,1600,1.60E+10,2,38,2,4,36,12.26,5.5,11.9,8374.68,4,38,1.96,6.3,620,190,70,220,4.20E+07,3,38,2,Phae
11,580,190,80,210,3.80E+07,2,32,2,1,40,10.66,3,13.74,9750.72,4,32,1.96,1,1,0.94,1,0.25,0.94,2,32,1.96,0,1,0.41,0,0.5,0.41,4,32,1.96,1,28,9.75,5.5,9.86,4275.38,3,32,1.96,26,1900,580,240,670,1.20E+09,3,32,2,3,30,11.72,8,10.61,6046.97,4,32,1.96,17,590,200,100,210,3.90E+07,2,32,2,Phae
6.9,1100,280,66,370,1.90E+08,3,32,2,1,14,4.59,2,4.76,501.09,5,32,1.96,0,1,0.34,0,0.48,0.34,2,32,1.96,0,1,0.31,0,0.47,0.31,2,32,1.96,1,10,2.97,1,3.07,140.78,4,32,1.96,11,1700,470,130,600,8.10E+08,3,32,2,3,11,5.03,3.5,3.35,304.66,7,32,1.96,2,182,49.38,12,64.02,965866.56,4,32,1.96,Phae
7.2,940,260,61,330,1.30E+08,3,32,2,3,16,6.31,4,4.95,783.69,6,32,1.96,0,1,0.53,1,0.51,0.53,4,32,1.96,0,1,0.25,0,0.44,0.25,2,32,1.96,0,6,1.97,1.5,2.1,39.28,6,32,1.96,69,970,320,160,330,1.60E+08,3,32,2,1,10,3.31,2,2.92,142.81,8,32,1.96,1.3,120,40,14,46,380000,2,32,2,Phae
8.5,700,190,58,240,5.40E+07,2,30,2,1,12,3.83,1.5,3.89,277.63,3,30,1.96,1,1,0.77,1,0.43,0.77,2,30,1.96,0,1,0.63,1,0.49,0.63,4,30,1.96,1,8,2.5,1,2.42,72.3,8,30,1.96,16,2100,590,190,740,1.50E+09,2,30,2,1,12,3.93,2,3.93,294.73,5,30,1.96,3.4,200,58,22,70,1300000,2,30,2,Phae
13,870,230,76,300,1.00E+08,2,32,2,2,16,5.16,2,5,643.78,5,32,1.96,0,1,0.22,0,0.42,0.22,2,32,1.96,0,1,0.25,0,0.44,0.25,4,32,1.96,1,13,3.47,1,4.3,318.09,7,32,1.96,7.2,970,260,86,330,1.40E+08,3,32,2,2,18,6.25,3,5.99,1093.38,6,32,1.96,3.6,240,68,21,85,2300000,2,32,2,Phae
16,1000,300,92,370,1.90E+08,2,30,2,1,25,7.4,2.5,8.5,2534.4,2,30,1.96,1,1,0.77,1,0.43,0.77,4,30,1.96,0,1,0.67,1,0.48,0.67,6,30,1.96,1,9,3.3,2,3.03,144.5,4,30,1.96,12,1700,490,160,610,8.60E+08,3,30,2,2,10,4,3,2.92,177.6,8,30,1.96,5.4,160,53,24,59,830000,4,30,2,Phae
9.8,690,190,61,240,5.00E+07,2,30,2,2,10,3.43,2,3,158.43,7,30,1.96,1,1,0.8,1,0.41,0.8,2,30,1.96,0,1,0.2,0,0.41,0.2,2,30,1.96,1,8,2.5,1,2.47,76.9,5,30,1.96,16,1100,290,90,380,2.00E+08,2,30,2,2.7,12,5.53,6,3.82,411.53,6,30,1.96,3.4,160,48,18,58,760000,2,30,2,Phae
14,930,270,94,330,1.40E+08,2,32,2,1,45,12.09,3,15.25,13642.78,3,32,1.96,1,1,0.94,1,0.25,0.94,2,32,1.96,1,1,0.91,1,0.3,0.91,2,32,1.96,1,14,4.59,2,4.83,507.66,5,32,1.96,24,2100,570,160,720,1.40E+09,1,32,2,3,20,7.34,4.5,6.46,1476.59,6,32,1.96,5.6,320,91,28,110,5300000,3,32,2,Phae
19,950,270,92,330,1.40E+08,3,32,2,2,26,6.81,2,8.22,2312.12,6,32,1.96,1,1,0.94,1,0.25,0.94,2,32,1.96,1,1,0.94,1,0.25,0.94,2,32,1.96,1,17,5.91,3.5,5.68,882.09,5,32,1.96,28,1500,410,120,510,5.10E+08,2,32,2,1.3,25,7.12,3,8.31,2370.75,6,32,1.96,9.3,410,120,50,140,1.20E+07,3,32,2,Phae
11,820,220,74,280,8.50E+07,3,30,2,1,8,2.97,2,2.46,91.77,7,30,1.96,0,1,0.57,1,0.5,0.57,2,30,1.96,0,1,0.53,1,0.51,0.53,2,30,1.96,1,3,1.47,1,0.97,7.47,6,30,1.96,7.7,510,140,44,180,2.10E+07,2,30,2,1.7,6,2.87,2,1.91,55.87,8,30,1.96,2,89,27.37,11,31.76,126505.17,3,30,1.96,Phae
16,730,240,94,270,7.70E+07,3,34,2,1,25,6.97,2,8.38,2369.74,6,34,1.96,1,1,0.74,1,0.45,0.74,2,34,1.96,0,1,0.56,1,0.5,0.56,2,34,1.96,1,32,9.65,4,10.86,5309.24,2,34,1.96,25,1800,520,170,630,9.70E+08,2,34,2,3,30,10.65,5,10.86,5795.88,6,34,1.96,12,570,180,75,210,3.50E+07,3,34,2,Phae
30,1400,420,150,500,5.00E+08,2,36,2,1.5,46,12.69,4.5,15.58,15026.19,5,36,1.96,0,0,0,0,0,0,0,36,1.96,0,0,0,0,0,0,0,36,1.96,1,18,7.06,4.5,6.68,1366.89,5,36,1.96,39,2500,760,250,910,2.90E+09,2,36,2,2.5,21,9.06,6.5,7.29,2262.72,5,36,1.96,22,360,150,110,140,1.30E+07,2,36,2,Phae
11,980,290,100,350,1.70E+08,2,32,2,1,19,5.62,2.5,6.27,1071.94,4,32,1.96,1,1,0.91,1,0.3,0.91,2,32,1.96,0,1,0.41,0,0.5,0.41,2,32,1.96,0,27,7.59,2.5,9.53,3248.91,3,32,1.96,15,1600,450,130,560,6.70E+08,2,32,2,3.3,28,10.44,7,8.83,3930.12,4,32,1.96,11,470,150,67,170,2.00E+07,3,32,2,Phae
8.5,1000,300,100,360,1.80E+08,2,30,2,1,13,4.43,2,4.35,400.43,4,30,1.96,0,1,0.33,0,0.48,0.33,4,30,1.96,0,0,0,0,0,0,0,30,1.96,1,8,2.43,1,2.51,72.23,5,30,1.96,15,1500,440,150,540,5.90E+08,2,30,2,2,12,5.37,4,3.77,399.57,6,30,1.96,5.1,170,55,26,60,880000,2,30,2,Phae
5.2,870,220,56,290,9.30E+07,2,32,2,1,18,4.66,2,5.37,683.59,5,32,1.96,0,1,0.31,0,0.47,0.31,2,32,1.96,0,1,0.094,0,0.296,0.094,2,32,1.956,1,6,2.16,1,1.8,36.09,6,32,1.96,5,1100,270,57,360,1.70E+08,3,32,2,1,8,3.03,2,2.76,104.66,8,32,1.96,2.3,140,41,15,49,460000,2,32,2,Phae
14,680,200,76,240,5.40E+07,3,32,2,1,20,5.88,2,6.67,1269.06,5,32,1.96,1,1,0.81,1,0.4,0.81,2,32,1.96,1,1,0.91,1,0.3,0.91,2,32,1.96,1,26,8.22,4.5,8.64,2880.34,3,32,1.96,32,2100,570,170,720,1.40E+09,3,32,2,5,26,10.47,7,7.97,3465.34,5,32,1.96,13,510,150,58,180,2.30E+07,3,32,2,Phae
11,1100,290,70,380,2.10E+08,2,30,2,1,13,4.4,2,4.29,384.8,4,30,1.96,0,1,0.27,0,0.45,0.27,2,30,1.96,0,1,0.23,0,0.43,0.23,4,30,1.96,0,8,2.3,1,2.87,88.1,5,30,1.96,20,1100,330,110,400,2.40E+08,1,30,2,2,9,4.4,3.5,3.09,214.8,7,30,1.96,2.7,160,51,19,60,820000,4,30,2,Phae
4.7,780,200,52,260,6.80E+07,2,34,2,1.9,12,3.79,2,3.51,236.38,7,34,1.96,1,1,0.74,1,0.45,0.74,2,34,1.96,0,0,0,0,0,0,0,34,1.96,0,6,1.62,1,1.89,29.15,5,34,1.96,11,1000,270,85,350,1.60E+08,2,34,2,3,8,3.76,4,2,98.35,8,34,1.96,1,132,33.44,7,44.82,330258.09,2,34,1.96,Phae
10.2,258,94.13,76.5,90.25,3399011.73,2,30,1.96,2,20,8.03,5,7.25,1921.43,4,30,1.96,1,1,0.73,1,0.45,0.73,6,30,1.96,0,1,0.33,0,0.48,0.33,4,30,1.96,1,2,1.23,1,0.63,3.23,3,30,1.96,35,1000,410,320,390,2.70E+08,1,30,2,1,5,2.37,2,1.67,32.97,8,30,1.96,1,28,10.03,4.5,10.85,5087.63,3,30,1.96,Phae
11,1000,290,88,360,1.80E+08,3,32,2,3.3,20,7.09,4,6.18,1357.47,7,32,1.96,0,1,0.22,0,0.42,0.22,2,32,1.96,0,1,0.47,0,0.51,0.47,2,32,1.96,0,13,3.88,2,4.61,378.88,4,32,1.96,62,2400,640,180,800,2.00E+09,1,32,2,1,14,4.56,2,4.79,481.94,7,32,1.96,2.3,240,68,22,83,2200000,3,32,2,Phae
10,810,200,60,270,7.20E+07,2,32,2,1,7,2.34,1.5,2.03,49.78,4,32,1.96,0,1,0.34,0,0.48,0.34,2,32,1.96,0,1,0.59,1,0.5,0.59,4,32,1.96,1,8,2.84,1,2.63,95.66,6,32,1.96,8,440,120,32,150,1.30E+07,2,32,2,3,12,4.59,4,3.56,303.66,7,32,1.96,2.6,160,44,14,55,630000,2,32,2,Phae
17,790,260,110,290,9.70E+07,3,34,2,1,20,5.18,2,6.29,1020.59,4,34,1.96,0,1,0.62,1,0.49,0.62,4,34,1.96,0,1,0.059,0,0.239,0.059,2,34,1.956,1,23,7.97,4.5,8.1,2366.15,2,34,1.96,17,1900,520,140,650,1.00E+09,2,34,2,3,33,12.21,7,11.16,7132.26,4,34,1.96,12,500,170,80,180,2.50E+07,3,34,2,Phae
4.9,1000,260,64,340,1.50E+08,3,32,2,1,12,4.03,2,4.34,345.09,4,32,1.96,0,1,0.25,0,0.44,0.25,4,32,1.96,0,0,0,0,0,0,0,32,1.96,1,6,1.81,1,1.82,28.06,7,32,1.96,6.9,1100,300,83,380,2.00E+08,2,32,2,1,8,2.66,2,2.25,70.53,8,32,1.96,1.3,100,31,12,37,190000,3,32,2,Phae
5.2,1100,290,75,370,1.90E+08,2,32,2,1,28,7.88,2.5,9.61,3467.62,5,32,1.96,0,1,0.53,1,0.51,0.53,4,32,1.96,0,1,0.62,1,0.49,0.62,2,32,1.96,0,10,3.47,2,3.78,217.97,6,32,1.96,9.2,1500,420,130,520,5.30E+08,3,32,2,2,12,5.03,3,3.87,386.78,7,32,1.96,2.6,190,55,18,67,1200000,2,32,2,Phae
31,1500,480,210,540,6.20E+08,3,38,2,2,72,20.84,7,25,61283.21,5,38,1.96,1,1,0.74,1,0.45,0.74,2,38,1.96,1,1,0.95,1,0.23,0.95,2,38,1.96,1,20,6.82,3.5,6.83,1477.76,5,38,1.96,85,4000,2100,2300,1800,2.90E+10,3,38,2,2,23,7.92,4,7.89,2328.97,8,38,1.96,8.4,440,130,52,160,1.50E+07,3,38,2,Phae
5.1,970,270,78,340,1.50E+08,3,30,2,1,14,4.37,1.5,4.57,432.37,3,30,1.96,0,1,0.067,0,0.254,0.067,2,30,1.956,0,1,0.33,0,0.48,0.33,4,30,1.96,0,5,1.67,1,1.79,23.87,6,30,1.96,43,1700,500,180,590,8.10E+08,2,30,2,3,9,4.63,4.5,2.86,209.43,8,30,1.96,3.4,150,43,14,52,530000,3,30,2,Phae
6.8,730,200,66,260,6.30E+07,2,30,2,1,14,4.3,2,4.62,443.7,4,30,1.96,0,1,0.37,0,0.49,0.37,2,30,1.96,0,1,0.13,0,0.35,0.13,2,30,1.96,0,6,1.83,1,2.05,36.03,7,30,1.96,11,750,210,72,260,6.80E+07,2,30,2,2,6,3.3,4,1.95,70.7,9,30,1.96,3.4,130,40,16,46,390000,2,30,2,Phae
9.5,940,280,88,340,1.50E+08,3,36,2,1,28,7.64,3,8.87,2935.14,4,36,1.96,0.5,1,0.69,1,0.47,0.69,2,36,1.96,1,1,0.78,1,0.42,0.78,2,36,1.96,0.5,27,8.31,4,9.54,3429.31,2,36,1.96,10,1900,550,170,680,1.20E+09,2,36,2,3,26,9.92,5,8.92,3768.42,6,36,1.96,8,460,150,60,170,1.90E+07,3,36,2,Phae
6.8,830,220,63,280,8.30E+07,3,32,2,1,10,2.94,1.5,3.37,163.81,6,32,1.96,0,1,0.16,0,0.37,0.16,2,32,1.96,0,0,0,0,0,0,0,32,1.96,0,6,1.59,1,2.05,32.72,5,32,1.96,14,1200,310,71,410,2.60E+08,3,32,2,2,9,3.56,2.5,2.73,139.31,6,32,1.96,1.3,150,42,10,53,560000,2,32,2,Phae
37,2200,550,150,730,1.40E+09,3,40,2,2,290,59,5.5,93,2800000,4,40,2,0,1,0.55,1,0.5,0.55,6,40,1.96,0,1,0.2,0,0.41,0.2,2,40,1.96,1,3,1.5,1,0.85,6.9,6,40,1.96,600,4100,2600,4000,1800,4.00E+10,6,40,2,3,28,10.38,6.5,8.73,3913.53,4,40,1.96,3.7,92,35,21,35,180000,2,40,2,Phae
5.7,380,130,64,140,1.10E+07,3,28,2,2,22,6.75,2,7.39,1737.96,4,28,1.96,0,1,0.5,0.5,0.51,0.5,4,28,1.96,0,0,0,0,0,0,0,28,1.96,0,2,0.86,1,0.76,2.14,6,28,1.96,20,1500,470,200,540,6.20E+08,1,28,2,4,11,5.11,4,2.78,256.89,2,28,1.96,1,50,15.57,7,17.68,22133.5,3,28,1.96,Phae
12,1000,290,84,360,1.70E+08,3,30,2,1,13,3.93,2,4.09,321.73,4,30,1.96,0,1,0.27,0,0.45,0.27,4,30,1.96,0,0,0,0,0,0,0,30,1.96,1,6,2.27,1,2.13,46.67,8,30,1.96,12,780,220,76,270,7.50E+07,3,30,2,1,11,3.93,2,3.88,272.73,7,30,1.96,2.7,120,37,16,42,290000,2,30,2,Phae
3.4,690,190,48,240,5.10E+07,2,30,2,1,9,3.1,2,2.95,132.5,5,30,1.96,1,1,0.93,1,0.25,0.93,2,30,1.96,1,1,0.93,1,0.25,0.93,2,30,1.96,1,6,2.03,1,1.69,30.63,5,30,1.96,3,375,101.1,24.5,130.93,8250428.5,4,30,1.96,3,8,4.13,4,2.11,126.33,7,30,1.96,1,108,32.07,10.5,38.67,219794.27,2,30,1.96,Phae
12,940,280,88,340,1.40E+08,3,32,2,1,23,6.12,2,7.76,1809.31,5,32,1.96,0,1,0.47,0,0.51,0.47,2,32,1.96,1,1,0.84,1,0.37,0.84,4,32,1.96,1,20,6.56,3,6.96,1463.25,3,32,1.96,12,1900,500,140,640,9.80E+08,2,32,2,2,25,9.03,5,8.41,2971.34,5,32,1.96,7.5,370,120,58,130,9600000,2,32,2,Phae
10,1400,360,110,470,3.80E+08,3,36,2,1,160,36,5.5,54,560000,4,36,2,0,1,0.5,0.5,0.51,0.5,2,36,1.96,0,1,0.42,0,0.5,0.42,4,36,1.96,0,2,0.83,1,0.7,1.83,6,36,1.96,160,4200,2300,3400,1900,3.50E+10,4,36,2,1,12,4.64,4,3.9,342.47,6,36,1.96,1,47,15.22,7,17.09,19899.89,4,36,1.96,Phae
13,1000,260,67,340,1.50E+08,3,36,2,1,36,8.47,2,11.53,5937.81,7,36,1.96,0,1,0.5,0.5,0.51,0.5,2,36,1.96,0,1,0.17,0,0.38,0.17,2,36,1.96,1,17,5.56,2,5.98,919.56,5,36,1.96,13,1800,440,82,600,7.90E+08,4,36,2,2,22,8.08,4,7.3,2070.42,5,36,1.96,5,348,99.61,30.5,121.93,6941863.11,2,36,1.96,Phae
4.9,790,230,71,280,8.50E+07,3,32,2,0.3,10,2.97,2,3.28,150.53,5,32,1.96,1,1,0.78,1,0.42,0.78,2,32,1.96,0,1,0.38,0,0.49,0.38,4,32,1.96,1,9,3,1,2.92,124.69,6,32,1.96,6.6,690,180,43,230,4.80E+07,2,32,2,1,10,3.62,2.5,3.08,168.25,6,32,1.96,2.3,150,46,18,54,610000,3,32,2,Phae
14,1500,380,100,500,4.80E+08,2,38,2,1,201,40.95,4,64.01,925125.05,3,38,1.96,0,1,0.26,0,0.45,0.26,4,38,1.96,0,0,0,0,0,0,0,38,1.96,0,3,0.87,1,0.96,3.87,5,38,1.96,140,4100,2300,3600,1900,3.50E+10,4,38,2,2.1,15,5.61,4,4.58,595.34,9,38,1.96,1,58,19.58,9,21.42,39545.21,2,38,1.96,Phae
11,1100,290,74,380,2.00E+08,3,32,2,1.3,40,11.69,4,13.73,10408.38,3,32,1.96,0,0,0,0,0,0,0,32,1.96,0,0,0,0,0,0,0,32,1.96,1,8,3.25,1.5,2.96,134.12,4,32,1.96,16,1200,340,110,410,2.70E+08,2,32,2,2,9,3.91,2.5,3,173.78,7,32,1.96,2.3,160,46,14,57,690000,3,32,2,Phae
10,1100,300,90,380,2.10E+08,2,32,2,2,21,6.84,3.5,6.7,1490.72,4,32,1.96,0,1,0.56,1,0.5,0.56,4,32,1.96,0,1,0.12,0,0.34,0.12,4,32,1.96,1,9,2.69,1,3.11,123.62,5,32,1.96,26,990,310,150,350,1.70E+08,2,32,2,2,11,5.06,4.5,3.65,339,7,32,1.96,2.6,160,50,20,58,770000,2,32,2,Phae
6.5,1000,270,71,360,1.70E+08,3,32,2,1,20,5.56,2,6.45,1154.38,5,32,1.96,0,1,0.41,0,0.5,0.41,6,32,1.96,0,1,0.38,0,0.49,0.38,4,32,1.96,0.3,8,2.59,1,2.79,92.03,7,32,1.96,13,1400,380,140,470,3.90E+08,2,32,2,4,13,5.62,4,3.3,387.94,4,32,1.96,1,206,57.34,19.5,71.83,1396919.41,2,32,1.96,Phae
46,2500,650,220,820,2.10E+09,2,40,2,2,420,86,8.5,130,8700000,3,40,2,0,1,0.35,0,0.48,0.35,2,40,1.96,0,1,0.52,1,0.51,0.52,2,40,1.96,1,3,1.38,1,0.81,5.72,6,40,1.96,670,4200,2600,4000,1800,4.00E+10,4,40,2,4,19,8.85,7.5,6.1,1743.45,5,40,1.96,3.7,63,26.9,21.5,24.35,69869,4,40,1.96,Phae
6.2,890,230,64,300,1.00E+08,3,32,2,1,8,2.5,1,2.5,75.62,6,32,1.96,0,1,0.62,1,0.49,0.62,4,32,1.96,0,1,0.34,0,0.48,0.34,2,32,1.96,1,3,1.34,1,1,6.78,6,32,1.96,7.2,1000,280,74,350,1.60E+08,2,32,2,2,6,2.91,2,1.47,43.41,8,32,1.96,1,75,21.69,6,26.63,71821.25,2,32,1.96,Phae
9.4,1000,290,97,360,1.80E+08,3,32,2,1,20,5.84,2.5,6.55,1219.53,5,32,1.96,1,1,0.94,1,0.25,0.94,2,32,1.96,1,1,0.94,1,0.25,0.94,2,32,1.96,1,13,4.75,3,4.37,423.25,5,32,1.96,11,1500,400,110,510,5.00E+08,2,32,2,2,22,6.47,3,6.72,1430.34,5,32,1.96,6.6,270,87,40,97,3700000,2,32,2,Phae
6.8,660,200,70,240,5.20E+07,2,30,2,1,14,3.93,1.5,4.53,390.73,5,30,1.96,0,1,0.33,0,0.48,0.33,4,30,1.96,0,0,0,0,0,0,0,30,1.96,1,5,1.8,1,1.54,20.8,8,30,1.96,7.4,690,200,65,240,5.40E+07,3,30,2,2,7,2.97,3,1.85,59.57,7,30,1.96,1.7,120,39,16,45,360000,2,30,2,Phae
7.3,730,200,60,260,6.20E+07,3,28,2,1,10,3.39,2,3.44,188.32,7,28,1.96,1,1,0.89,1,0.31,0.89,2,28,1.96,0,1,0.071,0,0.262,0.071,2,28,1.956,1,10,2.89,1,3.2,145.61,4,28,1.96,11,1100,320,120,380,2.20E+08,2,28,2,2.1,12,5.29,4,3.72,383.93,6,28,1.96,2.1,150,45,19,52,550000,3,28,2,Phae
18,1100,280,80,370,1.80E+08,2,34,2,1,18,5.41,2.5,5.96,938.06,5,34,1.96,0,1,0.24,0,0.43,0.24,2,34,1.96,0,1,0.088,0,0.288,0.088,2,34,1.956,0.9,15,4.32,1.5,5.24,561.26,5,34,1.96,58,1400,400,140,480,4.60E+08,2,34,2,3.9,21,7.56,5,6.17,1490.26,5,34,1.96,4.9,290,81,22,100,4.00E+06,3,34,2,Phae
5.2,1100,300,76,400,2.30E+08,2,32,2,2,15,5,2,4.66,547.62,5,32,1.96,1,1,0.81,1,0.4,0.81,4,32,1.96,0,1,0.28,0,0.46,0.28,2,32,1.96,0,10,3.34,2,3.71,203.97,5,32,1.96,6.9,870,240,66,300,1.00E+08,4,32,2,3,14,5.94,4.5,4.41,594.31,7,32,1.96,3.9,210,71,34,78,1900000,2,32,2,Phae
18,1400,390,110,480,4.10E+08,2,34,2,1,54,13.26,2,17.93,21344.15,2,34,1.96,0,1,0.65,1,0.49,0.65,4,34,1.96,1,1,0.88,1,0.33,0.88,4,34,1.96,1,22,8.18,5.5,7.84,2259.76,3,34,1.96,15,1900,540,150,680,1.20E+09,3,34,2,2,30,9.88,4.5,10.16,4744.76,5,34,1.96,12,490,170,80,180,2.40E+07,3,34,2,Phae
30,1600,420,140,530,5.60E+08,3,36,2,2,299,64.53,10,96.11,3184103.69,3,36,1.96,0,1,0.14,0,0.35,0.14,2,36,1.96,0,1,0.11,0,0.32,0.11,2,36,1.96,0,2,0.69,1,0.62,1.19,8,36,1.96,520,4100,2500,3900,1800,3.80E+10,6,36,2,4,20,8.83,7,6.28,1801.67,6,36,1.96,1.5,48,17.86,10,17.89,25224.19,3,36,1.96,Phae
20,1100,310,90,390,2.30E+08,3,34,2,1,20,5.71,2,6.69,1246.29,6,34,1.96,0,1,0.24,0,0.43,0.24,2,34,1.96,0,1,0.21,0,0.41,0.21,2,34,1.96,0,15,3.65,1.5,4.66,402.82,4,34,1.96,9.6,1500,380,99,500,4.70E+08,2,34,2,4,17,7.74,5.5,5.56,1244.26,6,34,1.96,3.8,320,89,22,110,5400000,4,34,2,Phae
17,910,260,88,320,1.20E+08,3,30,2,1,9,2.9,1.5,2.83,112.7,5,30,1.96,1,1,0.73,1,0.45,0.73,2,30,1.96,0,1,0.57,1,0.5,0.57,4,30,1.96,1,9,3.5,2,3.18,163.3,5,30,1.96,19,560,170,68,190,2.90E+07,1,30,2,2,14,5.17,3,4.62,519.57,6,30,1.96,8.1,180,62,32,66,1200000,2,30,2,Phae
7.6,1000,290,97,360,1.80E+08,3,34,2,1,26,6.94,2,8.45,2442.59,4,34,1.96,0,1,0.41,0,0.5,0.41,2,34,1.96,0,1,0.059,0,0.239,0.059,2,34,1.956,0,19,4.88,1.5,6.36,961,2,34,1.96,12,2500,720,220,890,2.60E+09,2,34,2,2,20,7.35,4,6.72,1576.35,6,34,1.96,1,372,103.12,29.5,131.14,8349574.47,2,34,1.96,Phae
28,810,270,120,300,1.10E+08,2,34,2,1,16,5.06,3,5.1,641.41,6,34,1.96,0,1,0.65,1,0.49,0.65,4,34,1.96,1,1,0.79,1,0.41,0.79,4,34,1.96,1,12,3.79,2,3.65,247.15,5,34,1.96,22,1400,390,120,490,4.60E+08,2,34,2,2.9,13,5.15,4,3.83,399.21,7,34,1.96,5.8,210,65,25,76,1700000,2,34,2,Phae
19,1100,340,120,390,2.30E+08,2,32,2,1.3,56,15.75,5.5,19.09,27348.75,3,32,1.96,0,1,0.47,0,0.51,0.47,2,32,1.96,0,1,0.16,0,0.37,0.16,2,32,1.96,0,15,4.47,2,5.15,538.28,3,32,1.96,99,3100,920,340,1100,5.10E+09,1,32,1.96,1,17,6.62,4.5,6.09,1121.69,4,32,1.96,7.3,320,96,38,110,5700000,2,32,2,Phae
7.8,990,280,88,340,1.50E+08,2,30,2,2,15,5.43,3.5,5.05,656.43,4,30,1.96,0,1,0.33,0,0.48,0.33,2,30,1.96,0,1,0.2,0,0.41,0.2,2,30,1.96,1,9,3.1,2,2.73,115.1,7,30,1.96,13,1400,410,150,500,4.80E+08,2,30,2,2.7,14,6.27,5.5,4.54,662.67,5,30,1.96,1.7,200,57,21,69,1300000,2,30,2,Phae
4.5,450,130,44,160,1.50E+07,3,26,2,1,14,4.69,2.5,4.63,472.69,4,26,1.96,0,1,0.31,0,0.47,0.31,4,26,1.96,0,1,0.19,0,0.4,0.19,4,26,1.96,0,2,0.69,1,0.62,1.15,4,26,1.96,19,620,180,64,220,4.00E+07,2,26,2,3,6,3.23,3,1.45,52.38,5,26,1.96,1,45,14.58,6.5,16.38,17528.58,3,26,1.96,Phae
10,700,190,57,240,5.40E+07,2,30,2,2,27,7.73,3,8.81,2906.73,3,30,1.96,0,1,0.067,0,0.254,0.067,2,30,1.956,0,0,0,0,0,0,0,30,1.96,0,3,0.93,1,0.94,3.73,6,30,1.96,42,980,290,120,330,1.50E+08,1,30,2,4,10,4.77,4.5,2.47,197.97,8,30,1.96,1,43,12.5,4,15.06,13337.9,6,30,1.96,Phae
10,1400,420,130,520,5.20E+08,2,34,2,2,14,5.56,3,4.76,616.85,5,34,1.96,0,1,0.21,0,0.41,0.21,4,34,1.96,0,1,0.12,0,0.33,0.12,2,34,1.96,0.9,8,2.82,2,2.82,101.65,8,34,1.96,43,1100,390,200,410,3.00E+08,2,34,2,3,12,6.29,6,3.67,499.35,4,34,1.96,3.8,140,55,32,55,730000,3,34,2,Phae
141.8,277,164.15,167.5,58.78,6019958.44,6,104,1.96,34,109,46.66,46,25.63,206706.51,11,104,1.96,1,1,0.98,1,0.14,0.98,2,104,1.96,0,1,0.53,1,0.5,0.53,12,104,1.96,16,30,17.96,18.5,5.63,7354.81,13,104,1.96,2100,3400,2300,2500,830,1.70E+10,10,100,2,40,58,40.12,42,11.95,79114.12,21,104,1.96,690,1000,740,790,230,4.90E+08,8,100,2,Skel
123.2,287,157.4,154.5,69.94,6112917.62,9,162,1.96,33,224,75.8,61,60.56,1500136.54,14,162,1.96,1,1,0.74,1,0.44,0.74,12,162,1.96,0,1,0.4,0,0.49,0.4,12,162,1.96,1,30,10.4,5.5,9.9,4475.14,23,162,1.96,1600,4200,2500,2200,1300,2.80E+10,21,160,2,13.3,59,28.15,24.5,18.22,50845.15,28,162,1.96,35,1200,450,280,430,3.60E+08,13,160,2,Skel
71.7,189,95.38,92,41.04,1379270.72,12,140,1.96,26.7,67,32.88,32,14.1,55196.11,16,140,1.96,1,1,0.74,1,0.44,0.74,6,140,1.96,0.7,1,0.7,1,0.46,0.7,6,140,1.96,10,19,12.45,12,4.16,2532.79,29,140,1.96,1000,1500,1100,1200,320,1.60E+09,12,140,2,26,46,29.16,30,8.28,30222.57,26,140,1.96,460,850,530,510,160,1.90E+08,15,140,2,Skel
114.3,260,127.27,135,58.95,3294757.27,4,82,1.96,23,96,33.16,27,22.51,98133.23,11,82,1.96,1,2,1.01,1,0.37,1.45,4,82,1.96,0,1,0.54,1,0.5,0.54,8,82,1.96,19.3,35,22.52,23.5,9.95,17346.94,15,82,1.96,1600,2700,1800,2100,770,8.00E+09,7,82,2,45.3,89,50.34,56,21.69,191402.2,8,82,1.96,800,2000,1000,950,520,1.80E+09,4,82,2,Skel
113.8,297,158,178,75.72,6505311.16,8,124,1.96,34,117,49.93,49,24.28,220632.33,12,124,1.96,1,1,0.85,1,0.35,0.85,6,124,1.96,0,1,0.65,1,0.48,0.65,8,124,1.96,1,29,7.4,2,9.07,3079.49,12,124,1.96,1900,4200,2400,2500,1000,2.10E+10,14,120,2,12,66,24.03,17,17.91,42185.84,17,124,1.96,49,1300,300,68,390,2.40E+08,6,120,2,Skel
92.5,212,112.16,113,43.44,2007769.52,15,186,1.96,35.5,103,49.14,46.5,24.84,211418.62,12,186,1.96,1,1,0.84,1,0.36,0.84,6,186,1.96,1,1,0.71,1,0.46,0.71,8,186,1.96,10,24,12.13,12,5.57,2861.61,31,186,1.96,1200,2300,1400,1500,540,4.20E+09,13,190,2,23.5,46,26.99,30,10.44,27606.38,22,186,1.96,430,880,510,530,220,2.00E+08,13,190,2,Skel
86.3,260,111.98,105.5,54.52,2494894.04,7,112,1.96,26,81,32.62,30,17.81,70322.73,13,112,1.96,0,1,0.39,0,0.49,0.39,10,112,1.96,0,1,0.44,0,0.5,0.44,12,112,1.96,12,24,14.18,15,5.77,4133.5,21,112,1.96,990,1600,1100,1200,370,1.70E+09,9,110,2,28,47,30.38,32,9.69,35548.98,17,112,1.96,450,950,550,570,210,2.40E+08,11,110,2,Skel
114.9,188,128.63,156.5,60.87,3322450.93,5,60,1.96,22.7,53,30.28,34.5,16.71,50269.88,6,60,1.96,0,1,0.67,1,0.48,0.67,4,60,1.96,0,1,0.37,0,0.49,0.37,6,60,1.96,2,30,11.73,9.5,10.13,5393.93,10,60,1.96,1100,3000,1600,1800,890,7.30E+09,3,60,2,11,50,25.6,22,17.7,40805.7,9,60,1.96,67,1000,440,330,390,3.00E+08,2,60,2,Skel
84.9,157,100.37,108,36.14,1360744.54,6,104,1.96,24,46,29.12,30.5,11.45,35059.48,9,104,1.96,0.9,1,0.7,1,0.46,0.7,6,104,1.96,0,1,0.55,1,0.5,0.55,10,104,1.96,8,18,10.38,10,4.18,1632.46,17,104,1.96,880,1700,1000,1100,370,1.40E+09,8,100,2,20,43,25.8,27,9.89,24368.2,10,104,1.96,340,750,440,450,190,1.20E+08,9,100,2,Skel
130,580,190,140,140,2.10E+07,7,86,2,38,160,54.1,48,39.25,478949.83,12,86,1.96,1,2,0.92,1,0.56,1.62,6,86,1.96,0,1,0.56,1,0.5,0.56,8,86,1.96,14.5,58,22.52,20,15.95,30662.08,12,86,1.96,1900,4200,2400,2400,1300,2.40E+10,6,86,2,31.5,129,50.59,43,34.28,330161.87,7,86,1.96,710,3100,1100,830,840,4.00E+09,5,86,2,Skel
94,174,105.6,114,40.58,1633535.3,10,106,1.96,36,79,47.13,50,21.59,164371.23,8,106,1.96,1,1,0.98,1,0.14,0.98,2,106,1.96,0,1,0.67,1,0.47,0.67,8,106,1.96,12,26,14.62,14,5.97,4586.57,22,106,1.96,1100,1900,1300,1400,480,2.80E+09,11,110,2,28.5,43,30.37,33,10.17,35905.39,18,106,1.96,590,850,600,650,210,2.80E+08,11,110,2,Skel
137.5,284,162.14,152.5,62.1,6038979.31,16,176,1.96,36,73,43.35,44,17.86,119977.73,21,176,1.96,1,2,0.98,1,0.28,1.15,6,176,1.96,0,1,0.67,1,0.47,0.67,6,176,1.96,17,42,20.93,19,9.35,14783.52,31,176,1.96,1600,4000,2100,2000,1000,1.60E+10,15,180,2,33.5,78,41.72,39,16.54,106820.58,28,176,1.96,640,1700,880,820,410,1.10E+09,17,180,2,Skel
230,560,320,330,150,5.20E+07,13,220,2,59,236,102.24,99.5,64.3,2399825.94,22,220,1.96,1,4,1.57,1,0.86,8.17,20,220,1.96,1,2,1.01,1,0.58,2.05,12,220,1.96,25.7,112,37.85,33,23.35,131938.64,31,220,1.96,2000,4200,2900,3500,1300,3.90E+10,20,220,2,58,259,83.62,80,50.74,1426861.15,24,220,1.96,1400,4000,1800,1600,1000,1.30E+10,13,220,2,Skel
105.1,244,129.17,128.5,46.03,3002916.21,12,138,1.96,25.1,84,36.14,30,19.06,93248.44,19,138,1.96,1,1,0.92,1,0.27,0.92,4,138,1.96,0,1,0.69,1,0.46,0.69,8,138,1.96,12,21,14.83,16,4.23,3996.57,32,138,1.96,1100,3100,1500,1400,610,4.90E+09,14,140,2,28,48,32.15,33,8.61,39899.41,25,138,1.96,510,980,640,620,210,3.40E+08,12,140,2,Skel
109.7,257,131.15,131.5,44.01,3010538.15,15,190,1.96,28,79,33.36,32,14.03,59418.99,18,190,1.96,1,1,0.97,1,0.16,0.97,4,190,1.96,1,1,0.81,1,0.4,0.81,16,190,1.96,10,22,11.95,12,4.25,2355.9,35,190,1.96,1200,1800,1300,1400,310,2.60E+09,19,190,2,21,50,25.88,25,9.29,24089.79,23,190,1.96,410,980,510,510,180,1.80E+08,14,190,2,Skel
94.3,214,108.79,110.5,41.52,1819254.01,12,162,1.96,25,59,31.28,31,11.95,43577.47,18,162,1.96,1,1,0.9,1,0.31,0.9,4,162,1.96,0,1,0.6,1,0.49,0.6,12,162,1.96,10.3,22,12.32,13,5.78,2991.8,26,162,1.96,990,1500,1100,1100,320,1.50E+09,16,160,2,21,47,25.83,28,11.46,26578.57,21,162,1.96,430,850,500,560,250,2.10E+08,13,160,2,Skel
75.5,347,120.36,97,77.99,4405328.52,12,186,1.96,44,101,57.04,60.5,24.94,287607.62,14,186,1.96,1,1,0.91,1,0.29,0.91,4,186,1.96,1,1,0.95,1,0.23,0.95,8,186,1.96,7.5,28,13.39,15,7.95,4805.61,27,186,1.96,1800,4000,2200,2300,1000,1.80E+10,12,190,2,21,54,31.81,36,14.61,51234.94,18,186,1.96,310,1100,570,710,340,3.70E+08,11,190,2,Skel
96,187,113.06,120,40.77,1956540.68,13,130,1.96,47,121,61.46,58.5,32.11,419193.12,11,130,1.96,1,1,0.92,1,0.28,0.92,4,130,1.96,1,1,0.76,1,0.43,0.76,8,130,1.96,19,30,18.85,20,6.84,8988.52,20,130,1.96,1500,2600,1600,1700,630,5.90E+09,11,130,2,38,50,36.1,40,12.25,60298.53,23,130,1.96,760,1100,760,840,260,5.70E+08,12,130,2,Skel
139.9,236,137.1,150,56.45,3689818.84,10,92,1.96,30.3,63,34.46,37,16.01,65229.61,12,92,1.96,0,1,0.48,0,0.5,0.48,8,92,1.96,0,1,0.51,1,0.5,0.51,4,92,1.96,12,20,11.78,13,4.43,2215.41,23,92,1.96,1200,1800,1200,1300,470,2.40E+09,7,92,2,24,32,23.36,26,8.73,17085.14,14,92,1.96,470,570,430,500,160,1.00E+08,10,92,2,Skel
112,164,120.16,127,38.11,2169676.74,17,152,1.96,46,100,53.4,56,23,231367.41,12,152,1.96,1,2,0.99,1,0.14,1.03,3,152,1.96,0,1,0.53,1,0.5,0.53,12,152,1.96,15,30,17.33,17.5,6.28,7140.2,30,152,1.96,1800,3700,1900,2000,770,1.10E+10,10,150,2,30,54,34.26,34,10.83,51156.39,25,152,1.96,640,1200,720,740,250,5.00E+08,10,150,2,Skel
88.1,266,128.47,134,70.92,4021363.04,8,130,1.96,23,83,32.33,28.5,18.43,72815.98,14,130,1.96,0.7,1,0.7,1,0.46,0.7,4,130,1.96,0,2,0.75,1,0.55,1.07,8,130,1.96,1,29,11.64,11.5,10.19,5339.73,15,130,1.96,1200,4000,1600,1500,930,9.30E+09,9,130,2,17,52,27.29,26.5,16.45,41965.4,24,130,1.96,58,1000,460,520,380,3.00E+08,13,130,2,Skel
100,470,230,260,150,2.60E+07,5,100,2,57.1,288,123.89,127,85.47,4642441.25,6,100,1.96,0.7,1,0.7,1,0.46,0.7,8,100,1.96,0,1,0.55,1,0.5,0.55,8,100,1.96,3,26,9.83,7.5,8.38,3298.97,21,100,1.96,2100,4200,3000,4100,1600,4.40E+10,8,100,2,11.7,59,30.06,32,19.93,61953,11,100,1.96,150,1100,380,320,330,1.90E+08,6,100,2,Skel
65.3,171,84.59,84.5,37.96,970590.34,10,142,1.96,33,119,50.77,47.5,27.5,255194.73,6,142,1.96,1,2,1,1,0.17,1.08,4,142,1.96,1,1,0.73,1,0.45,0.73,10,142,1.96,10,21,11.53,11,5.36,2473.89,23,142,1.96,890,2100,1200,1300,500,2.60E+09,9,140,2,19,46,24.52,25,10.1,21951.1,19,142,1.96,350,810,460,470,210,1.50E+08,11,140,2,Skel
68,241,97.22,105,59.32,2006589.31,6,86,1.96,28,68,38.52,44,19.38,96396.5,9,86,1.96,0.5,1,0.7,1,0.46,0.7,4,86,1.96,0,1,0.69,1,0.47,0.69,6,86,1.96,2,22,11.06,14,7.8,3259.5,10,86,1.96,1200,3000,1600,1700,850,7.30E+09,6,86,2,10,45,24.65,31,14.18,28572.86,11,86,1.96,86,850,450,580,330,2.30E+08,6,86,2,Skel
43,208,75.65,64,48.89,1105031.09,6,116,1.96,26,70,37.71,34,18.55,92838.83,13,116,1.96,0,1,0.61,1,0.49,0.61,4,116,1.96,0,1,0.55,1,0.5,0.55,4,116,1.96,1,16,3.3,1,4.74,418.49,16,116,1.96,1100,2900,1600,1500,820,7.30E+09,9,120,2,5,36,10.75,8,9.76,5545.44,21,116,1.96,8.5,650,140,28,210,3.40E+07,7,120,2,Skel
60,155,79.69,79.5,32.27,754410.6,18,242,1.96,31.3,79,40.6,40.5,16.18,97706.07,22,242,1.96,0,1,0.58,1,0.49,0.58,20,242,1.96,0,1,0.46,0,0.5,0.46,20,242,1.96,8,20,9.67,10,4.79,1522.17,36,242,1.96,1100,2200,1300,1400,450,2.80E+09,21,240,2,18,44,23.01,24,10.07,18934.36,29,242,1.96,320,750,410,430,190,1.10E+08,23,240,2,Skel
103,496,151.71,132,98.05,9321275.46,12,190,1.96,23,83,32.73,28,17.28,67827.01,21,190,1.96,1,1,0.82,1,0.38,0.82,2,190,1.96,1,1,0.8,1,0.4,0.8,12,190,1.96,9.7,28,12.21,13,5.98,3170.42,27,190,1.96,1300,3300,1600,1600,690,6.50E+09,15,190,2,20,62,25.56,27,12.62,29304.81,19,190,1.96,370,1300,510,530,270,2.50E+08,15,190,2,Skel
160,380,200,220,99,1.30E+07,8,110,2,34.5,81,45.04,46.5,23.19,160463.87,11,106,1.96,1,2,1.45,2,0.63,4.62,6,106,1.96,1,2,0.85,1,0.53,1.3,8,106,1.96,24.5,63,37.42,47,20.1,93021.46,14,106,1.96,1800,4200,2500,2600,1400,2.80E+10,9,110,2,52,140,78.15,94,40.73,836169.89,8,106,1.96,1200,3300,1900,2400,1000,1.20E+10,7,110,2,Skel
83.6,188,118.94,153,67.54,3066880.2,6,65,1.96,15.6,53,28.14,32,17.7,46404.17,8,65,1.96,0,1,0.62,1,0.49,0.62,4,65,1.96,0,1,0.4,0,0.49,0.4,8,65,1.96,1.2,30,10.85,7,10.21,4979.03,10,65,1.96,810,3000,1500,1700,950,6.70E+09,4,65,2,10,50,23.78,19,18.14,37667.78,11,65,1.96,53,1000,410,250,390,2.70E+08,3,65,2,Skel
84.1,241,111.83,110.5,51.51,2324544.47,11,148,1.96,28,56,31.25,33,11.22,41252.83,19,148,1.96,1,1,0.82,1,0.39,0.82,10,148,1.96,0,1,0.57,1,0.5,0.57,10,148,1.96,5.1,20,7.74,8,4.55,971.02,24,148,1.96,850,1900,1000,980,400,1.50E+09,12,150,2,14,34,18.86,20,8.66,10720.51,22,148,1.96,220,620,300,320,170,5.10E+07,13,150,2,Skel
76,223,96.53,94,41.87,1427970.35,22,322,1.96,42,108,48.78,48,17.91,164323.06,37,322,1.96,1,2,1,1,0.12,1.06,4,322,1.96,1,1,0.71,1,0.45,0.71,28,322,1.96,11,30,13.6,14,5.31,3635.86,39,322,1.96,1600,3500,1800,1900,640,8.30E+09,28,320,2,24.3,52,29.98,31,10.17,35768.24,34,322,1.96,460,900,580,600,210,2.70E+08,24,320,2,Skel
35,208,97.38,114,65.17,2124295.88,10,96,1.96,21,50,28.81,29,12.97,38093.69,12,96,1.96,0,1,0.48,0,0.5,0.48,2,96,1.96,0,1,0.57,1,0.5,0.57,10,96,1.96,1,21,8.25,8,7.33,1984.56,15,96,1.96,910,2000,1100,1100,460,2.10E+09,6,96,2,7,49,20.01,20,14.96,23159.76,21,96,1.96,17,950,320,310,310,1.40E+08,10,96,2,Skel
53.6,152,91.01,111.5,47.91,1324172.99,13,152,1.96,31.3,72,39.77,40,17.12,96394.2,9,152,1.96,1,1,0.77,1,0.42,0.77,12,152,1.96,0,1,0.64,1,0.48,0.64,12,152,1.96,9,26,12.3,13,7.33,3733.8,23,152,1.96,1000,2300,1300,1300,500,3.00E+09,10,150,2,23,48,26.94,31.5,13.15,31947.34,23,152,1.96,410,880,510,610,290,2.40E+08,13,150,2,Skel
62.3,173,80.92,83.5,47.79,1062203.46,4,78,1.96,38.6,159,66.36,65.5,44.36,707087.36,3,78,1.96,1,1,0.73,1,0.45,0.73,8,78,1.96,0,1,0.37,0,0.49,0.37,8,78,1.96,7,21,9.68,10,5.29,1697.53,10,78,1.96,1100,2300,1500,1800,740,5.10E+09,6,78,2,18.1,41,21.92,24,10.92,17742.62,12,78,1.96,250,720,370,410,210,9.50E+07,6,78,2,Skel
150,650,240,200,150,3.50E+07,15,220,2,44,168,70.69,62,40.06,722622.7,24,218,1.96,1,2,0.84,1,0.51,1.2,10,218,1.96,0,1,0.6,1,0.49,0.6,10,218,1.96,14,52,19.13,19,13.59,19191.09,30,218,1.96,1800,4200,2500,2700,1100,2.50E+10,24,220,2,32,116,45.26,44,26.67,201733.28,34,218,1.96,580,2800,920,820,700,2.40E+09,15,220,2,Skel
75,160,89.87,87,33.52,1019152.14,13,156,1.96,28,66,37.37,37,16.4,81593.22,11,156,1.96,1,1,0.76,1,0.43,0.76,10,156,1.96,0,1,0.63,1,0.48,0.63,14,156,1.96,9,22,11.08,12,5.12,2181.12,24,156,1.96,960,1800,1100,1100,420,1.80E+09,12,160,2,20.5,44,23.55,26,9.01,18303.55,21,156,1.96,380,700,450,500,190,1.40E+08,12,160,2,Skel
128,266,145.64,143,61.94,4707751.81,15,218,1.96,34,80,39.77,40,15.59,91228.01,32,218,1.96,1,1,0.94,1,0.25,0.94,8,218,1.96,1,1,0.77,1,0.42,0.77,14,218,1.96,12,32,14.62,14,7.48,5558.21,34,218,1.96,1500,2500,1600,1600,500,5.20E+09,16,220,2,23,56,28.85,28,12.01,36508,29,218,1.96,490,1200,600,590,300,3.80E+08,16,220,2,Skel
78.7,204,109.56,117,56.95,2322652.08,7,100,1.96,31,98,41.25,38,23.7,145747.53,12,100,1.96,0,1,0.52,1,0.5,0.52,8,100,1.96,0,1,0.58,1,0.5,0.58,2,100,1.96,12,19,12.88,14,4.76,2874.64,20,100,1.96,1200,2300,1300,1300,570,3.40E+09,9,100,2,23,38,24.66,27,8.92,19908.78,18,100,1.96,480,690,490,530,170,1.50E+08,9,100,2,Skel
140,400,210,230,130,1.90E+07,5,92,2,83.7,230,112.07,124.5,66.28,2802957.48,6,92,1.96,0,1,0.6,1,0.49,0.6,2,92,1.96,0,1,0.54,1,0.5,0.54,6,92,1.96,1,26,6.57,3.5,7.33,1756.67,13,92,1.96,2900,4200,3100,4100,1500,4.80E+10,7,92,2,10,58,20.29,16,15.24,25448.16,14,92,1.96,25,1100,270,110,330,1.50E+08,6,92,2,Skel
68,157,84.88,82,33.06,897095.52,11,146,1.96,34,101,48.53,40,27.26,228356.5,10,146,1.96,0,1,0.58,1,0.49,0.58,12,146,1.96,0,1,0.48,0,0.5,0.48,10,146,1.96,10,30,13.53,13,6.15,4093.03,19,146,1.96,990,2000,1200,1300,470,2.60E+09,13,150,2,20,48,26.08,26,10.03,25483.42,21,146,1.96,380,1100,510,500,240,2.30E+08,12,150,2,Skel
86,400,160,140,120,1.10E+07,12,160,2,36,220,82.35,49,68.42,1957293.19,15,160,1.96,0,1,0.68,1,0.47,0.68,8,160,1.96,0,1,0.44,0,0.5,0.44,12,160,1.96,2,33,13.09,15,11.46,7640.89,23,160,1.96,1400,4200,2300,1900,1400,2.50E+10,13,160,2,13,70,30.31,33.5,21.41,70372.21,27,160,1.96,50,1200,510,540,460,4.60E+08,20,160,2,Skel
62,355,100.36,69.5,85.86,4238918.27,8,86,1.96,30,124,50.8,44,32.83,312521.03,5,86,1.96,0,1,0.34,0,0.48,0.34,6,86,1.96,0,1,0.29,0,0.46,0.29,8,86,1.96,1,15,3.73,1,4.93,475.57,15,86,1.96,1200,2600,1400,1500,650,4.70E+09,2,86,2,5,32,12.37,9,9.54,5842.77,16,86,1.96,6,540,120,12,190,2.40E+07,12,86,2,Skel
81,242,107.94,118,54.54,2218903.2,6,124,1.96,28.9,52,32.2,32,12.85,47385.36,16,124,1.96,1,1,0.81,1,0.4,0.81,8,124,1.96,0,1,0.55,1,0.5,0.55,10,124,1.96,8,21,11.63,12,5.67,2663.53,19,124,1.96,920,2000,1100,1100,490,2.20E+09,9,120,2,17,41,23.26,24,10.68,20173.97,15,124,1.96,310,810,440,490,230,1.50E+08,7,120,2,Skel
44.7,120,62.76,70.5,33.85,446782.54,7,74,1.96,32,81,40.07,38,23.8,131363.45,10,74,1.96,1,1,0.89,1,0.31,0.89,4,74,1.96,0,1,0.42,0,0.5,0.42,8,74,1.96,11,25,13.86,14,6.71,4407.32,11,74,1.96,980,2200,1300,1500,630,3.30E+09,4,74,2,28.9,43,30.36,32,11.02,37385.47,11,74,1.96,470,870,540,540,240,2.30E+08,6,74,2,Skel
50,144,80.19,91,44.54,958700.46,10,111,1.96,26,68,33.45,34,17.38,67721.72,10,111,1.96,0,1,0.54,1,0.5,0.54,8,111,1.96,0,1,0.43,0,0.5,0.43,10,111,1.96,4,20,9.11,10,6.48,1833.16,15,111,1.96,860,1700,1100,1200,460,1.80E+09,10,110,2,14,38,19.93,23,11.82,15607.01,17,111,1.96,200,830,350,390,250,1.10E+08,14,110,2,Skel
106.5,299,142.79,137,81.88,5815734.29,3,56,1.96,23,64,31.64,34.5,18.04,61777.96,6,56,1.96,1,1,0.93,1,0.26,0.93,4,56,1.96,1,1,0.79,1,0.41,0.79,6,56,1.96,2,35,10.07,4,11.65,6676.5,9,56,1.96,1100,3600,1700,1600,1100,1.00E+10,2,56,2,10,68,23.39,14,22.06,54761.82,6,56,1.96,24,1300,340,71,450,3.30E+08,4,56,2,Skel
104.1,162,109.15,119,38.58,1706000.38,7,78,1.96,23.1,104,40.64,34,27.75,180252.79,10,78,1.96,1,1,0.94,1,0.25,0.94,4,78,1.96,0,1,0.63,1,0.49,0.63,8,78,1.96,13,21,14.19,15,4.44,3578.19,16,78,1.96,910,1600,1100,1100,320,1.50E+09,6,78,2,26,41,27.86,29,9.17,27733.55,9,78,1.96,520,760,530,580,180,1.90E+08,7,78,2,Skel
52.3,156,70.02,75,38.77,651011.96,9,102,1.96,24,73,37.01,38,19.96,92837.42,11,102,1.96,0,1,0.62,1,0.49,0.62,10,102,1.96,0,1,0.58,1,0.5,0.58,10,102,1.96,8,17,9.34,10,4.48,1313.87,22,102,1.96,650,1400,830,950,380,8.80E+08,7,100,2,14.3,33,19.26,20.5,9.07,11522.5,13,102,1.96,280,600,340,370,170,6.80E+07,9,100,2,Skel
95,530,180,140,130,1.70E+07,10,180,2,41.9,278,79.28,54,63.92,1840008.01,14,184,1.96,1,2,0.84,1,0.55,1.33,6,184,1.96,1,1,0.73,1,0.45,0.73,16,184,1.96,2.9,47,13.48,8.5,13.15,11115.79,25,184,1.96,1600,4300,2400,2000,1400,2.80E+10,15,180,2,14,101,32.99,25,26.93,125578.27,26,184,1.96,90,2100,580,350,600,1.00E+09,12,180,2,Skel
72.5,314,156.16,163.5,107.1,8972834.3,4,56,1.96,19.5,80,42.36,50,27.72,167265.46,4,56,1.96,0,2,0.61,0,0.73,1.46,4,56,1.96,0,1,0.46,0,0.5,0.46,2,56,1.96,2.5,60,22.62,16,21.43,46659.88,7,56,1.96,960,3600,2100,2600,1300,1.90E+10,4,56,2,9.5,130,50,37,44,440000,5,56,2,150,2700,1000,730,980,4.50E+09,1,56,2,Skel
100,274,120.89,119,49.57,2720107.22,18,218,1.96,30,75,37.71,37,15.4,80713.16,25,218,1.96,1,2,0.99,1,0.27,1.18,4,218,1.96,1,2,0.92,1,0.29,0.94,9,218,1.96,8.1,32,15.28,17,9.51,7513.38,32,218,1.96,1700,3500,1900,2000,650,9.00E+09,16,220,2,19.2,62,31.91,36,17.39,60257.49,36,218,1.96,350,1400,620,700,410,5.30E+08,18,220,2,Skel
113.5,192,127,137,46.57,2759075.38,10,96,1.96,28.5,78,37.97,37.5,19.96,101175.22,11,96,1.96,1,1,0.97,1,0.17,0.97,2,96,1.96,1,1,0.9,1,0.31,0.9,4,96,1.96,15,30,17.12,17,6.92,7317.31,16,96,1.96,1500,2200,1600,1800,600,5.40E+09,5,96,2,28,54,34.05,33,12.61,54479.68,17,96,1.96,620,1200,710,660,280,5.20E+08,11,96,2,Skel
97.9,243,140.5,138.5,69.48,4653750.59,11,132,1.96,47,194,69.63,56,49.76,981189.72,14,132,1.96,1,2,0.88,1,0.68,1.92,5,132,1.96,0,1,0.63,1,0.48,0.63,6,132,1.96,1,35,6.83,1,10.77,4532.33,12,132,1.96,2200,4200,2700,2800,1200,3.10E+10,12,130,2,9,65,19.52,10.5,18.49,35750.39,28,132,1.96,12,1300,260,23,430,2.70E+08,22,130,2,Skel
54,212,102.46,106,65.96,2349879.29,4,70,1.96,23,58,29.31,30,16.05,46628.74,7,70,1.96,1,1,0.79,1,0.41,0.79,4,70,1.96,0,1,0.57,1,0.5,0.57,6,70,1.96,4.7,20,10.73,13,7.11,2715.27,12,70,1.96,1200,2400,1300,1400,660,3.70E+09,5,70,2,11.7,46,24.41,32.5,14.22,28142.9,11,70,1.96,170,760,430,550,280,1.70E+08,5,70,2,Skel
41,241,84.31,59.5,60.17,1653255.41,12,116,1.96,44,116,56.29,58.5,29.05,316261,11,116,1.96,0,1,0.63,1,0.49,0.63,4,116,1.96,0,1,0.5,0.5,0.5,0.5,10,116,1.96,1,23,8.53,8,7.95,2333.12,13,116,1.96,1400,2600,1500,1600,650,5.10E+09,8,120,2,6,40,17.6,13.5,12.25,13737.79,22,116,1.96,10,710,290,260,270,9.30E+07,14,120,2,Skel
113,192,119.35,126,37.41,2135394.58,14,172,1.96,26,91,39.91,33.5,20.99,119714.48,18,172,1.96,1,1,0.95,1,0.21,0.95,8,172,1.96,0,1,0.69,1,0.46,0.69,16,172,1.96,12,26,15.05,15,5.76,4799.95,33,172,1.96,1300,3000,1500,1500,540,4.70E+09,12,170,2,27.3,46,30.8,31.5,9.67,36928.43,26,172,1.96,550,980,640,660,240,3.60E+08,15,170,2,Skel
62.3,265,91.81,87.5,58.67,1902945.81,7,102,1.96,34,134,46.59,46,29.45,247018.94,13,102,1.96,0,1,0.38,0,0.49,0.38,6,102,1.96,0,1,0.16,0,0.37,0.16,4,102,1.96,1,24,4.75,1,7.23,1424.04,10,102,1.96,1400,3100,1600,1600,750,6.20E+09,7,100,2,6,50,14.71,8,14.77,16625.24,16,102,1.96,13,850,180,20,290,8.50E+07,13,100,2,Skel
125.3,195,132.03,150.5,56.67,3350449,8,80,1.96,27.7,47,30.19,33,13.22,41022.34,11,80,1.96,0,1,0.57,1,0.5,0.57,8,80,1.96,0,1,0.34,0,0.48,0.34,8,80,1.96,10,19,11.3,12,4.81,2133.95,17,80,1.96,1100,1700,1200,1400,490,2.20E+09,6,80,2,20.7,34,22.36,24,8.66,15457.29,12,80,1.96,400,620,420,470,170,1.00E+08,5,80,2,Skel
157.2,262,167.09,184,61.86,6309350.95,7,98,1.96,30,115,43.32,35,27.21,194825.91,9,98,1.96,1,1,0.84,1,0.37,0.84,4,98,1.96,0,1,0.64,1,0.48,0.64,4,98,1.96,21,38,22.97,24,8.77,16682.52,18,98,1.96,2000,4000,2300,2600,1100,2.00E+10,6,98,2,46,80,48.65,50,16.76,151589.37,14,98,1.96,980,1600,990,1000,370,1.30E+09,8,98,2,Skel
50.5,170,86.84,89.5,54.89,1411680.53,6,86,1.96,37.5,111,50.35,49,29.49,260658.74,4,86,1.96,1,1,0.9,1,0.31,0.9,4,86,1.96,0,1,0.53,1,0.5,0.53,12,86,1.96,3,20,9.29,10,6.62,1968.22,16,86,1.96,1000,1800,1100,1300,550,2.30E+09,8,86,2,7,38,19.94,25,11.91,15855.83,16,86,1.96,84,680,340,420,250,1.00E+08,11,86,2,Skel
106,205,116.08,122,44.9,2189450.28,16,148,1.96,42,101,52.05,51,24.46,231387.2,12,148,1.96,0,1,0.68,1,0.47,0.68,4,148,1.96,0,1,0.66,1,0.47,0.66,4,148,1.96,12,20,13.63,15,4.66,3284.56,26,148,1.96,1500,3500,1700,1800,730,7.80E+09,10,150,2,30,41,29.3,32,8.98,31034.51,27,148,1.96,570,760,570,620,170,2.20E+08,14,150,2,Skel
86.1,282,127.72,113,66.88,3924064.83,6,120,1.96,26,79,34.66,34,17.06,74483.41,11,120,1.96,0,1,0.48,0,0.5,0.48,10,120,1.96,0,1,0.31,0,0.46,0.31,10,120,1.96,1,27,3.68,1,7.01,1400.58,9,120,1.96,1200,3100,1700,1700,800,8.10E+09,4,120,2,8,56,13.24,9,12.42,12361.14,24,120,1.96,13,1100,130,20,280,8.60E+07,14,120,2,Skel
90,322,140.43,144,77.34,5345847.24,9,162,1.96,26.3,107,47.43,38,29.33,244416.09,11,162,1.96,0,1,0.68,1,0.47,0.68,8,162,1.96,0,1,0.65,1,0.48,0.65,12,162,1.96,2,40,10.48,4,11.89,7444.44,23,162,1.96,1300,4200,2200,1800,1200,2.00E+10,9,160,2,9,92,25.5,15,23.7,76100.31,20,162,1.96,40,1700,420,180,480,4.90E+08,7,160,2,Skel
80.3,152,84.42,96,38.64,929630.67,5,72,1.96,27,57,32.69,38,15.88,56891.53,11,72,1.96,0,1,0.68,1,0.47,0.68,6,72,1.96,0,1,0.19,0,0.4,0.19,4,72,1.96,9.3,22,12.32,14,6.19,3158.24,10,72,1.96,1100,1700,1100,1300,490,2.10E+09,6,72,2,25.3,52,29.78,31.5,14.05,42330.28,10,72,1.96,440,870,530,610,250,2.40E+08,5,72,2,Skel
160,330,200,220,84,1.20E+07,9,130,2,49,109,59.45,63,26.61,325921.28,13,128,1.96,1,2,1.25,1,0.47,2.84,8,128,1.96,1,1,0.73,1,0.44,0.73,4,128,1.96,23,55,27.96,27,13.11,35627.13,17,128,1.96,1900,3400,2200,2400,920,1.60E+10,13,130,2,44.1,109,58.14,61.5,26.67,316173.67,16,128,1.96,1000,2700,1400,1300,690,4.40E+09,8,130,2,Skel
133.3,243,144.66,158.5,61.01,4395435.73,6,92,1.96,34,75,40.12,40,21.36,115916.82,13,92,1.96,1,1,0.93,1,0.25,0.93,4,92,1.96,0,1,0.53,1,0.5,0.53,8,92,1.96,11,24,12.97,14,6.1,3482.92,11,92,1.96,1200,2300,1300,1400,610,3.50E+09,7,92,2,25.3,46,29.27,30.5,11.77,35655.71,15,92,1.96,470,1000,550,590,260,2.70E+08,4,92,2,Skel
96,209,121.69,120,47.75,2604471.52,9,118,1.96,23,94,45.53,44.5,26.16,189593.92,12,118,1.96,1,1,0.98,1,0.13,0.98,2,118,1.96,1,1,0.75,1,0.43,0.75,12,118,1.96,14,34,19.12,22,9.37,11583.05,16,118,1.96,1600,3500,2100,2200,780,1.20E+10,9,120,2,31.1,67,39.28,46,17.72,93851.87,15,118,1.96,640,1300,790,930,380,8.00E+08,8,120,2,Skel
126.7,298,153.86,161.5,63.53,5368652.46,16,180,1.96,33,124,49.56,40,28.59,261974.06,19,180,1.96,1,1,0.9,1,0.3,0.9,6,180,1.96,1,1,0.87,1,0.34,0.87,12,180,1.96,12,25,14.32,15,6.22,4396.58,42,180,1.96,1500,4200,1900,1600,840,1.10E+10,16,180,2,23,50,29.83,32,12.62,39423.46,37,180,1.96,490,1000,610,670,290,3.70E+08,16,180,2,Skel
106.4,303,143.86,134,72.47,5298173.26,7,110,1.96,28.7,73,40.75,39.5,19.13,111505.7,7,110,1.96,0,2,0.71,1,0.7,1.53,3,110,1.96,0,1,0.69,1,0.46,0.69,4,110,1.96,1,41,8.48,1,13.78,8937.57,13,110,1.96,2000,3700,2300,2500,970,1.80E+10,7,110,2,6,78,20.85,10,24.7,65764.55,20,110,1.96,17,1600,340,21,590,6.70E+08,18,110,2,Skel
63,337,118.34,80,94.81,5910062.3,9,106,1.96,46,101,56.57,61.5,26.16,291470.34,13,106,1.96,1,1,0.77,1,0.42,0.77,2,106,1.96,0,1,0.54,1,0.5,0.54,8,106,1.96,1,21,4.77,1,6.25,958.66,14,106,1.96,1200,3000,1700,1900,800,8.00E+09,7,110,2,5,41,13.63,7.5,12.54,11020.18,22,106,1.96,14,640,170,46,230,4.40E+07,6,110,2,Skel
91.2,158,100.44,113,43.42,1500711.54,4,80,1.96,22,51,26.81,26,11.97,30512.96,10,80,1.96,1,1,0.81,1,0.39,0.81,6,80,1.96,0,1,0.62,1,0.49,0.62,12,80,1.96,5,22,9.64,9,6.18,2057.89,12,80,1.96,870,1700,1000,1200,440,1.60E+09,8,80,2,14,37,20.01,19,9.52,13511.69,9,80,1.96,240,740,360,340,210,9.70E+07,5,80,2,Skel
115.4,224,132.87,133,41.89,3014573.82,14,160,1.96,22,107,34.74,27.5,21.25,105704.6,13,160,1.96,1,1,0.96,1,0.21,0.96,6,160,1.96,1,1,0.74,1,0.44,0.74,12,160,1.96,12,20,13.34,14,3.57,2851.64,25,160,1.96,940,3500,1200,1100,660,4.10E+09,12,160,2,24,42,27.79,28,7.74,26240.14,25,160,1.96,490,840,540,540,140,1.90E+08,16,160,2,Skel
133,264,161.74,160.5,54.84,5594815.76,19,262,1.96,25.3,82,38.03,37,17.11,90863.97,35,262,1.96,1,1,0.96,1,0.19,0.96,6,262,1.96,0,1,0.63,1,0.48,0.63,24,262,1.96,10,27,12.27,12,5.8,3059.52,40,262,1.96,1500,3600,1700,1800,540,6.80E+09,27,260,2,20.3,51,25.2,26,9.54,22655.71,45,262,1.96,400,1000,480,500,220,1.80E+08,21,260,2,Skel
92,220,110.16,111.5,38.77,1856050.38,14,192,1.96,32,148,47.41,42,27.53,250592.72,25,192,1.96,1,1,0.88,1,0.33,0.88,10,192,1.96,1,1,0.7,1,0.46,0.7,18,192,1.96,11,22,12.8,13,4.15,2743.77,34,192,1.96,1400,4200,2000,1700,970,1.40E+10,15,190,2,22,44,27,26,8.7,25714.34,27,192,1.96,440,840,520,510,170,1.80E+08,14,190,2,Skel
160,700,290,200,170,5.30E+07,18,230,2,29,224,65.33,43,50.2,936265.3,24,232,1.96,1,3,1.34,1,0.73,4.65,8,232,1.96,1,2,1.08,1,0.53,2.16,8,232,1.96,18,90,30.95,20,22.57,87691.91,40,232,1.96,1400,4200,2300,1600,1300,2.40E+10,16,230,2,38,220,70.51,42,52.15,1071812.03,35,232,1.96,920,4000,1600,990,1100,1.20E+10,23,230,2,Skel
120,258,141.95,150,56.12,4078183.55,10,110,1.96,21,125,35.99,28.5,26.95,153679.08,11,110,1.96,1,1,0.89,1,0.31,0.89,4,110,1.96,0,1,0.57,1,0.5,0.57,16,110,1.96,16,29,17.37,18.5,6.88,7387.99,17,110,1.96,1000,2600,1200,1200,630,3.50E+09,8,110,2,30,60,33.47,33,12.24,51313.18,15,110,1.96,660,1000,700,740,250,4.60E+08,10,110,2,Skel
55.4,171,84.85,82,43.14,1102502.56,11,130,1.96,21.7,42,24.72,25,9.34,21039.25,18,130,1.96,1,1,0.9,1,0.3,0.9,4,130,1.96,0,1,0.52,1,0.5,0.52,12,130,1.96,1,32,5.34,1,8.63,2518.65,11,130,1.96,1200,2100,1300,1500,480,3.30E+09,8,130,2,7,56,16.73,10,16.67,25261.41,31,130,1.96,17,1200,210,23,360,1.70E+08,12,130,2,Skel
88.9,178,109.95,122.5,50.03,2059673.73,10,92,1.96,22.6,47,29.02,31,11.93,35707.96,9,92,1.96,1,1,0.98,1,0.15,0.98,2,92,1.96,1,1,0.84,1,0.37,0.84,8,92,1.96,10,20,11.52,13,5.71,2527.87,15,92,1.96,900,1600,1000,1100,390,1.50E+09,4,92,2,19,41,23.85,28,10.17,20219.72,14,92,1.96,350,810,450,500,230,1.50E+08,9,92,2,Skel
74,152,85.93,88.5,38.97,982224.23,12,134,1.96,37.9,101,53.22,55,26.76,260602.77,9,134,1.96,1,1,0.9,1,0.31,0.9,2,134,1.96,0,1,0.69,1,0.46,0.69,2,134,1.96,14.9,24,15.15,17,5.83,4761.15,21,134,1.96,1200,2000,1300,1500,530,3.20E+09,9,130,2,30.9,47,32.28,35,10.22,42292.25,18,134,1.96,580,880,610,660,230,3.00E+08,13,130,2,Skel
129,207,149.32,159,44.03,4089319.13,5,76,1.96,27,70,32.84,28,17.36,67562.21,11,76,1.96,1,1,0.78,1,0.42,0.78,6,76,1.96,0,1,0.64,1,0.48,0.64,8,76,1.96,11,23,13.67,14,5.42,3686.93,17,76,1.96,1300,2100,1400,1400,410,3.60E+09,9,76,2,20,42,25.68,26,9.08,22967.55,11,76,1.96,430,840,530,550,210,2.10E+08,5,76,2,Skel
143,295,164.65,169,69.78,6689078.42,17,204,1.96,46,94,57.43,61.5,23.51,277322.9,23,204,1.96,1,2,0.91,1,0.53,1.5,16,204,1.96,0,1,0.69,1,0.46,0.69,8,204,1.96,8,47,17.14,19,13.02,14178.05,31,204,1.96,2300,4000,2500,2500,1000,2.40E+10,22,200,2,17,86,38.94,41,24.6,130862.44,29,204,1.96,280,2000,740,770,610,1.30E+09,17,200,2,Skel
119,312,153.29,154.5,70.74,5840577.13,8,150,1.96,31,68,36.65,35,14.81,72479.53,20,150,1.96,1,1,0.79,1,0.41,0.79,6,150,1.96,1,1,0.72,1,0.45,0.72,8,150,1.96,10.7,26,12.61,14,6.74,3578.61,29,150,1.96,1600,3600,1900,1900,810,1.10E+10,11,150,2,25.7,46,29.43,32,11.58,36159.23,24,150,1.96,460,1100,530,590,280,2.70E+08,10,150,2,Skel
76.7,264,121.07,105.5,64.45,3374639.65,7,114,1.96,32.9,140,58.11,55.5,34.65,424532.85,5,114,1.96,0,1,0.48,0,0.5,0.48,6,114,1.96,1,1,0.73,1,0.45,0.73,6,114,1.96,1,29,9.88,5.5,10.3,4831.93,14,114,1.96,1700,3700,2100,2200,920,1.40E+10,8,110,2,11,68,25.81,15.5,19.99,52943.33,20,114,1.96,70,1200,410,210,420,3.40E+08,7,110,2,Skel
110,550,200,170,140,2.30E+07,12,220,2,60,153,76.91,76,34.99,734428.06,19,218,1.96,1,2,0.75,1,0.48,0.89,10,218,1.96,1,2,0.81,1,0.45,0.94,6,218,1.96,1,47,10.1,2,12.24,7821.19,23,218,1.96,2200,4200,2700,2600,1100,2.80E+10,17,220,2,9,90,24.72,13,21.45,59857.8,33,218,1.96,22,1900,420,98,520,5.70E+08,25,220,2,Skel
103.3,267,125.71,120,50.11,2984685.43,18,192,1.96,55,134,70.76,70,32.22,564533.94,13,192,1.96,1,1,0.84,1,0.37,0.84,6,192,1.96,0,1,0.67,1,0.47,0.67,10,192,1.96,14,24,14.16,15,5.3,3841.12,32,192,1.96,1700,4200,2000,2000,910,1.40E+10,18,190,2,30,52,31.44,33.5,11.05,40927.16,26,192,1.96,590,950,600,660,230,3.00E+08,19,190,2,Skel
190,580,310,390,180,5.80E+07,4,88,2,40,101,55.74,57.5,31.15,324919.74,7,88,1.96,1,2,1.35,1,0.71,4.28,6,88,1.96,1,2,0.94,1,0.49,1.49,5,88,1.96,32.2,75,40.74,41.5,22.77,126409.81,14,88,1.96,2100,4200,2700,3200,1400,3.40E+10,11,88,2,52.1,159,83.83,91,48.77,1157408.42,8,88,1.96,1400,3900,2000,2000,1200,1.70E+10,5,88,2,Skel
135.1,324,161.05,159.5,92.87,8214988.79,5,92,1.96,40,144,59.53,54.5,37.23,483828.12,5,92,1.96,0,1,0.54,1,0.5,0.54,2,92,1.96,0,1,0.55,1,0.5,0.55,2,92,1.96,10,37,15.09,15.5,10.19,8524.52,15,92,1.96,1900,4200,2700,2700,1400,3.30E+10,8,92,2,26,81,33.85,31.5,21.38,88097.15,12,92,1.96,400,1700,670,640,470,7.80E+08,5,92,2,Skel
72.8,276,108.04,102,69.02,2967450.99,6,82,1.96,29,112,42.95,38,29.67,212791.02,10,82,1.96,0,1,0.68,1,0.47,0.68,6,82,1.96,0,1,0.6,1,0.49,0.6,6,82,1.96,1,14,6.8,9,4.8,740.49,15,82,1.96,970,3900,1600,1500,1100,1.10E+10,4,82,2,9,31,14.66,14.5,8.15,6056.73,12,82,1.96,83,460,240,270,170,3.20E+07,7,82,2,Skel
114.1,261,135.67,130,52.3,3619419.22,9,148,1.96,31,75,39.2,38,16.3,90798,18,148,1.96,1,1,0.85,1,0.36,0.85,2,148,1.96,1,1,0.87,1,0.34,0.87,6,148,1.96,11,17,11.28,12,3.38,1760.69,34,148,1.96,1200,2400,1400,1500,500,4.00E+09,8,150,2,26,39,26.81,29,7.49,23136.74,26,148,1.96,480,650,480,520,150,1.40E+08,17,150,2,Skel
113.8,251,135.1,138.5,48.55,3395437.94,9,124,1.96,34.9,94,44.88,41,21.85,157648.72,20,124,1.96,1,1,0.98,1,0.13,0.98,2,124,1.96,1,1,0.71,1,0.46,0.71,12,124,1.96,15,27,15.6,18,7.79,6237.6,23,124,1.96,1500,2500,1600,1600,540,5.00E+09,11,120,2,28,60,30.8,34,14.52,47279.98,22,124,1.96,600,1100,630,720,330,4.30E+08,12,120,2,Skel
116.5,272,144.82,147,56.91,4412727.6,11,136,1.96,26,62,32.6,31.5,12.94,51643.5,16,136,1.96,1,1,0.99,1,0.12,0.99,2,136,1.96,1,1,0.9,1,0.3,0.9,4,136,1.96,11.5,27,13.14,14,6.49,3789.26,27,136,1.96,1300,2800,1500,1500,420,4.20E+09,12,140,2,26,45,27.65,32,12.06,31425.34,22,136,1.96,550,920,540,620,250,2.40E+08,12,140,2,Skel
137.5,294,165.42,174,68.31,6728302.67,6,86,1.96,27.5,78,38.97,37.5,19.01,102669.45,8,86,1.96,1,1,0.84,1,0.37,0.84,2,86,1.96,0,1,0.4,0,0.49,0.4,10,86,1.96,14,27,14.91,16,6.64,5076.95,15,86,1.96,1300,2400,1600,1700,560,5.40E+09,7,86,2,29,42,28.99,31,10.14,31876.78,16,86,1.96,560,880,570,640,230,2.60E+08,7,86,2,Skel
108.3,264,140.58,132,74.92,5088153.75,5,72,1.96,22,81,34.69,30.5,23.2,102664.44,8,72,1.96,1,1,0.93,1,0.26,0.93,2,72,1.96,0,1,0.38,0,0.49,0.38,6,72,1.96,6,27,12.12,12.5,8.19,4307.12,8,72,1.96,1300,2700,1400,1500,680,4.40E+09,4,72,2,17.6,62,26.35,25,15.56,38556.51,6,72,1.96,200,980,460,460,310,2.30E+08,3,72,2,Skel
91.9,243,123.05,121.5,56.78,3057264.22,13,212,1.96,25.3,50,30.61,31.5,11.07,39309.67,29,212,1.96,1,1,0.93,1,0.25,0.93,4,212,1.96,0,1,0.63,1,0.48,0.63,20,212,1.96,14,42,15.89,16,8.29,7760.42,40,212,1.96,980,2100,1200,1200,440,2.40E+09,20,210,2,28,73,32.64,32,14.2,55941.4,40,212,1.96,570,1700,660,660,330,5.40E+08,18,210,2,Skel
58,220,99.11,102,66.59,2300971.56,5,66,1.96,24.5,90,40.74,42,25.69,148421.83,5,66,1.96,0,1,0.48,0,0.5,0.48,6,66,1.96,0,1,0.42,0,0.5,0.42,8,66,1.96,1,34,7.97,1.5,10.95,5032.52,7,66,1.96,750,2800,1400,1300,860,5.40E+09,3,66,2,10.5,72,25.03,21,20.43,54819.67,10,66,1.96,24,1200,290,49,400,2.40E+08,2,66,2,Skel
138.3,218,147.43,159.5,57.78,4445056.74,8,92,1.96,33,70,41,42,20.11,113903.59,11,92,1.96,1,1,0.98,1,0.15,0.98,2,92,1.96,1,1,0.73,1,0.45,0.73,8,92,1.96,12.3,20,13.46,15,5.18,3355.78,19,92,1.96,1100,2800,1300,1200,660,4.00E+09,7,92,2,26.3,42,27.39,29,9.25,26599.7,14,92,1.96,520,880,530,560,220,2.10E+08,8,92,2,Skel
136.6,348,161.31,164,73.37,6753411.57,10,162,1.96,59.3,224,85.4,81,52.63,1443222.33,16,162,1.96,1,1,0.85,1,0.36,0.85,8,162,1.96,0,1,0.67,1,0.47,0.67,10,162,1.96,15,32,18.37,19,7.7,9223.41,26,162,1.96,1700,4200,2200,1900,1200,2.10E+10,16,160,2,30,62,37.47,40,14.73,74602.88,20,162,1.96,620,1400,790,790,350,7.70E+08,11,160,2,Skel
38,270,109.36,116,73.32,3097963.16,15,150,1.96,26,101,38.19,34.5,21.56,118432.63,17,150,1.96,1,1,0.81,1,0.39,0.81,2,150,1.96,0,1,0.63,1,0.49,0.63,12,150,1.96,1,17,6.81,7,5.5,955.53,21,150,1.96,710,4100,1300,1100,960,6.90E+09,8,150,2,7,42,17.21,16,11.67,12498.69,23,150,1.96,31,690,250,280,230,5.70E+07,12,150,2,Skel
129,335,161.99,151,68.38,6693105.06,6,80,1.96,29.7,58,32.76,32,11.91,48899.61,12,80,1.96,1,1,0.94,1,0.24,0.94,2,80,1.96,0,1,0.68,1,0.47,0.68,10,80,1.96,17,28,18.14,18,5.41,7407.29,15,80,1.96,1500,2100,1600,1600,410,4.90E+09,10,80,2,38,60,40.19,41.5,12,80169.51,11,80,1.96,760,1100,800,820,240,6.40E+08,8,80,2,Skel
78,184,103.33,113,50.18,1818385.12,7,84,1.96,29.9,80,40.08,41,21.03,115187.73,12,84,1.96,1,1,0.81,1,0.4,0.81,4,84,1.96,0,1,0.43,0,0.5,0.43,6,84,1.96,2,24,11.36,14.5,8.34,3660.14,16,84,1.96,1200,1900,1300,1500,580,3.60E+09,8,84,2,10,46,25.25,32,14.87,31863.46,15,84,1.96,73,880,450,590,340,2.40E+08,7,84,2,Skel
62,1100,440,280,410,3.20E+08,4,65,2,120,460,210,160,140,2.30E+07,4,65,2,1,3,1.62,2,1.01,9,8,65,1.96,1,2,1,1,0.73,2.57,6,65,1.96,14,108,47.58,59,36.21,293141.68,7,65,1.96,900,3600,2000,2100,1300,1.80E+10,4,65,2,24.2,216,98.43,112,73.57,2506112.15,5,65,1.96,610,4000,2100,2800,1500,2.30E+10,4,65,2,Thal
510,1100,690,710,330,5.40E+08,1,41,2,90,286,156.34,139,82.71,7014693.56,3,41,1.96,2,3,2.1,2,0.8,12.78,5,41,1.96,1,2,1.22,1,0.52,2.83,4,41,1.96,64,98,67.24,68,25.36,414502.17,3,41,1.96,1700,2900,2100,2400,800,1.30E+10,2,41,2,136,180,136.46,156,47.27,3278428.76,4,41,1.96,2700,3500,2700,3000,890,2.60E+10,3,41,2,Thal
240,700,400,440,240,1.30E+08,1,41,2,101,276,155.49,134,78.81,6611142.22,3,41,1.96,2,3,1.93,2,1.08,12.9,6,41,1.96,1,2,1.07,1,0.65,2.54,5,41,1.96,74,101,71.61,87,31.14,532842.05,3,41,1.96,3000,4200,3300,3800,1100,4.50E+10,4,41,2,158,212,154.85,174,61.28,5106232.12,4,41,1.96,3900,4100,3400,4000,1200,5.10E+10,4,41,2,Thal
320,600,390,400,170,9.00E+07,1,29,2,52.2,142,81.55,88,46.05,1016154.66,1,29,1.96,1.4,2,1.62,2,0.62,5.76,3,29,1.96,1,1,0.93,1,0.26,0.93,2,29,1.96,34.8,62,42.45,51,19.68,117406.38,3,29,1.96,2800,4200,3100,3900,1300,4.40E+10,4,29,2,106.2,135,102.66,114,35.26,1374794.93,4,29,1.96,2500,3500,2500,2700,910,2.10E+10,2,29,2,Thal
380,600,430,440,160,1.10E+08,1,29,2,81.6,150,100.28,106,39.86,1414903.38,2,29,1.96,2,3,2.07,2,0.7,11.38,4,29,1.96,1,2,1.17,1,0.54,2.62,4,29,1.96,59.2,80,59.07,63,20.39,263476.66,3,29,1.96,3700,3900,3500,3800,1000,4.80E+10,7,29,2,110,139,112.86,130,36.34,1770506.17,6,29,1.96,3000,3700,3100,3500,990,3.50E+10,4,29,2,Thal
840,1200,910,1000,270,9.10E+08,4,56,2,114.5,321,172.84,158.5,90.98,9511157.38,2,56,1.96,2,3,1.95,2,0.4,8.05,2,56,1.96,1,2,1.18,1,0.47,2.46,7,56,1.96,62.5,79,63.27,68,16.62,294269.3,10,56,1.96,4200,4200,4000,4200,810,6.80E+10,7,56,2,117.5,134,115.21,121,24.85,1684124.5,11,56,1.96,3300,3700,3200,3600,760,3.80E+10,6,56,2,Thal
640,970,690,680,180,3.80E+08,2,59,2,108.4,135,107.49,117,29.3,1466259.97,6,59,1.96,3,5,3.17,3,1.05,41.71,11,59,1.96,2,3,2,2,0.62,10.03,5,59,1.96,84,139,96.61,91,29.39,1123500.1,8,59,1.96,4200,4200,4000,4200,790,6.90E+10,8,59,2,154.8,254,179.88,177,51.37,7055272.86,4,59,1.96,4000,4000,3800,4000,760,5.90E+10,8,59,2,Thal
210,660,360,380,230,1.00E+08,1,35,2,56.6,222,109.74,110,75.49,3147750.03,2,35,1.96,2,3,2,2,0.94,12.63,7,35,1.96,1,2,1.2,1,0.68,3.26,5,35,1.96,62.8,96,66.09,81,31.07,442293.17,2,35,1.96,2800,4200,3100,4100,1500,4.70E+10,4,35,2,137,203,139.26,162,60.83,3956479.43,3,35,1.96,3100,4000,3100,3900,1400,4.40E+10,4,35,2,Thal
270,680,400,420,220,1.20E+08,1,35,2,93.2,180,117.83,116,45.98,2297514.06,2,35,1.96,2,3,2,2,0.87,12.11,7,35,1.96,1,2,1.2,1,0.53,2.74,6,35,1.96,68,87,65.09,73,24.24,366691.83,5,35,1.96,3500,4200,3500,4200,1200,5.30E+10,2,35,2,148.2,198,144.17,161,52.51,3946141.71,4,35,1.96,3800,4100,3400,4000,1200,5.00E+10,4,35,2,Thal
200,680,360,360,220,9.70E+07,1,34,2,78.5,201,116.91,113,55.72,2629249.5,3,34,1.96,1.9,3,1.97,2,0.9,12.03,7,34,1.96,0,2,0.74,1,0.57,1.09,6,34,1.96,45.6,80,54.06,63,26.91,255788.35,5,34,1.96,3100,4200,3300,4000,1300,4.90E+10,3,34,2,99.5,184,121.24,153,58.98,2828243.65,2,34,1.96,2600,4000,2800,3600,1400,3.60E+10,4,34,2,Thal
24,520,190,130,180,2.90E+07,5,54,2,97.6,192,115.48,117,48.66,2291829.37,4,54,1.96,1,3,1.91,2,0.98,12.24,5,54,1.96,1,2,1.3,1,0.54,3.3,4,54,1.96,5.9,97,44,46,36,250000,7,54,2,2300,4200,2900,3200,1200,3.70E+10,3,54,2,9,187,89.44,105,71.33,2028424.11,7,54,1.96,220,4100,2200,3100,1800,3.10E+10,4,54,2,Thal
150,520,300,340,190,5.80E+07,1,38,2,100.2,180,120.95,119,43.73,2379400.11,3,38,1.96,1.1,3,1.92,2,0.88,11.24,7,38,1.96,1,1,0.74,1,0.45,0.74,2,38,1.96,41,80,53.84,68.5,28.39,264824.05,4,38,1.96,2700,4200,3100,3800,1200,4.30E+10,5,38,2,104.4,165,114.13,139.5,53.92,2298904.39,2,38,1.96,2800,4000,3000,3800,1400,4.00E+10,4,38,2,Thal
270,1000,530,540,350,3.40E+08,1,33,2,56.6,266,124.33,114,89.26,4915243.42,1,33,1.96,2,3,2.18,2,0.95,15.45,6,33,1.96,1,2,1.48,2,0.67,4.94,3,33,1.96,56.2,90,61.15,73,30.44,367096.42,2,33,1.96,3000,4200,3200,4200,1500,4.80E+10,3,33,2,129,214,134.45,149,62.27,3738767.55,3,33,1.96,3100,4000,3100,3900,1400,4.30E+10,3,33,2,Thal
320,520,340,360,140,5.60E+07,2,46,2,103.5,180,123.85,130.5,42,2466997.11,4,46,1.96,1,3,1.67,2,0.84,8.2,6,46,1.96,1,1,0.8,1,0.4,0.8,2,46,1.96,33.5,83,51.83,61,28.91,253997.65,6,46,1.96,2400,3900,2800,3100,1000,3.10E+10,2,46,2,78,168,108.41,127.5,57.48,2211535.72,3,46,1.96,2100,4000,2800,3700,1500,3.80E+10,3,46,2,Thal
300,480,340,370,140,5.40E+07,2,28,2,88.3,140,99.71,105.5,37.41,1332484.14,2,28,1.96,2.1,3,2.46,3,0.92,19.82,5,28,1.96,1,2,1.57,2,0.63,5.43,4,28,1.96,72.3,91,71.68,81.5,23.73,458713.39,3,28,1.96,2700,3500,2800,3100,910,2.70E+10,1,28,2,140.5,174,140.21,156,44.83,3376888.57,2,28,1.96,3900,4000,3600,4000,1100,5.40E+10,3,28,2,Thal
350,650,440,490,190,1.30E+08,1,28,2,88,154,102.21,100.5,39.09,1463560.71,2,28,1.96,3,4,2.82,3,0.9,27.68,4,28,1.96,2,2,1.71,2,0.6,6.43,3,28,1.96,87.1,113,92.32,103.5,29.36,962473.89,5,28,1.96,2900,3600,2900,3100,900,2.90E+10,3,28,2,177.1,216,175.57,194,54.28,6530007.29,4,28,1.96,4000,4000,3600,4000,1100,5.70E+10,3,28,2,Thal
40,750,220,120,220,5.20E+07,33,400,2,140,500,180,160,84,1.10E+07,29,400,2,1,3,1.44,1,0.92,6.92,36,402,1.96,1,2,0.97,1,0.55,1.79,28,402,1.96,4,102,33.54,13.5,33.78,171754.3,48,402,1.96,1200,4200,2300,2100,1300,2.40E+10,22,400,2,10,220,74.6,36.5,71.98,1748935.63,37,402,1.96,160,4000,1800,840,1700,2.30E+10,35,400,2,Thal
38,670,230,120,220,5.30E+07,8,110,2,111,327,138.33,129.5,61.39,4474562.03,7,106,1.96,1,3,1.45,1,1.11,8.53,14,106,1.96,0,2,0.73,1,0.56,1.07,9,106,1.96,5,93,42.64,42.5,35.55,240030.47,11,106,1.96,960,3400,1700,1600,920,9.80E+09,5,110,2,16,199,96.81,104,77.69,2644447.94,11,106,1.96,300,4000,2200,2700,1700,2.90E+10,11,110,2,Thal
360,880,530,490,250,2.40E+08,2,36,2,100,199,125.72,121.5,49.36,2815331.06,3,36,1.96,3,4,2.86,3,1.07,31.69,6,36,1.96,1.5,2,1.64,2,0.59,5.81,3,36,1.96,87,113,89.17,104,29.8,896018,4,36,1.96,4200,4200,3900,4200,990,6.70E+10,4,36,2,196.5,254,195.03,215,60.13,9046621.53,4,36,1.96,3900,4100,3600,4000,1000,5.40E+10,5,36,2,Thal
29,1000,320,230,330,1.60E+08,4,64,2,101,278,134.53,118.5,66.31,4387539.84,3,64,1.96,1,4,1.92,2,1.28,16.45,8,64,1.96,1,2,1.34,1,0.54,3.59,4,64,1.96,5.9,120,54,48,46,510000,5,64,2,1600,4200,2700,2900,1300,3.30E+10,7,64,2,10,268,127.25,118.5,109.55,6647963.38,7,64,1.96,340,4000,2400,3600,1800,3.40E+10,3,64,2,Thal
230,920,450,440,310,2.20E+08,1,42,2,99,480,200,150,140,2.30E+07,2,42,2,1,3,2.05,3,1.13,15.33,6,42,1.96,1,2,1.38,1,0.66,4.24,5,42,1.96,55.6,108,68.26,86.5,37,552801.69,4,42,1.96,2600,4200,3200,3800,1200,4.40E+10,4,42,2,123.4,222,147.45,185.5,75.46,5274826.74,3,42,1.96,3100,4000,3100,4000,1400,4.60E+10,2,42,2,Thal
28,790,200,51,230,5.30E+07,23,200,2,118,310,153.84,135,64.87,5808728.5,18,200,1.96,1,4,2.06,2,1.18,17.99,24,200,1.96,1,2,1.36,1,0.52,3.67,9,200,1.96,4.7,100,38,18,38,250000,26,200,2,1500,4200,2600,2300,1300,3.10E+10,14,200,2,8,239,87.87,38,87.61,2964710.82,23,200,1.96,180,4000,2000,1400,1800,2.70E+10,9,200,2,Thal
29,580,170,38,200,3.40E+07,6,74,2,105.9,268,132.76,122.5,58.24,3796323.68,5,74,1.96,1,4,1.89,2,1.05,13.49,10,74,1.96,1,2,1.3,1,0.57,3.41,6,74,1.96,4,91,34.05,11.5,34.56,180705.24,9,74,1.96,1000,3700,1800,1500,1200,1.40E+10,5,74,2,9.9,200,71,22,73,1700000,7,74,2,200,4000,1800,610,1800,2.40E+10,8,74,2,Thal
38,920,300,160,290,1.20E+08,6,95,2,160,380,200,200,85,1.20E+07,8,95,2,1,4,2.03,2,1.05,15.11,12,95,1.96,1,2,1.38,1,0.53,3.78,5,95,1.96,6.2,100,48,51,40,340000,8,95,2,1600,4200,2800,3100,1300,3.60E+10,8,95,2,16,206,98.43,114,78.19,2716425.76,8,95,1.96,390,4100,2400,3300,1800,3.30E+10,6,95,2,Thal
19,560,190,79,200,3.50E+07,7,54,2,100.9,333,144.67,125.5,86.47,6709837.89,3,54,1.96,1,4,2.04,1,1.3,19.48,7,54,1.96,1,2,1.35,1,0.55,3.69,3,54,1.96,4,107,45.52,33,43.23,363097.19,7,54,1.96,1100,3900,2000,1700,1300,1.80E+10,2,54,2,10,230,94.96,73,88.03,3151019.52,6,54,1.96,190,4000,2100,2100,1800,2.90E+10,4,54,2,Thal
20,570,150,27,200,2.90E+07,9,72,2,113,364,150.74,128.5,81.53,7007965.49,7,72,1.96,1,4,1.65,1,0.95,9.57,10,72,1.96,1,2,0.9,1,0.51,1.4,6,72,1.96,3.3,91,32,9.5,34,170000,11,72,2,930,3700,1700,1200,1100,1.10E+10,3,72,2,8,236,76.14,21,82.8,2318447.47,8,72,1.96,170,4000,1700,550,1800,2.30E+10,7,72,2,Thal
30,680,240,180,220,5.50E+07,11,100,2,116.9,385,173.91,161,85.14,9410196.03,9,104,1.96,1,3,1.58,1,1.08,9.37,15,104,1.96,0,2,0.78,1,0.74,1.88,9,104,1.96,5,105,44.44,39,38.57,292302.37,12,104,1.96,1200,3600,1900,1700,1100,1.30E+10,7,100,2,10.9,214,97.62,103,80.17,2814012.17,12,104,1.96,220,4000,2200,2600,1700,3.00E+10,13,100,2,Thal
36,740,240,110,240,6.70E+07,15,210,2,140,355,174.69,170,70.11,7970150.1,13,212,1.96,1,5,2.25,2,1.33,23.64,21,212,1.96,1,3,1.6,1.5,0.7,6.64,16,212,1.96,7.3,130,57,50,50,630000,23,210,2,2100,4200,3100,3500,1100,4.00E+10,17,210,2,15,278,124.2,113,104.27,6066439.25,18,212,1.96,370,4000,2400,3600,1700,3.40E+10,15,210,2,Thal
140,760,370,340,270,1.30E+08,3,52,2,120,410,180,150,110,1.30E+07,4,52,2,1,4,2.08,3,1.36,19.38,7,52,1.96,1,2,1.48,2,0.58,4.6,6,52,1.96,40,125,68.4,79,42.79,664829.75,4,52,1.96,2100,3900,2600,2700,1100,2.60E+10,4,52,2,94.2,236,146.63,189,84.97,5916734.75,4,52,1.96,2200,4000,2800,3900,1500,4.00E+10,5,52,2,Thal
190,580,320,310,180,6.30E+07,1,34,2,64.6,232,119.09,112,74.75,3659986.21,1,34,1.96,2,3,1.88,2,0.77,9.65,7,34,1.96,1,2,1.06,1,0.42,1.76,4,34,1.96,69.6,94,67.94,80,28.61,446398.76,4,34,1.96,3100,4200,3200,4200,1400,4.90E+10,2,34,2,140.3,199,138.68,153,53.15,3616869.68,3,34,1.96,3700,4000,3300,4000,1200,4.90E+10,3,34,2,Thal
28,540,170,54,190,2.70E+07,6,64,2,84.9,212,117.23,111,49.83,2487585.33,4,64,1.96,1,3,1.28,1,1,6.16,6,64,1.96,0.9,2,0.83,1,0.63,1.58,4,64,1.96,4.9,97,39,24,37,240000,7,64,2,1500,4200,2600,2400,1400,3.20E+10,4,64,2,10,194,81.78,56.5,74.54,1990567.91,8,64,1.96,210,4000,2000,1600,1800,2.70E+10,8,64,2,Thal
110,520,280,280,190,5.00E+07,1,38,2,114.2,224,139.26,122,55.11,3873827.68,3,38,1.96,1.1,3,1.74,2,0.98,9.63,7,38,1.96,0,2,0.71,1,0.57,1.03,4,38,1.96,39.6,93,58.32,69,30.82,344457.37,6,38,1.96,2500,4200,3100,3700,1200,4.10E+10,4,38,2,109.3,185,129.71,157,57.63,3252580.03,3,38,1.96,3400,4100,3200,4000,1300,4.70E+10,5,38,2,Thal
180,600,320,360,210,7.40E+07,1,32,2,72.5,239,127.5,113.5,70.01,3931867.88,3,32,1.96,2,4,2.25,3,1.32,21.19,7,32,1.96,1,2,0.91,1,0.59,1.66,3,32,1.96,63.6,94,66.84,80.5,30.07,444778.03,4,32,1.96,2300,4000,2900,3400,1200,3.60E+10,2,32,2,137.8,208,142.84,166.5,64.34,4341760.28,2,32,1.96,3600,4000,3300,4000,1300,4.80E+10,5,32,2,Thal
21,630,160,25,210,3.60E+07,8,78,2,109,264,130.73,121,50.81,3331769.5,6,78,1.96,1,3,1.32,1,0.96,6.24,10,78,1.96,0,2,0.54,0,0.6,0.85,4,78,1.96,3,100,33,6.5,38,210000,10,78,2,800,3900,1600,1000,1200,1.30E+10,5,78,2,10,222,73.97,15,79.3,2091251.82,9,78,1.96,190,4000,1700,430,1800,2.30E+10,7,78,2,Thal
44,990,360,200,350,2.00E+08,3,49,2,110,400,170,150,110,1.10E+07,2,49,2,1,3,1.88,2,0.93,11.31,7,49,1.96,1,2,1.12,1,0.44,2.1,4,49,1.96,9.6,93,44,46,35,240000,6,49,2,1200,4200,2500,2400,1400,3.10E+10,4,49,2,20.6,199,95.98,119,72.26,2305238.55,5,49,1.96,550,4000,2400,3400,1700,3.40E+10,4,49,2,Thal
60,580,220,170,190,3.90E+07,3,56,2,119,321,173.73,166,80.4,8580964.45,3,56,1.96,1,3,1.61,1,1.14,10.29,8,56,1.96,1,2,0.89,1,0.59,1.64,4,56,1.96,5,92,42.23,35,37.17,253749.66,8,56,1.96,1500,3500,2100,2000,930,1.40E+10,4,56,2,13.5,187,86.18,82,72.37,1993169.5,4,56,1.96,280,4000,2100,2300,1800,2.80E+10,6,56,2,Thal
380,730,480,470,160,1.50E+08,3,60,2,97.1,206,118.95,117,46.09,2411662.75,4,60,1.96,1,2,1.08,1,0.38,1.78,5,60,1.96,1,1,0.97,1,0.18,0.97,2,60,1.96,34,41,34.73,35.5,7.66,46522.03,13,60,1.96,3800,4200,3700,4200,900,5.80E+10,5,60,2,66,79,65.97,68,14.04,315663.07,11,60,1.96,1600,2000,1700,1800,390,5.10E+09,8,60,2,Thal
150,890,400,350,310,1.90E+08,1,36,2,73,380,170,140,130,1.40E+07,2,36,2,2,3,1.94,2,0.83,10.94,7,36,1.96,1,2,1.14,1,0.68,2.97,5,36,1.96,54,105,70.5,89,35.09,570328,2,36,1.96,3300,4200,3300,4200,1400,5.20E+10,3,36,2,139,237,157.06,185,70.58,5824381.39,3,36,1.96,3600,4000,3200,4000,1400,4.80E+10,2,36,2,Thal
26,660,190,44,230,4.70E+07,4,66,2,116,371,151.03,126,87.54,7653753.67,6,66,1.96,1,3,1.53,1,1,8.35,10,66,1.96,1,2,0.97,1,0.53,1.7,6,66,1.96,4,107,39.48,14.5,41.42,297532.03,5,66,1.96,1500,4300,2700,2900,1500,3.60E+10,8,66,2,7,222,87.2,38,87.99,2928497.83,4,66,1.96,130,4000,1900,1300,1800,2.70E+10,5,66,2,Thal
23,990,210,46,270,8.30E+07,17,210,2,120,530,190,140,120,1.80E+07,12,210,2,1,3,1.3,1,1.09,7.22,26,210,1.96,1,2,0.97,1,0.68,2.29,8,210,1.96,3,105,33.32,11.5,35.47,189650.38,20,210,1.96,920,4200,2200,1700,1500,2.50E+10,10,210,2,7,224,76.18,30.5,77.78,2046766.12,25,210,1.96,120,4100,1800,790,1800,2.40E+10,17,210,2,Thal
35,780,260,140,270,8.80E+07,4,48,2,100,420,190,140,120,1.60E+07,3,48,2,0.1,4,1.67,2,1.36,13.42,6,48,1.96,1,2,1.44,1,0.58,4.31,4,48,1.96,16,112,54.75,56.5,42.21,446940.12,7,48,1.96,1400,3800,2300,2300,1200,2.10E+10,2,48,2,37.6,239,121.35,138,88.88,4475162.85,5,48,1.96,1100,4000,2600,3800,1700,3.60E+10,4,48,2,Thal
24,980,220,34,310,1.10E+08,7,72,2,120,530,180,130,130,1.90E+07,5,72,2,0,4,1.26,1,1.27,9.01,10,72,1.96,1,2,1.28,1,0.51,3.11,4,72,1.96,3,105,38.56,13.5,41.85,296333.72,9,72,1.96,770,3700,1600,1200,1200,1.20E+10,2,72,2,9.3,220,85,28,88,2800000,5,72,2,140,4000,1800,720,1800,2.40E+10,5,72,2,Thal
26,800,280,170,290,1.00E+08,3,48,2,110,410,190,130,120,1.50E+07,2,48,2,0,3,1.38,2,1.23,8.75,7,48,1.96,1,2,1.27,1,0.54,3.15,6,48,1.96,8.5,96,48,59,37,290000,5,48,2,1100,3600,2100,2100,1200,1.80E+10,3,48,2,28.4,206,107.81,133.5,76.66,3017204.94,4,48,1.96,640,4000,2400,3400,1700,3.30E+10,4,48,2,Thal
160,940,430,390,330,2.20E+08,1,40,2,80.2,310,153.18,142.5,100.26,8240754.33,1,40,1.96,1.7,3,2.08,2,0.94,13.93,7,40,1.96,1,2,1.4,1,0.59,4.1,4,40,1.96,46.3,100,63,76.5,35.37,454101.45,3,40,1.96,1600,3200,2100,2400,1000,1.50E+10,3,40,2,93.4,199,127.08,152,68.71,3598514.12,3,40,1.96,2300,3900,2800,3600,1400,3.50E+10,5,40,2,Thal
630,910,650,660,180,3.30E+08,3,42,2,108,135,113.83,124,30.83,1721483.83,3,42,1.96,2,3,2.26,2,0.7,14.4,5,42,1.96,2,2,1.69,2,0.56,6.12,3,42,1.96,80,91,75.36,82,19.37,490393.5,8,42,1.96,4000,4200,3800,4100,910,6.30E+10,3,42,2,132.9,180,138.93,149,38.34,3155756.93,6,42,1.96,3700,4000,3600,3900,870,5.30E+10,8,42,2,Thal
740,1100,770,840,290,6.20E+08,2,53,2,107.4,145,110.62,127,40.58,1797626.51,5,53,1.96,1,2,1.13,1,0.56,2.49,7,53,1.96,1,1,0.96,1,0.19,0.96,2,53,1.96,35.6,58,37.51,40,12.9,68713.17,7,53,1.96,3400,4300,3400,4200,1200,5.30E+10,6,53,2,72.6,98,73.53,78,21.72,480026.09,7,53,1.96,1600,2700,1700,1800,620,7.00E+09,5,53,2,Thal
540,760,590,600,150,2.30E+08,6,82,2,116.3,208,131.04,134,34.41,2678960.77,6,82,1.96,2,4,2.62,3,0.68,21.21,12,82,1.96,2,2,1.9,2,0.37,7.46,4,82,1.96,72,104,76.17,75.5,16.29,492328.76,11,82,1.96,3300,4200,3400,3500,670,4.40E+10,10,82,2,127,172,133.91,134,27.64,2649727.04,12,82,1.96,3600,3800,3500,3600,630,4.40E+10,9,82,2,Thal
71,800,380,390,300,1.60E+08,3,62,2,121.3,232,137.21,130,48.53,3517627.05,6,62,1.96,1,4,2.16,2,1.16,19,7,62,1.96,1,2,1.4,1,0.61,4.21,6,62,1.96,17.2,109,52.84,62.5,37.55,361566.29,4,62,1.96,1500,3700,2400,2600,1000,2.20E+10,4,62,2,22.8,194,99.9,129,70.63,2387750.94,5,62,1.96,550,4000,2200,2800,1600,2.70E+10,7,62,2,Thal
180,1000,460,420,350,2.80E+08,1,48,2,110.2,249,136.1,126,58.16,3915362.6,3,48,1.96,2,4,2.27,3,1.01,17.9,8,48,1.96,1,2,1.38,1,0.67,4.25,4,48,1.96,53.7,109,74.21,97,36.46,660954.96,5,48,1.96,2100,3700,2600,2700,980,2.40E+10,2,48,2,104.2,208,139.35,181,67.85,4340668.73,5,48,1.96,2800,4000,3000,3800,1400,4.20E+10,2,48,2,Thal
41,1200,330,120,360,2.00E+08,27,360,2,120,440,180,140,90,1.00E+07,25,360,2,0.8,4,1.47,1,1.26,10.76,48,357,1.96,0,2,0.89,1,0.76,2.32,23,357,1.96,4,113,43.19,22,42.08,335034.2,33,357,1.96,870,3500,1700,1500,1000,1.10E+10,19,360,2,11,241,91.54,54,86.32,3028929.93,40,357,1.96,170,4000,1800,1100,1600,2.10E+10,26,360,2,Thal
240,680,390,410,220,1.10E+08,1,34,2,77,190,109.56,115.5,58.56,2342769.85,1,34,1.96,2,3,2.03,2,0.83,12.09,5,34,1.96,1,2,0.97,1,0.52,1.68,4,34,1.96,68.3,94,69.68,82,27.6,466141.21,4,34,1.96,3500,4200,3400,4200,1300,5.30E+10,5,34,2,155.9,190,149.97,176,52.61,4340122.38,4,34,1.96,3700,4000,3400,4000,1200,5.00E+10,3,34,2,Thal
100,550,270,260,200,5.00E+07,1,38,2,113.1,318,163.29,129,85.9,8051613.5,2,38,1.96,1,3,1.82,2,0.83,9.55,7,38,1.96,1,2,0.92,1,0.54,1.55,4,38,1.96,36.6,92,55.79,66,32.52,327844,2,38,1.96,3100,4200,3300,4100,1300,5.00E+10,4,38,2,94,198,125.55,163,70.33,3540103.92,2,38,1.96,2800,4000,3000,4000,1500,4.30E+10,2,38,2,Thal
140,600,310,310,220,7.60E+07,2,34,2,65.9,278,133.76,124,90.85,5756541.71,1,34,1.96,2,3,2.24,3,0.99,16.71,5,34,1.96,1,2,1.32,1,0.59,3.62,6,34,1.96,58.8,100,66.97,81.5,33.87,491091.44,3,34,1.96,2900,4200,3200,4100,1400,4.80E+10,3,34,2,121.7,199,135.76,167,66.28,3963862.47,4,34,1.96,3400,4000,3200,4000,1400,4.70E+10,2,34,2,Thal
200,780,400,380,260,1.40E+08,1,36,2,83,180,109.94,112,53.67,2201043.78,2,36,1.96,2,3,2.17,3,1.08,16.33,5,36,1.96,1.5,2,1.64,2,0.59,5.81,3,36,1.96,60.5,105,72.92,85.5,32.64,583502.42,2,36,1.96,3600,4200,3400,4200,1300,5.30E+10,3,36,2,138,204,149.92,183.5,61.06,4730029.58,3,36,1.96,3600,4000,3300,4000,1200,4.80E+10,3,36,2,Thal
250,890,460,390,260,1.90E+08,2,38,2,85.5,296,148.21,126,87.65,6781063.21,3,38,1.96,2,3,2.32,3,0.96,17.79,4,38,1.96,1,2,1.58,2,0.6,5.37,3,38,1.96,68,112,74.82,91.5,37.97,685623.92,3,38,1.96,3600,4200,3500,4100,1200,5.30E+10,5,38,2,127.2,208,145.74,182,68.55,4780802.53,3,38,1.96,3600,4000,3200,4000,1300,4.80E+10,2,38,2,Thal
690,1000,770,790,240,5.60E+08,1,40,2,93.8,224,136.05,130,61.11,3958999.65,1,40,1.96,1,2,1.18,1,0.5,2.52,4,40,1.96,1,1,0.95,1,0.22,0.95,2,40,1.96,36.7,49,38.05,40.5,10.87,65581,9,40,1.96,4200,4300,3900,4200,950,6.80E+10,7,40,2,66,79,65.75,70,17,325500.2,5,40,1.96,1600,2300,1700,1800,480,5.80E+09,4,40,2,Thal
310,790,460,500,260,1.90E+08,1,29,2,57.8,135,82.59,98,44.3,991424.72,1,29,1.96,2,3,2.14,2,0.88,13.93,5,29,1.96,1,1,0.86,1,0.35,0.86,2,29,1.96,61,81,61.52,70,24.78,322408.83,4,29,1.96,3300,4200,3300,4100,1400,5.00E+10,3,29,2,140.2,172,135.83,160,50.2,3298575,4,29,1.96,3000,3800,3000,3700,1200,3.80E+10,4,29,2,Thal
51,800,310,200,280,1.10E+08,3,48,2,113,264,134.29,134,76.15,4683030.79,3,48,1.96,1,3,2.08,2.5,1.03,14.96,6,48,1.96,1,2,1.46,1.5,0.58,4.46,4,48,1.96,24.5,105,57.25,70,37.81,413476.25,3,48,1.96,3500,4300,3400,4100,1300,5.30E+10,5,48,2,61.8,230,123.46,160.5,77.42,3891642.21,4,48,1.96,1800,4100,2800,3900,1600,4.00E+10,5,48,2,Thal
48,810,280,210,270,9.30E+07,3,62,2,113.9,321,148.23,128.5,76.42,6172088.29,5,62,1.96,1,4,1.87,2,0.98,12.03,9,62,1.96,1,2,1.4,1,0.56,4.02,4,62,1.96,4.3,110,46,36,42,360000,6,62,2,1700,4200,2800,3400,1400,3.80E+10,3,62,2,9.3,240,96,78,87,3100000,6,62,2,220,4000,2200,2700,1800,3.10E+10,3,62,2,Thal
29,870,230,42,290,9.60E+07,6,70,2,132,371,171.79,157,83.15,9046259.59,5,70,1.96,1,4,1.76,1,1.03,11.61,8,70,1.96,1,2,1.31,1,0.53,3.37,4,70,1.96,3,105,40.51,13.5,42.91,323756.8,8,70,1.96,1100,4200,2400,2100,1400,2.80E+10,4,70,2,7,232,86.67,39.5,88.58,2944675.99,8,70,1.96,120,4000,1900,1200,1800,2.70E+10,6,70,2,Thal
28,840,230,44,290,9.10E+07,5,70,2,122.7,321,162.17,149,76.61,7230208.89,3,70,1.96,1,4,1.71,1,1.08,11.49,8,70,1.96,1,2,1.2,1,0.5,2.66,4,70,1.96,3,100,38.61,15.5,39.13,255638.01,13,70,1.96,930,4200,2100,1500,1400,2.20E+10,4,70,2,5.7,230,85,38,86,2700000,8,70,2,120,4000,1900,1300,1800,2.70E+10,5,70,2,Thal
59,800,280,200,250,8.60E+07,6,120,2,121,368,162.93,130,80.32,7983606.83,10,118,1.96,1,3,1.65,1,1.24,11.92,14,118,1.96,1,2,1.14,1,0.73,3.17,10,118,1.96,6,109,48.82,42,41.99,379722.82,8,118,1.96,1200,4000,2100,1800,1100,1.70E+10,7,120,2,16.2,220,103.28,109,82.44,3182381.45,8,118,1.96,330,4000,2300,3100,1800,3.20E+10,12,120,2,Thal
200,660,360,370,220,9.50E+07,1,38,2,82,380,180,140,130,1.40E+07,2,38,2,2,4,2.37,3,0.91,18.32,7,38,1.96,1.1,2,1.61,2,0.64,5.71,3,38,1.96,79.7,113,83.92,98.5,32.36,803650.66,3,38,1.96,3900,4200,3600,4200,1200,5.60E+10,2,38,2,174.3,239,179.08,194,60.51,7305148.61,3,38,1.96,4000,4000,3500,4000,1100,5.30E+10,2,38,2,Thal
44,650,240,200,210,5.20E+07,6,64,2,120,490,180,150,120,1.70E+07,3,64,2,1,3,1.38,1,0.92,6.16,7,64,1.96,1,2,1.09,1,0.66,2.69,8,64,1.96,3,84,34.55,18.5,33.94,170675.77,9,64,1.96,1700,4200,2700,2700,1300,3.40E+10,4,64,2,8,214,78.97,44.5,78.08,2099607.78,8,64,1.96,130,4000,1900,1300,1800,2.70E+10,4,64,2,Thal
22,700,180,44,220,4.50E+07,9,78,2,130,490,180,140,110,1.50E+07,5,78,2,1,3,1.53,1,1.04,8.83,8,78,1.96,1,2,0.95,1,0.58,1.79,6,78,1.96,4,100,33.63,8,37.13,208426.32,12,78,1.96,820,4200,2100,1500,1500,2.40E+10,4,78,2,8.1,230,73,22,77,2.00E+06,7,78,2,150,4000,1700,510,1800,2.40E+10,4,78,2,Thal
18,580,160,31,200,3.30E+07,10,74,2,105.8,382,147.59,130.5,88.89,7471284.92,5,74,1.96,0,3,1.16,1,1.16,6.84,11,74,1.96,0,2,0.74,1,0.62,1.31,6,74,1.96,3,94,32.86,12.5,34.58,177615.27,8,74,1.96,1000,4200,2000,1300,1400,2.20E+10,5,74,2,8,230,82.23,28,85.67,2643575.12,9,74,1.96,160,4000,1800,820,1800,2.50E+10,4,74,2,Thal
59,720,260,210,230,6.30E+07,6,120,2,140,340,190,160,82,1.00E+07,8,120,2,0,4,1.24,1,1.17,7.44,16,120,1.96,0,2,0.7,1,0.56,1,8,120,1.96,3.7,96,38,24,36,220000,16,120,2,1400,4000,2100,1800,1000,1.70E+10,8,120,2,10,224,91.47,67.5,82.27,2731612.52,12,120,1.96,170,4100,2100,2200,1800,2.90E+10,11,120,2,Thal
160,610,320,320,220,7.60E+07,1,37,2,111.8,266,143.22,115,71.08,5116632.68,3,37,1.96,1,3,2.08,2,1.01,14.73,6,37,1.96,1,2,1.03,1,0.37,1.51,4,37,1.96,32.4,73,47.49,63,26.82,193517.32,3,37,1.96,3300,4200,3400,4100,1200,5.10E+10,4,37,2,84.8,162,107.38,141,56.9,2101699.49,4,37,1.96,2100,4000,2700,3600,1400,3.40E+10,4,37,2,Thal
260,760,380,420,230,1.20E+08,4,130,2,200,350,210,220,83,1.40E+07,9,130,2,2,4,2.42,3,1.05,21.1,16,132,1.96,1,3,1.55,2,0.71,5.87,6,132,1.96,78.3,121,82.08,98,37.41,838981.26,15,132,1.96,4100,4300,3800,4200,1000,6.30E+10,12,130,2,150.6,208,146.6,170,60.36,4457470.42,17,132,1.96,3400,4000,3200,4000,1300,4.60E+10,4,130,2,Thal
170,600,340,370,210,8.30E+07,2,42,2,94.3,187,111.4,121,51.43,2175602.4,2,42,1.96,2,4,2.33,3,1.1,19.76,6,42,1.96,1,2,1.52,2,0.71,5.38,3,42,1.96,62.8,105,69.45,83,31.49,507935.31,2,42,1.96,4100,4200,3700,4200,1100,6.00E+10,4,42,2,130.6,190,138.55,165,57.57,3771688.55,3,42,1.96,3000,4000,3100,3900,1300,4.30E+10,3,42,2,Thal
240,660,380,430,230,1.10E+08,1,36,2,89,198,116.67,113.5,55.41,2592632.83,1,36,1.96,2,4,2.47,3,1.06,22.14,6,36,1.96,1,2,1.5,2,0.61,4.83,3,36,1.96,64,91,66.14,81,29.62,428503.81,5,36,1.96,3700,4200,3600,4000,1100,5.40E+10,4,36,2,142.5,204,142.67,166,62.17,4219589,2,36,1.96,3400,4000,3200,4000,1300,4.70E+10,2,36,2,Thal
720,1300,880,990,370,9.80E+08,1,42,2,100,410,200,160,130,1.90E+07,1,42,2,3,4,3.4,4,0.96,46.83,8,42,1.96,2,3,1.95,2,0.49,8.52,4,42,1.96,108,135,105.05,112,30.7,1388009.19,5,42,1.96,4100,4300,3900,4200,920,6.70E+10,7,42,2,210,330,230,240,72,1.50E+07,3,42,2,4000,4000,3800,4000,880,6.00E+10,5,42,2,Thal
86,1300,420,240,430,3.80E+08,5,80,2,150,560,220,180,140,2.80E+07,3,80,2,1,4,2.09,2,1.42,22.04,14,80,1.96,1,2,1.41,1,0.54,4.04,4,80,1.96,4,129,57.05,44.5,52.33,669187.03,9,80,1.96,2200,4300,3000,3600,1300,4.10E+10,6,80,2,11.4,299,130.19,113.5,117,7703173.71,7,80,1.96,200,4000,2300,3300,1800,3.30E+10,5,80,2,Thal
37,960,460,480,390,3.00E+08,3,70,2,130,750,250,170,200,5.20E+07,3,70,2,1,3,1.37,1,0.95,6.26,7,70,1.96,0,1,0.63,1,0.49,0.63,6,70,1.96,3,86,37.14,48,29.79,146053.49,9,70,1.96,1500,4200,2700,2900,1400,3.30E+10,5,70,2,8,192,85.16,105.5,66.74,1730901.81,11,70,1.96,150,4000,2000,2600,1500,2.00E+10,6,70,2,Thal
280,480,330,350,140,5.10E+07,1,30,2,65.4,216,114.77,110,67.24,3027034.97,1,30,1.96,2,3,2.03,2,0.81,11.83,5,30,1.96,1,2,1.37,1,0.61,3.97,4,30,1.96,62.7,88,63.87,67.5,21.99,333550.47,5,30,1.96,3700,4200,3500,4200,1200,5.50E+10,2,30,2,140.7,171,135.5,145.5,40.41,2966042.5,4,30,1.96,3600,4000,3300,3600,1000,4.40E+10,5,30,2,Thal
21,520,160,38,180,2.50E+07,10,70,2,103,232,123.61,119.5,55.71,3051847.99,5,70,1.96,1,3,1.44,1,0.77,5.81,10,70,1.96,1,2,1.11,1,0.4,1.97,6,70,1.96,4,80,34,17.5,33.13,161646.66,11,70,1.96,1100,4200,2500,2400,1500,3.20E+10,5,70,2,8,168,67.83,36.5,64.32,1222653.71,8,70,1.96,140,4000,1800,970,1800,2.40E+10,7,70,2,Thal
210,490,310,320,150,5.00E+07,4,36,2,95,187,125.58,130,51.47,2867270.25,4,36,1.96,2,3,2,2,0.86,12,9,36,1.96,1,2,1,1,0.48,1.67,4,36,1.96,64,91,63.53,74,28.01,376326.19,4,36,1.96,3600,4200,3500,4000,1100,5.20E+10,5,36,2,131,187,132.19,147,54.44,3271487.86,4,36,1.96,3800,4000,3400,4000,1200,5.00E+10,4,36,2,Thal
170,490,270,220,140,3.70E+07,5,54,2,108.7,268,141.2,119.5,62.24,4534679.98,4,54,1.96,1,3,1.61,1,0.9,8.17,8,54,1.96,1,2,0.85,1,0.41,0.96,3,54,1.96,10.8,87,45.5,51.5,34.73,250426.5,6,54,1.96,1600,4000,2500,2400,1200,2.60E+10,2,54,2,39.4,187,100.46,124,65.9,2241518.24,4,54,1.96,730,4000,2400,3500,1700,3.40E+10,5,54,2,Thal
550,850,590,630,230,2.80E+08,1,27,2,72,139,91.89,99,39.93,1152875.67,2,27,1.96,2,3,2,2,0.68,10.22,4,27,1.96,1,2,1.56,2,0.64,5.33,3,27,1.96,80.8,108,83.67,90,27.72,730219,3,27,1.96,3700,4200,3500,4100,1200,5.40E+10,3,27,2,176.8,199,167.37,186,50.82,5592950.7,4,27,1.96,4000,4000,3600,4000,1100,5.60E+10,2,27,2,Thal
62,550,240,190,200,4.50E+07,2,44,2,103.4,222,132.93,137,53.92,3431401.89,4,44,1.96,1,3,1.57,2,0.87,7.16,6,44,1.96,1,1,0.84,1,0.37,0.84,2,44,1.96,26.7,88,49.98,61.5,31.04,253004.11,5,44,1.96,1500,3600,2300,2500,1100,1.90E+10,3,44,2,53.6,180,101.11,132,62.55,2088154.57,3,44,1.96,1500,4000,2600,3600,1600,3.50E+10,6,44,2,Thal
22,630,170,91,190,3.20E+07,7,86,2,105,204,125.67,126.5,40.28,2574344.95,7,86,1.96,0,4,1.05,0,1.32,8.44,8,86,1.96,0,2,0.67,1,0.62,1.16,11,86,1.96,2,87,29.33,5,33.97,150934.98,13,86,1.96,900,3700,1700,1200,1100,1.20E+10,4,86,2,6,180,62.78,13.5,69.15,1332284.08,11,86,1.96,140,4000,1600,260,1700,2.00E+10,10,86,2,Thal
180,540,310,330,180,5.80E+07,1,34,2,88,222,125.79,110,60.73,3339617.79,4,34,1.96,2,3,2.03,2,0.9,12.62,6,34,1.96,1,2,1,1,0.43,1.53,5,34,1.96,65.5,81,64.32,76,22.83,344836.85,4,34,1.96,2300,3000,2400,2600,750,1.60E+10,3,34,2,139.9,187,140.41,148,46.36,3474834.12,4,34,1.96,3700,4000,3400,3800,1000,4.70E+10,3,34,2,Thal
500,1200,700,760,380,6.00E+08,1,36,2,74,201,113.33,118,65.18,2790170.83,2,36,1.96,2,3,2,2,0.89,12.33,7,36,1.96,1,2,1.5,2,0.61,4.83,3,36,1.96,56,86,60.78,75.5,27.5,335978.94,3,36,1.96,3400,4200,3300,4200,1400,5.20E+10,4,36,2,143.5,220,141.08,163.5,60.77,4101584.75,5,36,1.96,3100,4000,3100,3800,1300,4.30E+10,4,36,2,Thal
42,1100,380,160,400,2.90E+08,7,120,2,114.3,247,136.39,130,51.55,3650169.55,8,122,1.96,1,3,1.82,1,0.94,10.97,12,122,1.96,1,2,1.34,1,0.51,3.45,6,122,1.96,4.3,97,41,32,37,250000,14,120,2,1600,4200,2800,2800,1300,3.40E+10,8,120,2,10.6,214,88.48,70,78.58,2406975.39,11,122,1.96,210,4000,2100,2300,1800,2.90E+10,7,120,2,Thal
250,1100,550,540,380,4.10E+08,1,46,2,105.5,220,138.83,151,53.87,3781884.57,3,46,1.96,1,4,1.74,2,0.98,10.09,7,46,1.96,1,2,1.2,1,0.62,3.02,6,46,1.96,25,88,51.26,62.5,31.89,276520.17,4,46,1.96,2100,4000,2800,3000,1100,3.00E+10,3,46,2,60.5,187,113,142,68.13,2847141.3,5,46,1.96,1600,4000,2700,3700,1600,3.70E+10,3,46,2,Thal
290,1300,590,590,410,5.10E+08,1,42,2,102.9,222,131.67,119.5,56.59,3491793.81,2,42,1.96,1,3,1.67,2,1.18,10.95,7,42,1.96,1,2,0.98,1,0.72,2.4,6,42,1.96,40.1,84,53.95,68,30.55,285012.95,5,42,1.96,2200,3500,2600,2900,940,2.30E+10,2,42,2,90.1,192,124.6,164.5,70.41,3500424.6,6,42,1.96,2300,4000,2900,3900,1500,4.10E+10,6,42,2,Thal
450,580,470,470,110,1.10E+08,5,62,2,120,430,200,130,120,1.80E+07,3,62,2,4,4,3.79,4,0.77,59.24,3,62,1.96,2,3,2.58,3,0.67,20,9,62,1.96,125.3,140,124.37,129.5,25.13,2093081.24,12,62,1.96,4200,4200,4000,4200,760,6.90E+10,4,62,2,220,270,220,230,45,1.20E+07,9,62,2,4000,4100,3900,4000,730,6.20E+10,3,62,2,Thal
270,660,400,450,230,1.20E+08,1,34,2,65.1,206,113.47,116.5,68.71,2969945.29,2,34,1.96,2.9,4,2.59,3,1.05,24.47,8,34,1.96,2,2,1.68,2,0.59,6.09,3,34,1.96,79,96,75.65,85.5,26.03,551268.82,5,34,1.96,3200,4200,3300,4200,1400,5.00E+10,2,34,2,139.5,212,152.62,159.5,52.57,4578447.5,2,34,1.96,3900,4000,3500,4000,1100,5.30E+10,2,34,2,Thal
260,630,380,460,210,1.00E+08,1,34,2,81.8,236,132.47,122.5,66.25,4019713.88,3,34,1.96,3,3,2.53,3,0.9,20.88,6,34,1.96,2,2,1.76,2,0.55,6.71,3,34,1.96,72.9,100,74.53,79,24,513961.12,4,34,1.96,4000,4200,3700,4200,1100,5.90E+10,3,34,2,138.8,208,153.97,154,49.61,4558352.21,3,34,1.96,4000,4000,3700,4000,1000,5.70E+10,4,34,2,Thal
270,600,380,440,200,9.60E+07,1,39,2,110,220,133.51,121,52.31,3398822.59,3,39,1.96,2,4,1.97,2,1.11,14.28,8,39,1.96,1,2,1.28,1,0.72,3.9,5,39,1.96,78.8,98,71.62,84,29.55,516724.69,5,39,1.96,3800,4200,3700,4200,980,5.90E+10,4,39,2,156.8,194,149.62,168,55.88,4440709.15,4,39,1.96,3900,4000,3400,4000,1200,5.20E+10,2,39,2,Thal
370,630,440,500,190,1.20E+08,1,30,2,75.7,166,106.93,107,46.36,1837665.73,3,30,1.96,3,3,2.6,3,0.81,21.4,4,30,1.96,2,2,1.73,2,0.58,6.53,3,30,1.96,89.4,100,85.17,92,24.39,723927.97,5,30,1.96,3800,4200,3600,4000,1100,5.40E+10,3,30,2,168,214,166.67,172.5,48.38,5462435.67,4,30,1.96,4000,4000,3700,4000,1000,5.80E+10,3,30,2,Thal
420,690,480,540,200,1.60E+08,1,28,2,64.5,149,92.57,94,42.55,1243921.29,1,28,1.96,2.1,4,2.57,3,0.88,21.64,4,28,1.96,1,2,1.54,2,0.64,5.18,3,28,1.96,77.5,94,77.79,89,24.65,574042.93,3,28,1.96,3100,3700,3100,3500,980,3.60E+10,5,28,2,162,187,153.36,164,47.32,4345318,5,28,1.96,3900,4100,3600,4000,1100,5.50E+10,4,28,2,Thal
800,1700,1000,1200,430,1.50E+09,7,98,2,140.1,283,173.83,173,66.94,7456070.58,4,98,1.96,2,4,2.51,3,1.16,25.53,13,98,1.96,1,3,1.66,2,0.76,7.3,9,98,1.96,73.2,144,89.46,91.5,36.09,1040819.95,11,98,1.96,4200,4200,3900,4200,760,6.60E+10,7,98,2,136.2,256,155.13,153.5,62.76,5478579.3,12,98,1.96,3400,4000,3300,4000,1100,4.70E+10,7,98,2,Thal
390,780,500,570,250,2.10E+08,1,32,2,71.8,178,103.91,111,56.33,2019587.66,2,32,1.96,2,3,2.28,3,0.96,17.09,4,32,1.96,1,2,1.53,2,0.62,5.09,3,32,1.96,70.1,98,72.94,84,28.98,535089.38,3,32,1.96,3700,4200,3400,4100,1300,5.30E+10,5,32,2,167.9,220,160.28,185.5,60.09,5483966.22,2,32,1.96,3600,4100,3400,4000,1200,4.90E+10,3,32,2,Thal
230,840,440,430,280,1.80E+08,1,36,2,95,214,127.08,122.5,57.65,3238670.92,2,36,1.96,3,4,2.75,3,1.18,30.58,8,36,1.96,2,2,1.67,2,0.59,6,3,36,1.96,66.5,105,76.42,92.5,31.12,628616.25,2,36,1.96,4000,4200,3700,4200,1000,6.00E+10,4,36,2,172,239,173.11,200.5,66.81,7048709.44,3,36,1.96,3900,4000,3500,4000,1100,5.20E+10,5,36,2,Thal
31,860,330,240,310,1.40E+08,2,50,2,104.8,266,136.92,134.5,66.71,4409765.4,4,50,1.96,0,4,1.8,2,1.5,17.4,8,50,1.96,1,2,1.28,1,0.78,4.16,5,50,1.96,5.7,110,55,68,44,460000,5,50,2,1900,4200,2900,3500,1300,3.80E+10,5,50,2,16.2,239,122.28,162.5,92.21,4687470.72,6,50,1.96,340,4000,2500,3900,1800,3.60E+10,7,50,2,Thal
190,790,390,390,270,1.40E+08,1,40,2,98.7,299,158.38,135,84.61,7426938.12,3,40,1.96,1.7,4,2.08,2,1.16,16.62,9,40,1.96,1,2,1.32,1,0.66,3.88,6,40,1.96,55.1,107,73.17,91,35.7,629790.72,3,40,1.96,2800,4100,3200,3600,1100,4.00E+10,4,40,2,132.9,236,161.78,191.5,74.62,6510216.97,3,40,1.96,3600,4000,3300,4000,1200,4.90E+10,4,40,2,Thal
170,690,340,350,230,9.00E+07,1,38,2,94.6,264,135.21,120.5,71.61,4573996.63,1,38,1.96,1,3,1.89,3,1.31,15.16,4,38,1.96,1,2,1.32,2,0.84,4.63,3,38,1.96,52.3,109,70.63,94.5,40.37,643416.05,4,38,1.96,2400,3500,2600,2900,910,2.40E+10,2,38,2,134.6,245,164.21,214,88.44,7616877.47,3,38,1.96,3000,4000,3100,4000,1500,4.40E+10,3,38,2,Thal
30,660,230,110,240,5.90E+07,5,54,2,87.8,249,122.33,115,65.87,3461776.33,3,54,1.96,1,4,1.89,2,0.98,12.33,10,54,1.96,1,2,1.39,1,0.56,3.94,4,54,1.96,12.7,98,51.19,51.5,38.92,359180.96,8,54,1.96,1500,4300,2900,3900,1500,4.20E+10,5,54,2,24.4,199,103.54,122.5,74.99,2755858.31,6,54,1.96,800,4000,2500,3500,1700,3.50E+10,4,54,2,Thal
44,710,290,180,270,9.60E+07,2,52,2,110,360,180,130,110,1.20E+07,3,52,2,1,3,2.1,2,0.98,14.67,8,52,1.96,1,2,1.38,1,0.57,3.92,6,52,1.96,29.5,100,58.21,68,36.38,406499.02,4,52,1.96,2400,4200,3200,4000,1300,4.50E+10,4,52,2,62.1,214,120.83,153,74.27,3566718.13,3,52,1.96,2000,4100,2900,4000,1600,4.10E+10,5,52,2,Thal
