Date,Hour,Waterlevel
01/01/2008,1,937
01/01/2008,4,933.5
01/01/2008,7,930
01/01/2008,10,926.5
01/01/2008,13,923
01/01/2008,16,921
01/01/2008,19,919
01/01/2008,22,930.5
01/02/2008,1,942
01/02/2008,4,940
01/02/2008,7,938
01/02/2008,10,932.5
01/02/2008,13,927
01/02/2008,16,939
01/02/2008,19,951
01/02/2008,22,962
01/03/2008,1,973
01/03/2008,4,971
01/03/2008,7,968
01/03/2008,10,957
01/03/2008,13,948
01/03/2008,16,937
01/03/2008,19,923
01/03/2008,22,938
01/04/2008,1,955
01/04/2008,4,959
01/04/2008,7,943
01/04/2008,10,933
01/04/2008,13,924
01/04/2008,16,919
01/04/2008,19,916
01/04/2008,22,943
01/05/2008,1,970
01/05/2008,4,971.5
01/05/2008,7,957
01/05/2008,10,947
01/05/2008,13,930
01/05/2008,16,920.5
01/05/2008,19,920
01/05/2008,22,943
01/06/2008,1,966
01/06/2008,4,971
01/06/2008,7,954
01/06/2008,10,937
01/06/2008,13,922
01/06/2008,16,919
01/06/2008,19,916
01/06/2008,22,920
01/07/2008,1,932
01/07/2008,4,929.5
01/07/2008,7,927
01/07/2008,10,922.5
01/07/2008,13,918
01/07/2008,16,919.5
01/07/2008,19,921
01/07/2008,22,941.5
01/08/2008,1,964
01/08/2008,4,973
01/08/2008,7,958
01/08/2008,10,939
01/08/2008,13,923
01/08/2008,16,918
01/08/2008,19,920
01/08/2008,22,924
01/09/2008,1,941
01/09/2008,4,949
01/09/2008,7,936
01/09/2008,10,921
01/09/2008,13,918
01/09/2008,16,917
01/09/2008,19,919
01/09/2008,22,925
01/10/2008,1,943
01/10/2008,4,951
01/10/2008,7,938
01/10/2008,10,922
01/10/2008,13,921
01/10/2008,16,918
01/10/2008,19,920
01/10/2008,22,924
01/11/2008,1,932
01/11/2008,4,940
01/11/2008,7,936
01/11/2008,10,929
01/11/2008,13,925
01/11/2008,16,921
01/11/2008,19,917
01/11/2008,22,926
01/12/2008,1,938
01/12/2008,4,959
01/12/2008,7,953
01/12/2008,10,946
01/12/2008,13,939
01/12/2008,16,931
01/12/2008,19,924
01/12/2008,22,929
01/13/2008,1,946
01/13/2008,4,965
01/13/2008,7,944
01/13/2008,10,937
01/13/2008,13,930
01/13/2008,16,923
01/13/2008,19,916
01/13/2008,22,925
01/14/2008,1,932
01/14/2008,4,936
01/14/2008,7,929
01/14/2008,10,925
01/14/2008,13,920
01/14/2008,16,926
01/14/2008,19,930
01/14/2008,22,932
01/15/2008,1,936
01/15/2008,4,954
01/15/2008,7,945
01/15/2008,10,937
01/15/2008,13,925
01/15/2008,16,929
01/15/2008,19,932
01/15/2008,22,935
01/16/2008,1,951
01/16/2008,4,969
01/16/2008,7,962
01/16/2008,10,940
01/16/2008,13,917
01/16/2008,16,924
01/16/2008,19,935
01/16/2008,22,944
01/17/2008,1,963
01/17/2008,4,969
01/17/2008,7,960
01/17/2008,10,944
01/17/2008,13,925
01/17/2008,16,956
01/17/2008,19,1004
01/17/2008,22,1074
01/18/2008,1,1109
01/18/2008,4,1120
01/18/2008,7,1112
01/18/2008,10,1094
01/18/2008,13,1083
01/18/2008,16,1100.5
01/18/2008,19,1119
01/18/2008,22,1132
01/19/2008,1,1145
01/19/2008,4,1142.5
01/19/2008,7,1121
01/19/2008,10,1107
01/19/2008,13,1103
01/19/2008,16,1117
01/19/2008,19,1136
01/19/2008,22,1144
01/20/2008,1,1152
01/20/2008,4,1160.5
01/20/2008,7,1155
01/20/2008,10,1147
01/20/2008,13,1141
01/20/2008,16,1158
01/20/2008,19,1164
01/20/2008,22,1167.5
01/21/2008,1,1161
01/21/2008,4,1148
01/21/2008,7,1135
01/21/2008,10,1117.5
01/21/2008,13,1106
01/21/2008,16,1097
01/21/2008,19,1090
01/21/2008,22,1086
01/22/2008,1,1083
01/22/2008,4,1078
01/22/2008,7,1068
01/22/2008,10,1059
01/22/2008,13,1051
01/22/2008,16,1050.5
01/22/2008,19,1071
01/22/2008,22,1078
01/23/2008,1,1083
01/23/2008,4,1072
01/23/2008,7,1057
01/23/2008,10,1041
01/23/2008,13,1025
01/23/2008,16,1021
01/23/2008,19,1030
01/23/2008,22,1036
01/24/2008,1,1040
01/24/2008,4,1035
01/24/2008,7,1027
01/24/2008,10,1011
01/24/2008,13,976
01/24/2008,16,1005.5
01/24/2008,19,1038
01/24/2008,22,1066
01/25/2008,1,1081
01/25/2008,4,1073
01/25/2008,7,1063
01/25/2008,10,1042
01/25/2008,13,1014
01/25/2008,16,1011.5
01/25/2008,19,1058
01/25/2008,22,1086
01/26/2008,1,1111
01/26/2008,4,1136.5
01/26/2008,7,1137
01/26/2008,10,1137.5
01/26/2008,13,1141
01/26/2008,16,1150
01/26/2008,19,1164
01/26/2008,22,1171
01/27/2008,1,1182
01/27/2008,4,1169.5
01/27/2008,7,1151
01/27/2008,10,1130
01/27/2008,13,1118
01/27/2008,16,1107.5
01/27/2008,19,1101
01/27/2008,22,1081
01/28/2008,1,1057
01/28/2008,4,1026
01/28/2008,7,995
01/28/2008,10,947
01/28/2008,13,923
01/28/2008,16,916.5
01/28/2008,19,928
01/28/2008,22,955
01/29/2008,1,969
01/29/2008,4,970
01/29/2008,7,953
01/29/2008,10,936
01/29/2008,13,926
01/29/2008,16,917.5
01/29/2008,19,911
01/29/2008,22,916
01/30/2008,1,950
01/30/2008,4,946
01/30/2008,7,940
01/30/2008,10,926
01/30/2008,13,905
01/30/2008,16,900
01/30/2008,19,897
01/30/2008,22,901
01/31/2008,1,908
01/31/2008,4,934
01/31/2008,7,923
01/31/2008,10,919
01/31/2008,13,913
01/31/2008,16,898
01/31/2008,19,891
01/31/2008,22,896
02/01/2008,1,904
02/01/2008,4,944.5
02/01/2008,7,1042
02/01/2008,10,1080
02/01/2008,13,1070.333333
02/01/2008,16,1067
02/01/2008,19,1064.666667
02/01/2008,22,1070.5
02/02/2008,1,1082
02/02/2008,4,1099
02/02/2008,7,1119
02/02/2008,10,1108.5
02/02/2008,13,1099
02/02/2008,16,1099.5
02/02/2008,19,1128
02/02/2008,22,1148
02/03/2008,1,1154
02/03/2008,4,1153.5
02/03/2008,7,1140
02/03/2008,10,1136
02/03/2008,13,1142
02/03/2008,16,1157.5
02/03/2008,19,1172
02/03/2008,22,1182.5
02/04/2008,1,1193
02/04/2008,4,1191.5
02/04/2008,7,1170
02/04/2008,10,1144.5
02/04/2008,13,1120
02/04/2008,16,1124
02/04/2008,19,1146
02/04/2008,22,1155
02/05/2008,1,1157
02/05/2008,4,1141
02/05/2008,7,1113
02/05/2008,10,1081
02/05/2008,13,1054
02/05/2008,16,1051
02/05/2008,19,1069
02/05/2008,22,1076.5
02/06/2008,1,1081
02/06/2008,4,1081.5
02/06/2008,7,1075
02/06/2008,10,1042.5
02/06/2008,13,1010
02/06/2008,16,988.5
02/06/2008,19,962
02/06/2008,22,958.5
02/07/2008,1,978
02/07/2008,4,998.5
02/07/2008,7,1018
02/07/2008,10,983
02/07/2008,13,948
02/07/2008,16,911.5
02/07/2008,19,887
02/07/2008,22,885
02/08/2008,1,888
02/08/2008,4,888.5
02/08/2008,7,889
02/08/2008,10,884.5
02/08/2008,13,880
02/08/2008,16,869.5
02/08/2008,19,859
02/08/2008,22,870
02/09/2008,1,881
02/09/2008,4,936
02/09/2008,7,939
02/09/2008,10,911.5
02/09/2008,13,884
02/09/2008,16,860.5
02/09/2008,19,848
02/09/2008,22,873.5
02/10/2008,1,922
02/10/2008,4,914
02/10/2008,7,910
02/10/2008,10,887
02/10/2008,13,860
02/10/2008,16,854
02/10/2008,19,849
02/10/2008,22,857
02/11/2008,1,865
02/11/2008,4,898
02/11/2008,7,908
02/11/2008,10,904
02/11/2008,13,901
02/11/2008,16,888
02/11/2008,19,878
02/11/2008,22,862
02/12/2008,1,863
02/12/2008,4,886
02/12/2008,7,904
02/12/2008,10,884
02/12/2008,13,861
02/12/2008,16,857
02/12/2008,19,850
02/12/2008,22,855
02/13/2008,1,869
02/13/2008,4,917
02/13/2008,7,930
02/13/2008,10,900.5
02/13/2008,13,875
02/13/2008,16,868.5
02/13/2008,19,863
02/13/2008,22,879.5
02/14/2008,1,898
02/14/2008,4,913.5
02/14/2008,7,936
02/14/2008,10,912
02/14/2008,13,879
02/14/2008,16,869
02/14/2008,19,887
02/14/2008,22,907.5
02/15/2008,1,925
02/15/2008,4,941.5
02/15/2008,7,937
02/15/2008,10,918
02/15/2008,13,895
02/15/2008,16,874
02/15/2008,19,887
02/15/2008,22,902.5
02/16/2008,1,930
02/16/2008,4,945.5
02/16/2008,7,932
02/16/2008,10,897.5
02/16/2008,13,865
02/16/2008,16,857.5
02/16/2008,19,886
02/16/2008,22,919
02/17/2008,1,941
02/17/2008,4,951
02/17/2008,7,940
02/17/2008,10,901.5
02/17/2008,13,863
02/17/2008,16,849.5
02/17/2008,19,852
02/17/2008,22,874
02/18/2008,1,898
02/18/2008,4,922.5
02/18/2008,7,940
02/18/2008,10,911.5
02/18/2008,13,874
02/18/2008,16,875.5
02/18/2008,19,910
02/18/2008,22,942
02/19/2008,1,967
02/19/2008,4,965.5
02/19/2008,7,940
02/19/2008,10,906
02/19/2008,13,873
02/19/2008,16,900.5
02/19/2008,19,964
02/19/2008,22,995
02/20/2008,1,1002
02/20/2008,4,992.5
02/20/2008,7,975
02/20/2008,10,954.5
02/20/2008,13,936
02/20/2008,16,954.5
02/20/2008,19,987
02/20/2008,22,1010
02/21/2008,1,1022
02/21/2008,4,1006.5
02/21/2008,7,981
02/21/2008,10,949.5
02/21/2008,13,911
02/21/2008,16,923
02/21/2008,19,955
02/21/2008,22,969
02/22/2008,1,976
02/22/2008,4,964.5
02/22/2008,7,945
02/22/2008,10,911
02/22/2008,13,876
02/22/2008,16,882.5
02/22/2008,19,901
02/22/2008,22,914.5
02/23/2008,1,923
02/23/2008,4,921
02/23/2008,7,897
02/23/2008,10,876.5
02/23/2008,13,859
02/23/2008,16,854
02/23/2008,19,876
02/23/2008,22,894
02/24/2008,1,919
02/24/2008,4,914.5
02/24/2008,7,899
02/24/2008,10,886.5
02/24/2008,13,873
02/24/2008,16,867.5
02/24/2008,19,878
02/24/2008,22,887.5
02/25/2008,1,898
02/25/2008,4,914
02/25/2008,7,909
02/25/2008,10,876.5
02/25/2008,13,868
02/25/2008,16,858.5
02/25/2008,19,875
02/25/2008,22,896
02/26/2008,1,921
02/26/2008,4,909.5
02/26/2008,7,901
02/26/2008,10,878
02/26/2008,13,873
02/26/2008,16,889.5
02/26/2008,19,903
02/26/2008,22,920.5
02/27/2008,1,952
02/27/2008,4,998
02/27/2008,7,1082.666667
02/27/2008,10,1114.333333
02/27/2008,13,1116.333333
02/27/2008,16,1117.666667
02/27/2008,19,1125.333333
02/27/2008,22,1138.75
02/28/2008,1,1149
02/28/2008,4,1157.5
02/28/2008,7,1155
02/28/2008,10,1139.5
02/28/2008,13,1134
02/28/2008,16,1145.5
02/28/2008,19,1156
02/28/2008,22,1150.5
02/29/2008,1,1139
02/29/2008,4,1125.5
02/29/2008,7,1108
02/29/2008,10,1081
02/29/2008,13,1050
02/29/2008,16,1048
02/29/2008,19,1068
02/29/2008,22,1085.5
03/01/2008,1,1095
03/01/2008,4,1071.5
03/01/2008,7,1049
03/01/2008,10,1022.5
03/01/2008,13,994
03/01/2008,16,977
03/01/2008,19,983
03/01/2008,22,1006.5
03/02/2008,1,1037
03/02/2008,4,1051.5
03/02/2008,7,1068
03/02/2008,10,1073.5
03/02/2008,13,1073
03/02/2008,16,1078
03/02/2008,19,1088
03/02/2008,22,1100.5
03/03/2008,1,1110
03/03/2008,4,1118
03/03/2008,7,1116
03/03/2008,10,1110.5
03/03/2008,13,1104
03/03/2008,16,1117.5
03/03/2008,19,1140
03/03/2008,22,1157
03/04/2008,1,1167
03/04/2008,4,1155
03/04/2008,7,1130
03/04/2008,10,1119
03/04/2008,13,1106
03/04/2008,16,1134.5
03/04/2008,19,1151
03/04/2008,22,1156.5
03/05/2008,1,1154
03/05/2008,4,1132.5
03/05/2008,7,1111
03/05/2008,10,1078
03/05/2008,13,1054
03/05/2008,16,1053.5
03/05/2008,19,1066
03/05/2008,22,1081
03/06/2008,1,1102
03/06/2008,4,1053
03/06/2008,7,1000
03/06/2008,10,979.5
03/06/2008,13,973
03/06/2008,16,968.5
03/06/2008,19,963
03/06/2008,22,968
03/07/2008,1,978
03/07/2008,4,968.5
03/07/2008,7,957
03/07/2008,10,944.5
03/07/2008,13,924
03/07/2008,16,907
03/07/2008,19,887
03/07/2008,22,884
03/08/2008,1,891
03/08/2008,4,887.5
03/08/2008,7,884
03/08/2008,10,875
03/08/2008,13,865
03/08/2008,16,862
03/08/2008,19,860
03/08/2008,22,865.5
03/09/2008,1,872
03/09/2008,4,883.5
03/09/2008,7,890
03/09/2008,10,893.5
03/09/2008,13,887
03/09/2008,16,882.5
03/09/2008,19,876
03/09/2008,22,871
03/10/2008,1,877
03/10/2008,4,882
03/10/2008,7,878
03/10/2008,10,868.5
03/10/2008,13,861
03/10/2008,16,855
03/10/2008,19,850
03/10/2008,22,847.5
03/11/2008,1,857
03/11/2008,4,880
03/11/2008,7,884
03/11/2008,10,878
03/11/2008,13,871
03/11/2008,16,866
03/11/2008,19,874
03/11/2008,22,887.5
03/12/2008,1,897
03/12/2008,4,909.5
03/12/2008,7,904
03/12/2008,10,887.5
03/12/2008,13,872
03/12/2008,16,864.5
03/12/2008,19,864
03/12/2008,22,872.5
03/13/2008,1,883
03/13/2008,4,895
03/13/2008,7,892
03/13/2008,10,879
03/13/2008,13,862
03/13/2008,16,868
03/13/2008,19,881
03/13/2008,22,889
03/14/2008,1,896
03/14/2008,4,907
03/14/2008,7,904
03/14/2008,10,893
03/14/2008,13,879
03/14/2008,16,890
03/14/2008,19,907
03/14/2008,22,922
03/15/2008,1,935
03/15/2008,4,949.5
03/15/2008,7,939
03/15/2008,10,910
03/15/2008,13,883
03/15/2008,16,918.5
03/15/2008,19,958
03/15/2008,22,983
03/16/2008,1,1003
03/16/2008,4,1013.5
03/16/2008,7,1010
03/16/2008,10,987
03/16/2008,13,964
03/16/2008,16,990.5
03/16/2008,19,1020
03/16/2008,22,1042.5
03/17/2008,1,1055
03/17/2008,4,1045.5
03/17/2008,7,1024
03/17/2008,10,988.5
03/17/2008,13,959
03/17/2008,16,957
03/17/2008,19,1001
03/17/2008,22,1034
03/18/2008,1,1058
03/18/2008,4,1041.5
03/18/2008,7,1006
03/18/2008,10,974
03/18/2008,13,954
03/18/2008,16,968
03/18/2008,19,982
03/18/2008,22,998.5
03/19/2008,1,1020
03/19/2008,4,995
03/19/2008,7,970
03/19/2008,10,951.5
03/19/2008,13,937
03/19/2008,16,940.5
03/19/2008,19,943
03/19/2008,22,954
03/20/2008,1,965
03/20/2008,4,968.5
03/20/2008,7,962
03/20/2008,10,951
03/20/2008,13,935
03/20/2008,16,934.5
03/20/2008,19,949
03/20/2008,22,962.5
03/21/2008,1,977
03/21/2008,4,1006
03/21/2008,7,991
03/21/2008,10,966.5
03/21/2008,13,941
03/21/2008,16,934
03/21/2008,19,940
03/21/2008,22,955
03/22/2008,1,968
03/22/2008,4,990
03/22/2008,7,977
03/22/2008,10,955
03/22/2008,13,942
03/22/2008,16,942.5
03/22/2008,19,960
03/22/2008,22,973.5
03/23/2008,1,991
03/23/2008,4,1002
03/23/2008,7,983
03/23/2008,10,992.5
03/23/2008,13,1010
03/23/2008,16,999
03/23/2008,19,1003
03/23/2008,22,1009
03/24/2008,1,1014
03/24/2008,4,999
03/24/2008,7,984
03/24/2008,10,977.5
03/24/2008,13,972
03/24/2008,16,964.5
03/24/2008,19,958
03/24/2008,22,966
03/25/2008,1,970
03/25/2008,4,970.5
03/25/2008,7,964
03/25/2008,10,958.5
03/25/2008,13,954
03/25/2008,16,946
03/25/2008,19,939
03/25/2008,22,948.5
03/26/2008,1,959
03/26/2008,4,959.5
03/26/2008,7,937
03/26/2008,10,930
03/26/2008,13,927
03/26/2008,16,944.5
03/26/2008,19,970
03/26/2008,22,985
03/27/2008,1,992
03/27/2008,4,982
03/27/2008,7,963
03/27/2008,10,954
03/27/2008,13,944
03/27/2008,16,952
03/27/2008,19,962
03/27/2008,22,967.5
03/28/2008,1,972
03/28/2008,4,975.5
03/28/2008,7,969
03/28/2008,10,951.5
03/28/2008,13,960
03/28/2008,16,926.5
03/28/2008,19,925
03/28/2008,22,934
03/29/2008,1,952
03/29/2008,4,975
03/29/2008,7,978
03/29/2008,10,954.5
03/29/2008,13,932
03/29/2008,16,937
03/29/2008,19,962
03/29/2008,22,972.5
03/30/2008,1,978
03/30/2008,4,954.5
03/30/2008,7,928
03/30/2008,10,915
03/30/2008,13,904
03/30/2008,16,911
03/30/2008,19,920
03/30/2008,22,925.5
03/31/2008,1,929
03/31/2008,4,925
03/31/2008,7,918
03/31/2008,10,916
03/31/2008,13,912
03/31/2008,16,919
03/31/2008,19,937
03/31/2008,22,952
04/01/2008,1,963
04/01/2008,4,966.5
04/01/2008,7,954
04/01/2008,10,939
04/01/2008,13,926
04/01/2008,16,919
04/01/2008,19,924
04/01/2008,22,934.5
04/02/2008,1,947
04/02/2008,4,956
04/02/2008,7,952
04/02/2008,10,944
04/02/2008,13,934
04/02/2008,16,931.5
04/02/2008,19,941
04/02/2008,22,945
04/03/2008,1,950
04/03/2008,4,955
04/03/2008,7,960
04/03/2008,10,960
04/03/2008,13,948
04/03/2008,16,961
04/03/2008,19,983
04/03/2008,22,999.5
04/04/2008,1,1010
04/04/2008,4,1008.5
04/04/2008,7,991
04/04/2008,10,971
04/04/2008,13,955
04/04/2008,16,954.5
04/04/2008,19,966
04/04/2008,22,987.5
04/05/2008,1,1000
04/05/2008,4,981.5
04/05/2008,7,981
04/05/2008,10,961
04/05/2008,13,951
04/05/2008,16,949.5
04/05/2008,19,962
04/05/2008,22,982.5
04/06/2008,1,1003
04/06/2008,4,1009.5
04/06/2008,7,993
04/06/2008,10,972.5
04/06/2008,13,958
04/06/2008,16,946.5
04/06/2008,19,937
04/06/2008,22,944.5
04/07/2008,1,954
04/07/2008,4,951
04/07/2008,7,933
04/07/2008,10,925.5
04/07/2008,13,922
04/07/2008,16,920
04/07/2008,19,900
04/07/2008,22,910
04/08/2008,1,942
04/08/2008,4,937.5
04/08/2008,7,934
04/08/2008,10,928.5
04/08/2008,13,925
04/08/2008,16,924
04/08/2008,19,938
04/08/2008,22,948
04/09/2008,1,958
04/09/2008,4,965
04/09/2008,7,962
04/09/2008,10,954
04/09/2008,13,945
04/09/2008,16,933
04/09/2008,19,938
04/09/2008,22,945.5
04/10/2008,1,959
04/10/2008,4,976.5
04/10/2008,7,969
04/10/2008,10,959
04/10/2008,13,954
04/10/2008,16,944.5
04/10/2008,19,940
04/10/2008,22,945
04/11/2008,1,953
04/11/2008,4,965.5
04/11/2008,7,959
04/11/2008,10,947
04/11/2008,13,937
04/11/2008,16,929
04/11/2008,19,934
04/11/2008,22,943.5
04/12/2008,1,951
04/12/2008,4,952
04/12/2008,7,943
04/12/2008,10,935
04/12/2008,13,929
04/12/2008,16,929.5
04/12/2008,19,937
04/12/2008,22,946.5
04/13/2008,1,956
04/13/2008,4,958
04/13/2008,7,953
04/13/2008,10,946.5
04/13/2008,13,933
04/13/2008,16,930
04/13/2008,19,934
04/13/2008,22,943.5
04/14/2008,1,950
04/14/2008,4,947.5
04/14/2008,7,928
04/14/2008,10,947.5
04/14/2008,13,978
04/14/2008,16,1015.5
04/14/2008,19,1054
04/14/2008,22,1076
04/15/2008,1,1087
04/15/2008,4,1095.5
04/15/2008,7,1096
04/15/2008,10,1072
04/15/2008,13,1057
04/15/2008,16,1033.5
04/15/2008,19,1003
04/15/2008,22,990
04/16/2008,1,977
04/16/2008,4,965.5
04/16/2008,7,951
04/16/2008,10,945.5
04/16/2008,13,941
04/16/2008,16,942.5
04/16/2008,19,955
04/16/2008,22,966.5
04/17/2008,1,975
04/17/2008,4,970.5
04/17/2008,7,954
04/17/2008,10,941.5
04/17/2008,13,928
04/17/2008,16,925.5
04/17/2008,19,947
04/17/2008,22,954
04/18/2008,1,959
04/18/2008,4,960
04/18/2008,7,951
04/18/2008,10,932
04/18/2008,13,924
04/18/2008,16,935.5
04/18/2008,19,972
04/18/2008,22,977
04/19/2008,1,984
04/19/2008,4,989
04/19/2008,7,974
04/19/2008,10,937
04/19/2008,13,918
04/19/2008,16,912
04/19/2008,19,933
04/19/2008,22,952.5
04/20/2008,1,980
04/20/2008,4,984
04/20/2008,7,947
04/20/2008,10,911
04/20/2008,13,887
04/20/2008,16,880
04/20/2008,19,903
04/20/2008,22,928.5
04/21/2008,1,942
04/21/2008,4,937
04/21/2008,7,926
04/21/2008,10,908
04/21/2008,13,888
04/21/2008,16,870
04/21/2008,19,886
04/21/2008,22,897
04/22/2008,1,912
04/22/2008,4,934
04/22/2008,7,937
04/22/2008,10,925.5
04/22/2008,13,916
04/22/2008,16,902
04/22/2008,19,902
04/22/2008,22,914.5
04/23/2008,1,932
04/23/2008,4,935
04/23/2008,7,929
04/23/2008,10,903
04/23/2008,13,878
04/23/2008,16,871
04/23/2008,19,882
04/23/2008,22,898
04/24/2008,1,916
04/24/2008,4,929
04/24/2008,7,919
04/24/2008,10,902
04/24/2008,13,881
04/24/2008,16,864
04/24/2008,19,884
04/24/2008,22,893
04/25/2008,1,916
04/25/2008,4,938
04/25/2008,7,925
04/25/2008,10,906
04/25/2008,13,883
04/25/2008,16,879
04/25/2008,19,880
04/25/2008,22,889
04/26/2008,1,905
04/26/2008,4,922
04/26/2008,7,928
04/26/2008,10,896
04/26/2008,13,868
04/26/2008,16,861
04/26/2008,19,878
04/26/2008,22,884
04/27/2008,1,903
04/27/2008,4,914
04/27/2008,7,932
04/27/2008,10,924
04/27/2008,13,911
04/27/2008,16,898
04/27/2008,19,877
04/27/2008,22,882
04/28/2008,1,890
04/28/2008,4,919
04/28/2008,7,900
04/28/2008,10,882
04/28/2008,13,866
04/28/2008,16,892
04/28/2008,19,925
04/28/2008,22,943
04/29/2008,1,957
04/29/2008,4,969
04/29/2008,7,955
04/29/2008,10,931.5
04/29/2008,13,903
04/29/2008,16,888.5
04/29/2008,19,898
04/29/2008,22,915
04/30/2008,1,931
04/30/2008,4,937
04/30/2008,7,929
04/30/2008,10,904
04/30/2008,13,873
04/30/2008,16,865
04/30/2008,19,879
04/30/2008,22,892
05/01/2008,1,908
05/01/2008,4,924
05/01/2008,7,920
05/01/2008,10,917
05/01/2008,13,911
05/01/2008,16,900
05/01/2008,19,913
05/01/2008,22,919
05/02/2008,1,923
05/02/2008,4,902
05/02/2008,7,870
05/02/2008,10,883
05/02/2008,13,904
05/02/2008,16,915
05/02/2008,19,952
05/02/2008,22,975.5
05/03/2008,1,996
05/03/2008,4,994.5
05/03/2008,7,980
05/03/2008,10,958
05/03/2008,13,947
05/03/2008,16,963.5
05/03/2008,19,987
05/03/2008,22,994
05/04/2008,1,1002
05/04/2008,4,988
05/04/2008,7,982
05/04/2008,10,971.5
05/04/2008,13,953
05/04/2008,16,971
05/04/2008,19,1000
05/04/2008,22,1014.5
05/05/2008,1,1034
05/05/2008,4,1056
05/05/2008,7,1089
05/05/2008,10,1116.666667
05/05/2008,13,1139.666667
05/05/2008,16,1172.333333
05/05/2008,19,1191.333333
05/05/2008,22,1200.5
05/06/2008,1,1208
05/06/2008,4,1195.5
05/06/2008,7,1185
05/06/2008,10,1177
05/06/2008,13,1167
05/06/2008,16,1155
05/06/2008,19,1141
05/06/2008,22,1134
05/07/2008,1,1128
05/07/2008,4,1116
05/07/2008,7,1098
05/07/2008,10,1068.5
05/07/2008,13,1054
05/07/2008,16,1068
05/07/2008,19,1075
05/07/2008,22,1079
05/08/2008,1,1084
05/08/2008,4,1081.5
05/08/2008,7,1065
05/08/2008,10,1044.5
05/08/2008,13,1032
05/08/2008,16,1046.5
05/08/2008,19,1061
05/08/2008,22,1067.5
05/09/2008,1,1074
05/09/2008,4,1062.5
05/09/2008,7,1051
05/09/2008,10,1038.5
05/09/2008,13,1010
05/09/2008,16,1010
05/09/2008,19,1045
05/09/2008,22,1056
05/10/2008,1,1065
05/10/2008,4,1070
05/10/2008,7,1068
05/10/2008,10,1061
05/10/2008,13,1058
05/10/2008,16,1073
05/10/2008,19,1083
05/10/2008,22,1087
05/11/2008,1,1080
05/11/2008,4,1062.5
05/11/2008,7,1051
05/11/2008,10,1033
05/11/2008,13,1016
05/11/2008,16,1014.5
05/11/2008,19,1024
05/11/2008,22,1037
05/12/2008,1,1038
05/12/2008,4,1026.5
05/12/2008,7,1018
05/12/2008,10,1004
05/12/2008,13,993
05/12/2008,16,1005.5
05/12/2008,19,1028
05/12/2008,22,1045
05/13/2008,1,1053
05/13/2008,4,1049.5
05/13/2008,7,1032
05/13/2008,10,1024
05/13/2008,13,1016
05/13/2008,16,1014
05/13/2008,19,1033
05/13/2008,22,1043
05/14/2008,1,1050
05/14/2008,4,1041.5
05/14/2008,7,1034
05/14/2008,10,1010.5
05/14/2008,13,989
05/14/2008,16,983
05/14/2008,19,1008
05/14/2008,22,1022.5
05/15/2008,1,1032
05/15/2008,4,1022.5
05/15/2008,7,1010
05/15/2008,10,984
05/15/2008,13,962
05/15/2008,16,980
05/15/2008,19,1005
05/15/2008,22,1029
05/16/2008,1,1033
05/16/2008,4,1027
05/16/2008,7,1022
05/16/2008,10,996.5
05/16/2008,13,975
05/16/2008,16,976.5
05/16/2008,19,1000
05/16/2008,22,1020.5
05/17/2008,1,1036
05/17/2008,4,1027
05/17/2008,7,1020
05/17/2008,10,1012
05/17/2008,13,999
05/17/2008,16,1008.5
05/17/2008,19,1021
05/17/2008,22,1033
05/18/2008,1,1043
05/18/2008,4,1027.5
05/18/2008,7,1016
05/18/2008,10,1003.5
05/18/2008,13,989
05/18/2008,16,999.5
05/18/2008,19,1018
05/18/2008,22,1031
05/19/2008,1,1030
05/19/2008,4,1005.5
05/19/2008,7,961
05/19/2008,10,952
05/19/2008,13,951
05/19/2008,16,970
05/19/2008,19,1011
05/19/2008,22,1039.5
05/20/2008,1,1056
05/20/2008,4,1061.5
05/20/2008,7,1054
05/20/2008,10,1041.5
05/20/2008,13,1028
05/20/2008,16,1034
05/20/2008,19,1054
05/20/2008,22,1066.5
05/21/2008,1,1074
05/21/2008,4,1069
05/21/2008,7,1061
05/21/2008,10,1035.5
05/21/2008,13,1018
05/21/2008,16,1019
05/21/2008,19,1033
05/21/2008,22,1046
05/22/2008,1,1053
05/22/2008,4,1049
05/22/2008,7,1038
05/22/2008,10,1013
05/22/2008,13,992
05/22/2008,16,995
05/22/2008,19,1016
05/22/2008,22,1030.5
05/23/2008,1,1036
05/23/2008,4,1028
05/23/2008,7,1021
05/23/2008,10,1002.5
05/23/2008,13,980
05/23/2008,16,990.5
05/23/2008,19,1015
05/23/2008,22,1033.5
05/24/2008,1,1045
05/24/2008,4,1036.5
05/24/2008,7,1026
05/24/2008,10,1000
05/24/2008,13,975
05/24/2008,16,967
05/24/2008,19,994
05/24/2008,22,1009
05/25/2008,1,1021
05/25/2008,4,1026.5
05/25/2008,7,1016
05/25/2008,10,991
05/25/2008,13,973
05/25/2008,16,955
05/25/2008,19,956
05/25/2008,22,974
05/26/2008,1,988
05/26/2008,4,990
05/26/2008,7,985
05/26/2008,10,983
05/26/2008,13,983
05/26/2008,16,1002
05/26/2008,19,1030
05/26/2008,22,1044
05/27/2008,1,1049
05/27/2008,4,1038.5
05/27/2008,7,1025
05/27/2008,10,999.5
05/27/2008,13,981
05/27/2008,16,993
05/27/2008,19,1017
05/27/2008,22,1032
05/28/2008,1,1037
05/28/2008,4,1042
05/28/2008,7,1044
05/28/2008,10,1030.5
05/28/2008,13,1024
05/28/2008,16,1027
05/28/2008,19,1035
05/28/2008,22,1037
05/29/2008,1,1034
05/29/2008,4,1029
05/29/2008,7,1025
05/29/2008,10,1023.5
05/29/2008,13,1022
05/29/2008,16,1024
05/29/2008,19,1029
05/29/2008,22,1033
05/30/2008,1,1036
05/30/2008,4,1038
05/30/2008,7,1040
05/30/2008,10,1045
05/30/2008,13,1051
05/30/2008,16,1054
05/30/2008,19,1058
05/30/2008,22,1062
05/31/2008,1,1068
05/31/2008,4,1082
05/31/2008,7,1075
05/31/2008,10,1066.5
05/31/2008,13,1060
05/31/2008,16,1075
05/31/2008,19,1085
05/31/2008,22,1088
06/01/2008,1,1091
06/01/2008,4,1087
06/01/2008,7,1080
06/01/2008,10,1062.5
06/01/2008,13,1045
06/01/2008,16,1049.5
06/01/2008,19,1053
06/01/2008,22,1059.5
06/02/2008,1,1066
06/02/2008,4,1065.5
06/02/2008,7,1052
06/02/2008,10,1024
06/02/2008,13,1001
06/02/2008,16,1001
06/02/2008,19,1023
06/02/2008,22,1039.5
06/03/2008,1,1049
06/03/2008,4,1042.5
06/03/2008,7,1033
06/03/2008,10,1009
06/03/2008,13,987
06/03/2008,16,987.5
06/03/2008,19,1015
06/03/2008,22,1034
06/04/2008,1,1048
06/04/2008,4,1055.5
06/04/2008,7,1055
06/04/2008,10,1050
06/04/2008,13,1045
06/04/2008,16,1061
06/04/2008,19,1075
06/04/2008,22,1084
06/05/2008,1,1089
06/05/2008,4,1083
06/05/2008,7,1078
06/05/2008,10,1071.5
06/05/2008,13,1065
06/05/2008,16,1060
06/05/2008,19,1062
06/05/2008,22,1073
06/06/2008,1,1070
06/06/2008,4,1063
06/06/2008,7,1057
06/06/2008,10,1047.5
06/06/2008,13,1041
06/06/2008,16,1037
06/06/2008,19,1043
06/06/2008,22,1050.5
06/07/2008,1,1056
06/07/2008,4,1050
06/07/2008,7,1048
06/07/2008,10,1064
06/07/2008,13,1071
06/07/2008,16,1076
06/07/2008,19,1093
06/07/2008,22,1103
06/08/2008,1,1111
06/08/2008,4,1119
06/08/2008,7,1128
06/08/2008,10,1129
06/08/2008,13,1131
06/08/2008,16,1133
06/08/2008,19,1133
06/08/2008,22,1143
06/09/2008,1,1156
06/09/2008,4,1159
06/09/2008,7,1155
06/09/2008,10,1147
06/09/2008,13,1147
06/09/2008,16,1153
06/09/2008,19,1158
06/09/2008,22,1162
06/10/2008,1,1165
06/10/2008,4,1164
06/10/2008,7,1157
06/10/2008,10,1136
06/10/2008,13,1118
06/10/2008,16,1111
06/10/2008,19,1108
06/10/2008,22,1112
06/11/2008,1,1116
06/11/2008,4,1107.5
06/11/2008,7,1096
06/11/2008,10,1083.5
06/11/2008,13,1075
06/11/2008,16,1089.5
06/11/2008,19,1111
06/11/2008,22,1119
06/12/2008,1,1120
06/12/2008,4,1100
06/12/2008,7,1084
06/12/2008,10,1064
06/12/2008,13,1052
06/12/2008,16,1055.5
06/12/2008,19,1074
06/12/2008,22,1092.5
06/13/2008,1,1120
06/13/2008,4,1124
06/13/2008,7,1121
06/13/2008,10,1107
06/13/2008,13,1098
06/13/2008,16,1106.5
06/13/2008,19,1113
06/13/2008,22,1127.5
06/14/2008,1,1145
06/14/2008,4,1155.5
06/14/2008,7,1152
06/14/2008,10,1146.5
06/14/2008,13,1142
06/14/2008,16,1144
06/14/2008,19,1151
06/14/2008,22,1161
06/15/2008,1,1173
06/15/2008,4,1171.5
06/15/2008,7,1155
06/15/2008,10,1134.5
06/15/2008,13,1115
06/15/2008,16,1111.5
06/15/2008,19,1110
06/15/2008,22,1104.5
06/16/2008,1,1099
06/16/2008,4,1108
06/16/2008,7,1109
06/16/2008,10,1096
06/16/2008,13,1084
06/16/2008,16,1084.5
06/16/2008,19,1093
06/16/2008,22,1098.5
06/17/2008,1,1105
06/17/2008,4,1088.5
06/17/2008,7,1075
06/17/2008,10,1057
06/17/2008,13,1040
06/17/2008,16,1059
06/17/2008,19,1084
06/17/2008,22,1096
06/18/2008,1,1102
06/18/2008,4,1088.5
06/18/2008,7,1076
06/18/2008,10,1102
06/18/2008,13,1108
06/18/2008,16,1128.5
06/18/2008,19,1146
06/18/2008,22,1167
06/19/2008,1,1184
06/19/2008,4,1196
06/19/2008,7,1217
06/19/2008,10,1237.333333
06/19/2008,13,1267.333333
06/19/2008,16,1306
06/19/2008,19,1332
06/19/2008,22,1352.25
06/20/2008,1,1365
06/20/2008,4,1361.666667
06/20/2008,7,1356
06/20/2008,10,1347.333333
06/20/2008,13,1346
06/20/2008,16,1353.666667
06/20/2008,19,1361
06/20/2008,22,1363
06/21/2008,1,1365
06/21/2008,4,1364
06/21/2008,7,1353.666667
06/21/2008,10,1342.333333
06/21/2008,13,1338.333333
06/21/2008,16,1353
06/21/2008,19,1364.666667
06/21/2008,22,1374.25
06/22/2008,1,1378
06/22/2008,4,1373.333333
06/22/2008,7,1352.666667
06/22/2008,10,1328.666667
06/22/2008,13,1309
06/22/2008,16,1305
06/22/2008,19,1303
06/22/2008,22,1299.5
06/23/2008,1,1297
06/23/2008,4,1290.666667
06/23/2008,7,1274.666667
06/23/2008,10,1249.666667
06/23/2008,13,1230.666667
06/23/2008,16,1219.666667
06/23/2008,19,1215.333333
06/23/2008,22,1208.25
06/24/2008,1,1202
06/24/2008,4,1200.333333
06/24/2008,7,1196.333333
06/24/2008,10,1190
06/24/2008,13,1182.333333
06/24/2008,16,1186.666667
06/24/2008,19,1197.333333
06/24/2008,22,1207.5
06/25/2008,1,1212
06/25/2008,4,1210.5
06/25/2008,7,1206
06/25/2008,10,1194.5
06/25/2008,13,1188
06/25/2008,16,1185.5
06/25/2008,19,1191
06/25/2008,22,1196.5
06/26/2008,1,1193
06/26/2008,4,1185
06/26/2008,7,1179
06/26/2008,10,1160
06/26/2008,13,1146
06/26/2008,16,1156.5
06/26/2008,19,1166
06/26/2008,22,1175
06/27/2008,1,1185
06/27/2008,4,1184
06/27/2008,7,1167
06/27/2008,10,1155.5
06/27/2008,13,1172
06/27/2008,16,1202.5
06/27/2008,19,1220
06/27/2008,22,1225
06/28/2008,1,1231
06/28/2008,4,1231.5
06/28/2008,7,1218
06/28/2008,10,1216.5
06/28/2008,13,1238
06/28/2008,16,1266.5
06/28/2008,19,1290
06/28/2008,22,1313.5
06/29/2008,1,1326
06/29/2008,4,1327.333333
06/29/2008,7,1320
06/29/2008,10,1310.333333
06/29/2008,13,1297
06/29/2008,16,1296
06/29/2008,19,1304
06/29/2008,22,1309
06/30/2008,1,1306
06/30/2008,4,1299
06/30/2008,7,1286
06/30/2008,10,1269
06/30/2008,13,1264
06/30/2008,16,1269
06/30/2008,19,1274
06/30/2008,22,1276.5
07/01/2008,1,1273
07/01/2008,4,1267.5
07/01/2008,7,1259
07/01/2008,10,1247.5
07/01/2008,13,1247
07/01/2008,16,1254
07/01/2008,19,1261
07/01/2008,22,1271
07/02/2008,1,1289
07/02/2008,4,1325.666667
07/02/2008,7,1354.333333
07/02/2008,10,1367.333333
07/02/2008,13,1380.333333
07/02/2008,16,1388.333333
07/02/2008,19,1385.333333
07/02/2008,22,1375.75
07/03/2008,1,1362
07/03/2008,4,1343
07/03/2008,7,1323
07/03/2008,10,1298.5
07/03/2008,13,1288
07/03/2008,16,1292.5
07/03/2008,19,1294
07/03/2008,22,1296.5
07/04/2008,1,1299
07/04/2008,4,1296.5
07/04/2008,7,1292
07/04/2008,10,1293
07/04/2008,13,1314
07/04/2008,16,1343
07/04/2008,19,1357
07/04/2008,22,1367
07/05/2008,1,1376
07/05/2008,4,1384
07/05/2008,7,1390
07/05/2008,10,1380
07/05/2008,13,1373.333333
07/05/2008,16,1388.333333
07/05/2008,19,1401.333333
07/05/2008,22,1433
07/06/2008,1,1452
07/06/2008,4,1459
07/06/2008,7,1471
07/06/2008,10,1476
07/06/2008,13,1474.333333
07/06/2008,16,1483.333333
07/06/2008,19,1499
07/06/2008,22,1537
07/07/2008,1,1561
07/07/2008,4,1565.666667
07/07/2008,7,1560.666667
07/07/2008,10,1557
07/07/2008,13,1566.666667
07/07/2008,16,1573.666667
07/07/2008,19,1575.333333
07/07/2008,22,1569.5
07/08/2008,1,1559
07/08/2008,4,1553.333333
07/08/2008,7,1549
07/08/2008,10,1538
07/08/2008,13,1540
07/08/2008,16,1544.666667
07/08/2008,19,1548
07/08/2008,22,1549.75
07/09/2008,1,1546
07/09/2008,4,1536.666667
07/09/2008,7,1519
07/09/2008,10,1496.333333
07/09/2008,13,1489
07/09/2008,16,1487
07/09/2008,19,1483
07/09/2008,22,1472.75
07/10/2008,1,1457
07/10/2008,4,1440.333333
07/10/2008,7,1418.333333
07/10/2008,10,1384.666667
07/10/2008,13,1364
07/10/2008,16,1349.666667
07/10/2008,19,1339.666667
07/10/2008,22,1325.25
07/11/2008,1,1313
07/11/2008,4,1298.5
07/11/2008,7,1284
07/11/2008,10,1263
07/11/2008,13,1257
07/11/2008,16,1265.5
07/11/2008,19,1270
07/11/2008,22,1277.5
07/12/2008,1,1287
07/12/2008,4,1292
07/12/2008,7,1294
07/12/2008,10,1287.5
07/12/2008,13,1291
07/12/2008,16,1298
07/12/2008,19,1302
07/12/2008,22,1303
07/13/2008,1,1307
07/13/2008,4,1297
07/13/2008,7,1286
07/13/2008,10,1271
07/13/2008,13,1261
07/13/2008,16,1269
07/13/2008,19,1281
07/13/2008,22,1296.5
07/14/2008,1,1306
07/14/2008,4,1305
07/14/2008,7,1289
07/14/2008,10,1276
07/14/2008,13,1280
07/14/2008,16,1287
07/14/2008,19,1288
07/14/2008,22,1286.5
07/15/2008,1,1286
07/15/2008,4,1283
07/15/2008,7,1280
07/15/2008,10,1274
07/15/2008,13,1272
07/15/2008,16,1270.5
07/15/2008,19,1269
07/15/2008,22,1266
07/16/2008,1,1269
07/16/2008,4,1279
07/16/2008,7,1280
07/16/2008,10,1279.5
07/16/2008,13,1293
07/16/2008,16,1311
07/16/2008,19,1320
07/16/2008,22,1327
07/17/2008,1,1332
07/17/2008,4,1334
07/17/2008,7,1333
07/17/2008,10,1330.5
07/17/2008,13,1330
07/17/2008,16,1332
07/17/2008,19,1334
07/17/2008,22,1337.5
07/18/2008,1,1341
07/18/2008,4,1345.5
07/18/2008,7,1342
07/18/2008,10,1336.5
07/18/2008,13,1350
07/18/2008,16,1361.5
07/18/2008,19,1371
07/18/2008,22,1377
07/19/2008,1,1381
07/19/2008,4,1380.5
07/19/2008,7,1375
07/19/2008,10,1369.5
07/19/2008,13,1368
07/19/2008,16,1375.5
07/19/2008,19,1381
07/19/2008,22,1384
07/20/2008,1,1389
07/20/2008,4,1393
07/20/2008,7,1398
07/20/2008,10,1402
07/20/2008,13,1401
07/20/2008,16,1400.5
07/20/2008,19,1408
07/20/2008,22,1413.5
07/21/2008,1,1421
07/21/2008,4,1434.5
07/21/2008,7,1450
07/21/2008,10,1443.5
07/21/2008,13,1447
07/21/2008,16,1455.5
07/21/2008,19,1458
07/21/2008,22,1459
07/22/2008,1,1462
07/22/2008,4,1457.5
07/22/2008,7,1452
07/22/2008,10,1449
07/22/2008,13,1444
07/22/2008,16,1446
07/22/2008,19,1448
07/22/2008,22,1447.5
07/23/2008,1,1442
07/23/2008,4,1429.5
07/23/2008,7,1417
07/23/2008,10,1393.5
07/23/2008,13,1386
07/23/2008,16,1377
07/23/2008,19,1371
07/23/2008,22,1363
07/24/2008,1,1357
07/24/2008,4,1348
07/24/2008,7,1339
07/24/2008,10,1327
07/24/2008,13,1330
07/24/2008,16,1338
07/24/2008,19,1347
07/24/2008,22,1366
07/25/2008,1,1384
07/25/2008,4,1386
07/25/2008,7,1374
07/25/2008,10,1386.5
07/25/2008,13,1403
07/25/2008,16,1441
07/25/2008,19,1464
07/25/2008,22,1508
07/26/2008,1,1540
07/26/2008,4,1559
07/26/2008,7,1570.333333
07/26/2008,10,1582.666667
07/26/2008,13,1596.333333
07/26/2008,16,1615.333333
07/26/2008,19,1629
07/26/2008,22,1640
07/27/2008,1,1647
07/27/2008,4,1638.333333
07/27/2008,7,1624.333333
07/27/2008,10,1616.666667
07/27/2008,13,1613
07/27/2008,16,1613.666667
07/27/2008,19,1603
07/27/2008,22,1593.5
07/28/2008,1,1589
07/28/2008,4,1573.333333
07/28/2008,7,1551
07/28/2008,10,1531.333333
07/28/2008,13,1518.666667
07/28/2008,16,1513
07/28/2008,19,1507
07/28/2008,22,1497
07/29/2008,1,1487
07/29/2008,4,1477
07/29/2008,7,1462.333333
07/29/2008,10,1447.666667
07/29/2008,13,1442.333333
07/29/2008,16,1441.333333
07/29/2008,19,1446.333333
07/29/2008,22,1445.75
07/30/2008,1,1438
07/30/2008,4,1431
07/30/2008,7,1423
07/30/2008,10,1406
07/30/2008,13,1405
07/30/2008,16,1413
07/30/2008,19,1417
07/30/2008,22,1417
07/31/2008,1,1413
07/31/2008,4,1409
07/31/2008,7,1402
07/31/2008,10,1391.5
07/31/2008,13,1387
07/31/2008,16,1381
07/31/2008,19,1373
07/31/2008,22,1366
08/01/2008,1,1356
08/01/2008,4,1336
08/01/2008,7,1317
08/01/2008,10,1299.5
08/01/2008,13,1295
08/01/2008,16,1304.5
08/01/2008,19,1310
08/01/2008,22,1312.5
08/02/2008,1,1315
08/02/2008,4,1308
08/02/2008,7,1299
08/02/2008,10,1286
08/02/2008,13,1280
08/02/2008,16,1291.5
08/02/2008,19,1302
08/02/2008,22,1309.5
08/03/2008,1,1306
08/03/2008,4,1295.5
08/03/2008,7,1280
08/03/2008,10,1254.5
08/03/2008,13,1243
08/03/2008,16,1247.5
08/03/2008,19,1256
08/03/2008,22,1264
08/04/2008,1,1264
08/04/2008,4,1250.5
08/04/2008,7,1234
08/04/2008,10,1214.5
08/04/2008,13,1214
08/04/2008,16,1231.5
08/04/2008,19,1246
08/04/2008,22,1263
08/05/2008,1,1280
08/05/2008,4,1290.5
08/05/2008,7,1290
08/05/2008,10,1283.5
08/05/2008,13,1284
08/05/2008,16,1295
08/05/2008,19,1299
08/05/2008,22,1296.5
08/06/2008,1,1292
08/06/2008,4,1285.5
08/06/2008,7,1274
08/06/2008,10,1260.5
08/06/2008,13,1261
08/06/2008,16,1269
08/06/2008,19,1280
08/06/2008,22,1286.5
08/07/2008,1,1289
08/07/2008,4,1282.5
08/07/2008,7,1275
08/07/2008,10,1263
08/07/2008,13,1254
08/07/2008,16,1263.5
08/07/2008,19,1272
08/07/2008,22,1285.5
08/08/2008,1,1301
08/08/2008,4,1301
08/08/2008,7,1290
08/08/2008,10,1289
08/08/2008,13,1294
08/08/2008,16,1311
08/08/2008,19,1330
08/08/2008,22,1361.5
08/09/2008,1,1406
08/09/2008,4,1467.666667
08/09/2008,7,1560
08/09/2008,10,1611.666667
08/09/2008,13,1652.666667
08/09/2008,16,1681.666667
08/09/2008,19,1697
08/09/2008,22,1704
08/10/2008,1,1706
08/10/2008,4,1711
08/10/2008,7,1714
08/10/2008,10,1718.666667
08/10/2008,13,1722.333333
08/10/2008,16,1723
08/10/2008,19,1723
08/10/2008,22,1724.25
08/11/2008,1,1721
08/11/2008,4,1716
08/11/2008,7,1714.333333
08/11/2008,10,1714
08/11/2008,13,1717.666667
08/11/2008,16,1732.333333
08/11/2008,19,1738
08/11/2008,22,1737.75
08/12/2008,1,1733
08/12/2008,4,1723
08/12/2008,7,1709
08/12/2008,10,1702
08/12/2008,13,1703
08/12/2008,16,1703.666667
08/12/2008,19,1698
08/12/2008,22,1690.5
08/13/2008,1,1683
08/13/2008,4,1671
08/13/2008,7,1651.333333
08/13/2008,10,1638
08/13/2008,13,1638
08/13/2008,16,1638
08/13/2008,19,1636
08/13/2008,22,1627
08/14/2008,1,1623
08/14/2008,4,1620.666667
08/14/2008,7,1616
08/14/2008,10,1618.333333
08/14/2008,13,1631
08/14/2008,16,1643
08/14/2008,19,1650
08/14/2008,22,1652.5
08/15/2008,1,1653
08/15/2008,4,1647.333333
08/15/2008,7,1632.333333
08/15/2008,10,1624.666667
08/15/2008,13,1622.333333
08/15/2008,16,1631.333333
08/15/2008,19,1641.333333
08/15/2008,22,1638.5
08/16/2008,1,1636
08/16/2008,4,1626.666667
08/16/2008,7,1613
08/16/2008,10,1604
08/16/2008,13,1604.333333
08/16/2008,16,1608.666667
08/16/2008,19,1606.333333
08/16/2008,22,1600.75
08/17/2008,1,1588
08/17/2008,4,1573.666667
08/17/2008,7,1556.666667
08/17/2008,10,1551.333333
08/17/2008,13,1540.666667
08/17/2008,16,1526.333333
08/17/2008,19,1513.333333
08/17/2008,22,1499.5
08/18/2008,1,1480
08/18/2008,4,1466.666667
08/18/2008,7,1439.666667
08/18/2008,10,1410.666667
08/18/2008,13,1400
08/18/2008,16,1395.666667
08/18/2008,19,1393
08/18/2008,22,1387.25
08/19/2008,1,1375
08/19/2008,4,1357
08/19/2008,7,1335
08/19/2008,10,1304.5
08/19/2008,13,1292
08/19/2008,16,1290.5
08/19/2008,19,1289
08/19/2008,22,1287
08/20/2008,1,1283
08/20/2008,4,1278
08/20/2008,7,1265
08/20/2008,10,1246.5
08/20/2008,13,1246
08/20/2008,16,1253.5
08/20/2008,19,1259
08/20/2008,22,1263.5
08/21/2008,1,1269
08/21/2008,4,1257.5
08/21/2008,7,1236
08/21/2008,10,1217.5
08/21/2008,13,1219
08/21/2008,16,1236
08/21/2008,19,1237
08/21/2008,22,1233.5
08/22/2008,1,1228
08/22/2008,4,1221
08/22/2008,7,1206
08/22/2008,10,1191.5
08/22/2008,13,1188
08/22/2008,16,1211
08/22/2008,19,1228
08/22/2008,22,1234
08/23/2008,1,1236
08/23/2008,4,1228.5
08/23/2008,7,1217
08/23/2008,10,1192.5
08/23/2008,13,1184
08/23/2008,16,1202.5
08/23/2008,19,1216
08/23/2008,22,1225
08/24/2008,1,1229
08/24/2008,4,1210
08/24/2008,7,1182
08/24/2008,10,1166
08/24/2008,13,1160
08/24/2008,16,1153
08/24/2008,19,1149
08/24/2008,22,1147
08/25/2008,1,1150
08/25/2008,4,1154.5
08/25/2008,7,1158
08/25/2008,10,1153
08/25/2008,13,1144
08/25/2008,16,1173.5
08/25/2008,19,1187
08/25/2008,22,1190
08/26/2008,1,1194
08/26/2008,4,1178
08/26/2008,7,1166
08/26/2008,10,1161
08/26/2008,13,1164
08/26/2008,16,1194.5
08/26/2008,19,1222
08/26/2008,22,1247.5
08/27/2008,1,1264
08/27/2008,4,1265
08/27/2008,7,1261
08/27/2008,10,1263.5
08/27/2008,13,1272
08/27/2008,16,1289
08/27/2008,19,1309
08/27/2008,22,1324.5
08/28/2008,1,1329
08/28/2008,4,1324
08/28/2008,7,1320
08/28/2008,10,1317
08/28/2008,13,1329
08/28/2008,16,1344.5
08/28/2008,19,1355
08/28/2008,22,1370.5
08/29/2008,1,1389
08/29/2008,4,1403
08/29/2008,7,1409
08/29/2008,10,1420
08/29/2008,13,1443
08/29/2008,16,1456.5
08/29/2008,19,1468
08/29/2008,22,1468.5
08/30/2008,1,1454
08/30/2008,4,1435
08/30/2008,7,1415
08/30/2008,10,1389
08/30/2008,13,1378
08/30/2008,16,1371.5
08/30/2008,19,1366
08/30/2008,22,1364
08/31/2008,1,1357
08/31/2008,4,1345
08/31/2008,7,1332
08/31/2008,10,1318
08/31/2008,13,1312
08/31/2008,16,1332.5
08/31/2008,19,1362
08/31/2008,22,1413.5
09/01/2008,1,1458
09/01/2008,4,1466
09/01/2008,7,1471
09/01/2008,10,1472
09/01/2008,13,1479.666667
09/01/2008,16,1484
09/01/2008,19,1483
09/01/2008,22,1468
09/02/2008,1,1447
09/02/2008,4,1426.5
09/02/2008,7,1409
09/02/2008,10,1393.5
09/02/2008,13,1381
09/02/2008,16,1372.5
09/02/2008,19,1364
09/02/2008,22,1357
09/03/2008,1,1351
09/03/2008,4,1345.5
09/03/2008,7,1340
09/03/2008,10,1332
09/03/2008,13,1335
09/03/2008,16,1350.5
09/03/2008,19,1364
09/03/2008,22,1379.5
09/04/2008,1,1387
09/04/2008,4,1391.5
09/04/2008,7,1395
09/04/2008,10,1385.5
09/04/2008,13,1380
09/04/2008,16,1401.5
09/04/2008,19,1421
09/04/2008,22,1438
09/05/2008,1,1448
09/05/2008,4,1456
09/05/2008,7,1461
09/05/2008,10,1478.5
09/05/2008,13,1499
09/05/2008,16,1515
09/05/2008,19,1522
09/05/2008,22,1523
09/06/2008,1,1518
09/06/2008,4,1500.5
09/06/2008,7,1473
09/06/2008,10,1468.5
09/06/2008,13,1471
09/06/2008,16,1471.5
09/06/2008,19,1467
09/06/2008,22,1470
09/07/2008,1,1462
09/07/2008,4,1448
09/07/2008,7,1438
09/07/2008,10,1428.5
09/07/2008,13,1409
09/07/2008,16,1392
09/07/2008,19,1380
09/07/2008,22,1372
09/08/2008,1,1367
09/08/2008,4,1366.5
09/08/2008,7,1365
09/08/2008,10,1359
09/08/2008,13,1366
09/08/2008,16,1371
09/08/2008,19,1375
09/08/2008,22,1378.5
09/09/2008,1,1376
09/09/2008,4,1365
09/09/2008,7,1353
09/09/2008,10,1345.5
09/09/2008,13,1351
09/09/2008,16,1355
09/09/2008,19,1358
09/09/2008,22,1352.5
09/10/2008,1,1343
09/10/2008,4,1323
09/10/2008,7,1300
09/10/2008,10,1276
09/10/2008,13,1275
09/10/2008,16,1278.5
09/10/2008,19,1286
09/10/2008,22,1288.5
09/11/2008,1,1292
09/11/2008,4,1294.5
09/11/2008,7,1289
09/11/2008,10,1281.5
09/11/2008,13,1285
09/11/2008,16,1288.5
09/11/2008,19,1295
09/11/2008,22,1291.5
09/12/2008,1,1288
09/12/2008,4,1284
09/12/2008,7,1282
09/12/2008,10,1279.5
09/12/2008,13,1270
09/12/2008,16,1255.5
09/12/2008,19,1245
09/12/2008,22,1239.5
09/13/2008,1,1233
09/13/2008,4,1225.5
09/13/2008,7,1219
09/13/2008,10,1200
09/13/2008,13,1201
09/13/2008,16,1212
09/13/2008,19,1219
09/13/2008,22,1221.5
09/14/2008,1,1220
09/14/2008,4,1212
09/14/2008,7,1204
09/14/2008,10,1204
09/14/2008,13,1206
09/14/2008,16,1201
09/14/2008,19,1196
09/14/2008,22,1195
09/15/2008,1,1190
09/15/2008,4,1181.5
09/15/2008,7,1173
09/15/2008,10,1165
09/15/2008,13,1155
09/15/2008,16,1166
09/15/2008,19,1173
09/15/2008,22,1173.5
09/16/2008,1,1168
09/16/2008,4,1160
09/16/2008,7,1153
09/16/2008,10,1133
09/16/2008,13,1123
09/16/2008,16,1136
09/16/2008,19,1151
09/16/2008,22,1160.5
09/17/2008,1,1166
09/17/2008,4,1158
09/17/2008,7,1147
09/17/2008,10,1132
09/17/2008,13,1133
09/17/2008,16,1142.5
09/17/2008,19,1150
09/17/2008,22,1157.5
09/18/2008,1,1163
09/18/2008,4,1150.5
09/18/2008,7,1137
09/18/2008,10,1119
09/18/2008,13,1113
09/18/2008,16,1129.5
09/18/2008,19,1142
09/18/2008,22,1146
09/19/2008,1,1142
09/19/2008,4,1138.5
09/19/2008,7,1134
09/19/2008,10,1117
09/19/2008,13,1107
09/19/2008,16,1106.5
09/19/2008,19,1115
09/19/2008,22,1118.5
09/20/2008,1,1122
09/20/2008,4,1124.5
09/20/2008,7,1121
09/20/2008,10,1099
09/20/2008,13,1084
09/20/2008,16,1105.5
09/20/2008,19,1117
09/20/2008,22,1127
09/21/2008,1,1139
09/21/2008,4,1140.5
09/21/2008,7,1120
09/21/2008,10,1096
09/21/2008,13,1082
09/21/2008,16,1076.5
09/21/2008,19,1081
09/21/2008,22,1078.5
09/22/2008,1,1077
09/22/2008,4,1073
09/22/2008,7,1070
09/22/2008,10,1063
09/22/2008,13,1056
09/22/2008,16,1062
09/22/2008,19,1078
09/22/2008,22,1091
09/23/2008,1,1104
09/23/2008,4,1116
09/23/2008,7,1114
09/23/2008,10,1120
09/23/2008,13,1121
09/23/2008,16,1123
09/23/2008,19,1125
09/23/2008,22,1127
09/24/2008,1,1128
09/24/2008,4,1130
09/24/2008,7,1122
09/24/2008,10,1124
09/24/2008,13,1125
09/24/2008,16,1123
09/24/2008,19,1122
09/24/2008,22,1122
09/25/2008,1,1120
09/25/2008,4,1118
09/25/2008,7,1114
09/25/2008,10,1133
09/25/2008,13,1166
09/25/2008,16,1190
09/25/2008,19,1210
09/25/2008,22,1223
09/26/2008,1,1227
09/26/2008,4,1222.5
09/26/2008,7,1217
09/26/2008,10,1213.5
09/26/2008,13,1226
09/26/2008,16,1239.5
09/26/2008,19,1245
09/26/2008,22,1254.5
09/27/2008,1,1267
09/27/2008,4,1277.333333
09/27/2008,7,1294
09/27/2008,10,1330.333333
09/27/2008,13,1373
09/27/2008,16,1415.333333
09/27/2008,19,1446.666667
09/27/2008,22,1482.5
09/28/2008,1,1516
09/28/2008,4,1529.333333
09/28/2008,7,1547.333333
09/28/2008,10,1556.333333
09/28/2008,13,1559.666667
09/28/2008,16,1556
09/28/2008,19,1550.666667
09/28/2008,22,1535
09/29/2008,1,1513
09/29/2008,4,1498.333333
09/29/2008,7,1478
09/29/2008,10,1457.333333
09/29/2008,13,1439.666667
09/29/2008,16,1421.333333
09/29/2008,19,1406.333333
09/29/2008,22,1383
09/30/2008,1,1356
09/30/2008,4,1339.333333
09/30/2008,7,1314.333333
09/30/2008,10,1288.666667
09/30/2008,13,1268
09/30/2008,16,1250
09/30/2008,19,1232.333333
09/30/2008,22,1218.25
10/01/2008,1,1208
10/01/2008,4,1200.5
10/01/2008,7,1191
10/01/2008,10,1184.5
10/01/2008,13,1195
10/01/2008,16,1207
10/01/2008,19,1215
10/01/2008,22,1216.5
10/02/2008,1,1212
10/02/2008,4,1201
10/02/2008,7,1190
10/02/2008,10,1170
10/02/2008,13,1163
10/02/2008,16,1171.5
10/02/2008,19,1180
10/02/2008,22,1182
10/03/2008,1,1176
10/03/2008,4,1163.5
10/03/2008,7,1152
10/03/2008,10,1136
10/03/2008,13,1143
10/03/2008,16,1149.5
10/03/2008,19,1154
10/03/2008,22,1154
10/04/2008,1,1152
10/04/2008,4,1151.5
10/04/2008,7,1151
10/04/2008,10,1151.5
10/04/2008,13,1153
10/04/2008,16,1155.5
10/04/2008,19,1157
10/04/2008,22,1157
10/05/2008,1,1158
10/05/2008,4,1160
10/05/2008,7,1164
10/05/2008,10,1175
10/05/2008,13,1188
10/05/2008,16,1204
10/05/2008,19,1220
10/05/2008,22,1232.5
10/06/2008,1,1239
10/06/2008,4,1242
10/06/2008,7,1238
10/06/2008,10,1238
10/06/2008,13,1238
10/06/2008,16,1239
10/06/2008,19,1241
10/06/2008,22,1242
10/07/2008,1,1233
10/07/2008,4,1220
10/07/2008,7,1205
10/07/2008,10,1194
10/07/2008,13,1200
10/07/2008,16,1203
10/07/2008,19,1207
10/07/2008,22,1203
10/08/2008,1,1196
10/08/2008,4,1187
10/08/2008,7,1179
10/08/2008,10,1164
10/08/2008,13,1148
10/08/2008,16,1142
10/08/2008,19,1145
10/08/2008,22,1148
10/09/2008,1,1149
10/09/2008,4,1146
10/09/2008,7,1140
10/09/2008,10,1138
10/09/2008,13,1136
10/09/2008,16,1135
10/09/2008,19,1134
10/09/2008,22,1132
10/10/2008,1,1131
10/10/2008,4,1129
10/10/2008,7,1127
10/10/2008,10,1128
10/10/2008,13,1129
10/10/2008,16,1131
10/10/2008,19,1131
10/10/2008,22,1130
10/11/2008,1,1129
10/11/2008,4,1129
10/11/2008,7,1128
10/11/2008,10,1128
10/11/2008,13,1127
10/11/2008,16,1126
10/11/2008,19,1125
10/11/2008,22,1124
10/12/2008,1,1122
10/12/2008,4,1119
10/12/2008,7,1117
10/12/2008,10,1116
10/12/2008,13,1115
10/12/2008,16,1114
10/12/2008,19,1109
10/12/2008,22,1106
10/13/2008,1,1103
10/13/2008,4,1100
10/13/2008,7,1098
10/13/2008,10,1104
10/13/2008,13,1106
10/13/2008,16,1106
10/13/2008,19,1107
10/13/2008,22,1104
10/14/2008,1,1100
10/14/2008,4,1089
10/14/2008,7,1077
10/14/2008,10,1054
10/14/2008,13,1041
10/14/2008,16,1060
10/14/2008,19,1084
10/14/2008,22,1098
10/15/2008,1,1104
10/15/2008,4,1090
10/15/2008,7,1077
10/15/2008,10,1058
10/15/2008,13,1045
10/15/2008,16,1056.5
10/15/2008,19,1079
10/15/2008,22,1090
10/16/2008,1,1094
10/16/2008,4,1069
10/16/2008,7,1045
10/16/2008,10,1022.5
10/16/2008,13,1024
10/16/2008,16,1047
10/16/2008,19,1077
10/16/2008,22,1080.5
10/17/2008,1,1083
10/17/2008,4,1056.5
10/17/2008,7,1023
10/17/2008,10,994.5
10/17/2008,13,970
10/17/2008,16,998
10/17/2008,19,1031
10/17/2008,22,1044
10/18/2008,1,1050
10/18/2008,4,1035.5
10/18/2008,7,1014
10/18/2008,10,991.5
10/18/2008,13,969
10/18/2008,16,983
10/18/2008,19,1010
10/18/2008,22,1018
10/19/2008,1,1012
10/19/2008,4,987.5
10/19/2008,7,966
10/19/2008,10,945.5
10/19/2008,13,949
10/19/2008,16,961.5
10/19/2008,19,974
10/19/2008,22,978.5
10/20/2008,1,980
10/20/2008,4,976.5
10/20/2008,7,970
10/20/2008,10,955
10/20/2008,13,947
10/20/2008,16,967
10/20/2008,19,1000
10/20/2008,22,1006
10/21/2008,1,999
10/21/2008,4,974
10/21/2008,7,953
10/21/2008,10,946.5
10/21/2008,13,957
10/21/2008,16,988.5
10/21/2008,19,1023
10/21/2008,22,1029
10/22/2008,1,1025
10/22/2008,4,1018
10/22/2008,7,1011
10/22/2008,10,975.5
10/22/2008,13,966
10/22/2008,16,988
10/22/2008,19,1018
10/22/2008,22,1023.5
10/23/2008,1,1015
10/23/2008,4,1000.5
10/23/2008,7,982
10/23/2008,10,972
10/23/2008,13,978
10/23/2008,16,1002
10/23/2008,19,1030
10/23/2008,22,1048.5
10/24/2008,1,1067
10/24/2008,4,1087
10/24/2008,7,1102
10/24/2008,10,1116.5
10/24/2008,13,1135
10/24/2008,16,1150
10/24/2008,19,1161
10/24/2008,22,1166
10/25/2008,1,1168
10/25/2008,4,1164
10/25/2008,7,1161
10/25/2008,10,1155.5
10/25/2008,13,1148
10/25/2008,16,1144
10/25/2008,19,1142
10/25/2008,22,1138.5
10/26/2008,1,1133
10/26/2008,4,1127
10/26/2008,7,1122
10/26/2008,10,1116
10/26/2008,13,1109
10/26/2008,16,1104.5
10/26/2008,19,1107
10/26/2008,22,1113.5
10/27/2008,1,1118
10/27/2008,4,1108.5
10/27/2008,7,1102
10/27/2008,10,1101.5
10/27/2008,13,1100
10/27/2008,16,1102
10/27/2008,19,1102
10/27/2008,22,1106.5
10/28/2008,1,1112
10/28/2008,4,1113
10/28/2008,7,1114
10/28/2008,10,1117
10/28/2008,13,1120
10/28/2008,16,1123
10/28/2008,19,1124
10/28/2008,22,1125
10/29/2008,1,1126
10/29/2008,4,1124
10/29/2008,7,1121
10/29/2008,10,1119
10/29/2008,13,1118
10/29/2008,16,1117
10/29/2008,19,1115
10/29/2008,22,1113
10/30/2008,1,1110
10/30/2008,4,1109
10/30/2008,7,1108
10/30/2008,10,1108
10/30/2008,13,1102
10/30/2008,16,1098
10/30/2008,19,1095
10/30/2008,22,1093
10/31/2008,1,1092
10/31/2008,4,1098
10/31/2008,7,1106
10/31/2008,10,1115
10/31/2008,13,1130
10/31/2008,16,1152.5
10/31/2008,19,1170
10/31/2008,22,1188.5
11/01/2008,1,1209
11/01/2008,4,1225
11/01/2008,7,1235
11/01/2008,10,1234.5
11/01/2008,13,1240
11/01/2008,16,1242.5
11/01/2008,19,1241
11/01/2008,22,1241
11/02/2008,1,1248
11/02/2008,4,1261.5
11/02/2008,7,1271
11/02/2008,10,1285.5
11/02/2008,13,1294
11/02/2008,16,1308.5
11/02/2008,19,1317
11/02/2008,22,1330.5
11/03/2008,1,1345
11/03/2008,4,1363.333333
11/03/2008,7,1388.666667
11/03/2008,10,1425
11/03/2008,13,1464.333333
11/03/2008,16,1501
11/03/2008,19,1537.666667
11/03/2008,22,1583
11/04/2008,1,1625
11/04/2008,4,1643.666667
11/04/2008,7,1668
11/04/2008,10,1695.666667
11/04/2008,13,1722.666667
11/04/2008,16,1740.666667
11/04/2008,19,1754
11/04/2008,22,1762.5
11/05/2008,1,1761
11/05/2008,4,1752.666667
11/05/2008,7,1739.333333
11/05/2008,10,1725.666667
11/05/2008,13,1711
11/05/2008,16,1694
11/05/2008,19,1678.666667
11/05/2008,22,1660.5
11/06/2008,1,1641
11/06/2008,4,1630
11/06/2008,7,1613.333333
11/06/2008,10,1595
11/06/2008,13,1572.666667
11/06/2008,16,1550.333333
11/06/2008,19,1529.333333
11/06/2008,22,1509
11/07/2008,1,1513
11/07/2008,4,1523.333333
11/07/2008,7,1532.666667
11/07/2008,10,1540.333333
11/07/2008,13,1545
11/07/2008,16,1541
11/07/2008,19,1536
11/07/2008,22,1533
11/08/2008,1,1526
11/08/2008,4,1519.666667
11/08/2008,7,1520.666667
11/08/2008,10,1518
11/08/2008,13,1516
11/08/2008,16,1514
11/08/2008,19,1511
11/08/2008,22,1501.25
11/09/2008,1,1491
11/09/2008,4,1485.666667
11/09/2008,7,1477.333333
11/09/2008,10,1470.333333
11/09/2008,13,1463.333333
11/09/2008,16,1457.666667
11/09/2008,19,1449.666667
11/09/2008,22,1438.75
11/10/2008,1,1426
11/10/2008,4,1411
11/10/2008,7,1394
11/10/2008,10,1376.5
11/10/2008,13,1361
11/10/2008,16,1344.5
11/10/2008,19,1330
11/10/2008,22,1318.5
11/11/2008,1,1311
11/11/2008,4,1304
11/11/2008,7,1298
11/11/2008,10,1292.5
11/11/2008,13,1286
11/11/2008,16,1273
11/11/2008,19,1261
11/11/2008,22,1252.5
11/12/2008,1,1249
11/12/2008,4,1252.5
11/12/2008,7,1257
11/12/2008,10,1261
11/12/2008,13,1262
11/12/2008,16,1255
11/12/2008,19,1249
11/12/2008,22,1244.5
11/13/2008,1,1241
11/13/2008,4,1239
11/13/2008,7,1233
11/13/2008,10,1222.5
11/13/2008,13,1215
11/13/2008,16,1208.5
11/13/2008,19,1205
11/13/2008,22,1201
11/14/2008,1,1197
11/14/2008,4,1193.5
11/14/2008,7,1190
11/14/2008,10,1184
11/14/2008,13,1179
11/14/2008,16,1172
11/14/2008,19,1165
11/14/2008,22,1158
11/15/2008,1,1155
11/15/2008,4,1152
11/15/2008,7,1150
11/15/2008,10,1152
11/15/2008,13,1154
11/15/2008,16,1157
11/15/2008,19,1156
11/15/2008,22,1156
11/16/2008,1,1160
11/16/2008,4,1165
11/16/2008,7,1167
11/16/2008,10,1170
11/16/2008,13,1174
11/16/2008,16,1172
11/16/2008,19,1169
11/16/2008,22,1166
11/17/2008,1,1164
11/17/2008,4,1163
11/17/2008,7,1161
11/17/2008,10,1158
11/17/2008,13,1157
11/17/2008,16,1155
11/17/2008,19,1154
11/17/2008,22,1153
11/18/2008,1,1151
11/18/2008,4,1147
11/18/2008,7,1143
11/18/2008,10,1137
11/18/2008,13,1132
11/18/2008,16,1129
11/18/2008,19,1125
11/18/2008,22,1122
11/19/2008,1,1119
11/19/2008,4,1112
11/19/2008,7,1106
11/19/2008,10,1097
11/19/2008,13,1085
11/19/2008,16,1095
11/19/2008,19,1101
11/19/2008,22,1103
11/20/2008,1,1106
11/20/2008,4,1104
11/20/2008,7,1100
11/20/2008,10,1098
11/20/2008,13,1096
11/20/2008,16,1094
11/20/2008,19,1093
11/20/2008,22,1092
11/21/2008,1,1091
11/21/2008,4,1089
11/21/2008,7,1087
11/21/2008,10,1086
11/21/2008,13,1086
11/21/2008,16,1088
11/21/2008,19,1091
11/21/2008,22,1093
11/22/2008,1,1090
11/22/2008,4,1088
11/22/2008,7,1086
11/22/2008,10,1083.5
11/22/2008,13,1081
11/22/2008,16,1082.5
11/22/2008,19,1084
11/22/2008,22,1083
11/23/2008,1,1082
11/23/2008,4,1081
11/23/2008,7,1080
11/23/2008,10,1078.5
11/23/2008,13,1077
11/23/2008,16,1077
11/23/2008,19,1077
11/23/2008,22,1073.5
11/24/2008,1,1070
11/24/2008,4,1060
11/24/2008,7,1050
11/24/2008,10,1041
11/24/2008,13,1032
11/24/2008,16,1044
11/24/2008,19,1056
11/24/2008,22,1057.5
11/25/2008,1,1059
11/25/2008,4,1060
11/25/2008,7,1061
11/25/2008,10,1059
11/25/2008,13,1057
11/25/2008,16,1061.5
11/25/2008,19,1066
11/25/2008,22,1064.5
11/26/2008,1,1063
11/26/2008,4,1059.5
11/26/2008,7,1056
11/26/2008,10,1041
11/26/2008,13,1026
11/26/2008,16,1030
11/26/2008,19,1034
11/26/2008,22,1031.5
11/27/2008,1,1029
11/27/2008,4,1025
11/27/2008,7,1021
11/27/2008,10,1008.5
11/27/2008,13,996
11/27/2008,16,1007
11/27/2008,19,1018
11/27/2008,22,1013
11/28/2008,1,1008
11/28/2008,4,997
11/28/2008,7,986
11/28/2008,10,983
11/28/2008,13,980
11/28/2008,16,989
11/28/2008,19,998
11/28/2008,22,997
11/29/2008,1,996
11/29/2008,4,994.5
11/29/2008,7,993
11/29/2008,10,987.5
11/29/2008,13,982
11/29/2008,16,974
11/29/2008,19,966
11/29/2008,22,965
11/30/2008,1,964
11/30/2008,4,962
11/30/2008,7,960
11/30/2008,10,959
11/30/2008,13,958
11/30/2008,16,956.5
11/30/2008,19,955
11/30/2008,22,957
12/01/2008,1,959
12/01/2008,4,962.5
12/01/2008,7,966
12/01/2008,10,962
12/01/2008,13,958
12/01/2008,16,964
12/01/2008,19,970
12/01/2008,22,967
12/02/2008,1,964
12/02/2008,4,959.5
12/02/2008,7,955
12/02/2008,10,956.5
12/02/2008,13,958
12/02/2008,16,969.5
12/02/2008,19,981
12/02/2008,22,976.5
12/03/2008,1,972
12/03/2008,4,966
12/03/2008,7,960
12/03/2008,10,956.5
12/03/2008,13,953
12/03/2008,16,959
12/03/2008,19,965
12/03/2008,22,973.5
12/04/2008,1,982
12/04/2008,4,978
12/04/2008,7,974
12/04/2008,10,968.5
12/04/2008,13,963
12/04/2008,16,969
12/04/2008,19,975
12/04/2008,22,986.5
12/05/2008,1,998
12/05/2008,4,1001
12/05/2008,7,992
12/05/2008,10,974
12/05/2008,13,955
12/05/2008,16,952
12/05/2008,19,959
12/05/2008,22,973
12/06/2008,1,987
12/06/2008,4,984
12/06/2008,7,978
12/06/2008,10,969
12/06/2008,13,962
12/06/2008,16,969
12/06/2008,19,980
12/06/2008,22,988
12/07/2008,1,998
12/07/2008,4,993
12/07/2008,7,977
12/07/2008,10,962
12/07/2008,13,947
12/07/2008,16,943
12/07/2008,19,941
12/07/2008,22,947
12/08/2008,1,956
12/08/2008,4,959
12/08/2008,7,947
12/08/2008,10,941
12/08/2008,13,938
12/08/2008,16,935
12/08/2008,19,944
12/08/2008,22,938
12/09/2008,1,927
12/09/2008,4,919
12/09/2008,7,910
12/09/2008,10,919
12/09/2008,13,928
12/09/2008,16,940
12/09/2008,19,953
12/09/2008,22,965
12/10/2008,1,979
12/10/2008,4,983
12/10/2008,7,974
12/10/2008,10,962
12/10/2008,13,948
12/10/2008,16,954
12/10/2008,19,965
12/10/2008,22,970
12/11/2008,1,962
12/11/2008,4,953
12/11/2008,7,946
12/11/2008,10,930
12/11/2008,13,913
12/11/2008,16,908
12/11/2008,19,902
12/11/2008,22,904
12/12/2008,1,906
12/12/2008,4,903
12/12/2008,7,898
12/12/2008,10,906
12/12/2008,13,922
12/12/2008,16,934
12/12/2008,19,937
12/12/2008,22,955
12/13/2008,1,969
12/13/2008,4,947
12/13/2008,7,918
12/13/2008,10,934
12/13/2008,13,943
12/13/2008,16,948
12/13/2008,19,948
12/13/2008,22,944
12/14/2008,1,928
12/14/2008,4,911
12/14/2008,7,895
12/14/2008,10,891
12/14/2008,13,900
12/14/2008,16,910
12/14/2008,19,919
12/14/2008,22,905
12/15/2008,1,886
12/15/2008,4,870
12/15/2008,7,853
12/15/2008,10,848
12/15/2008,13,846
12/15/2008,16,856
12/15/2008,19,871
12/15/2008,22,889
12/16/2008,1,912
12/16/2008,4,929
12/16/2008,7,909
12/16/2008,10,899
12/16/2008,13,910
12/16/2008,16,920
12/16/2008,19,934
12/16/2008,22,946
12/17/2008,1,954
12/17/2008,4,934
12/17/2008,7,910
12/17/2008,10,900
12/17/2008,13,901
12/17/2008,16,904
12/17/2008,19,907
12/17/2008,22,914
12/18/2008,1,926
12/18/2008,4,935
12/18/2008,7,924
12/18/2008,10,913
12/18/2008,13,910
12/18/2008,16,923
12/18/2008,19,938
12/18/2008,22,950
12/19/2008,1,954
12/19/2008,4,942
12/19/2008,7,920
12/19/2008,10,909
12/19/2008,13,902
12/19/2008,16,896
12/19/2008,19,916
12/19/2008,22,927
12/20/2008,1,931
12/20/2008,4,923
12/20/2008,7,912
12/20/2008,10,899
12/20/2008,13,885
12/20/2008,16,892
12/20/2008,19,910
12/20/2008,22,918
12/21/2008,1,920
12/21/2008,4,902
12/21/2008,7,883
12/21/2008,10,868
12/21/2008,13,855
12/21/2008,16,851
12/21/2008,19,848
12/21/2008,22,852
12/22/2008,1,860
12/22/2008,4,863
12/22/2008,7,857
12/22/2008,10,822
12/22/2008,13,800
12/22/2008,16,819
12/22/2008,19,843
12/22/2008,22,855
12/23/2008,1,866
12/23/2008,4,861
12/23/2008,7,854
12/23/2008,10,833
12/23/2008,13,811
12/23/2008,16,805
12/23/2008,19,816
12/23/2008,22,827
12/24/2008,1,841
12/24/2008,4,847
12/24/2008,7,837
12/24/2008,10,824
12/24/2008,13,822
12/24/2008,16,847
12/24/2008,19,869
12/24/2008,22,878
12/25/2008,1,886
12/25/2008,4,890
12/25/2008,7,881
12/25/2008,10,856
12/25/2008,13,829
12/25/2008,16,813
12/25/2008,19,839
12/25/2008,22,864
12/26/2008,1,860
12/26/2008,4,845
12/26/2008,7,828
12/26/2008,10,819
12/26/2008,13,811
12/26/2008,16,808
12/26/2008,19,816
12/26/2008,22,837
12/27/2008,1,861
12/27/2008,4,849
12/27/2008,7,838
12/27/2008,10,830
12/27/2008,13,818
12/27/2008,16,814
12/27/2008,19,820
12/27/2008,22,829
12/28/2008,1,845
12/28/2008,4,856
12/28/2008,7,840
12/28/2008,10,828
12/28/2008,13,834
12/28/2008,16,847
12/28/2008,19,863
12/28/2008,22,873
12/29/2008,1,882
12/29/2008,4,891
12/29/2008,7,898
12/29/2008,10,893
12/29/2008,13,886
12/29/2008,16,864
12/29/2008,19,846
12/29/2008,22,852
12/30/2008,1,865
12/30/2008,4,871
12/30/2008,7,868
12/30/2008,10,857
12/30/2008,13,848
12/30/2008,16,844
12/30/2008,19,842
12/30/2008,22,850
12/31/2008,1,860
12/31/2008,4,869
12/31/2008,7,874
12/31/2008,10,865
12/31/2008,13,857
12/31/2008,16,850
12/31/2008,19,844
12/31/2008,22,851
01/01/2009,1,863
01/01/2009,4,868
01/01/2009,7,871
01/01/2009,10,862
01/01/2009,13,857
01/01/2009,16,854
01/01/2009,19,852
01/01/2009,22,856
01/02/2009,1,861
01/02/2009,4,868
01/02/2009,7,863
01/02/2009,10,848
01/02/2009,13,842
01/02/2009,16,833
01/02/2009,19,840
01/02/2009,22,849
01/03/2009,1,857
01/03/2009,4,861
01/03/2009,7,848
01/03/2009,10,835
01/03/2009,13,823
01/03/2009,16,839
01/03/2009,19,857
01/03/2009,22,870
01/04/2009,1,873
01/04/2009,4,861
01/04/2009,7,847
01/04/2009,10,836
01/04/2009,13,819
01/04/2009,16,826
01/04/2009,19,845
01/04/2009,22,856
01/05/2009,1,864
01/05/2009,4,859
01/05/2009,7,842
01/05/2009,10,825
01/05/2009,13,810
01/05/2009,16,826
01/05/2009,19,847
01/05/2009,22,856
01/06/2009,1,861
01/06/2009,4,855
01/06/2009,7,838
01/06/2009,10,821
01/06/2009,13,806
01/06/2009,16,842
01/06/2009,19,882
01/06/2009,22,891
01/07/2009,1,886
01/07/2009,4,871.5
01/07/2009,7,858
01/07/2009,10,835.5
01/07/2009,13,811
01/07/2009,16,849.5
01/07/2009,19,888
01/07/2009,22,901
01/08/2009,1,908
01/08/2009,4,892
01/08/2009,7,878
01/08/2009,10,848
01/08/2009,13,828
01/08/2009,16,857.5
01/08/2009,19,881
01/08/2009,22,903
01/09/2009,1,905
01/09/2009,4,895
01/09/2009,7,885
01/09/2009,10,849
01/09/2009,13,831
01/09/2009,16,828
01/09/2009,19,828
01/09/2009,22,845
01/10/2009,1,868
01/10/2009,4,856
01/10/2009,7,843
01/10/2009,10,813
01/10/2009,13,807
01/10/2009,16,805
01/10/2009,19,804
01/10/2009,22,812
01/11/2009,1,826
01/11/2009,4,830
01/11/2009,7,825
01/11/2009,10,810
01/11/2009,13,795
01/11/2009,16,793
01/11/2009,19,794
01/11/2009,22,800
01/12/2009,1,804
01/12/2009,4,795
01/12/2009,7,782
01/12/2009,10,778
01/12/2009,13,784
01/12/2009,16,793
01/12/2009,19,804
01/12/2009,22,819
01/13/2009,1,836
01/13/2009,4,849
01/13/2009,7,844
01/13/2009,10,850
01/13/2009,13,846
01/13/2009,16,839
01/13/2009,19,844
01/13/2009,22,848
01/14/2009,1,850
01/14/2009,4,837
01/14/2009,7,820
01/14/2009,10,813
01/14/2009,13,808
01/14/2009,16,815
01/14/2009,19,824
01/14/2009,22,833
01/15/2009,1,846
01/15/2009,4,848
01/15/2009,7,835
01/15/2009,10,822
01/15/2009,13,809
01/15/2009,16,824
01/15/2009,19,843
01/15/2009,22,866
01/16/2009,1,879
01/16/2009,4,882
01/16/2009,7,865
01/16/2009,10,843
01/16/2009,13,820
01/16/2009,16,841
01/16/2009,19,864
01/16/2009,22,882
01/17/2009,1,887
01/17/2009,4,884
01/17/2009,7,877
01/17/2009,10,855
01/17/2009,13,836
01/17/2009,16,848
01/17/2009,19,864
01/17/2009,22,876
01/18/2009,1,885
01/18/2009,4,893
01/18/2009,7,887
01/18/2009,10,895
01/18/2009,13,902
01/18/2009,16,912
01/18/2009,19,926
01/18/2009,22,935
01/19/2009,1,939
01/19/2009,4,934
01/19/2009,7,931
01/19/2009,10,925
01/19/2009,13,921
01/19/2009,16,927
01/19/2009,19,934
01/19/2009,22,937
01/20/2009,1,940
01/20/2009,4,938
01/20/2009,7,936
01/20/2009,10,937
01/20/2009,13,942
01/20/2009,16,949
01/20/2009,19,951
01/20/2009,22,953
01/21/2009,1,954
01/21/2009,4,950
01/21/2009,7,944
01/21/2009,10,932
01/21/2009,13,932
01/21/2009,16,941
01/21/2009,19,947
01/21/2009,22,942
01/22/2009,1,936
01/22/2009,4,932
01/22/2009,7,928
01/22/2009,10,927
01/22/2009,13,926
01/22/2009,16,932
01/22/2009,19,943
01/22/2009,22,949
01/23/2009,1,953
01/23/2009,4,946
01/23/2009,7,940
01/23/2009,10,927
01/23/2009,13,906
01/23/2009,16,920
01/23/2009,19,940
01/23/2009,22,956
01/24/2009,1,965
01/24/2009,4,951
01/24/2009,7,927
01/24/2009,10,911
01/24/2009,13,898
01/24/2009,16,906
01/24/2009,19,928
01/24/2009,22,940
01/25/2009,1,933
01/25/2009,4,920
01/25/2009,7,910
01/25/2009,10,898
01/25/2009,13,884
01/25/2009,16,894
01/25/2009,19,900
01/25/2009,22,905
01/26/2009,1,916
01/26/2009,4,912
01/26/2009,7,910
01/26/2009,10,901
01/26/2009,13,886
01/26/2009,16,894
01/26/2009,19,918
01/26/2009,22,934
01/27/2009,1,919
01/27/2009,4,895
01/27/2009,7,881
01/27/2009,10,843
01/27/2009,13,821
01/27/2009,16,844
01/27/2009,19,876
01/27/2009,22,895
01/28/2009,1,887
01/28/2009,4,870.5
01/28/2009,7,859
01/28/2009,10,824
01/28/2009,13,800
01/28/2009,16,820.5
01/28/2009,19,859
01/28/2009,22,871.5
01/29/2009,1,870
01/29/2009,4,863
01/29/2009,7,856
01/29/2009,10,833
01/29/2009,13,807
01/29/2009,16,794
01/29/2009,19,784
01/29/2009,22,802
01/30/2009,1,827
01/30/2009,4,822
01/30/2009,7,817
01/30/2009,10,790
01/30/2009,13,773
01/30/2009,16,770
01/30/2009,19,768
01/30/2009,22,775
01/31/2009,1,784
01/31/2009,4,781
01/31/2009,7,779
01/31/2009,10,776
01/31/2009,13,772
01/31/2009,16,770
01/31/2009,19,773
01/31/2009,22,777
02/01/2009,1,785
02/01/2009,4,794
02/01/2009,7,800
02/01/2009,10,783
02/01/2009,13,790
02/01/2009,16,831
02/01/2009,19,867
02/01/2009,22,903.5
02/02/2009,1,890
02/02/2009,4,909
02/02/2009,7,890
02/02/2009,10,866.5
02/02/2009,13,854
02/02/2009,16,864.5
02/02/2009,19,886
02/02/2009,22,891.5
02/03/2009,1,902
02/03/2009,4,899.5
02/03/2009,7,897
02/03/2009,10,893.5
02/03/2009,13,898
02/03/2009,16,911
02/03/2009,19,928
02/03/2009,22,932
02/04/2009,1,935
02/04/2009,4,937
02/04/2009,7,932
02/04/2009,10,923.5
02/04/2009,13,928
02/04/2009,16,945
02/04/2009,19,959
02/04/2009,22,970
02/05/2009,1,977
02/05/2009,4,979.5
02/05/2009,7,982
02/05/2009,10,985
02/05/2009,13,987
02/05/2009,16,987
02/05/2009,19,987
02/05/2009,22,990.5
02/06/2009,1,992
02/06/2009,4,990
02/06/2009,7,988
02/06/2009,10,981
02/06/2009,13,983
02/06/2009,16,985
02/06/2009,19,987
02/06/2009,22,990
02/07/2009,1,983
02/07/2009,4,976
02/07/2009,7,969
02/07/2009,10,952
02/07/2009,13,940
02/07/2009,16,962.5
02/07/2009,19,970
02/07/2009,22,977
02/08/2009,1,974
02/08/2009,4,968
02/08/2009,7,961
02/08/2009,10,940
02/08/2009,13,952
02/08/2009,16,961
02/08/2009,19,970
02/08/2009,22,975
02/09/2009,1,973
02/09/2009,4,971
02/09/2009,7,969
02/09/2009,10,975
02/09/2009,13,981
02/09/2009,16,983
02/09/2009,19,985
02/09/2009,22,986
02/10/2009,1,988
02/10/2009,4,985
02/10/2009,7,984
02/10/2009,10,970
02/10/2009,13,959
02/10/2009,16,974
02/10/2009,19,976
02/10/2009,22,979
02/11/2009,1,981
02/11/2009,4,976.5
02/11/2009,7,971
02/11/2009,10,933.5
02/11/2009,13,903
02/11/2009,16,899
02/11/2009,19,913
02/11/2009,22,897.5
02/12/2009,1,882
02/12/2009,4,867
02/12/2009,7,850
02/12/2009,10,824
02/12/2009,13,813
02/12/2009,16,838.5
02/12/2009,19,871
02/12/2009,22,890.5
02/13/2009,1,896
02/13/2009,4,876.5
02/13/2009,7,852
02/13/2009,10,818.5
02/13/2009,13,792
02/13/2009,16,795.5
02/13/2009,19,830
02/13/2009,22,836.5
02/14/2009,1,834
02/14/2009,4,828
02/14/2009,7,822
02/14/2009,10,802
02/14/2009,13,773
02/14/2009,16,764
02/14/2009,19,786
02/14/2009,22,809
02/15/2009,1,832
02/15/2009,4,848
02/15/2009,7,843
02/15/2009,10,825
02/15/2009,13,800
02/15/2009,16,781
02/15/2009,19,789
02/15/2009,22,801
02/16/2009,1,816
02/16/2009,4,828
02/16/2009,7,820
02/16/2009,10,795
02/16/2009,13,778
02/16/2009,16,798
02/16/2009,19,821
02/16/2009,22,827
02/17/2009,1,834
02/17/2009,4,840
02/17/2009,7,819
02/17/2009,10,803
02/17/2009,13,792
02/17/2009,16,823
02/17/2009,19,852
02/17/2009,22,867
02/18/2009,1,879
02/18/2009,4,874.5
02/18/2009,7,849
02/18/2009,10,830
02/18/2009,13,816
02/18/2009,16,850
02/18/2009,19,891
02/18/2009,22,913
02/19/2009,1,925
02/19/2009,4,925
02/19/2009,7,914
02/19/2009,10,907.5
02/19/2009,13,899
02/19/2009,16,931
02/19/2009,19,949
02/19/2009,22,956.5
02/20/2009,1,960
02/20/2009,4,948.5
02/20/2009,7,932
02/20/2009,10,922
02/20/2009,13,917
02/20/2009,16,926
02/20/2009,19,937
02/20/2009,22,945.5
02/21/2009,1,953
02/21/2009,4,937
02/21/2009,7,910
02/21/2009,10,896.5
02/21/2009,13,893
02/21/2009,16,917.5
02/21/2009,19,944
02/21/2009,22,952.5
02/22/2009,1,958
02/22/2009,4,947.5
02/22/2009,7,930
02/22/2009,10,919
02/22/2009,13,914
02/22/2009,16,914
02/22/2009,19,922
02/22/2009,22,927.5
02/23/2009,1,931
02/23/2009,4,913.5
02/23/2009,7,887
02/23/2009,10,864.5
02/23/2009,13,857
02/23/2009,16,867.5
02/23/2009,19,883
02/23/2009,22,875
02/24/2009,1,864
02/24/2009,4,854.5
02/24/2009,7,851
02/24/2009,10,828.5
02/24/2009,13,804
02/24/2009,16,835
02/24/2009,19,871
02/24/2009,22,891.5
02/25/2009,1,892
02/25/2009,4,878.5
02/25/2009,7,861
02/25/2009,10,849.5
02/25/2009,13,853
02/25/2009,16,884
02/25/2009,19,907
02/25/2009,22,897
02/26/2009,1,882
02/26/2009,4,864.5
02/26/2009,7,851
02/26/2009,10,839
02/26/2009,13,830
02/26/2009,16,854.5
02/26/2009,19,879
02/26/2009,22,898
02/27/2009,1,893
02/27/2009,4,871
02/27/2009,7,845
02/27/2009,10,819
02/27/2009,13,807
02/27/2009,16,836.5
02/27/2009,19,874
02/27/2009,22,879
02/28/2009,1,883
02/28/2009,4,866
02/28/2009,7,843
02/28/2009,10,821
02/28/2009,13,827
02/28/2009,16,844
02/28/2009,19,865
02/28/2009,22,875
03/01/2009,1,880
03/01/2009,4,866
03/01/2009,7,848
03/01/2009,10,819
03/01/2009,13,816
03/01/2009,16,832
03/01/2009,19,860
03/01/2009,22,871.5
03/02/2009,1,875
03/02/2009,4,867
03/02/2009,7,859
03/02/2009,10,840
03/02/2009,13,815
03/02/2009,16,840.5
03/02/2009,19,875
03/02/2009,22,885
03/03/2009,1,889
03/03/2009,4,875
03/03/2009,7,862
03/03/2009,10,847
03/03/2009,13,832
03/03/2009,16,858.5
03/03/2009,19,895
03/03/2009,22,906.5
03/04/2009,1,905
03/04/2009,4,884
03/04/2009,7,860
03/04/2009,10,841
03/04/2009,13,838
03/04/2009,16,851
03/04/2009,19,880
03/04/2009,22,893
03/05/2009,1,901
03/05/2009,4,874.5
03/05/2009,7,852
03/05/2009,10,841.5
03/05/2009,13,836
03/05/2009,16,846.5
03/05/2009,19,862
03/05/2009,22,873
03/06/2009,1,878
03/06/2009,4,865
03/06/2009,7,847
03/06/2009,10,809
03/06/2009,13,771
03/06/2009,16,786.5
03/06/2009,19,815
03/06/2009,22,844
03/07/2009,1,842
03/07/2009,4,830
03/07/2009,7,818
03/07/2009,10,788.5
03/07/2009,13,770
03/07/2009,16,788
03/07/2009,19,813
03/07/2009,22,837.5
03/08/2009,1,840
03/08/2009,4,830.5
03/08/2009,7,825
03/08/2009,10,805.5
03/08/2009,13,785
03/08/2009,16,778
03/08/2009,19,799
03/08/2009,22,814
03/09/2009,1,822
03/09/2009,4,819
03/09/2009,7,803
03/09/2009,10,777.5
03/09/2009,13,771
03/09/2009,16,774
03/09/2009,19,778
03/09/2009,22,805.5
03/10/2009,1,832
03/10/2009,4,843
03/10/2009,7,828
03/10/2009,10,823
03/10/2009,13,822
03/10/2009,16,859
03/10/2009,19,888
03/10/2009,22,899.5
03/11/2009,1,898
03/11/2009,4,868.5
03/11/2009,7,837
03/11/2009,10,804.5
03/11/2009,13,791
03/11/2009,16,820
03/11/2009,19,860
03/11/2009,22,875
03/12/2009,1,875
03/12/2009,4,854
03/12/2009,7,832
03/12/2009,10,790.5
03/12/2009,13,773
03/12/2009,16,793.5
03/12/2009,19,827
03/12/2009,22,845.5
03/13/2009,1,848
03/13/2009,4,837.5
03/13/2009,7,821
03/13/2009,10,810.5
03/13/2009,13,817
03/13/2009,16,840
03/13/2009,19,866
03/13/2009,22,882
03/14/2009,1,880
03/14/2009,4,866
03/14/2009,7,831
03/14/2009,10,804.5
03/14/2009,13,791
03/14/2009,16,806.5
03/14/2009,19,814
03/14/2009,22,830.5
03/15/2009,1,840
03/15/2009,4,829
03/15/2009,7,821
03/15/2009,10,796.5
03/15/2009,13,779
03/15/2009,16,762.5
03/15/2009,19,766
03/15/2009,22,796
03/16/2009,1,825
03/16/2009,4,811
03/16/2009,7,798
03/16/2009,10,776.5
03/16/2009,13,756
03/16/2009,16,767
03/16/2009,19,779
03/16/2009,22,792
03/17/2009,1,803
03/17/2009,4,814
03/17/2009,7,811
03/17/2009,10,799
03/17/2009,13,780
03/17/2009,16,793
03/17/2009,19,810
03/17/2009,22,831
03/18/2009,1,852
03/18/2009,4,859.5
03/18/2009,7,848
03/18/2009,10,828.5
03/18/2009,13,816
03/18/2009,16,848.5
03/18/2009,19,873
03/18/2009,22,891.5
03/19/2009,1,902
03/19/2009,4,873
03/19/2009,7,840
03/19/2009,10,805
03/19/2009,13,778
03/19/2009,16,810
03/19/2009,19,847
03/19/2009,22,868.5
03/20/2009,1,880
03/20/2009,4,864.5
03/20/2009,7,843
03/20/2009,10,830.5
03/20/2009,13,820
03/20/2009,16,826
03/20/2009,19,862
03/20/2009,22,875.5
03/21/2009,1,883
03/21/2009,4,868
03/21/2009,7,845
03/21/2009,10,825
03/21/2009,13,795
03/21/2009,16,788
03/21/2009,19,821
03/21/2009,22,863
03/22/2009,1,890
03/22/2009,4,867.5
03/22/2009,7,845
03/22/2009,10,820
03/22/2009,13,808
03/22/2009,16,808
03/22/2009,19,837
03/22/2009,22,857.5
03/23/2009,1,871
03/23/2009,4,853.5
03/23/2009,7,829
03/23/2009,10,809.5
03/23/2009,13,799
03/23/2009,16,804
03/23/2009,19,813
03/23/2009,22,821.5
03/24/2009,1,829
03/24/2009,4,836
03/24/2009,7,843
03/24/2009,10,815
03/24/2009,13,799
03/24/2009,16,837.5
03/24/2009,19,872
03/24/2009,22,878.5
03/25/2009,1,875
03/25/2009,4,858.5
03/25/2009,7,841
03/25/2009,10,819
03/25/2009,13,801
03/25/2009,16,837.5
03/25/2009,19,866
03/25/2009,22,875.5
03/26/2009,1,881
03/26/2009,4,878.5
03/26/2009,7,872
03/26/2009,10,873.5
03/26/2009,13,882
03/26/2009,16,890
03/26/2009,19,879
03/26/2009,22,867
03/27/2009,1,860
03/27/2009,4,855.5
03/27/2009,7,852
03/27/2009,10,823.5
03/27/2009,13,810
03/27/2009,16,840.5
03/27/2009,19,868
03/27/2009,22,864
03/28/2009,1,860
03/28/2009,4,856.5
03/28/2009,7,856
03/28/2009,10,846
03/28/2009,13,836
03/28/2009,16,850.5
03/28/2009,19,879
03/28/2009,22,873.5
03/29/2009,1,867
03/29/2009,4,860.5
03/29/2009,7,853
03/29/2009,10,830
03/29/2009,13,807
03/29/2009,16,797
03/29/2009,19,826
03/29/2009,22,863.5
03/30/2009,1,885
03/30/2009,4,876.5
03/30/2009,7,865
03/30/2009,10,838.5
03/30/2009,13,812
03/30/2009,16,834.5
03/30/2009,19,857
03/30/2009,22,868
03/31/2009,1,870
03/31/2009,4,851.5
03/31/2009,7,837
03/31/2009,10,803
03/31/2009,13,778
03/31/2009,16,796.5
03/31/2009,19,826
03/31/2009,22,843
04/01/2009,1,848
04/01/2009,4,840
04/01/2009,7,832
04/01/2009,10,802.5
04/01/2009,13,776
04/01/2009,16,788.5
04/01/2009,19,816
04/01/2009,22,833
04/02/2009,1,850
04/02/2009,4,857
04/02/2009,7,853
04/02/2009,10,834
04/02/2009,13,811
04/02/2009,16,841.5
04/02/2009,19,876
04/02/2009,22,894.5
04/03/2009,1,900
04/03/2009,4,881
04/03/2009,7,858
04/03/2009,10,828
04/03/2009,13,815
04/03/2009,16,842.5
04/03/2009,19,874
04/03/2009,22,883
04/04/2009,1,889
04/04/2009,4,878.5
04/04/2009,7,862
04/04/2009,10,843.5
04/04/2009,13,825
04/04/2009,16,823
04/04/2009,19,833
04/04/2009,22,840.5
04/05/2009,1,847
04/05/2009,4,846.5
04/05/2009,7,834
04/05/2009,10,804.5
04/05/2009,13,790
04/05/2009,16,805
04/05/2009,19,827
04/05/2009,22,843.5
04/06/2009,1,858
04/06/2009,4,874.5
04/06/2009,7,870
04/06/2009,10,862.5
04/06/2009,13,856
04/06/2009,16,856
04/06/2009,19,856
04/06/2009,22,858
04/07/2009,1,874
04/07/2009,4,885.5
04/07/2009,7,880
04/07/2009,10,855.5
04/07/2009,13,833
04/07/2009,16,835.5
04/07/2009,19,870
04/07/2009,22,879.5
04/08/2009,1,884
04/08/2009,4,874.5
04/08/2009,7,865
04/08/2009,10,832.5
04/08/2009,13,799
04/08/2009,16,822.5
04/08/2009,19,842
04/08/2009,22,851
04/09/2009,1,857
04/09/2009,4,854
04/09/2009,7,849
04/09/2009,10,821.5
04/09/2009,13,797
04/09/2009,16,835.5
04/09/2009,19,875
04/09/2009,22,898.5
04/10/2009,1,907
04/10/2009,4,881
04/10/2009,7,858
04/10/2009,10,829.5
04/10/2009,13,807
04/10/2009,16,821.5
04/10/2009,19,837
04/10/2009,22,847
04/11/2009,1,840
04/11/2009,4,817
04/11/2009,7,790
04/11/2009,10,790
04/11/2009,13,817
04/11/2009,16,828.5
04/11/2009,19,850
04/11/2009,22,858.5
04/12/2009,1,861
04/12/2009,4,852
04/12/2009,7,827
04/12/2009,10,817.5
04/12/2009,13,826
04/12/2009,16,842
04/12/2009,19,852
04/12/2009,22,859
04/13/2009,1,847
04/13/2009,4,827.5
04/13/2009,7,800
04/13/2009,10,782
04/13/2009,13,790
04/13/2009,16,812
04/13/2009,19,838
04/13/2009,22,856.5
04/14/2009,1,873
04/14/2009,4,890.5
04/14/2009,7,890
04/14/2009,10,872.5
04/14/2009,13,861
04/14/2009,16,870
04/14/2009,19,887
04/14/2009,22,894
04/15/2009,1,899
04/15/2009,4,899.5
04/15/2009,7,889
04/15/2009,10,866.5
04/15/2009,13,874
04/15/2009,16,905.5
04/15/2009,19,932
04/15/2009,22,934.5
04/16/2009,1,928
04/16/2009,4,921
04/16/2009,7,909
04/16/2009,10,896
04/16/2009,13,887
04/16/2009,16,904.5
04/16/2009,19,929
04/16/2009,22,929.5
04/17/2009,1,919
04/17/2009,4,909.5
04/17/2009,7,898
04/17/2009,10,871.5
04/17/2009,13,852
04/17/2009,16,880
04/17/2009,19,909
04/17/2009,22,911.5
04/18/2009,1,902
04/18/2009,4,882.5
04/18/2009,7,864
04/18/2009,10,848.5
04/18/2009,13,838
04/18/2009,16,854.5
04/18/2009,19,867
04/18/2009,22,867
04/19/2009,1,859
04/19/2009,4,850.5
04/19/2009,7,844
04/19/2009,10,835.5
04/19/2009,13,846
04/19/2009,16,865.5
04/19/2009,19,878
04/19/2009,22,876.5
04/20/2009,1,867
04/20/2009,4,854
04/20/2009,7,848
04/20/2009,10,852.5
04/20/2009,13,857
04/20/2009,16,867
04/20/2009,19,882
04/20/2009,22,880.5
04/21/2009,1,871
04/21/2009,4,863
04/21/2009,7,856
04/21/2009,10,865.5
04/21/2009,13,867
04/21/2009,16,874.5
04/21/2009,19,878
04/21/2009,22,871.5
04/22/2009,1,866
04/22/2009,4,856.5
04/22/2009,7,850
04/22/2009,10,846.5
04/22/2009,13,843
04/22/2009,16,868
04/22/2009,19,879
04/22/2009,22,878.5
04/23/2009,1,871
04/23/2009,4,861
04/23/2009,7,853
04/23/2009,10,851.5
04/23/2009,13,852
04/23/2009,16,865
04/23/2009,19,876
04/23/2009,22,875
04/24/2009,1,865
04/24/2009,4,854
04/24/2009,7,846
04/24/2009,10,836.5
04/24/2009,13,845
04/24/2009,16,866.5
04/24/2009,19,879
04/24/2009,22,881.5
04/25/2009,1,874
04/25/2009,4,862.5
04/25/2009,7,848
04/25/2009,10,862.5
04/25/2009,13,875
04/25/2009,16,883
04/25/2009,19,894
04/25/2009,22,898
04/26/2009,1,895
04/26/2009,4,883
04/26/2009,7,865
04/26/2009,10,855.5
04/26/2009,13,860
04/26/2009,16,875.5
04/26/2009,19,887
04/26/2009,22,890.5
04/27/2009,1,878
04/27/2009,4,863.5
04/27/2009,7,843
04/27/2009,10,819
04/27/2009,13,806
04/27/2009,16,823
04/27/2009,19,852
04/27/2009,22,870.5
04/28/2009,1,886
04/28/2009,4,873.5
04/28/2009,7,858
04/28/2009,10,856
04/28/2009,13,854
04/28/2009,16,853.5
04/28/2009,19,870
04/28/2009,22,877
04/29/2009,1,882
04/29/2009,4,871
04/29/2009,7,860
04/29/2009,10,850
04/29/2009,13,842
04/29/2009,16,862
04/29/2009,19,894
04/29/2009,22,905.5
04/30/2009,1,910
04/30/2009,4,882
04/30/2009,7,852
04/30/2009,10,837
04/30/2009,13,823
04/30/2009,16,843.5
04/30/2009,19,875
04/30/2009,22,885
05/01/2009,1,889
05/01/2009,4,877
05/01/2009,7,858
05/01/2009,10,833
05/01/2009,13,829
05/01/2009,16,871.5
05/01/2009,19,906
05/01/2009,22,914.5
05/02/2009,1,920
05/02/2009,4,902
05/02/2009,7,877
05/02/2009,10,852
05/02/2009,13,853
05/02/2009,16,860.5
05/02/2009,19,879
05/02/2009,22,879
05/03/2009,1,874
05/03/2009,4,879
05/03/2009,7,881
05/03/2009,10,859
05/03/2009,13,823
05/03/2009,16,817.5
05/03/2009,19,853
05/03/2009,22,881.5
05/04/2009,1,894
05/04/2009,4,895.5
05/04/2009,7,876
05/04/2009,10,850
05/04/2009,13,830
05/04/2009,16,860.5
05/04/2009,19,900
05/04/2009,22,911.5
05/05/2009,1,906
05/05/2009,4,897.5
05/05/2009,7,879
05/05/2009,10,851
05/05/2009,13,837
05/05/2009,16,867
05/05/2009,19,888
05/05/2009,22,912
05/06/2009,1,924
05/06/2009,4,933
05/06/2009,7,925
05/06/2009,10,904.5
05/06/2009,13,892
05/06/2009,16,921
05/06/2009,19,935
05/06/2009,22,940
05/07/2009,1,944
05/07/2009,4,956
05/07/2009,7,979
05/07/2009,10,990.5
05/07/2009,13,999
05/07/2009,16,996
05/07/2009,19,996
05/07/2009,22,999
05/08/2009,1,999
05/08/2009,4,1004
05/08/2009,7,1006
05/08/2009,10,1007.5
05/08/2009,13,1008
05/08/2009,16,1008
05/08/2009,19,1013
05/08/2009,22,1017
05/09/2009,1,1019
05/09/2009,4,1036.5
05/09/2009,7,1055
05/09/2009,10,1063.5
05/09/2009,13,1068
05/09/2009,16,1067.5
05/09/2009,19,1064
05/09/2009,22,1061
05/10/2009,1,1056
05/10/2009,4,1054.5
05/10/2009,7,1058
05/10/2009,10,1061
05/10/2009,13,1061
05/10/2009,16,1061
05/10/2009,19,1061
05/10/2009,22,1056.5
05/11/2009,1,1051
05/11/2009,4,1048
05/11/2009,7,1045
05/11/2009,10,1045
05/11/2009,13,1043
05/11/2009,16,1043
05/11/2009,19,1043
05/11/2009,22,1042.5
05/12/2009,1,1042
05/12/2009,4,1051
05/12/2009,7,1072
05/12/2009,10,1075
05/12/2009,13,1085
05/12/2009,16,1091.5
05/12/2009,19,1094
05/12/2009,22,1109
05/13/2009,1,1143
05/13/2009,4,1179
05/13/2009,7,1225
05/13/2009,10,1239.666667
05/13/2009,13,1253
05/13/2009,16,1256.666667
05/13/2009,19,1247
05/13/2009,22,1229.25
05/14/2009,1,1204
05/14/2009,4,1183
05/14/2009,7,1146
05/14/2009,10,1116
05/14/2009,13,1101
05/14/2009,16,1106.666667
05/14/2009,19,1111
05/14/2009,22,1112
05/15/2009,1,1113
05/15/2009,4,1107
05/15/2009,7,1095
05/15/2009,10,1078.5
05/15/2009,13,1071
05/15/2009,16,1098.5
05/15/2009,19,1129
05/15/2009,22,1170.25
05/16/2009,1,1202
05/16/2009,4,1220.333333
05/16/2009,7,1242.666667
05/16/2009,10,1263.666667
05/16/2009,13,1285
05/16/2009,16,1305
05/16/2009,19,1321.666667
05/16/2009,22,1337.25
05/17/2009,1,1348
05/17/2009,4,1350.666667
05/17/2009,7,1347
05/17/2009,10,1345
05/17/2009,13,1343
05/17/2009,16,1335
05/17/2009,19,1327.666667
05/17/2009,22,1315
05/18/2009,1,1301
05/18/2009,4,1289.666667
05/18/2009,7,1268.333333
05/18/2009,10,1254
05/18/2009,13,1244
05/18/2009,16,1244
05/18/2009,19,1245.333333
05/18/2009,22,1257.25
05/19/2009,1,1266
05/19/2009,4,1267.333333
05/19/2009,7,1251
05/19/2009,10,1235.666667
05/19/2009,13,1222.666667
05/19/2009,16,1208.333333
05/19/2009,19,1191
05/19/2009,22,1175
05/20/2009,1,1166
05/20/2009,4,1159
05/20/2009,7,1151
05/20/2009,10,1142
05/20/2009,13,1137
05/20/2009,16,1132.5
05/20/2009,19,1129
05/20/2009,22,1126
05/21/2009,1,1123
05/21/2009,4,1127.5
05/21/2009,7,1131
05/21/2009,10,1128
05/21/2009,13,1125
05/21/2009,16,1119.5
05/21/2009,19,1115
05/21/2009,22,1110
05/22/2009,1,1105
05/22/2009,4,1100
05/22/2009,7,1096
05/22/2009,10,1092
05/22/2009,13,1089
05/22/2009,16,1087
05/22/2009,19,1085
05/22/2009,22,1080.5
05/23/2009,1,1075
05/23/2009,4,1075
05/23/2009,7,1074
05/23/2009,10,1072
05/23/2009,13,1070
05/23/2009,16,1067
05/23/2009,19,1063
05/23/2009,22,1061
05/24/2009,1,1061
05/24/2009,4,1063
05/24/2009,7,1066
05/24/2009,10,1074
05/24/2009,13,1079
05/24/2009,16,1091
05/24/2009,19,1093
05/24/2009,22,1107
05/25/2009,1,1119
05/25/2009,4,1123
05/25/2009,7,1121
05/25/2009,10,1114
05/25/2009,13,1114
05/25/2009,16,1107
05/25/2009,19,1096
05/25/2009,22,1092
05/26/2009,1,1087
05/26/2009,4,1103.5
05/26/2009,7,1121
05/26/2009,10,1125
05/26/2009,13,1123
05/26/2009,16,1119
05/26/2009,19,1115
05/26/2009,22,1115
05/27/2009,1,1122
05/27/2009,4,1130
05/27/2009,7,1137
05/27/2009,10,1140
05/27/2009,13,1138
05/27/2009,16,1131
05/27/2009,19,1122
05/27/2009,22,1118
05/28/2009,1,1115
05/28/2009,4,1112
05/28/2009,7,1108
05/28/2009,10,1112
05/28/2009,13,1110
05/28/2009,16,1107
05/28/2009,19,1105
05/28/2009,22,1105
05/29/2009,1,1103
05/29/2009,4,1105
05/29/2009,7,1108
05/29/2009,10,1112
05/29/2009,13,1118
05/29/2009,16,1130
05/29/2009,19,1144
05/29/2009,22,1157
05/30/2009,1,1172
05/30/2009,4,1181
05/30/2009,7,1186
05/30/2009,10,1188
05/30/2009,13,1188
05/30/2009,16,1188
05/30/2009,19,1185
05/30/2009,22,1178
05/31/2009,1,1169
05/31/2009,4,1165
05/31/2009,7,1163
05/31/2009,10,1156
05/31/2009,13,1151
05/31/2009,16,1142
05/31/2009,19,1136
05/31/2009,22,1129
06/01/2009,1,1121
06/01/2009,4,1116
06/01/2009,7,1111
06/01/2009,10,1106
06/01/2009,13,1102
06/01/2009,16,1098
06/01/2009,19,1093
06/01/2009,22,1093
06/02/2009,1,1091
06/02/2009,4,1091
06/02/2009,7,1091
06/02/2009,10,1091
06/02/2009,13,1091
06/02/2009,16,1089
06/02/2009,19,1087
06/02/2009,22,1085
06/03/2009,1,1088
06/03/2009,4,1107
06/03/2009,7,1121
06/03/2009,10,1137.5
06/03/2009,13,1164
06/03/2009,16,1191
06/03/2009,19,1208
06/03/2009,22,1220
06/04/2009,1,1228
06/04/2009,4,1231
06/04/2009,7,1232
06/04/2009,10,1226.333333
06/04/2009,13,1217.333333
06/04/2009,16,1202.666667
06/04/2009,19,1184.666667
06/04/2009,22,1175.75
06/05/2009,1,1169
06/05/2009,4,1159.5
06/05/2009,7,1148
06/05/2009,10,1145.5
06/05/2009,13,1145
06/05/2009,16,1143
06/05/2009,19,1140
06/05/2009,22,1137
06/06/2009,1,1133
06/06/2009,4,1129
06/06/2009,7,1126
06/06/2009,10,1121.5
06/06/2009,13,1120
06/06/2009,16,1118
06/06/2009,19,1118
06/06/2009,22,1115.5
06/07/2009,1,1115
06/07/2009,4,1109
06/07/2009,7,1102
06/07/2009,10,1079
06/07/2009,13,1063
06/07/2009,16,1068
06/07/2009,19,1075
06/07/2009,22,1083
06/08/2009,1,1090
06/08/2009,4,1093
06/08/2009,7,1087
06/08/2009,10,1066
06/08/2009,13,1054
06/08/2009,16,1070
06/08/2009,19,1088
06/08/2009,22,1093
06/09/2009,1,1095
06/09/2009,4,1095
06/09/2009,7,1090
06/09/2009,10,1090
06/09/2009,13,1085
06/09/2009,16,1080
06/09/2009,19,1074
06/09/2009,22,1074
06/10/2009,1,1074
06/10/2009,4,1069
06/10/2009,7,1064
06/10/2009,10,1052
06/10/2009,13,1043
06/10/2009,16,1041
06/10/2009,19,1046
06/10/2009,22,1049
06/11/2009,1,1053
06/11/2009,4,1051
06/11/2009,7,1047
06/11/2009,10,1033
06/11/2009,13,1013
06/11/2009,16,1006
06/11/2009,19,996
06/11/2009,22,985
06/12/2009,1,977
06/12/2009,4,989
06/12/2009,7,997
06/12/2009,10,993
06/12/2009,13,986
06/12/2009,16,980
06/12/2009,19,993
06/12/2009,22,990
06/13/2009,1,987
06/13/2009,4,984
06/13/2009,7,981
06/13/2009,10,973
06/13/2009,13,958
06/13/2009,16,950
06/13/2009,19,949
06/13/2009,22,946
06/14/2009,1,942
06/14/2009,4,939
06/14/2009,7,937
06/14/2009,10,915
06/14/2009,13,904
06/14/2009,16,896
06/14/2009,19,905
06/14/2009,22,947
06/15/2009,1,988
06/15/2009,4,995
06/15/2009,7,1005.333333
06/15/2009,10,992.3333333
06/15/2009,13,980
06/15/2009,16,985.3333333
06/15/2009,19,1004
06/15/2009,22,1016.25
06/16/2009,1,1021
06/16/2009,4,1031.5
06/16/2009,7,1039
06/16/2009,10,1043.5
06/16/2009,13,1047
06/16/2009,16,1059
06/16/2009,19,1072
06/16/2009,22,1076.5
06/17/2009,1,1068
06/17/2009,4,1090.5
06/17/2009,7,1118
06/17/2009,10,1135
06/17/2009,13,1138
06/17/2009,16,1139
06/17/2009,19,1131
06/17/2009,22,1118
06/18/2009,1,1107
06/18/2009,4,1107
06/18/2009,7,1109
06/18/2009,10,1108
06/18/2009,13,1109
06/18/2009,16,1100.5
06/18/2009,19,1090
06/18/2009,22,1079.5
06/19/2009,1,1071
06/19/2009,4,1083.5
06/19/2009,7,1096
06/19/2009,10,1107
06/19/2009,13,1113
06/19/2009,16,1110
06/19/2009,19,1105
06/19/2009,22,1103.5
06/20/2009,1,1101
06/20/2009,4,1101
06/20/2009,7,1101
06/20/2009,10,1083
06/20/2009,13,1068
06/20/2009,16,1057
06/20/2009,19,1042
06/20/2009,22,1029
06/21/2009,1,1023
06/21/2009,4,1001.5
06/21/2009,7,971
06/21/2009,10,974.5
06/21/2009,13,981
06/21/2009,16,988
06/21/2009,19,990
06/21/2009,22,991
06/22/2009,1,993
06/22/2009,4,988.5
06/22/2009,7,980
06/22/2009,10,978
06/22/2009,13,978
06/22/2009,16,1002
06/22/2009,19,1019
06/22/2009,22,1023.5
06/23/2009,1,1025
06/23/2009,4,1038.5
06/23/2009,7,1051
06/23/2009,10,1063.5
06/23/2009,13,1069
06/23/2009,16,1069
06/23/2009,19,1066
06/23/2009,22,1058.5
06/24/2009,1,1053
06/24/2009,4,1051.5
06/24/2009,7,1050
06/24/2009,10,1042.5
06/24/2009,13,1039
06/24/2009,16,1049.5
06/24/2009,19,1054
06/24/2009,22,1047
06/25/2009,1,1040
06/25/2009,4,1046
06/25/2009,7,1055
06/25/2009,10,1048.5
06/25/2009,13,1049
06/25/2009,16,1058.5
06/25/2009,19,1056
06/25/2009,22,1046.5
06/26/2009,1,1038
06/26/2009,4,1037
06/26/2009,7,1031
06/26/2009,10,1018
06/26/2009,13,1010
06/26/2009,16,1014.5
06/26/2009,19,1020
06/26/2009,22,1010
06/27/2009,1,1003
06/27/2009,4,1018.333333
06/27/2009,7,1049
06/27/2009,10,1074.666667
06/27/2009,13,1079.333333
06/27/2009,16,1082
06/27/2009,19,1080.666667
06/27/2009,22,1066.25
06/28/2009,1,1052
06/28/2009,4,1044.5
06/28/2009,7,1042
06/28/2009,10,1045
06/28/2009,13,1045
06/28/2009,16,1053.5
06/28/2009,19,1060
06/28/2009,22,1065
06/29/2009,1,1072
06/29/2009,4,1078.5
06/29/2009,7,1086
06/29/2009,10,1077
06/29/2009,13,1078
06/29/2009,16,1086.5
06/29/2009,19,1090
06/29/2009,22,1092.5
06/30/2009,1,1095
06/30/2009,4,1100.5
06/30/2009,7,1098
06/30/2009,10,1087
06/30/2009,13,1078
06/30/2009,16,1077.5
06/30/2009,19,1077
06/30/2009,22,1075.5
07/01/2009,1,1073
07/01/2009,4,1068
07/01/2009,7,1063
07/01/2009,10,1062
07/01/2009,13,1062
07/01/2009,16,1080
07/01/2009,19,1094
07/01/2009,22,1104.5
07/02/2009,1,1117
07/02/2009,4,1125.5
07/02/2009,7,1130
07/02/2009,10,1129.5
07/02/2009,13,1140
07/02/2009,16,1159
07/02/2009,19,1169
07/02/2009,22,1174.5
07/03/2009,1,1178
07/03/2009,4,1176
07/03/2009,7,1165
07/03/2009,10,1144.5
07/03/2009,13,1128
07/03/2009,16,1130.5
07/03/2009,19,1140
07/03/2009,22,1144.5
07/04/2009,1,1148
07/04/2009,4,1141
07/04/2009,7,1133
07/04/2009,10,1120
07/04/2009,13,1122
07/04/2009,16,1140
07/04/2009,19,1163.666667
07/04/2009,22,1219.25
07/05/2009,1,1284
07/05/2009,4,1324.333333
07/05/2009,7,1372.666667
07/05/2009,10,1415.333333
07/05/2009,13,1457.333333
07/05/2009,16,1500.333333
07/05/2009,19,1532.666667
07/05/2009,22,1559
07/06/2009,1,1582
07/06/2009,4,1585
07/06/2009,7,1580.333333
07/06/2009,10,1579
07/06/2009,13,1594
07/06/2009,16,1601.666667
07/06/2009,19,1605
07/06/2009,22,1610.5
07/07/2009,1,1609
07/07/2009,4,1609
07/07/2009,7,1608
07/07/2009,10,1606
07/07/2009,13,1607
07/07/2009,16,1608.333333
07/07/2009,19,1608
07/07/2009,22,1611.5
07/08/2009,1,1611
07/08/2009,4,1606.666667
07/08/2009,7,1598
07/08/2009,10,1584.666667
07/08/2009,13,1573.666667
07/08/2009,16,1562
07/08/2009,19,1552
07/08/2009,22,1542.25
07/09/2009,1,1533
07/09/2009,4,1531
07/09/2009,7,1529.333333
07/09/2009,10,1529
07/09/2009,13,1528.333333
07/09/2009,16,1527.666667
07/09/2009,19,1524
07/09/2009,22,1516.5
07/10/2009,1,1505
07/10/2009,4,1498.333333
07/10/2009,7,1492
07/10/2009,10,1487
07/10/2009,13,1480
07/10/2009,16,1474
07/10/2009,19,1473
07/10/2009,22,1472
07/11/2009,1,1472
07/11/2009,4,1471.5
07/11/2009,7,1471
07/11/2009,10,1466
07/11/2009,13,1458
07/11/2009,16,1452
07/11/2009,19,1443
07/11/2009,22,1433
07/12/2009,1,1423
07/12/2009,4,1411.5
07/12/2009,7,1403
07/12/2009,10,1388.5
07/12/2009,13,1377
07/12/2009,16,1369.5
07/12/2009,19,1363
07/12/2009,22,1360
07/13/2009,1,1359
07/13/2009,4,1365
07/13/2009,7,1371
07/13/2009,10,1370
07/13/2009,13,1368
07/13/2009,16,1365.5
07/13/2009,19,1364
07/13/2009,22,1361.5
07/14/2009,1,1360
07/14/2009,4,1357
07/14/2009,7,1349
07/14/2009,10,1343.5
07/14/2009,13,1347
07/14/2009,16,1348
07/14/2009,19,1348
07/14/2009,22,1348
07/15/2009,1,1348
07/15/2009,4,1345.5
07/15/2009,7,1340
07/15/2009,10,1333
07/15/2009,13,1327
07/15/2009,16,1327
07/15/2009,19,1327
07/15/2009,22,1325.5
07/16/2009,1,1325
07/16/2009,4,1318
07/16/2009,7,1308
07/16/2009,10,1300
07/16/2009,13,1296
07/16/2009,16,1297
07/16/2009,19,1301
07/16/2009,22,1303.5
07/17/2009,1,1304
07/17/2009,4,1300
07/17/2009,7,1294
07/17/2009,10,1283.5
07/17/2009,13,1282
07/17/2009,16,1281
07/17/2009,19,1277
07/17/2009,22,1273.5
07/18/2009,1,1270
07/18/2009,4,1267
07/18/2009,7,1263
07/18/2009,10,1256
07/18/2009,13,1252
07/18/2009,16,1257.5
07/18/2009,19,1264
07/18/2009,22,1266.5
07/19/2009,1,1267
07/19/2009,4,1265
07/19/2009,7,1262
07/19/2009,10,1253
07/19/2009,13,1246
07/19/2009,16,1250
07/19/2009,19,1256
07/19/2009,22,1256
07/20/2009,1,1255
07/20/2009,4,1252
07/20/2009,7,1248
07/20/2009,10,1244.5
07/20/2009,13,1247
07/20/2009,16,1256.5
07/20/2009,19,1266
07/20/2009,22,1278
07/21/2009,1,1287
07/21/2009,4,1293.5
07/21/2009,7,1293
07/21/2009,10,1281.5
07/21/2009,13,1278
07/21/2009,16,1275.5
07/21/2009,19,1272
07/21/2009,22,1263
07/22/2009,1,1254
07/22/2009,4,1244.5
07/22/2009,7,1237
07/22/2009,10,1222.5
07/22/2009,13,1216
07/22/2009,16,1210.5
07/22/2009,19,1206
07/22/2009,22,1199
07/23/2009,1,1192
07/23/2009,4,1188
07/23/2009,7,1186
07/23/2009,10,1180
07/23/2009,13,1178
07/23/2009,16,1182
07/23/2009,19,1178
07/23/2009,22,1173.5
07/24/2009,1,1168
07/24/2009,4,1159.5
07/24/2009,7,1148
07/24/2009,10,1141.5
07/24/2009,13,1141
07/24/2009,16,1142
07/24/2009,19,1142
07/24/2009,22,1145.5
07/25/2009,1,1151
07/25/2009,4,1156.5
07/25/2009,7,1162
07/25/2009,10,1160.5
07/25/2009,13,1154
07/25/2009,16,1148
07/25/2009,19,1143
07/25/2009,22,1143
07/26/2009,1,1143
07/26/2009,4,1141
07/26/2009,7,1140
07/26/2009,10,1131
07/26/2009,13,1127
07/26/2009,16,1131
07/26/2009,19,1148
07/26/2009,22,1169.5
07/27/2009,1,1187
07/27/2009,4,1198
07/27/2009,7,1198
07/27/2009,10,1193
07/27/2009,13,1186
07/27/2009,16,1180.5
07/27/2009,19,1173
07/27/2009,22,1163.5
07/28/2009,1,1155
07/28/2009,4,1145.5
07/28/2009,7,1133
07/28/2009,10,1113
07/28/2009,13,1103
07/28/2009,16,1104.5
07/28/2009,19,1118
07/28/2009,22,1122
07/29/2009,1,1125
07/29/2009,4,1131
07/29/2009,7,1130
07/29/2009,10,1129
07/29/2009,13,1135
07/29/2009,16,1147
07/29/2009,19,1164
07/29/2009,22,1176
07/30/2009,1,1187
07/30/2009,4,1189
07/30/2009,7,1184
07/30/2009,10,1174.5
07/30/2009,13,1178
07/30/2009,16,1197.5
07/30/2009,19,1211
07/30/2009,22,1218
07/31/2009,1,1226
07/31/2009,4,1229
07/31/2009,7,1215
07/31/2009,10,1209
07/31/2009,13,1214
07/31/2009,16,1234.5
07/31/2009,19,1254
07/31/2009,22,1262
08/01/2009,1,1269
08/01/2009,4,1261
08/01/2009,7,1245
08/01/2009,10,1233
08/01/2009,13,1227
08/01/2009,16,1238.5
08/01/2009,19,1247
08/01/2009,22,1251.5
08/02/2009,1,1257
08/02/2009,4,1253.5
08/02/2009,7,1249
08/02/2009,10,1243
08/02/2009,13,1242
08/02/2009,16,1239.5
08/02/2009,19,1241
08/02/2009,22,1249.5
08/03/2009,1,1258
08/03/2009,4,1258.5
08/03/2009,7,1253
08/03/2009,10,1249
08/03/2009,13,1247
08/03/2009,16,1249.5
08/03/2009,19,1254
08/03/2009,22,1253.5
08/04/2009,1,1250
08/04/2009,4,1245
08/04/2009,7,1237
08/04/2009,10,1226
08/04/2009,13,1222
08/04/2009,16,1220.5
08/04/2009,19,1222
08/04/2009,22,1219
08/05/2009,1,1215
08/05/2009,4,1215
08/05/2009,7,1214
08/05/2009,10,1211
08/05/2009,13,1209
08/05/2009,16,1215.5
08/05/2009,19,1220
08/05/2009,22,1226.5
08/06/2009,1,1232
08/06/2009,4,1236
08/06/2009,7,1233
08/06/2009,10,1225.5
08/06/2009,13,1218
08/06/2009,16,1229
08/06/2009,19,1232
08/06/2009,22,1233.5
08/07/2009,1,1234
08/07/2009,4,1239
08/07/2009,7,1237
08/07/2009,10,1232
08/07/2009,13,1230
08/07/2009,16,1234.5
08/07/2009,19,1240
08/07/2009,22,1243
08/08/2009,1,1243
08/08/2009,4,1241
08/08/2009,7,1239
08/08/2009,10,1231.5
08/08/2009,13,1228
08/08/2009,16,1227
08/08/2009,19,1218
08/08/2009,22,1198.5
08/09/2009,1,1184
08/09/2009,4,1170.5
08/09/2009,7,1158
08/09/2009,10,1146
08/09/2009,13,1140
08/09/2009,16,1136.5
08/09/2009,19,1133
08/09/2009,22,1116.5
08/10/2009,1,1101
08/10/2009,4,1088
08/10/2009,7,1075
08/10/2009,10,1058.5
08/10/2009,13,1051
08/10/2009,16,1062.5
08/10/2009,19,1067
08/10/2009,22,1056.5
08/11/2009,1,1046
08/11/2009,4,1043
08/11/2009,7,1041
08/11/2009,10,1036.5
08/11/2009,13,1028
08/11/2009,16,1023
08/11/2009,19,1020
08/11/2009,22,1011.5
08/12/2009,1,1000
08/12/2009,4,997.5
08/12/2009,7,1002
08/12/2009,10,1009.5
08/12/2009,13,1019
08/12/2009,16,1030
08/12/2009,19,1032
08/12/2009,22,1022.5
08/13/2009,1,1013
08/13/2009,4,1006.5
08/13/2009,7,1003
08/13/2009,10,1015
08/13/2009,13,1021
08/13/2009,16,1024
08/13/2009,19,1016
08/13/2009,22,1003
08/14/2009,1,999
08/14/2009,4,991
08/14/2009,7,983
08/14/2009,10,984
08/14/2009,13,992
08/14/2009,16,985
08/14/2009,19,980
08/14/2009,22,964
08/15/2009,1,952
08/15/2009,4,946.5
08/15/2009,7,944
08/15/2009,10,948
08/15/2009,13,955
08/15/2009,16,959
08/15/2009,19,957
08/15/2009,22,954
08/16/2009,1,951
08/16/2009,4,956
08/16/2009,7,962
08/16/2009,10,978.5
08/16/2009,13,994
08/16/2009,16,995
08/16/2009,19,987
08/16/2009,22,977.5
08/17/2009,1,971
08/17/2009,4,971
08/17/2009,7,976
08/17/2009,10,991
08/17/2009,13,1008
08/17/2009,16,1008.5
08/17/2009,19,1010
08/17/2009,22,1019
08/18/2009,1,1022
08/18/2009,4,1016
08/18/2009,7,1011
08/18/2009,10,1010.5
08/18/2009,13,1021
08/18/2009,16,1026.5
08/18/2009,19,1032
08/18/2009,22,1040
08/19/2009,1,1045
08/19/2009,4,1060
08/19/2009,7,1079
08/19/2009,10,1090
08/19/2009,13,1092
08/19/2009,16,1088.5
08/19/2009,19,1082
08/19/2009,22,1070.5
08/20/2009,1,1058
08/20/2009,4,1052
08/20/2009,7,1049
08/20/2009,10,1045.5
08/20/2009,13,1036
08/20/2009,16,1032
08/20/2009,19,1030
08/20/2009,22,1035.5
08/21/2009,1,1042
08/21/2009,4,1036
08/21/2009,7,1026
08/21/2009,10,1032
08/21/2009,13,1032
08/21/2009,16,1026.5
08/21/2009,19,1022
08/21/2009,22,1009
08/22/2009,1,995
08/22/2009,4,986.5
08/22/2009,7,980
08/22/2009,10,986.5
08/22/2009,13,999
08/22/2009,16,1016
08/22/2009,19,1025
08/22/2009,22,1036
08/23/2009,1,1046
08/23/2009,4,1053
08/23/2009,7,1049
08/23/2009,10,1040
08/23/2009,13,1026
08/23/2009,16,1015
08/23/2009,19,1010
08/23/2009,22,997.5
08/24/2009,1,987
08/24/2009,4,983
08/24/2009,7,979
08/24/2009,10,966
08/24/2009,13,950
08/24/2009,16,965
08/24/2009,19,981
08/24/2009,22,995.5
08/25/2009,1,1003
08/25/2009,4,993.5
08/25/2009,7,986
08/25/2009,10,980
08/25/2009,13,979
08/25/2009,16,991
08/25/2009,19,1006
08/25/2009,22,1007.5
08/26/2009,1,1002
08/26/2009,4,996.5
08/26/2009,7,989
08/26/2009,10,985
08/26/2009,13,986
08/26/2009,16,988.5
08/26/2009,19,991
08/26/2009,22,990
08/27/2009,1,989
08/27/2009,4,988
08/27/2009,7,985
08/27/2009,10,986.5
08/27/2009,13,992
08/27/2009,16,998.5
08/27/2009,19,997
08/27/2009,22,988.5
08/28/2009,1,983
08/28/2009,4,1000
08/28/2009,7,1019
08/28/2009,10,1042
08/28/2009,13,1053
08/28/2009,16,1049
08/28/2009,19,1045
08/28/2009,22,1040.5
08/29/2009,1,1032
08/29/2009,4,1023.5
08/29/2009,7,1018
08/29/2009,10,1015
08/29/2009,13,1021
08/29/2009,16,1017.5
08/29/2009,19,1014
08/29/2009,22,1008.5
08/30/2009,1,1002
08/30/2009,4,998.5
08/30/2009,7,994
08/30/2009,10,994
08/30/2009,13,1001
08/30/2009,16,1013
08/30/2009,19,1024
08/30/2009,22,1019
08/31/2009,1,1014
08/31/2009,4,1003
08/31/2009,7,987
08/31/2009,10,976
08/31/2009,13,970
08/31/2009,16,966.5
08/31/2009,19,964
08/31/2009,22,964
09/01/2009,1,963
09/01/2009,4,959.5
09/01/2009,7,954
09/01/2009,10,965
09/01/2009,13,967
09/01/2009,16,964
09/01/2009,19,962
09/01/2009,22,959
09/02/2009,1,955
09/02/2009,4,948.5
09/02/2009,7,942
09/02/2009,10,936.5
09/02/2009,13,931
09/02/2009,16,925
09/02/2009,19,916
09/02/2009,22,909
09/03/2009,1,901
09/03/2009,4,895.5
09/03/2009,7,892
09/03/2009,10,887
09/03/2009,13,879
09/03/2009,16,872.5
09/03/2009,19,867
09/03/2009,22,867
09/04/2009,1,865
09/04/2009,4,863.5
09/04/2009,7,861
09/04/2009,10,859.5
09/04/2009,13,857
09/04/2009,16,856
09/04/2009,19,864
09/04/2009,22,867
09/05/2009,1,860
09/05/2009,4,860
09/05/2009,7,860
09/05/2009,10,872.5
09/05/2009,13,885
09/05/2009,16,886.5
09/05/2009,19,891
09/05/2009,22,885
09/06/2009,1,879
09/06/2009,4,884
09/06/2009,7,890
09/06/2009,10,894
09/06/2009,13,899
09/06/2009,16,908
09/06/2009,19,906
09/06/2009,22,899.5
09/07/2009,1,895
09/07/2009,4,886
09/07/2009,7,875
09/07/2009,10,865
09/07/2009,13,861
09/07/2009,16,874.5
09/07/2009,19,893
09/07/2009,22,908.5
09/08/2009,1,923
09/08/2009,4,914
09/08/2009,7,902
09/08/2009,10,897.5
09/08/2009,13,894
09/08/2009,16,899.5
09/08/2009,19,906
09/08/2009,22,902.5
09/09/2009,1,899
09/09/2009,4,897
09/09/2009,7,895
09/09/2009,10,892.5
09/09/2009,13,886
09/09/2009,16,888.5
09/09/2009,19,894
09/09/2009,22,889.5
09/10/2009,1,886
09/10/2009,4,876
09/10/2009,7,865
09/10/2009,10,864.5
09/10/2009,13,868
09/10/2009,16,881
09/10/2009,19,898
09/10/2009,22,898.5
09/11/2009,1,888
09/11/2009,4,873
09/11/2009,7,860
09/11/2009,10,852
09/11/2009,13,854
09/11/2009,16,865.5
09/11/2009,19,882
09/11/2009,22,883.5
09/12/2009,1,891
09/12/2009,4,881
09/12/2009,7,864
09/12/2009,10,847.5
09/12/2009,13,848
09/12/2009,16,860
09/12/2009,19,868
09/12/2009,22,867
09/13/2009,1,854
09/13/2009,4,844.5
09/13/2009,7,839
09/13/2009,10,849
09/13/2009,13,853
09/13/2009,16,843
09/13/2009,19,829
09/13/2009,22,824
09/14/2009,1,821
09/14/2009,4,828.5
09/14/2009,7,841
09/14/2009,10,837.5
09/14/2009,13,831
09/14/2009,16,828.5
09/14/2009,19,828
09/14/2009,22,833.5
09/15/2009,1,839
09/15/2009,4,847.5
09/15/2009,7,859
09/15/2009,10,863
09/15/2009,13,870
09/15/2009,16,884
09/15/2009,19,898
09/15/2009,22,889.5
09/16/2009,1,876
09/16/2009,4,867.5
09/16/2009,7,858
09/16/2009,10,854.5
09/16/2009,13,856
09/16/2009,16,858.5
09/16/2009,19,859
09/16/2009,22,852
09/17/2009,1,846
09/17/2009,4,844.5
09/17/2009,7,843
09/17/2009,10,837.5
09/17/2009,13,832
09/17/2009,16,818.5
09/17/2009,19,815
09/17/2009,22,822
09/18/2009,1,836
09/18/2009,4,846.5
09/18/2009,7,851
09/18/2009,10,877
09/18/2009,13,898
09/18/2009,16,914.5
09/18/2009,19,927
09/18/2009,22,927.5
09/19/2009,1,924
09/19/2009,4,918.5
09/19/2009,7,913
09/19/2009,10,911.5
09/19/2009,13,910
09/19/2009,16,914
09/19/2009,19,918
09/19/2009,22,907.5
09/20/2009,1,902
09/20/2009,4,899.5
09/20/2009,7,896
09/20/2009,10,894.5
09/20/2009,13,899
09/20/2009,16,906
09/20/2009,19,903
09/20/2009,22,895
09/21/2009,1,886
09/21/2009,3,882
09/21/2009,7,889
09/21/2009,10,870
09/21/2009,13,857
09/21/2009,15,875.5
09/21/2009,19,902
09/21/2009,22,970
09/22/2009,1,1014
09/22/2009,4,1030.666667
09/22/2009,7,1036.333333
09/22/2009,10,1034.666667
09/22/2009,13,1030.666667
09/22/2009,16,1019
09/22/2009,19,1009
09/22/2009,22,986.5
09/23/2009,1,965
09/23/2009,4,950
09/23/2009,7,933
09/23/2009,10,914.5
09/23/2009,13,904
09/23/2009,16,896
09/23/2009,19,893
09/23/2009,22,882.5
09/24/2009,1,873
09/24/2009,4,879.5
09/24/2009,7,879
09/24/2009,10,887
09/24/2009,13,886
09/24/2009,16,877.5
09/24/2009,19,870
09/24/2009,22,862.5
09/25/2009,1,853
09/25/2009,4,846
09/25/2009,7,838
09/25/2009,10,839.5
09/25/2009,13,847
09/25/2009,16,851
09/25/2009,19,857
09/25/2009,22,848.5
09/26/2009,1,841
09/26/2009,4,831
09/26/2009,7,820
09/26/2009,10,804
09/26/2009,13,800
09/26/2009,16,804.5
09/26/2009,19,808
09/26/2009,22,813
09/27/2009,1,817
09/27/2009,4,814
09/27/2009,7,807
09/27/2009,10,803.5
09/27/2009,13,802
09/27/2009,16,806
09/27/2009,19,814
09/27/2009,22,810.5
09/28/2009,1,807
09/28/2009,4,813
09/28/2009,7,817
09/28/2009,10,815
09/28/2009,13,802
09/28/2009,16,798.5
09/28/2009,19,799
09/28/2009,22,811
09/29/2009,1,824
09/29/2009,4,824.5
09/29/2009,7,819
09/29/2009,10,825
09/29/2009,13,829
09/29/2009,16,857.5
09/29/2009,19,886.3333333
09/29/2009,22,909.25
09/30/2009,1,905
09/30/2009,4,894.3333333
09/30/2009,7,876.3333333
09/30/2009,10,865
09/30/2009,13,861
09/30/2009,16,853
09/30/2009,19,846
09/30/2009,22,833.5
10/01/2009,1,822
10/01/2009,4,813
10/01/2009,7,802
10/01/2009,10,781.5
10/01/2009,13,772
10/01/2009,16,767
10/01/2009,19,769
10/01/2009,22,772
10/02/2009,1,774
10/02/2009,4,773
10/02/2009,7,770
10/02/2009,10,766
10/02/2009,13,764
10/02/2009,16,763.5
10/02/2009,19,761
10/02/2009,22,761
10/03/2009,1,765
10/03/2009,4,770.5
10/03/2009,7,773
10/03/2009,10,772.5
10/03/2009,13,769
10/03/2009,16,762.5
10/03/2009,19,763
10/03/2009,22,772
10/04/2009,1,779
10/04/2009,4,780
10/04/2009,7,773
10/04/2009,10,767.5
10/04/2009,13,761
10/04/2009,16,759.5
10/04/2009,19,762
10/04/2009,22,764.5
10/05/2009,1,767
10/05/2009,4,769
10/05/2009,7,773
10/05/2009,10,763
10/05/2009,13,751
10/05/2009,16,736
10/05/2009,19,719
10/05/2009,22,739
10/06/2009,1,763
10/06/2009,4,768.5
10/06/2009,7,756
10/06/2009,10,751
10/06/2009,13,745
10/06/2009,16,743
10/06/2009,19,756
10/06/2009,22,770
10/07/2009,1,790
10/07/2009,4,781.5
10/07/2009,7,773
10/07/2009,10,761.5
10/07/2009,13,749
10/07/2009,16,745
10/07/2009,19,750
10/07/2009,22,757
10/08/2009,1,763
10/08/2009,4,763
10/08/2009,7,759
10/08/2009,10,745
10/08/2009,13,732
10/08/2009,16,730.5
10/08/2009,19,746
10/08/2009,22,751.5
10/09/2009,1,757
10/09/2009,4,762.5
10/09/2009,7,771
10/09/2009,10,747
10/09/2009,13,730
10/09/2009,16,735
10/09/2009,19,735
10/09/2009,22,740
10/10/2009,1,761
10/10/2009,4,765.5
10/10/2009,7,750
10/10/2009,10,729.5
10/10/2009,13,712
10/10/2009,16,713
10/10/2009,19,724
10/10/2009,22,738.5
10/11/2009,1,751
10/11/2009,4,751.5
10/11/2009,7,735
10/11/2009,10,723
10/11/2009,13,711
10/11/2009,16,711.5
10/11/2009,19,717
10/11/2009,22,725
10/12/2009,1,733
10/12/2009,4,732
10/12/2009,7,724
10/12/2009,10,712.5
10/12/2009,13,706
10/12/2009,16,710.5
10/12/2009,19,716
10/12/2009,22,751
10/13/2009,1,804
10/13/2009,4,814.3333333
10/13/2009,7,822.6666667
10/13/2009,10,802
10/13/2009,13,780.6666667
10/13/2009,16,778.3333333
10/13/2009,19,797.6666667
10/13/2009,22,800
10/14/2009,1,789
10/14/2009,4,787
10/14/2009,7,786
10/14/2009,10,778.5
10/14/2009,13,756
10/14/2009,16,749
10/14/2009,19,744
10/14/2009,22,738.5
10/15/2009,1,743
10/15/2009,4,749.5
10/15/2009,7,754
10/15/2009,10,747.5
10/15/2009,13,735
10/15/2009,16,730
10/15/2009,19,727
10/15/2009,22,732.5
10/16/2009,1,738
10/16/2009,4,743
10/16/2009,7,741
10/16/2009,10,732
10/16/2009,13,727
10/16/2009,16,718
10/16/2009,19,715
10/16/2009,22,714
10/17/2009,1,724
10/17/2009,4,746.5
10/17/2009,7,744
10/17/2009,10,734.5
10/17/2009,13,723
10/17/2009,16,714
10/17/2009,19,718
10/17/2009,22,726.5
10/18/2009,1,741
10/18/2009,4,754
10/18/2009,7,753
10/18/2009,10,742.5
10/18/2009,13,728
10/18/2009,16,741.5
10/18/2009,19,766
10/18/2009,22,785.5
10/19/2009,1,796
10/19/2009,4,781.5
10/19/2009,7,756
10/19/2009,10,740.5
10/19/2009,13,726
10/19/2009,16,725
10/19/2009,19,737
10/19/2009,22,748.5
10/20/2009,1,760
10/20/2009,4,778.5
10/20/2009,7,792
10/20/2009,10,781.5
10/20/2009,13,770
10/20/2009,16,778.5
10/20/2009,19,794
10/20/2009,22,811
10/21/2009,1,825
10/21/2009,4,837.5
10/21/2009,7,849
10/21/2009,10,851
10/21/2009,13,847
10/21/2009,16,825
10/21/2009,19,808
10/21/2009,22,796.5
10/22/2009,1,786
10/22/2009,4,774.5
10/22/2009,7,764
10/22/2009,10,753
10/22/2009,13,743
10/22/2009,16,726.5
10/22/2009,19,719
10/22/2009,22,736.5
10/23/2009,1,763
10/23/2009,4,778.5
10/23/2009,7,777
10/23/2009,10,768
10/23/2009,13,757
10/23/2009,16,747
10/23/2009,19,734
10/23/2009,22,727
10/24/2009,1,721
10/24/2009,4,730
10/24/2009,7,740
10/24/2009,10,721
10/24/2009,13,714
10/24/2009,16,710
10/24/2009,19,712
10/24/2009,22,716
10/25/2009,1,723
10/25/2009,4,723.5
10/25/2009,7,720
10/25/2009,10,712
10/25/2009,13,705
10/25/2009,16,709
10/25/2009,19,713
10/25/2009,22,716.5
10/26/2009,1,720
10/26/2009,4,721
10/26/2009,7,715
10/26/2009,10,710.5
10/26/2009,13,707
10/26/2009,16,695.5
10/26/2009,19,682
10/26/2009,22,681.5
10/27/2009,1,685
10/27/2009,4,687.5
10/27/2009,7,680
10/27/2009,10,683
10/27/2009,13,683
10/27/2009,16,681.5
10/27/2009,19,685
10/27/2009,22,690
10/28/2009,1,697
10/28/2009,4,702.5
10/28/2009,7,708
10/28/2009,10,708.5
10/28/2009,13,703
10/28/2009,16,699.5
10/28/2009,19,702
10/28/2009,22,717
10/29/2009,1,746
10/29/2009,4,747.5
10/29/2009,7,733
10/29/2009,10,716.5
10/29/2009,13,712
10/29/2009,16,713.5
10/29/2009,19,728
10/29/2009,22,729
10/30/2009,1,719
10/30/2009,4,720.5
10/30/2009,7,724
10/30/2009,10,712
10/30/2009,13,692
10/30/2009,16,681.5
10/30/2009,19,673
10/30/2009,22,679.5
10/31/2009,1,687
10/31/2009,4,689.5
10/31/2009,7,692
10/31/2009,10,684
10/31/2009,13,674
10/31/2009,16,673.5
10/31/2009,19,680
10/31/2009,22,685
11/01/2009,1,690
11/01/2009,4,696.5
11/01/2009,7,703
11/01/2009,10,697
11/01/2009,13,689
11/01/2009,16,679.5
11/01/2009,19,672
11/01/2009,22,669.5
11/02/2009,1,676
11/02/2009,4,682.5
11/02/2009,7,688
11/02/2009,10,688.5
11/02/2009,13,684
11/02/2009,16,678
11/02/2009,19,669
11/02/2009,22,669.5
11/03/2009,1,683
11/03/2009,4,702
11/03/2009,7,716
11/03/2009,10,703
11/03/2009,13,680
11/03/2009,16,677
11/03/2009,19,684
11/03/2009,22,699.5
11/04/2009,1,725
11/04/2009,4,747
11/04/2009,7,750
11/04/2009,10,740
11/04/2009,13,725
11/04/2009,16,717.5
11/04/2009,19,723
11/04/2009,22,727
11/05/2009,1,731
11/05/2009,4,724.5
11/05/2009,7,719
11/05/2009,10,704.5
11/05/2009,13,692
11/05/2009,16,706.5
11/05/2009,19,734
11/05/2009,22,759
11/06/2009,1,772
11/06/2009,4,753.5
11/06/2009,7,726
11/06/2009,10,715
11/06/2009,13,697
11/06/2009,16,677.5
11/06/2009,19,668
11/06/2009,22,683.5
11/07/2009,1,702
11/07/2009,4,693
11/07/2009,7,680
11/07/2009,10,672.5
11/07/2009,13,668
11/07/2009,16,667
11/07/2009,19,666
11/07/2009,22,673
11/08/2009,1,683
11/08/2009,4,680
11/08/2009,7,678
11/08/2009,10,674
11/08/2009,13,669
11/08/2009,16,667
11/08/2009,19,671
11/08/2009,22,679
11/09/2009,1,685
11/09/2009,4,688
11/09/2009,7,682
11/09/2009,10,675
11/09/2009,13,668
11/09/2009,16,671
11/09/2009,19,675
11/09/2009,22,681
11/10/2009,1,688
11/10/2009,4,706.5
11/10/2009,7,703
11/10/2009,10,687
11/10/2009,13,674
11/10/2009,16,662.5
11/10/2009,19,652
11/10/2009,22,675.5
11/11/2009,1,702
11/11/2009,4,726
11/11/2009,7,730
11/11/2009,10,710
11/11/2009,13,692
11/11/2009,16,691.5
11/11/2009,19,722
11/11/2009,22,747.5
11/12/2009,1,764
11/12/2009,4,772
11/12/2009,7,759
11/12/2009,10,728
11/12/2009,13,700
11/12/2009,16,699.5
11/12/2009,19,726
11/12/2009,22,748
11/13/2009,1,760
11/13/2009,4,764
11/13/2009,7,761
11/13/2009,10,735
11/13/2009,13,706
11/13/2009,16,693.5
11/13/2009,19,708
11/13/2009,22,721.5
11/14/2009,1,731
11/14/2009,4,737.5
11/14/2009,7,737
11/14/2009,10,718
11/14/2009,13,704
11/14/2009,16,700.5
11/14/2009,19,712
11/14/2009,22,724
11/15/2009,1,733
11/15/2009,4,734
11/15/2009,7,724
11/15/2009,10,714
11/15/2009,13,707
11/15/2009,16,694
11/15/2009,19,681
11/15/2009,22,682
11/16/2009,1,690
11/16/2009,4,691
11/16/2009,7,675
11/16/2009,10,669.5
11/16/2009,13,665
11/16/2009,16,660
11/16/2009,19,664
11/16/2009,22,673.5
11/17/2009,1,681
11/17/2009,4,682
11/17/2009,7,675
11/17/2009,10,662.5
11/17/2009,13,645
11/17/2009,16,674.5
11/17/2009,19,735
11/17/2009,22,766
11/18/2009,1,767
11/18/2009,4,756
11/18/2009,7,737
11/18/2009,10,715.3333333
11/18/2009,13,710
11/18/2009,16,736.6666667
11/18/2009,19,761
11/18/2009,22,764
11/19/2009,1,752
11/19/2009,4,740.5
11/19/2009,7,725
11/19/2009,10,698.5
11/19/2009,13,686
11/19/2009,16,712
11/19/2009,19,742
11/19/2009,22,751.5
11/20/2009,1,757
11/20/2009,4,743.5
11/20/2009,7,725
11/20/2009,10,697
11/20/2009,13,698
11/20/2009,16,729.5
11/20/2009,19,763
11/20/2009,22,782
11/21/2009,1,780
11/21/2009,4,759.5
11/21/2009,7,735
11/21/2009,10,713.5
11/21/2009,13,715
11/21/2009,16,732
11/21/2009,19,754
11/21/2009,22,762.5
11/22/2009,1,757
11/22/2009,4,736.5
11/22/2009,7,714
11/22/2009,10,692
11/22/2009,13,677
11/22/2009,16,678
11/22/2009,19,710
11/22/2009,22,737
11/23/2009,1,737
11/23/2009,4,708.5
11/23/2009,7,678
11/23/2009,10,661.5
11/23/2009,13,648
11/23/2009,16,674
11/23/2009,19,703
11/23/2009,22,727.5
11/24/2009,1,746
11/24/2009,4,731
11/24/2009,7,711
11/24/2009,10,687.5
11/24/2009,13,697
11/24/2009,16,728.5
11/24/2009,19,756
11/24/2009,22,763.5
11/25/2009,1,763
11/25/2009,4,745.5
11/25/2009,7,727
11/25/2009,10,706.5
11/25/2009,13,696
11/25/2009,16,723.5
11/25/2009,19,756
11/25/2009,22,772
11/26/2009,1,770
11/26/2009,4,751.5
11/26/2009,7,737
11/26/2009,10,718.5
11/26/2009,13,720
11/26/2009,16,737.5
11/26/2009,19,754
11/26/2009,22,765.5
11/27/2009,1,774
11/27/2009,4,756.5
11/27/2009,7,738
11/27/2009,10,718.5
11/27/2009,13,707
11/27/2009,16,728
11/27/2009,19,750
11/27/2009,22,762
11/28/2009,1,757
11/28/2009,4,743.5
11/28/2009,7,725
11/28/2009,10,709
11/28/2009,13,698
11/28/2009,16,707
11/28/2009,19,721
11/28/2009,22,734.5
11/29/2009,1,748
11/29/2009,4,738.5
11/29/2009,7,720
11/29/2009,10,705.5
11/29/2009,13,684
11/29/2009,16,678.5
11/29/2009,19,673
11/29/2009,22,681.5
11/30/2009,1,690
11/30/2009,4,691
11/30/2009,7,679
11/30/2009,10,665
11/30/2009,13,653
11/30/2009,16,671.5
11/30/2009,19,696
11/30/2009,22,718
12/01/2009,1,730
12/01/2009,4,722
12/01/2009,7,712
12/01/2009,10,700
12/01/2009,13,700
12/01/2009,16,719
12/01/2009,19,735
12/01/2009,22,752.5
12/02/2009,1,763
12/02/2009,4,740
12/02/2009,7,714
12/02/2009,10,693
12/02/2009,13,672
12/02/2009,16,698.5
12/02/2009,19,757.6666667
12/02/2009,22,782
12/03/2009,1,778
12/03/2009,4,764.6666667
12/03/2009,7,751.3333333
12/03/2009,10,742.3333333
12/03/2009,13,757
12/03/2009,16,784
12/03/2009,19,793
12/03/2009,22,789
12/04/2009,1,780
12/04/2009,4,765.5
12/04/2009,7,751
12/04/2009,10,729
12/04/2009,13,734
12/04/2009,16,762
12/04/2009,19,780
12/04/2009,22,776
12/05/2009,1,768
12/05/2009,4,756
12/05/2009,7,745
12/05/2009,10,731
12/05/2009,13,738
12/05/2009,16,769
12/05/2009,19,792
12/05/2009,22,799.5
12/06/2009,1,794
12/06/2009,4,773
12/06/2009,7,747
12/06/2009,10,742.5
12/06/2009,13,753
12/06/2009,16,771
12/06/2009,19,793
12/06/2009,22,780.5
12/07/2009,1,762
12/07/2009,4,749.5
12/07/2009,7,725
12/07/2009,10,702
12/07/2009,13,678
12/07/2009,16,699
12/07/2009,19,727
12/07/2009,22,748
12/08/2009,1,761
12/08/2009,4,748
12/08/2009,7,735
12/08/2009,10,713.5
12/08/2009,13,696
12/08/2009,16,718
12/08/2009,19,744
12/08/2009,22,760
12/09/2009,1,757
12/09/2009,4,740.5
12/09/2009,7,725
12/09/2009,10,697.5
12/09/2009,13,671
12/09/2009,16,672
12/09/2009,19,691
12/09/2009,22,705
12/10/2009,1,698
12/10/2009,4,677.5
12/10/2009,7,656
12/10/2009,10,638
12/10/2009,13,629
12/10/2009,16,639.5
12/10/2009,19,652
12/10/2009,22,656
12/11/2009,1,653
12/11/2009,4,643
12/11/2009,7,631
12/11/2009,10,617
12/11/2009,13,601
12/11/2009,16,614
12/11/2009,19,622
12/11/2009,22,621.5
12/12/2009,1,616
12/12/2009,4,610.5
12/12/2009,7,604
12/12/2009,10,597
12/12/2009,13,591
12/12/2009,16,587.5
12/12/2009,19,590
12/12/2009,22,597
12/13/2009,1,603
12/13/2009,4,603
12/13/2009,7,592
12/13/2009,10,584.5
12/13/2009,13,581
12/13/2009,16,580.5
12/13/2009,19,586
12/13/2009,22,590
12/14/2009,1,593
12/14/2009,4,586.5
12/14/2009,7,577
12/14/2009,10,567.5
12/14/2009,13,561
12/14/2009,16,556
12/14/2009,19,558
12/14/2009,22,564
12/15/2009,1,569
12/15/2009,4,563
12/15/2009,7,558
12/15/2009,10,554
12/15/2009,13,550
12/15/2009,16,545.5
12/15/2009,19,542
12/15/2009,22,547
12/16/2009,1,554
12/16/2009,4,559
12/16/2009,7,563
12/16/2009,10,562
12/16/2009,13,560
12/16/2009,16,558
12/16/2009,19,555
12/16/2009,22,569.5
12/17/2009,1,592
12/17/2009,4,610
12/17/2009,7,600
12/17/2009,10,593
12/17/2009,13,584
12/17/2009,16,577.5
12/17/2009,19,572
12/17/2009,22,570
12/18/2009,1,573
12/18/2009,4,577
12/18/2009,7,579
12/18/2009,10,581
12/18/2009,13,579
12/18/2009,16,576
12/18/2009,19,573
12/18/2009,22,570
12/19/2009,1,572
12/19/2009,4,576
12/19/2009,7,574
12/19/2009,10,571
12/19/2009,13,568
12/19/2009,16,565
12/19/2009,19,563
12/19/2009,22,561
12/20/2009,1,567
12/20/2009,4,570
12/20/2009,7,568
12/20/2009,10,564
12/20/2009,13,561
12/20/2009,16,559
12/20/2009,19,555
12/20/2009,22,552
12/21/2009,1,559
12/21/2009,4,578
12/21/2009,7,597
12/21/2009,10,585.5
12/21/2009,13,573
12/21/2009,16,559.5
12/21/2009,19,552
12/21/2009,22,551.5
12/22/2009,1,559
12/22/2009,4,580
12/22/2009,7,590
12/22/2009,10,577
12/22/2009,13,564
12/22/2009,16,557.5
12/22/2009,19,552
12/22/2009,22,552
12/23/2009,1,565
12/23/2009,4,585
12/23/2009,7,597
12/23/2009,10,589
12/23/2009,13,582
12/23/2009,16,573.5
12/23/2009,19,564
12/23/2009,22,558.5
12/24/2009,1,566
12/24/2009,4,591
12/24/2009,7,601
12/24/2009,10,588.5
12/24/2009,13,580
12/24/2009,16,572.5
12/24/2009,19,565
12/24/2009,22,556.5
12/25/2009,1,561
12/25/2009,4,582
12/25/2009,7,587
12/25/2009,10,580
12/25/2009,13,574
12/25/2009,16,567.5
12/25/2009,19,560
12/25/2009,22,565.5
12/26/2009,1,574
12/26/2009,4,581
12/26/2009,7,583
12/26/2009,10,576
12/26/2009,13,569
12/26/2009,16,563
12/26/2009,19,554
12/26/2009,22,549
12/27/2009,1,546
12/27/2009,4,544
12/27/2009,7,542
12/27/2009,10,542
12/27/2009,13,542
12/27/2009,16,544
12/27/2009,19,548
12/27/2009,22,550
12/28/2009,1,551
12/28/2009,4,548
12/28/2009,7,546
12/28/2009,10,545
12/28/2009,13,545
12/28/2009,16,548
12/28/2009,19,552
12/28/2009,22,555
12/29/2009,1,564
12/29/2009,4,580
12/29/2009,7,585
12/29/2009,10,574
12/29/2009,13,562
12/29/2009,16,557
12/29/2009,19,554
12/29/2009,22,559
12/30/2009,1,567
12/30/2009,4,579
12/30/2009,7,582
12/30/2009,10,577
12/30/2009,13,573
12/30/2009,16,570
12/30/2009,19,566
12/30/2009,22,563
12/31/2009,1,571
12/31/2009,4,582
12/31/2009,7,584
12/31/2009,10,579
12/31/2009,13,573
12/31/2009,16,569
12/31/2009,19,566
12/31/2009,22,564
01/01/2010,1,568
01/01/2010,4,594
01/01/2010,7,605
01/01/2010,10,593
01/01/2010,13,580
01/01/2010,16,573.5
01/01/2010,19,570
01/01/2010,22,565.5
01/02/2010,1,560
01/02/2010,4,554
01/02/2010,7,551
01/02/2010,10,549
01/02/2010,13,546
01/02/2010,16,543
01/02/2010,19,545
01/02/2010,22,548
01/03/2010,1,553
01/03/2010,4,556
01/03/2010,7,554
01/03/2010,10,551
01/03/2010,13,548
01/03/2010,16,544
01/03/2010,19,546
01/03/2010,22,550
01/04/2010,1,553
01/04/2010,4,555
01/04/2010,7,552
01/04/2010,10,550
01/04/2010,13,546
01/04/2010,16,543
01/04/2010,19,547
01/04/2010,22,551
01/05/2010,1,554
01/05/2010,4,556
01/05/2010,7,553
01/05/2010,10,549
01/05/2010,13,547
01/05/2010,16,545
01/05/2010,19,544
01/05/2010,22,546
01/06/2010,1,550
01/06/2010,4,553
01/06/2010,7,551
01/06/2010,10,549
01/06/2010,13,548
01/06/2010,16,548
01/06/2010,19,546
01/06/2010,22,545
01/07/2010,1,547
01/07/2010,4,550
01/07/2010,7,552
01/07/2010,10,549
01/07/2010,13,547
01/07/2010,16,545
01/07/2010,19,544
01/07/2010,22,546
01/08/2010,1,549
01/08/2010,4,553
01/08/2010,7,551
01/08/2010,10,548
01/08/2010,13,546
01/08/2010,16,543
01/08/2010,19,542
01/08/2010,22,545
01/09/2010,1,547
01/09/2010,4,550
01/09/2010,7,548
01/09/2010,10,546
01/09/2010,13,544
01/09/2010,16,543
01/09/2010,19,542
01/09/2010,22,544
01/10/2010,1,546
01/10/2010,4,549
01/10/2010,7,547
01/10/2010,10,546
01/10/2010,13,546
01/10/2010,16,545
01/10/2010,19,543
01/10/2010,22,546
01/11/2010,1,548
01/11/2010,4,551
01/11/2010,7,547
01/11/2010,10,545
01/11/2010,13,545
01/11/2010,16,544
01/11/2010,19,544
01/11/2010,22,545
01/12/2010,1,549
01/12/2010,4,552
01/12/2010,7,551
01/12/2010,10,549
01/12/2010,13,548
01/12/2010,16,546
01/12/2010,19,545
01/12/2010,22,547
01/13/2010,1,550
01/13/2010,4,554
01/13/2010,7,551
01/13/2010,10,548
01/13/2010,13,546
01/13/2010,16,544
01/13/2010,19,544
01/13/2010,22,546
01/14/2010,1,549
01/14/2010,4,553
01/14/2010,7,550
01/14/2010,10,549
01/14/2010,13,547
01/14/2010,16,545
01/14/2010,19,544
01/14/2010,22,547
01/15/2010,1,551
01/15/2010,4,554
01/15/2010,7,552
01/15/2010,10,549
01/15/2010,13,547
01/15/2010,16,544
01/15/2010,19,543
01/15/2010,22,546
01/16/2010,1,547
01/16/2010,4,552
01/16/2010,7,550
01/16/2010,10,548
01/16/2010,13,546
01/16/2010,16,544
01/16/2010,19,544
01/16/2010,22,548
01/17/2010,1,552
01/17/2010,4,556
01/17/2010,7,554
01/17/2010,10,551
01/17/2010,13,549
01/17/2010,16,547
01/17/2010,19,545
01/17/2010,22,550
01/18/2010,1,557
01/18/2010,4,560
01/18/2010,7,559
01/18/2010,10,557
01/18/2010,13,555
01/18/2010,16,552
01/18/2010,19,548
01/18/2010,22,552
01/19/2010,1,556
01/19/2010,4,559
01/19/2010,7,554
01/19/2010,10,551
01/19/2010,13,549
01/19/2010,16,548
01/19/2010,19,546
01/19/2010,22,549
01/20/2010,1,551
01/20/2010,4,554
01/20/2010,7,550
01/20/2010,10,547
01/20/2010,13,546
01/20/2010,16,544
01/20/2010,19,543
01/20/2010,22,545
01/21/2010,1,549
01/21/2010,4,556
01/21/2010,7,553
01/21/2010,10,548
01/21/2010,13,546
01/21/2010,16,545
01/21/2010,19,547
01/21/2010,22,550
01/22/2010,1,554
01/22/2010,4,559
01/22/2010,7,560
01/22/2010,10,558
01/22/2010,13,555
01/22/2010,16,552
01/22/2010,19,549
01/22/2010,22,551
01/23/2010,1,555
01/23/2010,4,580
01/23/2010,7,635
01/23/2010,10,655
01/23/2010,13,644
01/23/2010,16,647.3333333
01/23/2010,19,652.3333333
01/23/2010,22,661.75
01/24/2010,1,695
01/24/2010,4,743.6666667
01/24/2010,7,780
01/24/2010,10,768.6666667
01/24/2010,13,754
01/24/2010,16,739.3333333
01/24/2010,19,743.3333333
01/24/2010,22,753
01/25/2010,1,756
01/25/2010,4,757
01/25/2010,7,761.3333333
01/25/2010,10,766
01/25/2010,13,770
01/25/2010,16,772
01/25/2010,19,775
01/25/2010,22,774
01/26/2010,1,770
01/26/2010,4,768.5
01/26/2010,7,765
01/26/2010,10,764.5
01/26/2010,13,769
01/26/2010,16,780
01/26/2010,19,792
01/26/2010,22,797
01/27/2010,1,802
01/27/2010,4,807.5
01/27/2010,7,813
01/27/2010,10,798.5
01/27/2010,13,790
01/27/2010,16,783
01/27/2010,19,797
01/27/2010,22,797
01/28/2010,1,787
01/28/2010,4,780
01/28/2010,7,767
01/28/2010,10,758.5
01/28/2010,13,767
01/28/2010,16,791.5
01/28/2010,19,813
01/28/2010,22,823.5
01/29/2010,1,829
01/29/2010,4,820
01/29/2010,7,805
01/29/2010,10,792.5
01/29/2010,13,787
01/29/2010,16,802
01/29/2010,19,827
01/29/2010,22,841
01/30/2010,1,846
01/30/2010,4,834.5
01/30/2010,7,817
01/30/2010,10,796.5
01/30/2010,13,781
01/30/2010,16,804.5
01/30/2010,19,823
01/30/2010,22,828.5
01/31/2010,1,834
01/31/2010,4,830.5
01/31/2010,7,825
01/31/2010,10,830
01/31/2010,13,836
01/31/2010,16,835
01/31/2010,19,824
01/31/2010,22,809
02/01/2010,1,798
02/01/2010,4,804.5
02/01/2010,7,814
02/01/2010,10,828
02/01/2010,13,840
02/01/2010,16,849.5
02/01/2010,19,857
02/01/2010,22,859
02/02/2010,1,851
02/02/2010,4,846.5
02/02/2010,7,843
02/02/2010,10,846.5
02/02/2010,13,852
02/02/2010,16,860
02/02/2010,19,845
02/02/2010,22,830
02/03/2010,1,817
02/03/2010,4,806
02/03/2010,7,797
02/03/2010,10,773.5
02/03/2010,13,756
02/03/2010,16,724.5
02/03/2010,19,707
02/03/2010,22,698
02/04/2010,1,685
02/04/2010,4,678
02/04/2010,7,670
02/04/2010,10,655
02/04/2010,13,643
02/04/2010,16,626
02/04/2010,19,613
02/04/2010,22,613.5
02/05/2010,1,631
02/05/2010,4,645
02/05/2010,7,644
02/05/2010,10,630
02/05/2010,13,618
02/05/2010,16,605.5
02/05/2010,19,595
02/05/2010,22,594
02/06/2010,1,611
02/06/2010,4,631.5
02/06/2010,7,643
02/06/2010,10,637.5
02/06/2010,13,631
02/06/2010,16,643.5
02/06/2010,19,667
02/06/2010,22,690
02/07/2010,1,712
02/07/2010,4,724.5
02/07/2010,7,737
02/07/2010,10,758.5
02/07/2010,13,788
02/07/2010,16,806.5
02/07/2010,19,820
02/07/2010,22,829
02/08/2010,1,835
02/08/2010,4,843
02/08/2010,7,850
02/08/2010,10,855
02/08/2010,13,854
02/08/2010,16,852
02/08/2010,19,844
02/08/2010,22,836
02/09/2010,1,830
02/09/2010,4,826.5
02/09/2010,7,823
02/09/2010,10,832
02/09/2010,13,836
02/09/2010,16,839.5
02/09/2010,19,837
02/09/2010,22,829.5
02/10/2010,1,823
02/10/2010,4,817.5
02/10/2010,7,811
02/10/2010,10,803.5
02/10/2010,13,804
02/10/2010,16,811.5
02/10/2010,19,817
02/10/2010,22,821.5
02/11/2010,1,819
02/11/2010,4,806.5
02/11/2010,7,800
02/11/2010,10,780.5
02/11/2010,13,760
02/11/2010,16,736
02/11/2010,19,710
02/11/2010,22,682
02/12/2010,1,656
02/12/2010,4,634.5
02/12/2010,7,617
02/12/2010,10,600
02/12/2010,13,583
02/12/2010,16,568
02/12/2010,19,560
02/12/2010,22,551.5
02/13/2010,1,543
02/13/2010,4,536
02/13/2010,7,530
02/13/2010,10,525
02/13/2010,13,519
02/13/2010,16,513
02/13/2010,19,506
02/13/2010,22,503
02/14/2010,1,507
02/14/2010,4,504
02/14/2010,7,502
02/14/2010,10,506
02/14/2010,13,508
02/14/2010,16,511
02/14/2010,19,514
02/14/2010,22,510
02/15/2010,1,507
02/15/2010,4,503
02/15/2010,7,500
02/15/2010,10,502
02/15/2010,13,504
02/15/2010,16,506
02/15/2010,19,509
02/15/2010,22,513
02/16/2010,1,515
02/16/2010,4,512
02/16/2010,7,510
02/16/2010,10,507
02/16/2010,13,505
02/16/2010,16,502
02/16/2010,19,500
02/16/2010,22,500
02/17/2010,1,502
02/17/2010,4,506
02/17/2010,7,505
02/17/2010,10,508
02/17/2010,13,506
02/17/2010,16,503
02/17/2010,19,502
02/17/2010,22,502
02/18/2010,1,505
02/18/2010,4,507
02/18/2010,7,506
02/18/2010,10,504
02/18/2010,13,504
02/18/2010,16,502
02/18/2010,19,500
02/18/2010,22,501
02/19/2010,1,504
02/19/2010,4,507
02/19/2010,7,505
02/19/2010,10,505
02/19/2010,13,503
02/19/2010,16,501
02/19/2010,19,500
02/19/2010,22,500
02/20/2010,1,502
02/20/2010,4,504
02/20/2010,7,505
02/20/2010,10,503
02/20/2010,13,501
02/20/2010,16,500
02/20/2010,19,500
02/20/2010,22,501
02/21/2010,1,501
02/21/2010,4,503
02/21/2010,7,504
02/21/2010,10,504
02/21/2010,13,502
02/21/2010,16,505
02/21/2010,19,507
02/21/2010,22,510
02/22/2010,1,511
02/22/2010,4,508
02/22/2010,7,506
02/22/2010,10,504
02/22/2010,13,503
02/22/2010,16,507
02/22/2010,19,509
02/22/2010,22,511
02/23/2010,1,513
02/23/2010,4,514
02/23/2010,7,516
02/23/2010,10,519
02/23/2010,13,517
02/23/2010,16,513
02/23/2010,19,511
02/23/2010,22,514
02/24/2010,1,516
02/24/2010,4,513
02/24/2010,7,511
02/24/2010,10,509
02/24/2010,13,506
02/24/2010,16,508
02/24/2010,19,575
02/24/2010,22,615
02/25/2010,1,625
02/25/2010,4,634.3333333
02/25/2010,7,649.3333333
02/25/2010,10,678
02/25/2010,13,738.3333333
02/25/2010,16,780.3333333
02/25/2010,19,800.3333333
02/25/2010,22,817.5
02/26/2010,1,827
02/26/2010,4,830.3333333
02/26/2010,7,823.3333333
02/26/2010,10,811.3333333
02/26/2010,13,800.6666667
02/26/2010,16,785.3333333
02/26/2010,19,769.3333333
02/26/2010,22,738
02/27/2010,1,708
02/27/2010,4,689
02/27/2010,7,661.6666667
02/27/2010,10,637.6666667
02/27/2010,13,614
02/27/2010,16,595.6666667
02/27/2010,19,581.6666667
02/27/2010,22,569
02/28/2010,1,554
02/28/2010,4,541.5
02/28/2010,7,530
02/28/2010,10,523.5
02/28/2010,13,519
02/28/2010,16,517
02/28/2010,19,518
02/28/2010,22,519.5
03/01/2010,1,523
03/01/2010,4,523
03/01/2010,7,520
03/01/2010,10,517
03/01/2010,13,515
03/01/2010,16,512
03/01/2010,19,510
03/01/2010,22,514
03/02/2010,1,521
03/02/2010,4,528
03/02/2010,7,533
03/02/2010,10,528
03/02/2010,13,521
03/02/2010,16,517
03/02/2010,19,515
03/02/2010,22,522
03/03/2010,1,539
03/03/2010,4,554.6666667
03/03/2010,7,581.6666667
03/03/2010,10,595.6666667
03/03/2010,13,582.6666667
03/03/2010,16,565.3333333
03/03/2010,19,550.3333333
03/03/2010,22,564.75
03/04/2010,1,607
03/04/2010,4,643
03/04/2010,7,659.3333333
03/04/2010,10,654
03/04/2010,13,660.3333333
03/04/2010,16,670.3333333
03/04/2010,19,690.6666667
03/04/2010,22,705.5
03/05/2010,1,708
03/05/2010,4,700.5
03/05/2010,7,690
03/05/2010,10,681.5
03/05/2010,13,673
03/05/2010,16,667.5
03/05/2010,19,678
03/05/2010,22,686
03/06/2010,1,679
03/06/2010,4,660.5
03/06/2010,7,645
03/06/2010,10,624
03/06/2010,13,607
03/06/2010,16,590.5
03/06/2010,19,585
03/06/2010,22,584
03/07/2010,1,596
03/07/2010,4,609
03/07/2010,7,609
03/07/2010,10,595
03/07/2010,13,581
03/07/2010,16,568.5
03/07/2010,19,557
03/07/2010,22,554.5
03/08/2010,1,559
03/08/2010,4,555
03/08/2010,7,553
03/08/2010,10,551
03/08/2010,13,549
03/08/2010,16,545
03/08/2010,19,540
03/08/2010,22,544
03/09/2010,1,551
03/09/2010,4,558
03/09/2010,7,555
03/09/2010,10,548
03/09/2010,13,533
03/09/2010,16,525
03/09/2010,19,520
03/09/2010,22,524
03/10/2010,1,536
03/10/2010,4,558
03/10/2010,7,581
03/10/2010,10,561
03/10/2010,13,548
03/10/2010,16,538.5
03/10/2010,19,530
03/10/2010,22,535.5
03/11/2010,1,553
03/11/2010,4,578
03/11/2010,7,577
03/11/2010,10,566
03/11/2010,13,556
03/11/2010,16,544
03/11/2010,19,537
03/11/2010,22,536.5
03/12/2010,1,543
03/12/2010,4,548
03/12/2010,7,550
03/12/2010,10,545
03/12/2010,13,538
03/12/2010,16,541
03/12/2010,19,547
03/12/2010,22,558
03/13/2010,1,555
03/13/2010,4,550
03/13/2010,7,544
03/13/2010,10,537
03/13/2010,13,532
03/13/2010,16,528
03/13/2010,19,526
03/13/2010,22,523
03/14/2010,1,521
03/14/2010,4,539.5
03/14/2010,7,557
03/14/2010,10,557.5
03/14/2010,13,549
03/14/2010,16,540
03/14/2010,19,535
03/14/2010,22,529.5
03/15/2010,1,532
03/15/2010,4,539
03/15/2010,7,542
03/15/2010,10,539
03/15/2010,13,532
03/15/2010,16,526
03/15/2010,19,521
03/15/2010,22,518
03/16/2010,1,529
03/16/2010,4,534
03/16/2010,7,538
03/16/2010,10,540
03/16/2010,13,535
03/16/2010,16,531
03/16/2010,19,525
03/16/2010,22,528
03/17/2010,1,535
03/17/2010,4,543
03/17/2010,7,541
03/17/2010,10,539
03/17/2010,13,536
03/17/2010,16,536
03/17/2010,19,535
03/17/2010,22,541
03/18/2010,1,557
03/18/2010,4,572.5
03/18/2010,7,588
03/18/2010,10,594.5
03/18/2010,13,592
03/18/2010,16,587
03/18/2010,19,582
03/18/2010,22,594.5
03/19/2010,1,616
03/19/2010,4,622.5
03/19/2010,7,611
03/19/2010,10,595
03/19/2010,13,584
03/19/2010,16,574.5
03/19/2010,19,565
03/19/2010,22,573
03/20/2010,1,580
03/20/2010,4,587.5
03/20/2010,7,593
03/20/2010,10,585
03/20/2010,13,578
03/20/2010,16,566
03/20/2010,19,559
03/20/2010,22,558
03/21/2010,1,565
03/21/2010,4,565.5
03/21/2010,7,557
03/21/2010,10,551.5
03/21/2010,13,548
03/21/2010,16,547
03/21/2010,19,545
03/21/2010,22,545
03/22/2010,1,552
03/22/2010,4,558
03/22/2010,7,565
03/22/2010,10,560
03/22/2010,13,556
03/22/2010,16,548
03/22/2010,19,539
03/22/2010,22,531
03/23/2010,1,526
03/23/2010,4,522
03/23/2010,7,519
03/23/2010,10,516
03/23/2010,13,514
03/23/2010,16,512
03/23/2010,19,517
03/23/2010,22,525
03/24/2010,1,537
03/24/2010,4,544
03/24/2010,7,552
03/24/2010,10,558
03/24/2010,13,560
03/24/2010,16,564
03/24/2010,19,579
03/24/2010,22,623
03/25/2010,1,636
03/25/2010,4,641
03/25/2010,7,646.6666667
03/25/2010,10,661.6666667
03/25/2010,13,696.3333333
03/25/2010,16,719.6666667
03/25/2010,19,731
03/25/2010,22,734.25
03/26/2010,1,729
03/26/2010,4,725
03/26/2010,7,722
03/26/2010,10,724.5
03/26/2010,13,732
03/26/2010,16,743.5
03/26/2010,19,755
03/26/2010,22,766
03/27/2010,1,766
03/27/2010,4,754.5
03/27/2010,7,740
03/27/2010,10,721
03/27/2010,13,703
03/27/2010,16,691
03/27/2010,19,675
03/27/2010,22,654.5
03/28/2010,1,636
03/28/2010,4,620
03/28/2010,7,604
03/28/2010,10,585.5
03/28/2010,13,568
03/28/2010,16,552.5
03/28/2010,19,536
03/28/2010,22,527.5
03/29/2010,1,521
03/29/2010,4,517
03/29/2010,7,513
03/29/2010,10,509
03/29/2010,13,507
03/29/2010,16,505
03/29/2010,19,505
03/29/2010,22,504
03/30/2010,1,503
03/30/2010,4,503
03/30/2010,7,502
03/30/2010,10,501
03/30/2010,13,500
03/30/2010,16,501
03/30/2010,19,502
03/30/2010,22,505
03/31/2010,1,507
03/31/2010,4,506
03/31/2010,7,505
03/31/2010,10,505
03/31/2010,13,502
03/31/2010,16,502
03/31/2010,19,504
03/31/2010,22,506
04/01/2010,1,510
04/01/2010,4,507
04/01/2010,7,505
04/01/2010,10,503
04/01/2010,13,500
04/01/2010,16,504
04/01/2010,19,507
04/01/2010,22,509
04/02/2010,1,512
04/02/2010,4,516
04/02/2010,7,520
04/02/2010,10,526
04/02/2010,13,530
04/02/2010,16,535
04/02/2010,19,539
04/02/2010,22,543
04/03/2010,1,547
04/03/2010,4,550
04/03/2010,7,552
04/03/2010,10,555
04/03/2010,13,551
04/03/2010,16,548
04/03/2010,19,546
04/03/2010,22,543
04/04/2010,1,539
04/04/2010,4,534
04/04/2010,7,528
04/04/2010,10,526
04/04/2010,13,523
04/04/2010,16,521
04/04/2010,19,519
04/04/2010,22,516
04/05/2010,1,519
04/05/2010,4,521
04/05/2010,7,517
04/05/2010,10,514
04/05/2010,13,510
04/05/2010,16,508
04/05/2010,19,505
04/05/2010,22,510
04/06/2010,1,517
04/06/2010,4,523
04/06/2010,7,530
04/06/2010,10,527
04/06/2010,13,524
04/06/2010,16,520
04/06/2010,19,517
04/06/2010,22,527
04/07/2010,1,539
04/07/2010,4,559
04/07/2010,7,577
04/07/2010,10,573.5
04/07/2010,13,567
04/07/2010,16,560.5
04/07/2010,19,554
04/07/2010,22,553
04/08/2010,1,559
04/08/2010,4,565
04/08/2010,7,568
04/08/2010,10,572
04/08/2010,13,578
04/08/2010,16,579
04/08/2010,19,574
04/08/2010,22,570
04/09/2010,1,567
04/09/2010,4,566
04/09/2010,7,564
04/09/2010,10,561
04/09/2010,13,554
04/09/2010,16,546
04/09/2010,19,542
04/09/2010,22,547
04/10/2010,1,553
04/10/2010,4,549
04/10/2010,7,543
04/10/2010,10,539
04/10/2010,13,534
04/10/2010,16,530
04/10/2010,19,525
04/10/2010,22,523
04/11/2010,1,520
04/11/2010,4,517
04/11/2010,7,515
04/11/2010,10,513
04/11/2010,13,513
04/11/2010,16,512
04/11/2010,19,510
04/11/2010,22,513
04/12/2010,1,517
04/12/2010,4,514
04/12/2010,7,509
04/12/2010,10,506
04/12/2010,13,506
04/12/2010,16,505
04/12/2010,19,503
04/12/2010,22,507
04/13/2010,1,512
04/13/2010,4,516
04/13/2010,7,513
04/13/2010,10,511
04/13/2010,13,508
04/13/2010,16,506
04/13/2010,19,502
04/13/2010,22,509
04/14/2010,1,518
04/14/2010,4,535.5
04/14/2010,7,551
04/14/2010,10,554.5
04/14/2010,13,545
04/14/2010,16,535
04/14/2010,19,528
04/14/2010,22,528
04/15/2010,1,538
04/15/2010,4,556.5
04/15/2010,7,567
04/15/2010,10,558
04/15/2010,13,551
04/15/2010,16,545.5
04/15/2010,19,541
04/15/2010,22,551.5
04/16/2010,1,567
04/16/2010,4,583
04/16/2010,7,596
04/16/2010,10,597.5
04/16/2010,13,589
04/16/2010,16,584
04/16/2010,19,587
04/16/2010,22,595.5
04/17/2010,1,602
04/17/2010,4,608
04/17/2010,7,615
04/17/2010,10,608
04/17/2010,13,598
04/17/2010,16,593.5
04/17/2010,19,590
04/17/2010,22,595
04/18/2010,1,603
04/18/2010,4,610
04/18/2010,7,605
04/18/2010,10,598
04/18/2010,13,590
04/18/2010,16,577.5
04/18/2010,19,565
04/18/2010,22,558
04/19/2010,1,558
04/19/2010,4,568
04/19/2010,7,572
04/19/2010,10,576.5
04/19/2010,13,572
04/19/2010,16,564
04/19/2010,19,555
04/19/2010,22,563
04/20/2010,1,578
04/20/2010,4,598
04/20/2010,7,609
04/20/2010,10,599
04/20/2010,13,589
04/20/2010,16,579.5
04/20/2010,19,576
04/20/2010,22,583.5
04/21/2010,1,598
04/21/2010,4,613.5
04/21/2010,7,613
04/21/2010,10,610
04/21/2010,13,606
04/21/2010,16,597.5
04/21/2010,19,588
04/21/2010,22,597
04/22/2010,1,615
04/22/2010,4,630.5
04/22/2010,7,642
04/22/2010,10,633.5
04/22/2010,13,633
04/22/2010,16,644.5
04/22/2010,19,678
04/22/2010,22,700
04/23/2010,1,711
04/23/2010,4,714
04/23/2010,7,703
04/23/2010,10,693.5
04/23/2010,13,687
04/23/2010,16,681.5
04/23/2010,19,676
04/23/2010,22,675.5
04/24/2010,1,681
04/24/2010,4,682.5
04/24/2010,7,670
04/24/2010,10,647
04/24/2010,13,625
04/24/2010,16,610
04/24/2010,19,600
04/24/2010,22,598
04/25/2010,1,605
04/25/2010,4,618.5
04/25/2010,7,628
04/25/2010,10,620
04/25/2010,13,607
04/25/2010,16,597.5
04/25/2010,19,588
04/25/2010,22,587.5
04/26/2010,1,602
04/26/2010,4,620.5
04/26/2010,7,609
04/26/2010,10,602.5
04/26/2010,13,594
04/26/2010,16,588.5
04/26/2010,19,593
04/26/2010,22,606
04/27/2010,1,620
04/27/2010,4,632
04/27/2010,7,638
04/27/2010,10,628.5
04/27/2010,13,619
04/27/2010,16,619.5
04/27/2010,19,650.6666667
04/27/2010,22,683.25
04/28/2010,1,703
04/28/2010,4,711
04/28/2010,7,703.3333333
04/28/2010,10,685.6666667
04/28/2010,13,673.3333333
04/28/2010,16,680
04/28/2010,19,702
04/28/2010,22,722.5
04/29/2010,1,733
04/29/2010,4,734
04/29/2010,7,725
04/29/2010,10,714.5
04/29/2010,13,700
04/29/2010,16,718.5
04/29/2010,19,733
04/29/2010,22,738.5
04/30/2010,1,742
04/30/2010,4,732
04/30/2010,7,724
04/30/2010,10,707
04/30/2010,13,685
04/30/2010,16,701
04/30/2010,19,721
04/30/2010,22,731
05/01/2010,1,739
05/01/2010,4,729.5
05/01/2010,7,717
05/01/2010,10,698
05/01/2010,13,681
05/01/2010,16,674.5
05/01/2010,19,683
05/01/2010,22,689.5
05/02/2010,1,693
05/02/2010,4,696.5
05/02/2010,7,692
05/02/2010,10,674
05/02/2010,13,652
05/02/2010,16,648.5
05/02/2010,19,667
05/02/2010,22,674
05/03/2010,1,683
05/03/2010,4,686.5
05/03/2010,7,676
05/03/2010,10,663
05/03/2010,13,651
05/03/2010,16,677
05/03/2010,19,715
05/03/2010,22,737
05/04/2010,1,746
05/04/2010,4,749.3333333
05/04/2010,7,743.6666667
05/04/2010,10,733.6666667
05/04/2010,13,725
05/04/2010,16,741
05/04/2010,19,766.3333333
05/04/2010,22,788
05/05/2010,1,800
05/05/2010,4,799.3333333
05/05/2010,7,790.6666667
05/05/2010,10,779.3333333
05/05/2010,13,762.6666667
05/05/2010,16,752
05/05/2010,19,773.3333333
05/05/2010,22,802
05/06/2010,1,815
05/06/2010,4,820.3333333
05/06/2010,7,814
05/06/2010,10,794.6666667
05/06/2010,13,775
05/06/2010,16,769.6666667
05/06/2010,19,795
05/06/2010,22,824.75
05/07/2010,1,841
05/07/2010,4,839.6666667
05/07/2010,7,830.3333333
05/07/2010,10,815
05/07/2010,13,805.6666667
05/07/2010,16,815.3333333
05/07/2010,19,830.3333333
05/07/2010,22,834.25
05/08/2010,1,836
05/08/2010,4,825.5
05/08/2010,7,815
05/08/2010,10,802
05/08/2010,13,792
05/08/2010,16,796.5
05/08/2010,19,813
05/08/2010,22,823
05/09/2010,1,827
05/09/2010,4,817
05/09/2010,7,799
05/09/2010,10,778
05/09/2010,13,765
05/09/2010,16,756.5
05/09/2010,19,751
05/09/2010,22,757.5
05/10/2010,1,765
05/10/2010,4,771
05/10/2010,7,770
05/10/2010,10,750
05/10/2010,13,735
05/10/2010,16,718.5
05/10/2010,19,716
05/10/2010,22,726
05/11/2010,1,741
05/11/2010,4,748
05/11/2010,7,753
05/11/2010,10,735
05/11/2010,13,716
05/11/2010,16,713.5
05/11/2010,19,719
05/11/2010,22,722.5
05/12/2010,1,724
05/12/2010,4,729.5
05/12/2010,7,725
05/12/2010,10,707.5
05/12/2010,13,690
05/12/2010,16,682.5
05/12/2010,19,693
05/12/2010,22,703.5
05/13/2010,1,708
05/13/2010,4,713
05/13/2010,7,719
05/13/2010,10,724.5
05/13/2010,13,716
05/13/2010,16,706
05/13/2010,19,696
05/13/2010,22,694
05/14/2010,1,699
05/14/2010,4,704.5
05/14/2010,7,715
05/14/2010,10,710
05/14/2010,13,700
05/14/2010,16,699.5
05/14/2010,19,714
05/14/2010,22,720.5
05/15/2010,1,725
05/15/2010,4,727.5
05/15/2010,7,730
05/15/2010,10,726
05/15/2010,13,722
05/15/2010,16,727.5
05/15/2010,19,730
05/15/2010,22,731.5
05/16/2010,1,732
05/16/2010,4,736.5
05/16/2010,7,743
05/16/2010,10,746
05/16/2010,13,747
05/16/2010,16,748.5
05/16/2010,19,738
05/16/2010,22,739
05/17/2010,1,740
05/17/2010,4,746.5
05/17/2010,7,748
05/17/2010,10,752
05/17/2010,13,752
05/17/2010,16,748.5
05/17/2010,19,745
05/17/2010,22,742
05/18/2010,1,738
05/18/2010,4,739.5
05/18/2010,7,746
05/18/2010,10,758
05/18/2010,13,771
05/18/2010,16,785
05/18/2010,19,795
05/18/2010,22,798
05/19/2010,1,792
05/19/2010,4,782.5
05/19/2010,7,776
05/19/2010,10,773
05/19/2010,13,771
05/19/2010,16,774
05/19/2010,19,786
05/19/2010,22,795.5
05/20/2010,1,802
05/20/2010,4,800.5
05/20/2010,7,794
05/20/2010,10,789
05/20/2010,13,781
05/20/2010,16,783
05/20/2010,19,805
05/20/2010,22,811.5
05/21/2010,1,813
05/21/2010,4,807.5
05/21/2010,7,804
05/21/2010,10,802
05/21/2010,13,806
05/21/2010,16,815.5
05/21/2010,19,824
05/21/2010,22,826.5
05/22/2010,1,817
05/22/2010,4,808.5
05/22/2010,7,800
05/22/2010,10,792.5
05/22/2010,13,789
05/22/2010,16,785.5
05/22/2010,19,788
05/22/2010,22,787.5
05/23/2010,1,779
05/23/2010,4,769.5
05/23/2010,7,764
05/23/2010,10,753
05/23/2010,13,745
05/23/2010,16,734
05/23/2010,19,724
05/23/2010,22,719
05/24/2010,1,716
05/24/2010,4,709.5
05/24/2010,7,704
05/24/2010,10,691.5
05/24/2010,13,676
05/24/2010,16,671.5
05/24/2010,19,668
05/24/2010,22,673.5
05/25/2010,1,679
05/25/2010,4,683.5
05/25/2010,7,687
05/25/2010,10,682
05/25/2010,13,686
05/25/2010,16,687
05/25/2010,19,683
05/25/2010,22,688.5
05/26/2010,1,692
05/26/2010,4,684
05/26/2010,7,678
05/26/2010,10,678
05/26/2010,13,676
05/26/2010,16,684.5
05/26/2010,19,702
05/26/2010,22,711.5
05/27/2010,1,715
05/27/2010,4,719
05/27/2010,7,723
05/27/2010,10,726.5
05/27/2010,13,737
05/27/2010,16,751.5
05/27/2010,19,770
05/27/2010,22,777.5
05/28/2010,1,773
05/28/2010,4,770.5
05/28/2010,7,768
05/28/2010,10,792.6666667
05/28/2010,13,829.6666667
05/28/2010,16,847.3333333
05/28/2010,19,854
05/28/2010,22,848.25
05/29/2010,1,840
05/29/2010,4,836
05/29/2010,7,830.6666667
05/29/2010,10,833.6666667
05/29/2010,13,836.6666667
05/29/2010,16,848
05/29/2010,19,863.3333333
05/29/2010,22,881
05/30/2010,1,893
05/30/2010,4,894.5
05/30/2010,7,896
05/30/2010,10,884.5
05/30/2010,13,876
05/30/2010,16,868.5
05/30/2010,19,864
05/30/2010,22,859
05/31/2010,1,853
05/31/2010,4,857.5
05/31/2010,7,861
05/31/2010,10,856
05/31/2010,13,850
05/31/2010,16,850.5
05/31/2010,19,860
05/31/2010,22,869
06/01/2010,1,866
06/01/2010,4,862
06/01/2010,7,853
06/01/2010,10,844
06/01/2010,13,827
06/01/2010,16,824
06/01/2010,19,830
06/01/2010,22,834
06/02/2010,1,841
06/02/2010,4,847
06/02/2010,7,851
06/02/2010,10,849
06/02/2010,13,845
06/02/2010,16,845.5
06/02/2010,19,862
06/02/2010,22,866.5
06/03/2010,1,870
06/03/2010,4,864.5
06/03/2010,7,859
06/03/2010,10,865
06/03/2010,13,870
06/03/2010,16,873.5
06/03/2010,19,879
06/03/2010,22,880.5
06/04/2010,1,876
06/04/2010,4,871.5
06/04/2010,7,868
06/04/2010,10,862.5
06/04/2010,13,856
06/04/2010,16,850.5
06/04/2010,19,849
06/04/2010,22,846
06/05/2010,1,844
06/05/2010,4,843
06/05/2010,7,843
06/05/2010,10,839.5
06/05/2010,13,835
06/05/2010,16,828.5
06/05/2010,19,824
06/05/2010,22,817
06/06/2010,1,806
06/06/2010,4,799
06/06/2010,7,795
06/06/2010,10,790
06/06/2010,13,786
06/06/2010,16,785.5
06/06/2010,19,783
06/06/2010,22,795
06/07/2010,1,811
06/07/2010,4,797
06/07/2010,7,780
06/07/2010,10,775
06/07/2010,13,774
06/07/2010,16,778
06/07/2010,19,780
06/07/2010,22,787
06/08/2010,1,794
06/08/2010,4,799
06/08/2010,7,795
06/08/2010,10,797
06/08/2010,13,805
06/08/2010,16,811.5
06/08/2010,19,815
06/08/2010,22,813
06/09/2010,1,809
06/09/2010,4,806
06/09/2010,7,805
06/09/2010,10,799.5
06/09/2010,13,795
06/09/2010,16,793
06/09/2010,19,795
06/09/2010,22,796
06/10/2010,1,797
06/10/2010,4,794
06/10/2010,7,793
06/10/2010,10,782
06/10/2010,13,778
06/10/2010,16,786.5
06/10/2010,19,799
06/10/2010,22,806.5
06/11/2010,1,812
06/11/2010,4,812.5
06/11/2010,7,808
06/11/2010,10,804.5
06/11/2010,13,799
06/11/2010,16,801
06/11/2010,19,809
06/11/2010,22,822.5
06/12/2010,1,845
06/12/2010,4,875.6666667
06/12/2010,7,925.6666667
06/12/2010,10,941.6666667
06/12/2010,13,945.3333333
06/12/2010,16,939.6666667
06/12/2010,19,931.6666667
06/12/2010,22,913.75
06/13/2010,1,891
06/13/2010,4,875
06/13/2010,7,865
06/13/2010,10,858
06/13/2010,13,852
06/13/2010,16,848
06/13/2010,19,845
06/13/2010,22,841.5
06/14/2010,1,836
06/14/2010,4,833.5
06/14/2010,7,830
06/14/2010,10,826
06/14/2010,13,822
06/14/2010,16,817
06/14/2010,19,812
06/14/2010,22,808
06/15/2010,1,804
06/15/2010,4,817
06/15/2010,7,837
06/15/2010,10,843.5
06/15/2010,13,845
06/15/2010,16,847
06/15/2010,19,853
06/15/2010,22,856.5
06/16/2010,1,858
06/16/2010,4,859.5
06/16/2010,7,861
06/16/2010,10,854
06/16/2010,13,846
06/16/2010,16,847.5
06/16/2010,19,851
06/16/2010,22,855
06/17/2010,1,847
06/17/2010,4,840.5
06/17/2010,7,833
06/17/2010,10,833
06/17/2010,13,839
06/17/2010,16,844
06/17/2010,19,850
06/17/2010,22,858.5
06/18/2010,1,863
06/18/2010,4,866.5
06/18/2010,7,872
06/18/2010,10,867.5
06/18/2010,13,861
06/18/2010,16,859
06/18/2010,19,857
06/18/2010,22,859
06/19/2010,1,862
06/19/2010,4,858
06/19/2010,7,852
06/19/2010,10,847.5
06/19/2010,13,842
06/19/2010,16,841
06/19/2010,19,843
06/19/2010,22,845.5
06/20/2010,1,849
06/20/2010,4,840.5
06/20/2010,7,836
06/20/2010,10,832
06/20/2010,13,830
06/20/2010,16,828
06/20/2010,19,826
06/20/2010,22,826
06/21/2010,1,830
06/21/2010,4,834.5
06/21/2010,7,838
06/21/2010,10,837.5
06/21/2010,13,829
06/21/2010,16,819.5
06/21/2010,19,805
06/21/2010,22,795
06/22/2010,1,786
06/22/2010,4,785
06/22/2010,7,789
06/22/2010,10,786
06/22/2010,13,789
06/22/2010,16,798
06/22/2010,19,801
06/22/2010,22,794.5
06/23/2010,1,788
06/23/2010,4,790.5
06/23/2010,7,792
06/23/2010,10,800
06/23/2010,13,806
06/23/2010,16,810.5
06/23/2010,19,819
06/23/2010,22,821
06/24/2010,1,828
06/24/2010,4,811.5
06/24/2010,7,795
06/24/2010,10,773
06/24/2010,13,762
06/24/2010,16,766
06/24/2010,19,772
06/24/2010,22,768
06/25/2010,1,763
06/25/2010,4,754.5
06/25/2010,7,746
06/25/2010,10,759
06/25/2010,13,765
06/25/2010,16,771
06/25/2010,19,774
06/25/2010,22,774
06/26/2010,1,770
06/26/2010,4,763
06/26/2010,7,759
06/26/2010,10,758
06/26/2010,13,760
06/26/2010,16,761
06/26/2010,19,765
06/26/2010,22,773.5
06/27/2010,1,782
06/27/2010,4,787.5
06/27/2010,7,788
06/27/2010,10,799.5
06/27/2010,13,817
06/27/2010,16,828.5
06/27/2010,19,843
06/27/2010,22,849.5
06/28/2010,1,854
06/28/2010,4,855
06/28/2010,7,853
06/28/2010,10,859
06/28/2010,13,863
06/28/2010,16,862.5
06/28/2010,19,860
06/28/2010,22,855
06/29/2010,1,850
06/29/2010,4,847
06/29/2010,7,844
06/29/2010,10,850.5
06/29/2010,13,856
06/29/2010,16,866
06/29/2010,19,887
06/29/2010,22,916
06/30/2010,1,951
06/30/2010,4,971.6666667
06/30/2010,7,996.6666667
06/30/2010,10,1008.333333
06/30/2010,13,1010.333333
06/30/2010,16,1015.333333
06/30/2010,19,1021.666667
06/30/2010,22,1023.75
07/01/2010,1,1020
07/01/2010,4,1019
07/01/2010,7,1018
07/01/2010,10,1008
07/01/2010,13,1000
07/01/2010,16,1001.5
07/01/2010,19,1004
07/01/2010,22,1008.5
07/02/2010,1,1012
07/02/2010,4,1032.5
07/02/2010,7,1050
07/02/2010,10,1064.5
07/02/2010,13,1073
07/02/2010,16,1065
07/02/2010,19,1051
07/02/2010,22,1047
07/03/2010,1,1046
07/03/2010,4,1054
07/03/2010,7,1054
07/03/2010,10,1053
07/03/2010,13,1050
07/03/2010,16,1041.5
07/03/2010,19,1034
07/03/2010,22,1027
07/04/2010,1,1022
07/04/2010,4,1018
07/04/2010,7,1014
07/04/2010,10,1010.5
07/04/2010,13,1007
07/04/2010,16,1002
07/04/2010,19,996
07/04/2010,22,991
07/05/2010,1,987
07/05/2010,4,987
07/05/2010,7,986
07/05/2010,10,983
07/05/2010,13,981
07/05/2010,16,978.5
07/05/2010,19,977
07/05/2010,22,976
07/06/2010,1,974
07/06/2010,4,977
07/06/2010,7,979
07/06/2010,10,978
07/06/2010,13,975
07/06/2010,16,973
07/06/2010,19,971
07/06/2010,22,969.5
07/07/2010,1,967
07/07/2010,4,967
07/07/2010,7,969
07/07/2010,10,969
07/07/2010,13,967
07/07/2010,16,964
07/07/2010,19,961
07/07/2010,22,958.5
07/08/2010,1,957
07/08/2010,4,956
07/08/2010,7,955
07/08/2010,10,953.5
07/08/2010,13,950
07/08/2010,16,949.5
07/08/2010,19,949
07/08/2010,22,952
07/09/2010,1,956
07/09/2010,4,958
07/09/2010,7,960
07/09/2010,10,960.5
07/09/2010,13,959
07/09/2010,16,957
07/09/2010,19,954
07/09/2010,22,951.5
07/10/2010,1,950
07/10/2010,4,957
07/10/2010,7,957
07/10/2010,10,952
07/10/2010,13,947
07/10/2010,16,938.5
07/10/2010,19,932
07/10/2010,22,943.5
07/11/2010,1,955
07/11/2010,4,971.3333333
07/11/2010,7,994.3333333
07/11/2010,10,1009
07/11/2010,13,1013.666667
07/11/2010,16,1004
07/11/2010,19,994.3333333
07/11/2010,22,978
07/12/2010,1,964
07/12/2010,4,954.5
07/12/2010,7,943
07/12/2010,10,935.5
07/12/2010,13,930
07/12/2010,16,930
07/12/2010,19,941
07/12/2010,22,951
07/13/2010,1,960
07/13/2010,4,951.5
07/13/2010,7,944
07/13/2010,10,938
07/13/2010,13,930
07/13/2010,16,927
07/13/2010,19,925
07/13/2010,22,929.5
07/14/2010,1,934
07/14/2010,4,942
07/14/2010,7,949
07/14/2010,10,955
07/14/2010,13,959
07/14/2010,16,962.5
07/14/2010,19,969
07/14/2010,22,977.5
07/15/2010,1,982
07/15/2010,4,975.5
07/15/2010,7,970
07/15/2010,10,961
07/15/2010,13,953
07/15/2010,16,946.5
07/15/2010,19,940
07/15/2010,22,932
07/16/2010,1,924
07/16/2010,4,922
07/16/2010,7,924
07/16/2010,10,933.5
07/16/2010,13,939
07/16/2010,16,943
07/16/2010,19,949
07/16/2010,22,950
07/17/2010,1,952
07/17/2010,4,947.5
07/17/2010,7,944
07/17/2010,10,940.5
07/17/2010,13,936
07/17/2010,16,933
07/17/2010,19,930
07/17/2010,22,929
07/18/2010,1,926
07/18/2010,4,914.5
07/18/2010,7,897
07/18/2010,10,893.5
07/18/2010,13,880
07/18/2010,16,866.5
07/18/2010,19,852
07/18/2010,22,839
07/19/2010,1,826
07/19/2010,4,814.5
07/19/2010,7,801
07/19/2010,10,798
07/19/2010,13,794
07/19/2010,16,799.5
07/19/2010,19,812
07/19/2010,22,837.5
07/20/2010,1,871
07/20/2010,4,900.6666667
07/20/2010,7,942.6666667
07/20/2010,10,973.6666667
07/20/2010,13,997.3333333
07/20/2010,16,1013
07/20/2010,19,1022.333333
07/20/2010,22,1029.75
07/21/2010,1,1029
07/21/2010,4,1029
07/21/2010,7,1029
07/21/2010,10,1028
07/21/2010,13,1027
07/21/2010,16,1018
07/21/2010,19,1024
07/21/2010,22,1032
07/22/2010,1,1042
07/22/2010,4,1052
07/22/2010,7,1060
07/22/2010,10,1059
07/22/2010,13,1057
07/22/2010,16,1074
07/22/2010,19,1093
07/22/2010,22,1140
07/23/2010,1,1187
07/23/2010,4,1208.666667
07/23/2010,7,1233.333333
07/23/2010,10,1241.666667
07/23/2010,13,1247
07/23/2010,16,1252.666667
07/23/2010,19,1254.333333
07/23/2010,22,1238.25
07/24/2010,1,1228
07/24/2010,4,1216.5
07/24/2010,7,1202
07/24/2010,10,1184
07/24/2010,13,1172
07/24/2010,16,1172.5
07/24/2010,19,1184
07/24/2010,22,1195.5
07/25/2010,1,1209
07/25/2010,4,1220.666667
07/25/2010,7,1240
07/25/2010,10,1253
07/25/2010,13,1268.666667
07/25/2010,16,1284
07/25/2010,19,1300
07/25/2010,22,1317.25
07/26/2010,1,1328
07/26/2010,4,1335.5
07/26/2010,7,1332
07/26/2010,10,1327
07/26/2010,13,1325
07/26/2010,16,1324
07/26/2010,19,1334
07/26/2010,22,1334
07/27/2010,1,1327
07/27/2010,4,1318.5
07/27/2010,7,1307
07/27/2010,10,1293
07/27/2010,13,1278
07/27/2010,16,1268
07/27/2010,19,1255
07/27/2010,22,1243
07/28/2010,1,1232
07/28/2010,4,1224
07/28/2010,7,1216
07/28/2010,10,1191.5
07/28/2010,13,1178
07/28/2010,16,1175
07/28/2010,19,1167
07/28/2010,22,1162
07/29/2010,1,1159
07/29/2010,4,1153.5
07/29/2010,7,1141
07/29/2010,10,1135
07/29/2010,13,1129
07/29/2010,16,1141.5
07/29/2010,19,1154
07/29/2010,22,1171.5
07/30/2010,1,1190
07/30/2010,4,1202
07/30/2010,7,1211
07/30/2010,10,1215.5
07/30/2010,13,1217
07/30/2010,16,1215
07/30/2010,19,1211
07/30/2010,22,1208.5
07/31/2010,1,1202
07/31/2010,4,1193.5
07/31/2010,7,1184
07/31/2010,10,1168
07/31/2010,13,1146
07/31/2010,16,1127
07/31/2010,19,1112
07/31/2010,22,1102.5
08/01/2010,1,1092
08/01/2010,4,1088
08/01/2010,7,1081
08/01/2010,10,1069
08/01/2010,13,1056
08/01/2010,16,1051
08/01/2010,19,1046
08/01/2010,22,1062
08/02/2010,1,1085
08/02/2010,4,1105.5
08/02/2010,7,1118
08/02/2010,10,1118.5
08/02/2010,13,1114
08/02/2010,16,1112
08/02/2010,19,1119
08/02/2010,22,1124.5
08/03/2010,1,1129
08/03/2010,4,1129.5
08/03/2010,7,1123
08/03/2010,10,1115
08/03/2010,13,1108
08/03/2010,16,1107
08/03/2010,19,1104
08/03/2010,22,1103
08/04/2010,1,1102
08/04/2010,4,1100
08/04/2010,7,1098
08/04/2010,10,1096
08/04/2010,13,1093
08/04/2010,16,1098
08/04/2010,19,1102
08/04/2010,22,1105
08/05/2010,1,1108
08/05/2010,4,1110
08/05/2010,7,1107
08/05/2010,10,1103
08/05/2010,13,1099
08/05/2010,16,1095
08/05/2010,19,1100
08/05/2010,22,1105
08/06/2010,1,1108
08/06/2010,4,1102
08/06/2010,7,1095
08/06/2010,10,1093
08/06/2010,13,1090
08/06/2010,16,1081
08/06/2010,19,1078
08/06/2010,22,1085
08/07/2010,1,1093
08/07/2010,4,1077.5
08/07/2010,7,1064
08/07/2010,10,1062.5
08/07/2010,13,1056
08/07/2010,16,1047.5
08/07/2010,19,1051
08/07/2010,22,1054
08/08/2010,1,1058
08/08/2010,4,1048.5
08/08/2010,7,1040
08/08/2010,10,1030
08/08/2010,13,1026
08/08/2010,16,1018
08/08/2010,19,1009
08/08/2010,22,1007
08/09/2010,1,1004
08/09/2010,4,1007.5
08/09/2010,7,1009
08/09/2010,10,1001
08/09/2010,13,996
08/09/2010,16,996.5
08/09/2010,19,1002
08/09/2010,22,1005
08/10/2010,1,1008
08/10/2010,4,1010
08/10/2010,7,1005
08/10/2010,10,996
08/10/2010,13,992
08/10/2010,16,988.5
08/10/2010,19,993
08/10/2010,22,997.5
08/11/2010,1,1005
08/11/2010,4,1009
08/11/2010,7,1013
08/11/2010,10,1011.5
08/11/2010,13,1008
08/11/2010,16,1007
08/11/2010,19,1014
08/11/2010,22,1020
08/12/2010,1,1026
08/12/2010,4,1030
08/12/2010,7,1028
08/12/2010,10,1022.5
08/12/2010,13,1015
08/12/2010,16,1015
08/12/2010,19,1023
08/12/2010,22,1025
08/13/2010,1,1019
08/13/2010,4,1018
08/13/2010,7,1015
08/13/2010,10,1015
08/13/2010,13,1013
08/13/2010,16,1023.5
08/13/2010,19,1033
08/13/2010,22,1040
08/14/2010,1,1044
08/14/2010,4,1047
08/14/2010,7,1044
08/14/2010,10,1035
08/14/2010,13,1029
08/14/2010,16,1030
08/14/2010,19,1036
08/14/2010,22,1047
08/15/2010,1,1057
08/15/2010,4,1057
08/15/2010,7,1050
08/15/2010,10,1044.5
08/15/2010,13,1036
08/15/2010,16,1030
08/15/2010,19,1033
08/15/2010,22,1041.5
08/16/2010,1,1049
08/16/2010,4,1052
08/16/2010,7,1048
08/16/2010,10,1045
08/16/2010,13,1042
08/16/2010,16,1037.5
08/16/2010,19,1040
08/16/2010,22,1051
08/17/2010,1,1061
08/17/2010,4,1063
08/17/2010,7,1062
08/17/2010,10,1055.5
08/17/2010,13,1051
08/17/2010,16,1052
08/17/2010,19,1065
08/17/2010,22,1074.5
08/18/2010,1,1082
08/18/2010,4,1081
08/18/2010,7,1068
08/18/2010,10,1060.5
08/18/2010,13,1050
08/18/2010,16,1047
08/18/2010,19,1056
08/18/2010,22,1059.5
08/19/2010,1,1064
08/19/2010,4,1068
08/19/2010,7,1070
08/19/2010,10,1065.5
08/19/2010,13,1062
08/19/2010,16,1077
08/19/2010,19,1100
08/19/2010,22,1116
08/20/2010,1,1127
08/20/2010,4,1135
08/20/2010,7,1141
08/20/2010,10,1132
08/20/2010,13,1121
08/20/2010,16,1116.5
08/20/2010,19,1136
08/20/2010,22,1150
08/21/2010,1,1161
08/21/2010,4,1165
08/21/2010,7,1162
08/21/2010,10,1149.5
08/21/2010,13,1137
08/21/2010,16,1131
08/21/2010,19,1130
08/21/2010,22,1125.5
08/22/2010,1,1121
08/22/2010,4,1115
08/22/2010,7,1110
08/22/2010,10,1100
08/22/2010,13,1089
08/22/2010,16,1081.5
08/22/2010,19,1075
08/22/2010,22,1071
08/23/2010,1,1074
08/23/2010,4,1077.5
08/23/2010,7,1073
08/23/2010,10,1062
08/23/2010,13,1055
08/23/2010,16,1053
08/23/2010,19,1056
08/23/2010,22,1052.5
08/24/2010,1,1048
08/24/2010,4,1047.5
08/24/2010,7,1054
08/24/2010,10,1056
08/24/2010,13,1059
08/24/2010,16,1059
08/24/2010,19,1059
08/24/2010,22,1056
08/25/2010,1,1053
08/25/2010,4,1049
08/25/2010,7,1054
08/25/2010,10,1053
08/25/2010,13,1049
08/25/2010,16,1057
08/25/2010,19,1067
08/25/2010,22,1068
08/26/2010,1,1069
08/26/2010,4,1076.5
08/26/2010,7,1080
08/26/2010,10,1095.5
08/26/2010,13,1101
08/26/2010,16,1123.5
08/26/2010,19,1138
08/26/2010,22,1152.5
08/27/2010,1,1170
08/27/2010,4,1181.5
08/27/2010,7,1190
08/27/2010,10,1194
08/27/2010,13,1197
08/27/2010,16,1192
08/27/2010,19,1187
08/27/2010,22,1185.5
08/28/2010,1,1181
08/28/2010,4,1176
08/28/2010,7,1170
08/28/2010,10,1161
08/28/2010,13,1156
08/28/2010,16,1164
08/28/2010,19,1170
08/28/2010,22,1173
08/29/2010,1,1175
08/29/2010,4,1172
08/29/2010,7,1169
08/29/2010,10,1164
08/29/2010,13,1160
08/29/2010,16,1149.5
08/29/2010,19,1141
08/29/2010,22,1134
08/30/2010,1,1127
08/30/2010,4,1121
08/30/2010,7,1116
08/30/2010,10,1104
08/30/2010,13,1097
08/30/2010,16,1094.5
08/30/2010,19,1092
08/30/2010,22,1089
08/31/2010,1,1087
08/31/2010,4,1083.5
08/31/2010,7,1077
08/31/2010,10,1067
08/31/2010,13,1062
08/31/2010,16,1055.5
08/31/2010,19,1051
08/31/2010,22,1048
09/01/2010,1,1045
09/01/2010,4,1044.5
09/01/2010,7,1042
09/01/2010,10,1042
09/01/2010,13,1039
09/01/2010,16,1032
09/01/2010,19,1025
09/01/2010,22,1019
09/02/2010,1,1015
09/02/2010,4,1016
09/02/2010,7,1020
09/02/2010,10,1020
09/02/2010,13,1020
09/02/2010,16,1012
09/02/2010,19,1002
09/02/2010,22,988.5
09/03/2010,1,974
09/03/2010,4,968
09/03/2010,7,967
09/03/2010,10,965
09/03/2010,13,965
09/03/2010,16,960
09/03/2010,19,954
09/03/2010,22,944
09/04/2010,1,934
09/04/2010,4,940
09/04/2010,7,945
09/04/2010,10,956
09/04/2010,13,964
09/04/2010,16,962
09/04/2010,19,957
09/04/2010,22,952
09/05/2010,1,946
09/05/2010,4,945
09/05/2010,7,944
09/05/2010,10,948
09/05/2010,13,951
09/05/2010,16,959
09/05/2010,19,960
09/05/2010,22,950
09/06/2010,1,938
09/06/2010,4,934.5
09/06/2010,7,932
09/06/2010,10,931.5
09/06/2010,13,941
09/06/2010,16,936
09/06/2010,19,931
09/06/2010,22,925.5
09/07/2010,1,922
09/07/2010,4,921.5
09/07/2010,7,926
09/07/2010,10,936
09/07/2010,13,944
09/07/2010,16,943
09/07/2010,19,940
09/07/2010,22,937
09/08/2010,1,935
09/08/2010,4,955
09/08/2010,7,976
09/08/2010,10,995
09/08/2010,13,999
09/08/2010,16,995
09/08/2010,19,980
09/08/2010,22,979
09/09/2010,1,978
09/09/2010,4,990.5
09/09/2010,7,1009
09/09/2010,10,1036
09/09/2010,13,1076
09/09/2010,16,1036
09/09/2010,19,995
09/09/2010,22,977.5
09/10/2010,1,960
09/10/2010,4,976
09/10/2010,7,997
09/10/2010,10,1008.5
09/10/2010,13,1015
09/10/2010,16,1008
09/10/2010,19,1001
09/10/2010,22,1001
09/11/2010,1,1001
09/11/2010,4,985.5
09/11/2010,7,971
09/11/2010,10,978
09/11/2010,13,985
09/11/2010,16,1001.5
09/11/2010,19,1018
09/11/2010,22,1046
09/12/2010,1,1072
09/12/2010,4,1085
09/12/2010,7,1098
09/12/2010,10,1098.5
09/12/2010,13,1089
09/12/2010,16,1067.5
09/12/2010,19,1067
09/12/2010,22,1061
09/13/2010,1,1023
09/13/2010,4,1004
09/13/2010,7,980.3333333
09/13/2010,10,962.6666667
09/13/2010,13,950.3333333
09/13/2010,16,945.3333333
09/13/2010,19,944
09/13/2010,22,939.25
09/14/2010,1,935
09/14/2010,4,936.5
09/14/2010,7,943
09/14/2010,10,959
09/14/2010,13,974
09/14/2010,16,977.5
09/14/2010,19,979
09/14/2010,22,979
09/15/2010,1,982
09/15/2010,4,994
09/15/2010,7,1008
09/15/2010,10,1021
09/15/2010,13,1020
09/15/2010,16,1017
09/15/2010,19,1013
09/15/2010,22,1008
09/16/2010,1,1004
09/16/2010,4,1007.5
09/16/2010,7,1011
09/16/2010,10,1021
09/16/2010,13,1037
09/16/2010,16,1040
09/16/2010,19,1041
09/16/2010,22,1042
09/17/2010,1,1038
09/17/2010,4,1044
09/17/2010,7,1052
09/17/2010,10,1055
09/17/2010,13,1056
09/17/2010,16,1052
09/17/2010,19,1047
09/17/2010,22,1031
09/18/2010,1,1013
09/18/2010,4,1011.5
09/18/2010,7,1018
09/18/2010,10,1023
09/18/2010,13,1024
09/18/2010,16,1019
09/18/2010,19,1013
09/18/2010,22,1007.5
09/19/2010,1,1002
09/19/2010,4,993
09/19/2010,7,983
09/19/2010,10,987
09/19/2010,13,987
09/19/2010,16,976.5
09/19/2010,19,959
09/19/2010,22,936
09/20/2010,1,920
09/20/2010,4,907.5
09/20/2010,7,894
09/20/2010,10,900.5
09/20/2010,13,910
09/20/2010,16,916
09/20/2010,19,918
09/20/2010,22,915
09/21/2010,1,910
09/21/2010,4,916.5
09/21/2010,7,925
09/21/2010,10,937.5
09/21/2010,13,947
09/21/2010,16,945.5
09/21/2010,19,944
09/21/2010,22,938
09/22/2010,1,932
09/22/2010,4,933
09/22/2010,7,943
09/22/2010,10,955
09/22/2010,13,964
09/22/2010,16,968.5
09/22/2010,19,970
09/22/2010,22,963
09/23/2010,1,957
09/23/2010,4,957.5
09/23/2010,7,968
09/23/2010,10,978.5
09/23/2010,13,981
09/23/2010,16,978.5
09/23/2010,19,973
09/23/2010,22,960.5
09/24/2010,1,949
09/24/2010,4,945
09/24/2010,7,948
09/24/2010,10,959.5
09/24/2010,13,970
09/24/2010,16,974
09/24/2010,19,978
09/24/2010,22,973.5
09/25/2010,1,970
09/25/2010,4,968.5
09/25/2010,7,977
09/25/2010,10,983.5
09/25/2010,13,990
09/25/2010,16,982.5
09/25/2010,19,973
09/25/2010,22,963.5
09/26/2010,1,953
09/26/2010,4,951.5
09/26/2010,7,960
09/26/2010,10,974.5
09/26/2010,13,985
09/26/2010,16,988.5
09/26/2010,19,986
09/26/2010,22,974.5
09/27/2010,1,961
09/27/2010,4,947
09/27/2010,7,936
09/27/2010,10,942
09/27/2010,13,946
09/27/2010,16,945
09/27/2010,19,937
09/27/2010,22,927
09/28/2010,1,917
09/28/2010,4,929.5
09/28/2010,7,948
09/28/2010,10,977.3333333
09/28/2010,13,1000.666667
09/28/2010,16,1018.333333
09/28/2010,19,1029.666667
09/28/2010,22,1038.5
09/29/2010,1,1046
09/29/2010,4,1063.5
09/29/2010,7,1072
09/29/2010,10,1075
09/29/2010,13,1076
09/29/2010,16,1063
09/29/2010,19,1056
09/29/2010,22,1047.5
09/30/2010,1,1041
09/30/2010,4,1049.5
09/30/2010,7,1052
09/30/2010,10,1051.5
09/30/2010,13,1050
09/30/2010,16,1041
09/30/2010,19,1033
09/30/2010,22,1025.5
10/01/2010,1,1020
10/01/2010,4,1024
10/01/2010,7,1028
10/01/2010,10,1027
10/01/2010,13,1025
10/01/2010,16,1017
10/01/2010,19,1009
10/01/2010,22,1000
10/02/2010,1,993
10/02/2010,4,996
10/02/2010,7,1001
10/02/2010,10,998
10/02/2010,13,986
10/02/2010,16,979.5
10/02/2010,19,978
10/02/2010,22,968.5
10/03/2010,1,961
10/03/2010,4,968
10/03/2010,7,973
10/03/2010,10,966.5
10/03/2010,13,960
10/03/2010,16,945.5
10/03/2010,19,934
10/03/2010,22,915
10/04/2010,1,896
10/04/2010,4,893
10/04/2010,7,897
10/04/2010,10,902
10/04/2010,13,901
10/04/2010,16,907.5
10/04/2010,19,912
10/04/2010,22,906
10/05/2010,1,899
10/05/2010,4,892.5
10/05/2010,7,886
10/05/2010,10,879
10/05/2010,13,877
10/05/2010,16,888
10/05/2010,19,895
10/05/2010,22,899
10/06/2010,1,903
10/06/2010,4,895
10/06/2010,7,880
10/06/2010,10,879
10/06/2010,13,882
10/06/2010,16,889
10/06/2010,19,896
10/06/2010,22,886.5
10/07/2010,1,875
10/07/2010,4,865.5
10/07/2010,7,860
10/07/2010,10,854.5
10/07/2010,13,851
10/07/2010,16,857.5
10/07/2010,19,869
10/07/2010,22,865
10/08/2010,1,858
10/08/2010,4,852.5
10/08/2010,7,849
10/08/2010,10,857.5
10/08/2010,13,859
10/08/2010,16,860.5
10/08/2010,19,864
10/08/2010,22,854
10/09/2010,1,844
10/09/2010,4,838.5
10/09/2010,7,833
10/09/2010,10,831.5
10/09/2010,13,828
10/09/2010,16,839.5
10/09/2010,19,851
10/09/2010,22,852
10/10/2010,1,853
10/10/2010,4,836
10/10/2010,7,820
10/10/2010,10,812
10/10/2010,13,811
10/10/2010,16,819.5
10/10/2010,19,829
10/10/2010,22,834.5
10/11/2010,1,838
10/11/2010,4,816
10/11/2010,7,797
10/11/2010,10,781.5
10/11/2010,13,766
10/11/2010,16,753.5
10/11/2010,19,745
10/11/2010,22,732.5
10/12/2010,1,723
10/12/2010,4,719
10/12/2010,7,718
10/12/2010,10,745
10/12/2010,13,772
10/12/2010,16,808
10/12/2010,19,832
10/12/2010,22,845.5
10/13/2010,1,848
10/13/2010,4,848
10/13/2010,7,859
10/13/2010,10,872
10/13/2010,13,880
10/13/2010,16,880
10/13/2010,19,878
10/13/2010,22,874.5
10/14/2010,1,868
10/14/2010,4,864
10/14/2010,7,861
10/14/2010,10,862.5
10/14/2010,13,864
10/14/2010,16,863
10/14/2010,19,856
10/14/2010,22,849.5
10/15/2010,1,846
10/15/2010,4,845
10/15/2010,7,849
10/15/2010,10,850.5
10/15/2010,13,857
10/15/2010,16,871.5
10/15/2010,19,883
10/15/2010,22,884
10/16/2010,1,879
10/16/2010,4,868
10/16/2010,7,860
10/16/2010,10,854.5
10/16/2010,13,853
10/16/2010,16,867.5
10/16/2010,19,877
10/16/2010,22,872
10/17/2010,1,861
10/17/2010,4,852
10/17/2010,7,847
10/17/2010,10,830.5
10/17/2010,13,826
10/17/2010,16,818
10/17/2010,19,811
10/17/2010,22,800
10/18/2010,1,799
10/18/2010,4,787.5
10/18/2010,7,774
10/18/2010,10,754.5
10/18/2010,13,737
10/18/2010,16,733.5
10/18/2010,19,736
10/18/2010,22,753.5
10/19/2010,1,768
10/19/2010,4,781.5
10/19/2010,7,793
10/19/2010,10,788
10/19/2010,13,782
10/19/2010,16,799
10/19/2010,19,823
10/19/2010,22,843.5
10/20/2010,1,851
10/20/2010,4,851.5
10/20/2010,7,848
10/20/2010,10,847.5
10/20/2010,13,845
10/20/2010,16,841
10/20/2010,19,840
10/20/2010,22,836.5
10/21/2010,1,832
10/21/2010,4,831.5
10/21/2010,7,831
10/21/2010,10,827.5
10/21/2010,13,824
10/21/2010,16,838.5
10/21/2010,19,850
10/21/2010,22,835.5
10/22/2010,1,821
10/22/2010,4,817.5
10/22/2010,7,814
10/22/2010,10,812
10/22/2010,13,811
10/22/2010,16,815
10/22/2010,19,817
10/22/2010,22,814
10/23/2010,1,810
10/23/2010,4,809.5
10/23/2010,7,808
10/23/2010,10,809
10/23/2010,13,815
10/23/2010,16,827.5
10/23/2010,19,835
10/23/2010,22,827
10/24/2010,1,816
10/24/2010,4,809
10/24/2010,7,806
10/24/2010,10,800.5
10/24/2010,13,799
10/24/2010,16,809
10/24/2010,19,817
10/24/2010,22,815
10/25/2010,1,806
10/25/2010,4,789
10/25/2010,7,776
10/25/2010,10,752.5
10/25/2010,13,732
10/25/2010,16,724
10/25/2010,19,727
10/25/2010,22,734.5
10/26/2010,1,738
10/26/2010,4,746.5
10/26/2010,7,757
10/26/2010,10,777.5
10/26/2010,13,797
10/26/2010,16,808
10/26/2010,19,812
10/26/2010,22,808.5
10/27/2010,1,803
10/27/2010,4,793.5
10/27/2010,7,783
10/27/2010,10,776.5
10/27/2010,13,773
10/27/2010,16,778
10/27/2010,19,780
10/27/2010,22,776.5
10/28/2010,1,771
10/28/2010,4,769
10/28/2010,7,765
10/28/2010,10,761
10/28/2010,13,759
10/28/2010,16,785.5
10/28/2010,19,813
10/28/2010,22,820
10/29/2010,1,827
10/29/2010,4,810
10/29/2010,7,795
10/29/2010,10,784.5
10/29/2010,13,775
10/29/2010,16,786
10/29/2010,19,798
10/29/2010,22,804.5
10/30/2010,1,793
10/30/2010,4,783
10/30/2010,7,775
10/30/2010,10,772.5
10/30/2010,13,770
10/30/2010,16,784.5
10/30/2010,19,799
10/30/2010,22,806.5
10/31/2010,1,801
10/31/2010,4,790
10/31/2010,7,783
10/31/2010,10,763.5
10/31/2010,13,743
10/31/2010,16,720
10/31/2010,19,700
10/31/2010,22,696
11/01/2010,1,692
11/01/2010,4,688
11/01/2010,7,681
11/01/2010,10,676
11/01/2010,13,672
11/01/2010,16,671
11/01/2010,19,667
11/01/2010,22,677
11/02/2010,1,685
11/02/2010,4,680
11/02/2010,7,675
11/02/2010,10,669.5
11/02/2010,13,681
11/02/2010,16,707
11/02/2010,19,733
11/02/2010,22,741
11/03/2010,1,741
11/03/2010,4,729
11/03/2010,7,710
11/03/2010,10,695.5
11/03/2010,13,685
11/03/2010,16,696.5
11/03/2010,19,718
11/03/2010,22,736.5
11/04/2010,1,745
11/04/2010,4,734
11/04/2010,7,720
11/04/2010,10,701
11/04/2010,13,686
11/04/2010,16,693.5
11/04/2010,19,711
11/04/2010,22,726
11/05/2010,1,730
11/05/2010,4,721
11/05/2010,7,706
11/05/2010,10,681.5
11/05/2010,13,666
11/05/2010,16,680
11/05/2010,19,708
11/05/2010,22,712.5
11/06/2010,1,719
11/06/2010,4,723
11/06/2010,7,718
11/06/2010,10,698
11/06/2010,13,688
11/06/2010,16,701.5
11/06/2010,19,715
11/06/2010,22,719
11/07/2010,1,717
11/07/2010,4,707
11/07/2010,7,700
11/07/2010,10,677
11/07/2010,13,660
11/07/2010,16,653.5
11/07/2010,19,656
11/07/2010,22,658
11/08/2010,1,650
11/08/2010,4,633.5
11/08/2010,7,621
11/08/2010,10,612.5
11/08/2010,13,605
11/08/2010,16,606
11/08/2010,19,627
11/08/2010,22,644
11/09/2010,1,657
11/09/2010,4,652
11/09/2010,7,645
11/09/2010,10,635.5
11/09/2010,13,618
11/09/2010,16,641.5
11/09/2010,19,669
11/09/2010,22,692
11/10/2010,1,703
11/10/2010,4,699
11/10/2010,7,693
11/10/2010,10,676
11/10/2010,13,660
11/10/2010,16,674.5
11/10/2010,19,692
11/10/2010,22,706
11/11/2010,1,706
11/11/2010,4,701.5
11/11/2010,7,697
11/11/2010,10,679.5
11/11/2010,13,662
11/11/2010,16,666
11/11/2010,19,679
11/11/2010,22,690
11/12/2010,1,697
11/12/2010,4,693
11/12/2010,7,689
11/12/2010,10,678.5
11/12/2010,13,657
11/12/2010,16,642
11/12/2010,19,655
11/12/2010,22,667
11/13/2010,1,675
11/13/2010,4,677.5
11/13/2010,7,673
11/13/2010,10,662
11/13/2010,13,651
11/13/2010,16,647
11/13/2010,19,657
11/13/2010,22,664.5
11/14/2010,1,671
11/14/2010,4,668.5
11/14/2010,7,652
11/14/2010,10,636.5
11/14/2010,13,625
11/14/2010,16,617
11/14/2010,19,618
11/14/2010,22,625.5
11/15/2010,1,635
11/15/2010,4,616.5
11/15/2010,7,592
11/15/2010,10,582
11/15/2010,13,573
11/15/2010,16,570.5
11/15/2010,19,577
11/15/2010,22,593.5
11/16/2010,1,613
11/16/2010,4,633
11/16/2010,7,650
11/16/2010,10,647.5
11/16/2010,13,636
11/16/2010,16,641
11/16/2010,19,652
11/16/2010,22,660.5
11/17/2010,1,667
11/17/2010,4,669
11/17/2010,7,663
11/17/2010,10,649.5
11/17/2010,13,632
11/17/2010,16,625.5
11/17/2010,19,642
11/17/2010,22,651.5
11/18/2010,1,660
11/18/2010,4,660
11/18/2010,7,650
11/18/2010,10,636
11/18/2010,13,622
11/18/2010,16,633
11/18/2010,19,646
11/18/2010,22,652.5
11/19/2010,1,660
11/19/2010,4,664.5
11/19/2010,7,656
11/19/2010,10,642
11/19/2010,13,629
11/19/2010,16,630
11/19/2010,19,645
11/19/2010,22,656.5
11/20/2010,1,662
11/20/2010,4,662.5
11/20/2010,7,657
11/20/2010,10,640.5
11/20/2010,13,624
11/20/2010,16,618.5
11/20/2010,19,630
11/20/2010,22,633.5
11/21/2010,1,641
11/21/2010,4,653
11/21/2010,7,654
11/21/2010,10,644
11/21/2010,13,631
11/21/2010,16,616
11/21/2010,19,605
11/21/2010,22,614.5
11/22/2010,1,636
11/22/2010,4,644
11/22/2010,7,626
11/22/2010,10,618.5
11/22/2010,13,610
11/22/2010,16,610
11/22/2010,19,622
11/22/2010,22,633
11/23/2010,1,642
11/23/2010,4,652
11/23/2010,7,658
11/23/2010,10,668
11/23/2010,13,675
11/23/2010,16,678
11/23/2010,19,680
11/23/2010,22,683
11/24/2010,1,681
11/24/2010,4,677
11/24/2010,7,674
11/24/2010,10,662.5
11/24/2010,13,648
11/24/2010,16,638.5
11/24/2010,19,645
11/24/2010,22,658.5
11/25/2010,1,664
11/25/2010,4,670
11/25/2010,7,667
11/25/2010,10,652.5
11/25/2010,13,645
11/25/2010,16,644.5
11/25/2010,19,654
11/25/2010,22,662
11/26/2010,1,668
11/26/2010,4,670
11/26/2010,7,664
11/26/2010,10,650
11/26/2010,13,637
11/26/2010,16,633
11/26/2010,19,646
11/26/2010,22,659.5
11/27/2010,1,667
11/27/2010,4,668
11/27/2010,7,659
11/27/2010,10,645.5
11/27/2010,13,630
11/27/2010,16,621.5
11/27/2010,19,630
11/27/2010,22,644.5
11/28/2010,1,664
11/28/2010,4,666
11/28/2010,7,648
11/28/2010,10,630
11/28/2010,13,610
11/28/2010,16,597.5
11/28/2010,19,590
11/28/2010,22,581
11/29/2010,1,582
11/29/2010,4,589.5
11/29/2010,7,598
11/29/2010,10,590
11/29/2010,13,585
11/29/2010,16,579.5
11/29/2010,19,584
11/29/2010,22,597
11/30/2010,1,607
11/30/2010,4,621
11/30/2010,7,630
11/30/2010,10,615.5
11/30/2010,13,605
11/30/2010,16,605
11/30/2010,19,623
11/30/2010,22,638.5
12/01/2010,1,647
12/01/2010,4,652.5
12/01/2010,7,656
12/01/2010,10,646.5
12/01/2010,13,638
12/01/2010,16,640.5
12/01/2010,19,659
12/01/2010,22,671.5
12/02/2010,1,680
12/02/2010,4,687
12/02/2010,7,685
12/02/2010,10,672.5
12/02/2010,13,658
12/02/2010,16,655
12/02/2010,19,662
12/02/2010,22,674.5
12/03/2010,1,685
12/03/2010,4,691.5
12/03/2010,7,687
12/03/2010,10,671.5
12/03/2010,13,660
12/03/2010,16,653
12/03/2010,19,654
12/03/2010,22,661.5
12/04/2010,1,667
12/04/2010,4,673
12/04/2010,7,668
12/04/2010,10,657.5
12/04/2010,13,642
12/04/2010,16,632
12/04/2010,19,622
12/04/2010,22,628.5
12/05/2010,1,636
12/05/2010,4,641.5
12/05/2010,7,639
12/05/2010,10,636
12/05/2010,13,629
12/05/2010,16,621.5
12/05/2010,19,616
12/05/2010,22,622.5
12/06/2010,1,631
12/06/2010,4,640
12/06/2010,7,636
12/06/2010,10,622
12/06/2010,13,608
12/06/2010,16,598
12/06/2010,19,607
12/06/2010,22,614
12/07/2010,1,624
12/07/2010,4,634
12/07/2010,7,631
12/07/2010,10,630
12/07/2010,13,625
12/07/2010,16,624.5
12/07/2010,19,631
12/07/2010,22,638.5
12/08/2010,1,649
12/08/2010,4,664.5
12/08/2010,7,676
12/08/2010,10,665
12/08/2010,13,652
12/08/2010,16,647.5
12/08/2010,19,663
12/08/2010,22,672.5
12/09/2010,1,680
12/09/2010,4,685
12/09/2010,7,677
12/09/2010,10,660.5
12/09/2010,13,647
12/09/2010,16,634
12/09/2010,19,638
12/09/2010,22,645.5
12/10/2010,1,654
12/10/2010,4,659
12/10/2010,7,650
12/10/2010,10,638
12/10/2010,13,628
12/10/2010,16,628
12/10/2010,19,640
12/10/2010,22,656.5
12/11/2010,1,664
12/11/2010,4,658
12/11/2010,7,652
12/11/2010,10,644
12/11/2010,13,635
12/11/2010,16,625.5
12/11/2010,19,630
12/11/2010,22,636.5
12/12/2010,1,633
12/12/2010,4,620
12/12/2010,7,610
12/12/2010,10,603
12/12/2010,13,596
12/12/2010,16,595
12/12/2010,19,603
12/12/2010,22,610
12/13/2010,1,615
12/13/2010,4,609
12/13/2010,7,604
12/13/2010,10,593.5
12/13/2010,13,586
12/13/2010,16,597.5
12/13/2010,19,616
12/13/2010,22,636.5
12/14/2010,1,651
12/14/2010,4,658
12/14/2010,7,666
12/14/2010,10,663
12/14/2010,13,667
12/14/2010,16,685
12/14/2010,19,707
12/14/2010,22,728.5
12/15/2010,1,742
12/15/2010,4,746
12/15/2010,7,742
12/15/2010,10,730.5
12/15/2010,13,720
12/15/2010,16,718
12/15/2010,19,722
12/15/2010,22,738.5
12/16/2010,1,753
12/16/2010,4,768.5
12/16/2010,7,781
12/16/2010,10,779.5
12/16/2010,13,773
12/16/2010,16,777
12/16/2010,19,790
12/16/2010,22,799.5
12/17/2010,1,806
12/17/2010,4,802
12/17/2010,7,791
12/17/2010,10,773.5
12/17/2010,13,757
12/17/2010,16,754.5
12/17/2010,19,770
12/17/2010,22,783.5
12/18/2010,1,795
12/18/2010,4,780
12/18/2010,7,764
12/18/2010,10,749.5
12/18/2010,13,731
12/18/2010,16,718.5
12/18/2010,19,726
12/18/2010,22,737
12/19/2010,1,745
12/19/2010,4,750
12/19/2010,7,740
12/19/2010,10,724
12/19/2010,13,707
12/19/2010,16,696
12/19/2010,19,697
12/19/2010,22,707
12/20/2010,1,715
12/20/2010,4,713.5
12/20/2010,7,698
12/20/2010,10,681.5
12/20/2010,13,664
12/20/2010,16,660
12/20/2010,19,675
12/20/2010,22,688
12/21/2010,1,700
12/21/2010,4,704.5
12/21/2010,7,690
12/21/2010,10,677.5
12/21/2010,13,663
12/21/2010,16,660
12/21/2010,19,672
12/21/2010,22,685
12/22/2010,1,694
12/22/2010,4,689
12/22/2010,7,680
12/22/2010,10,667.5
12/22/2010,13,655
12/22/2010,16,664.5
12/22/2010,19,686
12/22/2010,22,700.5
12/23/2010,1,709
12/23/2010,4,710.5
12/23/2010,7,703
12/23/2010,10,691.5
12/23/2010,13,672
12/23/2010,16,675
12/23/2010,19,699
12/23/2010,22,712.5
12/24/2010,1,720
12/24/2010,4,721.5
12/24/2010,7,715
12/24/2010,10,705.5
12/24/2010,13,695
12/24/2010,16,683.5
12/24/2010,19,677
12/24/2010,22,686
12/25/2010,1,700
12/25/2010,4,707
12/25/2010,7,717
12/25/2010,10,707.5
12/25/2010,13,691
12/25/2010,16,686
12/25/2010,19,690
12/25/2010,22,700
12/26/2010,1,709
12/26/2010,4,710.5
12/26/2010,7,700
12/26/2010,10,678.5
12/26/2010,13,660
12/26/2010,16,650
12/26/2010,19,655
12/26/2010,22,668
12/27/2010,1,680
12/27/2010,4,677
12/27/2010,7,658
12/27/2010,10,637.5
12/27/2010,13,626
12/27/2010,16,621.5
12/27/2010,19,630
12/27/2010,22,649
12/28/2010,1,660
12/28/2010,4,669.5
12/28/2010,7,664
12/28/2010,10,649
12/28/2010,13,643
12/28/2010,16,647
12/28/2010,19,670
12/28/2010,22,688
12/29/2010,1,700
12/29/2010,4,700.5
12/29/2010,7,685
12/29/2010,10,667
12/29/2010,13,652
12/29/2010,16,642
12/29/2010,19,646
12/29/2010,22,650
12/30/2010,1,654
12/30/2010,4,641.5
12/30/2010,7,630
12/30/2010,10,627.5
12/30/2010,13,625
12/30/2010,16,624.5
12/30/2010,19,628
12/30/2010,22,631.5
12/31/2010,1,635
12/31/2010,4,635.5
12/31/2010,7,623
12/31/2010,10,617.5
12/31/2010,13,614
12/31/2010,16,615.5
12/31/2010,19,619
12/31/2010,22,624.5
01/01/2011,1,630
01/01/2011,4,630
01/01/2011,7,622
01/01/2011,10,618
01/01/2011,13,612
01/01/2011,16,609
01/01/2011,19,605
01/01/2011,22,601
01/02/2011,1,607
01/02/2011,4,604
01/02/2011,7,585
01/02/2011,10,579
01/02/2011,13,576
01/02/2011,16,571
01/02/2011,19,567
01/02/2011,22,563.5
01/03/2011,1,560
01/03/2011,4,558
01/03/2011,7,555
01/03/2011,10,548
01/03/2011,13,543
01/03/2011,16,537.5
01/03/2011,19,535
01/03/2011,22,542
01/04/2011,1,555
01/04/2011,4,566.5
01/04/2011,7,574
01/04/2011,10,579
01/04/2011,13,583
01/04/2011,16,586.5
01/04/2011,19,590
01/04/2011,22,595.5
01/05/2011,1,600
01/05/2011,4,608
01/05/2011,7,615
01/05/2011,10,621.5
01/05/2011,13,626
01/05/2011,16,629
01/05/2011,19,631
01/05/2011,22,634.5
01/06/2011,1,638
01/06/2011,4,638.5
01/06/2011,7,640
01/06/2011,10,640
01/06/2011,13,636
01/06/2011,16,630.5
01/06/2011,19,626
01/06/2011,22,642
01/07/2011,1,660
01/07/2011,4,665
01/07/2011,7,655
01/07/2011,10,648
01/07/2011,13,642
01/07/2011,16,644
01/07/2011,19,661
01/07/2011,22,680.5
01/08/2011,1,695
01/08/2011,4,695.5
01/08/2011,7,690
01/08/2011,10,682
01/08/2011,13,673
01/08/2011,16,667.5
01/08/2011,19,664
01/08/2011,22,669
01/09/2011,1,673
01/09/2011,4,665.5
01/09/2011,7,661
01/09/2011,10,655
01/09/2011,13,648
01/09/2011,16,638.5
01/09/2011,19,633
01/09/2011,22,628
01/10/2011,1,631
01/10/2011,4,639.5
01/10/2011,7,637
01/10/2011,10,633.5
01/10/2011,13,630
01/10/2011,16,618.5
01/10/2011,19,610
01/10/2011,22,614
01/11/2011,1,619
01/11/2011,4,627
01/11/2011,7,633
01/11/2011,10,631
01/11/2011,13,626
01/11/2011,16,620.5
01/11/2011,19,615
01/11/2011,22,613
01/12/2011,1,624
01/12/2011,4,637
01/12/2011,7,647
01/12/2011,10,640.5
01/12/2011,13,634
01/12/2011,16,628
01/12/2011,19,621
01/12/2011,22,612.5
01/13/2011,1,607
01/13/2011,4,599.5
01/13/2011,7,588
01/13/2011,10,585
01/13/2011,13,583
01/13/2011,16,581
01/13/2011,19,586
01/13/2011,22,600
01/14/2011,1,617
01/14/2011,4,634
01/14/2011,7,648
01/14/2011,10,649.5
01/14/2011,13,649
01/14/2011,16,643.5
01/14/2011,19,640
01/14/2011,22,637
01/15/2011,1,645
01/15/2011,4,653.5
01/15/2011,7,661
01/15/2011,10,656
01/15/2011,13,649
01/15/2011,16,639.5
01/15/2011,19,633
01/15/2011,22,629.5
01/16/2011,1,630
01/16/2011,4,635
01/16/2011,7,640
01/16/2011,10,636
01/16/2011,13,629
01/16/2011,16,622
01/16/2011,19,613
01/16/2011,22,607
01/17/2011,1,609
01/17/2011,4,608
01/17/2011,7,598
01/17/2011,10,585.5
01/17/2011,13,576
01/17/2011,16,569
01/17/2011,19,564
01/17/2011,22,565
01/18/2011,1,574
01/18/2011,4,585
01/18/2011,7,595
01/18/2011,10,599
01/18/2011,13,596
01/18/2011,16,591
01/18/2011,19,593
01/18/2011,22,596
01/19/2011,1,601
01/19/2011,4,603
01/19/2011,7,597
01/19/2011,10,597
01/19/2011,13,596
01/19/2011,16,592
01/19/2011,19,588
01/19/2011,22,593
01/20/2011,1,603
01/20/2011,4,611
01/20/2011,7,610
01/20/2011,10,609
01/20/2011,13,606
01/20/2011,16,606.5
01/20/2011,19,626
01/20/2011,22,643.5
01/21/2011,1,655
01/21/2011,4,668
01/21/2011,7,677
01/21/2011,10,681.5
01/21/2011,13,676
01/21/2011,16,669.5
01/21/2011,19,660
01/21/2011,22,655
01/22/2011,1,651
01/22/2011,4,650.5
01/22/2011,7,655
01/22/2011,10,655
01/22/2011,13,647
01/22/2011,16,643.5
01/22/2011,19,650
01/22/2011,22,659.5
01/23/2011,1,664
01/23/2011,4,665
01/23/2011,7,660
01/23/2011,10,652
01/23/2011,13,640
01/23/2011,16,624.5
01/23/2011,19,617
01/23/2011,22,611.5
01/24/2011,1,615
01/24/2011,4,625.5
01/24/2011,7,633
01/24/2011,10,619.5
01/24/2011,13,609
01/24/2011,16,611
01/24/2011,19,627
01/24/2011,22,642
01/25/2011,1,652
01/25/2011,4,659.6666667
01/25/2011,7,669.6666667
01/25/2011,10,685
01/25/2011,13,713.3333333
01/25/2011,16,743.3333333
01/25/2011,19,763.6666667
01/25/2011,22,774.25
01/26/2011,1,784
01/26/2011,4,791.6666667
01/26/2011,7,804
01/26/2011,10,816.6666667
01/26/2011,13,825.3333333
01/26/2011,16,831.6666667
01/26/2011,19,829
01/26/2011,22,823.25
01/27/2011,1,823
01/27/2011,4,823.5
01/27/2011,7,825
01/27/2011,10,825
01/27/2011,13,825
01/27/2011,16,826
01/27/2011,19,829
01/27/2011,22,825
01/28/2011,1,822
01/28/2011,4,820.5
01/28/2011,7,819
01/28/2011,10,830
01/28/2011,13,836
01/28/2011,16,836.5
01/28/2011,19,833
01/28/2011,22,826.5
01/29/2011,1,820
01/29/2011,4,813.5
01/29/2011,7,807
01/29/2011,10,809
01/29/2011,13,816
01/29/2011,16,822
01/29/2011,19,826
01/29/2011,22,830
01/30/2011,1,835
01/30/2011,4,842
01/30/2011,7,846
01/30/2011,10,854
01/30/2011,13,858
01/30/2011,16,858
01/30/2011,19,859
01/30/2011,22,859
01/31/2011,1,860
01/31/2011,4,861
01/31/2011,7,861
01/31/2011,10,861.5
01/31/2011,13,862
01/31/2011,16,863
01/31/2011,19,863
01/31/2011,22,864
02/01/2011,1,862
02/01/2011,4,860
02/01/2011,7,860
02/01/2011,10,852
02/01/2011,13,846
02/01/2011,16,840.5
02/01/2011,19,834
02/01/2011,22,812.5
02/02/2011,1,788
02/02/2011,4,763.5
02/02/2011,7,740
02/02/2011,10,717.5
02/02/2011,13,697
02/02/2011,16,679
02/02/2011,19,662
02/02/2011,22,642
02/03/2011,1,622
02/03/2011,4,604
02/03/2011,7,592
02/03/2011,10,583
02/03/2011,13,572
02/03/2011,16,562
02/03/2011,19,554
02/03/2011,22,547.5
02/04/2011,1,541
02/04/2011,4,538
02/04/2011,7,535
02/04/2011,10,533
02/04/2011,13,532
02/04/2011,16,530
02/04/2011,19,530
02/04/2011,22,528
02/05/2011,1,526
02/05/2011,4,526
02/05/2011,7,524
02/05/2011,10,522
02/05/2011,13,520
02/05/2011,16,519
02/05/2011,19,518
02/05/2011,22,516
02/06/2011,1,514
02/06/2011,4,513
02/06/2011,7,510
02/06/2011,10,509
02/06/2011,13,508
02/06/2011,16,507
02/06/2011,19,505
02/06/2011,22,504
02/07/2011,1,503
02/07/2011,4,503
02/07/2011,7,502
02/07/2011,10,501
02/07/2011,13,501
02/07/2011,16,503
02/07/2011,19,504
02/07/2011,22,506
02/08/2011,1,507
02/08/2011,4,506
02/08/2011,7,505
02/08/2011,10,504
02/08/2011,13,502
02/08/2011,16,502
02/08/2011,19,502
02/08/2011,22,503
02/09/2011,1,505
02/09/2011,4,507
02/09/2011,7,508
02/09/2011,10,509
02/09/2011,13,510
02/09/2011,16,510
02/09/2011,19,508
02/09/2011,22,507
02/10/2011,1,505
02/10/2011,4,504
02/10/2011,7,502
02/10/2011,10,500
02/10/2011,13,497
02/10/2011,16,496
02/10/2011,19,501
02/10/2011,22,505
02/11/2011,1,509
02/11/2011,4,508
02/11/2011,7,507
02/11/2011,10,505.5
02/11/2011,13,504
02/11/2011,16,508
02/11/2011,19,545
02/11/2011,22,589
02/12/2011,1,614
02/12/2011,4,628.3333333
02/12/2011,7,652.3333333
02/12/2011,10,686
02/12/2011,13,725.3333333
02/12/2011,16,760
02/12/2011,19,781
02/12/2011,22,801.25
02/13/2011,1,813
02/13/2011,4,818.5
02/13/2011,7,823
02/13/2011,10,829
02/13/2011,13,833
02/13/2011,16,835
02/13/2011,19,839
02/13/2011,22,842.5
02/14/2011,1,846
02/14/2011,4,850.5
02/14/2011,7,854
02/14/2011,10,857
02/14/2011,13,857
02/14/2011,16,854
02/14/2011,19,852
02/14/2011,22,851
02/15/2011,1,851
02/15/2011,4,850.5
02/15/2011,7,850
02/15/2011,10,849
02/15/2011,13,847
02/15/2011,16,843
02/15/2011,19,839
02/15/2011,22,836
02/16/2011,1,835
02/16/2011,4,839
02/16/2011,7,841
02/16/2011,10,845.5
02/16/2011,13,849
02/16/2011,16,850.5
02/16/2011,19,852
02/16/2011,22,855
02/17/2011,1,859
02/17/2011,4,862
02/17/2011,7,865
02/17/2011,10,868
02/17/2011,13,870
02/17/2011,16,867.5
02/17/2011,19,867
02/17/2011,22,866
02/18/2011,1,863
02/18/2011,4,860
02/18/2011,7,856
02/18/2011,10,845.5
02/18/2011,13,840
02/18/2011,16,837
02/18/2011,19,833
02/18/2011,22,820
02/19/2011,1,809
02/19/2011,4,798
02/19/2011,7,785
02/19/2011,10,780.5
02/19/2011,13,776
02/19/2011,16,774
02/19/2011,19,765
02/19/2011,22,751.5
02/20/2011,1,739
02/20/2011,4,729
02/20/2011,7,719
02/20/2011,10,708
02/20/2011,13,704
02/20/2011,16,702
02/20/2011,19,700
02/20/2011,22,692.5
02/21/2011,1,677
02/21/2011,4,659
02/21/2011,7,642
02/21/2011,10,624
02/21/2011,13,607
02/21/2011,16,590.5
02/21/2011,19,578
02/21/2011,22,568.5
02/22/2011,1,562
02/22/2011,4,565.5
02/22/2011,7,569
02/22/2011,10,557.5
02/22/2011,13,549
02/22/2011,16,560
02/22/2011,19,572
02/22/2011,22,580
02/23/2011,1,585
02/23/2011,4,579.5
02/23/2011,7,574
02/23/2011,10,569.5
02/23/2011,13,569
02/23/2011,16,575
02/23/2011,19,582
02/23/2011,22,591.5
02/24/2011,1,598
02/24/2011,4,600.5
02/24/2011,7,598
02/24/2011,10,587.5
02/24/2011,13,578
02/24/2011,16,576.5
02/24/2011,19,586
02/24/2011,22,610
02/25/2011,1,626
02/25/2011,4,629
02/25/2011,7,625
02/25/2011,10,618
02/25/2011,13,616
02/25/2011,16,631.5
02/25/2011,19,640
02/25/2011,22,648
02/26/2011,1,654
02/26/2011,4,649.5
02/26/2011,7,641
02/26/2011,10,642
02/26/2011,13,646
02/26/2011,16,655
02/26/2011,19,660
02/26/2011,22,656.5
02/27/2011,1,650
02/27/2011,4,639
02/27/2011,7,628
02/27/2011,10,625
02/27/2011,13,632
02/27/2011,16,640.5
02/27/2011,19,645
02/27/2011,22,635.5
02/28/2011,1,626
02/28/2011,4,617
02/28/2011,7,607
02/28/2011,10,593.5
02/28/2011,13,582
02/28/2011,16,573
02/28/2011,19,565
02/28/2011,22,557
03/01/2011,1,552
03/01/2011,4,548
03/01/2011,7,545
03/01/2011,10,541
03/01/2011,13,548
03/01/2011,16,564
03/01/2011,19,581
03/01/2011,22,592.5
03/02/2011,1,602
03/02/2011,4,603
03/02/2011,7,590
03/02/2011,10,583
03/02/2011,13,581
03/02/2011,16,583.5
03/02/2011,19,592
03/02/2011,22,597
03/03/2011,1,602
03/03/2011,4,593.5
03/03/2011,7,584
03/03/2011,10,579
03/03/2011,13,578
03/03/2011,16,582.5
03/03/2011,19,589
03/03/2011,22,589
03/04/2011,1,584
03/04/2011,4,579
03/04/2011,7,571
03/04/2011,10,561
03/04/2011,13,554
03/04/2011,16,547.5
03/04/2011,19,542
03/04/2011,22,543.5
03/05/2011,1,548
03/05/2011,4,555.5
03/05/2011,7,555
03/05/2011,10,550
03/05/2011,13,545
03/05/2011,16,541.5
03/05/2011,19,544
03/05/2011,22,553.5
03/06/2011,1,562
03/06/2011,4,574
03/06/2011,7,581
03/06/2011,10,571
03/06/2011,13,564
03/06/2011,16,560
03/06/2011,19,558
03/06/2011,22,563
03/07/2011,1,567
03/07/2011,4,561
03/07/2011,7,553
03/07/2011,10,544.5
03/07/2011,13,538
03/07/2011,16,530.5
03/07/2011,19,525
03/07/2011,22,531
03/08/2011,1,541
03/08/2011,4,550.5
03/08/2011,7,547
03/08/2011,10,539.5
03/08/2011,13,536
03/08/2011,16,562.5
03/08/2011,19,599
03/08/2011,22,629
03/09/2011,1,640
03/09/2011,4,625
03/09/2011,7,608
03/09/2011,10,596
03/09/2011,13,588
03/09/2011,16,587
03/09/2011,19,586
03/09/2011,22,596
03/10/2011,1,610
03/10/2011,4,624
03/10/2011,7,615
03/10/2011,10,593
03/10/2011,13,578
03/10/2011,16,574.5
03/10/2011,19,585
03/10/2011,22,590
03/11/2011,1,589
03/11/2011,4,582
03/11/2011,7,571
03/11/2011,10,564.5
03/11/2011,13,561
03/11/2011,16,569.5
03/11/2011,19,589
03/11/2011,22,602
03/12/2011,1,610
03/12/2011,4,596
03/12/2011,7,583
03/12/2011,10,569
03/12/2011,13,555
03/12/2011,16,553.5
03/12/2011,19,565
03/12/2011,22,575
03/13/2011,1,584
03/13/2011,4,585
03/13/2011,7,572
03/13/2011,10,560
03/13/2011,13,550
03/13/2011,16,550
03/13/2011,19,564
03/13/2011,22,572
03/14/2011,1,580
03/14/2011,4,580.5
03/14/2011,7,566
03/14/2011,10,555
03/14/2011,13,545
03/14/2011,16,539.5
03/14/2011,19,535
03/14/2011,22,530
03/15/2011,1,535
03/15/2011,4,555
03/15/2011,7,565
03/15/2011,10,551.5
03/15/2011,13,541
03/15/2011,16,546.5
03/15/2011,19,555
03/15/2011,22,568
03/16/2011,1,585
03/16/2011,4,607
03/16/2011,7,628
03/16/2011,10,618.5
03/16/2011,13,605
03/16/2011,16,619
03/16/2011,19,646
03/16/2011,22,654.5
03/17/2011,1,661
03/17/2011,4,666.5
03/17/2011,7,673
03/17/2011,10,659
03/17/2011,13,652
03/17/2011,16,665.5
03/17/2011,19,688
03/17/2011,22,698
03/18/2011,1,706
03/18/2011,4,711
03/18/2011,7,709
03/18/2011,10,714
03/18/2011,13,721
03/18/2011,16,727
03/18/2011,19,733
03/18/2011,22,738.5
03/19/2011,1,745
03/19/2011,4,753.5
03/19/2011,7,761
03/19/2011,10,764
03/19/2011,13,768
03/19/2011,16,771.5
03/19/2011,19,776
03/19/2011,22,778
03/20/2011,1,772
03/20/2011,4,765.5
03/20/2011,7,761
03/20/2011,10,757
03/20/2011,13,752
03/20/2011,16,751.5
03/20/2011,19,750
03/20/2011,22,744.5
03/21/2011,1,735
03/21/2011,4,720.5
03/21/2011,7,708
03/21/2011,10,694
03/21/2011,13,685
03/21/2011,16,674.5
03/21/2011,19,666
03/21/2011,22,659.5
03/22/2011,1,654
03/22/2011,4,648.5
03/22/2011,7,644
03/22/2011,10,648.5
03/22/2011,13,656
03/22/2011,16,669.5
03/22/2011,19,677
03/22/2011,22,675.5
03/23/2011,1,670
03/23/2011,4,660.5
03/23/2011,7,652
03/23/2011,10,651.5
03/23/2011,13,649
03/23/2011,16,654
03/23/2011,19,657
03/23/2011,22,659
03/24/2011,1,657
03/24/2011,4,650
03/24/2011,7,645
03/24/2011,10,656
03/24/2011,13,669
03/24/2011,16,682
03/24/2011,19,686
03/24/2011,22,685.5
03/25/2011,1,677
03/25/2011,4,666
03/25/2011,7,655
03/25/2011,10,652
03/25/2011,13,657
03/25/2011,16,664
03/25/2011,19,666
03/25/2011,22,662
03/26/2011,1,653
03/26/2011,4,643.5
03/26/2011,7,632
03/26/2011,10,627
03/26/2011,13,629
03/26/2011,16,637.5
03/26/2011,19,646
03/26/2011,22,642.5
03/27/2011,1,640
03/27/2011,4,633
03/27/2011,7,625
03/27/2011,10,619
03/27/2011,13,617
03/27/2011,16,620
03/27/2011,19,625
03/27/2011,22,622
03/28/2011,1,618
03/28/2011,4,615.5
03/28/2011,7,611
03/28/2011,10,602.5
03/28/2011,13,596
03/28/2011,16,587.5
03/28/2011,19,582
03/28/2011,22,588.5
03/29/2011,1,592
03/29/2011,4,593
03/29/2011,7,586
03/29/2011,10,582.5
03/29/2011,13,580
03/29/2011,16,578
03/29/2011,19,576
03/29/2011,22,583
03/30/2011,1,591
03/30/2011,4,602
03/30/2011,7,613
03/30/2011,10,615
03/30/2011,13,619
03/30/2011,16,632
03/30/2011,19,648
03/30/2011,22,653
03/31/2011,1,653
03/31/2011,4,646
03/31/2011,7,637
03/31/2011,10,633.5
03/31/2011,13,630
03/31/2011,16,640
03/31/2011,19,644
03/31/2011,22,644
04/01/2011,1,640
04/01/2011,4,637
04/01/2011,7,635
04/01/2011,10,634
04/01/2011,13,631
04/01/2011,16,626
04/01/2011,19,632
04/01/2011,22,638.5
04/02/2011,1,645
04/02/2011,4,648.5
04/02/2011,7,642
04/02/2011,10,633.5
04/02/2011,13,630
04/02/2011,16,637
04/02/2011,19,648
04/02/2011,22,654.5
04/03/2011,1,660
04/03/2011,4,660
04/03/2011,7,655
04/03/2011,10,646
04/03/2011,13,635
04/03/2011,16,627.5
04/03/2011,19,622
04/03/2011,22,628
04/04/2011,1,633
04/04/2011,4,631.5
04/04/2011,7,621
04/04/2011,10,613
04/04/2011,13,606
04/04/2011,16,599.5
04/04/2011,19,594
04/04/2011,22,587
04/05/2011,1,578
04/05/2011,4,558.5
04/05/2011,7,547
04/05/2011,10,550
04/05/2011,13,569
04/05/2011,16,594
04/05/2011,19,615
04/05/2011,22,620.5
04/06/2011,1,621
04/06/2011,4,611.5
04/06/2011,7,606
04/06/2011,10,611.5
04/06/2011,13,625
04/06/2011,16,636
04/06/2011,19,642
04/06/2011,22,643.5
04/07/2011,1,642
04/07/2011,4,638
04/07/2011,7,636
04/07/2011,10,634
04/07/2011,13,636
04/07/2011,16,645
04/07/2011,19,650
04/07/2011,22,653
04/08/2011,1,657
04/08/2011,4,659.5
04/08/2011,7,664
04/08/2011,10,658.5
04/08/2011,13,651
04/08/2011,16,645.5
04/08/2011,19,646
04/08/2011,22,651
04/09/2011,1,650
04/09/2011,4,645
04/09/2011,7,640
04/09/2011,10,638
04/09/2011,13,640
04/09/2011,16,650
04/09/2011,19,660
04/09/2011,22,662.5
04/10/2011,1,661
04/10/2011,4,659
04/10/2011,7,658
04/10/2011,10,652.5
04/10/2011,13,653
04/10/2011,16,660
04/10/2011,19,664
04/10/2011,22,668.5
04/11/2011,1,666
04/11/2011,4,657.5
04/11/2011,7,650
04/11/2011,10,639.5
04/11/2011,13,635
04/11/2011,16,630
04/11/2011,19,627
04/11/2011,22,624.5
04/12/2011,1,623
04/12/2011,4,625.5
04/12/2011,7,627
04/12/2011,10,626
04/12/2011,13,630
04/12/2011,16,637
04/12/2011,19,642
04/12/2011,22,649
04/13/2011,1,645
04/13/2011,4,635
04/13/2011,7,625
04/13/2011,10,614
04/13/2011,13,607
04/13/2011,16,599
04/13/2011,19,592
04/13/2011,22,585
04/14/2011,1,580
04/14/2011,4,578
04/14/2011,7,577
04/14/2011,10,588
04/14/2011,13,605
04/14/2011,16,623.5
04/14/2011,19,645
04/14/2011,22,654
04/15/2011,1,650
04/15/2011,4,640.3333333
04/15/2011,7,621.6666667
04/15/2011,10,622.6666667
04/15/2011,13,643.3333333
04/15/2011,16,682.3333333
04/15/2011,19,719.6666667
04/15/2011,22,738.25
04/16/2011,1,741
04/16/2011,4,737
04/16/2011,7,731
04/16/2011,10,718.5
04/16/2011,13,712
04/16/2011,16,727.5
04/16/2011,19,738
04/16/2011,22,741
04/17/2011,1,742
04/17/2011,4,743
04/17/2011,7,744
04/17/2011,10,732
04/17/2011,13,720
04/17/2011,16,717
04/17/2011,19,735
04/17/2011,22,746
04/18/2011,1,742
04/18/2011,4,728
04/18/2011,7,713
04/18/2011,10,687.5
04/18/2011,13,664
04/18/2011,16,664
04/18/2011,19,677
04/18/2011,22,691.5
04/19/2011,1,701
04/19/2011,4,703
04/19/2011,7,699
04/19/2011,10,691
04/19/2011,13,690
04/19/2011,16,712
04/19/2011,19,732
04/19/2011,22,743.5
04/20/2011,1,751
04/20/2011,4,753
04/20/2011,7,750
04/20/2011,10,744.5
04/20/2011,13,738
04/20/2011,16,735
04/20/2011,19,730
04/20/2011,22,734.5
04/21/2011,1,742
04/21/2011,4,745
04/21/2011,7,740
04/21/2011,10,742.5
04/21/2011,13,749
04/21/2011,16,757
04/21/2011,19,764
04/21/2011,22,767
04/22/2011,1,765
04/22/2011,4,756.5
04/22/2011,7,748
04/22/2011,10,732.5
04/22/2011,13,720
04/22/2011,16,713.5
04/22/2011,19,718
04/22/2011,22,720
04/23/2011,1,717
04/23/2011,4,709
04/23/2011,7,698
04/23/2011,10,706
04/23/2011,13,719
04/23/2011,16,739
04/23/2011,19,755
04/23/2011,22,760.5
04/24/2011,1,760
04/24/2011,4,747.5
04/24/2011,7,732
04/24/2011,10,718.5
04/24/2011,13,711
04/24/2011,16,708
04/24/2011,19,720
04/24/2011,22,737.5
04/25/2011,1,741
04/25/2011,4,731
04/25/2011,7,721
04/25/2011,10,710
04/25/2011,13,706
04/25/2011,16,712
04/25/2011,19,720
04/25/2011,22,725.5
04/26/2011,1,722
04/26/2011,4,715
04/26/2011,7,708
04/26/2011,10,696
04/26/2011,13,692
04/26/2011,16,709
04/26/2011,19,728
04/26/2011,22,742
04/27/2011,1,752
04/27/2011,4,754
04/27/2011,7,744
04/27/2011,10,722
04/27/2011,13,702
04/27/2011,16,708
04/27/2011,19,729
04/27/2011,22,741
04/28/2011,1,748
04/28/2011,4,747.5
04/28/2011,7,741
04/28/2011,10,727.5
04/28/2011,13,724
04/28/2011,16,742.5
04/28/2011,19,759
04/28/2011,22,765.5
04/29/2011,1,771
04/29/2011,4,777
04/29/2011,7,782
04/29/2011,10,787
04/29/2011,13,787
04/29/2011,16,796
04/29/2011,19,813
04/29/2011,22,825.5
04/30/2011,1,816
04/30/2011,4,792.5
04/30/2011,7,774
04/30/2011,10,754
04/30/2011,13,740
04/30/2011,16,750
04/30/2011,19,760
04/30/2011,22,751.5
05/01/2011,1,735
05/01/2011,4,724
05/01/2011,7,713
05/01/2011,10,696
05/01/2011,13,683
05/01/2011,16,671
05/01/2011,19,660
05/01/2011,22,649.5
05/02/2011,1,642
05/02/2011,4,654.5
05/02/2011,7,666
05/02/2011,10,650.5
05/02/2011,13,636
05/02/2011,16,630
05/02/2011,19,643
05/02/2011,22,656.5
05/03/2011,1,662
05/03/2011,4,666.5
05/03/2011,7,670
05/03/2011,10,672
05/03/2011,13,667
05/03/2011,16,653
05/03/2011,19,647
05/03/2011,22,648.5
05/04/2011,1,663
05/04/2011,4,683
05/04/2011,7,678
05/04/2011,10,683
05/04/2011,13,708
05/04/2011,16,735
05/04/2011,19,754
05/04/2011,22,766.5
05/05/2011,1,772
05/05/2011,4,773.5
05/05/2011,7,774
05/05/2011,10,780
05/05/2011,13,793
05/05/2011,16,805
05/05/2011,19,812
05/05/2011,22,811.5
05/06/2011,1,808
05/06/2011,4,807
05/06/2011,7,806
05/06/2011,10,819
05/06/2011,13,829
05/06/2011,16,836
05/06/2011,19,843
05/06/2011,22,849.5
05/07/2011,1,854
05/07/2011,4,838.5
05/07/2011,7,825
05/07/2011,10,818
05/07/2011,13,811
05/07/2011,16,818
05/07/2011,19,821
05/07/2011,22,820
05/08/2011,1,812
05/08/2011,4,802.5
05/08/2011,7,794
05/08/2011,10,793
05/08/2011,13,792
05/08/2011,16,796
05/08/2011,19,801
05/08/2011,22,796
05/09/2011,1,791
05/09/2011,4,782
05/09/2011,7,775
05/09/2011,10,779
05/09/2011,13,790
05/09/2011,16,799
05/09/2011,19,806
05/09/2011,22,802.5
05/10/2011,1,797
05/10/2011,4,782.5
05/10/2011,7,777
05/10/2011,10,785.5
05/10/2011,13,798
05/10/2011,16,806
05/10/2011,19,812
05/10/2011,22,806.5
05/11/2011,1,798
05/11/2011,4,786
05/11/2011,7,773
05/11/2011,10,771
05/11/2011,13,770
05/11/2011,16,777.5
05/11/2011,19,783
05/11/2011,22,779
05/12/2011,1,776
05/12/2011,4,770
05/12/2011,7,764
05/12/2011,10,761
05/12/2011,13,765
05/12/2011,16,782
05/12/2011,19,795
05/12/2011,22,803
05/13/2011,1,813
05/13/2011,4,808
05/13/2011,7,804
05/13/2011,10,803.5
05/13/2011,13,801
05/13/2011,16,793.5
05/13/2011,19,790
05/13/2011,22,784.5
05/14/2011,1,781
05/14/2011,4,781
05/14/2011,7,783
05/14/2011,10,783
05/14/2011,13,783
05/14/2011,16,789.5
05/14/2011,19,799
05/14/2011,22,805.5
05/15/2011,1,810
05/15/2011,4,810.5
05/15/2011,7,813
05/15/2011,10,808
05/15/2011,13,803
05/15/2011,16,797.5
05/15/2011,19,792
05/15/2011,22,792
05/16/2011,1,797
05/16/2011,4,801
05/16/2011,7,802
05/16/2011,10,796.5
05/16/2011,13,790
05/16/2011,16,799.5
05/16/2011,19,809
05/16/2011,22,812
05/17/2011,1,819
05/17/2011,4,855
05/17/2011,7,905
05/17/2011,10,961
05/17/2011,13,982.6666667
05/17/2011,16,990.6666667
05/17/2011,19,988.6666667
05/17/2011,22,977.75
05/18/2011,1,966
05/18/2011,4,960.5
05/18/2011,7,957
05/18/2011,10,960
05/18/2011,13,963
05/18/2011,16,970
05/18/2011,19,973
05/18/2011,22,967.5
05/19/2011,1,959
05/19/2011,4,955
05/19/2011,7,952
05/19/2011,10,945
05/19/2011,13,938
05/19/2011,16,933
05/19/2011,19,930
05/19/2011,22,917.5
05/20/2011,1,906
05/20/2011,4,893
05/20/2011,7,880
05/20/2011,10,865
05/20/2011,13,853
05/20/2011,16,847
05/20/2011,19,847
05/20/2011,22,849.5
05/21/2011,1,853
05/21/2011,4,856.5
05/21/2011,7,857
05/21/2011,10,864.5
05/21/2011,13,871
05/21/2011,16,877
05/21/2011,19,879
05/21/2011,22,873.5
05/22/2011,1,867
05/22/2011,4,866
05/22/2011,7,870
05/22/2011,10,877
05/22/2011,13,881
05/22/2011,16,880.5
05/22/2011,19,876
05/22/2011,22,867
05/23/2011,1,857
05/23/2011,4,846
05/23/2011,7,835
05/23/2011,10,830
05/23/2011,13,827
05/23/2011,16,834
05/23/2011,19,840
05/23/2011,22,846
05/24/2011,1,849
05/24/2011,4,856.5
05/24/2011,7,863
05/24/2011,10,881.5
05/24/2011,13,894
05/24/2011,16,904.5
05/24/2011,19,911
05/24/2011,22,908
05/25/2011,1,903
05/25/2011,4,904.5
05/25/2011,7,910
05/25/2011,10,913
05/25/2011,13,913
05/25/2011,16,909.5
05/25/2011,19,910
05/25/2011,22,913
05/26/2011,1,915
05/26/2011,4,918
05/26/2011,7,924
05/26/2011,10,932
05/26/2011,13,936
05/26/2011,16,935
05/26/2011,19,931
05/26/2011,22,923
05/27/2011,1,916
05/27/2011,4,913.5
05/27/2011,7,917
05/27/2011,10,927.5
05/27/2011,13,932
05/27/2011,16,931
05/27/2011,19,930
05/27/2011,22,926.5
05/28/2011,1,921
05/28/2011,4,922
05/28/2011,7,925
05/28/2011,10,931
05/28/2011,13,932
05/28/2011,16,931
05/28/2011,19,925
05/28/2011,22,917.5
05/29/2011,1,910
05/29/2011,4,900.5
05/29/2011,7,890
05/29/2011,10,889.5
05/29/2011,13,887
05/29/2011,16,879
05/29/2011,19,869
05/29/2011,22,852.5
05/30/2011,1,837
05/30/2011,4,824
05/30/2011,7,812
05/30/2011,10,800.5
05/30/2011,13,793
05/30/2011,16,797.5
05/30/2011,19,800
05/30/2011,22,797
05/31/2011,1,792
05/31/2011,4,789.5
05/31/2011,7,789
05/31/2011,10,795.5
05/31/2011,13,802
05/31/2011,16,807
05/31/2011,19,808
05/31/2011,22,806.5
06/01/2011,1,804
06/01/2011,4,805.5
06/01/2011,7,809
06/01/2011,10,822.5
06/01/2011,13,833
06/01/2011,16,843.5
06/01/2011,19,850
06/01/2011,22,849
06/02/2011,1,837
06/02/2011,4,832
06/02/2011,7,829
06/02/2011,10,836.5
06/02/2011,13,854
06/02/2011,16,864.5
06/02/2011,19,868
06/02/2011,22,864
06/03/2011,1,856
06/03/2011,4,848.5
06/03/2011,7,843
06/03/2011,10,838
06/03/2011,13,834
06/03/2011,16,832.5
06/03/2011,19,832
06/03/2011,22,829
06/04/2011,1,827
06/04/2011,4,837.5
06/04/2011,7,850
06/04/2011,10,869
06/04/2011,13,885
06/04/2011,16,891.5
06/04/2011,19,895
06/04/2011,22,887.5
06/05/2011,1,880
06/05/2011,4,870
06/05/2011,7,860
06/05/2011,10,856.5
06/05/2011,13,851
06/05/2011,16,863.5
06/05/2011,19,871
06/05/2011,22,862.5
06/06/2011,1,857
06/06/2011,4,846.5
06/06/2011,7,834
06/06/2011,10,816.5
06/06/2011,13,795
06/06/2011,16,785
06/06/2011,19,779
06/06/2011,22,772
06/07/2011,1,766
06/07/2011,4,762.5
06/07/2011,7,759
06/07/2011,10,760
06/07/2011,13,765
06/07/2011,16,776.5
06/07/2011,19,792
06/07/2011,22,802
06/08/2011,1,797
06/08/2011,4,783.5
06/08/2011,7,772
06/08/2011,10,766.5
06/08/2011,13,772
06/08/2011,16,797.5
06/08/2011,19,817
06/08/2011,22,826
06/09/2011,1,832
06/09/2011,4,832.5
06/09/2011,7,833
06/09/2011,10,840.5
06/09/2011,13,845
06/09/2011,16,844
06/09/2011,19,843
06/09/2011,22,842
06/10/2011,1,838
06/10/2011,4,832.5
06/10/2011,7,828
06/10/2011,10,829
06/10/2011,13,832
06/10/2011,16,846
06/10/2011,19,853
06/10/2011,22,851
06/11/2011,1,847
06/11/2011,4,842
06/11/2011,7,836
06/11/2011,10,845.5
06/11/2011,13,860
06/11/2011,16,876
06/11/2011,19,890
06/11/2011,22,895.5
06/12/2011,1,899
06/12/2011,4,911
06/12/2011,7,926
06/12/2011,10,929
06/12/2011,13,934
06/12/2011,16,915
06/12/2011,19,904
06/12/2011,22,890.5
06/13/2011,1,880
06/13/2011,4,882
06/13/2011,7,888
06/13/2011,10,896
06/13/2011,13,903
06/13/2011,16,910.5
06/13/2011,19,920
06/13/2011,22,939
06/14/2011,1,956
06/14/2011,4,961.5
06/14/2011,7,964
06/14/2011,10,974.5
06/14/2011,13,990
06/14/2011,16,998
06/14/2011,19,995
06/14/2011,22,993
06/15/2011,1,1001
06/15/2011,4,1020
06/15/2011,7,1036
06/15/2011,10,1047.5
06/15/2011,13,1050
06/15/2011,16,1044.5
06/15/2011,19,1038
06/15/2011,22,1030
06/16/2011,1,1022
06/16/2011,4,1014
06/16/2011,7,1010
06/16/2011,10,1006
06/16/2011,13,1002
06/16/2011,16,998
06/16/2011,19,996
06/16/2011,22,993.5
06/17/2011,1,992
06/17/2011,4,990.5
06/17/2011,7,990
06/17/2011,10,986.5
06/17/2011,13,973
06/17/2011,16,974
06/17/2011,19,983
06/17/2011,22,1004
06/18/2011,1,1025
06/18/2011,4,1042.5
06/18/2011,7,1055
06/18/2011,10,1052.5
06/18/2011,13,1040
06/18/2011,16,1029.5
06/18/2011,19,1018
06/18/2011,22,1009
06/19/2011,1,1004
06/19/2011,4,1008
06/19/2011,7,1015
06/19/2011,10,1018
06/19/2011,13,1018
06/19/2011,16,1020
06/19/2011,19,1024
06/19/2011,22,1013.5
06/20/2011,1,1005
06/20/2011,4,982.5
06/20/2011,7,963
06/20/2011,10,966.5
06/20/2011,13,976
06/20/2011,16,979
06/20/2011,19,979
06/20/2011,22,974
06/21/2011,1,972
06/21/2011,4,979
06/21/2011,7,990
06/21/2011,10,1004.5
06/21/2011,13,1012
06/21/2011,16,1007
06/21/2011,19,1001
06/21/2011,22,997
06/22/2011,1,993
06/22/2011,4,1018
06/22/2011,7,1047
06/22/2011,10,1054
06/22/2011,13,1051
06/22/2011,16,1034
06/22/2011,19,1015
06/22/2011,22,994
06/23/2011,1,977
06/23/2011,4,973
06/23/2011,7,972
06/23/2011,10,972
06/23/2011,13,969
06/23/2011,16,960
06/23/2011,19,951
06/23/2011,22,942.5
06/24/2011,1,937
06/24/2011,4,935.5
06/24/2011,7,935
06/24/2011,10,940
06/24/2011,13,944
06/24/2011,16,942.5
06/24/2011,19,936
06/24/2011,22,929
06/25/2011,1,926
06/25/2011,4,926
06/25/2011,7,924
06/25/2011,10,932.5
06/25/2011,13,938
06/25/2011,16,937.5
06/25/2011,19,936
06/25/2011,22,930
06/26/2011,1,926
06/26/2011,4,931.5
06/26/2011,7,936
06/26/2011,10,946
06/26/2011,13,954
06/26/2011,16,963
06/26/2011,19,972
06/26/2011,22,986
06/27/2011,1,997
06/27/2011,4,1004
06/27/2011,7,1011
06/27/2011,10,1018
06/27/2011,13,1022
06/27/2011,16,1033
06/27/2011,19,1041
06/27/2011,22,1052.5
06/28/2011,1,1063
06/28/2011,4,1065.5
06/28/2011,7,1062
06/28/2011,10,1050
06/28/2011,13,1039
06/28/2011,16,1026
06/28/2011,19,1018
06/28/2011,22,1012
06/29/2011,1,1007
06/29/2011,4,1003
06/29/2011,7,1001
06/29/2011,10,998
06/29/2011,13,996
06/29/2011,16,995
06/29/2011,19,995
06/29/2011,22,996.5
06/30/2011,1,999
06/30/2011,4,994
06/30/2011,7,990
06/30/2011,10,983
06/30/2011,13,977
06/30/2011,16,970.5
06/30/2011,19,967
06/30/2011,22,964
07/01/2011,1,961
07/01/2011,4,960
07/01/2011,7,962
07/01/2011,10,963
07/01/2011,13,960
07/01/2011,16,956
07/01/2011,19,957
07/01/2011,22,963.5
07/02/2011,1,971
07/02/2011,4,986
07/02/2011,7,994
07/02/2011,10,1003.5
07/02/2011,13,1010
07/02/2011,16,1023.5
07/02/2011,19,1040
07/02/2011,22,1059.5
07/03/2011,1,1081
07/03/2011,4,1110.333333
07/03/2011,7,1144
07/03/2011,10,1163.666667
07/03/2011,13,1173
07/03/2011,16,1176.666667
07/03/2011,19,1176.666667
07/03/2011,22,1174.5
07/04/2011,1,1173
07/04/2011,4,1168
07/04/2011,7,1160
07/04/2011,10,1139.5
07/04/2011,13,1125
07/04/2011,16,1123
07/04/2011,19,1128
07/04/2011,22,1136
07/05/2011,1,1140
07/05/2011,4,1131
07/05/2011,7,1121
07/05/2011,10,1110.5
07/05/2011,13,1099
07/05/2011,16,1103.5
07/05/2011,19,1111
07/05/2011,22,1114
07/06/2011,1,1116
07/06/2011,4,1117.5
07/06/2011,7,1118
07/06/2011,10,1101
07/06/2011,13,1084
07/06/2011,16,1091.5
07/06/2011,19,1098
07/06/2011,22,1104
07/07/2011,1,1108
07/07/2011,4,1102.5
07/07/2011,7,1097
07/07/2011,10,1078.5
07/07/2011,13,1064
07/07/2011,16,1068
07/07/2011,19,1070
07/07/2011,22,1071
07/08/2011,1,1072
07/08/2011,4,1065.5
07/08/2011,7,1058
07/08/2011,10,1041
07/08/2011,13,1028
07/08/2011,16,1040
07/08/2011,19,1051
07/08/2011,22,1061.5
07/09/2011,1,1069
07/09/2011,4,1070.5
07/09/2011,7,1071
07/09/2011,10,1055
07/09/2011,13,1043
07/09/2011,16,1048
07/09/2011,19,1054
07/09/2011,22,1062
07/10/2011,1,1070
07/10/2011,4,1065
07/10/2011,7,1060
07/10/2011,10,1048
07/10/2011,13,1035
07/10/2011,16,1031.5
07/10/2011,19,1028
07/10/2011,22,1019
07/11/2011,1,1010
07/11/2011,4,1019
07/11/2011,7,1030
07/11/2011,10,1032
07/11/2011,13,1037
07/11/2011,16,1041
07/11/2011,19,1042
07/11/2011,22,1039
07/12/2011,1,1041
07/12/2011,4,1048.5
07/12/2011,7,1050
07/12/2011,10,1048
07/12/2011,13,1044
07/12/2011,16,1049.5
07/12/2011,19,1058
07/12/2011,22,1059.5
07/13/2011,1,1061
07/13/2011,4,1063
07/13/2011,7,1061
07/13/2011,10,1056.5
07/13/2011,13,1055
07/13/2011,16,1055
07/13/2011,19,1052
07/13/2011,22,1058.5
07/14/2011,1,1067
07/14/2011,4,1069.5
07/14/2011,7,1068
07/14/2011,10,1060
07/14/2011,13,1054
07/14/2011,16,1045.5
07/14/2011,19,1034
07/14/2011,22,1025.5
07/15/2011,1,1017
07/15/2011,4,1001.5
07/15/2011,7,986
07/15/2011,10,978.5
07/15/2011,13,975
07/15/2011,16,978
07/15/2011,19,981
07/15/2011,22,977
07/16/2011,1,973
07/16/2011,4,976.5
07/16/2011,7,983
07/16/2011,10,984
07/16/2011,13,985
07/16/2011,16,980.5
07/16/2011,19,976
07/16/2011,22,971.5
07/17/2011,1,967
07/17/2011,4,967
07/17/2011,7,967
07/17/2011,10,964
07/17/2011,13,960
07/17/2011,16,958.5
07/17/2011,19,957
07/17/2011,22,955
07/18/2011,1,954
07/18/2011,4,962
07/18/2011,7,970
07/18/2011,10,978.5
07/18/2011,13,990
07/18/2011,16,997
07/18/2011,19,1007
07/18/2011,22,1013.5
07/19/2011,1,1017
07/19/2011,4,1012
07/19/2011,7,1004
07/19/2011,10,988
07/19/2011,13,971
07/19/2011,16,970.5
07/19/2011,19,969
07/19/2011,22,963.5
07/20/2011,1,955
07/20/2011,4,947.5
07/20/2011,7,941
07/20/2011,10,935
07/20/2011,13,932
07/20/2011,16,929.5
07/20/2011,19,934
07/20/2011,22,946.5
07/21/2011,1,950
07/21/2011,4,951
07/21/2011,7,962
07/21/2011,10,964
07/21/2011,13,963
07/21/2011,16,970.5
07/21/2011,19,978
07/21/2011,22,977
07/22/2011,1,973
07/22/2011,4,968
07/22/2011,7,963
07/22/2011,10,957
07/22/2011,13,954
07/22/2011,16,953
07/22/2011,19,952
07/22/2011,22,954
07/23/2011,1,958
07/23/2011,4,954
07/23/2011,7,948
07/23/2011,10,944
07/23/2011,13,940
07/23/2011,16,944.5
07/23/2011,19,950
07/23/2011,22,955
07/24/2011,1,959
07/24/2011,4,964
07/24/2011,7,968
07/24/2011,10,995.5
07/24/2011,13,1018
07/24/2011,16,1032.5
07/24/2011,19,1039
07/24/2011,22,1039
07/25/2011,1,1039
07/25/2011,4,1032
07/25/2011,7,1026
07/25/2011,10,1023
07/25/2011,13,1020
07/25/2011,16,1021.5
07/25/2011,19,1025
07/25/2011,22,1025
07/26/2011,1,1025
07/26/2011,4,1020.5
07/26/2011,7,1016
07/26/2011,10,1011.5
07/26/2011,13,1008
07/26/2011,16,1020
07/26/2011,19,1027
07/26/2011,22,1025.5
07/27/2011,1,1019
07/27/2011,4,1012
07/27/2011,7,1007
07/27/2011,10,1002.5
07/27/2011,13,999
07/27/2011,16,1002.5
07/27/2011,19,1009
07/27/2011,22,1010
07/28/2011,1,1009
07/28/2011,4,1009.5
07/28/2011,7,1012
07/28/2011,10,1010.5
07/28/2011,13,1004
07/28/2011,16,1012
07/28/2011,19,1022
07/28/2011,22,1021
07/29/2011,1,1018
07/29/2011,4,1018
07/29/2011,7,1020
07/29/2011,10,1020
07/29/2011,13,1016
07/29/2011,16,1021
07/29/2011,19,1023
07/29/2011,22,1019
07/30/2011,1,1018
07/30/2011,4,1010
07/30/2011,7,1003
07/30/2011,10,988
07/30/2011,13,975
07/30/2011,16,968.5
07/30/2011,19,964
07/30/2011,22,961
07/31/2011,1,959
07/31/2011,4,942
07/31/2011,7,922
07/31/2011,10,906
07/31/2011,13,890
07/31/2011,16,881.5
07/31/2011,19,873
07/31/2011,22,868.5
08/01/2011,1,865
08/01/2011,4,870
08/01/2011,7,875
08/01/2011,10,879
08/01/2011,13,881
08/01/2011,16,889.5
08/01/2011,19,903
08/01/2011,22,915.5
08/02/2011,1,927
08/02/2011,4,942
08/02/2011,7,958
08/02/2011,10,962
08/02/2011,13,966
08/02/2011,16,974
08/02/2011,19,978
08/02/2011,22,983
08/03/2011,1,989
08/03/2011,4,987
08/03/2011,7,980
08/03/2011,10,974
08/03/2011,13,963
08/03/2011,16,963
08/03/2011,19,966
08/03/2011,22,964.5
08/04/2011,1,959
08/04/2011,4,952
08/04/2011,7,947
08/04/2011,10,938
08/04/2011,13,930
08/04/2011,16,923
08/04/2011,19,918
08/04/2011,22,916.5
08/05/2011,1,916
08/05/2011,4,915.5
08/05/2011,7,915
08/05/2011,10,911
08/05/2011,13,903
08/05/2011,16,898
08/05/2011,19,895
08/05/2011,22,892.5
08/06/2011,1,891
08/06/2011,4,890.5
08/06/2011,7,888
08/06/2011,10,890
08/06/2011,13,896
08/06/2011,16,892.5
08/06/2011,19,891
08/06/2011,22,891
08/07/2011,1,889
08/07/2011,4,897
08/07/2011,7,907
08/07/2011,10,907
08/07/2011,13,904
08/07/2011,16,896
08/07/2011,19,889
08/07/2011,22,882
08/08/2011,1,878
08/08/2011,4,878
08/08/2011,7,878
08/08/2011,10,872
08/08/2011,13,864
08/08/2011,16,875
08/08/2011,19,881
08/08/2011,22,887
08/09/2011,1,902
08/09/2011,4,917
08/09/2011,7,923
08/09/2011,10,927
08/09/2011,13,925
08/09/2011,16,929.5
08/09/2011,19,932
08/09/2011,22,934
08/10/2011,1,936
08/10/2011,4,930.5
08/10/2011,7,922
08/10/2011,10,920
08/10/2011,13,925
08/10/2011,16,937
08/10/2011,19,954
08/10/2011,22,957
08/11/2011,1,952
08/11/2011,4,945
08/11/2011,7,938
08/11/2011,10,926.5
08/11/2011,13,915
08/11/2011,16,909.5
08/11/2011,19,901
08/11/2011,22,900
08/12/2011,1,899
08/12/2011,4,900
08/12/2011,7,904
08/12/2011,10,903
08/12/2011,13,899
08/12/2011,16,897.5
08/12/2011,19,896
08/12/2011,22,894.5
08/13/2011,1,893
08/13/2011,4,893
08/13/2011,7,893
08/13/2011,10,890
08/13/2011,13,887
08/13/2011,16,875
08/13/2011,19,864
08/13/2011,22,859
08/14/2011,1,856
08/14/2011,4,856
08/14/2011,7,856
08/14/2011,10,855
08/14/2011,13,852
08/14/2011,16,848.5
08/14/2011,19,845
08/14/2011,22,842
08/15/2011,1,840
08/15/2011,4,835
08/15/2011,7,830
08/15/2011,10,823.5
08/15/2011,13,814
08/15/2011,16,813
08/15/2011,19,810
08/15/2011,22,820
08/16/2011,1,831
08/16/2011,4,838
08/16/2011,7,845
08/16/2011,10,858
08/16/2011,13,873
08/16/2011,16,883.5
08/16/2011,19,892
08/16/2011,22,894.5
08/17/2011,1,891
08/17/2011,4,890
08/17/2011,7,890
08/17/2011,10,890
08/17/2011,13,892
08/17/2011,16,895
08/17/2011,19,899
08/17/2011,22,902.5
08/18/2011,1,905
08/18/2011,4,900
08/18/2011,7,893
08/18/2011,10,879
08/18/2011,13,868
08/18/2011,16,860
08/18/2011,19,855
08/18/2011,22,852.5
08/19/2011,1,852
08/19/2011,4,852
08/19/2011,7,850
08/19/2011,10,849.5
08/19/2011,13,848
08/19/2011,16,846
08/19/2011,19,850
08/19/2011,22,852.5
08/20/2011,1,854
08/20/2011,4,851
08/20/2011,7,850
08/20/2011,10,849
08/20/2011,13,846
08/20/2011,16,844.5
08/20/2011,19,842
08/20/2011,22,840.5
08/21/2011,1,839
08/21/2011,4,845.5
08/21/2011,7,853
08/21/2011,10,851.5
08/21/2011,13,848
08/21/2011,16,848
08/21/2011,19,848
08/21/2011,22,849
08/22/2011,1,852
08/22/2011,4,852
08/22/2011,7,852
08/22/2011,10,849
08/22/2011,13,846
08/22/2011,16,846.5
08/22/2011,19,849
08/22/2011,22,849
08/23/2011,1,849
08/23/2011,4,849
08/23/2011,7,849
08/23/2011,10,849
08/23/2011,13,849
08/23/2011,16,858.5
08/23/2011,19,870
08/23/2011,22,868
08/24/2011,1,865
08/24/2011,4,869.5
08/24/2011,7,875
08/24/2011,10,886
08/24/2011,13,907
08/24/2011,16,934
08/24/2011,19,966
08/24/2011,22,988.5
08/25/2011,1,997
08/25/2011,4,997.5
08/25/2011,7,991
08/25/2011,10,979.5
08/25/2011,13,969
08/25/2011,16,962
08/25/2011,19,956
08/25/2011,22,948
08/26/2011,1,940
08/26/2011,4,932
08/26/2011,7,923
08/26/2011,10,917
08/26/2011,13,911
08/26/2011,16,911.5
08/26/2011,19,914
08/26/2011,22,917.5
08/27/2011,1,920
08/27/2011,4,909
08/27/2011,7,895
08/27/2011,10,867
08/27/2011,13,848
08/27/2011,16,843
08/27/2011,19,840
08/27/2011,22,840
08/28/2011,1,840
08/28/2011,4,833
08/28/2011,7,825
08/28/2011,10,815
08/28/2011,13,806
08/28/2011,16,779.5
08/28/2011,19,756
08/28/2011,22,747.5
08/29/2011,1,740
08/29/2011,4,732
08/29/2011,7,726
08/29/2011,10,716.5
08/29/2011,13,705
08/29/2011,16,695
08/29/2011,19,696
08/29/2011,22,716.5
08/30/2011,1,731
08/30/2011,4,740.5
08/30/2011,7,748
08/30/2011,10,751.5
08/30/2011,13,752
08/30/2011,16,762.5
08/30/2011,19,776
08/30/2011,22,792.5
08/31/2011,1,807
08/31/2011,4,821.5
08/31/2011,7,830
08/31/2011,10,838
08/31/2011,13,847
08/31/2011,16,853
08/31/2011,19,850
08/31/2011,22,848.5
09/01/2011,1,848
09/01/2011,4,848
09/01/2011,7,848
09/01/2011,10,850
09/01/2011,13,854
09/01/2011,16,863.5
09/01/2011,19,871
09/01/2011,22,867.5
09/02/2011,1,862
09/02/2011,4,857.5
09/02/2011,7,854
09/02/2011,10,851
09/02/2011,13,848
09/02/2011,16,837
09/02/2011,19,827
09/02/2011,22,823
09/03/2011,1,820
09/03/2011,4,794
09/03/2011,7,765
09/03/2011,10,745
09/03/2011,13,715
09/03/2011,16,702.5
09/03/2011,19,692
09/03/2011,22,695.5
09/04/2011,1,700
09/04/2011,4,697
09/04/2011,7,690
09/04/2011,10,682
09/04/2011,13,675
09/04/2011,16,670
09/04/2011,19,666
09/04/2011,22,663.5
09/05/2011,1,663
09/05/2011,4,665
09/05/2011,7,670
09/05/2011,10,680
09/05/2011,13,688
09/05/2011,16,709
09/05/2011,19,730
09/05/2011,22,746
09/06/2011,1,758
09/06/2011,4,780
09/06/2011,7,810
09/06/2011,10,826.5
09/06/2011,13,830
09/06/2011,16,848.5
09/06/2011,19,865
09/06/2011,22,869
09/07/2011,1,871
09/07/2011,4,861.5
09/07/2011,7,851
09/07/2011,10,823
09/07/2011,13,795
09/07/2011,16,789
09/07/2011,19,800
09/07/2011,22,805
09/08/2011,1,808
09/08/2011,4,804.5
09/08/2011,7,800
09/08/2011,10,790
09/08/2011,13,780
09/08/2011,16,787.5
09/08/2011,19,795
09/08/2011,22,810
09/09/2011,1,822
09/09/2011,4,826
09/09/2011,7,828
09/09/2011,10,824
09/09/2011,13,822
09/09/2011,16,824.5
09/09/2011,19,830
09/09/2011,22,832.5
09/10/2011,1,833
09/10/2011,4,839.5
09/10/2011,7,849
09/10/2011,10,850.5
09/10/2011,13,853
09/10/2011,16,859
09/10/2011,19,869
09/10/2011,22,875.5
09/11/2011,1,879
09/11/2011,4,869
09/11/2011,7,859
09/11/2011,10,837.5
09/11/2011,13,815
09/11/2011,16,806.5
09/11/2011,19,800
09/11/2011,22,796
09/12/2011,1,794
09/12/2011,4,787.5
09/12/2011,7,781
09/12/2011,10,781
09/12/2011,13,781
09/12/2011,16,779.5
09/12/2011,19,777
09/12/2011,22,777
09/13/2011,1,783
09/13/2011,4,789
09/13/2011,7,795
09/13/2011,10,803
09/13/2011,13,806
09/13/2011,16,807
09/13/2011,19,810
09/13/2011,22,817
09/14/2011,1,822
09/14/2011,4,830
09/14/2011,7,840
09/14/2011,10,848
09/14/2011,13,853
09/14/2011,16,851
09/14/2011,19,847
09/14/2011,22,849
09/15/2011,1,856
09/15/2011,4,859.5
09/15/2011,7,863
09/15/2011,10,857
09/15/2011,13,848
09/15/2011,16,848.5
09/15/2011,19,851
09/15/2011,22,862.5
09/16/2011,1,871
09/16/2011,4,867.5
09/16/2011,7,865
09/16/2011,10,853
09/16/2011,13,845
09/16/2011,16,847
09/16/2011,19,848
09/16/2011,22,851
09/17/2011,1,857
09/17/2011,4,853
09/17/2011,7,847
09/17/2011,10,833
09/17/2011,13,820
09/17/2011,16,810.5
09/17/2011,19,798
09/17/2011,22,791.5
09/18/2011,1,788
09/18/2011,4,791
09/18/2011,7,792
09/18/2011,10,792
09/18/2011,13,790
09/18/2011,16,772.5
09/18/2011,19,740
09/18/2011,22,725
09/19/2011,1,710
09/19/2011,4,708
09/19/2011,7,711
09/19/2011,10,715
09/19/2011,13,716
09/19/2011,16,700.5
09/19/2011,19,686
09/19/2011,22,689.5
09/20/2011,1,701
09/20/2011,4,721
09/20/2011,7,746
09/20/2011,10,770
09/20/2011,13,787
09/20/2011,16,813
09/20/2011,19,841
09/20/2011,22,868
09/21/2011,1,895
09/21/2011,4,923.6666667
09/21/2011,7,967.3333333
09/21/2011,10,987
09/21/2011,13,994
09/21/2011,16,991
09/21/2011,19,983
09/21/2011,22,968.25
09/22/2011,1,953
09/22/2011,4,940.5
09/22/2011,7,929
09/22/2011,10,917
09/22/2011,13,907
09/22/2011,16,902.5
09/22/2011,19,906
09/22/2011,22,908.5
09/23/2011,1,909
09/23/2011,4,899
09/23/2011,7,885
09/23/2011,10,868
09/23/2011,13,851
09/23/2011,16,843
09/23/2011,19,838
09/23/2011,22,834
09/24/2011,1,830
09/24/2011,4,825.5
09/24/2011,7,820
09/24/2011,10,800
09/24/2011,13,789
09/24/2011,16,776.5
09/24/2011,19,768
09/24/2011,22,762
09/25/2011,1,756
09/25/2011,4,753
09/25/2011,7,750
09/25/2011,10,746.5
09/25/2011,13,743
09/25/2011,16,736.5
09/25/2011,19,730
09/25/2011,22,726
09/26/2011,1,724
09/26/2011,4,727.5
09/26/2011,7,732
09/26/2011,10,731
09/26/2011,13,727
09/26/2011,16,731
09/26/2011,19,738
09/26/2011,22,745
09/27/2011,1,754
09/27/2011,4,747.5
09/27/2011,7,742
09/27/2011,10,732
09/27/2011,13,722
09/27/2011,16,729
09/27/2011,19,740
09/27/2011,22,748
09/28/2011,1,754
09/28/2011,4,761.5
09/28/2011,7,770
09/28/2011,10,758.5
09/28/2011,13,745
09/28/2011,16,740
09/28/2011,19,737
09/28/2011,22,733.5
09/29/2011,1,730
09/29/2011,4,737
09/29/2011,7,748
09/29/2011,10,743
09/29/2011,13,728
09/29/2011,16,735.5
09/29/2011,19,745
09/29/2011,22,757.5
09/30/2011,1,767
09/30/2011,4,759
09/30/2011,7,750
09/30/2011,10,734.5
09/30/2011,13,718
09/30/2011,16,730
09/30/2011,19,742
09/30/2011,22,749
10/01/2011,1,754
10/01/2011,4,749.5
10/01/2011,7,744
10/01/2011,10,729.5
10/01/2011,13,717
10/01/2011,16,716.5
10/01/2011,19,720
10/01/2011,22,723
10/02/2011,1,724
10/02/2011,4,727
10/02/2011,7,730
10/02/2011,10,724
10/02/2011,13,716
10/02/2011,16,708
10/02/2011,19,700
10/02/2011,22,697
10/03/2011,1,695
10/03/2011,4,704.5
10/03/2011,7,714
10/03/2011,10,715
10/03/2011,13,709
10/03/2011,16,703.5
10/03/2011,19,699
10/03/2011,22,696
10/04/2011,1,693
10/04/2011,4,707.5
10/04/2011,7,725
10/04/2011,10,714
10/04/2011,13,704
10/04/2011,16,698
10/04/2011,19,696
10/04/2011,22,704
10/05/2011,1,716
10/05/2011,4,719
10/05/2011,7,715
10/05/2011,10,702
10/05/2011,13,686
10/05/2011,16,692
10/05/2011,19,698
10/05/2011,22,704.5
10/06/2011,1,719
10/06/2011,4,715
10/06/2011,7,710
10/06/2011,10,700.5
10/06/2011,13,692
10/06/2011,16,690.5
10/06/2011,19,690
10/06/2011,22,693
10/07/2011,1,695
10/07/2011,4,705.5
10/07/2011,7,717
10/07/2011,10,713
10/07/2011,13,702
10/07/2011,16,709
10/07/2011,19,715
10/07/2011,22,717
10/08/2011,1,720
10/08/2011,4,727
10/08/2011,7,734
10/08/2011,10,729
10/08/2011,13,722
10/08/2011,16,731.5
10/08/2011,19,738
10/08/2011,22,741.5
10/09/2011,1,745
10/09/2011,4,753
10/09/2011,7,761
10/09/2011,10,748
10/09/2011,13,735
10/09/2011,16,728.5
10/09/2011,19,722
10/09/2011,22,725
10/10/2011,1,729
10/10/2011,4,729
10/10/2011,7,725
10/10/2011,10,713.5
10/10/2011,13,703
10/10/2011,16,703.5
10/10/2011,19,713
10/10/2011,22,717.5
10/11/2011,1,722
10/11/2011,4,723.5
10/11/2011,7,719
10/11/2011,10,707.5
10/11/2011,13,697
10/11/2011,16,710
10/11/2011,19,733
10/11/2011,22,748.5
10/12/2011,1,759
10/12/2011,4,751.5
10/12/2011,7,732
10/12/2011,10,715
10/12/2011,13,696
10/12/2011,16,682
10/12/2011,19,679
10/12/2011,22,689
10/13/2011,1,702
10/13/2011,4,701
10/13/2011,7,690
10/13/2011,10,675
10/13/2011,13,664
10/13/2011,16,661
10/13/2011,19,658
10/13/2011,22,664.5
10/14/2011,1,668
10/14/2011,4,679
10/14/2011,7,690
10/14/2011,10,680
10/14/2011,13,673
10/14/2011,16,675
10/14/2011,19,685
10/14/2011,22,693
10/15/2011,1,700
10/15/2011,4,717
10/15/2011,7,732
10/15/2011,10,753
10/15/2011,13,750
10/15/2011,16,747.5
10/15/2011,19,760
10/15/2011,22,772.5
10/16/2011,1,780
10/16/2011,4,776
10/16/2011,7,771
10/16/2011,10,752.5
10/16/2011,13,733
10/16/2011,16,723
10/16/2011,19,716
10/16/2011,22,708.5
10/17/2011,1,703
10/17/2011,4,689.5
10/17/2011,7,679
10/17/2011,10,672.5
10/17/2011,13,664
10/17/2011,16,662
10/17/2011,19,671
10/17/2011,22,678
10/18/2011,1,694
10/18/2011,4,699.5
10/18/2011,7,697
10/18/2011,10,689
10/18/2011,13,688
10/18/2011,16,701
10/18/2011,19,720
10/18/2011,22,725
10/19/2011,1,731
10/19/2011,4,719.5
10/19/2011,7,701
10/19/2011,10,681
10/19/2011,13,666
10/19/2011,16,678.5
10/19/2011,19,693
10/19/2011,22,699.5
10/20/2011,1,704
10/20/2011,4,705
10/20/2011,7,695
10/20/2011,10,676.5
10/20/2011,13,659
10/20/2011,16,654
10/20/2011,19,653
10/20/2011,22,657
10/21/2011,1,662
10/21/2011,4,665.5
10/21/2011,7,660
10/21/2011,10,645.5
10/21/2011,13,635
10/21/2011,16,645
10/21/2011,19,668
10/21/2011,22,684
10/22/2011,1,694
10/22/2011,4,682
10/22/2011,7,660
10/22/2011,10,654
10/22/2011,13,650
10/22/2011,16,650
10/22/2011,19,658
10/22/2011,22,680
10/23/2011,1,700
10/23/2011,4,690
10/23/2011,7,670
10/23/2011,10,654
10/23/2011,13,646
10/23/2011,16,641.5
10/23/2011,19,640
10/23/2011,22,647.5
10/24/2011,1,660
10/24/2011,4,655
10/24/2011,7,648
10/24/2011,10,643.5
10/24/2011,13,640
10/24/2011,16,636
10/24/2011,19,633
10/24/2011,22,643.5
10/25/2011,1,656
10/25/2011,4,665.5
10/25/2011,7,666
10/25/2011,10,655
10/25/2011,13,642
10/25/2011,16,650
10/25/2011,19,661
10/25/2011,22,675
10/26/2011,1,688
10/26/2011,4,678
10/26/2011,7,668
10/26/2011,10,662
10/26/2011,13,653
10/26/2011,16,646.5
10/26/2011,19,641
10/26/2011,22,649.5
10/27/2011,1,658
10/27/2011,4,663
10/27/2011,7,660
10/27/2011,10,646
10/27/2011,13,634
10/27/2011,16,638
10/27/2011,19,660
10/27/2011,22,686.5
10/28/2011,1,711
10/28/2011,4,710.5
10/28/2011,7,694
10/28/2011,10,686.5
10/28/2011,13,680
10/28/2011,16,695
10/28/2011,19,713
10/28/2011,22,717
10/29/2011,1,720
10/29/2011,4,723.5
10/29/2011,7,723
10/29/2011,10,729
10/29/2011,13,742
10/29/2011,16,754
10/29/2011,19,765
10/29/2011,22,771
10/30/2011,1,775
10/30/2011,4,785
10/30/2011,7,795
10/30/2011,10,794
10/30/2011,13,790
10/30/2011,16,783
10/30/2011,19,776
10/30/2011,22,773
10/31/2011,1,769
10/31/2011,4,768
10/31/2011,7,768
10/31/2011,10,768
10/31/2011,13,767
10/31/2011,16,756.5
10/31/2011,19,748
10/31/2011,22,744.5
11/01/2011,1,749
11/01/2011,4,766.5
11/01/2011,7,773
11/01/2011,10,779.5
11/01/2011,13,785
11/01/2011,16,782
11/01/2011,19,779
11/01/2011,22,775.5
11/02/2011,1,776
11/02/2011,4,785.5
11/02/2011,7,795
11/02/2011,10,785.5
11/02/2011,13,772
11/02/2011,16,763
11/02/2011,19,758
11/02/2011,22,758.5
11/03/2011,1,762
11/03/2011,4,769
11/03/2011,7,766
11/03/2011,10,758.5
11/03/2011,13,745
11/03/2011,16,726.5
11/03/2011,19,717
11/03/2011,22,714
11/04/2011,1,718
11/04/2011,4,724
11/04/2011,7,721
11/04/2011,10,714.5
11/04/2011,13,703
11/04/2011,16,689
11/04/2011,19,680
11/04/2011,22,692
11/05/2011,1,705
11/05/2011,4,707.5
11/05/2011,7,697
11/05/2011,10,690
11/05/2011,13,686
11/05/2011,16,680.5
11/05/2011,19,676
11/05/2011,22,688
11/06/2011,1,707
11/06/2011,4,716
11/06/2011,7,706
11/06/2011,10,704.5
11/06/2011,13,696
11/06/2011,16,688.5
11/06/2011,19,684
11/06/2011,22,693.5
11/07/2011,1,704
11/07/2011,4,707
11/07/2011,7,695
11/07/2011,10,690
11/07/2011,13,687
11/07/2011,16,680
11/07/2011,19,685
11/07/2011,22,692
11/08/2011,1,700
11/08/2011,4,710.5
11/08/2011,7,710
11/08/2011,10,700
11/08/2011,13,686
11/08/2011,16,678.5
11/08/2011,19,675
11/08/2011,22,679
11/09/2011,1,686
11/09/2011,4,694
11/09/2011,7,690
11/09/2011,10,682
11/09/2011,13,670
11/09/2011,16,660.5
11/09/2011,19,655
11/09/2011,22,654
11/10/2011,1,659
11/10/2011,4,663
11/10/2011,7,668
11/10/2011,10,660.5
11/10/2011,13,656
11/10/2011,16,652
11/10/2011,19,649
11/10/2011,22,654
11/11/2011,1,661
11/11/2011,4,668
11/11/2011,7,667
11/11/2011,10,665
11/11/2011,13,658
11/11/2011,16,650
11/11/2011,19,645
11/11/2011,22,643.5
11/12/2011,1,647
11/12/2011,4,649
11/12/2011,7,645
11/12/2011,10,637.5
11/12/2011,13,631
11/12/2011,16,623
11/12/2011,19,615
11/12/2011,22,623
11/13/2011,1,632
11/13/2011,4,647
11/13/2011,7,660
11/13/2011,10,650.5
11/13/2011,13,643
11/13/2011,16,637
11/13/2011,19,630
11/13/2011,22,637
11/14/2011,1,648
11/14/2011,4,658
11/14/2011,7,656
11/14/2011,10,648
11/14/2011,13,641
11/14/2011,16,636
11/14/2011,19,631
11/14/2011,22,637.5
11/15/2011,1,649
11/15/2011,4,660
11/15/2011,7,659
11/15/2011,10,648.5
11/15/2011,13,637
11/15/2011,16,628.5
11/15/2011,19,621
11/15/2011,22,627
11/16/2011,1,633
11/16/2011,4,635.5
11/16/2011,7,629
11/16/2011,10,619.5
11/16/2011,13,613
11/16/2011,16,609.5
11/16/2011,19,606
11/16/2011,22,616
11/17/2011,1,631
11/17/2011,4,648
11/17/2011,7,647
11/17/2011,10,638
11/17/2011,13,633
11/17/2011,16,629.5
11/17/2011,19,626
11/17/2011,22,633
11/18/2011,1,645
11/18/2011,4,660.5
11/18/2011,7,658
11/18/2011,10,650
11/18/2011,13,645
11/18/2011,16,655.5
11/18/2011,19,670
11/18/2011,22,677
11/19/2011,1,681
11/19/2011,4,674
11/19/2011,7,666
11/19/2011,10,652
11/19/2011,13,640
11/19/2011,16,647
11/19/2011,19,660
11/19/2011,22,671
11/20/2011,1,680
11/20/2011,4,672
11/20/2011,7,661
11/20/2011,10,652
11/20/2011,13,642
11/20/2011,16,634
11/20/2011,19,630
11/20/2011,22,643
11/21/2011,1,656
11/21/2011,4,648.5
11/21/2011,7,635
11/21/2011,10,627
11/21/2011,13,619
11/21/2011,16,613
11/21/2011,19,609
11/21/2011,22,606.5
11/22/2011,1,605
11/22/2011,4,603
11/22/2011,7,600
11/22/2011,10,585.5
11/22/2011,13,568
11/22/2011,16,557.5
11/22/2011,19,551
11/22/2011,22,567
11/23/2011,1,584
11/23/2011,4,606.5
11/23/2011,7,627
11/23/2011,10,643.5
11/23/2011,13,635
11/23/2011,16,631
11/23/2011,19,627
11/23/2011,22,635
11/24/2011,1,649
11/24/2011,4,665
11/24/2011,7,675
11/24/2011,10,662
11/24/2011,13,650
11/24/2011,16,657.5
11/24/2011,19,665
11/24/2011,22,673
11/25/2011,1,682
11/25/2011,4,688
11/25/2011,7,685
11/25/2011,10,679.5
11/25/2011,13,676
11/25/2011,16,678
11/25/2011,19,684
11/25/2011,22,689
11/26/2011,1,693
11/26/2011,4,698
11/26/2011,7,695
11/26/2011,10,680
11/26/2011,13,663
11/26/2011,16,650
11/26/2011,19,643
11/26/2011,22,636.5
11/27/2011,1,631
11/27/2011,4,622.5
11/27/2011,7,616
11/27/2011,10,602
11/27/2011,13,592
11/27/2011,16,584.5
11/27/2011,19,576
11/27/2011,22,572.5
11/28/2011,1,575
11/28/2011,4,583
11/28/2011,7,592
11/28/2011,10,591.5
11/28/2011,13,574
11/28/2011,16,559
11/28/2011,19,557
11/28/2011,22,564
11/29/2011,1,580
11/29/2011,4,600
11/29/2011,7,615
11/29/2011,10,627.5
11/29/2011,13,627
11/29/2011,16,624
11/29/2011,19,623
11/29/2011,22,646.5
11/30/2011,1,662
11/30/2011,4,668
11/30/2011,7,672
11/30/2011,10,660.5
11/30/2011,13,645
11/30/2011,16,634.5
11/30/2011,19,640
11/30/2011,22,652
12/01/2011,1,665
12/01/2011,4,676
12/01/2011,7,687
12/01/2011,10,686.5
12/01/2011,13,678
12/01/2011,16,686.5
12/01/2011,19,705
12/01/2011,22,718
12/02/2011,1,725
12/02/2011,4,730.5
12/02/2011,7,735
12/02/2011,10,738
12/02/2011,13,749
12/02/2011,16,765
12/02/2011,19,776
12/02/2011,22,779.5
12/03/2011,1,783
12/03/2011,4,777.5
12/03/2011,7,771
12/03/2011,10,770
12/03/2011,13,769
12/03/2011,16,774
12/03/2011,19,781
12/03/2011,22,773
12/04/2011,1,763
12/04/2011,4,747.5
12/04/2011,7,735
12/04/2011,10,721
12/04/2011,13,706
12/04/2011,16,702.5
12/04/2011,19,710
12/04/2011,22,712
12/05/2011,1,707
12/05/2011,4,699
12/05/2011,7,688
12/05/2011,10,671.5
12/05/2011,13,658
12/05/2011,16,643
12/05/2011,19,632
12/05/2011,22,637
12/06/2011,1,642
12/06/2011,4,642
12/06/2011,7,636
12/06/2011,10,627.5
12/06/2011,13,620
12/06/2011,16,620
12/06/2011,19,628
12/06/2011,22,635
12/07/2011,1,640
12/07/2011,4,645.5
12/07/2011,7,641
12/07/2011,10,637
12/07/2011,13,636
12/07/2011,16,639.5
12/07/2011,19,643
12/07/2011,22,645.5
12/08/2011,1,643
12/08/2011,4,637
12/08/2011,7,632
12/08/2011,10,624
12/08/2011,13,617
12/08/2011,16,606
12/08/2011,19,598
12/08/2011,22,592.5
12/09/2011,1,595
12/09/2011,4,604.5
12/09/2011,7,610
12/09/2011,10,604
12/09/2011,13,596
12/09/2011,16,591
12/09/2011,19,590
12/09/2011,22,593
12/10/2011,1,596
12/10/2011,4,600
12/10/2011,7,605
12/10/2011,10,600.5
12/10/2011,13,595
12/10/2011,16,590.5
12/10/2011,19,588
12/10/2011,22,594.5
12/11/2011,1,604
12/11/2011,4,612.5
12/11/2011,7,618
12/11/2011,10,614.5
12/11/2011,13,609
12/11/2011,16,602
12/11/2011,19,595
12/11/2011,22,594.5
12/12/2011,1,601
12/12/2011,4,605.5
12/12/2011,7,599
12/12/2011,10,592
12/12/2011,13,585
12/12/2011,16,574
12/12/2011,19,569
12/12/2011,22,574.5
12/13/2011,1,581
12/13/2011,4,592
12/13/2011,7,597
12/13/2011,10,591.5
12/13/2011,13,584
12/13/2011,16,584
12/13/2011,19,590
12/13/2011,22,599
12/14/2011,1,607
12/14/2011,4,616
12/14/2011,7,615
12/14/2011,10,611
12/14/2011,13,607
12/14/2011,16,603
12/14/2011,19,597
12/14/2011,22,593
12/15/2011,1,595
12/15/2011,4,600
12/15/2011,7,603
12/15/2011,10,598.5
12/15/2011,13,593
12/15/2011,16,588
12/15/2011,19,585
12/15/2011,22,583
12/16/2011,1,588
12/16/2011,4,595
12/16/2011,7,595
12/16/2011,10,591.5
12/16/2011,13,588
12/16/2011,16,595
12/16/2011,19,605
12/16/2011,22,613.5
12/17/2011,1,620
12/17/2011,4,628
12/17/2011,7,626
12/17/2011,10,616
12/17/2011,13,609
12/17/2011,16,602.5
12/17/2011,19,594
12/17/2011,22,601
12/18/2011,1,613
12/18/2011,4,625.5
12/18/2011,7,633
12/18/2011,10,622.5
12/18/2011,13,617
12/18/2011,16,613
12/18/2011,19,610
12/18/2011,22,616
12/19/2011,1,626
12/19/2011,4,631
12/19/2011,7,627
12/19/2011,10,620
12/19/2011,13,613
12/19/2011,16,607.5
12/19/2011,19,612
12/19/2011,22,616
12/20/2011,1,619
12/20/2011,4,623.5
12/20/2011,7,621
12/20/2011,10,616
12/20/2011,13,611
12/20/2011,16,611.5
12/20/2011,19,620
12/20/2011,22,625
12/21/2011,1,630
12/21/2011,4,635.5
12/21/2011,7,640
12/21/2011,10,632.5
12/21/2011,13,626
12/21/2011,16,635.5
12/21/2011,19,645
12/21/2011,22,652
12/22/2011,1,658
12/22/2011,4,652
12/22/2011,7,646
12/22/2011,10,626
12/22/2011,13,610
12/22/2011,16,609
12/22/2011,19,623
12/22/2011,22,630
12/23/2011,1,637
12/23/2011,4,640
12/23/2011,7,634
12/23/2011,10,616.5
12/23/2011,13,605
12/23/2011,16,604.5
12/23/2011,19,616
12/23/2011,22,622.5
12/24/2011,1,629
12/24/2011,4,633
12/24/2011,7,628
12/24/2011,10,610.5
12/24/2011,13,600
12/24/2011,16,599
12/24/2011,19,608
12/24/2011,22,612.5
12/25/2011,1,618
12/25/2011,4,622.5
12/25/2011,7,626
12/25/2011,10,608
12/25/2011,13,590
12/25/2011,16,583
12/25/2011,19,578
12/25/2011,22,581.5
12/26/2011,1,588
12/26/2011,4,595.5
12/26/2011,7,600
12/26/2011,10,587.5
12/26/2011,13,579
12/26/2011,16,587
12/26/2011,19,595
12/26/2011,22,600.5
12/27/2011,1,606
12/27/2011,4,611
12/27/2011,7,610
12/27/2011,10,594
12/27/2011,13,580
12/27/2011,16,590
12/27/2011,19,603
12/27/2011,22,611
12/28/2011,1,620
12/28/2011,4,629.5
12/28/2011,7,636
12/28/2011,10,616.5
12/28/2011,13,603
12/28/2011,16,602.5
12/28/2011,19,611
12/28/2011,22,618
12/29/2011,1,623
12/29/2011,4,630
12/29/2011,7,627
12/29/2011,10,612
12/29/2011,13,599
12/29/2011,16,599.5
12/29/2011,19,615
12/29/2011,22,623
12/30/2011,1,631
12/30/2011,4,636.5
12/30/2011,7,630
12/30/2011,10,616
12/30/2011,13,604
12/30/2011,16,604
12/30/2011,19,617
12/30/2011,22,625
12/31/2011,1,635
12/31/2011,4,640.5
12/31/2011,7,637
12/31/2011,10,621.5
12/31/2011,13,605
12/31/2011,16,597.5
12/31/2011,19,596
12/31/2011,22,594
01/01/2012,1,592
01/01/2012,4,589.5
01/01/2012,7,588
01/01/2012,10,585
01/01/2012,13,581
01/01/2012,16,577.5
01/01/2012,19,573
01/01/2012,22,571.5
01/02/2012,1,569
01/02/2012,4,567
01/02/2012,7,565
01/02/2012,10,563
01/02/2012,13,560
01/02/2012,16,555.5
01/02/2012,19,552
01/02/2012,22,551.5
01/03/2012,1,550
01/03/2012,4,549.5
01/03/2012,7,548
01/03/2012,10,546
01/03/2012,13,543
01/03/2012,16,543
01/03/2012,19,545
01/03/2012,22,548.5
01/04/2012,1,551
01/04/2012,4,549.5
01/04/2012,7,546
01/04/2012,10,542.5
01/04/2012,13,539
01/04/2012,16,538.5
01/04/2012,19,543
01/04/2012,22,548
01/05/2012,1,554
01/05/2012,4,561.5
01/05/2012,7,566
01/05/2012,10,568
01/05/2012,13,569
01/05/2012,16,570.5
01/05/2012,19,573
01/05/2012,22,569.5
01/06/2012,1,566
01/06/2012,4,571.5
01/06/2012,7,576
01/06/2012,10,574
01/06/2012,13,570
01/06/2012,16,566.5
01/06/2012,19,563
01/06/2012,22,569.5
01/07/2012,1,581
01/07/2012,4,592.5
01/07/2012,7,599
01/07/2012,10,595.5
01/07/2012,13,592
01/07/2012,16,600
01/07/2012,19,610
01/07/2012,22,617.5
01/08/2012,1,626
01/08/2012,4,632
01/08/2012,7,629
01/08/2012,10,620
01/08/2012,13,612
01/08/2012,16,608.5
01/08/2012,19,613
01/08/2012,22,618.5
01/09/2012,1,623
01/09/2012,4,624.5
01/09/2012,7,619
01/09/2012,10,612.5
01/09/2012,13,606
01/09/2012,16,600.5
01/09/2012,19,595
01/09/2012,22,599
01/10/2012,1,603
01/10/2012,4,606
01/10/2012,7,609
01/10/2012,10,600.5
01/10/2012,13,591
01/10/2012,16,578.5
01/10/2012,19,570
01/10/2012,22,576.5
01/11/2012,1,585
01/11/2012,4,593
01/11/2012,7,602
01/11/2012,10,594
01/11/2012,13,585
01/11/2012,16,575
01/11/2012,19,568
01/11/2012,22,567
01/12/2012,1,575
01/12/2012,4,586.5
01/12/2012,7,588
01/12/2012,10,580
01/12/2012,13,568
01/12/2012,16,558.5
01/12/2012,19,552
01/12/2012,22,555.5
01/13/2012,1,562
01/13/2012,4,574
01/13/2012,7,580
01/13/2012,10,574.5
01/13/2012,13,570
01/13/2012,16,561.5
01/13/2012,19,555
01/13/2012,22,553
01/14/2012,1,559
01/14/2012,4,569.5
01/14/2012,7,576
01/14/2012,10,569
01/14/2012,13,562
01/14/2012,16,563
01/14/2012,19,574
01/14/2012,22,597.5
01/15/2012,1,619
01/15/2012,4,627
01/15/2012,7,617
01/15/2012,10,612
01/15/2012,13,626
01/15/2012,16,653
01/15/2012,19,681
01/15/2012,22,704.5
01/16/2012,1,721
01/16/2012,4,729.5
01/16/2012,7,736
01/16/2012,10,759.5
01/16/2012,13,782
01/16/2012,16,800.5
01/16/2012,19,816
01/16/2012,22,828.5
01/17/2012,1,841
01/17/2012,4,852
01/17/2012,7,861
01/17/2012,10,870
01/17/2012,13,874
01/17/2012,16,874
01/17/2012,19,870
01/17/2012,22,867
01/18/2012,1,864
01/18/2012,4,860.5
01/18/2012,7,860
01/18/2012,10,867.5
01/18/2012,13,872
01/18/2012,16,874.5
01/18/2012,19,877
01/18/2012,22,880
01/19/2012,1,884
01/19/2012,4,883
01/19/2012,7,877
01/19/2012,10,876.5
01/19/2012,13,875
01/19/2012,16,875
01/19/2012,19,878
01/19/2012,22,881.5
01/20/2012,1,882
01/20/2012,4,880.5
01/20/2012,7,879
01/20/2012,10,873
01/20/2012,13,860
01/20/2012,16,845
01/20/2012,19,836
01/20/2012,22,819
01/21/2012,1,803
01/21/2012,4,781
01/21/2012,7,765
01/21/2012,10,759
01/21/2012,13,758
01/21/2012,16,761.5
01/21/2012,19,763
01/21/2012,22,756
01/22/2012,1,742
01/22/2012,4,730
01/22/2012,7,723
01/22/2012,10,713
01/22/2012,13,703
01/22/2012,16,696
01/22/2012,19,690
01/22/2012,22,685
01/23/2012,1,680
01/23/2012,4,674.5
01/23/2012,7,669
01/23/2012,10,659.5
01/23/2012,13,650
01/23/2012,16,637
01/23/2012,19,624
01/23/2012,22,616
01/24/2012,1,610
01/24/2012,4,602.5
01/24/2012,7,595
01/24/2012,10,588
01/24/2012,13,582
01/24/2012,16,575.5
01/24/2012,19,570
01/24/2012,22,567
01/25/2012,1,564
01/25/2012,4,562
01/25/2012,7,560
01/25/2012,10,558
01/25/2012,13,556
01/25/2012,16,554
01/25/2012,19,552
01/25/2012,22,552
01/26/2012,1,550
01/26/2012,4,548
01/26/2012,7,548
01/26/2012,10,546
01/26/2012,13,543
01/26/2012,16,539
01/26/2012,19,536
01/26/2012,22,532
01/27/2012,1,529
01/27/2012,4,527
01/27/2012,7,525
01/27/2012,10,522
01/27/2012,13,518
01/27/2012,16,517
01/27/2012,19,517
01/27/2012,22,520
01/28/2012,1,524
01/28/2012,4,526
01/28/2012,7,527
01/28/2012,10,529
01/28/2012,13,532
01/28/2012,16,534
01/28/2012,19,537
01/28/2012,22,543
01/29/2012,1,572
01/29/2012,4,600.3333333
01/29/2012,7,643.6666667
01/29/2012,10,667.6666667
01/29/2012,13,682
01/29/2012,16,693.3333333
01/29/2012,19,709.6666667
01/29/2012,22,740.25
01/30/2012,1,768
01/30/2012,4,785.5
01/30/2012,7,803
01/30/2012,10,817
01/30/2012,13,829
01/30/2012,16,839
01/30/2012,19,846
01/30/2012,22,851.5
01/31/2012,1,857
01/31/2012,4,861.5
01/31/2012,7,866
01/31/2012,10,868
01/31/2012,13,870
01/31/2012,16,872.5
01/31/2012,19,874
01/31/2012,22,875.5
02/01/2012,1,873
02/01/2012,4,866
02/01/2012,7,860
02/01/2012,10,863
02/01/2012,13,865
02/01/2012,16,868
02/01/2012,19,871
02/01/2012,22,873.5
02/02/2012,1,876
02/02/2012,4,881
02/02/2012,7,887
02/02/2012,10,889.5
02/02/2012,13,892
02/02/2012,16,893
02/02/2012,19,894
02/02/2012,22,891.5
02/03/2012,1,891
02/03/2012,4,891
02/03/2012,7,891
02/03/2012,10,892
02/03/2012,13,893
02/03/2012,16,894
02/03/2012,19,896
02/03/2012,22,895
02/04/2012,1,894
02/04/2012,4,893
02/04/2012,7,892
02/04/2012,10,891
02/04/2012,13,890
02/04/2012,16,889
02/04/2012,19,889
02/04/2012,22,889
02/05/2012,1,889
02/05/2012,4,889
02/05/2012,7,889
02/05/2012,10,890
02/05/2012,13,892
02/05/2012,16,893
02/05/2012,19,894
02/05/2012,22,895
02/06/2012,1,894
02/06/2012,4,892
02/06/2012,7,890
02/06/2012,10,889
02/06/2012,13,888
02/06/2012,16,887
02/06/2012,19,886
02/06/2012,22,885
02/07/2012,1,883
02/07/2012,4,882
02/07/2012,7,881
02/07/2012,10,880
02/07/2012,13,879
02/07/2012,16,877
02/07/2012,19,876
02/07/2012,22,875
02/08/2012,1,874
02/08/2012,4,873
02/08/2012,7,872
02/08/2012,10,872
02/08/2012,13,873
02/08/2012,16,876
02/08/2012,19,878
02/08/2012,22,879
02/09/2012,1,880
02/09/2012,4,883
02/09/2012,7,885
02/09/2012,10,888
02/09/2012,13,890
02/09/2012,16,892
02/09/2012,19,887
02/09/2012,22,876
02/10/2012,1,857
02/10/2012,4,826.5
02/10/2012,7,798
02/10/2012,10,770
02/10/2012,13,742
02/10/2012,16,718.5
02/10/2012,19,696
02/10/2012,22,673.5
02/11/2012,1,652
02/11/2012,4,630
02/11/2012,7,608
02/11/2012,10,590
02/11/2012,13,573
02/11/2012,16,557
02/11/2012,19,542
02/11/2012,22,534
02/12/2012,1,528
02/12/2012,4,524
02/12/2012,7,521
02/12/2012,10,520
02/12/2012,13,519
02/12/2012,16,518.5
02/12/2012,19,517
02/12/2012,22,515.5
02/13/2012,1,515
02/13/2012,4,515
02/13/2012,7,515
02/13/2012,10,514
02/13/2012,13,513
02/13/2012,16,511
02/13/2012,19,510
02/13/2012,22,510
02/14/2012,1,511
02/14/2012,4,512
02/14/2012,7,514
02/14/2012,10,515
02/14/2012,13,516
02/14/2012,16,515
02/14/2012,19,514
02/14/2012,22,513
02/15/2012,1,511
02/15/2012,4,510
02/15/2012,7,509
02/15/2012,10,507
02/15/2012,13,506
02/15/2012,16,504
02/15/2012,19,503
02/15/2012,22,501
02/16/2012,1,503
02/16/2012,4,505
02/16/2012,7,506
02/16/2012,10,504
02/16/2012,13,501
02/16/2012,16,500
02/16/2012,19,502
02/16/2012,22,506
02/17/2012,1,509
02/17/2012,4,513
02/17/2012,7,516
02/17/2012,10,512
02/17/2012,13,508
02/17/2012,16,506
02/17/2012,19,509
02/17/2012,22,513
02/18/2012,1,519
02/18/2012,4,529.5
02/18/2012,7,539
02/18/2012,10,541
02/18/2012,13,537
02/18/2012,16,534
02/18/2012,19,531
02/18/2012,22,530
02/19/2012,1,532
02/19/2012,4,535
02/19/2012,7,537
02/19/2012,10,534
02/19/2012,13,530
02/19/2012,16,525
02/19/2012,19,522
02/19/2012,22,519
02/20/2012,1,515
02/20/2012,4,511
02/20/2012,7,506
02/20/2012,10,500
02/20/2012,13,496
02/20/2012,16,495
02/20/2012,19,495
02/20/2012,22,499
02/21/2012,1,504
02/21/2012,4,512.5
02/21/2012,7,521
02/21/2012,10,531.5
02/21/2012,13,535
02/21/2012,16,529.5
02/21/2012,19,525
02/21/2012,22,521.5
02/22/2012,1,524
02/22/2012,4,532.5
02/22/2012,7,540
02/22/2012,10,533.5
02/22/2012,13,527
02/22/2012,16,524
02/22/2012,19,521
02/22/2012,22,527.5
02/23/2012,1,534
02/23/2012,4,542.5
02/23/2012,7,550
02/23/2012,10,544
02/23/2012,13,539
02/23/2012,16,533
02/23/2012,19,535
02/23/2012,22,539.5
02/24/2012,1,545
02/24/2012,4,551
02/24/2012,7,556
02/24/2012,10,543
02/24/2012,13,536
02/24/2012,16,533
02/24/2012,19,530
02/24/2012,22,538.5
02/25/2012,1,549
02/25/2012,4,561
02/25/2012,7,570
02/25/2012,10,563.5
02/25/2012,13,554
02/25/2012,16,545
02/25/2012,19,540
02/25/2012,22,540
02/26/2012,1,547
02/26/2012,4,551
02/26/2012,7,554
02/26/2012,10,548
02/26/2012,13,543
02/26/2012,16,538
02/26/2012,19,532
02/26/2012,22,528
02/27/2012,1,526
02/27/2012,4,525
02/27/2012,7,524
02/27/2012,10,522
02/27/2012,13,520
02/27/2012,16,518
02/27/2012,19,516
02/27/2012,22,519
02/28/2012,1,524
02/28/2012,4,530
02/28/2012,7,537
02/28/2012,10,538
02/28/2012,13,534
02/28/2012,16,531
02/28/2012,19,529
02/28/2012,22,534
02/29/2012,1,541
02/29/2012,4,555.5
02/29/2012,7,567
02/29/2012,10,557.5
02/29/2012,13,542
02/29/2012,16,533.5
02/29/2012,19,527
02/29/2012,22,526.5
03/01/2012,1,531
03/01/2012,4,535
03/01/2012,7,537
03/01/2012,10,532
03/01/2012,13,528
03/01/2012,16,530
03/01/2012,19,535
03/01/2012,22,542
03/02/2012,1,551
03/02/2012,4,565.5
03/02/2012,7,578
03/02/2012,10,566.5
03/02/2012,13,555
03/02/2012,16,544.5
03/02/2012,19,535
03/02/2012,22,538.5
03/03/2012,1,542
03/03/2012,4,544
03/03/2012,7,545
03/03/2012,10,543
03/03/2012,13,542
03/03/2012,16,544
03/03/2012,19,546
03/03/2012,22,554
03/04/2012,1,567
03/04/2012,4,590
03/04/2012,7,611
03/04/2012,10,600
03/04/2012,13,590
03/04/2012,16,584
03/04/2012,19,580
03/04/2012,22,579.5
03/05/2012,1,586
03/05/2012,4,592.5
03/05/2012,7,599
03/05/2012,10,582
03/05/2012,13,565
03/05/2012,16,551
03/05/2012,19,542
03/05/2012,22,556.5
03/06/2012,1,575
03/06/2012,4,593.5
03/06/2012,7,612
03/06/2012,10,600
03/06/2012,13,590
03/06/2012,16,583.5
03/06/2012,19,580
03/06/2012,22,578
03/07/2012,1,585
03/07/2012,4,608
03/07/2012,7,622
03/07/2012,10,615.5
03/07/2012,13,609
03/07/2012,16,603.5
03/07/2012,19,600
03/07/2012,22,613.5
03/08/2012,1,631
03/08/2012,4,649.5
03/08/2012,7,652
03/08/2012,10,648
03/08/2012,13,643
03/08/2012,16,633.5
03/08/2012,19,623
03/08/2012,22,629
03/09/2012,1,640
03/09/2012,4,649.5
03/09/2012,7,660
03/09/2012,10,651
03/09/2012,13,631
03/09/2012,16,618
03/09/2012,19,617
03/09/2012,22,627
03/10/2012,1,638
03/10/2012,4,649.5
03/10/2012,7,659
03/10/2012,10,643
03/10/2012,13,631
03/10/2012,16,639.5
03/10/2012,19,651
03/10/2012,22,659.5
03/11/2012,1,667
03/11/2012,4,676
03/11/2012,7,684
03/11/2012,10,691
03/11/2012,13,698
03/11/2012,16,705
03/11/2012,19,713
03/11/2012,22,721.5
03/12/2012,1,728
03/12/2012,4,718.5
03/12/2012,7,709
03/12/2012,10,692.5
03/12/2012,13,688
03/12/2012,16,693
03/12/2012,19,699
03/12/2012,22,706
03/13/2012,1,713
03/13/2012,4,708
03/13/2012,7,702
03/13/2012,10,690
03/13/2012,13,676
03/13/2012,16,688.5
03/13/2012,19,706
03/13/2012,22,718.5
03/14/2012,1,730
03/14/2012,4,723.5
03/14/2012,7,715
03/14/2012,10,702
03/14/2012,13,692
03/14/2012,16,708
03/14/2012,19,725
03/14/2012,22,735
03/15/2012,1,731
03/15/2012,4,722.5
03/15/2012,7,712
03/15/2012,10,694
03/15/2012,13,678
03/15/2012,16,696.5
03/15/2012,19,715
03/15/2012,22,726.5
03/16/2012,1,721
03/16/2012,4,702.5
03/16/2012,7,683
03/16/2012,10,661
03/16/2012,13,641
03/16/2012,16,623
03/16/2012,19,610
03/16/2012,22,603
03/17/2012,1,599
03/17/2012,4,597
03/17/2012,7,596
03/17/2012,10,590
03/17/2012,13,584
03/17/2012,16,579
03/17/2012,19,572
03/17/2012,22,565
03/18/2012,1,571
03/18/2012,4,571
03/18/2012,7,582
03/18/2012,10,578
03/18/2012,13,576
03/18/2012,16,573
03/18/2012,19,571
03/18/2012,22,568
03/19/2012,1,572
03/19/2012,4,580
03/19/2012,7,588
03/19/2012,10,592
03/19/2012,13,598
03/19/2012,16,600.5
03/19/2012,19,595
03/19/2012,22,592.5
03/20/2012,1,590
03/20/2012,4,589
03/20/2012,7,587
03/20/2012,10,579
03/20/2012,13,570
03/20/2012,16,562
03/20/2012,19,553
03/20/2012,22,546
03/21/2012,1,542
03/21/2012,4,539
03/21/2012,7,536
03/21/2012,10,530
03/21/2012,13,525
03/21/2012,16,519
03/21/2012,19,515
03/21/2012,22,513
03/22/2012,1,518
03/22/2012,4,524
03/22/2012,7,529
03/22/2012,10,526
03/22/2012,13,522
03/22/2012,16,518
03/22/2012,19,516
03/22/2012,22,519
03/23/2012,1,523
03/23/2012,4,528
03/23/2012,7,534
03/23/2012,10,530
03/23/2012,13,524
03/23/2012,16,517
03/23/2012,19,512
03/23/2012,22,521
03/24/2012,1,535
03/24/2012,4,558.5
03/24/2012,7,583
03/24/2012,10,586
03/24/2012,13,577
03/24/2012,16,573
03/24/2012,19,570
03/24/2012,22,580
03/25/2012,1,596
03/25/2012,4,609
03/25/2012,7,621
03/25/2012,10,610
03/25/2012,13,596
03/25/2012,16,583
03/25/2012,19,570
03/25/2012,22,564.5
03/26/2012,1,561
03/26/2012,4,558
03/26/2012,7,556
03/26/2012,10,554
03/26/2012,13,550
03/26/2012,16,559
03/26/2012,19,573
03/26/2012,22,585
03/27/2012,1,595
03/27/2012,4,606.5
03/27/2012,7,615
03/27/2012,10,608
03/27/2012,13,601
03/27/2012,16,612
03/27/2012,19,632
03/27/2012,22,650.5
03/28/2012,1,668
03/28/2012,4,680
03/28/2012,7,679
03/28/2012,10,678.5
03/28/2012,13,685
03/28/2012,16,695.5
03/28/2012,19,706
03/28/2012,22,720
03/29/2012,1,730
03/29/2012,4,721
03/29/2012,7,708
03/29/2012,10,693.5
03/29/2012,13,692
03/29/2012,16,700
03/29/2012,19,709
03/29/2012,22,721.5
03/30/2012,1,729
03/30/2012,4,719.5
03/30/2012,7,707
03/30/2012,10,692.5
03/30/2012,13,686
03/30/2012,16,694
03/30/2012,19,705
03/30/2012,22,712.5
03/31/2012,1,721
03/31/2012,4,712.5
03/31/2012,7,703
03/31/2012,10,683
03/31/2012,13,664
03/31/2012,16,654
03/31/2012,19,656
03/31/2012,22,661.5
04/01/2012,1,658
04/01/2012,4,645
04/01/2012,7,632
04/01/2012,10,615.5
04/01/2012,13,595
04/01/2012,16,580.5
04/01/2012,19,571
04/01/2012,22,567
04/02/2012,1,565
04/02/2012,4,565
04/02/2012,7,564
04/02/2012,10,561
04/02/2012,13,557
04/02/2012,16,554
04/02/2012,19,562
04/02/2012,22,567
04/03/2012,1,571
04/03/2012,4,577
04/03/2012,7,582
04/03/2012,10,590
04/03/2012,13,601
04/03/2012,16,613
04/03/2012,19,627
04/03/2012,22,639
04/04/2012,1,647
04/04/2012,4,656.5
04/04/2012,7,666
04/04/2012,10,654.5
04/04/2012,13,640
04/04/2012,16,660
04/04/2012,19,686
04/04/2012,22,703.5
04/05/2012,1,717
04/05/2012,4,706
04/05/2012,7,691
04/05/2012,10,674
04/05/2012,13,661
04/05/2012,16,656.5
04/05/2012,19,668
04/05/2012,22,683
04/06/2012,1,697
04/06/2012,4,690
04/06/2012,7,683
04/06/2012,10,671.5
04/06/2012,13,661
04/06/2012,16,679
04/06/2012,19,702
04/06/2012,22,719
04/07/2012,1,732
04/07/2012,4,718.5
04/07/2012,7,701
04/07/2012,10,690
04/07/2012,13,694
04/07/2012,16,713
04/07/2012,19,735
04/07/2012,22,751
04/08/2012,1,764
04/08/2012,4,752
04/08/2012,7,739
04/08/2012,10,728
04/08/2012,13,720
04/08/2012,16,718.5
04/08/2012,19,726
04/08/2012,22,731.5
04/09/2012,1,736
04/09/2012,4,719.5
04/09/2012,7,696
04/09/2012,10,681.5
04/09/2012,13,672
04/09/2012,16,669
04/09/2012,19,680
04/09/2012,22,690
04/10/2012,1,699
04/10/2012,4,693
04/10/2012,7,685
04/10/2012,10,680
04/10/2012,13,676
04/10/2012,16,683
04/10/2012,19,690
04/10/2012,22,697
04/11/2012,1,704
04/11/2012,4,706.5
04/11/2012,7,698
04/11/2012,10,698
04/11/2012,13,711
04/11/2012,16,725
04/11/2012,19,733
04/11/2012,22,738
04/12/2012,1,743
04/12/2012,4,730
04/12/2012,7,714
04/12/2012,10,708.5
04/12/2012,13,709
04/12/2012,16,716
04/12/2012,19,729
04/12/2012,22,735.5
04/13/2012,1,739
04/13/2012,4,734
04/13/2012,7,727
04/13/2012,10,729
04/13/2012,13,736
04/13/2012,16,741.5
04/13/2012,19,745
04/13/2012,22,750.5
04/14/2012,1,758
04/14/2012,4,753
04/14/2012,7,743
04/14/2012,10,739
04/14/2012,13,742
04/14/2012,16,748
04/14/2012,19,754
04/14/2012,22,760
04/15/2012,1,754
04/15/2012,4,735
04/15/2012,7,715
04/15/2012,10,705.5
04/15/2012,13,710
04/15/2012,16,724.5
04/15/2012,19,737
04/15/2012,22,745.5
04/16/2012,1,752
04/16/2012,4,742
04/16/2012,7,733
04/16/2012,10,726
04/16/2012,13,731
04/16/2012,16,739
04/16/2012,19,747
04/16/2012,22,752.5
04/17/2012,1,757
04/17/2012,4,748
04/17/2012,7,741
04/17/2012,10,733
04/17/2012,13,742
04/17/2012,16,762
04/17/2012,19,775
04/17/2012,22,783
04/18/2012,1,790
04/18/2012,4,786
04/18/2012,7,781
04/18/2012,10,776
04/18/2012,13,783
04/18/2012,16,789
04/18/2012,19,797
04/18/2012,22,800.5
04/19/2012,1,804
04/19/2012,4,794
04/19/2012,7,781
04/19/2012,10,768.5
04/19/2012,13,768
04/19/2012,16,772.5
04/19/2012,19,778
04/19/2012,22,785
04/20/2012,1,791
04/20/2012,4,786
04/20/2012,7,782
04/20/2012,10,777.5
04/20/2012,13,773
04/20/2012,16,766
04/20/2012,19,766
04/20/2012,22,770.5
04/21/2012,1,776
04/21/2012,4,779
04/21/2012,7,775
04/21/2012,10,772
04/21/2012,13,768
04/21/2012,16,765.5
04/21/2012,19,763
04/21/2012,22,765
04/22/2012,1,768
04/22/2012,4,769
04/22/2012,7,762
04/22/2012,10,762
04/22/2012,13,762
04/22/2012,16,764
04/22/2012,19,767
04/22/2012,22,771.5
04/23/2012,1,776
04/23/2012,4,776
04/23/2012,7,769
04/23/2012,10,755
04/23/2012,13,737
04/23/2012,16,742.5
04/23/2012,19,750
04/23/2012,22,757.5
04/24/2012,1,763
04/24/2012,4,764
04/24/2012,7,757
04/24/2012,10,766.5
04/24/2012,13,781
04/24/2012,16,789
04/24/2012,19,787
04/24/2012,22,782
04/25/2012,1,782
04/25/2012,4,788.5
04/25/2012,7,788
04/25/2012,10,776.5
04/25/2012,13,770
04/25/2012,16,766
04/25/2012,19,771
04/25/2012,22,766
04/26/2012,1,761
04/26/2012,4,754
04/26/2012,7,750
04/26/2012,10,740
04/26/2012,13,732
04/26/2012,16,741
04/26/2012,19,745
04/26/2012,22,745
04/27/2012,1,736
04/27/2012,4,722.5
04/27/2012,7,711
04/27/2012,10,702
04/27/2012,13,698
04/27/2012,16,704.5
04/27/2012,19,711
04/27/2012,22,715
04/28/2012,1,713
04/28/2012,4,706
04/28/2012,7,700
04/28/2012,10,696.5
04/28/2012,13,693
04/28/2012,16,699.5
04/28/2012,19,707
04/28/2012,22,713.5
04/29/2012,1,720
04/29/2012,4,721.5
04/29/2012,7,715
04/29/2012,10,711
04/29/2012,13,707
04/29/2012,16,712.5
04/29/2012,19,718
04/29/2012,22,726
04/30/2012,1,726
04/30/2012,4,721
04/30/2012,7,717
04/30/2012,10,708.5
04/30/2012,13,701
04/30/2012,16,698
04/30/2012,19,696
04/30/2012,22,695.5
05/01/2012,1,695
05/01/2012,4,693.5
05/01/2012,7,692
05/01/2012,10,686.5
05/01/2012,13,683
05/01/2012,16,678
05/01/2012,19,673
05/01/2012,22,670.5
05/02/2012,1,668
05/02/2012,4,670.5
05/02/2012,7,674
05/02/2012,10,673.5
05/02/2012,13,671
05/02/2012,16,667.5
05/02/2012,19,667
05/02/2012,22,669
05/03/2012,1,671
05/03/2012,4,674.5
05/03/2012,7,675
05/03/2012,10,677.5
05/03/2012,13,686
05/03/2012,16,705.5
05/03/2012,19,730
05/03/2012,22,740
05/04/2012,1,749
05/04/2012,4,757
05/04/2012,7,756
05/04/2012,10,755.5
05/04/2012,13,760
05/04/2012,16,764.5
05/04/2012,19,768
05/04/2012,22,767.5
05/05/2012,1,767
05/05/2012,4,766
05/05/2012,7,765
05/05/2012,10,778.5
05/05/2012,13,798
05/05/2012,16,811
05/05/2012,19,822
05/05/2012,22,831
05/06/2012,1,838
05/06/2012,4,838.5
05/06/2012,7,833
05/06/2012,10,826.5
05/06/2012,13,821
05/06/2012,16,819.5
05/06/2012,19,825
05/06/2012,22,828.5
05/07/2012,1,832
05/07/2012,4,822.5
05/07/2012,7,808
05/07/2012,10,799.5
05/07/2012,13,793
05/07/2012,16,780.5
05/07/2012,19,764
05/07/2012,22,764
05/08/2012,1,766
05/08/2012,4,767
05/08/2012,7,769
05/08/2012,10,776
05/08/2012,13,785
05/08/2012,16,800
05/08/2012,19,816
05/08/2012,22,828
05/09/2012,1,835
05/09/2012,4,831
05/09/2012,7,825
05/09/2012,10,815.5
05/09/2012,13,806
05/09/2012,16,811.5
05/09/2012,19,819
05/09/2012,22,824
05/10/2012,1,827
05/10/2012,4,822
05/10/2012,7,817
05/10/2012,10,810.5
05/10/2012,13,805
05/10/2012,16,816
05/10/2012,19,829
05/10/2012,22,844.5
05/11/2012,1,856
05/11/2012,4,848
05/11/2012,7,840
05/11/2012,10,832.5
05/11/2012,13,823
05/11/2012,16,832
05/11/2012,19,844
05/11/2012,22,857
05/12/2012,1,870
05/12/2012,4,858.5
05/12/2012,7,844
05/12/2012,10,839
05/12/2012,13,836
05/12/2012,16,836
05/12/2012,19,838
05/12/2012,22,848
05/13/2012,1,859
05/13/2012,4,848
05/13/2012,7,832
05/13/2012,10,820
05/13/2012,13,813
05/13/2012,16,809
05/13/2012,19,806
05/13/2012,22,803.5
05/14/2012,1,803
05/14/2012,4,800
05/14/2012,7,798
05/14/2012,10,794
05/14/2012,13,791
05/14/2012,16,797
05/14/2012,19,806
05/14/2012,22,813
05/15/2012,1,818
05/15/2012,4,821
05/15/2012,7,819
05/15/2012,10,812
05/15/2012,13,807
05/15/2012,16,813.5
05/15/2012,19,822
05/15/2012,22,829
05/16/2012,1,834
05/16/2012,4,836
05/16/2012,7,837
05/16/2012,10,843.5
05/16/2012,13,838
05/16/2012,16,832.5
05/16/2012,19,829
05/16/2012,22,820.5
05/17/2012,1,812
05/17/2012,4,805.5
05/17/2012,7,799
05/17/2012,10,793.5
05/17/2012,13,790
05/17/2012,16,776.5
05/17/2012,19,762
05/17/2012,22,784.5
05/18/2012,1,813
05/18/2012,4,818
05/18/2012,7,814
05/18/2012,10,813.5
05/18/2012,13,822
05/18/2012,16,830.5
05/18/2012,19,837
05/18/2012,22,840.5
05/19/2012,1,844
05/19/2012,4,829
05/19/2012,7,806
05/19/2012,10,809
05/19/2012,13,812
05/19/2012,16,815
05/19/2012,19,816
05/19/2012,22,816
05/20/2012,1,816
05/20/2012,4,808.5
05/20/2012,7,798
05/20/2012,10,797.5
05/20/2012,13,796
05/20/2012,16,810
05/20/2012,19,832
05/20/2012,22,842.5
05/21/2012,1,850
05/21/2012,4,863
05/21/2012,7,875
05/21/2012,10,879
05/21/2012,13,880
05/21/2012,16,888
05/21/2012,19,897
05/21/2012,22,902
05/22/2012,1,905
05/22/2012,4,919.5
05/22/2012,7,940
05/22/2012,10,947
05/22/2012,13,947
05/22/2012,16,950
05/22/2012,19,954
05/22/2012,22,959
05/23/2012,1,963
05/23/2012,4,957.5
05/23/2012,7,949
05/23/2012,10,938.5
05/23/2012,13,932
05/23/2012,16,928
05/23/2012,19,924
05/23/2012,22,917
05/24/2012,1,906
05/24/2012,4,897.5
05/24/2012,7,892
05/24/2012,10,888
05/24/2012,13,890
05/24/2012,16,891
05/24/2012,19,891
05/24/2012,22,892
05/25/2012,1,895
05/25/2012,4,914
05/25/2012,7,941
05/25/2012,10,945
05/25/2012,13,948
05/25/2012,16,962
05/25/2012,19,971
05/25/2012,22,988.5
05/26/2012,1,1002
05/26/2012,4,1026.666667
05/26/2012,7,1063.333333
05/26/2012,10,1093.333333
05/26/2012,13,1118.666667
05/26/2012,16,1141
05/26/2012,19,1157.333333
05/26/2012,22,1161.25
05/27/2012,1,1156
05/27/2012,4,1147.333333
05/27/2012,7,1133.666667
05/27/2012,10,1110
05/27/2012,13,1099
05/27/2012,16,1082
05/27/2012,19,1065.666667
05/27/2012,22,1044.5
05/28/2012,1,1029
05/28/2012,4,1025.5
05/28/2012,7,1022
05/28/2012,10,1017
05/28/2012,13,1009
05/28/2012,16,1013
05/28/2012,19,1015
05/28/2012,22,1020.5
05/29/2012,1,1026
05/29/2012,4,1022.5
05/29/2012,7,1016
05/29/2012,10,1001
05/29/2012,13,991
05/29/2012,16,989
05/29/2012,19,992
05/29/2012,22,992
05/30/2012,1,992
05/30/2012,4,992
05/30/2012,7,991
05/30/2012,10,982
05/30/2012,13,980
05/30/2012,16,993
05/30/2012,19,1010
05/30/2012,22,1028
05/31/2012,1,1047
05/31/2012,4,1073
05/31/2012,7,1085
05/31/2012,10,1080.5
05/31/2012,13,1077
05/31/2012,16,1074
05/31/2012,19,1072
05/31/2012,22,1068.5
06/01/2012,1,1064
06/01/2012,4,1048.5
06/01/2012,7,1033
06/01/2012,10,1015.5
06/01/2012,13,1003
06/01/2012,16,996
06/01/2012,19,986
06/01/2012,22,970.5
06/02/2012,1,958
06/02/2012,4,944
06/02/2012,7,929
06/02/2012,10,918.5
06/02/2012,13,910
06/02/2012,16,911
06/02/2012,19,914
06/02/2012,22,911.5
06/03/2012,1,904
06/03/2012,4,896
06/03/2012,7,889
06/03/2012,10,884.5
06/03/2012,13,884
06/03/2012,16,896.5
06/03/2012,19,905
06/03/2012,22,908
06/04/2012,1,910
06/04/2012,4,900
06/04/2012,7,889
06/04/2012,10,875
06/04/2012,13,867
06/04/2012,16,886.5
06/04/2012,19,902
06/04/2012,22,908.5
06/05/2012,1,912
06/05/2012,4,908
06/05/2012,7,904
06/05/2012,10,900
06/05/2012,13,901
06/05/2012,16,913.5
06/05/2012,19,925
06/05/2012,22,950
06/06/2012,1,1007
06/06/2012,4,1047.333333
06/06/2012,7,1099
06/06/2012,10,1123
06/06/2012,13,1128
06/06/2012,16,1126.666667
06/06/2012,19,1116.666667
06/06/2012,22,1089.25
06/07/2012,1,1065
06/07/2012,4,1039.5
06/07/2012,7,1018
06/07/2012,10,998
06/07/2012,13,980
06/07/2012,16,976
06/07/2012,19,974
06/07/2012,22,965
06/08/2012,1,954
06/08/2012,4,953.5
06/08/2012,7,953
06/08/2012,10,962
06/08/2012,13,971
06/08/2012,16,976
06/08/2012,19,979
06/08/2012,22,983
06/09/2012,1,987
06/09/2012,4,988.5
06/09/2012,7,990
06/09/2012,10,987.5
06/09/2012,13,987
06/09/2012,16,996.5
06/09/2012,19,1008
06/09/2012,22,1023.5
06/10/2012,1,1036
06/10/2012,4,1046
06/10/2012,7,1054
06/10/2012,10,1050.5
06/10/2012,13,1047
06/10/2012,16,1043.5
06/10/2012,19,1040
06/10/2012,22,1036
06/11/2012,1,1032
06/11/2012,4,1022
06/11/2012,7,1009
06/11/2012,10,993.5
06/11/2012,13,983
06/11/2012,16,976.5
06/11/2012,19,986
06/11/2012,22,988
06/12/2012,1,988
06/12/2012,4,978.5
06/12/2012,7,969
06/12/2012,10,960.5
06/12/2012,13,948
06/12/2012,16,952.5
06/12/2012,19,960
06/12/2012,22,964
06/13/2012,1,966
06/13/2012,4,959
06/13/2012,7,951
06/13/2012,10,943
06/13/2012,13,935
06/13/2012,16,941.5
06/13/2012,19,948
06/13/2012,22,952
06/14/2012,1,953
06/14/2012,4,954.5
06/14/2012,7,955
06/14/2012,10,948.5
06/14/2012,13,942
06/14/2012,16,950.5
06/14/2012,19,962
06/14/2012,22,972.5
06/15/2012,1,978
06/15/2012,4,978.5
06/15/2012,7,972
06/15/2012,10,961
06/15/2012,13,947
06/15/2012,16,951.5
06/15/2012,19,957
06/15/2012,22,961
06/16/2012,1,965
06/16/2012,4,965.5
06/16/2012,7,960
06/16/2012,10,952.5
06/16/2012,13,947
06/16/2012,16,946
06/16/2012,19,948
06/16/2012,22,949
06/17/2012,1,950
06/17/2012,4,946
06/17/2012,7,942
06/17/2012,10,936
06/17/2012,13,931
06/17/2012,16,930
06/17/2012,19,931
06/17/2012,22,932
06/18/2012,1,933
06/18/2012,4,928
06/18/2012,7,920
06/18/2012,10,907
06/18/2012,13,900
06/18/2012,16,896
06/18/2012,19,893
06/18/2012,22,892
06/19/2012,1,891
06/19/2012,4,896
06/19/2012,7,901
06/19/2012,10,900.5
06/19/2012,13,896
06/19/2012,16,892.5
06/19/2012,19,896
06/19/2012,22,898.5
06/20/2012,1,899
06/20/2012,4,900
06/20/2012,7,898
06/20/2012,10,891
06/20/2012,13,886
06/20/2012,16,883.5
06/20/2012,19,885
06/20/2012,22,890.5
06/21/2012,1,894
06/21/2012,4,894
06/21/2012,7,894
06/21/2012,10,886
06/21/2012,13,880
06/21/2012,16,873
06/21/2012,19,867
06/21/2012,22,867
06/22/2012,1,869
06/22/2012,4,867
06/22/2012,7,865
06/22/2012,10,864
06/22/2012,13,863
06/22/2012,16,862
06/22/2012,19,865
06/22/2012,22,870
06/23/2012,1,877
06/23/2012,4,881
06/23/2012,7,883
06/23/2012,10,883
06/23/2012,13,879
06/23/2012,16,882
06/23/2012,19,891
06/23/2012,22,899
06/24/2012,1,903
06/24/2012,4,903.5
06/24/2012,7,898
06/24/2012,10,891.5
06/24/2012,13,885
06/24/2012,16,878
06/24/2012,19,869
06/24/2012,22,854.5
06/25/2012,1,842
06/25/2012,4,836.5
06/25/2012,7,831
06/25/2012,10,831
06/25/2012,13,833
06/25/2012,16,859
06/25/2012,19,879
06/25/2012,22,878
06/26/2012,1,877
06/26/2012,4,888
06/26/2012,7,901
06/26/2012,10,906.5
06/26/2012,13,910
06/26/2012,16,916
06/26/2012,19,924
06/26/2012,22,929
06/27/2012,1,933
06/27/2012,4,922.5
06/27/2012,7,910
06/27/2012,10,917.5
06/27/2012,13,929
06/27/2012,16,932
06/27/2012,19,934
06/27/2012,22,934
06/28/2012,1,934
06/28/2012,4,939.5
06/28/2012,7,937
06/28/2012,10,929.5
06/28/2012,13,921
06/28/2012,16,924.5
06/28/2012,19,928
06/28/2012,22,930
06/29/2012,1,932
06/29/2012,4,932.5
06/29/2012,7,929
06/29/2012,10,925.5
06/29/2012,13,922
06/29/2012,16,922.5
06/29/2012,19,924
06/29/2012,22,924
06/30/2012,1,916
06/30/2012,4,911
06/30/2012,7,908
06/30/2012,10,907
06/30/2012,13,906
06/30/2012,16,915.5
06/30/2012,19,927
06/30/2012,22,931
07/01/2012,1,934
07/01/2012,4,938.5
07/01/2012,7,942
07/01/2012,10,943.5
07/01/2012,13,944
07/01/2012,16,939.5
07/01/2012,19,936
07/01/2012,22,933.5
07/02/2012,1,932
07/02/2012,4,942
07/02/2012,7,955
07/02/2012,10,981
07/02/2012,13,1010
07/02/2012,16,1020
07/02/2012,19,1021
07/02/2012,22,1014.5
07/03/2012,1,1006
07/03/2012,4,1003
07/03/2012,7,1001
07/03/2012,10,998
07/03/2012,13,995
07/03/2012,16,989
07/03/2012,19,984
07/03/2012,22,978.5
07/04/2012,1,973
07/04/2012,4,971
07/04/2012,7,971
07/04/2012,10,973
07/04/2012,13,975
07/04/2012,16,969.5
07/04/2012,19,963
07/04/2012,22,955
07/05/2012,1,948
07/05/2012,4,948
07/05/2012,7,948
07/05/2012,10,950
07/05/2012,13,953
07/05/2012,16,947
07/05/2012,19,938
07/05/2012,22,931
07/06/2012,1,925
07/06/2012,4,923
07/06/2012,7,927
07/06/2012,10,931
07/06/2012,13,936
07/06/2012,16,938
07/06/2012,19,940
07/06/2012,22,935
07/07/2012,1,930
07/07/2012,4,940
07/07/2012,7,952
07/07/2012,10,960
07/07/2012,13,966
07/07/2012,16,970
07/07/2012,19,965
07/07/2012,22,961
07/08/2012,1,956
07/08/2012,4,953
07/08/2012,7,951
07/08/2012,10,948
07/08/2012,13,945
07/08/2012,16,951
07/08/2012,19,954
07/08/2012,22,957
07/09/2012,1,959
07/09/2012,4,970.6666667
07/09/2012,7,998.3333333
07/09/2012,10,1028
07/09/2012,13,1048
07/09/2012,16,1063.666667
07/09/2012,19,1083.333333
07/09/2012,22,1093.5
07/10/2012,1,1102
07/10/2012,4,1109
07/10/2012,7,1112
07/10/2012,10,1113.5
07/10/2012,13,1119
07/10/2012,16,1126.5
07/10/2012,19,1137
07/10/2012,22,1151.5
07/11/2012,1,1168
07/11/2012,4,1176.5
07/11/2012,7,1175
07/11/2012,10,1157.5
07/11/2012,13,1141
07/11/2012,16,1133
07/11/2012,19,1129
07/11/2012,22,1128
07/12/2012,1,1127
07/12/2012,4,1124
07/12/2012,7,1120
07/12/2012,10,1111
07/12/2012,13,1100
07/12/2012,16,1105
07/12/2012,19,1112
07/12/2012,22,1108.5
07/13/2012,1,1105
07/13/2012,4,1108
07/13/2012,7,1111
07/13/2012,10,1113
07/13/2012,13,1116
07/13/2012,16,1122.5
07/13/2012,19,1130
07/13/2012,22,1144.5
07/14/2012,1,1159
07/14/2012,4,1163
07/14/2012,7,1167
07/14/2012,10,1160.5
07/14/2012,13,1151
07/14/2012,16,1145.5
07/14/2012,19,1141
07/14/2012,22,1138
07/15/2012,1,1137
07/15/2012,4,1135
07/15/2012,7,1132
07/15/2012,10,1125
07/15/2012,13,1117
07/15/2012,16,1096.5
07/15/2012,19,1073
07/15/2012,22,1058
07/16/2012,1,1049
07/16/2012,4,1039.5
07/16/2012,7,1033
07/16/2012,10,1026.5
07/16/2012,13,1020
07/16/2012,16,1010.5
07/16/2012,19,1006
07/16/2012,22,1007.5
07/17/2012,1,1011
07/17/2012,4,1013
07/17/2012,7,1009
07/17/2012,10,1006.5
07/17/2012,13,1004
07/17/2012,16,1008
07/17/2012,19,1010
07/17/2012,22,1008.5
07/18/2012,1,1006
07/18/2012,4,1006
07/18/2012,7,1006
07/18/2012,10,1002
07/18/2012,13,1001
07/18/2012,16,1005
07/18/2012,19,1007
07/18/2012,22,1010
07/19/2012,1,1014
07/19/2012,4,1009
07/19/2012,7,1002
07/19/2012,10,986
07/19/2012,13,973
07/19/2012,16,966
07/19/2012,19,958
07/19/2012,22,955
07/20/2012,1,953
07/20/2012,4,964.5
07/20/2012,7,985
07/20/2012,10,997.5
07/20/2012,13,1006
07/20/2012,16,1017
07/20/2012,19,1028
07/20/2012,22,1045.5
07/21/2012,1,1063
07/21/2012,4,1091
07/21/2012,7,1120
07/21/2012,10,1129
07/21/2012,13,1122
07/21/2012,16,1119
07/21/2012,19,1117
07/21/2012,22,1114.5
07/22/2012,1,1111
07/22/2012,4,1099.5
07/22/2012,7,1085
07/22/2012,10,1076.5
07/22/2012,13,1068
07/22/2012,16,1056.5
07/22/2012,19,1047
07/22/2012,22,1042
07/23/2012,1,1039
07/23/2012,4,1036.5
07/23/2012,7,1035
07/23/2012,10,1038.5
07/23/2012,13,1045
07/23/2012,16,1056.5
07/23/2012,19,1073
07/23/2012,22,1079.5
07/24/2012,1,1083
07/24/2012,4,1078
07/24/2012,7,1073
07/24/2012,10,1066.5
07/24/2012,13,1063
07/24/2012,16,1064
07/24/2012,19,1065
07/24/2012,22,1071
07/25/2012,1,1080
07/25/2012,4,1081
07/25/2012,7,1074
07/25/2012,10,1065.5
07/25/2012,13,1058
07/25/2012,16,1055
07/25/2012,19,1053
07/25/2012,22,1061
07/26/2012,1,1077
07/26/2012,4,1102.333333
07/26/2012,7,1143.333333
07/26/2012,10,1181.666667
07/26/2012,13,1221.666667
07/26/2012,16,1259.333333
07/26/2012,19,1294
07/26/2012,22,1322.75
07/27/2012,1,1343
07/27/2012,4,1353
07/27/2012,7,1365.666667
07/27/2012,10,1378.333333
07/27/2012,13,1393.333333
07/27/2012,16,1409.333333
07/27/2012,19,1417.333333
07/27/2012,22,1419
07/28/2012,1,1417
07/28/2012,4,1415
07/28/2012,7,1409.666667
07/28/2012,10,1404.333333
07/28/2012,13,1401
07/28/2012,16,1401
07/28/2012,19,1400.666667
07/28/2012,22,1397
07/29/2012,1,1402
07/29/2012,4,1407
07/29/2012,7,1417
07/29/2012,10,1427
07/29/2012,13,1434.333333
07/29/2012,16,1432
07/29/2012,19,1426.333333
07/29/2012,22,1423.25
07/30/2012,1,1422
07/30/2012,4,1429
07/30/2012,7,1440.666667
07/30/2012,10,1450
07/30/2012,13,1456
07/30/2012,16,1469
07/30/2012,19,1482
07/30/2012,22,1494
07/31/2012,1,1503
07/31/2012,4,1511.666667
07/31/2012,7,1524
07/31/2012,10,1529.666667
07/31/2012,13,1531.666667
07/31/2012,16,1530.333333
07/31/2012,19,1527
07/31/2012,22,1522
08/01/2012,1,1518
08/01/2012,4,1518
08/01/2012,7,1518
08/01/2012,10,1519
08/01/2012,13,1524
08/01/2012,16,1528
08/01/2012,19,1531
08/01/2012,22,1526.5
08/02/2012,1,1521
08/02/2012,4,1508.5
08/02/2012,7,1497
08/02/2012,10,1486
08/02/2012,13,1475
08/02/2012,16,1467.5
08/02/2012,19,1462
08/02/2012,22,1458
08/03/2012,1,1452
08/03/2012,4,1440.5
08/03/2012,7,1428
08/03/2012,10,1401
08/03/2012,13,1379
08/03/2012,16,1361
08/03/2012,19,1348
08/03/2012,22,1342
08/04/2012,1,1328
08/04/2012,4,1313.5
08/04/2012,7,1300
08/04/2012,10,1282.5
08/04/2012,13,1267
08/04/2012,16,1253
08/04/2012,19,1240
08/04/2012,22,1229.5
08/05/2012,1,1220
08/05/2012,4,1214.5
08/05/2012,7,1210
08/05/2012,10,1205.5
08/05/2012,13,1201
08/05/2012,16,1199
08/05/2012,19,1199
08/05/2012,22,1197.5
08/06/2012,1,1197
08/06/2012,4,1193
08/06/2012,7,1188
08/06/2012,10,1177
08/06/2012,13,1169
08/06/2012,16,1170.5
08/06/2012,19,1176
08/06/2012,22,1172
08/07/2012,1,1171
08/07/2012,4,1174.5
08/07/2012,7,1179
08/07/2012,10,1190.5
08/07/2012,13,1201
08/07/2012,16,1207.5
08/07/2012,19,1212
08/07/2012,22,1213
08/08/2012,1,1218
08/08/2012,4,1218.5
08/08/2012,7,1214
08/08/2012,10,1206.5
08/08/2012,13,1198
08/08/2012,16,1192.5
08/08/2012,19,1189
08/08/2012,22,1188.5
08/09/2012,1,1194
08/09/2012,4,1197.5
08/09/2012,7,1198
08/09/2012,10,1196
08/09/2012,13,1199
08/09/2012,16,1207.5
08/09/2012,19,1219
08/09/2012,22,1231
08/10/2012,1,1241
08/10/2012,4,1247.5
08/10/2012,7,1252
08/10/2012,10,1253
08/10/2012,13,1256
08/10/2012,16,1257.5
08/10/2012,19,1259
08/10/2012,22,1259.5
08/11/2012,1,1260
08/11/2012,4,1258.5
08/11/2012,7,1257
08/11/2012,10,1250
08/11/2012,13,1245
08/11/2012,16,1248
08/11/2012,19,1252
08/11/2012,22,1250
08/12/2012,1,1244
08/12/2012,4,1242
08/12/2012,7,1240
08/12/2012,10,1233
08/12/2012,13,1226
08/12/2012,16,1218
08/12/2012,19,1210
08/12/2012,22,1205
08/13/2012,1,1200
08/13/2012,4,1202
08/13/2012,7,1204
08/13/2012,10,1202
08/13/2012,13,1204
08/13/2012,16,1209
08/13/2012,19,1215
08/13/2012,22,1219
08/14/2012,1,1221
08/14/2012,4,1217.5
08/14/2012,7,1209
08/14/2012,10,1201.5
08/14/2012,13,1195
08/14/2012,16,1189.5
08/14/2012,19,1184
08/14/2012,22,1177.5
08/15/2012,1,1167
08/15/2012,4,1165
08/15/2012,7,1169
08/15/2012,10,1171
08/15/2012,13,1171
08/15/2012,16,1171
08/15/2012,19,1171
08/15/2012,22,1171
08/16/2012,1,1171
08/16/2012,4,1171
08/16/2012,7,1171
08/16/2012,10,1166
08/16/2012,13,1158
08/16/2012,16,1155
08/16/2012,19,1163
08/16/2012,22,1169
08/17/2012,1,1174
08/17/2012,4,1178
08/17/2012,7,1181
08/17/2012,10,1177
08/17/2012,13,1180
08/17/2012,16,1187
08/17/2012,19,1194
08/17/2012,22,1196.5
08/18/2012,1,1198
08/18/2012,4,1201.5
08/18/2012,7,1205
08/18/2012,10,1215
08/18/2012,13,1231
08/18/2012,16,1254.5
08/18/2012,19,1281
08/18/2012,22,1304
08/19/2012,1,1325
08/19/2012,4,1337
08/19/2012,7,1355.666667
08/19/2012,10,1374.666667
08/19/2012,13,1394.666667
08/19/2012,16,1408.666667
08/19/2012,19,1412
08/19/2012,22,1408.5
08/20/2012,1,1406
08/20/2012,4,1392
08/20/2012,7,1374
08/20/2012,10,1352.5
08/20/2012,13,1339
08/20/2012,16,1333.5
08/20/2012,19,1328
08/20/2012,22,1320.5
08/21/2012,1,1310
08/21/2012,4,1294
08/21/2012,7,1275
08/21/2012,10,1259
08/21/2012,13,1251
08/21/2012,16,1248.5
08/21/2012,19,1246
08/21/2012,22,1240.5
08/22/2012,1,1231
08/22/2012,4,1223
08/22/2012,7,1215
08/22/2012,10,1219
08/22/2012,13,1229
08/22/2012,16,1240.5
08/22/2012,19,1247
08/22/2012,22,1251
08/23/2012,1,1254
08/23/2012,4,1248.5
08/23/2012,7,1243
08/23/2012,10,1236.5
08/23/2012,13,1232
08/23/2012,16,1224
08/23/2012,19,1217
08/23/2012,22,1211.5
08/24/2012,1,1208
08/24/2012,4,1200
08/24/2012,7,1189
08/24/2012,10,1183.5
08/24/2012,13,1179
08/24/2012,16,1171.5
08/24/2012,19,1169
08/24/2012,22,1165
08/25/2012,1,1162
08/25/2012,4,1162
08/25/2012,7,1162
08/25/2012,10,1153.5
08/25/2012,13,1144
08/25/2012,16,1131
08/25/2012,19,1120
08/25/2012,22,1117
08/26/2012,1,1114
08/26/2012,4,1111
08/26/2012,7,1108
08/26/2012,10,1102.5
08/26/2012,13,1098
08/26/2012,16,1091
08/26/2012,19,1085
08/26/2012,22,1077.5
08/27/2012,1,1070
08/27/2012,4,1067
08/27/2012,7,1066
08/27/2012,10,1063.5
08/27/2012,13,1062
08/27/2012,16,1060.5
08/27/2012,19,1059
08/27/2012,22,1059
08/28/2012,1,1059
08/28/2012,4,1059
08/28/2012,7,1059
08/28/2012,10,1057
08/28/2012,13,1055
08/28/2012,16,1052
08/28/2012,19,1048
08/28/2012,22,1045
08/29/2012,1,1041
08/29/2012,4,1036
08/29/2012,7,1031
08/29/2012,10,1024
08/29/2012,13,1016
08/29/2012,16,1006.5
08/29/2012,19,996
08/29/2012,22,985
08/30/2012,1,979
08/30/2012,4,972.5
08/30/2012,7,967
08/30/2012,10,962
08/30/2012,13,955
08/30/2012,16,947.5
08/30/2012,19,940
08/30/2012,22,935
08/31/2012,1,933
08/31/2012,4,933
08/31/2012,7,933
08/31/2012,10,932
08/31/2012,13,930
08/31/2012,16,925
08/31/2012,19,920
08/31/2012,22,920
09/01/2012,1,920
09/01/2012,4,929.5
09/01/2012,7,941
09/01/2012,10,935
09/01/2012,13,932
09/01/2012,16,923
09/01/2012,19,914
09/01/2012,22,907
09/02/2012,1,902
09/02/2012,4,908.5
09/02/2012,7,914
09/02/2012,10,922.5
09/02/2012,13,927
09/02/2012,16,926
09/02/2012,19,926
09/02/2012,22,923
09/03/2012,1,922
09/03/2012,4,926.5
09/03/2012,7,930
09/03/2012,10,917.5
09/03/2012,13,913
09/03/2012,16,913.5
09/03/2012,19,915
09/03/2012,22,916
09/04/2012,1,916
09/04/2012,4,917.5
09/04/2012,7,919
09/04/2012,10,916.5
09/04/2012,13,914
09/04/2012,16,913.5
09/04/2012,19,912
09/04/2012,22,911.5
09/05/2012,1,910
09/05/2012,4,909
09/05/2012,7,908
09/05/2012,10,908
09/05/2012,13,907
09/05/2012,16,903
09/05/2012,19,900
09/05/2012,22,900
09/06/2012,1,895
09/06/2012,4,882.5
09/06/2012,7,868
09/06/2012,10,850.5
09/06/2012,13,833
09/06/2012,16,823
09/06/2012,19,816
09/06/2012,22,822
09/07/2012,1,825
09/07/2012,4,833.5
09/07/2012,7,839
09/07/2012,10,837.5
09/07/2012,13,836
09/07/2012,16,843.5
09/07/2012,19,857
09/07/2012,22,865
09/08/2012,1,875
09/08/2012,4,887.5
09/08/2012,7,902
09/08/2012,10,905
09/08/2012,13,906
09/08/2012,16,907.5
09/08/2012,19,913
09/08/2012,22,918
09/09/2012,1,920
09/09/2012,4,920
09/09/2012,7,919
09/09/2012,10,904
09/09/2012,13,889
09/09/2012,16,881.5
09/09/2012,19,878
09/09/2012,22,883
09/10/2012,1,890
09/10/2012,4,885
09/10/2012,7,876
09/10/2012,10,873
09/10/2012,13,875
09/10/2012,16,874.5
09/10/2012,19,873
09/10/2012,22,870
09/11/2012,1,867
09/11/2012,4,861
09/11/2012,7,853
09/11/2012,10,844
09/11/2012,13,840
09/11/2012,16,837
09/11/2012,19,833
09/11/2012,22,836
09/12/2012,1,840
09/12/2012,4,836
09/12/2012,7,831
09/12/2012,10,831.5
09/12/2012,13,833
09/12/2012,16,833.5
09/12/2012,19,833
09/12/2012,22,831
09/13/2012,1,828
09/13/2012,4,827
09/13/2012,7,827
09/13/2012,10,830
09/13/2012,13,834
09/13/2012,16,834
09/13/2012,19,834
09/13/2012,22,831
09/14/2012,1,829
09/14/2012,4,819
09/14/2012,7,808
09/14/2012,10,800
09/14/2012,13,804
09/14/2012,16,816.5
09/14/2012,19,825
09/14/2012,22,824.5
09/15/2012,1,822
09/15/2012,4,828.5
09/15/2012,7,836
09/15/2012,10,828.5
09/15/2012,13,830
09/15/2012,16,834
09/15/2012,19,832
09/15/2012,22,830
09/16/2012,1,827
09/16/2012,4,821.5
09/16/2012,7,815
09/16/2012,10,808
09/16/2012,13,802
09/16/2012,16,798
09/16/2012,19,796
09/16/2012,22,794.5
09/17/2012,1,792
09/17/2012,4,787
09/17/2012,7,782
09/17/2012,10,775.5
09/17/2012,13,769
09/17/2012,16,768.5
09/17/2012,19,774
09/17/2012,22,778
09/18/2012,1,783
09/18/2012,4,786
09/18/2012,7,789
09/18/2012,10,781
09/18/2012,13,774
09/18/2012,16,781
09/18/2012,19,788
09/18/2012,22,789.5
09/19/2012,1,787
09/19/2012,4,788
09/19/2012,7,792
09/19/2012,10,799
09/19/2012,13,798
09/19/2012,16,797
09/19/2012,19,797
09/19/2012,22,797
09/20/2012,1,797
09/20/2012,4,798
09/20/2012,7,798
09/20/2012,10,801
09/20/2012,13,803
09/20/2012,16,807
09/20/2012,19,812
09/20/2012,22,816
09/21/2012,1,819
09/21/2012,4,824
09/21/2012,7,828
09/21/2012,10,828
09/21/2012,13,825
09/21/2012,16,820
09/21/2012,19,817
09/21/2012,22,807
09/22/2012,1,799
09/22/2012,4,795.5
09/22/2012,7,794
09/22/2012,10,791
09/22/2012,13,789
09/22/2012,16,786.5
09/22/2012,19,788
09/22/2012,22,789.5
09/23/2012,1,791
09/23/2012,4,796
09/23/2012,7,801
09/23/2012,10,802.5
09/23/2012,13,803
09/23/2012,16,799
09/23/2012,19,797
09/23/2012,22,792
09/24/2012,1,788
09/24/2012,4,796.5
09/24/2012,7,804
09/24/2012,10,813.5
09/24/2012,13,822
09/24/2012,16,827
09/24/2012,19,829
09/24/2012,22,840.5
09/25/2012,1,859
09/25/2012,4,879.5
09/25/2012,7,894
09/25/2012,9,904
09/25/2012,13,909
09/25/2012,16,926
09/25/2012,19,936
09/25/2012,22,982
09/26/2012,1,1039
09/26/2012,4,1074.666667
09/26/2012,7,1115.333333
09/26/2012,10,1132
09/26/2012,13,1137.333333
09/26/2012,16,1125
09/26/2012,19,1107.666667
09/26/2012,22,1084.75
09/27/2012,1,1071
09/27/2012,4,1073
09/27/2012,7,1081
09/27/2012,10,1092.5
09/27/2012,13,1103
09/27/2012,16,1107
09/27/2012,19,1107
09/27/2012,22,1107
09/28/2012,1,1115
09/28/2012,4,1117.5
09/28/2012,7,1110
09/28/2012,10,1105.5
09/28/2012,13,1102
09/28/2012,16,1095.5
09/28/2012,19,1090
09/28/2012,22,1083
09/29/2012,1,1077
09/29/2012,4,1070.5
09/29/2012,7,1064
09/29/2012,10,1055
09/29/2012,13,1050
09/29/2012,16,1044.5
09/29/2012,19,1040
09/29/2012,22,1036
09/30/2012,1,1033
09/30/2012,4,1026
09/30/2012,7,1018
09/30/2012,10,1013.5
09/30/2012,13,1009
09/30/2012,16,1003
09/30/2012,19,997
09/30/2012,22,994
10/01/2012,1,992
10/01/2012,4,991
10/01/2012,7,990
10/01/2012,10,988
10/01/2012,13,986
10/01/2012,16,983
10/01/2012,19,979
10/01/2012,22,975
10/02/2012,1,972
10/02/2012,4,969
10/02/2012,7,966
10/02/2012,10,960
10/02/2012,13,954
10/02/2012,16,948
10/02/2012,19,942
10/02/2012,22,939
10/03/2012,1,936
10/03/2012,4,935
10/03/2012,7,934
10/03/2012,10,936
10/03/2012,13,938
10/03/2012,16,936
10/03/2012,19,933
10/03/2012,22,931
10/04/2012,1,930
10/04/2012,4,927
10/04/2012,7,924
10/04/2012,10,929
10/04/2012,13,931
10/04/2012,16,929.5
10/04/2012,19,928
10/04/2012,22,927.5
10/05/2012,1,930
10/05/2012,4,931
10/05/2012,7,933
10/05/2012,10,934
10/05/2012,13,935
10/05/2012,16,934
10/05/2012,19,933
10/05/2012,22,932
10/06/2012,1,931
10/06/2012,4,934.5
10/06/2012,7,940
10/06/2012,10,950
10/06/2012,13,955
10/06/2012,16,953.5
10/06/2012,19,949
10/06/2012,22,946
10/07/2012,1,942
10/07/2012,4,933.5
10/07/2012,7,925
10/07/2012,10,921
10/07/2012,13,918
10/07/2012,16,915
10/07/2012,19,910
10/07/2012,22,906
10/08/2012,1,903
10/08/2012,4,893
10/08/2012,7,882
10/08/2012,10,880
10/08/2012,13,881
10/08/2012,16,878.5
10/08/2012,19,871
10/08/2012,22,862
10/09/2012,1,856
10/09/2012,4,851
10/09/2012,7,843
10/09/2012,10,848.5
10/09/2012,13,855
10/09/2012,16,856.5
10/09/2012,19,854
10/09/2012,22,849.5
10/10/2012,1,845
10/10/2012,4,837
10/10/2012,7,829
10/10/2012,10,834.5
10/10/2012,13,838
10/10/2012,16,840.5
10/10/2012,19,842
10/10/2012,22,843
10/11/2012,1,840
10/11/2012,4,831.5
10/11/2012,7,824
10/11/2012,10,808.5
10/11/2012,13,799
10/11/2012,16,808
10/11/2012,19,814
10/11/2012,22,818.5
10/12/2012,1,823
10/12/2012,4,818
10/12/2012,7,809
10/12/2012,10,799
10/12/2012,13,791
10/12/2012,16,801
10/12/2012,19,810
10/12/2012,22,814.5
10/13/2012,1,819
10/13/2012,4,822
10/13/2012,7,820
10/13/2012,10,807.5
10/13/2012,13,799
10/13/2012,16,808
10/13/2012,19,817
10/13/2012,22,821.5
10/14/2012,1,823
10/14/2012,4,818.5
10/14/2012,7,813
10/14/2012,10,801.5
10/14/2012,13,791
10/14/2012,16,803
10/14/2012,19,819
10/14/2012,22,826.5
10/15/2012,1,828
10/15/2012,4,821.5
10/15/2012,7,814
10/15/2012,10,803.5
10/15/2012,13,797
10/15/2012,16,811
10/15/2012,19,822
10/15/2012,22,831
10/16/2012,1,835
10/16/2012,4,835.5
10/16/2012,7,837
10/16/2012,10,838
10/16/2012,13,839
10/16/2012,16,844.5
10/16/2012,19,852
10/16/2012,22,851.5
10/17/2012,1,849
10/17/2012,4,849.5
10/17/2012,7,853
10/17/2012,10,854.5
10/17/2012,13,855
10/17/2012,16,850
10/17/2012,19,845
10/17/2012,22,841.5
10/18/2012,1,840
10/18/2012,4,835
10/18/2012,7,829
10/18/2012,10,834
10/18/2012,13,841
10/18/2012,16,840
10/18/2012,19,837
10/18/2012,22,840
10/19/2012,1,843
10/19/2012,4,857.5
10/19/2012,7,875
10/19/2012,10,877.5
10/19/2012,13,878
10/19/2012,16,873
10/19/2012,19,865
10/19/2012,22,859
10/20/2012,1,852
10/20/2012,4,852
10/20/2012,7,852
10/20/2012,10,846.5
10/20/2012,13,836
10/20/2012,16,824
10/20/2012,19,815
10/20/2012,22,808
10/21/2012,1,800
10/21/2012,4,793
10/21/2012,7,786
10/21/2012,10,779.5
10/21/2012,13,774
10/21/2012,16,773.5
10/21/2012,19,773
10/21/2012,22,772.5
10/22/2012,1,771
10/22/2012,4,776
10/22/2012,7,781
10/22/2012,10,805
10/22/2012,13,829
10/22/2012,16,841
10/22/2012,19,843
10/22/2012,22,840
10/23/2012,1,838
10/23/2012,4,839
10/23/2012,7,843
10/23/2012,10,844
10/23/2012,13,843
10/23/2012,16,839.5
10/23/2012,19,836
10/23/2012,22,831.5
10/24/2012,1,828
10/24/2012,4,825
10/24/2012,7,823
10/24/2012,10,819
10/24/2012,13,813
10/24/2012,16,806.5
10/24/2012,19,801
10/24/2012,22,798
10/25/2012,1,794
10/25/2012,4,793
10/25/2012,7,792
10/25/2012,10,792
10/25/2012,13,790
10/25/2012,16,790
10/25/2012,19,786
10/25/2012,22,780
10/26/2012,1,776
10/26/2012,4,769
10/26/2012,7,763
10/26/2012,10,760
10/26/2012,13,760
10/26/2012,16,759
10/26/2012,19,757
10/26/2012,22,756
10/27/2012,1,753
10/27/2012,4,734.5
10/27/2012,7,718
10/27/2012,10,710.5
10/27/2012,13,706
10/27/2012,16,694
10/27/2012,19,685
10/27/2012,22,678
10/28/2012,1,672
10/28/2012,4,675.5
10/28/2012,7,687
10/28/2012,10,717.3333333
10/28/2012,13,770.6666667
10/28/2012,16,812
10/28/2012,19,831.6666667
10/28/2012,22,838.25
10/29/2012,1,842
10/29/2012,4,826
10/29/2012,7,803
10/29/2012,10,791
10/29/2012,13,784
10/29/2012,16,775.5
10/29/2012,19,770
10/29/2012,22,764
10/30/2012,1,759
10/30/2012,4,760
10/30/2012,7,764
10/30/2012,10,755
10/30/2012,13,738
10/30/2012,16,726.5
10/30/2012,19,714
10/30/2012,22,710
10/31/2012,1,708
10/31/2012,4,706
10/31/2012,7,702
10/31/2012,10,700
10/31/2012,13,698
10/31/2012,16,697
10/31/2012,19,695
10/31/2012,22,694
11/01/2012,1,693
11/01/2012,4,692
11/01/2012,7,691
11/01/2012,10,684
11/01/2012,13,676
11/01/2012,16,669
11/01/2012,19,663
11/01/2012,22,660
11/02/2012,1,658
11/02/2012,4,656
11/02/2012,7,655
11/02/2012,10,661
11/02/2012,13,670
11/02/2012,16,680
11/02/2012,19,689
11/02/2012,22,686
11/03/2012,1,683
11/03/2012,4,677.5
11/03/2012,7,673
11/03/2012,10,661.5
11/03/2012,13,652
11/03/2012,16,649
11/03/2012,19,660
11/03/2012,22,677.5
11/04/2012,1,690
11/04/2012,4,683
11/04/2012,7,675
11/04/2012,10,653
11/04/2012,13,636
11/04/2012,16,629.5
11/04/2012,19,636
11/04/2012,22,650.5
11/05/2012,1,666
11/05/2012,4,672.5
11/05/2012,7,662
11/05/2012,10,646
11/05/2012,13,628
11/05/2012,16,621
11/05/2012,19,614
11/05/2012,22,619.5
11/06/2012,1,628
11/06/2012,4,633.5
11/06/2012,7,638
11/06/2012,10,641.5
11/06/2012,13,638
11/06/2012,16,648.5
11/06/2012,19,658
11/06/2012,22,664.5
11/07/2012,1,673
11/07/2012,4,679.5
11/07/2012,7,676
11/07/2012,10,663.5
11/07/2012,13,659
11/07/2012,16,660
11/07/2012,19,665
11/07/2012,22,669
11/08/2012,1,670
11/08/2012,4,667
11/08/2012,7,663
11/08/2012,10,660
11/08/2012,13,659
11/08/2012,16,657
11/08/2012,19,664
11/08/2012,22,675
11/09/2012,1,680
11/09/2012,4,676.5
11/09/2012,7,674
11/09/2012,10,678
11/09/2012,13,686
11/09/2012,16,689
11/09/2012,19,695
11/09/2012,22,691
11/10/2012,1,687
11/10/2012,4,693.5
11/10/2012,7,702
11/10/2012,10,714.5
11/10/2012,13,721
11/10/2012,16,724
11/10/2012,19,728
11/10/2012,22,721.5
11/11/2012,1,716
11/11/2012,4,711.5
11/11/2012,7,706
11/11/2012,10,688.5
11/11/2012,13,681
11/11/2012,16,674.5
11/11/2012,19,666
11/11/2012,22,661.5
11/12/2012,1,653
11/12/2012,4,652
11/12/2012,7,661
11/12/2012,10,667.5
11/12/2012,13,674
11/12/2012,16,681
11/12/2012,19,687
11/12/2012,22,692
11/13/2012,1,687
11/13/2012,4,681.5
11/13/2012,7,676
11/13/2012,10,670.5
11/13/2012,13,666
11/13/2012,16,665
11/13/2012,19,683
11/13/2012,22,695
11/14/2012,1,704
11/14/2012,4,697.5
11/14/2012,7,688
11/14/2012,10,682.5
11/14/2012,13,678
11/14/2012,16,684.5
11/14/2012,19,695
11/14/2012,22,700
11/15/2012,1,707
11/15/2012,4,701.5
11/15/2012,7,696
11/15/2012,10,687.5
11/15/2012,13,681
11/15/2012,16,674
11/15/2012,19,667
11/15/2012,22,672
11/16/2012,1,678
11/16/2012,4,684
11/16/2012,7,681
11/16/2012,10,673.5
11/16/2012,13,669
11/16/2012,16,665
11/16/2012,19,671
11/16/2012,22,676.5
11/17/2012,1,681
11/17/2012,4,682
11/17/2012,7,674
11/17/2012,10,668
11/17/2012,13,657
11/17/2012,16,652
11/17/2012,19,654
11/17/2012,22,659.5
11/18/2012,1,664
11/18/2012,4,657.5
11/18/2012,7,649
11/18/2012,10,642.5
11/18/2012,13,639
11/18/2012,16,638.5
11/18/2012,19,643
11/18/2012,22,646.5
11/19/2012,1,652
11/19/2012,4,654
11/19/2012,7,650
11/19/2012,10,655
11/19/2012,13,661
11/19/2012,16,667
11/19/2012,19,677
11/19/2012,22,691
11/20/2012,1,697
11/20/2012,4,702.5
11/20/2012,7,700
11/20/2012,10,702.5
11/20/2012,13,704
11/20/2012,16,705.5
11/20/2012,19,707
11/20/2012,22,702
11/21/2012,1,700
11/21/2012,4,704
11/21/2012,7,708
11/21/2012,10,719.5
11/21/2012,13,720
11/21/2012,16,718
11/21/2012,19,725
11/21/2012,22,729
11/22/2012,1,727
11/22/2012,4,720.5
11/22/2012,7,714
11/22/2012,10,711
11/22/2012,13,718
11/22/2012,16,721
11/22/2012,19,714
11/22/2012,22,712
11/23/2012,1,716
11/23/2012,4,716
11/23/2012,7,709
11/23/2012,10,706.5
11/23/2012,13,705
11/23/2012,16,704
11/23/2012,19,704
11/23/2012,22,702.5
11/24/2012,1,700
11/24/2012,4,698
11/24/2012,7,696
11/24/2012,10,694
11/24/2012,13,691
11/24/2012,16,686
11/24/2012,19,680
11/24/2012,22,677
11/25/2012,1,675
11/25/2012,4,673
11/25/2012,7,670
11/25/2012,10,668
11/25/2012,13,666
11/25/2012,16,666
11/25/2012,19,666
11/25/2012,22,661
11/26/2012,1,657
11/26/2012,4,650
11/26/2012,7,645
11/26/2012,10,640.5
11/26/2012,13,637
11/26/2012,16,634.5
11/26/2012,19,633
11/26/2012,22,630
11/27/2012,1,626
11/27/2012,4,619.5
11/27/2012,7,613
11/27/2012,10,625.5
11/27/2012,13,641
11/27/2012,16,653.5
11/27/2012,19,663
11/27/2012,22,668.5
11/28/2012,1,668
11/28/2012,4,664.5
11/28/2012,7,661
11/28/2012,10,660
11/28/2012,13,656
11/28/2012,16,657
11/28/2012,19,667
11/28/2012,22,671.5
11/29/2012,1,676
11/29/2012,4,670.5
11/29/2012,7,666
11/29/2012,10,662.5
11/29/2012,13,660
11/29/2012,16,665
11/29/2012,19,669
11/29/2012,22,667
11/30/2012,1,663
11/30/2012,4,661
11/30/2012,7,659
11/30/2012,10,664
11/30/2012,13,668
11/30/2012,16,670
11/30/2012,19,672
11/30/2012,22,669
12/01/2012,1,667
12/01/2012,4,664
12/01/2012,7,662
12/01/2012,10,660
12/01/2012,13,663
12/01/2012,16,666
12/01/2012,19,669
12/01/2012,22,674
12/02/2012,1,678
12/02/2012,4,682
12/02/2012,7,686
12/02/2012,10,688
12/02/2012,13,685
12/02/2012,16,680
12/02/2012,19,674
12/02/2012,22,670
12/03/2012,1,667
12/03/2012,4,662
12/03/2012,7,657
12/03/2012,10,649
12/03/2012,13,647
12/03/2012,16,647
12/03/2012,19,651
12/03/2012,22,653.5
12/04/2012,1,656
12/04/2012,4,660
12/04/2012,7,658
12/04/2012,10,657
12/04/2012,13,659
12/04/2012,16,660.5
12/04/2012,19,662
12/04/2012,22,665.5
12/05/2012,1,668
12/05/2012,4,669
12/05/2012,7,671
12/05/2012,10,675
12/05/2012,13,673
12/05/2012,16,667
12/05/2012,19,663
12/05/2012,22,661
12/06/2012,1,660
12/06/2012,4,658
12/06/2012,7,655
12/06/2012,10,661
12/06/2012,13,668
12/06/2012,16,677
12/06/2012,19,684
12/06/2012,22,689
12/07/2012,1,692
12/07/2012,4,692
12/07/2012,7,685
12/07/2012,10,686
12/07/2012,13,690
12/07/2012,16,691.5
12/07/2012,19,693
12/07/2012,22,692
12/08/2012,1,688
12/08/2012,4,686
12/08/2012,7,684
12/08/2012,10,688
12/08/2012,13,693
12/08/2012,16,697
12/08/2012,19,699
12/08/2012,22,696
12/09/2012,1,691
12/09/2012,4,684.5
12/09/2012,7,678
12/09/2012,10,678
12/09/2012,13,682
12/09/2012,16,686
12/09/2012,19,687
12/09/2012,22,682
12/10/2012,1,673
12/10/2012,4,661
12/10/2012,7,653
12/10/2012,10,650.5
12/10/2012,13,655
12/10/2012,16,666
12/10/2012,19,679
12/10/2012,22,682.5
12/11/2012,1,686
12/11/2012,4,687.5
12/11/2012,7,690
12/11/2012,10,690.5
12/11/2012,13,701
12/11/2012,16,713
12/11/2012,19,719
12/11/2012,22,723
12/12/2012,1,721
12/12/2012,4,716
12/12/2012,7,712
12/12/2012,10,710.5
12/12/2012,13,708
12/12/2012,16,701
12/12/2012,19,696
12/12/2012,22,693.5
12/13/2012,1,692
12/13/2012,4,690
12/13/2012,7,690
12/13/2012,10,691
12/13/2012,13,693
12/13/2012,16,687
12/13/2012,19,683
12/13/2012,22,680
12/14/2012,1,678
12/14/2012,4,677
12/14/2012,7,681
12/14/2012,10,687
12/14/2012,13,688
12/14/2012,16,690
12/14/2012,19,690
12/14/2012,22,687
12/15/2012,1,685
12/15/2012,4,679
12/15/2012,7,674
12/15/2012,10,678.5
12/15/2012,13,684
12/15/2012,16,677.5
12/15/2012,19,672
12/15/2012,22,663
12/16/2012,1,653
12/16/2012,4,643.5
12/16/2012,7,638
12/16/2012,10,631
12/16/2012,13,627
12/16/2012,16,623
12/16/2012,19,619
12/16/2012,22,616.5
12/17/2012,1,615
12/17/2012,4,613
12/17/2012,7,610
12/17/2012,10,605
12/17/2012,13,602
12/17/2012,16,598
12/17/2012,19,592
12/17/2012,22,589
12/18/2012,1,591
12/18/2012,4,598.5
12/18/2012,7,610
12/18/2012,10,627
12/18/2012,13,640
12/18/2012,16,655.5
12/18/2012,19,669
12/18/2012,22,680
12/19/2012,1,688
12/19/2012,4,682
12/19/2012,7,675
12/19/2012,10,672.5
12/19/2012,13,671
12/19/2012,16,669.5
12/19/2012,19,668
12/19/2012,22,664
12/20/2012,1,655
12/20/2012,4,645.5
12/20/2012,7,637
12/20/2012,10,641.5
12/20/2012,13,648
12/20/2012,16,651
12/20/2012,19,649
12/20/2012,22,644
12/21/2012,1,641
12/21/2012,4,640
12/21/2012,7,638
12/21/2012,10,646
12/21/2012,13,653
12/21/2012,16,660
12/21/2012,19,657
12/21/2012,22,653
12/22/2012,1,648
12/22/2012,4,646
12/22/2012,7,641
12/22/2012,10,650
12/22/2012,13,655
12/22/2012,16,659
12/22/2012,19,657
12/22/2012,22,656
12/23/2012,1,653
12/23/2012,4,652.5
12/23/2012,7,659
12/23/2012,10,671
12/23/2012,13,675
12/23/2012,16,676
12/23/2012,19,671
12/23/2012,22,667
12/24/2012,1,663
12/24/2012,4,659.5
12/24/2012,7,658
12/24/2012,10,654
12/24/2012,13,656
12/24/2012,16,664.5
12/24/2012,19,676
12/24/2012,22,683.5
12/25/2012,1,681
12/25/2012,4,674
12/25/2012,7,670
12/25/2012,10,670
12/25/2012,13,675
12/25/2012,16,685.5
12/25/2012,19,698
12/25/2012,22,702
12/26/2012,1,704
12/26/2012,4,705.5
12/26/2012,7,707
12/26/2012,10,708.5
12/26/2012,13,705
12/26/2012,16,701
12/26/2012,19,704
12/26/2012,22,708
12/27/2012,1,710
12/27/2012,4,706
12/27/2012,7,702
12/27/2012,10,705
12/27/2012,13,709
12/27/2012,16,715.5
12/27/2012,19,721
12/27/2012,22,721.5
12/28/2012,1,716
12/28/2012,4,706.5
12/28/2012,7,700
12/28/2012,10,685.5
12/28/2012,13,680
12/28/2012,16,678.5
12/28/2012,19,690
12/28/2012,22,697
12/29/2012,1,695
12/29/2012,4,688.5
12/29/2012,7,680
12/29/2012,10,670
12/29/2012,13,666
12/29/2012,16,671.5
12/29/2012,19,683
12/29/2012,22,689.5
12/30/2012,1,689
12/30/2012,4,681
12/30/2012,7,674
12/30/2012,10,662.5
12/30/2012,13,651
12/30/2012,16,643.5
12/30/2012,19,638
12/30/2012,22,632.5
12/31/2012,1,628
12/31/2012,4,621.5
12/31/2012,7,612
12/31/2012,10,605
12/31/2012,13,598
12/31/2012,16,598
12/31/2012,19,610
12/31/2012,22,617
01/01/2013,1,617
01/01/2013,4,612
01/01/2013,7,609
01/01/2013,10,603.5
01/01/2013,13,598
01/01/2013,16,597.5
01/01/2013,19,603
01/01/2013,22,606
01/02/2013,1,604
01/02/2013,4,597
01/02/2013,7,592
01/02/2013,10,588.5
01/02/2013,13,589
01/02/2013,16,594.5
01/02/2013,19,600
01/02/2013,22,602.5
01/03/2013,1,608
01/03/2013,4,614.5
01/03/2013,7,620
01/03/2013,10,620
01/03/2013,13,614
01/03/2013,16,622
01/03/2013,19,630
01/03/2013,22,635
01/04/2013,1,639
01/04/2013,4,642.5
01/04/2013,7,640
01/04/2013,10,641.5
01/04/2013,13,654
01/04/2013,16,664
01/04/2013,19,675
01/04/2013,22,680
01/05/2013,1,684
01/05/2013,4,680
01/05/2013,7,675
01/05/2013,10,668.5
01/05/2013,13,663
01/05/2013,16,656.5
01/05/2013,19,651
01/05/2013,22,644
01/06/2013,1,636
01/06/2013,4,631
01/06/2013,7,627
01/06/2013,10,635
01/06/2013,13,644
01/06/2013,16,651
01/06/2013,19,657
01/06/2013,22,662
01/07/2013,1,667
01/07/2013,4,668
01/07/2013,7,660
01/07/2013,10,650.5
01/07/2013,13,646
01/07/2013,16,642.5
01/07/2013,19,645
01/07/2013,22,649
01/08/2013,1,647
01/08/2013,4,641.5
01/08/2013,7,638
01/08/2013,10,639.5
01/08/2013,13,646
01/08/2013,16,651
01/08/2013,19,658
01/08/2013,22,660.5
01/09/2013,1,661
01/09/2013,4,655.5
01/09/2013,7,651
01/09/2013,10,651.5
01/09/2013,13,658
01/09/2013,16,669
01/09/2013,19,679
01/09/2013,22,685.5
01/10/2013,1,682
01/10/2013,4,676.5
01/10/2013,7,673
01/10/2013,10,669
01/10/2013,13,672
01/10/2013,16,679
01/10/2013,19,684
01/10/2013,22,689
01/11/2013,1,687
01/11/2013,4,680.5
01/11/2013,7,675
01/11/2013,10,668
01/11/2013,13,664
01/11/2013,16,661.5
01/11/2013,19,660
01/11/2013,22,668.5
01/12/2013,1,678
01/12/2013,4,678.5
01/12/2013,7,673
01/12/2013,10,669
01/12/2013,13,672
01/12/2013,16,682.5
01/12/2013,19,691
01/12/2013,22,691.5
01/13/2013,1,683
01/13/2013,4,670.5
01/13/2013,7,663
01/13/2013,10,655
01/13/2013,13,644
01/13/2013,16,636.5
01/13/2013,19,640
01/13/2013,22,650.5
01/14/2013,1,660
01/14/2013,4,662.5
01/14/2013,7,657
01/14/2013,10,646.5
01/14/2013,13,636
01/14/2013,16,634
01/14/2013,19,641
01/14/2013,22,648
01/15/2013,1,653
01/15/2013,4,653
01/15/2013,7,645
01/15/2013,10,634.5
01/15/2013,13,642
01/15/2013,16,659.5
01/15/2013,19,670
01/15/2013,22,679.5
01/16/2013,1,688
01/16/2013,4,681
01/16/2013,7,670
01/16/2013,10,654
01/16/2013,13,651
01/16/2013,16,660.5
01/16/2013,19,678
01/16/2013,22,686
01/17/2013,1,684
01/17/2013,4,673
01/17/2013,7,661
01/17/2013,10,648
01/17/2013,13,639
01/17/2013,16,652.5
01/17/2013,19,659
01/17/2013,22,661
01/18/2013,1,657
01/18/2013,4,653.5
01/18/2013,7,649
01/18/2013,10,640.5
01/18/2013,13,629
01/18/2013,16,621
01/18/2013,19,616
01/18/2013,22,609.5
01/19/2013,1,603
01/19/2013,4,596
01/19/2013,7,590
01/19/2013,10,582
01/19/2013,13,575
01/19/2013,16,571
01/19/2013,19,573
01/19/2013,22,577
01/20/2013,1,572
01/20/2013,4,565
01/20/2013,7,561
01/20/2013,10,554
01/20/2013,13,549
01/20/2013,16,557
01/20/2013,19,568
01/20/2013,22,580.5
01/21/2013,1,593
01/21/2013,4,601.5
01/21/2013,7,608
01/21/2013,10,600.5
01/21/2013,13,595
01/21/2013,16,604.5
01/21/2013,19,619
01/21/2013,22,628
01/22/2013,1,633
01/22/2013,4,638.5
01/22/2013,7,642
01/22/2013,10,648
01/22/2013,13,659
01/22/2013,16,674.5
01/22/2013,19,690
01/22/2013,22,709
01/23/2013,1,741
01/23/2013,4,761.6666667
01/23/2013,7,798
01/23/2013,10,818.3333333
01/23/2013,13,825.6666667
01/23/2013,16,829
01/23/2013,19,822.3333333
01/23/2013,22,816.5
01/24/2013,1,821
01/24/2013,4,826
01/24/2013,7,829
01/24/2013,10,834
01/24/2013,13,837
01/24/2013,16,838
01/24/2013,19,838
01/24/2013,22,838
01/25/2013,1,838
01/25/2013,4,838
01/25/2013,7,838
01/25/2013,10,838
01/25/2013,13,838
01/25/2013,16,836
01/25/2013,19,833
01/25/2013,22,833
01/26/2013,1,836
01/26/2013,4,841
01/26/2013,7,845
01/26/2013,10,848
01/26/2013,13,848
01/26/2013,16,850
01/26/2013,19,850
01/26/2013,22,850
01/27/2013,1,851
01/27/2013,4,854
01/27/2013,7,857
01/27/2013,10,862.5
01/27/2013,13,867
01/27/2013,16,868
01/27/2013,19,866
01/27/2013,22,867
01/28/2013,1,871
01/28/2013,4,873
01/28/2013,7,875
01/28/2013,10,875
01/28/2013,13,875
01/28/2013,16,875
01/28/2013,19,875
01/28/2013,22,876
01/29/2013,1,877
01/29/2013,4,879
01/29/2013,7,880
01/29/2013,10,878
01/29/2013,13,875
01/29/2013,16,871
01/29/2013,19,865
01/29/2013,22,860
01/30/2013,1,854
01/30/2013,4,845.5
01/30/2013,7,838
01/30/2013,10,830
01/30/2013,13,816
01/30/2013,16,799
01/30/2013,19,780
01/30/2013,22,766
01/31/2013,1,754
01/31/2013,4,743.5
01/31/2013,7,735
01/31/2013,10,716.5
01/31/2013,13,692
01/31/2013,16,665
01/31/2013,19,635
01/31/2013,22,611.5
02/01/2013,1,589
02/01/2013,4,572.5
02/01/2013,7,560
02/01/2013,10,556.5
02/01/2013,13,566
02/01/2013,16,584
02/01/2013,19,608
02/01/2013,22,628
02/02/2013,1,643
02/02/2013,4,654.5
02/02/2013,7,663
02/02/2013,10,680
02/02/2013,13,694
02/02/2013,16,719
02/02/2013,19,745
02/02/2013,22,769.5
02/03/2013,1,795
02/03/2013,4,818
02/03/2013,7,839
02/03/2013,10,846
02/03/2013,13,853
02/03/2013,16,862.5
02/03/2013,19,871
02/03/2013,22,877
02/04/2013,1,882
02/04/2013,4,884
02/04/2013,7,887
02/04/2013,10,890
02/04/2013,13,891
02/04/2013,16,891
02/04/2013,19,891
02/04/2013,22,889
02/05/2013,1,888
02/05/2013,4,887
02/05/2013,7,886
02/05/2013,10,883
02/05/2013,13,879
02/05/2013,16,877
02/05/2013,19,875
02/05/2013,22,874
02/06/2013,1,873
02/06/2013,4,871
02/06/2013,7,869
02/06/2013,10,868
02/06/2013,13,868
02/06/2013,16,867
02/06/2013,19,867
02/06/2013,22,867
02/07/2013,1,867
02/07/2013,4,867
02/07/2013,7,867
02/07/2013,10,867
02/07/2013,13,867
02/07/2013,16,867
02/07/2013,19,867
02/07/2013,22,867
02/08/2013,1,867
02/08/2013,4,867
02/08/2013,7,867
02/08/2013,10,867
02/08/2013,13,867
02/08/2013,16,866
02/08/2013,19,865
02/08/2013,22,862.5
02/09/2013,1,860
02/09/2013,4,855
02/09/2013,7,844
02/09/2013,10,823
02/09/2013,13,800
02/09/2013,16,775.5
02/09/2013,19,752
02/09/2013,22,733.5
02/10/2013,1,715
02/10/2013,4,697
02/10/2013,7,677
02/10/2013,10,657
02/10/2013,13,641
02/10/2013,16,621
02/10/2013,19,605
02/10/2013,22,598
02/11/2013,1,590
02/11/2013,4,590
02/11/2013,7,590
02/11/2013,10,587
02/11/2013,13,583
02/11/2013,16,581
02/11/2013,19,580
02/11/2013,22,578
02/12/2013,1,576
02/12/2013,4,575
02/12/2013,7,574
02/12/2013,10,572
02/12/2013,13,571
02/12/2013,16,571
02/12/2013,19,571
02/12/2013,22,573
02/13/2013,1,574
02/13/2013,4,575
02/13/2013,7,576
02/13/2013,10,573
02/13/2013,13,571
02/13/2013,16,569
02/13/2013,19,565
02/13/2013,22,563
02/14/2013,1,561
02/14/2013,4,560
02/14/2013,7,557
02/14/2013,10,553
02/14/2013,13,550
02/14/2013,16,548
02/14/2013,19,545
02/14/2013,22,543
02/15/2013,1,542
02/15/2013,4,541
02/15/2013,7,539
02/15/2013,10,537
02/15/2013,13,540
02/15/2013,16,544
02/15/2013,19,547
02/15/2013,22,549
02/16/2013,1,550
02/16/2013,4,554
02/16/2013,7,558
02/16/2013,10,561.5
02/16/2013,13,566
02/16/2013,16,572
02/16/2013,19,577
02/16/2013,22,589.5
02/17/2013,1,604
02/17/2013,4,617.6666667
02/17/2013,7,643.3333333
02/17/2013,10,670.3333333
02/17/2013,13,695.6666667
02/17/2013,16,720.6666667
02/17/2013,19,780
02/17/2013,22,812.25
02/18/2013,1,824
02/18/2013,4,830.3333333
02/18/2013,7,840.6666667
02/18/2013,10,847.3333333
02/18/2013,13,852
02/18/2013,16,855
02/18/2013,19,858
02/18/2013,22,862.25
02/19/2013,1,866
02/19/2013,4,867
02/19/2013,7,867
02/19/2013,10,869
02/19/2013,13,870
02/19/2013,16,873.5
02/19/2013,19,877
02/19/2013,22,877
02/20/2013,1,877
02/20/2013,4,878
02/20/2013,7,875
02/20/2013,10,868.5
02/20/2013,13,866
02/20/2013,16,864.5
02/20/2013,19,862
02/20/2013,22,861
02/21/2013,1,860
02/21/2013,4,860
02/21/2013,7,860
02/21/2013,10,858
02/21/2013,13,856
02/21/2013,16,856
02/21/2013,19,856
02/21/2013,22,856
02/22/2013,1,856
02/22/2013,4,855
02/22/2013,7,853
02/22/2013,10,848
02/22/2013,13,841
02/22/2013,16,833
02/22/2013,19,823
02/22/2013,22,814
02/23/2013,1,798
02/23/2013,4,771
02/23/2013,7,742
02/23/2013,10,714
02/23/2013,13,685
02/23/2013,16,660.5
02/23/2013,19,633
02/23/2013,22,612
02/24/2013,1,601
02/24/2013,4,596
02/24/2013,7,591
02/24/2013,10,587.5
02/24/2013,13,581
02/24/2013,16,575
02/24/2013,19,567
02/24/2013,22,563
02/25/2013,1,562
02/25/2013,4,562
02/25/2013,7,560
02/25/2013,10,557
02/25/2013,13,553
02/25/2013,16,550
02/25/2013,19,548
02/25/2013,22,551
02/26/2013,1,556
02/26/2013,4,560
02/26/2013,7,552
02/26/2013,10,536
02/26/2013,13,521
02/26/2013,16,515.5
02/26/2013,19,513
02/26/2013,22,516.5
02/27/2013,1,520
02/27/2013,4,519
02/27/2013,7,517
02/27/2013,10,520
02/27/2013,13,525
02/27/2013,16,534
02/27/2013,19,546
02/27/2013,22,559
02/28/2013,1,567
02/28/2013,4,569.5
02/28/2013,7,562
02/28/2013,10,555.5
02/28/2013,13,558
02/28/2013,16,559
02/28/2013,19,556
02/28/2013,22,552.5
03/01/2013,1,550
03/01/2013,4,548
03/01/2013,7,546
03/01/2013,10,538
03/01/2013,13,534
03/01/2013,16,531
03/01/2013,19,529
03/01/2013,22,535
03/02/2013,1,545
03/02/2013,4,554.5
03/02/2013,7,567
03/02/2013,10,578.5
03/02/2013,13,587
03/02/2013,16,595
03/02/2013,19,594
03/02/2013,22,587
03/03/2013,1,577
03/03/2013,4,571
03/03/2013,7,568
03/03/2013,10,566
03/03/2013,13,569
03/03/2013,16,572
03/03/2013,19,575
03/03/2013,22,571
03/04/2013,1,565
03/04/2013,4,558
03/04/2013,7,548
03/04/2013,10,542.5
03/04/2013,13,539
03/04/2013,16,544.5
03/04/2013,19,551
03/04/2013,22,555
03/05/2013,1,553
03/05/2013,4,546.5
03/05/2013,7,540
03/05/2013,10,552.5
03/05/2013,13,570
03/05/2013,16,588.5
03/05/2013,19,603
03/05/2013,22,609.5
03/06/2013,1,610
03/06/2013,4,608
03/06/2013,7,605
03/06/2013,10,612.5
03/06/2013,13,622
03/06/2013,16,624
03/06/2013,19,620
03/06/2013,22,619
03/07/2013,1,619
03/07/2013,4,618
03/07/2013,7,617
03/07/2013,10,623
03/07/2013,13,637
03/07/2013,16,655
03/07/2013,19,671
03/07/2013,22,674
03/08/2013,1,676
03/08/2013,4,677
03/08/2013,7,678
03/08/2013,10,680
03/08/2013,13,683
03/08/2013,16,681
03/08/2013,19,679
03/08/2013,22,675
03/09/2013,1,670
03/09/2013,4,657
03/09/2013,7,638
03/09/2013,10,627
03/09/2013,13,619
03/09/2013,16,611
03/09/2013,19,606
03/09/2013,22,602.5
03/10/2013,1,600
03/10/2013,4,599
03/10/2013,7,602
03/10/2013,10,608
03/10/2013,13,615
03/10/2013,16,617
03/10/2013,19,617
03/10/2013,22,617
03/11/2013,1,623
03/11/2013,4,629
03/11/2013,7,635
03/11/2013,10,624
03/11/2013,13,601
03/11/2013,16,597
03/11/2013,19,595
03/11/2013,22,590
03/12/2013,1,585
03/12/2013,4,582
03/12/2013,7,580
03/12/2013,10,576
03/12/2013,13,571
03/12/2013,16,579.5
03/12/2013,19,588
03/12/2013,22,598
03/13/2013,1,604
03/13/2013,4,601.5
03/13/2013,7,583
03/13/2013,10,583
03/13/2013,13,594
03/13/2013,16,605.5
03/13/2013,19,615
03/13/2013,22,618
03/14/2013,1,611
03/14/2013,4,598
03/14/2013,7,585
03/14/2013,10,582
03/14/2013,13,591
03/14/2013,16,603.5
03/14/2013,19,616
03/14/2013,22,604.5
03/15/2013,1,586
03/15/2013,4,570.5
03/15/2013,7,558
03/15/2013,10,571
03/15/2013,13,598
03/15/2013,16,626
03/15/2013,19,651
03/15/2013,22,669.5
03/16/2013,1,682
03/16/2013,4,685.5
03/16/2013,7,678
03/16/2013,10,667
03/16/2013,13,665
03/16/2013,16,669.5
03/16/2013,19,688
03/16/2013,22,701
03/17/2013,1,702
03/17/2013,4,690.5
03/17/2013,7,678
03/17/2013,10,658.5
03/17/2013,13,654
03/17/2013,16,662
03/17/2013,19,674
03/17/2013,22,675
03/18/2013,1,667
03/18/2013,4,655.5
03/18/2013,7,649
03/18/2013,10,628
03/18/2013,13,617
03/18/2013,16,626.5
03/18/2013,19,636
03/18/2013,22,648.5
03/19/2013,1,659
03/19/2013,4,659.5
03/19/2013,7,641
03/19/2013,10,619
03/19/2013,13,602
03/19/2013,16,622
03/19/2013,19,640
03/19/2013,22,648.5
03/20/2013,1,653
03/20/2013,4,647.5
03/20/2013,7,639
03/20/2013,10,632.5
03/20/2013,13,635
03/20/2013,16,645.5
03/20/2013,19,666
03/20/2013,22,668
03/21/2013,1,664
03/21/2013,4,653.5
03/21/2013,7,641
03/21/2013,10,642
03/21/2013,13,645
03/21/2013,16,646
03/21/2013,19,643
03/21/2013,22,637.5
03/22/2013,1,630
03/22/2013,4,621.5
03/22/2013,7,613
03/22/2013,10,613
03/22/2013,13,612
03/22/2013,16,610.5
03/22/2013,19,612
03/22/2013,22,616
03/23/2013,1,618
03/23/2013,4,616
03/23/2013,7,607
03/23/2013,10,602
03/23/2013,13,601
03/23/2013,16,602
03/23/2013,19,605
03/23/2013,22,609
03/24/2013,1,604
03/24/2013,4,601
03/24/2013,7,600
03/24/2013,10,602
03/24/2013,13,606
03/24/2013,16,610
03/24/2013,19,615
03/24/2013,22,617
03/25/2013,1,620
03/25/2013,4,616
03/25/2013,7,610
03/25/2013,10,600.5
03/25/2013,13,592
03/25/2013,16,587
03/25/2013,19,590
03/25/2013,22,592
03/26/2013,1,591
03/26/2013,4,589
03/26/2013,7,585
03/26/2013,10,588
03/26/2013,13,594
03/26/2013,16,607
03/26/2013,19,611
03/26/2013,22,614
03/27/2013,1,618
03/27/2013,4,625
03/27/2013,7,629
03/27/2013,10,631
03/27/2013,13,635
03/27/2013,16,640
03/27/2013,19,640
03/27/2013,22,637.5
03/28/2013,1,636
03/28/2013,4,637
03/28/2013,7,645
03/28/2013,10,654
03/28/2013,13,660
03/28/2013,16,660
03/28/2013,19,659
03/28/2013,22,657.5
03/29/2013,1,660
03/29/2013,4,664
03/29/2013,7,666
03/29/2013,10,670
03/29/2013,13,676
03/29/2013,16,680
03/29/2013,19,681
03/29/2013,22,681
03/30/2013,1,682
03/30/2013,4,684
03/30/2013,7,685
03/30/2013,10,683
03/30/2013,13,679
03/30/2013,16,677
03/30/2013,19,676
03/30/2013,22,672
03/31/2013,1,666
03/31/2013,4,659
03/31/2013,7,654
03/31/2013,10,648.5
03/31/2013,13,645
03/31/2013,16,643
03/31/2013,19,639
03/31/2013,22,637
04/01/2013,1,633
04/01/2013,4,630
04/01/2013,7,628
04/01/2013,10,618
04/01/2013,13,613
04/01/2013,16,605
04/01/2013,19,605
04/01/2013,22,606
04/02/2013,1,608
04/02/2013,4,613
04/02/2013,7,615
04/02/2013,10,614
04/02/2013,13,614
04/02/2013,16,617
04/02/2013,19,619
04/02/2013,22,621
04/03/2013,1,624
04/03/2013,4,623
04/03/2013,7,620
04/03/2013,10,623
04/03/2013,13,628
04/03/2013,16,630
04/03/2013,19,630
04/03/2013,22,628
04/04/2013,1,627
04/04/2013,4,629
04/04/2013,7,632
04/04/2013,10,633
04/04/2013,13,634
04/04/2013,16,635
04/04/2013,19,634
04/04/2013,22,630
04/05/2013,1,627
04/05/2013,4,623
04/05/2013,7,621
04/05/2013,10,624
04/05/2013,13,628
04/05/2013,16,630
04/05/2013,19,631
04/05/2013,22,635
04/06/2013,1,640
04/06/2013,4,643
04/06/2013,7,647
04/06/2013,10,649
04/06/2013,13,652
04/06/2013,16,653
04/06/2013,19,654
04/06/2013,22,651
04/07/2013,1,647
04/07/2013,4,642
04/07/2013,7,635
04/07/2013,10,634.5
04/07/2013,13,633
04/07/2013,16,633
04/07/2013,19,632
04/07/2013,22,628.5
04/08/2013,1,622
04/08/2013,4,617
04/08/2013,7,614
04/08/2013,10,614
04/08/2013,13,614
04/08/2013,16,616
04/08/2013,19,617
04/08/2013,22,619
04/09/2013,1,617
04/09/2013,4,613
04/09/2013,7,608
04/09/2013,10,608
04/09/2013,13,613
04/09/2013,16,620
04/09/2013,19,625
04/09/2013,22,627
04/10/2013,1,624
04/10/2013,4,619
04/10/2013,7,616
04/10/2013,10,620
04/10/2013,13,626
04/10/2013,16,629
04/10/2013,19,633
04/10/2013,22,636
04/11/2013,1,639
04/11/2013,4,637
04/11/2013,7,636
04/11/2013,10,633
04/11/2013,13,632
04/11/2013,16,633
04/11/2013,19,635
04/11/2013,22,639
04/12/2013,1,637
04/12/2013,4,634
04/12/2013,7,633
04/12/2013,10,632
04/12/2013,13,630
04/12/2013,16,632
04/12/2013,19,635
04/12/2013,22,633
04/13/2013,1,629
04/13/2013,4,624
04/13/2013,7,622
04/13/2013,10,625
04/13/2013,13,629
04/13/2013,16,631
04/13/2013,19,631
04/13/2013,22,628
04/14/2013,1,624
04/14/2013,4,621
04/14/2013,7,619
04/14/2013,10,622
04/14/2013,13,626
04/14/2013,16,628
04/14/2013,19,627
04/14/2013,22,626
04/15/2013,1,625
04/15/2013,4,625
04/15/2013,7,624
04/15/2013,10,629
04/15/2013,13,633
04/15/2013,16,637
04/15/2013,19,640
04/15/2013,22,641
04/16/2013,1,641
04/16/2013,4,642
04/16/2013,7,643
04/16/2013,10,645
04/16/2013,13,647
04/16/2013,16,649
04/16/2013,19,652
04/16/2013,22,655
04/17/2013,1,657
04/17/2013,4,660
04/17/2013,7,662
04/17/2013,10,663
04/17/2013,13,665
04/17/2013,16,670
04/17/2013,19,677
04/17/2013,22,679
04/18/2013,1,674
04/18/2013,4,667
04/18/2013,7,661
04/18/2013,10,661
04/18/2013,13,663
04/18/2013,16,672
04/18/2013,19,678
04/18/2013,22,683
04/19/2013,1,687
04/19/2013,4,690
04/19/2013,7,692
04/19/2013,10,693
04/19/2013,13,695
04/19/2013,16,692
04/19/2013,19,689
04/19/2013,22,687
04/20/2013,1,684
04/20/2013,4,682
04/20/2013,7,681
04/20/2013,10,676
04/20/2013,13,668
04/20/2013,16,657
04/20/2013,19,648
04/20/2013,22,652
04/21/2013,1,656
04/21/2013,4,661
04/21/2013,7,664
04/21/2013,10,670
04/21/2013,13,674
04/21/2013,16,677
04/21/2013,19,679
04/21/2013,22,682
04/22/2013,1,684
04/22/2013,4,687
04/22/2013,7,688
04/22/2013,10,685
04/22/2013,13,680
04/22/2013,16,677
04/22/2013,19,674
04/22/2013,22,671
04/23/2013,1,672
04/23/2013,4,675
04/23/2013,7,676
04/23/2013,10,680
04/23/2013,13,688
04/23/2013,16,699
04/23/2013,19,708
04/23/2013,22,719
04/24/2013,1,725
04/24/2013,4,729
04/24/2013,7,732
04/24/2013,10,730
04/24/2013,13,727
04/24/2013,16,725
04/24/2013,19,723
04/24/2013,22,723
04/25/2013,1,728
04/25/2013,4,735
04/25/2013,7,738
04/25/2013,10,739
04/25/2013,13,737
04/25/2013,16,734
04/25/2013,19,734
04/25/2013,22,736
04/26/2013,1,740
04/26/2013,4,743
04/26/2013,7,744
04/26/2013,10,735
04/26/2013,13,725
04/26/2013,16,718
04/26/2013,19,710
04/26/2013,22,705
04/27/2013,1,699
04/27/2013,4,696
04/27/2013,7,693
04/27/2013,10,689
04/27/2013,13,687
04/27/2013,16,686
04/27/2013,19,684
04/27/2013,22,681
04/28/2013,1,682
04/28/2013,4,684
04/28/2013,7,685
04/28/2013,10,676
04/28/2013,13,670
04/28/2013,16,666
04/28/2013,19,663
04/28/2013,22,663
04/29/2013,1,661
04/29/2013,4,658
04/29/2013,7,656
04/29/2013,10,652
04/29/2013,13,644
04/29/2013,16,635
04/29/2013,19,630
04/29/2013,22,627
04/30/2013,1,626
04/30/2013,4,625
04/30/2013,7,625
04/30/2013,10,623
04/30/2013,13,620
04/30/2013,16,616
04/30/2013,19,611
04/30/2013,22,608
05/01/2013,1,604
05/01/2013,4,610
05/01/2013,7,620
05/01/2013,10,628.5
05/01/2013,13,634
05/01/2013,16,638
05/01/2013,19,640
05/01/2013,22,641.5
05/02/2013,1,643
05/02/2013,4,651.5
05/02/2013,7,667
05/02/2013,10,683
05/02/2013,13,690
05/02/2013,16,690
05/02/2013,19,687
05/02/2013,22,698.5
05/03/2013,1,718
05/03/2013,4,734.3333333
05/03/2013,7,760.3333333
05/03/2013,10,771
05/03/2013,13,771
05/03/2013,16,783.3333333
05/03/2013,19,800.6666667
05/03/2013,22,813.25
05/04/2013,1,824
05/04/2013,4,826.5
05/04/2013,7,828
05/04/2013,10,831.5
05/04/2013,13,835
05/04/2013,16,830
05/04/2013,19,826
05/04/2013,22,825
05/05/2013,1,827
05/05/2013,4,824
05/05/2013,7,819
05/05/2013,10,806.5
05/05/2013,13,797
05/05/2013,16,800.5
05/05/2013,19,806
05/05/2013,22,805.5
05/06/2013,1,800
05/06/2013,4,788.5
05/06/2013,7,776
05/06/2013,10,754
05/06/2013,13,737
05/06/2013,16,731
05/06/2013,19,735
05/06/2013,22,750.5
05/07/2013,1,762
05/07/2013,4,762.5
05/07/2013,7,753
05/07/2013,10,746.5
05/07/2013,13,744
05/07/2013,16,748.5
05/07/2013,19,759
05/07/2013,22,772.5
05/08/2013,1,781
05/08/2013,4,784
05/08/2013,7,787
05/08/2013,10,782.5
05/08/2013,13,780
05/08/2013,16,797
05/08/2013,19,810
05/08/2013,22,815
05/09/2013,1,817
05/09/2013,4,813.5
05/09/2013,7,810
05/09/2013,10,803
05/09/2013,13,799
05/09/2013,16,807
05/09/2013,19,821
05/09/2013,22,825
05/10/2013,1,828
05/10/2013,4,820
05/10/2013,7,807
05/10/2013,10,794
05/10/2013,13,783
05/10/2013,16,782.5
05/10/2013,19,793
05/10/2013,22,801
05/11/2013,1,805
05/11/2013,4,796.5
05/11/2013,7,785
05/11/2013,10,775.5
05/11/2013,13,770
05/11/2013,16,779
05/11/2013,19,790
05/11/2013,22,792.5
05/12/2013,1,789
05/12/2013,4,781
05/12/2013,7,773
05/12/2013,10,762
05/12/2013,13,752
05/12/2013,16,743
05/12/2013,19,739
05/12/2013,22,734
05/13/2013,1,730
05/13/2013,4,726
05/13/2013,7,721
05/13/2013,10,711.5
05/13/2013,13,706
05/13/2013,16,713
05/13/2013,19,723
05/13/2013,22,730
05/14/2013,1,730
05/14/2013,4,728.5
05/14/2013,7,726
05/14/2013,10,722
05/14/2013,13,714
05/14/2013,16,717.5
05/14/2013,19,721
05/14/2013,22,723.5
05/15/2013,1,722
05/15/2013,4,722.5
05/15/2013,7,731
05/15/2013,10,731
05/15/2013,13,731
05/15/2013,16,740
05/15/2013,19,746
05/15/2013,22,748
05/16/2013,1,744
05/16/2013,4,754
05/16/2013,7,765
05/16/2013,10,771
05/16/2013,13,766
05/16/2013,16,762
05/16/2013,19,760
05/16/2013,22,765.5
05/17/2013,1,769
05/17/2013,4,781.5
05/17/2013,7,793
05/17/2013,10,801.5
05/17/2013,13,806
05/17/2013,16,827
05/17/2013,19,838
05/17/2013,22,841
05/18/2013,1,835
05/18/2013,4,829
05/18/2013,7,823
05/18/2013,10,820.5
05/18/2013,13,819
05/18/2013,16,819
05/18/2013,19,817
05/18/2013,22,812
05/19/2013,1,808
05/19/2013,4,804
05/19/2013,7,802
05/19/2013,10,805.5
05/19/2013,13,809
05/19/2013,16,809
05/19/2013,19,809
05/19/2013,22,806
05/20/2013,1,804
05/20/2013,4,801.5
05/20/2013,7,801
05/20/2013,10,793
05/20/2013,13,785
05/20/2013,16,783
05/20/2013,19,783
05/20/2013,22,786
05/21/2013,1,791
05/21/2013,4,789
05/21/2013,7,786
05/21/2013,10,793.5
05/21/2013,13,799
05/21/2013,16,804.5
05/21/2013,19,808
05/21/2013,22,804
05/22/2013,1,800
05/22/2013,4,810
05/22/2013,7,828
05/22/2013,10,852.5
05/22/2013,13,867
05/22/2013,16,877
05/22/2013,19,884
05/22/2013,22,890
05/23/2013,1,888
05/23/2013,4,884.5
05/23/2013,7,881
05/23/2013,10,874
05/23/2013,13,867
05/23/2013,16,862
05/23/2013,19,857
05/23/2013,22,856
05/24/2013,1,855
05/24/2013,4,860
05/24/2013,7,865
05/24/2013,10,873
05/24/2013,13,878
05/24/2013,16,881
05/24/2013,19,882
05/24/2013,22,876
05/25/2013,1,872
05/25/2013,4,871
05/25/2013,7,870
05/25/2013,10,868.5
05/25/2013,13,867
05/25/2013,16,864
05/25/2013,19,863
05/25/2013,22,858.5
05/26/2013,1,855
05/26/2013,4,851
05/26/2013,7,848
05/26/2013,10,846
05/26/2013,13,845
05/26/2013,16,844.5
05/26/2013,19,849
05/26/2013,22,848.5
05/27/2013,1,838
05/27/2013,4,834.5
05/27/2013,7,832
05/27/2013,10,831
05/27/2013,13,827
05/27/2013,16,826
05/27/2013,19,829
05/27/2013,22,833
05/28/2013,1,837
05/28/2013,4,840
05/28/2013,7,843
05/28/2013,10,848
05/28/2013,13,849
05/28/2013,16,849
05/28/2013,19,849
05/28/2013,22,850.5
05/29/2013,1,857
05/29/2013,4,862.5
05/29/2013,7,868
05/29/2013,10,870.5
05/29/2013,13,871
05/29/2013,16,863
05/29/2013,19,848
05/29/2013,22,833.5
05/30/2013,1,825
05/30/2013,4,837
05/30/2013,7,852
05/30/2013,10,867.5
05/30/2013,13,878
05/30/2013,16,889.5
05/30/2013,19,907
05/30/2013,22,931
05/31/2013,1,948
05/31/2013,4,949
05/31/2013,7,950
05/31/2013,10,946.5
05/31/2013,13,945
05/31/2013,16,945
05/31/2013,19,942
05/31/2013,22,933
06/01/2013,1,920
06/01/2013,4,910.5
06/01/2013,7,902
06/01/2013,10,897
06/01/2013,13,894
06/01/2013,16,889
06/01/2013,19,885
06/01/2013,22,875
06/02/2013,1,863
06/02/2013,4,868.5
06/02/2013,7,874
06/02/2013,10,877
06/02/2013,13,879
06/02/2013,16,890
06/02/2013,19,900
06/02/2013,22,916
06/03/2013,1,928
06/03/2013,4,938
06/03/2013,7,947
06/03/2013,10,944.5
06/03/2013,13,947
06/03/2013,16,948.5
06/03/2013,19,947
06/03/2013,22,942
06/04/2013,1,935
06/04/2013,4,925
06/04/2013,7,914
06/04/2013,10,904.5
06/04/2013,13,896
06/04/2013,16,903
06/04/2013,19,905
06/04/2013,22,903.5
06/05/2013,1,901
06/05/2013,4,903.5
06/05/2013,7,910
06/05/2013,10,909
06/05/2013,13,909
06/05/2013,16,917
06/05/2013,19,923
06/05/2013,22,928.5
06/06/2013,1,937
06/06/2013,4,942
06/06/2013,7,943
06/06/2013,10,937
06/06/2013,13,942
06/06/2013,16,961
06/06/2013,19,967
06/06/2013,22,972.5
06/07/2013,1,974
06/07/2013,4,979
06/07/2013,7,983
06/07/2013,10,983
06/07/2013,13,981
06/07/2013,16,974.5
06/07/2013,19,970
06/07/2013,22,960.5
06/08/2013,1,951
06/08/2013,4,942.5
06/08/2013,7,936
06/08/2013,10,930.5
06/08/2013,13,923
06/08/2013,16,913.5
06/08/2013,19,905
06/08/2013,22,895.5
06/09/2013,1,890
06/09/2013,4,884.5
06/09/2013,7,880
06/09/2013,10,875
06/09/2013,13,871
06/09/2013,16,867
06/09/2013,19,864
06/09/2013,22,860.5
06/10/2013,1,857
06/10/2013,4,856
06/10/2013,7,856
06/10/2013,10,860.5
06/10/2013,13,870
06/10/2013,16,870
06/10/2013,19,870
06/10/2013,22,871
06/11/2013,1,875
06/11/2013,4,893
06/11/2013,7,918
06/11/2013,10,931
06/11/2013,13,935
06/11/2013,16,935
06/11/2013,19,936
06/11/2013,22,944.5
06/12/2013,1,957
06/12/2013,4,951
06/12/2013,7,945
06/12/2013,10,945.5
06/12/2013,13,949
06/12/2013,16,953
06/12/2013,19,956
06/12/2013,22,956
06/13/2013,1,957
06/13/2013,4,952
06/13/2013,7,948
06/13/2013,10,941.5
06/13/2013,13,940
06/13/2013,16,940
06/13/2013,19,940
06/13/2013,22,943.5
06/14/2013,1,946
06/14/2013,4,937
06/14/2013,7,926
06/14/2013,10,911.5
06/14/2013,13,906
06/14/2013,16,900.5
06/14/2013,19,898
06/14/2013,22,894
06/15/2013,1,890
06/15/2013,4,887
06/15/2013,7,886
06/15/2013,10,883
06/15/2013,13,879
06/15/2013,16,876.5
06/15/2013,19,875
06/15/2013,22,870
06/16/2013,1,865
06/16/2013,4,866
06/16/2013,7,871
06/16/2013,10,865.5
06/16/2013,13,859
06/16/2013,16,858
06/16/2013,19,862
06/16/2013,22,864
06/17/2013,1,860
06/17/2013,4,859.5
06/17/2013,7,866
06/17/2013,10,861.5
06/17/2013,13,858
06/17/2013,16,858
06/17/2013,19,858
06/17/2013,22,851.5
06/18/2013,1,843
06/18/2013,4,834.5
06/18/2013,7,831
06/18/2013,10,819.5
06/18/2013,13,810
06/18/2013,16,801.5
06/18/2013,19,794
06/18/2013,22,788.5
06/19/2013,1,785
06/19/2013,4,785
06/19/2013,7,785
06/19/2013,10,792
06/19/2013,13,794
06/19/2013,16,798
06/19/2013,19,801
06/19/2013,22,805
06/20/2013,1,807
06/20/2013,4,808.5
06/20/2013,7,811
06/20/2013,10,830.5
06/20/2013,13,849
06/20/2013,16,857.5
06/20/2013,19,863
06/20/2013,22,878.5
06/21/2013,1,889
06/21/2013,4,904.5
06/21/2013,7,918
06/21/2013,10,904
06/21/2013,13,893
06/21/2013,16,900
06/21/2013,19,909
06/21/2013,22,910.5
06/22/2013,1,913
06/22/2013,4,907.5
06/22/2013,7,901
06/22/2013,10,887.5
06/22/2013,13,882
06/22/2013,16,885.5
06/22/2013,19,891
06/22/2013,22,881
06/23/2013,1,872
06/23/2013,4,869
06/23/2013,7,868
06/23/2013,10,867
06/23/2013,13,865
06/23/2013,16,861.5
06/23/2013,19,854
06/23/2013,22,846
06/24/2013,1,840
06/24/2013,4,824.5
06/24/2013,7,809
06/24/2013,10,792.5
06/24/2013,13,777
06/24/2013,16,772
06/24/2013,19,770
06/24/2013,22,776.5
06/25/2013,1,789
06/25/2013,4,806.5
06/25/2013,7,825
06/25/2013,10,834
06/25/2013,13,844
06/25/2013,16,858.5
06/25/2013,19,873
06/25/2013,22,888
06/26/2013,1,897
06/26/2013,4,899.5
06/26/2013,7,901
06/26/2013,10,892
06/26/2013,13,882
06/26/2013,16,892
06/26/2013,19,899
06/26/2013,22,904
06/27/2013,1,909
06/27/2013,4,915.5
06/27/2013,7,910
06/27/2013,10,897
06/27/2013,13,889
06/27/2013,16,896
06/27/2013,19,906
06/27/2013,22,911.5
06/28/2013,1,915
06/28/2013,4,916.5
06/28/2013,7,920
06/28/2013,10,914.5
06/28/2013,13,910
06/28/2013,16,919
06/28/2013,19,935
06/28/2013,22,945.5
06/29/2013,1,951
06/29/2013,4,951.5
06/29/2013,7,945
06/29/2013,10,937.5
06/29/2013,13,926
06/29/2013,16,933.5
06/29/2013,19,943
06/29/2013,22,946.5
06/30/2013,1,950
06/30/2013,4,949.5
06/30/2013,7,944
06/30/2013,10,927
06/30/2013,13,902
06/30/2013,16,906
06/30/2013,19,910
06/30/2013,22,917
07/01/2013,1,928
07/01/2013,4,944
07/01/2013,7,959
07/01/2013,10,959
07/01/2013,13,948
07/01/2013,16,941
07/01/2013,19,937
07/01/2013,22,933
07/02/2013,1,931
07/02/2013,4,931.5
07/02/2013,7,939
07/02/2013,10,944
07/02/2013,13,947
07/02/2013,16,965.5
07/02/2013,19,988
07/02/2013,22,1012
07/03/2013,1,1037
07/03/2013,4,1055.5
07/03/2013,7,1065
07/03/2013,10,1058.5
07/03/2013,13,1050
07/03/2013,16,1046
07/03/2013,19,1050
07/03/2013,22,1056.5
07/04/2013,1,1062
07/04/2013,4,1069
07/04/2013,7,1076
07/04/2013,10,1077.5
07/04/2013,13,1078
07/04/2013,16,1089.5
07/04/2013,19,1095
07/04/2013,22,1101
07/05/2013,1,1110
07/05/2013,4,1108.5
07/05/2013,7,1102
07/05/2013,10,1096
07/05/2013,13,1091
07/05/2013,16,1089
07/05/2013,19,1092
07/05/2013,22,1101.5
07/06/2013,1,1108
07/06/2013,4,1114.5
07/06/2013,7,1117
07/06/2013,10,1110
07/06/2013,13,1105
07/06/2013,16,1100
07/06/2013,19,1097
07/06/2013,22,1103
07/07/2013,1,1110
07/07/2013,4,1101.5
07/07/2013,7,1090
07/07/2013,10,1068.5
07/07/2013,13,1054
07/07/2013,16,1047
07/07/2013,19,1042
07/07/2013,22,1049
07/08/2013,1,1066
07/08/2013,4,1076
07/08/2013,7,1084
07/08/2013,10,1081
07/08/2013,13,1077
07/08/2013,16,1074
07/08/2013,19,1072
07/08/2013,22,1066.5
07/09/2013,1,1061
07/09/2013,4,1056
07/09/2013,7,1050
07/09/2013,10,1038.5
07/09/2013,13,1032
07/09/2013,16,1035
07/09/2013,19,1047
07/09/2013,22,1070.5
07/10/2013,1,1110
07/10/2013,4,1137.666667
07/10/2013,7,1177.333333
07/10/2013,10,1199
07/10/2013,13,1214
07/10/2013,16,1238.666667
07/10/2013,19,1254
07/10/2013,22,1278.25
07/11/2013,1,1296
07/11/2013,4,1302.666667
07/11/2013,7,1307
07/11/2013,10,1302
07/11/2013,13,1294
07/11/2013,16,1290.333333
07/11/2013,19,1280.666667
07/11/2013,22,1272.5
07/12/2013,1,1275
07/12/2013,4,1276.666667
07/12/2013,7,1268.333333
07/12/2013,10,1258.666667
07/12/2013,13,1247.666667
07/12/2013,16,1244
07/12/2013,19,1246.333333
07/12/2013,22,1250.5
07/13/2013,1,1254
07/13/2013,4,1247
07/13/2013,7,1235
07/13/2013,10,1213.5
07/13/2013,13,1193
07/13/2013,16,1189
07/13/2013,19,1186
07/13/2013,22,1185
07/14/2013,1,1184
07/14/2013,4,1178.5
07/14/2013,7,1170
07/14/2013,10,1153.5
07/14/2013,13,1139
07/14/2013,16,1132
07/14/2013,19,1127
07/14/2013,22,1124.5
07/15/2013,1,1124
07/15/2013,4,1120.5
07/15/2013,7,1117
07/15/2013,10,1101
07/15/2013,13,1066
07/15/2013,16,1062.5
07/15/2013,19,1059
07/15/2013,22,1056
07/16/2013,1,1058
07/16/2013,4,1060.5
07/16/2013,7,1059
07/16/2013,10,1057
07/16/2013,13,1057
07/16/2013,16,1067.5
07/16/2013,19,1080
07/16/2013,22,1096.5
07/17/2013,1,1112
07/17/2013,4,1114
07/17/2013,7,1114
07/17/2013,10,1107
07/17/2013,13,1100
07/17/2013,16,1104.5
07/17/2013,19,1109
07/17/2013,22,1120
07/18/2013,1,1130
07/18/2013,4,1133
07/18/2013,7,1132
07/18/2013,10,1133.5
07/18/2013,13,1138
07/18/2013,16,1149.5
07/18/2013,19,1170
07/18/2013,22,1185.5
07/19/2013,1,1200
07/19/2013,4,1207
07/19/2013,7,1212
07/19/2013,10,1212
07/19/2013,13,1212
07/19/2013,16,1224
07/19/2013,19,1245
07/19/2013,22,1271.5
07/20/2013,1,1312
07/20/2013,4,1321
07/20/2013,7,1329.333333
07/20/2013,10,1332
07/20/2013,13,1332
07/20/2013,16,1330
07/20/2013,19,1325
07/20/2013,22,1313.5
07/21/2013,1,1300
07/21/2013,4,1290
07/21/2013,7,1280
07/21/2013,10,1268.5
07/21/2013,13,1260
07/21/2013,16,1264
07/21/2013,19,1272
07/21/2013,22,1273.5
07/22/2013,1,1274
07/22/2013,4,1274
07/22/2013,7,1274
07/22/2013,10,1268
07/22/2013,13,1270
07/22/2013,16,1272
07/22/2013,19,1264
07/22/2013,22,1258.5
07/23/2013,1,1255
07/23/2013,4,1251
07/23/2013,7,1250
07/23/2013,10,1241.5
07/23/2013,13,1234
07/23/2013,16,1230
07/23/2013,19,1227
07/23/2013,22,1222
07/24/2013,1,1216
07/24/2013,4,1198.5
07/24/2013,7,1185
07/24/2013,10,1173
07/24/2013,13,1164
07/24/2013,16,1161.5
07/24/2013,19,1163
07/24/2013,22,1162
07/25/2013,1,1158
07/25/2013,4,1150
07/25/2013,7,1144
07/25/2013,10,1132
07/25/2013,13,1121
07/25/2013,16,1115.5
07/25/2013,19,1112
07/25/2013,22,1109
07/26/2013,1,1106
07/26/2013,4,1101
07/26/2013,7,1095
07/26/2013,10,1088
07/26/2013,13,1081
07/26/2013,16,1071
07/26/2013,19,1063
07/26/2013,22,1061
07/27/2013,1,1064
07/27/2013,4,1064
07/27/2013,7,1055
07/27/2013,10,1049.5
07/27/2013,13,1045
07/27/2013,16,1053
07/27/2013,19,1063
07/27/2013,22,1070.5
07/28/2013,1,1077
07/28/2013,4,1074
07/28/2013,7,1071
07/28/2013,10,1069.5
07/28/2013,13,1069
07/28/2013,16,1073
07/28/2013,19,1080
07/28/2013,22,1088
07/29/2013,1,1094
07/29/2013,4,1111.666667
07/29/2013,7,1129.333333
07/29/2013,10,1144.666667
07/29/2013,13,1153.666667
07/29/2013,16,1160.666667
07/29/2013,19,1164
07/29/2013,22,1168.25
07/30/2013,1,1171
07/30/2013,4,1180
07/30/2013,7,1193
07/30/2013,10,1205.5
07/30/2013,13,1217
07/30/2013,16,1231
07/30/2013,19,1242
07/30/2013,22,1249
07/31/2013,1,1254
07/31/2013,4,1266.5
07/31/2013,7,1275
07/31/2013,10,1283
07/31/2013,13,1287
07/31/2013,16,1287
07/31/2013,19,1287
07/31/2013,22,1282
08/01/2013,1,1275
08/01/2013,4,1265
08/01/2013,7,1258
08/01/2013,10,1250
08/01/2013,13,1242
08/01/2013,16,1233
08/01/2013,19,1226
08/01/2013,22,1217.5
08/02/2013,1,1211
08/02/2013,4,1206.5
08/02/2013,7,1203
08/02/2013,10,1198.5
08/02/2013,13,1194
08/02/2013,16,1191.5
08/02/2013,19,1197
08/02/2013,22,1199.5
08/03/2013,1,1201
08/03/2013,4,1196
08/03/2013,7,1190
08/03/2013,10,1184.5
08/03/2013,13,1184
08/03/2013,16,1187
08/03/2013,19,1190
08/03/2013,22,1201.5
08/04/2013,1,1230
08/04/2013,4,1256.333333
08/04/2013,7,1292.333333
08/04/2013,10,1316.666667
08/04/2013,13,1341.666667
08/04/2013,16,1361
08/04/2013,19,1372
08/04/2013,22,1379
08/05/2013,1,1385
08/05/2013,4,1381.333333
08/05/2013,7,1364
08/05/2013,10,1342.333333
08/05/2013,13,1335
08/05/2013,16,1338.666667
08/05/2013,19,1342
08/05/2013,22,1345.5
08/06/2013,1,1348
08/06/2013,4,1339
08/06/2013,7,1330
08/06/2013,10,1314.5
08/06/2013,13,1302
08/06/2013,16,1299
08/06/2013,19,1297
08/06/2013,22,1285.5
08/07/2013,1,1273
08/07/2013,4,1254
08/07/2013,7,1243
08/07/2013,10,1224
08/07/2013,13,1212
08/07/2013,16,1208
08/07/2013,19,1205
08/07/2013,22,1202.5
08/08/2013,1,1201
08/08/2013,4,1192.5
08/08/2013,7,1181
08/08/2013,10,1173
08/08/2013,13,1168
08/08/2013,16,1171.5
08/08/2013,19,1180
08/08/2013,22,1191
08/09/2013,1,1202
08/09/2013,4,1210.5
08/09/2013,7,1216
08/09/2013,10,1228
08/09/2013,13,1239
08/09/2013,16,1249.5
08/09/2013,19,1262
08/09/2013,22,1277.5
08/10/2013,1,1289
08/10/2013,4,1292
08/10/2013,7,1294
08/10/2013,10,1287.5
08/10/2013,13,1280
08/10/2013,16,1271
08/10/2013,19,1266
08/10/2013,22,1255
08/11/2013,1,1246
08/11/2013,4,1238
08/11/2013,7,1230
08/11/2013,10,1223
08/11/2013,13,1213
08/11/2013,16,1209
08/11/2013,19,1206
08/11/2013,22,1206
08/12/2013,1,1204
08/12/2013,4,1204
08/12/2013,7,1208
08/12/2013,10,1204.5
08/12/2013,13,1201
08/12/2013,16,1198
08/12/2013,19,1198
08/12/2013,22,1197.5
08/13/2013,1,1195
08/13/2013,4,1191.5
08/13/2013,7,1186
08/13/2013,10,1178.5
08/13/2013,13,1170
08/13/2013,16,1172.5
08/13/2013,19,1184
08/13/2013,22,1191
08/14/2013,1,1196
08/14/2013,4,1199
08/14/2013,7,1195
08/14/2013,10,1192.5
08/14/2013,13,1190
08/14/2013,16,1180.5
08/14/2013,19,1169
08/14/2013,22,1153
08/15/2013,1,1141
08/15/2013,4,1129.5
08/15/2013,7,1117
08/15/2013,10,1105
08/15/2013,13,1097
08/15/2013,16,1088
08/15/2013,19,1080
08/15/2013,22,1074
08/16/2013,1,1067
08/16/2013,4,1060
08/16/2013,7,1054
08/16/2013,10,1050
08/16/2013,13,1047
08/16/2013,16,1043.5
08/16/2013,19,1040
08/16/2013,22,1037
08/17/2013,1,1035
08/17/2013,4,1033.5
08/17/2013,7,1032
08/17/2013,10,1028
08/17/2013,13,1025
08/17/2013,16,1022.5
08/17/2013,19,1021
08/17/2013,22,1017
08/18/2013,1,1013
08/18/2013,4,1011.5
08/18/2013,7,1009
08/18/2013,10,1014.5
08/18/2013,13,1018
08/18/2013,16,1017.5
08/18/2013,19,1015
08/18/2013,22,1014.5
08/19/2013,1,1014
08/19/2013,4,1014.5
08/19/2013,7,1016
08/19/2013,10,1013.5
08/19/2013,13,1013
08/19/2013,16,1016
08/19/2013,19,1019
08/19/2013,22,1021.5
08/20/2013,1,1022
08/20/2013,4,1018.5
08/20/2013,7,1014
08/20/2013,10,1011.5
08/20/2013,13,1010
08/20/2013,16,1015.5
08/20/2013,19,1022
08/20/2013,22,1025.5
08/21/2013,1,1029
08/21/2013,4,1023.5
08/21/2013,7,1017
08/21/2013,10,1014.5
08/21/2013,13,1013
08/21/2013,16,1022
08/21/2013,19,1033
08/21/2013,22,1042.5
08/22/2013,1,1048
08/22/2013,4,1041.5
08/22/2013,7,1036
08/22/2013,10,1036
08/22/2013,13,1034
08/22/2013,16,1043.5
08/22/2013,19,1050
08/22/2013,22,1054
08/23/2013,1,1057
08/23/2013,4,1055
08/23/2013,7,1048
08/23/2013,10,1040
08/23/2013,13,1037
08/23/2013,16,1039.5
08/23/2013,19,1049
08/23/2013,22,1053
08/24/2013,1,1055
08/24/2013,4,1044
08/24/2013,7,1031
08/24/2013,10,1027
08/24/2013,13,1022
08/24/2013,16,1026
08/24/2013,19,1031
08/24/2013,22,1032.5
08/25/2013,1,1035
08/25/2013,4,1035.5
08/25/2013,7,1031
08/25/2013,10,1040.5
08/25/2013,13,1055
08/25/2013,16,1069.5
08/25/2013,19,1081
08/25/2013,22,1099.5
08/26/2013,1,1114
08/26/2013,4,1125.333333
08/26/2013,7,1140.333333
08/26/2013,10,1151.333333
08/26/2013,13,1161.666667
08/26/2013,16,1172.333333
08/26/2013,19,1182
08/26/2013,22,1186.75
08/27/2013,1,1187
08/27/2013,4,1183.5
08/27/2013,7,1179
08/27/2013,10,1171
08/27/2013,13,1166
08/27/2013,16,1162
08/27/2013,19,1156
08/27/2013,22,1150
08/28/2013,1,1143
08/28/2013,4,1131.5
08/28/2013,7,1120
08/28/2013,10,1105.5
08/28/2013,13,1099
08/28/2013,16,1093.5
08/28/2013,19,1090
08/28/2013,22,1085.5
08/29/2013,1,1080
08/29/2013,4,1071.5
08/29/2013,7,1063
08/29/2013,10,1054
08/29/2013,13,1048
08/29/2013,16,1045.5
08/29/2013,19,1045
08/29/2013,22,1043.5
08/30/2013,1,1042
08/30/2013,4,1032.5
08/30/2013,7,1024
08/30/2013,10,1015
08/30/2013,13,1005
08/30/2013,16,1010
08/30/2013,19,1019
08/30/2013,22,1038
08/31/2013,1,1055
08/31/2013,4,1061.5
08/31/2013,7,1066
08/31/2013,10,1057.5
08/31/2013,13,1048
08/31/2013,16,1062.5
08/31/2013,19,1088
08/31/2013,22,1110.5
09/01/2013,1,1128
09/01/2013,4,1130.5
09/01/2013,7,1132
09/01/2013,10,1123
09/01/2013,13,1112
09/01/2013,16,1107
09/01/2013,19,1113
09/01/2013,22,1118.5
09/02/2013,1,1120
09/02/2013,4,1113
09/02/2013,7,1103
09/02/2013,10,1088
09/02/2013,13,1077
09/02/2013,16,1067
09/02/2013,19,1061
09/02/2013,22,1058
09/03/2013,1,1055
09/03/2013,4,1044.5
09/03/2013,7,1032
09/03/2013,10,1021.5
09/03/2013,13,1015
09/03/2013,16,1017.5
09/03/2013,19,1018
09/03/2013,22,1016
09/04/2013,1,1012
09/04/2013,4,1008.5
09/04/2013,7,1007
09/04/2013,10,1012.5
09/04/2013,13,1028
09/04/2013,16,1052.5
09/04/2013,19,1077
09/04/2013,22,1099
09/05/2013,1,1118
09/05/2013,4,1127
09/05/2013,7,1132
09/05/2013,10,1157
09/05/2013,13,1180
09/05/2013,16,1203.5
09/05/2013,19,1223
09/05/2013,22,1245
09/06/2013,1,1269
09/06/2013,4,1281.333333
09/06/2013,7,1299.333333
09/06/2013,10,1310.666667
09/06/2013,13,1313.666667
09/06/2013,16,1307
09/06/2013,19,1297.666667
09/06/2013,22,1284
09/07/2013,1,1274
09/07/2013,4,1265
09/07/2013,7,1248.333333
09/07/2013,10,1227.666667
09/07/2013,13,1206
09/07/2013,16,1186.333333
09/07/2013,19,1165.666667
09/07/2013,22,1147.25
09/08/2013,1,1133
09/08/2013,4,1126.5
09/08/2013,7,1121
09/08/2013,10,1110.5
09/08/2013,13,1095
09/08/2013,16,1079.5
09/08/2013,19,1064
09/08/2013,22,1051.5
09/09/2013,1,1040
09/09/2013,4,1045.5
09/09/2013,7,1052
09/09/2013,10,1052.5
09/09/2013,13,1047
09/09/2013,16,1050.5
09/09/2013,19,1055
09/09/2013,22,1071
09/10/2013,1,1084
09/10/2013,4,1095.5
09/10/2013,7,1104
09/10/2013,10,1103
09/10/2013,13,1096
09/10/2013,16,1085
09/10/2013,19,1077
09/10/2013,22,1071.5
09/11/2013,1,1066
09/11/2013,4,1066
09/11/2013,7,1066
09/11/2013,10,1050.5
09/11/2013,13,1038
09/11/2013,16,1029.5
09/11/2013,19,1023
09/11/2013,22,1018
09/12/2013,1,1013
09/12/2013,4,1007.5
09/12/2013,7,1003
09/12/2013,10,990
09/12/2013,13,983
09/12/2013,16,973
09/12/2013,19,966
09/12/2013,22,959.5
09/13/2013,1,955
09/13/2013,4,967
09/13/2013,7,980
09/13/2013,10,995.5
09/13/2013,13,1003
09/13/2013,16,1012.5
09/13/2013,19,1021
09/13/2013,22,1030.5
09/14/2013,1,1040
09/14/2013,4,1047.5
09/14/2013,7,1054
09/14/2013,10,1056.5
09/14/2013,13,1058
09/14/2013,16,1054.5
09/14/2013,19,1048
09/14/2013,22,1048.5
09/15/2013,1,1057
09/15/2013,4,1057.5
09/15/2013,7,1049
09/15/2013,10,1045.5
09/15/2013,13,1045
09/15/2013,16,1050.5
09/15/2013,19,1055
09/15/2013,22,1049.5
09/16/2013,1,1042
09/16/2013,4,1035
09/16/2013,7,1028
09/16/2013,10,1013
09/16/2013,13,1000
09/16/2013,16,994
09/16/2013,19,989
09/16/2013,22,986
09/17/2013,1,983
09/17/2013,4,975
09/17/2013,7,966
09/17/2013,10,956.5
09/17/2013,13,950
09/17/2013,16,932.5
09/17/2013,19,909
09/17/2013,22,895
09/18/2013,1,887
09/18/2013,4,878
09/18/2013,7,870
09/18/2013,10,870
09/18/2013,13,878
09/18/2013,16,897
09/18/2013,19,917
09/18/2013,22,929
09/19/2013,1,937
09/19/2013,4,947
09/19/2013,7,958
09/19/2013,10,961
09/19/2013,13,962
09/19/2013,16,962
09/19/2013,19,962
09/19/2013,22,956.5
09/20/2013,1,950
09/20/2013,4,936.5
09/20/2013,7,918
09/20/2013,10,905.5
09/20/2013,13,897
09/20/2013,16,888
09/20/2013,19,881
09/20/2013,22,877
09/21/2013,1,874
09/21/2013,4,879
09/21/2013,7,884
09/21/2013,10,892.5
09/21/2013,13,900
09/21/2013,16,917.5
09/21/2013,19,931
09/21/2013,22,933.5
09/22/2013,1,934
09/22/2013,4,929.5
09/22/2013,7,922
09/22/2013,10,917
09/22/2013,13,914
09/22/2013,16,908
09/22/2013,19,903
09/22/2013,22,896.5
09/23/2013,1,892
09/23/2013,4,900
09/23/2013,7,910
09/23/2013,10,915.5
09/23/2013,13,921
09/23/2013,16,932
09/23/2013,19,944
09/23/2013,22,949.5
09/24/2013,1,954
09/24/2013,4,946
09/24/2013,7,933
09/24/2013,10,925
09/24/2013,13,919
09/24/2013,16,915
09/24/2013,19,913
09/24/2013,22,911
09/25/2013,1,907
09/25/2013,4,914.5
09/25/2013,7,927
09/25/2013,10,935
09/25/2013,13,940
09/25/2013,16,931.5
09/25/2013,19,921
09/25/2013,22,915
09/26/2013,1,910
09/26/2013,4,905.5
09/26/2013,7,902
09/26/2013,10,890
09/26/2013,13,880
09/26/2013,16,876
09/26/2013,19,873
09/26/2013,22,868.5
09/27/2013,1,863
09/27/2013,4,868.5
09/27/2013,7,876
09/27/2013,10,880
09/27/2013,13,883
09/27/2013,16,884.5
09/27/2013,19,885
09/27/2013,22,878.5
09/28/2013,1,873
09/28/2013,4,871.5
09/28/2013,7,870
09/28/2013,10,866.5
09/28/2013,13,862
09/28/2013,16,862
09/28/2013,19,862
09/28/2013,22,859
09/29/2013,1,856
09/29/2013,4,853.5
09/29/2013,7,851
09/29/2013,10,841.5
09/29/2013,13,834
09/29/2013,16,826
09/29/2013,19,819
09/29/2013,22,814.5
09/30/2013,1,810
09/30/2013,4,814.5
09/30/2013,7,820
09/30/2013,10,829.5
09/30/2013,13,838
09/30/2013,16,846
09/30/2013,19,856
09/30/2013,22,856.5
10/01/2013,1,850
10/01/2013,4,846.5
10/01/2013,7,843
10/01/2013,10,836
10/01/2013,13,833
10/01/2013,16,830.5
10/01/2013,19,832
10/01/2013,22,834.5
10/02/2013,1,836
10/02/2013,4,828
10/02/2013,7,814
10/02/2013,10,811
10/02/2013,13,809
10/02/2013,16,801
10/02/2013,19,794
10/02/2013,22,791.5
10/03/2013,1,789
10/03/2013,4,794
10/03/2013,7,799
10/03/2013,10,801
10/03/2013,13,801
10/03/2013,16,796.5
10/03/2013,19,795
10/03/2013,22,792
10/04/2013,1,790
10/04/2013,4,790
10/04/2013,7,790
10/04/2013,10,790
10/04/2013,13,790
10/04/2013,16,790.5
10/04/2013,19,793
10/04/2013,22,793.5
10/05/2013,1,788
10/05/2013,4,795.5
10/05/2013,7,806
10/05/2013,10,814.5
10/05/2013,13,820
10/05/2013,16,813
10/05/2013,19,803
10/05/2013,22,800
10/06/2013,1,797
10/06/2013,4,793.5
10/06/2013,7,789
10/06/2013,10,785
10/06/2013,13,784
10/06/2013,16,776
10/06/2013,19,760
10/06/2013,22,743
10/07/2013,1,730
10/07/2013,4,726
10/07/2013,7,725
10/07/2013,10,722
10/07/2013,13,716
10/07/2013,16,713.5
10/07/2013,19,712
10/07/2013,22,718.5
10/08/2013,1,730
10/08/2013,4,736
10/08/2013,7,733
10/08/2013,10,729
10/08/2013,13,726
10/08/2013,16,712
10/08/2013,19,702
10/08/2013,22,716
10/09/2013,1,740
10/09/2013,4,747
10/09/2013,7,753
10/09/2013,10,757
10/09/2013,13,760
10/09/2013,16,756
10/09/2013,19,750
10/09/2013,22,732.5
10/10/2013,1,721
10/10/2013,4,709
10/10/2013,7,697
10/10/2013,10,720.5
10/10/2013,13,745
10/10/2013,16,747
10/10/2013,19,734
10/10/2013,22,725.5
10/11/2013,1,720
10/11/2013,4,728
10/11/2013,7,735
10/11/2013,10,737.5
10/11/2013,13,738
10/11/2013,16,732.5
10/11/2013,19,728
10/11/2013,22,724.5
10/12/2013,1,719
10/12/2013,4,714
10/12/2013,7,707
10/12/2013,10,712.5
10/12/2013,13,721
10/12/2013,16,731
10/12/2013,19,738
10/12/2013,22,742
10/13/2013,1,740
10/13/2013,4,738.5
10/13/2013,7,737
10/13/2013,10,735.5
10/13/2013,13,735
10/13/2013,16,733
10/13/2013,19,730
10/13/2013,22,735
10/14/2013,1,742
10/14/2013,4,752.5
10/14/2013,7,761
10/14/2013,10,769
10/14/2013,13,776
10/14/2013,16,772.5
10/14/2013,19,768
10/14/2013,22,763
10/15/2013,1,759
10/15/2013,4,767.5
10/15/2013,7,784
10/15/2013,10,786.5
10/15/2013,13,787
10/15/2013,16,783
10/15/2013,19,778
10/15/2013,22,775.5
10/16/2013,1,773
10/16/2013,4,768.5
10/16/2013,7,765
10/16/2013,10,763.5
10/16/2013,13,761
10/16/2013,16,760
10/16/2013,19,760
10/16/2013,22,755
10/17/2013,1,751
10/17/2013,4,757
10/17/2013,7,766
10/17/2013,10,769.5
10/17/2013,13,771
10/17/2013,16,772
10/17/2013,19,773
10/17/2013,22,773.5
10/18/2013,1,766
10/18/2013,4,754
10/18/2013,7,740
10/18/2013,10,734
10/18/2013,13,730
10/18/2013,16,734
10/18/2013,19,742
10/18/2013,22,737.5
10/19/2013,1,732
10/19/2013,4,728
10/19/2013,7,725
10/19/2013,10,721.5
10/19/2013,13,720
10/19/2013,16,723
10/19/2013,19,726
10/19/2013,22,729.5
10/20/2013,1,733
10/20/2013,4,727.5
10/20/2013,7,719
10/20/2013,10,713.5
10/20/2013,13,710
10/20/2013,16,714.5
10/20/2013,19,720
10/20/2013,22,716.5
10/21/2013,1,712
10/21/2013,4,708.5
10/21/2013,7,705
10/21/2013,10,702
10/21/2013,13,700
10/21/2013,16,696.5
10/21/2013,19,693
10/21/2013,22,699
10/22/2013,1,706
10/22/2013,4,702.5
10/22/2013,7,697
10/22/2013,10,688.5
10/22/2013,13,681
10/22/2013,16,677
10/22/2013,19,675
10/22/2013,22,671.5
10/23/2013,1,668
10/23/2013,4,668
10/23/2013,7,668
10/23/2013,10,666.5
10/23/2013,13,664
10/23/2013,16,669
10/23/2013,19,676
10/23/2013,22,678.5
10/24/2013,1,679
10/24/2013,4,684
10/24/2013,7,692
10/24/2013,10,689
10/24/2013,13,687
10/24/2013,16,690.5
10/24/2013,19,696
10/24/2013,22,700
10/25/2013,1,702
10/25/2013,4,701
10/25/2013,7,697
10/25/2013,10,692
10/25/2013,13,688
10/25/2013,16,698
10/25/2013,19,706
10/25/2013,22,702
10/26/2013,1,695
10/26/2013,4,685.5
10/26/2013,7,678
10/26/2013,10,670
10/26/2013,13,663
10/26/2013,16,650
10/26/2013,19,643
10/26/2013,22,639.5
10/27/2013,1,636
10/27/2013,4,632
10/27/2013,7,628
10/27/2013,10,625.5
10/27/2013,13,624
10/27/2013,16,622.5
10/27/2013,19,621
10/27/2013,22,621
10/28/2013,1,621
10/28/2013,4,626.5
10/28/2013,7,630
10/28/2013,10,636
10/28/2013,13,635
10/28/2013,16,637.5
10/28/2013,19,650
10/28/2013,22,655.5
10/29/2013,1,659
10/29/2013,4,652.5
10/29/2013,7,644
10/29/2013,10,633
10/29/2013,13,625
10/29/2013,16,621
10/29/2013,19,619
10/29/2013,22,616
10/30/2013,1,612
10/30/2013,4,610
10/30/2013,7,606
10/30/2013,10,612.5
10/30/2013,13,624
10/30/2013,16,632
10/30/2013,19,636
10/30/2013,22,639.5
10/31/2013,1,641
10/31/2013,4,647.5
10/31/2013,7,653
10/31/2013,10,656.5
10/31/2013,13,657
10/31/2013,16,653.5
10/31/2013,19,648
10/31/2013,22,643
11/01/2013,1,640
11/01/2013,4,639
11/01/2013,7,639
11/01/2013,10,644.5
11/01/2013,13,653
11/01/2013,16,663
11/01/2013,19,675
11/01/2013,22,691
11/02/2013,1,701
11/02/2013,4,704
11/02/2013,7,707
11/02/2013,10,702
11/02/2013,13,700
11/02/2013,16,706
11/02/2013,19,716
11/02/2013,22,719
11/03/2013,1,713
11/03/2013,4,703.5
11/03/2013,7,697
11/03/2013,10,687
11/03/2013,13,678
11/03/2013,16,671.5
11/03/2013,19,668
11/03/2013,22,665.5
11/04/2013,1,664
11/04/2013,4,663
11/04/2013,7,663
11/04/2013,10,659
11/04/2013,13,655
11/04/2013,16,655
11/04/2013,19,661
11/04/2013,22,669
11/05/2013,1,674
11/05/2013,4,670
11/05/2013,7,663
11/05/2013,10,657.5
11/05/2013,13,654
11/05/2013,16,653.5
11/05/2013,19,657
11/05/2013,22,660.5
11/06/2013,1,663
11/06/2013,4,667
11/06/2013,7,670
11/06/2013,10,674.5
11/06/2013,13,680
11/06/2013,16,684
11/06/2013,19,687
11/06/2013,22,689
11/07/2013,1,691
11/07/2013,4,692
11/07/2013,7,692
11/07/2013,10,695
11/07/2013,13,699
11/07/2013,16,702.5
11/07/2013,19,707
11/07/2013,22,709.5
11/08/2013,1,708
11/08/2013,4,701
11/08/2013,7,691
11/08/2013,10,684.5
11/08/2013,13,679
11/08/2013,16,674
11/08/2013,19,669
11/08/2013,22,666.5
11/09/2013,1,665
11/09/2013,4,663
11/09/2013,7,661
11/09/2013,10,664
11/09/2013,13,667
11/09/2013,16,669.5
11/09/2013,19,672
11/09/2013,22,671.5
11/10/2013,1,667
11/10/2013,4,662
11/10/2013,7,659
11/10/2013,10,655
11/10/2013,13,651
11/10/2013,16,648
11/10/2013,19,645
11/10/2013,22,642
11/11/2013,1,642
11/11/2013,4,645
11/11/2013,7,649
11/11/2013,10,659
11/11/2013,13,675
11/11/2013,16,700
11/11/2013,19,727
11/11/2013,22,736
11/12/2013,1,732
11/12/2013,4,729
11/12/2013,7,726
11/12/2013,10,728.5
11/12/2013,13,730
11/12/2013,16,731.5
11/12/2013,19,733
11/12/2013,22,735.5
11/13/2013,1,737
11/13/2013,4,740
11/13/2013,7,742
11/13/2013,10,743.5
11/13/2013,13,745
11/13/2013,16,746.5
11/13/2013,19,747
11/13/2013,22,743
11/14/2013,1,736
11/14/2013,4,727.5
11/14/2013,7,722
11/14/2013,10,720
11/14/2013,13,722
11/14/2013,16,725.5
11/14/2013,19,729
11/14/2013,22,729
11/15/2013,1,721
11/15/2013,4,709.5
11/15/2013,7,701
11/15/2013,10,695.5
11/15/2013,13,696
11/15/2013,16,701
11/15/2013,19,705
11/15/2013,22,705
11/16/2013,1,700
11/16/2013,4,692
11/16/2013,7,685
11/16/2013,10,674
11/16/2013,13,663
11/16/2013,16,654
11/16/2013,19,648
11/16/2013,22,645
11/17/2013,1,642
11/17/2013,4,640
11/17/2013,7,638
11/17/2013,10,635
11/17/2013,13,633
11/17/2013,16,632
11/17/2013,19,632
11/17/2013,22,630
11/18/2013,1,628
11/18/2013,4,627
11/18/2013,7,626
11/18/2013,10,621
11/18/2013,13,615
11/18/2013,16,609
11/18/2013,19,605
11/18/2013,22,600
11/19/2013,1,597
11/19/2013,4,595
11/19/2013,7,593
11/19/2013,10,590
11/19/2013,13,588
11/19/2013,16,586
11/19/2013,19,585
11/19/2013,22,585
11/20/2013,1,589
11/20/2013,4,591
11/20/2013,7,594
11/20/2013,10,594
11/20/2013,13,590
11/20/2013,16,584
11/20/2013,19,577
11/20/2013,22,574
11/21/2013,1,578
11/21/2013,4,583
11/21/2013,7,586
11/21/2013,10,587
11/21/2013,13,587
11/21/2013,16,587
11/21/2013,19,587
11/21/2013,22,589
11/22/2013,1,593
11/22/2013,4,597
11/22/2013,7,600
11/22/2013,10,601
11/22/2013,13,599
11/22/2013,16,596
11/22/2013,19,592
11/22/2013,22,594
11/23/2013,1,597
11/23/2013,4,601
11/23/2013,7,604
11/23/2013,10,598
11/23/2013,13,593
11/23/2013,16,587
11/23/2013,19,581
11/23/2013,22,583
11/24/2013,1,588
11/24/2013,4,592
11/24/2013,7,595
11/24/2013,10,593
11/24/2013,13,588
11/24/2013,16,581
11/24/2013,19,576
11/24/2013,22,573
11/25/2013,1,572
11/25/2013,4,571
11/25/2013,7,570
11/25/2013,10,567
11/25/2013,13,564
11/25/2013,16,562
11/25/2013,19,560
11/25/2013,22,563
11/26/2013,1,569
11/26/2013,4,572
11/26/2013,7,570
11/26/2013,10,567
11/26/2013,13,565
11/26/2013,16,568
11/26/2013,19,577
11/26/2013,22,588
11/27/2013,1,596
11/27/2013,4,602
11/27/2013,7,606
11/27/2013,10,603
11/27/2013,13,597
11/27/2013,16,594
11/27/2013,19,592
11/27/2013,22,590
11/28/2013,1,587
11/28/2013,4,585
11/28/2013,7,583
11/28/2013,10,580
11/28/2013,13,582
11/28/2013,16,585
11/28/2013,19,588
11/28/2013,22,595
11/29/2013,1,603
11/29/2013,4,608
11/29/2013,7,606
11/29/2013,10,608
11/29/2013,13,614
11/29/2013,16,625
11/29/2013,19,636
11/29/2013,22,640
11/30/2013,1,637
11/30/2013,4,632
11/30/2013,7,627
11/30/2013,10,620
11/30/2013,13,617
11/30/2013,16,621
11/30/2013,19,625
11/30/2013,22,620
12/01/2013,1,616
12/01/2013,4,610
12/01/2013,7,605
12/01/2013,10,595
12/01/2013,13,600
12/01/2013,16,605
12/01/2013,19,610
12/01/2013,22,617
12/02/2013,1,625
12/02/2013,4,636
12/02/2013,7,646
12/02/2013,10,643
12/02/2013,13,641
12/02/2013,16,641.5
12/02/2013,19,647
12/02/2013,22,647
12/03/2013,1,638
12/03/2013,4,624
12/03/2013,7,608
12/03/2013,10,618
12/03/2013,13,630
12/03/2013,16,641.5
12/03/2013,19,652
12/03/2013,22,664
12/04/2013,1,668
12/04/2013,4,662
12/04/2013,7,648
12/04/2013,10,629
12/04/2013,13,621
12/04/2013,16,633.5
12/04/2013,19,651
12/04/2013,22,659
12/05/2013,1,658
12/05/2013,4,648.5
12/05/2013,7,636
12/05/2013,10,631
12/05/2013,13,628
12/05/2013,16,635
12/05/2013,19,643
12/05/2013,22,646
12/06/2013,1,648
12/06/2013,4,645
12/06/2013,7,643
12/06/2013,10,638.5
12/06/2013,13,633
12/06/2013,16,629
12/06/2013,19,627
12/06/2013,22,623.5
12/07/2013,1,624
12/07/2013,4,628
12/07/2013,7,630
12/07/2013,10,635
12/07/2013,13,640
12/07/2013,16,645.5
12/07/2013,19,650
12/07/2013,22,646.5
12/08/2013,1,640
12/08/2013,4,634.5
12/08/2013,7,629
12/08/2013,10,624.5
12/08/2013,13,619
12/08/2013,16,614
12/08/2013,19,609
12/08/2013,22,606.5
12/09/2013,1,610
12/09/2013,4,618
12/09/2013,7,623
12/09/2013,10,619
12/09/2013,13,614
12/09/2013,16,609
12/09/2013,19,605
12/09/2013,22,601.5
12/10/2013,1,598
12/10/2013,4,594
12/10/2013,7,591
12/10/2013,10,583
12/10/2013,13,576
12/10/2013,16,579.5
12/10/2013,19,583
12/10/2013,22,601.5
12/11/2013,1,612
12/11/2013,4,605
12/11/2013,7,590
12/11/2013,10,582.5
12/11/2013,13,577
12/11/2013,16,589
12/11/2013,19,597
12/11/2013,22,593
12/12/2013,1,589
12/12/2013,4,586.5
12/12/2013,7,585
12/12/2013,10,590.5
12/12/2013,13,595
12/12/2013,16,607
12/12/2013,19,619
12/12/2013,22,630
12/13/2013,1,637
12/13/2013,4,639
12/13/2013,7,635
12/13/2013,10,624
12/13/2013,13,615
12/13/2013,16,624
12/13/2013,19,638
12/13/2013,22,645.5
12/14/2013,1,649
12/14/2013,4,644.5
12/14/2013,7,639
12/14/2013,10,638.5
12/14/2013,13,646
12/14/2013,16,658.5
12/14/2013,19,669
12/14/2013,22,677
12/15/2013,1,684
12/15/2013,4,692.5
12/15/2013,7,704
12/15/2013,10,700
12/15/2013,13,692
12/15/2013,16,680.5
12/15/2013,19,674
12/15/2013,22,663
12/16/2013,1,650
12/16/2013,4,639.5
12/16/2013,7,629
12/16/2013,10,627
12/16/2013,13,632
12/16/2013,16,639.5
12/16/2013,19,654
12/16/2013,22,680.5
12/17/2013,1,726
12/17/2013,4,762
12/17/2013,7,817.6666667
12/17/2013,10,862.3333333
12/17/2013,13,889.6666667
12/17/2013,16,906.3333333
12/17/2013,19,918.6666667
12/17/2013,22,937.75
12/18/2013,1,941
12/18/2013,4,934.5
12/18/2013,7,926
12/18/2013,10,917
12/18/2013,13,909
12/18/2013,16,902.5
12/18/2013,19,894
12/18/2013,22,890
12/19/2013,1,887
12/19/2013,4,882
12/19/2013,7,877
12/19/2013,10,873.5
12/19/2013,13,870
12/19/2013,16,868.5
12/19/2013,19,867
12/19/2013,22,863
12/20/2013,1,856
12/20/2013,4,849
12/20/2013,7,842
12/20/2013,10,837
12/20/2013,13,831
12/20/2013,16,827
12/20/2013,19,824
12/20/2013,22,818.5
12/21/2013,1,812
12/21/2013,4,802.5
12/21/2013,7,793
12/21/2013,10,785
12/21/2013,13,778
12/21/2013,16,770
12/21/2013,19,763
12/21/2013,22,756
12/22/2013,1,748
12/22/2013,4,742.5
12/22/2013,7,736
12/22/2013,10,733.5
12/22/2013,13,731
12/22/2013,16,730
12/22/2013,19,728
12/22/2013,22,726.5
12/23/2013,1,725
12/23/2013,4,723
12/23/2013,7,720
12/23/2013,10,703.5
12/23/2013,13,682
12/23/2013,16,668
12/23/2013,19,657
12/23/2013,22,645.5
12/24/2013,1,636
12/24/2013,4,626
12/24/2013,7,618
12/24/2013,10,615.5
12/24/2013,13,614
12/24/2013,16,611
12/24/2013,19,610
12/24/2013,22,604.5
12/25/2013,1,596
12/25/2013,4,587.5
12/25/2013,7,584
12/25/2013,10,580
12/25/2013,13,576
12/25/2013,16,575.5
12/25/2013,19,579
12/25/2013,22,574.5
12/26/2013,1,571
12/26/2013,4,569
12/26/2013,7,566
12/26/2013,10,564
12/26/2013,13,562
12/26/2013,16,561
12/26/2013,19,560
12/26/2013,22,557
12/27/2013,1,551
12/27/2013,4,546
12/27/2013,7,544
12/27/2013,10,543
12/27/2013,13,541
12/27/2013,16,545
12/27/2013,19,550
12/27/2013,22,554
12/28/2013,1,560
12/28/2013,4,569
12/28/2013,7,573
12/28/2013,10,578
12/28/2013,13,585
12/28/2013,16,593
12/28/2013,19,598
12/28/2013,22,605
12/29/2013,1,613
12/29/2013,4,619.5
12/29/2013,7,625
12/29/2013,10,620
12/29/2013,13,613
12/29/2013,16,602
12/29/2013,19,592
12/29/2013,22,585
12/30/2013,1,577
12/30/2013,4,570.5
12/30/2013,7,561
12/30/2013,10,557
12/30/2013,13,553
12/30/2013,16,549
12/30/2013,19,546
12/30/2013,22,545
12/31/2013,1,544
12/31/2013,4,543
12/31/2013,7,543
12/31/2013,10,542
12/31/2013,13,544
12/31/2013,16,547
12/31/2013,19,551
12/31/2013,22,553
01/01/2014,1,554
01/01/2014,4,551
01/01/2014,7,548
01/01/2014,10,556
01/01/2014,13,569
01/01/2014,16,585
01/01/2014,19,597
01/01/2014,22,603
01/02/2014,1,608
01/02/2014,4,613
01/02/2014,7,617
01/02/2014,10,619
01/02/2014,13,617
01/02/2014,16,613.5
01/02/2014,19,611
01/02/2014,22,607
01/03/2014,1,604
01/03/2014,4,601
01/03/2014,7,597
01/03/2014,10,594.5
01/03/2014,13,598
01/03/2014,16,606.5
01/03/2014,19,616
01/03/2014,22,616
01/04/2014,1,608
01/04/2014,4,599.5
01/04/2014,7,592
01/04/2014,10,590
01/04/2014,13,593
01/04/2014,16,598.5
01/04/2014,19,603
01/04/2014,22,599.5
01/05/2014,1,594
01/05/2014,4,585.5
01/05/2014,7,580
01/05/2014,10,577.5
01/05/2014,13,576
01/05/2014,16,579.5
01/05/2014,19,583
01/05/2014,22,581.5
01/06/2014,1,578
01/06/2014,4,574
01/06/2014,7,571
01/06/2014,10,564
01/06/2014,13,553
01/06/2014,16,545
01/06/2014,19,543
01/06/2014,22,545
01/07/2014,1,549
01/07/2014,4,552
01/07/2014,7,550
01/07/2014,10,547
01/07/2014,13,543
01/07/2014,16,539
01/07/2014,19,541
01/07/2014,22,545
01/08/2014,1,549
01/08/2014,4,552
01/08/2014,7,554
01/08/2014,10,548
01/08/2014,13,542
01/08/2014,16,535
01/08/2014,19,532
01/08/2014,22,534
01/09/2014,1,536
01/09/2014,4,539
01/09/2014,7,537
01/09/2014,10,534
01/09/2014,13,532
01/09/2014,16,521
01/09/2014,19,516
01/09/2014,22,520
01/10/2014,1,530
01/10/2014,4,543
01/10/2014,7,556
01/10/2014,10,548
01/10/2014,13,541
01/10/2014,16,533
01/10/2014,19,538
01/10/2014,22,540
01/11/2014,1,543
01/11/2014,4,545
01/11/2014,7,542
01/11/2014,10,539
01/11/2014,13,547
01/11/2014,16,557
01/11/2014,19,566
01/11/2014,22,582
01/12/2014,1,615
01/12/2014,4,645.3333333
01/12/2014,7,683
01/12/2014,10,720.6666667
01/12/2014,13,744
01/12/2014,16,766.6666667
01/12/2014,19,793.3333333
01/12/2014,22,806.5
01/13/2014,1,811
01/13/2014,4,812.5
01/13/2014,7,815
01/13/2014,10,818
01/13/2014,13,820
01/13/2014,16,821.5
01/13/2014,19,823
01/13/2014,22,828.5
01/14/2014,1,832
01/14/2014,4,830.5
01/14/2014,7,830
01/14/2014,10,830.5
01/14/2014,13,833
01/14/2014,16,837
01/14/2014,19,840
01/14/2014,22,843
01/15/2014,1,846
01/15/2014,4,847.5
01/15/2014,7,849
01/15/2014,10,852
01/15/2014,13,854
01/15/2014,16,855.5
01/15/2014,19,857
01/15/2014,22,860.5
01/16/2014,1,863
01/16/2014,4,859
01/16/2014,7,854
01/16/2014,10,849
01/16/2014,13,847
01/16/2014,16,850.5
01/16/2014,19,855
01/16/2014,22,859
01/17/2014,1,857
01/17/2014,4,850
01/17/2014,7,845
01/17/2014,10,842
01/17/2014,13,840
01/17/2014,16,838
01/17/2014,19,836
01/17/2014,22,832.5
01/18/2014,1,828
01/18/2014,4,825
01/18/2014,7,823
01/18/2014,10,818
01/18/2014,13,812
01/18/2014,16,805
01/18/2014,19,797
01/18/2014,22,787
01/19/2014,1,774
01/19/2014,4,749
01/19/2014,7,726
01/19/2014,10,699.5
01/19/2014,13,675
01/19/2014,16,651.5
01/19/2014,19,629
01/19/2014,22,612.5
01/20/2014,1,598
01/20/2014,4,583.5
01/20/2014,7,568
01/20/2014,10,564
01/20/2014,13,561
01/20/2014,16,558
01/20/2014,19,555
01/20/2014,22,551
01/21/2014,1,550
01/21/2014,4,549
01/21/2014,7,548
01/21/2014,10,546
01/21/2014,13,544
01/21/2014,16,543
01/21/2014,19,543
01/21/2014,22,545
01/22/2014,1,547
01/22/2014,4,549.5
01/22/2014,7,548
01/22/2014,10,569
01/22/2014,13,593
01/22/2014,16,607.5
01/22/2014,19,614
01/22/2014,22,629
01/23/2014,1,651
01/23/2014,4,672
01/23/2014,7,691
01/23/2014,10,718.5
01/23/2014,13,744
01/23/2014,16,765.5
01/23/2014,19,786
01/23/2014,22,795.5
01/24/2014,1,804
01/24/2014,4,816
01/24/2014,7,826
01/24/2014,10,835.5
01/24/2014,13,841
01/24/2014,16,844
01/24/2014,19,847
01/24/2014,22,851
01/25/2014,1,854
01/25/2014,4,857
01/25/2014,7,858
01/25/2014,10,861
01/25/2014,13,865
01/25/2014,16,866
01/25/2014,19,866
01/25/2014,22,867.5
01/26/2014,1,868
01/26/2014,4,869
01/26/2014,7,869
01/26/2014,10,869
01/26/2014,13,869
01/26/2014,16,869
01/26/2014,19,870
01/26/2014,22,871
01/27/2014,1,872
01/27/2014,4,872
01/27/2014,7,873
01/27/2014,10,875
01/27/2014,13,877
01/27/2014,16,877
01/27/2014,19,877
01/27/2014,22,876
01/28/2014,1,876
01/28/2014,4,875
01/28/2014,7,874
01/28/2014,10,874
01/28/2014,13,873
01/28/2014,16,872
01/28/2014,19,872
01/28/2014,22,872
01/29/2014,1,872
01/29/2014,4,871
01/29/2014,7,871
01/29/2014,10,870
01/29/2014,13,869
01/29/2014,16,868
01/29/2014,19,867
01/29/2014,22,856
01/30/2014,1,835
01/30/2014,4,812
01/30/2014,7,777.6666667
01/30/2014,10,747.6666667
01/30/2014,13,716.3333333
01/30/2014,16,678
01/30/2014,19,647.3333333
01/30/2014,22,628
01/31/2014,1,621
01/31/2014,4,618
01/31/2014,7,616
01/31/2014,10,605.5
01/31/2014,13,584
01/31/2014,16,558
01/31/2014,19,534
01/31/2014,22,527
02/01/2014,1,522
02/01/2014,4,519
02/01/2014,7,515
02/01/2014,10,513.5
02/01/2014,13,511
02/01/2014,16,510.5
02/01/2014,19,510
02/01/2014,22,513
02/02/2014,1,521
02/02/2014,4,525
02/02/2014,7,525
02/02/2014,10,523
02/02/2014,13,520
02/02/2014,16,519
02/02/2014,19,519
02/02/2014,22,522
02/03/2014,1,526
02/03/2014,4,528
02/03/2014,7,530
02/03/2014,10,531
02/03/2014,13,531
02/03/2014,16,529
02/03/2014,19,526
02/03/2014,22,523
02/04/2014,1,523
02/04/2014,4,523
02/04/2014,7,527
02/04/2014,10,529
02/04/2014,13,526
02/04/2014,16,522
02/04/2014,19,520
02/04/2014,22,523
02/05/2014,1,525
02/05/2014,4,530
02/05/2014,7,528
02/05/2014,10,524
02/05/2014,13,537
02/05/2014,16,554
02/05/2014,19,574
02/05/2014,22,592
02/06/2014,1,614
02/06/2014,4,635
02/06/2014,7,664.3333333
02/06/2014,10,700
02/06/2014,13,737.3333333
02/06/2014,16,769.6666667
02/06/2014,19,799
02/06/2014,22,818
02/07/2014,1,831
02/07/2014,4,839
02/07/2014,7,847
02/07/2014,10,855.5
02/07/2014,13,862
02/07/2014,16,866
02/07/2014,19,869
02/07/2014,22,870.5
02/08/2014,1,873
02/08/2014,4,874.5
02/08/2014,7,876
02/08/2014,10,878
02/08/2014,13,878
02/08/2014,16,878.5
02/08/2014,19,879
02/08/2014,22,879.5
02/09/2014,1,881
02/09/2014,4,878
02/09/2014,7,874
02/09/2014,10,871.5
02/09/2014,13,871
02/09/2014,16,875
02/09/2014,19,880
02/09/2014,22,882.5
02/10/2014,1,881
02/10/2014,4,876.5
02/10/2014,7,873
02/10/2014,10,871
02/10/2014,13,870
02/10/2014,16,871.5
02/10/2014,19,876
02/10/2014,22,878.5
02/11/2014,1,877
02/11/2014,4,873
02/11/2014,7,869
02/11/2014,10,868.5
02/11/2014,13,867
02/11/2014,16,865.5
02/11/2014,19,863
02/11/2014,22,861
02/12/2014,1,860
02/12/2014,4,861.5
02/12/2014,7,864
02/12/2014,10,864
02/12/2014,13,865
02/12/2014,16,866
02/12/2014,19,867
02/12/2014,22,869
02/13/2014,1,871
02/13/2014,4,868.5
02/13/2014,7,865
02/13/2014,10,866
02/13/2014,13,868
02/13/2014,16,868
02/13/2014,19,868
02/13/2014,22,868
02/14/2014,1,868
02/14/2014,4,868
02/14/2014,7,868
02/14/2014,10,868
02/14/2014,13,864
02/14/2014,16,860
02/14/2014,19,857
02/14/2014,22,840
02/15/2014,1,821
02/15/2014,4,797.5
02/15/2014,7,771
02/15/2014,10,754
02/15/2014,13,745
02/15/2014,16,738
02/15/2014,19,733
02/15/2014,22,723
02/16/2014,1,709
02/16/2014,4,696
02/16/2014,7,681
02/16/2014,10,658
02/16/2014,13,637
02/16/2014,16,620
02/16/2014,19,608
02/16/2014,22,598.5
02/17/2014,1,592
02/17/2014,4,584.5
02/17/2014,7,579
02/17/2014,10,573.5
02/17/2014,13,562
02/17/2014,16,541.5
02/17/2014,19,532
02/17/2014,22,531.5
02/18/2014,1,537
02/18/2014,4,542
02/18/2014,7,544
02/18/2014,10,549
02/18/2014,13,558
02/18/2014,16,575
02/18/2014,19,595
02/18/2014,22,613
02/19/2014,1,625
02/19/2014,4,636.5
02/19/2014,7,645
02/19/2014,10,629
02/19/2014,13,603
02/19/2014,16,602.5
02/19/2014,19,610
02/19/2014,22,615
02/20/2014,1,622
02/20/2014,4,627.5
02/20/2014,7,631
02/20/2014,10,642.5
02/20/2014,13,660
02/20/2014,16,679
02/20/2014,19,691
02/20/2014,22,682
02/21/2014,1,668
02/21/2014,4,650.5
02/21/2014,7,635
02/21/2014,10,634
02/21/2014,13,647
02/21/2014,16,662.5
02/21/2014,19,673
02/21/2014,22,673.5
02/22/2014,1,664
02/22/2014,4,658.5
02/22/2014,7,655
02/22/2014,10,654.5
02/22/2014,13,663
02/22/2014,16,670
02/22/2014,19,677
02/22/2014,22,668
02/23/2014,1,657
02/23/2014,4,642.5
02/23/2014,7,629
02/23/2014,10,632.5
02/23/2014,13,637
02/23/2014,16,644
02/23/2014,19,652
02/23/2014,22,646.5
02/24/2014,1,641
02/24/2014,4,634
02/24/2014,7,630
02/24/2014,10,619.5
02/24/2014,13,605
02/24/2014,16,593.5
02/24/2014,19,585
02/24/2014,22,581
02/25/2014,1,578
02/25/2014,4,576
02/25/2014,7,574
02/25/2014,10,572.5
02/25/2014,13,571
02/25/2014,16,575.5
02/25/2014,19,584
02/25/2014,22,594.5
02/26/2014,1,601
02/26/2014,4,609.5
02/26/2014,7,615
02/26/2014,10,618
02/26/2014,13,622
02/26/2014,16,616.5
02/26/2014,19,608
02/26/2014,22,612
02/27/2014,1,620
02/27/2014,4,628
02/27/2014,7,635
02/27/2014,10,630.5
02/27/2014,13,621
02/27/2014,16,611
02/27/2014,19,603
02/27/2014,22,607
02/28/2014,1,612
02/28/2014,4,612.5
02/28/2014,7,606
02/28/2014,10,607
02/28/2014,13,613
02/28/2014,16,619.5
02/28/2014,19,623
02/28/2014,22,625
03/01/2014,1,623
03/01/2014,4,619
03/01/2014,7,616
03/01/2014,10,620
03/01/2014,13,623
03/01/2014,16,630.5
03/01/2014,19,637
03/01/2014,22,641.5
03/02/2014,1,645
03/02/2014,4,643.5
03/02/2014,7,638
03/02/2014,10,631
03/02/2014,13,626
03/02/2014,16,624.5
03/02/2014,19,624
03/02/2014,22,625
03/03/2014,1,628
03/03/2014,4,632
03/03/2014,7,633
03/03/2014,10,618.5
03/03/2014,13,609
03/03/2014,16,607
03/03/2014,19,613
03/03/2014,22,619.5
03/04/2014,1,624
03/04/2014,4,619.5
03/04/2014,7,614
03/04/2014,10,620.5
03/04/2014,13,627
03/04/2014,16,630.5
03/04/2014,19,634
03/04/2014,22,634
03/05/2014,1,630
03/05/2014,4,622
03/05/2014,7,615
03/05/2014,10,611
03/05/2014,13,606
03/05/2014,16,602.5
03/05/2014,19,600
03/05/2014,22,605.5
03/06/2014,1,614
03/06/2014,4,622
03/06/2014,7,630
03/06/2014,10,637
03/06/2014,13,648
03/06/2014,16,656.5
03/06/2014,19,660
03/06/2014,22,655
03/07/2014,1,647
03/07/2014,4,638.5
03/07/2014,7,630
03/07/2014,10,618.5
03/07/2014,13,604
03/07/2014,16,598
03/07/2014,19,606
03/07/2014,22,615.5
03/08/2014,1,626
03/08/2014,4,635.5
03/08/2014,7,645
03/08/2014,10,646
03/08/2014,13,640
03/08/2014,16,637
03/08/2014,19,648
03/08/2014,22,655.5
03/09/2014,1,658
03/09/2014,4,654.5
03/09/2014,7,650
03/09/2014,10,655.5
03/09/2014,13,661
03/09/2014,16,665
03/09/2014,19,667
03/09/2014,22,662
03/10/2014,1,658
03/10/2014,4,653
03/10/2014,7,649
03/10/2014,10,633.5
03/10/2014,13,612
03/10/2014,16,606
03/10/2014,19,602
03/10/2014,22,611
03/11/2014,1,625
03/11/2014,4,633
03/11/2014,7,637
03/11/2014,10,638.5
03/11/2014,13,640
03/11/2014,16,644.5
03/11/2014,19,650
03/11/2014,22,654
03/12/2014,1,658
03/12/2014,4,660
03/12/2014,7,656
03/12/2014,10,654
03/12/2014,13,654
03/12/2014,16,656
03/12/2014,19,660
03/12/2014,22,662.5
03/13/2014,1,664
03/13/2014,4,664
03/13/2014,7,659
03/13/2014,10,658.5
03/13/2014,13,664
03/13/2014,16,670.5
03/13/2014,19,674
03/13/2014,22,678
03/14/2014,1,680
03/14/2014,4,676.5
03/14/2014,7,673
03/14/2014,10,669
03/14/2014,13,665
03/14/2014,16,662.5
03/14/2014,19,666
03/14/2014,22,671.5
03/15/2014,1,676
03/15/2014,4,668.5
03/15/2014,7,664
03/15/2014,10,659
03/15/2014,13,656
03/15/2014,16,655.5
03/15/2014,19,661
03/15/2014,22,665.5
03/16/2014,1,669
03/16/2014,4,671.5
03/16/2014,7,673
03/16/2014,10,681.5
03/16/2014,13,692
03/16/2014,16,699.5
03/16/2014,19,703
03/16/2014,22,697
03/17/2014,1,690
03/17/2014,4,685.5
03/17/2014,7,681
03/17/2014,10,672
03/17/2014,13,658
03/17/2014,16,648.5
03/17/2014,19,649
03/17/2014,22,655.5
03/18/2014,1,660
03/18/2014,4,663
03/18/2014,7,665
03/18/2014,10,676
03/18/2014,13,693
03/18/2014,16,704
03/18/2014,19,709
03/18/2014,22,711
03/19/2014,1,708
03/19/2014,4,702
03/19/2014,7,695
03/19/2014,10,697
03/19/2014,13,701
03/19/2014,16,709.5
03/19/2014,19,713
03/19/2014,22,711
03/20/2014,1,707
03/20/2014,4,700
03/20/2014,7,695
03/20/2014,10,703
03/20/2014,13,710
03/20/2014,16,713
03/20/2014,19,715
03/20/2014,22,714
03/21/2014,1,710
03/21/2014,4,704.5
03/21/2014,7,701
03/21/2014,10,703
03/21/2014,13,705
03/21/2014,16,707
03/21/2014,19,711
03/21/2014,22,716
03/22/2014,1,713
03/22/2014,4,706
03/22/2014,7,698
03/22/2014,10,685.5
03/22/2014,13,688
03/22/2014,16,704
03/22/2014,19,713
03/22/2014,22,715
03/23/2014,1,712
03/23/2014,4,709.5
03/23/2014,7,706
03/23/2014,10,715.5
03/23/2014,13,723
03/23/2014,16,726.5
03/23/2014,19,730
03/23/2014,22,723
03/24/2014,1,715
03/24/2014,4,711
03/24/2014,7,706
03/24/2014,10,692
03/24/2014,13,691
03/24/2014,16,702
03/24/2014,19,710
03/24/2014,22,709.5
03/25/2014,1,703
03/25/2014,4,696.5
03/25/2014,7,690
03/25/2014,10,681.5
03/25/2014,13,675
03/25/2014,16,671.5
03/25/2014,19,672
03/25/2014,22,676
03/26/2014,1,673
03/26/2014,4,666
03/26/2014,7,662
03/26/2014,10,657.5
03/26/2014,13,658
03/26/2014,16,661.5
03/26/2014,19,667
03/26/2014,22,669.5
03/27/2014,1,664
03/27/2014,4,659
03/27/2014,7,656
03/27/2014,10,645
03/27/2014,13,638
03/27/2014,16,648.5
03/27/2014,19,664
03/27/2014,22,668
03/28/2014,1,660
03/28/2014,4,654
03/28/2014,7,650
03/28/2014,10,648.5
03/28/2014,13,655
03/28/2014,16,659.5
03/28/2014,19,667
03/28/2014,22,672.5
03/29/2014,1,676
03/29/2014,4,678.5
03/29/2014,7,679
03/29/2014,10,671.5
03/29/2014,13,673
03/29/2014,16,686.5
03/29/2014,19,701
03/29/2014,22,709.5
03/30/2014,1,708
03/30/2014,4,693.5
03/30/2014,7,677
03/30/2014,10,672
03/30/2014,13,666
03/30/2014,16,670.5
03/30/2014,19,678
03/30/2014,22,680.5
03/31/2014,1,678
03/31/2014,4,665.5
03/31/2014,7,654
03/31/2014,10,637.5
03/31/2014,13,625
03/31/2014,16,617
03/31/2014,19,610
03/31/2014,22,607
04/01/2014,1,604
04/01/2014,4,601.5
04/01/2014,7,600
04/01/2014,10,599
04/01/2014,13,597
04/01/2014,16,602
04/01/2014,19,612
04/01/2014,22,618
04/02/2014,1,618
04/02/2014,4,614.5
04/02/2014,7,611
04/02/2014,10,607
04/02/2014,13,605
04/02/2014,16,611.5
04/02/2014,19,618
04/02/2014,22,622
04/03/2014,1,625
04/03/2014,4,625
04/03/2014,7,619
04/03/2014,10,614.5
04/03/2014,13,613
04/03/2014,16,616
04/03/2014,19,622
04/03/2014,22,631
04/04/2014,1,637
04/04/2014,4,628.5
04/04/2014,7,621
04/04/2014,10,614
04/04/2014,13,611
04/04/2014,16,610.5
04/04/2014,19,609
04/04/2014,22,605
04/05/2014,1,601
04/05/2014,4,597
04/05/2014,7,594
04/05/2014,10,592
04/05/2014,13,592
04/05/2014,16,595
04/05/2014,19,597
04/05/2014,22,598
04/06/2014,1,598
04/06/2014,4,596
04/06/2014,7,594
04/06/2014,10,601
04/06/2014,13,615
04/06/2014,16,622
04/06/2014,19,627
04/06/2014,22,631
04/07/2014,1,637
04/07/2014,4,646.5
04/07/2014,7,656
04/07/2014,10,661
04/07/2014,13,671
04/07/2014,16,685
04/07/2014,19,696
04/07/2014,22,698.5
04/08/2014,1,701
04/08/2014,4,703
04/08/2014,7,705
04/08/2014,10,710
04/08/2014,13,715
04/08/2014,16,718
04/08/2014,19,720
04/08/2014,22,723
04/09/2014,1,721
04/09/2014,4,718
04/09/2014,7,715
04/09/2014,10,711
04/09/2014,13,708
04/09/2014,16,713.5
04/09/2014,19,719
04/09/2014,22,718
04/10/2014,1,707
04/10/2014,4,700.5
04/10/2014,7,695
04/10/2014,10,674
04/10/2014,13,660
04/10/2014,16,648
04/10/2014,19,641
04/10/2014,22,646.5
04/11/2014,1,657
04/11/2014,4,666.5
04/11/2014,7,672
04/11/2014,10,675.5
04/11/2014,13,684
04/11/2014,16,698
04/11/2014,19,707
04/11/2014,22,715
04/12/2014,1,724
04/12/2014,4,732
04/12/2014,7,738
04/12/2014,10,741
04/12/2014,13,750
04/12/2014,16,766.5
04/12/2014,19,776
04/12/2014,22,780
04/13/2014,1,784
04/13/2014,4,785
04/13/2014,7,775
04/13/2014,10,766
04/13/2014,13,755
04/13/2014,16,750.5
04/13/2014,19,747
04/13/2014,22,742
04/14/2014,1,739
04/14/2014,4,736.5
04/14/2014,7,733
04/14/2014,10,722
04/14/2014,13,714
04/14/2014,16,714
04/14/2014,19,721
04/14/2014,22,727
04/15/2014,1,731
04/15/2014,4,731
04/15/2014,7,727
04/15/2014,10,732.5
04/15/2014,13,746
04/15/2014,16,750.5
04/15/2014,19,754
04/15/2014,22,758
04/16/2014,1,758
04/16/2014,4,751.5
04/16/2014,7,745
04/16/2014,10,743.5
04/16/2014,13,744
04/16/2014,16,749
04/16/2014,19,752
04/16/2014,22,755.5
04/17/2014,1,754
04/17/2014,4,750
04/17/2014,7,749
04/17/2014,10,750
04/17/2014,13,753
04/17/2014,16,756
04/17/2014,19,758
04/17/2014,22,759
04/18/2014,1,757
04/18/2014,4,753.5
04/18/2014,7,749
04/18/2014,10,753
04/18/2014,13,757
04/18/2014,16,761
04/18/2014,19,764
04/18/2014,22,766.5
04/19/2014,1,764
04/19/2014,4,757
04/19/2014,7,750
04/19/2014,10,750
04/19/2014,13,751
04/19/2014,16,752.5
04/19/2014,19,754
04/19/2014,22,757.5
04/20/2014,1,759
04/20/2014,4,755.5
04/20/2014,7,751
04/20/2014,10,758.5
04/20/2014,13,762
04/20/2014,16,760.5
04/20/2014,19,756
04/20/2014,22,750.5
04/21/2014,1,742
04/21/2014,4,734.5
04/21/2014,7,726
04/21/2014,10,722
04/21/2014,13,721
04/21/2014,16,731.5
04/21/2014,19,743
04/21/2014,22,747
04/22/2014,1,751
04/22/2014,4,755
04/22/2014,7,758
04/22/2014,10,761
04/22/2014,13,759
04/22/2014,16,754
04/22/2014,19,750
04/22/2014,22,745.5
04/23/2014,1,742
04/23/2014,4,738
04/23/2014,7,735
04/23/2014,10,744
04/23/2014,13,748
04/23/2014,16,751.5
04/23/2014,19,757
04/23/2014,22,759
04/24/2014,1,756
04/24/2014,4,750.5
04/24/2014,7,743
04/24/2014,10,743
04/24/2014,13,748
04/24/2014,16,753
04/24/2014,19,755
04/24/2014,22,755
04/25/2014,1,751
04/25/2014,4,744.5
04/25/2014,7,740
04/25/2014,10,736.5
04/25/2014,13,743
04/25/2014,16,751.5
04/25/2014,19,756
04/25/2014,22,757
04/26/2014,1,754
04/26/2014,4,748.5
04/26/2014,7,745
04/26/2014,10,740
04/26/2014,13,737
04/26/2014,16,745
04/26/2014,19,752
04/26/2014,22,756
04/27/2014,1,754
04/27/2014,4,750
04/27/2014,7,746
04/27/2014,10,738.5
04/27/2014,13,742
04/27/2014,16,751
04/27/2014,19,762
04/27/2014,22,771.5
04/28/2014,1,778
04/28/2014,4,781
04/28/2014,7,785
04/28/2014,10,792
04/28/2014,13,802
04/28/2014,16,812.5
04/28/2014,19,820
04/28/2014,22,822.5
04/29/2014,1,825
04/29/2014,4,826.5
04/29/2014,7,827
04/29/2014,10,829
04/29/2014,13,830
04/29/2014,16,831.5
04/29/2014,19,826
04/29/2014,22,820.5
04/30/2014,1,817
04/30/2014,4,827.5
04/30/2014,7,839
04/30/2014,10,840
04/30/2014,13,833
04/30/2014,16,828.5
04/30/2014,19,824
04/30/2014,22,817.5
05/01/2014,1,811
05/01/2014,4,805
05/01/2014,7,798
05/01/2014,10,782
05/01/2014,13,772
05/01/2014,16,765
05/01/2014,19,761
05/01/2014,22,759
05/02/2014,1,756
05/02/2014,4,758
05/02/2014,7,760
05/02/2014,10,754.5
05/02/2014,13,749
05/02/2014,16,746.5
05/02/2014,19,745
05/02/2014,22,746
05/03/2014,1,750
05/03/2014,4,756.5
05/03/2014,7,763
05/03/2014,10,779
05/03/2014,13,798
05/03/2014,16,814.5
05/03/2014,19,826
05/03/2014,22,831.5
05/04/2014,1,835
05/04/2014,4,852.6666667
05/04/2014,7,882.3333333
05/04/2014,10,892.3333333
05/04/2014,13,893.3333333
05/04/2014,16,883.6666667
05/04/2014,19,865.6666667
05/04/2014,22,848.25
05/05/2014,1,836
05/05/2014,4,839
05/05/2014,7,843
05/05/2014,10,845
05/05/2014,13,843
05/05/2014,16,848
05/05/2014,19,843
05/05/2014,22,839
05/06/2014,1,853
05/06/2014,4,860.5
05/06/2014,7,864
05/06/2014,10,861.5
05/06/2014,13,856
05/06/2014,16,851
05/06/2014,19,848
05/06/2014,22,853.5
05/07/2014,1,862
05/07/2014,4,865
05/07/2014,7,861
05/07/2014,10,855.5
05/07/2014,13,850
05/07/2014,16,849.5
05/07/2014,19,855
05/07/2014,22,858
05/08/2014,1,859
05/08/2014,4,858
05/08/2014,7,855
05/08/2014,10,851
05/08/2014,13,848
05/08/2014,16,848
05/08/2014,19,852
05/08/2014,22,856
05/09/2014,1,861
05/09/2014,4,858
05/09/2014,7,854
05/09/2014,10,847
05/09/2014,13,842
05/09/2014,16,841
05/09/2014,19,840
05/09/2014,22,849
05/10/2014,1,859
05/10/2014,4,860.5
05/10/2014,7,861
05/10/2014,10,855.5
05/10/2014,13,848
05/10/2014,16,845.5
05/10/2014,19,845
05/10/2014,22,850.5
05/11/2014,1,856
05/11/2014,4,858
05/11/2014,7,855
05/11/2014,10,851
05/11/2014,13,847
05/11/2014,16,841
05/11/2014,19,836
05/11/2014,22,831.5
05/12/2014,1,828
05/12/2014,4,833
05/12/2014,7,837
05/12/2014,10,833.5
05/12/2014,13,830
05/12/2014,16,828.5
05/12/2014,19,826
05/12/2014,22,818
05/13/2014,1,811
05/13/2014,4,823.5
05/13/2014,7,841
05/13/2014,10,855.5
05/13/2014,13,863
05/13/2014,16,859.5
05/13/2014,19,855
05/13/2014,22,845
05/14/2014,1,835
05/14/2014,4,833.5
05/14/2014,7,832
05/14/2014,10,832
05/14/2014,13,835
05/14/2014,16,837.5
05/14/2014,19,834
05/14/2014,22,830
05/15/2014,1,827
05/15/2014,4,822
05/15/2014,7,816
05/15/2014,10,814
05/15/2014,13,810
05/15/2014,16,813.5
05/15/2014,19,816
05/15/2014,22,810.5
05/16/2014,1,807
05/16/2014,4,802.5
05/16/2014,7,798
05/16/2014,10,794.5
05/16/2014,13,790
05/16/2014,16,783
05/16/2014,19,775
05/16/2014,22,768
05/17/2014,1,763
05/17/2014,4,761.5
05/17/2014,7,760
05/17/2014,10,759
05/17/2014,13,756
05/17/2014,16,767.5
05/17/2014,19,793
05/17/2014,22,804
05/18/2014,1,803
05/18/2014,4,800
05/18/2014,7,797
05/18/2014,10,801.5
05/18/2014,13,807
05/18/2014,16,814
05/18/2014,19,821
05/18/2014,22,827.5
05/19/2014,1,834
05/19/2014,4,835.5
05/19/2014,7,836
05/19/2014,10,836
05/19/2014,13,836
05/19/2014,16,836.5
05/19/2014,19,839
05/19/2014,22,838.5
05/20/2014,1,833
05/20/2014,4,837.5
05/20/2014,7,846
05/20/2014,10,855.5
05/20/2014,13,862
05/20/2014,16,864
05/20/2014,19,864
05/20/2014,22,860.5
05/21/2014,1,856
05/21/2014,4,846
05/21/2014,7,835
05/21/2014,10,833.5
05/21/2014,13,833
05/21/2014,16,824
05/21/2014,19,813
05/21/2014,22,802.5
05/22/2014,1,793
05/22/2014,4,803
05/22/2014,7,823
05/22/2014,10,843.3333333
05/22/2014,13,860
05/22/2014,16,868
05/22/2014,19,874
05/22/2014,22,867
05/23/2014,1,856
05/23/2014,4,842
05/23/2014,7,822
05/23/2014,10,814.5
05/23/2014,13,807
05/23/2014,16,801.5
05/23/2014,19,797
05/23/2014,22,793.5
05/24/2014,1,790
05/24/2014,4,786.5
05/24/2014,7,781
05/24/2014,10,771
05/24/2014,13,761
05/24/2014,16,743.5
05/24/2014,19,727
05/24/2014,22,702.5
05/25/2014,1,682
05/25/2014,4,675.5
05/25/2014,7,672
05/25/2014,10,669
05/25/2014,13,666
05/25/2014,16,660
05/25/2014,19,650
05/25/2014,22,633
05/26/2014,1,621
05/26/2014,4,615.5
05/26/2014,7,611
05/26/2014,10,609.5
05/26/2014,13,606
05/26/2014,16,603
05/26/2014,19,601
05/26/2014,22,597.5
05/27/2014,1,594
05/27/2014,4,602
05/27/2014,7,611
05/27/2014,10,626
05/27/2014,13,633
05/27/2014,16,623
05/27/2014,19,614
05/27/2014,22,610
05/28/2014,1,605
05/28/2014,4,618
05/28/2014,7,632
05/28/2014,10,647.5
05/28/2014,13,658
05/28/2014,16,662
05/28/2014,19,664
05/28/2014,22,659
05/29/2014,1,657
05/29/2014,4,664
05/29/2014,7,670
05/29/2014,10,680.5
05/29/2014,13,687
05/29/2014,16,690.5
05/29/2014,19,695
05/29/2014,22,694.5
05/30/2014,1,693
05/30/2014,4,691.5
05/30/2014,7,691
05/30/2014,10,695
05/30/2014,13,699
05/30/2014,16,699.5
05/30/2014,19,701
05/30/2014,22,701
05/31/2014,1,701
05/31/2014,4,701
05/31/2014,7,701
05/31/2014,10,703
05/31/2014,13,704
05/31/2014,16,696.5
05/31/2014,19,688
05/31/2014,22,681
06/01/2014,1,676
06/01/2014,4,676
06/01/2014,7,676
06/01/2014,10,675.5
06/01/2014,13,673
06/01/2014,16,670
06/01/2014,19,667
06/01/2014,22,661
06/02/2014,1,656
06/02/2014,4,656
06/02/2014,7,653
06/02/2014,10,650.5
06/02/2014,13,647
06/02/2014,16,647
06/02/2014,19,647
06/02/2014,22,646
06/03/2014,1,646
06/03/2014,4,649
06/03/2014,7,652
06/03/2014,10,649
06/03/2014,13,645
06/03/2014,16,639
06/03/2014,19,633
06/03/2014,22,638.5
06/04/2014,1,647
06/04/2014,4,653.5
06/04/2014,7,666
06/04/2014,10,671.5
06/04/2014,13,676
06/04/2014,16,684
06/04/2014,19,687
06/04/2014,22,690
06/05/2014,1,693
06/05/2014,4,691.5
06/05/2014,7,688
06/05/2014,10,688
06/05/2014,13,688
06/05/2014,16,688
06/05/2014,19,688
06/05/2014,22,684.5
06/06/2014,1,679
06/06/2014,4,677.5
06/06/2014,7,677
06/06/2014,10,685
06/06/2014,13,690
06/06/2014,16,684.5
06/06/2014,19,675
06/06/2014,22,667.5
06/07/2014,1,663
06/07/2014,4,663
06/07/2014,7,667
06/07/2014,10,676.5
06/07/2014,13,685
06/07/2014,16,674
06/07/2014,19,665
06/07/2014,22,663.5
06/08/2014,1,662
06/08/2014,4,679.6666667
06/08/2014,7,718
06/08/2014,10,748.6666667
06/08/2014,13,770.3333333
06/08/2014,16,780.3333333
06/08/2014,19,783
06/08/2014,22,784.5
06/09/2014,1,787
06/09/2014,4,793
06/09/2014,7,801
06/09/2014,10,805
06/09/2014,13,805
06/09/2014,16,797
06/09/2014,19,791
06/09/2014,22,784.5
06/10/2014,1,782
06/10/2014,4,785.5
06/10/2014,7,793
06/10/2014,10,800.5
06/10/2014,13,805
06/10/2014,16,802
06/10/2014,19,801
06/10/2014,22,804
06/11/2014,1,809
06/11/2014,4,823.5
06/11/2014,7,844
06/11/2014,10,858
06/11/2014,13,862
06/11/2014,16,865
06/11/2014,19,868
06/11/2014,22,872.5
06/12/2014,1,876
06/12/2014,4,883.5
06/12/2014,7,890
06/12/2014,10,895
06/12/2014,13,898
06/12/2014,16,899
06/12/2014,19,897
06/12/2014,22,898
06/13/2014,1,902
06/13/2014,4,907
06/13/2014,7,909
06/13/2014,10,907.5
06/13/2014,13,903
06/13/2014,16,897
06/13/2014,19,893
06/13/2014,22,891
06/14/2014,1,891
06/14/2014,4,895.5
06/14/2014,7,900
06/14/2014,10,899
06/14/2014,13,892
06/14/2014,16,878
06/14/2014,19,858
06/14/2014,22,838
06/15/2014,1,823
06/15/2014,4,806
06/15/2014,7,790
06/15/2014,10,777
06/15/2014,13,766
06/15/2014,16,752.5
06/15/2014,19,745
06/15/2014,22,736.5
06/16/2014,1,729
06/16/2014,4,729
06/16/2014,7,729
06/16/2014,10,719
06/16/2014,13,710
06/16/2014,16,718.5
06/16/2014,19,734
06/16/2014,22,741
06/17/2014,1,747
06/17/2014,4,755
06/17/2014,7,763
06/17/2014,10,765.5
06/17/2014,13,773
06/17/2014,16,786
06/17/2014,19,793
06/17/2014,22,797
06/18/2014,1,800
06/18/2014,4,818.5
06/18/2014,7,834
06/18/2014,10,844
06/18/2014,13,848
06/18/2014,16,865.5
06/18/2014,19,881
06/18/2014,22,891
06/19/2014,1,901
06/19/2014,4,906
06/19/2014,7,907
06/19/2014,10,907.5
06/19/2014,13,908
06/19/2014,16,908
06/19/2014,19,908
06/19/2014,22,909
06/20/2014,1,914
06/20/2014,4,919.5
06/20/2014,7,919
06/20/2014,10,912.5
06/20/2014,13,908
06/20/2014,16,921.5
06/20/2014,19,934
06/20/2014,22,942
06/21/2014,1,947
06/21/2014,4,942.5
06/21/2014,7,936
06/21/2014,10,924
06/21/2014,13,915
06/21/2014,16,906
06/21/2014,19,898
06/21/2014,22,886.5
06/22/2014,1,877
06/22/2014,4,874
06/22/2014,7,872
06/22/2014,10,875.5
06/22/2014,13,878
06/22/2014,16,872.5
06/22/2014,19,867
06/22/2014,22,854
06/23/2014,1,840
06/23/2014,4,828
06/23/2014,7,817
06/23/2014,10,807
06/23/2014,13,800
06/23/2014,16,800.5
06/23/2014,19,803
06/23/2014,22,808.5
06/24/2014,1,816
06/24/2014,4,828.5
06/24/2014,7,844
06/24/2014,10,846
06/24/2014,13,848
06/24/2014,16,857
06/24/2014,19,861
06/24/2014,22,865.5
06/25/2014,1,870
06/25/2014,4,874
06/25/2014,7,876
06/25/2014,10,862
06/25/2014,13,845
06/25/2014,16,840
06/25/2014,19,835
06/25/2014,22,824
06/26/2014,1,814
06/26/2014,4,822
06/26/2014,7,834
06/26/2014,10,832.5
06/26/2014,13,831
06/26/2014,16,820
06/26/2014,19,803
06/26/2014,22,794
06/27/2014,1,786
06/27/2014,4,798
06/27/2014,7,813
06/27/2014,10,814.5
06/27/2014,13,802
06/27/2014,16,791.5
06/27/2014,19,786
06/27/2014,22,780
06/28/2014,1,773
06/28/2014,4,774
06/28/2014,7,779
06/28/2014,10,794.5
06/28/2014,13,810
06/28/2014,16,803.5
06/28/2014,19,796
06/28/2014,22,786.5
06/29/2014,1,778
06/29/2014,4,811.3333333
06/29/2014,7,853.3333333
06/29/2014,10,892.3333333
06/29/2014,13,903
06/29/2014,16,897.3333333
06/29/2014,19,882.3333333
06/29/2014,22,860.5
06/30/2014,1,844
06/30/2014,4,825.5
06/30/2014,7,808
06/30/2014,10,780.5
06/30/2014,13,757
06/30/2014,16,737.5
06/30/2014,19,727
06/30/2014,22,735
07/01/2014,1,746
07/01/2014,4,770.3333333
07/01/2014,7,807.6666667
07/01/2014,10,822
07/01/2014,13,826
07/01/2014,16,821.6666667
07/01/2014,19,814
07/01/2014,22,806.25
07/02/2014,1,801
07/02/2014,4,805.3333333
07/02/2014,7,812.3333333
07/02/2014,10,839.6666667
07/02/2014,13,867.6666667
07/02/2014,16,886.6666667
07/02/2014,19,901.6666667
07/02/2014,22,905
07/03/2014,1,900
07/03/2014,4,893.5
07/03/2014,7,886
07/03/2014,10,884.5
07/03/2014,13,884
07/03/2014,16,881.5
07/03/2014,19,883
07/03/2014,22,885
07/04/2014,1,887
07/04/2014,4,898
07/04/2014,7,908
07/04/2014,10,914
07/04/2014,13,914
07/04/2014,16,914
07/04/2014,19,914
07/04/2014,22,914
07/05/2014,1,914
07/05/2014,4,913.5
07/05/2014,7,912
07/05/2014,10,903.5
07/05/2014,13,894
07/05/2014,16,911
07/05/2014,19,937
07/05/2014,22,958
07/06/2014,1,973
07/06/2014,4,991.3333333
07/06/2014,7,1032.666667
07/06/2014,10,1055
07/06/2014,13,1062
07/06/2014,16,1061.666667
07/06/2014,19,1052
07/06/2014,22,1028
07/07/2014,1,1006
07/07/2014,4,977.5
07/07/2014,7,949
07/07/2014,10,927.5
07/07/2014,13,910
07/07/2014,16,908.5
07/07/2014,19,908
07/07/2014,22,913.5
07/08/2014,1,921
07/08/2014,4,938.5
07/08/2014,7,960
07/08/2014,10,968.5
07/08/2014,13,972
07/08/2014,16,972
07/08/2014,19,972
07/08/2014,22,976
07/09/2014,1,982
07/09/2014,4,988.5
07/09/2014,7,991
07/09/2014,10,988
07/09/2014,13,984
07/09/2014,16,977.5
07/09/2014,19,969
07/09/2014,22,956.5
07/10/2014,1,945
07/10/2014,4,938.5
07/10/2014,7,935
07/10/2014,10,928
07/10/2014,13,925
07/10/2014,16,925
07/10/2014,19,930
07/10/2014,22,939.5
07/11/2014,1,950
07/11/2014,4,961.5
07/11/2014,7,971
07/11/2014,10,971.5
07/11/2014,13,966
07/11/2014,16,971.5
07/11/2014,19,978
07/11/2014,22,975
07/12/2014,1,970
07/12/2014,4,970
07/12/2014,7,970
07/12/2014,10,961
07/12/2014,13,954
07/12/2014,16,957
07/12/2014,19,961
07/12/2014,22,962.5
07/13/2014,1,964
07/13/2014,4,964.5
07/13/2014,7,965
07/13/2014,10,963.5
07/13/2014,13,962
07/13/2014,16,956
07/13/2014,19,949
07/13/2014,22,945
07/14/2014,1,944
07/14/2014,4,946
07/14/2014,7,948
07/14/2014,10,953.5
07/14/2014,13,958
07/14/2014,16,963.5
07/14/2014,19,965
07/14/2014,22,968
07/15/2014,1,970
07/15/2014,4,971.5
07/15/2014,7,969
07/15/2014,10,954.5
07/15/2014,13,940
07/15/2014,16,932
07/15/2014,19,926
07/15/2014,22,922
07/16/2014,1,918
07/16/2014,4,921.5
07/16/2014,7,926
07/16/2014,10,926
07/16/2014,13,924
07/16/2014,16,923
07/16/2014,19,923
07/16/2014,22,926.5
07/17/2014,1,933
07/17/2014,4,940
07/17/2014,7,947
07/17/2014,10,948
07/17/2014,13,945
07/17/2014,16,945.5
07/17/2014,19,948
07/17/2014,22,958.5
07/18/2014,1,969
07/18/2014,4,979.5
07/18/2014,7,988
07/18/2014,10,988
07/18/2014,13,988
07/18/2014,16,988.5
07/18/2014,19,990
07/18/2014,22,993
07/19/2014,1,994
07/19/2014,4,986.5
07/19/2014,7,980
07/19/2014,10,974
07/19/2014,13,968
07/19/2014,16,960
07/19/2014,19,951
07/19/2014,22,945.5
07/20/2014,1,942
07/20/2014,4,947
07/20/2014,7,957
07/20/2014,10,964.6666667
07/20/2014,13,980.3333333
07/20/2014,16,1021
07/20/2014,19,1059.333333
07/20/2014,22,1105
07/21/2014,1,1145
07/21/2014,4,1162.666667
07/21/2014,7,1191.333333
07/21/2014,10,1218
07/21/2014,13,1230.666667
07/21/2014,16,1244.666667
07/21/2014,19,1256.333333
07/21/2014,22,1281.5
07/22/2014,1,1320
07/22/2014,4,1345
07/22/2014,7,1371.666667
07/22/2014,10,1394.666667
07/22/2014,13,1412.666667
07/22/2014,16,1426.666667
07/22/2014,19,1429.666667
07/22/2014,22,1425
07/23/2014,1,1415
07/23/2014,4,1405.666667
07/23/2014,7,1388.666667
07/23/2014,10,1365.333333
07/23/2014,13,1341
07/23/2014,16,1315.666667
07/23/2014,19,1293.333333
07/23/2014,22,1268.5
07/24/2014,1,1250
07/24/2014,4,1241.666667
07/24/2014,7,1228.666667
07/24/2014,10,1213
07/24/2014,13,1199
07/24/2014,16,1186.333333
07/24/2014,19,1177.666667
07/24/2014,22,1165.5
07/25/2014,1,1154
07/25/2014,4,1144.5
07/25/2014,7,1137
07/25/2014,10,1127.5
07/25/2014,13,1121
07/25/2014,16,1116.5
07/25/2014,19,1113
07/25/2014,22,1108
07/26/2014,1,1102
07/26/2014,4,1095.5
07/26/2014,7,1092
07/26/2014,10,1083.5
07/26/2014,13,1069
07/26/2014,16,1061
07/26/2014,19,1056
07/26/2014,22,1053
07/27/2014,1,1052
07/27/2014,4,1052
07/27/2014,7,1052
07/27/2014,10,1047.5
07/27/2014,13,1038
07/27/2014,16,1030
07/27/2014,19,1020
07/27/2014,22,1014
07/28/2014,1,1007
07/28/2014,4,1007
07/28/2014,7,1007
07/28/2014,10,1007
07/28/2014,13,1007
07/28/2014,16,1007
07/28/2014,19,1007
07/28/2014,22,1012.5
07/29/2014,1,1017
07/29/2014,4,1015.5
07/29/2014,7,1014
07/29/2014,10,1012
07/29/2014,13,1010
07/29/2014,16,1010
07/29/2014,19,1010
07/29/2014,22,1015
07/30/2014,1,1021
07/30/2014,4,1024.5
07/30/2014,7,1022
07/30/2014,10,1020
07/30/2014,13,1016
07/30/2014,16,1015
07/30/2014,19,1015
07/30/2014,22,1015
07/31/2014,1,1015
07/31/2014,4,1015
07/31/2014,7,1014
07/31/2014,10,1007.5
07/31/2014,13,1000
07/31/2014,16,997
07/31/2014,19,993
07/31/2014,22,991.5
08/01/2014,1,990
08/01/2014,4,987
08/01/2014,7,983
08/01/2014,10,976.5
08/01/2014,13,970
08/01/2014,16,957.5
08/01/2014,19,946
08/01/2014,22,932.5
08/02/2014,1,921
08/02/2014,4,920
08/02/2014,7,928
08/02/2014,10,935.5
08/02/2014,13,939
08/02/2014,16,941.5
08/02/2014,19,942
08/02/2014,22,942
08/03/2014,1,942
08/03/2014,4,947.5
08/03/2014,7,955
08/03/2014,10,955
08/03/2014,13,955
08/03/2014,16,960
08/03/2014,19,964
08/03/2014,22,968
08/04/2014,1,969
08/04/2014,4,976
08/04/2014,7,986
08/04/2014,10,991
08/04/2014,13,992
08/04/2014,16,999.5
08/04/2014,19,1009
08/04/2014,22,1019
08/05/2014,1,1032
08/05/2014,4,1031.5
08/05/2014,7,1020
08/05/2014,10,1010.5
08/05/2014,13,1004
08/05/2014,16,1003.5
08/05/2014,19,1007
08/05/2014,22,1017.5
08/06/2014,1,1028
08/06/2014,4,1023.5
08/06/2014,7,1019
08/06/2014,10,1010
08/06/2014,13,1003
08/06/2014,16,989
08/06/2014,19,972
08/06/2014,22,978.5
08/07/2014,1,988
08/07/2014,4,988
08/07/2014,7,988
08/07/2014,10,983
08/07/2014,13,977
08/07/2014,16,968
08/07/2014,19,958
08/07/2014,22,955
08/08/2014,1,952
08/08/2014,4,959.5
08/08/2014,7,972
08/08/2014,10,967
08/08/2014,13,962
08/08/2014,16,958.5
08/08/2014,19,955
08/08/2014,22,952
08/09/2014,1,951
08/09/2014,4,964.5
08/09/2014,7,980
08/09/2014,10,984
08/09/2014,13,987
08/09/2014,16,981.5
08/09/2014,19,973
08/09/2014,22,960
08/10/2014,1,953
08/10/2014,4,950
08/10/2014,7,949
08/10/2014,10,944.5
08/10/2014,13,938
08/10/2014,16,932
08/10/2014,19,926
08/10/2014,22,918.5
08/11/2014,1,910
08/11/2014,4,904.5
08/11/2014,7,900
08/11/2014,10,897.5
08/11/2014,13,897
08/11/2014,16,903
08/11/2014,19,912
08/11/2014,22,922
08/12/2014,1,933
08/12/2014,4,943
08/12/2014,7,952
08/12/2014,10,949.5
08/12/2014,13,948
08/12/2014,16,948
08/12/2014,19,948
08/12/2014,22,944.5
08/13/2014,1,943
08/13/2014,4,947.5
08/13/2014,7,956
08/13/2014,10,957
08/13/2014,13,962
08/13/2014,16,974.5
08/13/2014,19,981
08/13/2014,22,990.5
08/14/2014,1,1006
08/14/2014,4,1022.333333
08/14/2014,7,1050.666667
08/14/2014,10,1070.333333
08/14/2014,13,1080
08/14/2014,16,1085.666667
08/14/2014,19,1084.666667
08/14/2014,22,1077
08/15/2014,1,1069
08/15/2014,4,1070.5
08/15/2014,7,1076
08/15/2014,10,1064
08/15/2014,13,1050
08/15/2014,16,1031
08/15/2014,19,1011
08/15/2014,22,994.5
08/16/2014,1,983
08/16/2014,4,979
08/16/2014,7,979
08/16/2014,10,976
08/16/2014,13,972
08/16/2014,16,962.5
08/16/2014,19,953
08/16/2014,22,945.5
08/17/2014,1,939
08/17/2014,4,936
08/17/2014,7,932
08/17/2014,10,935
08/17/2014,13,939
08/17/2014,16,932.5
08/17/2014,19,927
08/17/2014,22,914
08/18/2014,1,901
08/18/2014,4,897
08/18/2014,7,897
08/18/2014,10,900
08/18/2014,13,904
08/18/2014,16,901
08/18/2014,19,899
08/18/2014,22,904.5
08/19/2014,1,912
08/19/2014,4,921.5
08/19/2014,7,931
08/19/2014,10,931
08/19/2014,13,929
08/19/2014,16,932
08/19/2014,19,936
08/19/2014,22,947
08/20/2014,1,961
08/20/2014,4,972.5
08/20/2014,7,978
08/20/2014,10,981.5
08/20/2014,13,984
08/20/2014,16,980.5
08/20/2014,19,977
08/20/2014,22,972.5
08/21/2014,1,969
08/21/2014,4,973.5
08/21/2014,7,977
08/21/2014,10,980
08/21/2014,13,980
08/21/2014,16,973.5
08/21/2014,19,964
08/21/2014,22,960
08/22/2014,1,969
08/22/2014,4,975.5
08/22/2014,7,981
08/22/2014,10,980
08/22/2014,13,977
08/22/2014,16,966
08/22/2014,19,954
08/22/2014,22,943.5
08/23/2014,1,934
08/23/2014,4,937
08/23/2014,7,941
08/23/2014,10,948.5
08/23/2014,13,948
08/23/2014,16,939
08/23/2014,19,930
08/23/2014,22,920
08/24/2014,1,908
08/24/2014,4,920
08/24/2014,7,944
08/24/2014,10,957
08/24/2014,13,963
08/24/2014,16,955.5
08/24/2014,19,947
08/24/2014,22,945
08/25/2014,1,945
08/25/2014,4,948.5
08/25/2014,7,953
08/25/2014,10,961
08/25/2014,13,973
08/25/2014,16,987.5
08/25/2014,19,995
08/25/2014,22,1008.5
08/26/2014,1,1029
08/26/2014,4,1037
08/26/2014,7,1045
08/26/2014,10,1045
08/26/2014,13,1045
08/26/2014,16,1038
08/26/2014,19,1027
08/26/2014,22,1023
08/27/2014,1,1020
08/27/2014,4,1018
08/27/2014,7,1022
08/27/2014,10,1017
08/27/2014,13,1009
08/27/2014,16,994.5
08/27/2014,19,981
08/27/2014,22,975.5
08/28/2014,1,971
08/28/2014,4,971.5
08/28/2014,7,974
08/28/2014,10,972
08/28/2014,13,965
08/28/2014,16,954.5
08/28/2014,19,941
08/28/2014,22,930
08/29/2014,1,924
08/29/2014,4,927
08/29/2014,7,931
08/29/2014,10,941
08/29/2014,13,952
08/29/2014,16,965.5
08/29/2014,19,978
08/29/2014,22,989
08/30/2014,1,999
08/30/2014,4,1019.5
08/30/2014,7,1041
08/30/2014,10,1057.5
08/30/2014,13,1072
08/30/2014,16,1079
08/30/2014,19,1085
08/30/2014,22,1087
08/31/2014,1,1087
08/31/2014,4,1084
08/31/2014,7,1080
08/31/2014,10,1073.5
08/31/2014,13,1066
08/31/2014,16,1058.5
08/31/2014,19,1050
08/31/2014,22,1041
09/01/2014,1,1034
09/01/2014,4,1027
09/01/2014,7,1017
09/01/2014,10,1009.5
09/01/2014,13,1003
09/01/2014,16,998.5
09/01/2014,19,994
09/01/2014,22,985.5
09/02/2014,1,978
09/02/2014,4,972.5
09/02/2014,7,968
09/02/2014,10,968
09/02/2014,13,965
09/02/2014,16,965
09/02/2014,19,962
09/02/2014,22,959
09/03/2014,1,955
09/03/2014,4,947
09/03/2014,7,941
09/03/2014,10,941
09/03/2014,13,941
09/03/2014,16,944
09/03/2014,19,948
09/03/2014,22,949.5
09/04/2014,1,952
09/04/2014,4,954.5
09/04/2014,7,953
09/04/2014,10,954
09/04/2014,13,956
09/04/2014,16,947
09/04/2014,19,940
09/04/2014,22,937
09/05/2014,1,933
09/05/2014,4,930.5
09/05/2014,7,929
09/05/2014,10,932
09/05/2014,13,936
09/05/2014,16,932
09/05/2014,19,926
09/05/2014,22,923
09/06/2014,1,922
09/06/2014,4,930
09/06/2014,7,945
09/06/2014,10,949
09/06/2014,13,950
09/06/2014,16,940.5
09/06/2014,19,925
09/06/2014,22,910.5
09/07/2014,1,900
09/07/2014,4,900
09/07/2014,7,900
09/07/2014,10,905
09/07/2014,13,909
09/07/2014,16,903
09/07/2014,19,892
09/07/2014,22,882.5
09/08/2014,1,877
09/08/2014,4,870.5
09/08/2014,7,863
09/08/2014,10,863
09/08/2014,13,868
09/08/2014,16,876
09/08/2014,19,883
09/08/2014,22,886
09/09/2014,1,888
09/09/2014,4,888
09/09/2014,7,886
09/09/2014,10,885.5
09/09/2014,13,884
09/09/2014,16,878.5
09/09/2014,19,873
09/09/2014,22,872.5
09/10/2014,1,878
09/10/2014,4,881
09/10/2014,7,883
09/10/2014,10,892
09/10/2014,13,896
09/10/2014,16,898.5
09/10/2014,19,900
09/10/2014,22,901.5
09/11/2014,1,902
09/11/2014,4,912
09/11/2014,7,922
09/11/2014,10,927
09/11/2014,13,933
09/11/2014,16,932
09/11/2014,19,924
09/11/2014,22,913.5
09/12/2014,1,907
09/12/2014,4,910.5
09/12/2014,7,917
09/12/2014,10,920
09/12/2014,13,924
09/12/2014,16,926
09/12/2014,19,920
09/12/2014,22,914
09/13/2014,1,907
09/13/2014,4,916.5
09/13/2014,7,926
09/13/2014,10,931.5
09/13/2014,13,936
09/13/2014,16,930
09/13/2014,19,923
09/13/2014,22,913.5
09/14/2014,1,907
09/14/2014,4,898.5
09/14/2014,7,891
09/14/2014,10,886.5
09/14/2014,13,883
09/14/2014,16,881
09/14/2014,19,878
09/14/2014,22,876
09/15/2014,1,876
09/15/2014,4,879
09/15/2014,7,882
09/15/2014,10,890
09/15/2014,13,897
09/15/2014,16,907
09/15/2014,19,907
09/15/2014,22,901.5
09/16/2014,1,898
09/16/2014,4,899.5
09/16/2014,7,905
09/16/2014,10,904
09/16/2014,13,901
09/16/2014,16,897.5
09/16/2014,19,896
09/16/2014,22,892
09/17/2014,1,886
09/17/2014,4,881
09/17/2014,7,877
09/17/2014,10,876.5
09/17/2014,13,882
09/17/2014,16,889
09/17/2014,19,892
09/17/2014,22,893.5
09/18/2014,1,896
09/18/2014,4,902
09/18/2014,7,914.3333333
09/18/2014,10,929.6666667
09/18/2014,13,949.6666667
09/18/2014,16,985.3333333
09/18/2014,19,1038
09/18/2014,22,1088
09/19/2014,1,1150
09/19/2014,4,1165.333333
09/19/2014,7,1179
09/19/2014,10,1192.333333
09/19/2014,13,1204.666667
09/19/2014,16,1224.666667
09/19/2014,19,1245.666667
09/19/2014,22,1263
09/20/2014,1,1281
09/20/2014,4,1281.333333
09/20/2014,7,1282
09/20/2014,10,1281.333333
09/20/2014,13,1274.666667
09/20/2014,16,1265
09/20/2014,19,1252.666667
09/20/2014,22,1239.25
09/21/2014,1,1230
09/21/2014,4,1227.5
09/21/2014,7,1226
09/21/2014,10,1239.5
09/21/2014,13,1264
09/21/2014,16,1289
09/21/2014,19,1313
09/21/2014,22,1326.5
09/22/2014,1,1339
09/22/2014,4,1341.5
09/22/2014,7,1334
09/22/2014,10,1319.5
09/22/2014,13,1302
09/22/2014,16,1284.5
09/22/2014,19,1274
09/22/2014,22,1264.5
09/23/2014,1,1256
09/23/2014,4,1248
09/23/2014,7,1241
09/23/2014,10,1231
09/23/2014,13,1221
09/23/2014,16,1211
09/23/2014,19,1202
09/23/2014,22,1192.5
09/24/2014,1,1183
09/24/2014,4,1173
09/24/2014,7,1163
09/24/2014,10,1150.5
09/24/2014,13,1142
09/24/2014,16,1134.5
09/24/2014,19,1127
09/24/2014,22,1120.5
09/25/2014,1,1113
09/25/2014,4,1102.5
09/25/2014,7,1092
09/25/2014,10,1082.5
09/25/2014,13,1074
09/25/2014,16,1074
09/25/2014,19,1074
09/25/2014,22,1074
09/26/2014,1,1074
09/26/2014,4,1073.5
09/26/2014,7,1072
09/26/2014,10,1068
09/26/2014,13,1060
09/26/2014,16,1051.5
09/26/2014,19,1043
09/26/2014,22,1034
09/27/2014,1,1024
09/27/2014,4,1019.5
09/27/2014,7,1015
09/27/2014,10,1012
09/27/2014,13,1011
09/27/2014,16,1011
09/27/2014,19,1011
09/27/2014,22,1014
09/28/2014,1,1018
09/28/2014,4,1021
09/28/2014,7,1024
09/28/2014,10,1024
09/28/2014,13,1021
09/28/2014,16,1018
09/28/2014,19,1014
09/28/2014,22,1011.5
09/29/2014,1,1010
09/29/2014,4,1008.5
09/29/2014,7,1007
09/29/2014,10,1002
09/29/2014,13,994
09/29/2014,16,987
09/29/2014,19,988
09/29/2014,22,996
09/30/2014,1,1005
09/30/2014,4,1017.5
09/30/2014,7,1031
09/30/2014,10,1039.5
09/30/2014,13,1042
09/30/2014,16,1031.5
09/30/2014,19,1021
09/30/2014,22,1009.5
10/01/2014,1,1001
10/01/2014,4,992.5
10/01/2014,7,987
10/01/2014,10,978.5
10/01/2014,13,975
10/01/2014,16,973.5
10/01/2014,19,973
10/01/2014,22,973
10/02/2014,1,973
10/02/2014,4,976
10/02/2014,7,979
10/02/2014,10,979
10/02/2014,13,978
10/02/2014,16,975
10/02/2014,19,973
10/02/2014,22,973
10/03/2014,1,975
10/03/2014,4,977.5
10/03/2014,7,974
10/03/2014,10,969
10/03/2014,13,963
10/03/2014,16,953
10/03/2014,19,945
10/03/2014,22,936.5
10/04/2014,1,924
10/04/2014,4,912
10/04/2014,7,904
10/04/2014,10,900
10/04/2014,13,897
10/04/2014,16,890.5
10/04/2014,19,886
10/04/2014,22,886
10/05/2014,1,886
10/05/2014,4,902
10/05/2014,7,931
10/05/2014,10,949.5
10/05/2014,13,961
10/05/2014,16,962.5
10/05/2014,19,957
10/05/2014,22,949.5
10/06/2014,1,944
10/06/2014,4,957
10/06/2014,7,971
10/06/2014,10,966
10/06/2014,13,958
10/06/2014,16,946.5
10/06/2014,19,933
10/06/2014,22,917.5
10/07/2014,1,904
10/07/2014,4,897
10/07/2014,7,892
10/07/2014,10,897.5
10/07/2014,13,907
10/07/2014,16,908.5
10/07/2014,19,910
10/07/2014,22,907
10/08/2014,1,905
10/08/2014,4,910.5
10/08/2014,7,917
10/08/2014,10,920
10/08/2014,13,918
10/08/2014,16,910.5
10/08/2014,19,903
10/08/2014,22,892
10/09/2014,1,882
10/09/2014,4,882
10/09/2014,7,882
10/09/2014,10,884.5
10/09/2014,13,886
10/09/2014,16,883
10/09/2014,19,880
10/09/2014,22,872.5
10/10/2014,1,867
10/10/2014,4,862.5
10/10/2014,7,859
10/10/2014,10,852
10/10/2014,13,845
10/10/2014,16,839
10/10/2014,19,834
10/10/2014,22,843.5
10/11/2014,1,854
10/11/2014,4,847.5
10/11/2014,7,834
10/11/2014,10,830.5
10/11/2014,13,829
10/11/2014,16,829
10/11/2014,19,829
10/11/2014,22,832
10/12/2014,1,837
10/12/2014,4,831.5
10/12/2014,7,824
10/12/2014,10,808.5
10/12/2014,13,789
10/12/2014,16,773.5
10/12/2014,19,760
10/12/2014,22,762
10/13/2014,1,770
10/13/2014,4,772.5
10/13/2014,7,767
10/13/2014,10,756
10/13/2014,13,740
10/13/2014,16,751
10/13/2014,19,769
10/13/2014,22,779.5
10/14/2014,1,783
10/14/2014,4,779.5
10/14/2014,7,774
10/14/2014,10,775
10/14/2014,13,778
10/14/2014,16,785
10/14/2014,19,798
10/14/2014,22,805
10/15/2014,1,810
10/15/2014,4,807
10/15/2014,7,803
10/15/2014,10,802
10/15/2014,13,802
10/15/2014,16,805.5
10/15/2014,19,810
10/15/2014,22,810.5
10/16/2014,1,805
10/16/2014,4,789.5
10/16/2014,7,772
10/16/2014,10,773.5
10/16/2014,13,780
10/16/2014,16,789
10/16/2014,19,798
10/16/2014,22,807
10/17/2014,1,815
10/17/2014,4,802.5
10/17/2014,7,778
10/17/2014,10,760
10/17/2014,13,749
10/17/2014,16,744
10/17/2014,19,743
10/17/2014,22,740
10/18/2014,1,739
10/18/2014,4,737.5
10/18/2014,7,736
10/18/2014,10,740.5
10/18/2014,13,744
10/18/2014,16,751
10/18/2014,19,760
10/18/2014,22,755
10/19/2014,1,749
10/19/2014,4,741.5
10/19/2014,7,737
10/19/2014,10,730.5
10/19/2014,13,727
10/19/2014,16,723
10/19/2014,19,721
10/19/2014,22,716
10/20/2014,1,715
10/20/2014,4,709.5
10/20/2014,7,700
10/20/2014,10,696
10/20/2014,13,693
10/20/2014,16,688.5
10/20/2014,19,685
10/20/2014,22,693.5
10/21/2014,1,713
10/21/2014,4,708
10/21/2014,7,700
10/21/2014,10,700
10/21/2014,13,703
10/21/2014,16,717.5
10/21/2014,19,732
10/21/2014,22,741
10/22/2014,1,746
10/22/2014,4,749
10/22/2014,7,752
10/22/2014,10,757
10/22/2014,13,763
10/22/2014,16,778
10/22/2014,19,804
10/22/2014,22,820.5
10/23/2014,1,828
10/23/2014,4,823.5
10/23/2014,7,819
10/23/2014,10,806
10/23/2014,13,796
10/23/2014,16,799
10/23/2014,19,803
10/23/2014,22,799
10/24/2014,1,791
10/24/2014,4,773.5
10/24/2014,7,749
10/24/2014,10,722.5
10/24/2014,13,713
10/24/2014,16,717.5
10/24/2014,19,724
10/24/2014,22,727
10/25/2014,1,730
10/25/2014,4,721
10/25/2014,7,706
10/25/2014,10,699
10/25/2014,13,694
10/25/2014,16,674.5
10/25/2014,19,660
10/25/2014,22,653.5
10/26/2014,1,649
10/26/2014,4,646
10/26/2014,7,645
10/26/2014,10,643.5
10/26/2014,13,640
10/26/2014,16,642
10/26/2014,19,647
10/26/2014,22,650
10/27/2014,1,651
10/27/2014,4,640
10/27/2014,7,630
10/27/2014,10,622.5
10/27/2014,13,616
10/27/2014,16,617.5
10/27/2014,19,633
10/27/2014,22,641
10/28/2014,1,646
10/28/2014,4,649
10/28/2014,7,650
10/28/2014,10,660.5
10/28/2014,13,667
10/28/2014,16,677.5
10/28/2014,19,677
10/28/2014,22,680.5
10/29/2014,1,688
10/29/2014,4,680.5
10/29/2014,7,669
10/29/2014,10,660
10/29/2014,13,657
10/29/2014,16,662
10/29/2014,19,666
10/29/2014,22,666
10/30/2014,1,666
10/30/2014,4,658
10/30/2014,7,647
10/30/2014,10,642.5
10/30/2014,13,639
10/30/2014,16,645
10/30/2014,19,655
10/30/2014,22,660.5
10/31/2014,1,665
10/31/2014,4,656
10/31/2014,7,643
10/31/2014,10,648
10/31/2014,13,653
10/31/2014,16,659.5
10/31/2014,19,664
10/31/2014,22,660.5
11/01/2014,1,654
11/01/2014,4,648.5
11/01/2014,7,645
11/01/2014,10,652
11/01/2014,13,665
11/01/2014,16,684.5
11/01/2014,19,704
11/01/2014,22,713
11/02/2014,1,712
11/02/2014,4,706
11/02/2014,7,700
11/02/2014,10,696
11/02/2014,13,693
11/02/2014,16,690
11/02/2014,19,690
11/02/2014,22,689
11/03/2014,1,686
11/03/2014,4,682
11/03/2014,7,681
11/03/2014,10,688.5
11/03/2014,13,701
11/03/2014,16,717
11/03/2014,19,729
11/03/2014,22,734.5
11/04/2014,1,738
11/04/2014,4,730.5
11/04/2014,7,718
11/04/2014,10,723.5
11/04/2014,13,729
11/04/2014,16,729.5
11/04/2014,19,724
11/04/2014,22,724.5
11/05/2014,1,733
11/05/2014,4,730.5
11/05/2014,7,714
11/05/2014,10,714
11/05/2014,13,714
11/05/2014,16,718
11/05/2014,19,725
11/05/2014,22,722.5
11/06/2014,1,717
11/06/2014,4,709.5
11/06/2014,7,704
11/06/2014,10,705
11/06/2014,13,708
11/06/2014,16,713
11/06/2014,19,718
11/06/2014,22,715.5
11/07/2014,1,710
11/07/2014,4,704
11/07/2014,7,701
11/07/2014,10,706.5
11/07/2014,13,720
11/07/2014,16,742
11/07/2014,19,766
11/07/2014,22,792.5
11/08/2014,1,818
11/08/2014,4,835
11/08/2014,7,854
11/08/2014,10,867.3333333
11/08/2014,13,884.6666667
11/08/2014,16,905.3333333
11/08/2014,19,919.3333333
11/08/2014,22,924
11/09/2014,1,919
11/09/2014,4,917
11/09/2014,7,913
11/09/2014,10,906
11/09/2014,13,897
11/09/2014,16,890.5
11/09/2014,19,887
11/09/2014,22,884
11/10/2014,1,881
11/10/2014,4,878
11/10/2014,7,875
11/10/2014,10,870
11/10/2014,13,864
11/10/2014,16,858
11/10/2014,19,851
11/10/2014,22,849
11/11/2014,1,847
11/11/2014,4,847
11/11/2014,7,847
11/11/2014,10,838.5
11/11/2014,13,831
11/11/2014,16,839
11/11/2014,19,845
11/11/2014,22,848.5
11/12/2014,1,852
11/12/2014,4,852
11/12/2014,7,848
11/12/2014,10,841.5
11/12/2014,13,848
11/12/2014,16,849.5
11/12/2014,19,851
11/12/2014,22,853.5
11/13/2014,1,855
11/13/2014,4,850
11/13/2014,7,843
11/13/2014,10,828.5
11/13/2014,13,819
11/13/2014,16,811.5
11/13/2014,19,805
11/13/2014,22,800.5
11/14/2014,1,795
11/14/2014,4,789
11/14/2014,7,784
11/14/2014,10,777
11/14/2014,13,769
11/14/2014,16,765.5
11/14/2014,19,762
11/14/2014,22,762
11/15/2014,1,766
11/15/2014,4,772.5
11/15/2014,7,777
11/15/2014,10,778.5
11/15/2014,13,780
11/15/2014,16,780
11/15/2014,19,780
11/15/2014,22,776
11/16/2014,1,772
11/16/2014,4,767.5
11/16/2014,7,762
11/16/2014,10,759
11/16/2014,13,753
11/16/2014,16,749.5
11/16/2014,19,747
11/16/2014,22,742.5
11/17/2014,1,738
11/17/2014,4,735
11/17/2014,7,731
11/17/2014,10,733
11/17/2014,13,738
11/17/2014,16,746
11/17/2014,19,757
11/17/2014,22,761.5
11/18/2014,1,759
11/18/2014,4,751
11/18/2014,7,744
11/18/2014,10,743.5
11/18/2014,13,751
11/18/2014,16,758.5
11/18/2014,19,765
11/18/2014,22,765.5
11/19/2014,1,759
11/19/2014,4,755.5
11/19/2014,7,753
11/19/2014,10,751.5
11/19/2014,13,746
11/19/2014,16,750
11/19/2014,19,758
11/19/2014,22,758.5
11/20/2014,1,750
11/20/2014,4,742
11/20/2014,7,735
11/20/2014,10,734.5
11/20/2014,13,741
11/20/2014,16,744.5
11/20/2014,19,741
11/20/2014,22,737
11/21/2014,1,733
11/21/2014,4,731
11/21/2014,7,729
11/21/2014,10,726
11/21/2014,13,726
11/21/2014,16,726
11/21/2014,19,725
11/21/2014,22,717
11/22/2014,1,709
11/22/2014,4,702.5
11/22/2014,7,698
11/22/2014,10,694.5
11/22/2014,13,692
11/22/2014,16,690.5
11/22/2014,19,688
11/22/2014,22,684
11/23/2014,1,680
11/23/2014,4,676
11/23/2014,7,673
11/23/2014,10,666
11/23/2014,13,662
11/23/2014,16,659
11/23/2014,19,658
11/23/2014,22,659
11/24/2014,1,662
11/24/2014,4,665
11/24/2014,7,667
11/24/2014,10,663.5
11/24/2014,13,657
11/24/2014,16,648.5
11/24/2014,19,642
11/24/2014,22,641.5
11/25/2014,1,647
11/25/2014,4,651
11/25/2014,7,648
11/25/2014,10,638
11/25/2014,13,640
11/25/2014,16,645
11/25/2014,19,652
11/25/2014,22,659.5
11/26/2014,1,662
11/26/2014,4,663.5
11/26/2014,7,665
11/26/2014,10,665
11/26/2014,13,660
11/26/2014,16,656.5
11/26/2014,19,651
11/26/2014,22,651
11/27/2014,1,656
11/27/2014,4,660
11/27/2014,7,663
11/27/2014,10,665
11/27/2014,13,666
11/27/2014,16,667
11/27/2014,19,667
11/27/2014,22,663.5
11/28/2014,1,659
11/28/2014,4,657
11/28/2014,7,654
11/28/2014,10,659
11/28/2014,13,669
11/28/2014,16,681
11/28/2014,19,694
11/28/2014,22,700
11/29/2014,1,695
11/29/2014,4,683.5
11/29/2014,7,676
11/29/2014,10,681
11/29/2014,13,688
11/29/2014,16,691.5
11/29/2014,19,695
11/29/2014,22,690.5
11/30/2014,1,685
11/30/2014,4,673
11/30/2014,7,662
11/30/2014,10,653.5
11/30/2014,13,644
11/30/2014,16,633
11/30/2014,19,627
11/30/2014,22,623.5
12/01/2014,1,620
12/01/2014,4,619
12/01/2014,7,618
12/01/2014,10,614
12/01/2014,13,611
12/01/2014,16,609
12/01/2014,19,607
12/01/2014,22,606
12/02/2014,1,605
12/02/2014,4,604
12/02/2014,7,604
12/02/2014,10,606
12/02/2014,13,609
12/02/2014,16,607
12/02/2014,19,603
12/02/2014,22,601
12/03/2014,1,604
12/03/2014,4,608
12/03/2014,7,610
12/03/2014,10,618
12/03/2014,13,625
12/03/2014,16,629
12/03/2014,19,632
12/03/2014,22,630
12/04/2014,1,626
12/04/2014,4,622
12/04/2014,7,620
12/04/2014,10,618
12/04/2014,13,622
12/04/2014,16,628
12/04/2014,19,638
12/04/2014,22,644
12/05/2014,1,648
12/05/2014,4,646
12/05/2014,7,644
12/05/2014,10,652
12/05/2014,13,663
12/05/2014,16,673
12/05/2014,19,680
12/05/2014,22,678
12/06/2014,1,675
12/06/2014,4,671
12/06/2014,7,668
12/06/2014,10,660
12/06/2014,13,648
12/06/2014,16,640
12/06/2014,19,633
12/06/2014,22,631
12/07/2014,1,630
12/07/2014,4,629
12/07/2014,7,629
12/07/2014,10,629
12/07/2014,13,628
12/07/2014,16,636
12/07/2014,19,643
12/07/2014,22,646
12/08/2014,1,640
12/08/2014,4,623
12/08/2014,7,605
12/08/2014,10,606.5
12/08/2014,13,611
12/08/2014,16,617
12/08/2014,19,627
12/08/2014,22,629.5
12/09/2014,1,627
12/09/2014,4,620.5
12/09/2014,7,612
12/09/2014,10,605.5
12/09/2014,13,601
12/09/2014,16,611
12/09/2014,19,622
12/09/2014,22,624
12/10/2014,1,621
12/10/2014,4,617
12/10/2014,7,614
12/10/2014,10,610
12/10/2014,13,604
12/10/2014,16,609
12/10/2014,19,618
12/10/2014,22,620
12/11/2014,1,617
12/11/2014,4,611
12/11/2014,7,607
12/11/2014,10,601
12/11/2014,13,596
12/11/2014,16,599
12/11/2014,19,603
12/11/2014,22,608
12/12/2014,1,610
12/12/2014,4,607
12/12/2014,7,604
12/12/2014,10,600
12/12/2014,13,595
12/12/2014,16,601
12/12/2014,19,610
12/12/2014,22,613
12/13/2014,1,614
12/13/2014,4,614
12/13/2014,7,614
12/13/2014,10,612
12/13/2014,13,609
12/13/2014,16,600
12/13/2014,19,594
12/13/2014,22,591
12/14/2014,1,593
12/14/2014,4,596
12/14/2014,7,600
12/14/2014,10,589
12/14/2014,13,576
12/14/2014,16,570
12/14/2014,19,566
12/14/2014,22,569
12/15/2014,1,577
12/15/2014,4,581
12/15/2014,7,586
12/15/2014,10,580
12/15/2014,13,574
12/15/2014,16,569
12/15/2014,19,565
12/15/2014,22,568
12/16/2014,1,573
12/16/2014,4,581
12/16/2014,7,587
12/16/2014,10,593
12/16/2014,13,597
12/16/2014,16,602
12/16/2014,19,610
12/16/2014,22,615
12/17/2014,1,617
12/17/2014,4,617
12/17/2014,7,613
12/17/2014,10,611
12/17/2014,13,609
12/17/2014,16,609
12/17/2014,19,609
12/17/2014,22,611
12/18/2014,1,614
12/18/2014,4,616
12/18/2014,7,618
12/18/2014,10,620
12/18/2014,13,621
12/18/2014,16,622
12/18/2014,19,622
12/18/2014,22,621
12/19/2014,1,619
12/19/2014,4,616
12/19/2014,7,614
12/19/2014,10,608
12/19/2014,13,606
12/19/2014,16,609
12/19/2014,19,612
12/19/2014,22,617
12/20/2014,1,620
12/20/2014,4,616
12/20/2014,7,611
12/20/2014,10,609
12/20/2014,13,605
12/20/2014,16,608
12/20/2014,19,613
12/20/2014,22,615
12/21/2014,1,611
12/21/2014,4,607
12/21/2014,7,604
12/21/2014,10,597
12/21/2014,13,588
12/21/2014,16,584
12/21/2014,19,581
12/21/2014,22,581
12/22/2014,1,585
12/22/2014,4,589
12/22/2014,7,594
12/22/2014,10,590
12/22/2014,13,584
12/22/2014,16,579
12/22/2014,19,575
12/22/2014,22,572
12/23/2014,1,574
12/23/2014,4,576
12/23/2014,7,578
12/23/2014,10,581
12/23/2014,13,583
12/23/2014,16,582
12/23/2014,19,579
12/23/2014,22,576
12/24/2014,1,573
12/24/2014,4,569
12/24/2014,7,566
12/24/2014,10,574
12/24/2014,13,586
12/24/2014,16,595
12/24/2014,19,603
12/24/2014,22,607
12/25/2014,1,610
12/25/2014,4,612
12/25/2014,7,607
12/25/2014,10,604
12/25/2014,13,596
12/25/2014,16,591
12/25/2014,19,587
12/25/2014,22,585
12/26/2014,1,582
12/26/2014,4,581
12/26/2014,7,580
12/26/2014,10,582
12/26/2014,13,586
12/26/2014,16,590
12/26/2014,19,595
12/26/2014,22,597
12/27/2014,1,598
12/27/2014,4,596
12/27/2014,7,593
12/27/2014,10,590
12/27/2014,13,585
12/27/2014,16,582
12/27/2014,19,579
12/27/2014,22,577
12/28/2014,1,580
12/28/2014,4,585
12/28/2014,7,587
12/28/2014,10,586
12/28/2014,13,586
12/28/2014,16,586
12/28/2014,19,586
12/28/2014,22,581
12/29/2014,1,574
12/29/2014,4,570
12/29/2014,7,563
12/29/2014,10,566
12/29/2014,13,569
12/29/2014,16,572
12/29/2014,19,577
12/29/2014,22,581
12/30/2014,1,583
12/30/2014,4,582
12/30/2014,7,579
12/30/2014,10,575
12/30/2014,13,577
12/30/2014,16,580
12/30/2014,19,589
12/30/2014,22,596
12/31/2014,1,601
12/31/2014,4,598
12/31/2014,7,587
12/31/2014,10,583
12/31/2014,13,580
12/31/2014,16,580
12/31/2014,19,580
12/31/2014,22,578
01/01/2015,1,576
01/01/2015,4,574.5
01/01/2015,7,573
01/01/2015,10,572
01/01/2015,13,571
01/01/2015,16,573.5
01/01/2015,19,576
01/01/2015,22,577
01/02/2015,1,578
01/02/2015,4,575.5
01/02/2015,7,573
01/02/2015,10,575
01/02/2015,13,577
01/02/2015,16,578.5
01/02/2015,19,580
01/02/2015,22,582.5
01/03/2015,1,585
01/03/2015,4,587.5
01/03/2015,7,590
01/03/2015,10,595.5
01/03/2015,13,601
01/03/2015,16,609.5
01/03/2015,19,618
01/03/2015,22,621
01/04/2015,1,624
01/04/2015,4,619
01/04/2015,7,610
01/04/2015,10,604
01/04/2015,13,600
01/04/2015,16,603
01/04/2015,19,607
01/04/2015,22,609
01/05/2015,1,605
01/05/2015,4,603.5
01/05/2015,7,602
01/05/2015,10,598
01/05/2015,13,594
01/05/2015,16,590
01/05/2015,19,586
01/05/2015,22,586
01/06/2015,1,586
01/06/2015,4,586
01/06/2015,7,586
01/06/2015,10,588.5
01/06/2015,13,591
01/06/2015,16,594.5
01/06/2015,19,598
01/06/2015,22,595
01/07/2015,1,592
01/07/2015,4,587.5
01/07/2015,7,583
01/07/2015,10,584.5
01/07/2015,13,586
01/07/2015,16,587.5
01/07/2015,19,589
01/07/2015,22,588
01/08/2015,1,587
01/08/2015,4,586
01/08/2015,7,585
01/08/2015,10,588
01/08/2015,13,591
01/08/2015,16,597.5
01/08/2015,19,604
01/08/2015,22,606.5
01/09/2015,1,609
01/09/2015,4,606
01/09/2015,7,603
01/09/2015,10,602
01/09/2015,13,601
01/09/2015,16,607.5
01/09/2015,19,614
01/09/2015,22,617.5
01/10/2015,1,621
01/10/2015,4,619
01/10/2015,7,617
01/10/2015,10,623
01/10/2015,13,629
01/10/2015,16,637
01/10/2015,19,645
01/10/2015,22,651
01/11/2015,1,657
01/11/2015,4,668
01/11/2015,7,676
01/11/2015,10,684
01/11/2015,13,690
01/11/2015,16,694
01/11/2015,19,703
01/11/2015,22,707
01/12/2015,1,710
01/12/2015,4,715
01/12/2015,7,719
01/12/2015,10,721
01/12/2015,13,723
01/12/2015,16,724
01/12/2015,19,724
01/12/2015,22,724
01/13/2015,1,723
01/13/2015,4,722
01/13/2015,7,721
01/13/2015,10,718.5
01/13/2015,13,716
01/13/2015,16,711.5
01/13/2015,19,707
01/13/2015,22,702
01/14/2015,1,697
01/14/2015,4,691.5
01/14/2015,7,686
01/14/2015,10,684
01/14/2015,13,682
01/14/2015,16,679
01/14/2015,19,676
01/14/2015,22,671.5
01/15/2015,1,667
01/15/2015,4,663
01/15/2015,7,659
01/15/2015,10,658.5
01/15/2015,13,658
01/15/2015,16,657.5
01/15/2015,19,657
01/15/2015,22,652.5
01/16/2015,1,648
01/16/2015,4,643
01/16/2015,7,638
01/16/2015,10,644
01/16/2015,13,650
01/16/2015,16,658.5
01/16/2015,19,667
01/16/2015,22,676
01/17/2015,1,685
01/17/2015,4,708.5
01/17/2015,7,735
01/17/2015,10,760.5
01/17/2015,13,782
01/17/2015,16,798.5
01/17/2015,19,816
01/17/2015,22,828
01/18/2015,1,837
01/18/2015,4,841
01/18/2015,7,844
01/18/2015,10,847
01/18/2015,13,850
01/18/2015,16,853
01/18/2015,19,856
01/18/2015,22,856
01/19/2015,1,857
01/19/2015,4,856
01/19/2015,7,855
01/19/2015,10,855
01/19/2015,13,855
01/19/2015,16,855
01/19/2015,19,855
01/19/2015,22,855
01/20/2015,1,855
01/20/2015,4,854
01/20/2015,7,853
01/20/2015,10,852
01/20/2015,13,851
01/20/2015,16,849.5
01/20/2015,19,848
01/20/2015,22,850
01/21/2015,1,852
01/21/2015,4,853.5
01/21/2015,7,855
01/21/2015,10,855.5
01/21/2015,13,856
01/21/2015,16,856.5
01/21/2015,19,857
01/21/2015,22,858
01/22/2015,1,859
01/22/2015,4,859.5
01/22/2015,7,860
01/22/2015,10,859
01/22/2015,13,858
01/22/2015,16,857
01/22/2015,19,856
01/22/2015,22,854
01/23/2015,1,852
01/23/2015,4,851
01/23/2015,7,849
01/23/2015,10,844
01/23/2015,13,838
01/23/2015,16,826
01/23/2015,19,810
01/23/2015,22,800
01/24/2015,1,789
01/24/2015,4,782
01/24/2015,7,773
01/24/2015,10,753.5
01/24/2015,13,721
01/24/2015,16,683
01/24/2015,19,642
01/24/2015,22,624.5
01/25/2015,1,615
01/25/2015,4,613
01/25/2015,7,611
01/25/2015,10,606.5
01/25/2015,13,602
01/25/2015,16,594
01/25/2015,19,586
01/25/2015,22,580
01/26/2015,1,574
01/26/2015,4,569.5
01/26/2015,7,565
01/26/2015,10,563.5
01/26/2015,13,562
01/26/2015,16,560.5
01/26/2015,19,559
01/26/2015,22,557
01/27/2015,1,555
01/27/2015,4,552.5
01/27/2015,7,550
01/27/2015,10,555
01/27/2015,13,560
01/27/2015,16,565
01/27/2015,19,570
01/27/2015,22,586.5
01/28/2015,1,603
01/28/2015,4,641.5
01/28/2015,7,678
01/28/2015,10,710
01/28/2015,13,738
01/28/2015,16,763
01/28/2015,19,788
01/28/2015,22,799.5
01/29/2015,1,808
01/29/2015,4,821
01/29/2015,7,830
01/29/2015,10,838
01/29/2015,13,843
01/29/2015,16,847
01/29/2015,19,849
01/29/2015,22,853
01/30/2015,1,857
01/30/2015,4,858
01/30/2015,7,859
01/30/2015,10,860
01/30/2015,13,861
01/30/2015,16,861.5
01/30/2015,19,862
01/30/2015,22,862.5
01/31/2015,1,863
01/31/2015,4,863
01/31/2015,7,863
01/31/2015,10,863
01/31/2015,13,863
01/31/2015,16,863
01/31/2015,19,863
01/31/2015,22,862.5
02/01/2015,1,862
02/01/2015,4,861.5
02/01/2015,7,861
02/01/2015,10,860.5
02/01/2015,13,860
02/01/2015,16,860
02/01/2015,19,860
02/01/2015,22,860
02/02/2015,1,860
02/02/2015,4,861
02/02/2015,7,862
02/02/2015,10,863
02/02/2015,13,864
02/02/2015,16,865.5
02/02/2015,19,867
02/02/2015,22,866
02/03/2015,1,865
02/03/2015,4,862.5
02/03/2015,7,860
02/03/2015,10,859
02/03/2015,13,858
02/03/2015,16,858
02/03/2015,19,858
02/03/2015,22,857
02/04/2015,1,856
02/04/2015,4,855
02/04/2015,7,854
02/04/2015,10,856.5
02/04/2015,13,859
02/04/2015,16,862.5
02/04/2015,19,866
02/04/2015,22,867.5
02/05/2015,1,869
02/05/2015,4,870.5
02/05/2015,7,872
02/05/2015,10,868.5
02/05/2015,13,865
02/05/2015,16,860
02/05/2015,19,855
02/05/2015,22,847
02/06/2015,1,839
02/06/2015,4,822
02/06/2015,7,802
02/06/2015,10,782
02/06/2015,13,764
02/06/2015,16,745
02/06/2015,19,728
02/06/2015,22,713
02/07/2015,1,698
02/07/2015,4,681
02/07/2015,7,671
02/07/2015,10,654
02/07/2015,13,640
02/07/2015,16,634
02/07/2015,19,629
02/07/2015,22,625
02/08/2015,1,620
02/08/2015,4,615
02/08/2015,7,610
02/08/2015,10,604
02/08/2015,13,598
02/08/2015,16,593
02/08/2015,19,588
02/08/2015,22,584.5
02/09/2015,1,581
02/09/2015,4,577
02/09/2015,7,573
02/09/2015,10,569.5
02/09/2015,13,566
02/09/2015,16,563
02/09/2015,19,560
02/09/2015,22,556
02/10/2015,1,552
02/10/2015,4,548.5
02/10/2015,7,545
02/10/2015,10,553.5
02/10/2015,13,562
02/10/2015,16,573.5
02/10/2015,19,585
02/10/2015,22,600.5
02/11/2015,1,616
02/11/2015,4,660.5
02/11/2015,7,699
02/11/2015,10,737
02/11/2015,13,763
02/11/2015,16,779.5
02/11/2015,19,795
02/11/2015,22,812
02/12/2015,1,827
02/12/2015,4,833
02/12/2015,7,839
02/12/2015,10,844
02/12/2015,13,847
02/12/2015,16,850
02/12/2015,19,852
02/12/2015,22,855
02/13/2015,1,858
02/13/2015,4,859.5
02/13/2015,7,861
02/13/2015,10,862
02/13/2015,13,863
02/13/2015,16,863
02/13/2015,19,863
02/13/2015,22,864
02/14/2015,1,865
02/14/2015,4,866.5
02/14/2015,7,868
02/14/2015,10,869
02/14/2015,13,870
02/14/2015,16,868.5
02/14/2015,19,867
02/14/2015,22,867
02/15/2015,1,867
02/15/2015,4,867
02/15/2015,7,867
02/15/2015,10,867
02/15/2015,13,867
02/15/2015,16,865.5
02/15/2015,19,864
02/15/2015,22,856.5
02/16/2015,1,849
02/16/2015,4,829.5
02/16/2015,7,810
02/16/2015,10,769
02/16/2015,13,726
02/16/2015,16,702.5
02/16/2015,19,691
02/16/2015,22,667.5
02/17/2015,1,628
02/17/2015,4,609
02/17/2015,7,597
02/17/2015,10,588
02/17/2015,13,577
02/17/2015,16,564
02/17/2015,19,550
02/17/2015,22,538
02/18/2015,1,530
02/18/2015,4,527.5
02/18/2015,7,525
02/18/2015,10,523
02/18/2015,13,521
02/18/2015,16,519.5
02/18/2015,19,518
02/18/2015,22,516.5
02/19/2015,1,515
02/19/2015,4,512.5
02/19/2015,7,510
02/19/2015,10,512
02/19/2015,13,514
02/19/2015,16,516.5
02/19/2015,19,519
02/19/2015,22,523.5
02/20/2015,1,528
02/20/2015,4,534
02/20/2015,7,540
02/20/2015,10,537.5
02/20/2015,13,535
02/20/2015,16,531
02/20/2015,19,527
02/20/2015,22,526
02/21/2015,1,525
02/21/2015,4,525
02/21/2015,7,525
02/21/2015,10,522.5
02/21/2015,13,520
02/21/2015,16,518.5
02/21/2015,19,517
02/21/2015,22,516
02/22/2015,1,515
02/22/2015,4,513
02/22/2015,7,511
02/22/2015,10,509
02/22/2015,13,507
02/22/2015,16,506
02/22/2015,19,505
02/22/2015,22,505
02/23/2015,1,505
02/23/2015,4,505
02/23/2015,7,505
02/23/2015,10,505
02/23/2015,13,505
02/23/2015,16,505
02/23/2015,19,505
02/23/2015,22,505
02/24/2015,1,505
02/24/2015,4,505
02/24/2015,7,505
02/24/2015,10,503
02/24/2015,13,501
02/24/2015,16,500.5
02/24/2015,19,500
02/24/2015,22,498.5
02/25/2015,1,497
02/25/2015,4,494.5
02/25/2015,7,492
02/25/2015,10,490
02/25/2015,13,488
02/25/2015,16,486.5
02/25/2015,19,485
02/25/2015,22,483.5
02/26/2015,1,482
02/26/2015,4,481
02/26/2015,7,480
02/26/2015,10,488.5
02/26/2015,13,497
02/26/2015,16,506.5
02/26/2015,19,516
02/26/2015,22,520
02/27/2015,1,524
02/27/2015,4,528.5
02/27/2015,7,533
02/27/2015,10,535
02/27/2015,13,537
02/27/2015,16,533.5
02/27/2015,19,530
02/27/2015,22,527
02/28/2015,1,524
02/28/2015,4,521.5
02/28/2015,7,519
02/28/2015,10,517.5
02/28/2015,13,516
02/28/2015,16,518
02/28/2015,19,520
02/28/2015,22,524
03/01/2015,1,528
03/01/2015,4,531.5
03/01/2015,7,535
03/01/2015,10,537
03/01/2015,13,539
03/01/2015,16,535.5
03/01/2015,19,532
03/01/2015,22,537
03/02/2015,1,542
03/02/2015,4,549.5
03/02/2015,7,557
03/02/2015,10,550.5
03/02/2015,13,544
03/02/2015,16,537
03/02/2015,19,530
03/02/2015,22,527
03/03/2015,1,524
03/03/2015,4,522
03/03/2015,7,520
03/03/2015,10,517.5
03/03/2015,13,515
03/03/2015,16,514
03/03/2015,19,513
03/03/2015,22,516
03/04/2015,1,519
03/04/2015,4,526
03/04/2015,7,534
03/04/2015,10,538
03/04/2015,13,541
03/04/2015,16,543
03/04/2015,19,544
03/04/2015,22,547
03/05/2015,1,552
03/05/2015,4,554.5
03/05/2015,7,557
03/05/2015,10,558
03/05/2015,13,559
03/05/2015,16,560
03/05/2015,19,561
03/05/2015,22,557.5
03/06/2015,1,554
03/06/2015,4,549.5
03/06/2015,7,545
03/06/2015,10,541
03/06/2015,13,537
03/06/2015,16,534
03/06/2015,19,531
03/06/2015,22,536
03/07/2015,1,541
03/07/2015,4,548.5
03/07/2015,7,556
03/07/2015,10,551.5
03/07/2015,13,547
03/07/2015,16,543
03/07/2015,19,539
03/07/2015,22,537
03/08/2015,1,535
03/08/2015,4,533.5
03/08/2015,7,532
03/08/2015,10,531
03/08/2015,13,530
03/08/2015,16,534
03/08/2015,19,538
03/08/2015,22,540
03/09/2015,1,542
03/09/2015,4,538.5
03/09/2015,7,535
03/09/2015,10,534.5
03/09/2015,13,534
03/09/2015,16,534
03/09/2015,19,534
03/09/2015,22,535.5
03/10/2015,1,537
03/10/2015,4,539.5
03/10/2015,7,542
03/10/2015,10,546
03/10/2015,13,550
03/10/2015,16,555.5
03/10/2015,19,561
03/10/2015,22,563
03/11/2015,1,565
03/11/2015,4,566.5
03/11/2015,7,568
03/11/2015,10,569
03/11/2015,13,570
03/11/2015,16,571.5
03/11/2015,19,573
03/11/2015,22,570
03/12/2015,1,567
03/12/2015,4,561.5
03/12/2015,7,556
03/12/2015,10,553.5
03/12/2015,13,551
03/12/2015,16,558
03/12/2015,19,565
03/12/2015,22,566
03/13/2015,1,567
03/13/2015,4,568
03/13/2015,7,569
03/13/2015,10,570.5
03/13/2015,13,572
03/13/2015,16,573.5
03/13/2015,19,575
03/13/2015,22,573
03/14/2015,1,571
03/14/2015,4,569.5
03/14/2015,7,568
03/14/2015,10,568
03/14/2015,13,568
03/14/2015,16,568
03/14/2015,19,568
03/14/2015,22,566.5
03/15/2015,1,565
03/15/2015,4,562.5
03/15/2015,7,560
03/15/2015,10,557.5
03/15/2015,13,555
03/15/2015,16,552.5
03/15/2015,19,550
03/15/2015,22,549
03/16/2015,1,548
03/16/2015,4,548
03/16/2015,7,548
03/16/2015,10,544.5
03/16/2015,13,541
03/16/2015,16,542.5
03/16/2015,19,544
03/16/2015,22,545
03/17/2015,1,546
03/17/2015,4,544
03/17/2015,7,542
03/17/2015,10,540.5
03/17/2015,13,539
03/17/2015,16,543.5
03/17/2015,19,548
03/17/2015,22,551
03/18/2015,1,554
03/18/2015,4,558
03/18/2015,7,563
03/18/2015,10,561
03/18/2015,13,556
03/18/2015,16,559
03/18/2015,19,566
03/18/2015,22,570
03/19/2015,1,577
03/19/2015,4,579.5
03/19/2015,7,582
03/19/2015,10,589
03/19/2015,13,596
03/19/2015,16,605
03/19/2015,19,614
03/19/2015,22,615
03/20/2015,1,616
03/20/2015,4,617
03/20/2015,7,618
03/20/2015,10,620.5
03/20/2015,13,623
03/20/2015,16,625
03/20/2015,19,627
03/20/2015,22,627.5
03/21/2015,1,628
03/21/2015,4,628.5
03/21/2015,7,629
03/21/2015,10,627.5
03/21/2015,13,626
03/21/2015,16,629
03/21/2015,19,632
03/21/2015,22,628.5
03/22/2015,1,625
03/22/2015,4,621
03/22/2015,7,617
03/22/2015,10,615
03/22/2015,13,613
03/22/2015,16,612
03/22/2015,19,611
03/22/2015,22,605.5
03/23/2015,1,600
03/23/2015,4,595
03/23/2015,7,590
03/23/2015,10,586
03/23/2015,13,582
03/23/2015,16,583.5
03/23/2015,19,585
03/23/2015,22,586
03/24/2015,1,587
03/24/2015,4,581
03/24/2015,7,575
03/24/2015,10,574
03/24/2015,13,573
03/24/2015,16,577
03/24/2015,19,581
03/24/2015,22,584.5
03/25/2015,1,588
03/25/2015,4,591.5
03/25/2015,7,595
03/25/2015,10,604
03/25/2015,13,613
03/25/2015,16,623.5
03/25/2015,19,634
03/25/2015,22,640
03/26/2015,1,646
03/26/2015,4,649
03/26/2015,7,652
03/26/2015,10,653.5
03/26/2015,13,655
03/26/2015,16,655
03/26/2015,19,655
03/26/2015,22,653.5
03/27/2015,1,652
03/27/2015,4,650
03/27/2015,7,648
03/27/2015,10,646
03/27/2015,13,644
03/27/2015,16,642
03/27/2015,19,640
03/27/2015,22,639
03/28/2015,1,638
03/28/2015,4,636.5
03/28/2015,7,635
03/28/2015,10,634
03/28/2015,13,633
03/28/2015,16,633
03/28/2015,19,633
03/28/2015,22,632
03/29/2015,1,631
03/29/2015,4,629.5
03/29/2015,7,628
03/29/2015,10,627.5
03/29/2015,13,627
03/29/2015,16,626
03/29/2015,19,625
03/29/2015,22,623
03/30/2015,1,621
03/30/2015,4,618
03/30/2015,7,615
03/30/2015,10,611.5
03/30/2015,13,608
03/30/2015,16,606
03/30/2015,19,604
03/30/2015,22,602.5
03/31/2015,1,601
03/31/2015,4,598
03/31/2015,7,595
03/31/2015,10,597
03/31/2015,13,599
03/31/2015,16,608.5
03/31/2015,19,618
03/31/2015,22,619.5
04/01/2015,1,621
04/01/2015,4,617
04/01/2015,7,612
04/01/2015,10,616
04/01/2015,13,623
04/01/2015,16,649
04/01/2015,19,675
04/01/2015,22,694
04/02/2015,1,704
04/02/2015,4,699
04/02/2015,7,683
04/02/2015,10,672
04/02/2015,13,667
04/02/2015,16,680
04/02/2015,19,696
04/02/2015,22,713
04/03/2015,1,725
04/03/2015,4,711
04/03/2015,7,695
04/03/2015,10,685
04/03/2015,13,678
04/03/2015,16,687
04/03/2015,19,698
04/03/2015,22,700
04/04/2015,1,701
04/04/2015,4,702.5
04/04/2015,7,704
04/04/2015,10,711.5
04/04/2015,13,719
04/04/2015,16,723.5
04/04/2015,19,728
04/04/2015,22,730.5
04/05/2015,1,733
04/05/2015,4,728.5
04/05/2015,7,724
04/05/2015,10,718
04/05/2015,13,712
04/05/2015,16,707.5
04/05/2015,19,703
04/05/2015,22,699
04/06/2015,1,695
04/06/2015,4,688.5
04/06/2015,7,682
04/06/2015,10,690
04/06/2015,13,698
04/06/2015,16,712.5
04/06/2015,19,727
04/06/2015,22,729
04/07/2015,1,731
04/07/2015,4,719.5
04/07/2015,7,708
04/07/2015,10,706.5
04/07/2015,13,705
04/07/2015,16,715.5
04/07/2015,19,726
04/07/2015,22,730
04/08/2015,1,734
04/08/2015,4,717
04/08/2015,7,692
04/08/2015,10,683
04/08/2015,13,676
04/08/2015,16,678
04/08/2015,19,684
04/08/2015,22,689
04/09/2015,1,691
04/09/2015,4,688.5
04/09/2015,7,686
04/09/2015,10,682.5
04/09/2015,13,679
04/09/2015,16,678
04/09/2015,19,677
04/09/2015,22,676
04/10/2015,1,675
04/10/2015,4,674.5
04/10/2015,7,674
04/10/2015,10,674
04/10/2015,13,674
04/10/2015,16,683.5
04/10/2015,19,693
04/10/2015,22,699.5
04/11/2015,1,706
04/11/2015,4,703
04/11/2015,7,700
04/11/2015,10,694.5
04/11/2015,13,689
04/11/2015,16,685.5
04/11/2015,19,682
04/11/2015,22,683
04/12/2015,1,684
04/12/2015,4,685
04/12/2015,7,686
04/12/2015,10,686.5
04/12/2015,13,687
04/12/2015,16,687
04/12/2015,19,687
04/12/2015,22,686
04/13/2015,1,685
04/13/2015,4,683.5
04/13/2015,7,682
04/13/2015,10,681
04/13/2015,13,680
04/13/2015,16,683
04/13/2015,19,686
04/13/2015,22,691.5
04/14/2015,1,697
04/14/2015,4,713
04/14/2015,7,732
04/14/2015,10,738
04/14/2015,13,730
04/14/2015,16,728
04/14/2015,19,731
04/14/2015,22,736
04/15/2015,1,743
04/15/2015,4,748
04/15/2015,7,742
04/15/2015,10,739
04/15/2015,13,737
04/15/2015,16,753
04/15/2015,19,765
04/15/2015,22,775
04/16/2015,1,781
04/16/2015,4,767
04/16/2015,7,750
04/16/2015,10,741
04/16/2015,13,736
04/16/2015,16,744
04/16/2015,19,746
04/16/2015,22,749
04/17/2015,1,745
04/17/2015,4,739
04/17/2015,7,731
04/17/2015,10,731
04/17/2015,13,738
04/17/2015,16,750
04/17/2015,19,765
04/17/2015,22,773
04/18/2015,1,764
04/18/2015,4,753
04/18/2015,7,739
04/18/2015,10,733
04/18/2015,13,730
04/18/2015,16,728
04/18/2015,19,737
04/18/2015,22,740
04/19/2015,1,735
04/19/2015,4,728.5
04/19/2015,7,722
04/19/2015,10,716.5
04/19/2015,13,711
04/19/2015,16,707
04/19/2015,19,703
04/19/2015,22,699.5
04/20/2015,1,696
04/20/2015,4,690
04/20/2015,7,684
04/20/2015,10,681
04/20/2015,13,678
04/20/2015,16,691.5
04/20/2015,19,705
04/20/2015,22,701.5
04/21/2015,1,698
04/21/2015,4,693
04/21/2015,7,688
04/21/2015,10,694
04/21/2015,13,700
04/21/2015,16,708
04/21/2015,19,716
04/21/2015,22,718
04/22/2015,1,720
04/22/2015,4,709.5
04/22/2015,7,699
04/22/2015,10,706
04/22/2015,13,713
04/22/2015,16,722
04/22/2015,19,731
04/22/2015,22,737
04/23/2015,1,743
04/23/2015,4,734
04/23/2015,7,725
04/23/2015,10,727
04/23/2015,13,729
04/23/2015,16,743
04/23/2015,19,757
04/23/2015,22,748
04/24/2015,1,739
04/24/2015,4,727.5
04/24/2015,7,716
04/24/2015,10,711.5
04/24/2015,13,707
04/24/2015,16,701.5
04/24/2015,19,696
04/24/2015,22,698
04/25/2015,1,700
04/25/2015,4,702
04/25/2015,7,704
04/25/2015,10,708.5
04/25/2015,13,713
04/25/2015,16,719.5
04/25/2015,19,726
04/25/2015,22,730
04/26/2015,1,734
04/26/2015,4,737.5
04/26/2015,7,741
04/26/2015,10,744
04/26/2015,13,747
04/26/2015,16,750
04/26/2015,19,753
04/26/2015,22,746
04/27/2015,1,739
04/27/2015,4,728.5
04/27/2015,7,718
04/27/2015,10,716.5
04/27/2015,13,715
04/27/2015,16,714
04/27/2015,19,713
04/27/2015,22,708.5
04/28/2015,1,704
04/28/2015,4,688
04/28/2015,7,665
04/28/2015,10,657
04/28/2015,13,648
04/28/2015,16,636
04/28/2015,19,629
04/28/2015,22,625
04/29/2015,1,622
04/29/2015,4,621
04/29/2015,7,620
04/29/2015,10,625.5
04/29/2015,13,631
04/29/2015,16,639.5
04/29/2015,19,648
04/29/2015,22,659
04/30/2015,1,670
04/30/2015,4,688
04/30/2015,7,703
04/30/2015,10,716
04/30/2015,13,727
04/30/2015,16,738
04/30/2015,19,752
04/30/2015,22,755
05/01/2015,1,758
05/01/2015,4,746
05/01/2015,7,730
05/01/2015,10,716
05/01/2015,13,704
05/01/2015,16,698
05/01/2015,19,696
05/01/2015,22,692
05/02/2015,1,687
05/02/2015,4,680
05/02/2015,7,675
05/02/2015,10,681
05/02/2015,13,693
05/02/2015,16,701
05/02/2015,19,706
05/02/2015,22,700
05/03/2015,1,689
05/03/2015,4,695
05/03/2015,7,702
05/03/2015,10,714
05/03/2015,13,730
05/03/2015,16,726
05/03/2015,19,722
05/03/2015,22,715
05/04/2015,1,703
05/04/2015,4,708
05/04/2015,7,715
05/04/2015,10,725
05/04/2015,13,732
05/04/2015,16,757
05/04/2015,19,765
05/04/2015,22,767
05/05/2015,1,769
05/05/2015,4,766
05/05/2015,7,760
05/05/2015,10,768
05/05/2015,13,782
05/05/2015,16,792
05/05/2015,19,800
05/05/2015,22,803
05/06/2015,1,806
05/06/2015,4,807
05/06/2015,7,807
05/06/2015,10,802
05/06/2015,13,819
05/06/2015,16,828
05/06/2015,19,838
05/06/2015,22,841
05/07/2015,1,843
05/07/2015,4,845
05/07/2015,7,839
05/07/2015,10,827
05/07/2015,13,835
05/07/2015,16,837
05/07/2015,19,838
05/07/2015,22,833
05/08/2015,1,825
05/08/2015,4,825
05/08/2015,7,824
05/08/2015,10,821
05/08/2015,13,831
05/08/2015,16,834
05/08/2015,19,828
05/08/2015,22,823
05/09/2015,1,819
05/09/2015,4,813
05/09/2015,7,809
05/09/2015,10,801
05/09/2015,13,805
05/09/2015,16,807
05/09/2015,19,800
05/09/2015,22,812
05/10/2015,1,827
05/10/2015,4,832
05/10/2015,7,824
05/10/2015,10,814
05/10/2015,13,806
05/10/2015,16,815
05/10/2015,19,828
05/10/2015,22,833
05/11/2015,1,836
05/11/2015,4,826
05/11/2015,7,811
05/11/2015,10,803
05/11/2015,13,813
05/11/2015,16,817
05/11/2015,19,820
05/11/2015,22,822
05/12/2015,1,822
05/12/2015,4,834
05/12/2015,7,853
05/12/2015,10,870
05/12/2015,13,875
05/12/2015,16,871
05/12/2015,19,862
05/12/2015,22,854
05/13/2015,1,848
05/13/2015,4,852
05/13/2015,7,858
05/13/2015,10,870
05/13/2015,13,875
05/13/2015,16,872
05/13/2015,19,863
05/13/2015,22,860
05/14/2015,1,858
05/14/2015,4,851
05/14/2015,7,840
05/14/2015,10,849
05/14/2015,13,852
05/14/2015,16,847
05/14/2015,19,839
05/14/2015,22,827
05/15/2015,1,820
05/15/2015,4,823
05/15/2015,7,828
05/15/2015,10,835
05/15/2015,13,840
05/15/2015,16,840
05/15/2015,19,840
05/15/2015,22,832
05/16/2015,1,821
05/16/2015,4,833
05/16/2015,7,850
05/16/2015,10,868
05/16/2015,13,889
05/16/2015,16,891
05/16/2015,19,893
05/16/2015,22,884
05/17/2015,1,879
05/17/2015,4,870
05/17/2015,7,863
05/17/2015,10,858
05/17/2015,13,853
05/17/2015,16,853
05/17/2015,19,853
05/17/2015,22,853
05/18/2015,1,853
05/18/2015,4,851
05/18/2015,7,849
05/18/2015,10,844
05/18/2015,13,840
05/18/2015,16,836
05/18/2015,19,832
05/18/2015,22,828
05/19/2015,1,824
05/19/2015,4,839
05/19/2015,7,854
05/19/2015,10,870
05/19/2015,13,885
05/19/2015,16,885
05/19/2015,19,885
05/19/2015,22,880
05/20/2015,1,874
05/20/2015,4,888
05/20/2015,7,907
05/20/2015,10,922
05/20/2015,13,927
05/20/2015,16,925
05/20/2015,19,920
05/20/2015,22,910
05/21/2015,1,898
05/21/2015,4,905
05/21/2015,7,923
05/21/2015,10,932
05/21/2015,13,940
05/21/2015,16,938
05/21/2015,19,935
05/21/2015,22,926
05/22/2015,1,912
05/22/2015,4,920
05/22/2015,7,932
05/22/2015,10,941
05/22/2015,13,952
05/22/2015,16,945
05/22/2015,19,935
05/22/2015,22,934
05/23/2015,1,933
05/23/2015,4,950
05/23/2015,7,969
05/23/2015,10,989
05/23/2015,13,995
05/23/2015,16,986
05/23/2015,19,972
05/23/2015,22,957
05/24/2015,1,943
05/24/2015,4,930
05/24/2015,7,919
05/24/2015,10,908
05/24/2015,13,902
05/24/2015,16,899
05/24/2015,19,897
05/24/2015,22,895
05/25/2015,1,893
05/25/2015,4,901
05/25/2015,7,912
05/25/2015,10,917
05/25/2015,13,914
05/25/2015,16,910
05/25/2015,19,906
05/25/2015,22,902
05/26/2015,1,899
05/26/2015,4,908
05/26/2015,7,922
05/26/2015,10,934
05/26/2015,13,934
05/26/2015,16,929
05/26/2015,19,923
05/26/2015,22,914
05/27/2015,1,904
05/27/2015,4,910
05/27/2015,7,917
05/27/2015,10,926
05/27/2015,13,932
05/27/2015,16,929
05/27/2015,19,924
05/27/2015,22,917
05/28/2015,1,910
05/28/2015,4,913
05/28/2015,7,916
05/28/2015,10,919
05/28/2015,13,921
05/28/2015,16,917
05/28/2015,19,911
05/28/2015,22,903
05/29/2015,1,896
05/29/2015,4,896
05/29/2015,7,896
05/29/2015,10,899
05/29/2015,13,902
05/29/2015,16,904
05/29/2015,19,906
05/29/2015,22,908
05/30/2015,1,909
05/30/2015,4,909
05/30/2015,7,907
05/30/2015,10,904
05/30/2015,13,901
05/30/2015,16,899
05/30/2015,19,897
05/30/2015,22,895
05/31/2015,1,893
05/31/2015,4,895
05/31/2015,7,897
05/31/2015,10,898
05/31/2015,13,898
05/31/2015,16,887
05/31/2015,19,873
05/31/2015,22,868
06/01/2015,1,861
06/01/2015,4,845
06/01/2015,7,824
06/01/2015,10,802
06/01/2015,13,783
06/01/2015,16,790
06/01/2015,19,798
06/01/2015,22,810
06/02/2015,1,827
06/02/2015,4,838
06/02/2015,7,849
06/02/2015,10,857
06/02/2015,13,864
06/02/2015,16,869
06/02/2015,19,861
06/02/2015,22,856
06/03/2015,1,850
06/03/2015,4,848
06/03/2015,7,847
06/03/2015,10,853
06/03/2015,13,865
06/03/2015,16,872
06/03/2015,19,877
06/03/2015,22,877
06/04/2015,1,877
06/04/2015,4,872
06/04/2015,7,864
06/04/2015,10,858
06/04/2015,13,850
06/04/2015,16,857
06/04/2015,19,870
06/04/2015,22,875
06/05/2015,1,880
06/05/2015,4,882
06/05/2015,7,885
06/05/2015,10,885
06/05/2015,13,881
06/05/2015,16,879
06/05/2015,19,877
06/05/2015,22,875
06/06/2015,1,875
06/06/2015,4,890.5
06/06/2015,7,915
06/06/2015,10,921.5
06/06/2015,13,926
06/06/2015,16,929
06/06/2015,19,932
06/06/2015,22,935
06/07/2015,1,935
06/07/2015,4,919
06/07/2015,7,897
06/07/2015,10,878
06/07/2015,13,863
06/07/2015,16,855
06/07/2015,19,849
06/07/2015,22,849
06/08/2015,1,853
06/08/2015,4,856
06/08/2015,7,848
06/08/2015,10,830
06/08/2015,13,823
06/08/2015,16,822
06/08/2015,19,822
06/08/2015,22,821
06/09/2015,1,820
06/09/2015,4,819
06/09/2015,7,819
06/09/2015,10,814
06/09/2015,13,813
06/09/2015,16,820
06/09/2015,19,832
06/09/2015,22,840
06/10/2015,1,847
06/10/2015,4,849
06/10/2015,7,844
06/10/2015,10,837
06/10/2015,13,831
06/10/2015,16,830
06/10/2015,19,835
06/10/2015,22,841
06/11/2015,1,847
06/11/2015,4,840
06/11/2015,7,832
06/11/2015,10,827
06/11/2015,13,821
06/11/2015,16,821
06/11/2015,19,821
06/11/2015,22,826
06/12/2015,1,832
06/12/2015,4,834
06/12/2015,7,829
06/12/2015,10,820
06/12/2015,13,813
06/12/2015,16,813
06/12/2015,19,815
06/12/2015,22,820
06/13/2015,1,828
06/13/2015,4,830
06/13/2015,7,824
06/13/2015,10,814
06/13/2015,13,806
06/13/2015,16,804
06/13/2015,19,802
06/13/2015,22,808
06/14/2015,1,817
06/14/2015,4,820
06/14/2015,7,811
06/14/2015,10,797
06/14/2015,13,790
06/14/2015,16,787
06/14/2015,19,783
06/14/2015,22,777
06/15/2015,1,770
06/15/2015,4,768
06/15/2015,7,765
06/15/2015,10,765
06/15/2015,13,765
06/15/2015,16,765
06/15/2015,19,765
06/15/2015,22,764
06/16/2015,1,762
06/16/2015,4,767
06/16/2015,7,773
06/16/2015,10,777
06/16/2015,13,780
06/16/2015,16,787
06/16/2015,19,796
06/16/2015,22,802
06/17/2015,1,812
06/17/2015,4,815
06/17/2015,7,815
06/17/2015,10,815
06/17/2015,13,815
06/17/2015,16,817
06/17/2015,19,820
06/17/2015,22,816
06/18/2015,1,811
06/18/2015,4,808
06/18/2015,7,806
06/18/2015,10,798
06/18/2015,13,801
06/18/2015,16,801
06/18/2015,19,798
06/18/2015,22,796
06/19/2015,1,808
06/19/2015,4,813
06/19/2015,7,813
06/19/2015,10,801
06/19/2015,13,796
06/19/2015,16,799
06/19/2015,19,805
06/19/2015,22,823
06/20/2015,1,845
06/20/2015,4,861
06/20/2015,7,873
06/20/2015,10,876
06/20/2015,13,876
06/20/2015,16,871
06/20/2015,19,863
06/20/2015,22,857
06/21/2015,1,852
06/21/2015,4,850
06/21/2015,7,849
06/21/2015,10,841
06/21/2015,13,831
06/21/2015,16,823
06/21/2015,19,819
06/21/2015,22,810
06/22/2015,1,798
06/22/2015,4,780
06/22/2015,7,767
06/22/2015,10,771
06/22/2015,13,783
06/22/2015,16,792
06/22/2015,19,808
06/22/2015,22,814
06/23/2015,1,817
06/23/2015,4,824
06/23/2015,7,837
06/23/2015,10,847
06/23/2015,13,842
06/23/2015,16,833
06/23/2015,19,822
06/23/2015,22,820
06/24/2015,1,825
06/24/2015,4,827
06/24/2015,7,814
06/24/2015,10,810
06/24/2015,13,807
06/24/2015,16,814
06/24/2015,19,824
06/24/2015,22,833
06/25/2015,1,841
06/25/2015,4,844
06/25/2015,7,837
06/25/2015,10,832
06/25/2015,13,829
06/25/2015,16,838
06/25/2015,19,851
06/25/2015,22,867
06/26/2015,1,878
06/26/2015,4,873
06/26/2015,7,866
06/26/2015,10,851
06/26/2015,13,841
06/26/2015,16,848
06/26/2015,19,858
06/26/2015,22,867
06/27/2015,1,876
06/27/2015,4,878
06/27/2015,7,868
06/27/2015,10,857
06/27/2015,13,848
06/27/2015,16,854
06/27/2015,19,863
06/27/2015,22,871
06/28/2015,1,878
06/28/2015,4,873
06/28/2015,7,865
06/28/2015,10,853
06/28/2015,13,846
06/28/2015,16,835
06/28/2015,19,817
06/28/2015,22,810
06/29/2015,1,803
06/29/2015,4,797
06/29/2015,7,792
06/29/2015,10,786
06/29/2015,13,781
06/29/2015,16,785
06/29/2015,19,792
06/29/2015,22,804
06/30/2015,1,812
06/30/2015,4,817
06/30/2015,7,821
06/30/2015,10,824
06/30/2015,13,826
06/30/2015,16,826
06/30/2015,19,826
06/30/2015,22,828
07/01/2015,1,831
07/01/2015,4,831
07/01/2015,7,826
07/01/2015,10,820
07/01/2015,13,813
07/01/2015,16,811
07/01/2015,19,811
07/01/2015,22,815
07/02/2015,1,821
07/02/2015,4,821
07/02/2015,7,821
07/02/2015,10,821
07/02/2015,13,819
07/02/2015,16,823
07/02/2015,19,830
07/02/2015,22,841
07/03/2015,1,853
07/03/2015,4,860
07/03/2015,7,864
07/03/2015,10,858
07/03/2015,13,847
07/03/2015,16,842
07/03/2015,19,846
07/03/2015,22,848
07/04/2015,1,850
07/04/2015,4,850
07/04/2015,7,847
07/04/2015,10,846
07/04/2015,13,845
07/04/2015,16,847
07/04/2015,19,850
07/04/2015,22,848
07/05/2015,1,845
07/05/2015,4,830
07/05/2015,7,810
07/05/2015,10,804
07/05/2015,13,801
07/05/2015,16,800
07/05/2015,19,800
07/05/2015,22,796
07/06/2015,1,793
07/06/2015,4,789
07/06/2015,7,785
07/06/2015,10,784
07/06/2015,13,782
07/06/2015,16,781
07/06/2015,19,780
07/06/2015,22,784
07/07/2015,1,790
07/07/2015,4,796
07/07/2015,7,801
07/07/2015,10,804
07/07/2015,13,808
07/07/2015,16,808
07/07/2015,19,808
07/07/2015,22,802
07/08/2015,1,795
07/08/2015,4,792
07/08/2015,7,790
07/08/2015,10,791
07/08/2015,13,794
07/08/2015,16,790
07/08/2015,19,787
07/08/2015,22,783
07/09/2015,1,778
07/09/2015,4,788
07/09/2015,7,802
07/09/2015,10,813
07/09/2015,13,815
07/09/2015,16,806
07/09/2015,19,793
07/09/2015,22,778
07/10/2015,1,766
07/10/2015,4,769
07/10/2015,7,775
07/10/2015,10,777
07/10/2015,13,777
07/10/2015,16,765
07/10/2015,19,744
07/10/2015,22,736
07/11/2015,1,731
07/11/2015,4,719
07/11/2015,7,705
07/11/2015,10,698
07/11/2015,13,694
07/11/2015,16,693
07/11/2015,19,693
07/11/2015,22,695
07/12/2015,1,700
07/12/2015,4,692
07/12/2015,7,677
07/12/2015,10,673
07/12/2015,13,671
07/12/2015,16,656
07/12/2015,19,636
07/12/2015,22,621
07/13/2015,1,609
07/13/2015,4,600
07/13/2015,7,592
07/13/2015,10,592
07/13/2015,13,592
07/13/2015,16,592
07/13/2015,19,592
07/13/2015,22,594
07/14/2015,1,597
07/14/2015,4,611.5
07/14/2015,7,635
07/14/2015,10,665.5
07/14/2015,13,680
07/14/2015,16,683
07/14/2015,19,686
07/14/2015,22,678.5
07/15/2015,1,668
07/15/2015,4,677
07/15/2015,7,693
07/15/2015,10,709
07/15/2015,13,714
07/15/2015,16,706
07/15/2015,19,694
07/15/2015,22,679
07/16/2015,1,667
07/16/2015,4,674
07/16/2015,7,685
07/16/2015,10,705
07/16/2015,13,717
07/16/2015,16,719
07/16/2015,19,719
07/16/2015,22,710
07/17/2015,1,692
07/17/2015,4,690
07/17/2015,7,690
07/17/2015,10,685
07/17/2015,13,683
07/17/2015,16,682
07/17/2015,19,681
07/17/2015,22,677
07/18/2015,1,670
07/18/2015,4,674
07/18/2015,7,679
07/18/2015,10,682
07/18/2015,13,684
07/18/2015,16,675
07/18/2015,19,663
07/18/2015,22,657
07/19/2015,1,654
07/19/2015,4,650
07/19/2015,7,658
07/19/2015,10,664
07/19/2015,13,668
07/19/2015,16,665
07/19/2015,19,660
07/19/2015,22,655
07/20/2015,1,652
07/20/2015,4,631
07/20/2015,7,611
07/20/2015,10,598
07/20/2015,13,587
07/20/2015,16,582
07/20/2015,19,577
07/20/2015,22,570.5
07/21/2015,1,564
07/21/2015,4,561
07/21/2015,7,559
07/21/2015,10,556
07/21/2015,13,554
07/21/2015,16,565
07/21/2015,19,582
07/21/2015,22,589
07/22/2015,1,593
07/22/2015,4,595
07/22/2015,7,597
07/22/2015,10,597
07/22/2015,13,597
07/22/2015,16,606
07/22/2015,19,621
07/22/2015,22,629
07/23/2015,1,634
07/23/2015,4,631
07/23/2015,7,626
07/23/2015,10,622
07/23/2015,13,615
07/23/2015,16,619
07/23/2015,19,627
07/23/2015,22,629
07/24/2015,1,632
07/24/2015,4,634
07/24/2015,7,630
07/24/2015,10,625
07/24/2015,13,622
07/24/2015,16,622
07/24/2015,19,626
07/24/2015,22,635
07/25/2015,1,648
07/25/2015,4,639
07/25/2015,7,629
07/25/2015,10,621
07/25/2015,13,618
07/25/2015,16,613
07/25/2015,19,609
07/25/2015,22,617
07/26/2015,1,630
07/26/2015,4,634
07/26/2015,7,627
07/26/2015,10,636
07/26/2015,13,651
07/26/2015,16,660
07/26/2015,19,668
07/26/2015,22,673
07/27/2015,1,676
07/27/2015,4,685
07/27/2015,7,698
07/27/2015,10,691
07/27/2015,13,691
07/27/2015,16,700
07/27/2015,19,710
07/27/2015,22,722
07/28/2015,1,731
07/28/2015,4,756
07/28/2015,7,783
07/28/2015,10,796
07/28/2015,13,803
07/28/2015,16,808
07/28/2015,19,813
07/28/2015,22,805.5
07/29/2015,1,800
07/29/2015,4,804
07/29/2015,7,809
07/29/2015,10,811
07/29/2015,13,813
07/29/2015,16,810
07/29/2015,19,807
07/29/2015,22,818
07/30/2015,1,836
07/30/2015,4,853.5
07/30/2015,7,885
07/30/2015,10,900.5
07/30/2015,13,903
07/30/2015,16,896.5
07/30/2015,19,884
07/30/2015,22,881
07/31/2015,1,880
07/31/2015,4,896
07/31/2015,7,915
07/31/2015,10,933.5
07/31/2015,13,939
07/31/2015,16,944
07/31/2015,19,948
07/31/2015,22,969
08/01/2015,1,989
08/01/2015,4,993
08/01/2015,7,996
08/01/2015,10,994
08/01/2015,13,995
08/01/2015,16,1004
08/01/2015,19,1015
08/01/2015,22,1037
08/02/2015,1,1056
08/02/2015,4,1071
08/02/2015,7,1080
08/02/2015,10,1089.5
08/02/2015,13,1093
08/02/2015,16,1091.5
08/02/2015,19,1089
08/02/2015,22,1084
08/03/2015,1,1079
08/03/2015,4,1090
08/03/2015,7,1104
08/03/2015,10,1113
08/03/2015,13,1117
08/03/2015,16,1120.5
08/03/2015,19,1123
08/03/2015,22,1133
08/04/2015,1,1146
08/04/2015,4,1158
08/04/2015,7,1169
08/04/2015,10,1178.5
08/04/2015,13,1182
08/04/2015,16,1183.5
08/04/2015,19,1181
08/04/2015,22,1180
08/05/2015,1,1180
08/05/2015,4,1177
08/05/2015,7,1173
08/05/2015,10,1167.5
08/05/2015,13,1158
08/05/2015,16,1154
08/05/2015,19,1152
08/05/2015,22,1152
08/06/2015,1,1152
08/06/2015,4,1145
08/06/2015,7,1134
08/06/2015,10,1126
08/06/2015,13,1117
08/06/2015,16,1110
08/06/2015,19,1103
08/06/2015,22,1096.5
08/07/2015,1,1091
08/07/2015,4,1089
08/07/2015,7,1087
08/07/2015,10,1083
08/07/2015,13,1078
08/07/2015,16,1070
08/07/2015,19,1066
08/07/2015,22,1061
08/08/2015,1,1055
08/08/2015,4,1052
08/08/2015,7,1050
08/08/2015,10,1045
08/08/2015,13,1041
08/08/2015,16,1034
08/08/2015,19,1030
08/08/2015,22,1026
08/09/2015,1,1019
08/09/2015,4,1010
08/09/2015,7,1005
08/09/2015,10,998
08/09/2015,13,992
08/09/2015,16,985
08/09/2015,19,981
08/09/2015,22,970
08/10/2015,1,962
08/10/2015,4,960
08/10/2015,7,960
08/10/2015,10,958
08/10/2015,13,955
08/10/2015,16,953
08/10/2015,19,964
08/10/2015,22,967
08/11/2015,1,967
08/11/2015,4,962
08/11/2015,7,955
08/11/2015,10,944
08/11/2015,13,936
08/11/2015,16,934
08/11/2015,19,938
08/11/2015,22,943
08/12/2015,1,945
08/12/2015,4,942
08/12/2015,7,938
08/12/2015,10,930
08/12/2015,13,925
08/12/2015,16,932
08/12/2015,19,941
08/12/2015,22,950
08/13/2015,1,955
08/13/2015,4,951
08/13/2015,7,945
08/13/2015,10,937
08/13/2015,13,931
08/13/2015,16,931
08/13/2015,19,936
08/13/2015,22,948
08/14/2015,1,963
08/14/2015,4,968
08/14/2015,7,970
08/14/2015,10,964
08/14/2015,13,956
08/14/2015,16,958
08/14/2015,19,965
08/14/2015,22,967
08/15/2015,1,970
08/15/2015,4,965
08/15/2015,7,956
08/15/2015,10,948
08/15/2015,13,942
08/15/2015,16,946
08/15/2015,19,954
08/15/2015,22,959
08/16/2015,1,963
08/16/2015,4,958
08/16/2015,7,950
08/16/2015,10,941
08/16/2015,13,936
08/16/2015,16,932
08/16/2015,19,930
08/16/2015,22,927
08/17/2015,1,923
08/17/2015,4,920
08/17/2015,7,916
08/17/2015,10,916
08/17/2015,13,916
08/17/2015,16,922
08/17/2015,19,930
08/17/2015,22,936
08/18/2015,1,934
08/18/2015,4,927
08/18/2015,7,918
08/18/2015,10,910
08/18/2015,13,904
08/18/2015,16,904
08/18/2015,19,904
08/18/2015,22,913
08/19/2015,1,924
08/19/2015,4,922
08/19/2015,7,916
08/19/2015,10,908
08/19/2015,13,901
08/19/2015,16,899
08/19/2015,19,904
08/19/2015,22,915
08/20/2015,1,937
08/20/2015,4,963
08/20/2015,7,983
08/20/2015,10,989
08/20/2015,13,991
08/20/2015,16,997
08/20/2015,19,1005
08/20/2015,22,1005
08/21/2015,1,1005
08/21/2015,4,1007
08/21/2015,7,1010
08/21/2015,10,1000
08/21/2015,13,985
08/21/2015,16,983
08/21/2015,19,992
08/21/2015,22,996
08/22/2015,1,999
08/22/2015,4,991
08/22/2015,7,979
08/22/2015,10,970
08/22/2015,13,963
08/22/2015,16,954
08/22/2015,19,948
08/22/2015,22,933
08/23/2015,1,919
08/23/2015,4,914
08/23/2015,7,912
08/23/2015,10,907
08/23/2015,13,899
08/23/2015,16,889
08/23/2015,19,881
08/23/2015,22,884
08/24/2015,1,889
08/24/2015,4,885
08/24/2015,7,878
08/24/2015,10,863
08/24/2015,13,852
08/24/2015,16,852
08/24/2015,19,857
08/24/2015,22,865
08/25/2015,1,871
08/25/2015,4,869
08/25/2015,7,864
08/25/2015,10,855
08/25/2015,13,849
08/25/2015,16,851
08/25/2015,19,855
08/25/2015,22,860
08/26/2015,1,863
08/26/2015,4,872
08/26/2015,7,867
08/26/2015,10,862
08/26/2015,13,858
08/26/2015,16,866
08/26/2015,19,879
08/26/2015,22,890
08/27/2015,1,898
08/27/2015,4,906
08/27/2015,7,911
08/27/2015,10,913
08/27/2015,13,913
08/27/2015,16,918
08/27/2015,19,929
08/27/2015,22,945
08/28/2015,1,957
08/28/2015,4,954
08/28/2015,7,945
08/28/2015,10,931
08/28/2015,13,926
08/28/2015,16,923
08/28/2015,19,920
08/28/2015,22,935
08/29/2015,1,948
08/29/2015,4,957
08/29/2015,7,965
08/29/2015,10,965
08/29/2015,13,961
08/29/2015,16,964
08/29/2015,19,970
08/29/2015,22,985
08/30/2015,1,1012
08/30/2015,4,1038
08/30/2015,7,1061
08/30/2015,10,1071
08/30/2015,13,1075
08/30/2015,16,1078
08/30/2015,19,1082
08/30/2015,22,1093.5
08/31/2015,1,1103
08/31/2015,4,1113
08/31/2015,7,1120
08/31/2015,10,1121
08/31/2015,13,1119
08/31/2015,16,1117
08/31/2015,19,1123
08/31/2015,22,1123.5
09/01/2015,1,1120
09/01/2015,4,1107.5
09/01/2015,7,1092
09/01/2015,10,1076.5
09/01/2015,13,1060
09/01/2015,16,1049
09/01/2015,19,1041
09/01/2015,22,1033.5
09/02/2015,1,1025
09/02/2015,4,992.5
09/02/2015,7,954
09/02/2015,10,934
09/02/2015,13,925
09/02/2015,16,918
09/02/2015,19,912
09/02/2015,22,900.5
09/03/2015,1,888
09/03/2015,4,882
09/03/2015,7,876
09/03/2015,10,870
09/03/2015,13,865
09/03/2015,16,871
09/03/2015,19,882
09/03/2015,22,894
09/04/2015,1,903
09/04/2015,4,898
09/04/2015,7,891
09/04/2015,10,885
09/04/2015,13,881
09/04/2015,16,879
09/04/2015,19,879
09/04/2015,22,886
09/05/2015,1,900
09/05/2015,4,905
09/05/2015,7,898
09/05/2015,10,903
09/05/2015,13,912
09/05/2015,16,918
09/05/2015,19,921
09/05/2015,22,926
09/06/2015,1,934
09/06/2015,4,942
09/06/2015,7,948
09/06/2015,10,946
09/06/2015,13,943
09/06/2015,16,951
09/06/2015,19,962
09/06/2015,22,980
09/07/2015,1,999
09/07/2015,4,1019.5
09/07/2015,7,1034
09/07/2015,10,1044
09/07/2015,13,1044
09/07/2015,16,1041.5
09/07/2015,19,1038
09/07/2015,22,1054
09/08/2015,1,1070
09/08/2015,4,1073
09/08/2015,7,1075
09/08/2015,10,1075
09/08/2015,13,1081
09/08/2015,16,1102
09/08/2015,19,1129
09/08/2015,22,1157.5
09/09/2015,1,1187
09/09/2015,4,1204
09/09/2015,7,1215
09/09/2015,10,1222.5
09/09/2015,13,1231
09/09/2015,16,1243
09/09/2015,19,1244
09/09/2015,22,1244
09/10/2015,1,1242
09/10/2015,4,1233
09/10/2015,7,1220
09/10/2015,10,1200.5
09/10/2015,13,1188
09/10/2015,16,1175
09/10/2015,19,1165
09/10/2015,22,1159.5
09/11/2015,1,1155
09/11/2015,4,1141.5
09/11/2015,7,1127
09/11/2015,10,1113
09/11/2015,13,1102
09/11/2015,16,1097
09/11/2015,19,1096
09/11/2015,22,1095
09/12/2015,1,1091
09/12/2015,4,1073.5
09/12/2015,7,1050
09/12/2015,10,1019
09/12/2015,13,993
09/12/2015,16,968
09/12/2015,19,946
09/12/2015,22,949.5
09/13/2015,1,955
09/13/2015,4,944.5
09/13/2015,7,928
09/13/2015,10,914.5
09/13/2015,13,900
09/13/2015,16,887
09/13/2015,19,879
09/13/2015,22,872.5
09/14/2015,1,863
09/14/2015,4,859
09/14/2015,7,857
09/14/2015,10,856
09/14/2015,13,854
09/14/2015,16,867
09/14/2015,19,882
09/14/2015,22,894
09/15/2015,1,902
09/15/2015,4,895
09/15/2015,7,883
09/15/2015,10,873
09/15/2015,13,864
09/15/2015,16,871
09/15/2015,19,880
09/15/2015,22,886
09/16/2015,1,889
09/16/2015,4,886
09/16/2015,7,878
09/16/2015,10,869
09/16/2015,13,862
09/16/2015,16,872
09/16/2015,19,886
09/16/2015,22,897
09/17/2015,1,906
09/17/2015,4,901
09/17/2015,7,892
09/17/2015,10,879
09/17/2015,13,869
09/17/2015,16,867
09/17/2015,19,867
09/17/2015,22,868
09/18/2015,1,872
09/18/2015,4,874
09/18/2015,7,871
09/18/2015,10,877
09/18/2015,13,887
09/18/2015,16,906
09/18/2015,19,930
09/18/2015,22,951
09/19/2015,1,968
09/19/2015,4,973
09/19/2015,7,975
09/19/2015,10,977
09/19/2015,13,979
09/19/2015,16,982
09/19/2015,19,986
09/19/2015,22,990
09/20/2015,1,993
09/20/2015,4,989
09/20/2015,7,981
09/20/2015,10,978
09/20/2015,13,976
09/20/2015,16,970
09/20/2015,19,963
09/20/2015,22,954
09/21/2015,1,946
09/21/2015,4,940
09/21/2015,7,936
09/21/2015,10,935
09/21/2015,13,935
09/21/2015,16,944
09/21/2015,19,958
09/21/2015,22,972
09/22/2015,1,985
09/22/2015,4,989
09/22/2015,7,991
09/22/2015,10,991
09/22/2015,13,987
09/22/2015,16,985
09/22/2015,19,984
09/22/2015,22,987
09/23/2015,1,992
09/23/2015,4,994
09/23/2015,7,990
09/23/2015,10,984
09/23/2015,13,979
09/23/2015,16,986
09/23/2015,19,995
09/23/2015,22,1001
09/24/2015,1,1006
09/24/2015,4,1000
09/24/2015,7,990
09/24/2015,10,977
09/24/2015,13,970
09/24/2015,16,976
09/24/2015,19,986
09/24/2015,22,997
09/25/2015,1,1012
09/25/2015,4,1018
09/25/2015,7,1021
09/25/2015,10,1014
09/25/2015,13,1009
09/25/2015,16,1013
09/25/2015,19,1019
09/25/2015,22,1026
09/26/2015,1,1030
09/26/2015,4,1024
09/26/2015,7,1016
09/26/2015,10,1010
09/26/2015,13,1014
09/26/2015,16,1019
09/26/2015,19,1025
09/26/2015,22,1029
09/27/2015,1,1035
09/27/2015,4,1043
09/27/2015,7,1038
09/27/2015,10,1032
09/27/2015,13,1025
09/27/2015,16,1020
09/27/2015,19,1016
09/27/2015,22,1010
09/28/2015,1,1005
09/28/2015,4,994
09/28/2015,7,980
09/28/2015,10,970
09/28/2015,13,967
09/28/2015,16,980
09/28/2015,19,987
09/28/2015,22,991
09/29/2015,1,995
09/29/2015,4,992
09/29/2015,7,984
09/29/2015,10,976
09/29/2015,13,971
09/29/2015,16,977
09/29/2015,19,987
09/29/2015,22,993
09/30/2015,1,997
09/30/2015,4,989
09/30/2015,7,973
09/30/2015,10,958
09/30/2015,13,945
09/30/2015,16,952
09/30/2015,19,961
09/30/2015,22,970
10/01/2015,1,974
10/01/2015,4,966
10/01/2015,7,953
10/01/2015,10,944
10/01/2015,13,937
10/01/2015,16,943
10/01/2015,19,952
10/01/2015,22,957
10/02/2015,1,960
10/02/2015,4,949
10/02/2015,7,934
10/02/2015,10,923
10/02/2015,13,917
10/02/2015,16,925
10/02/2015,19,936
10/02/2015,22,945
10/03/2015,1,951
10/03/2015,4,942
10/03/2015,7,929
10/03/2015,10,918
10/03/2015,13,910
10/03/2015,16,908
10/03/2015,19,906
10/03/2015,22,908
10/04/2015,1,912
10/04/2015,4,909
10/04/2015,7,904
10/04/2015,10,896
10/04/2015,13,886
10/04/2015,16,881
10/04/2015,19,878
10/04/2015,22,887
10/05/2015,1,899
10/05/2015,4,899
10/05/2015,7,899
10/05/2015,10,892
10/05/2015,13,881
10/05/2015,16,890
10/05/2015,19,903
10/05/2015,22,912
10/06/2015,1,922
10/06/2015,4,914
10/06/2015,7,899
10/06/2015,10,888
10/06/2015,13,883
10/06/2015,16,891
10/06/2015,19,902
10/06/2015,22,913
10/07/2015,1,923
10/07/2015,4,915
10/07/2015,7,897
10/07/2015,10,883
10/07/2015,13,874
10/07/2015,16,872
10/07/2015,19,877
10/07/2015,22,886
10/08/2015,1,900
10/08/2015,4,894
10/08/2015,7,886
10/08/2015,10,880
10/08/2015,13,873
10/08/2015,16,881
10/08/2015,19,892
10/08/2015,22,897
10/09/2015,1,901
10/09/2015,4,896
10/09/2015,7,890
10/09/2015,10,883
10/09/2015,13,879
10/09/2015,16,877
10/09/2015,19,882
10/09/2015,22,885
10/10/2015,1,880
10/10/2015,4,872
10/10/2015,7,861
10/10/2015,10,854
10/10/2015,13,850
10/10/2015,16,841
10/10/2015,19,830
10/10/2015,22,812
10/11/2015,1,797
10/11/2015,4,793
10/11/2015,7,790
10/11/2015,10,795
10/11/2015,13,803
10/11/2015,16,803
10/11/2015,19,800
10/11/2015,22,798
10/12/2015,1,797
10/12/2015,4,804
10/12/2015,7,814
10/12/2015,10,821
10/12/2015,13,826
10/12/2015,16,832
10/12/2015,19,838
10/12/2015,22,851
10/13/2015,1,858
10/13/2015,4,870
10/13/2015,7,878
10/13/2015,10,885
10/13/2015,13,880
10/13/2015,16,878
10/13/2015,19,888
10/13/2015,22,890
10/14/2015,1,884
10/14/2015,4,877
10/14/2015,7,872
10/14/2015,10,868
10/14/2015,13,864
10/14/2015,16,861
10/14/2015,19,856
10/14/2015,22,854
10/15/2015,1,850
10/15/2015,4,850
10/15/2015,7,850
10/15/2015,10,850
10/15/2015,13,854
10/15/2015,16,857
10/15/2015,19,848
10/15/2015,22,846
10/16/2015,1,861
10/16/2015,4,865
10/16/2015,7,867
10/16/2015,10,867
10/16/2015,13,867
10/16/2015,16,876
10/16/2015,19,886
10/16/2015,22,892
10/17/2015,1,897
10/17/2015,4,893
10/17/2015,7,885
10/17/2015,10,879
10/17/2015,13,874
10/17/2015,16,868
10/17/2015,19,862
10/17/2015,22,858
10/18/2015,1,858
10/18/2015,4,856
10/18/2015,7,854
10/18/2015,10,852
10/18/2015,13,850
10/18/2015,16,848
10/18/2015,19,847
10/18/2015,22,845
10/19/2015,1,840
10/19/2015,4,844
10/19/2015,7,853
10/19/2015,10,855
10/19/2015,13,847
10/19/2015,16,846
10/19/2015,19,846
10/19/2015,22,846
10/20/2015,1,843
10/20/2015,4,845
10/20/2015,7,848
10/20/2015,10,844
10/20/2015,13,839
10/20/2015,16,837
10/20/2015,19,836
10/20/2015,22,842
10/21/2015,1,851
10/21/2015,4,848
10/21/2015,7,845
10/21/2015,10,841
10/21/2015,13,835
10/21/2015,16,843
10/21/2015,19,853
10/21/2015,22,858
10/22/2015,1,861
10/22/2015,4,854
10/22/2015,7,844
10/22/2015,10,837
10/22/2015,13,829
10/22/2015,16,826
10/22/2015,19,823
10/22/2015,22,814
10/23/2015,1,804
10/23/2015,4,804
10/23/2015,7,808
10/23/2015,10,808
10/23/2015,13,806
10/23/2015,16,804
10/23/2015,19,802
10/23/2015,22,795
10/24/2015,1,789
10/24/2015,4,789
10/24/2015,7,789
10/24/2015,10,787
10/24/2015,13,785
10/24/2015,16,785
10/24/2015,19,785
10/24/2015,22,780
10/25/2015,1,773
10/25/2015,4,769
10/25/2015,7,765
10/25/2015,10,763
10/25/2015,13,763
10/25/2015,16,759
10/25/2015,19,754
10/25/2015,22,752
10/26/2015,1,750
10/26/2015,4,736
10/26/2015,7,720
10/26/2015,10,720
10/26/2015,13,720
10/26/2015,16,728
10/26/2015,19,740
10/26/2015,22,745
10/27/2015,1,747
10/27/2015,4,751
10/27/2015,7,757
10/27/2015,10,761
10/27/2015,13,766
10/27/2015,16,757
10/27/2015,19,740
10/27/2015,22,742
10/28/2015,1,746
10/28/2015,4,748
10/28/2015,7,743
10/28/2015,10,746
10/28/2015,13,751
10/28/2015,16,748
10/28/2015,19,742
10/28/2015,22,740
10/29/2015,1,740
10/29/2015,4,740
10/29/2015,7,737
10/29/2015,10,737
10/29/2015,13,737
10/29/2015,16,744
10/29/2015,19,753
10/29/2015,22,749
10/30/2015,1,745
10/30/2015,4,741
10/30/2015,7,738
10/30/2015,10,736
10/30/2015,13,739
10/30/2015,16,741
10/30/2015,19,736
10/30/2015,22,729
10/31/2015,1,725
10/31/2015,4,722
10/31/2015,7,717
10/31/2015,10,711
10/31/2015,13,706
10/31/2015,16,698
10/31/2015,19,682
10/31/2015,22,671
11/01/2015,1,659
11/01/2015,4,646
11/01/2015,7,637
11/01/2015,10,634
11/01/2015,13,638
11/01/2015,16,645
11/01/2015,19,653
11/01/2015,22,656
11/02/2015,1,658
11/02/2015,4,660
11/02/2015,7,662
11/02/2015,10,659
11/02/2015,13,654
11/02/2015,16,656
11/02/2015,19,659
11/02/2015,22,663
11/03/2015,1,665
11/03/2015,4,658
11/03/2015,7,649
11/03/2015,10,643
11/03/2015,13,637
11/03/2015,16,636
11/03/2015,19,635
11/03/2015,22,635
11/04/2015,1,637
11/04/2015,4,638.5
11/04/2015,7,640
11/04/2015,10,636.5
11/04/2015,13,633
11/04/2015,16,636.5
11/04/2015,19,640
11/04/2015,22,637
11/05/2015,1,634
11/05/2015,4,631
11/05/2015,7,628
11/05/2015,10,626
11/05/2015,13,624
11/05/2015,16,627
11/05/2015,19,630
11/05/2015,22,631
11/06/2015,1,632
11/06/2015,4,627.5
11/06/2015,7,623
11/06/2015,10,619.5
11/06/2015,13,616
11/06/2015,16,614
11/06/2015,19,612
11/06/2015,22,613.5
11/07/2015,1,615
11/07/2015,4,615
11/07/2015,7,615
11/07/2015,10,615
11/07/2015,13,615
11/07/2015,16,616.5
11/07/2015,19,618
11/07/2015,22,619.5
11/08/2015,1,621
11/08/2015,4,617
11/08/2015,7,613
11/08/2015,10,611.5
11/08/2015,13,610
11/08/2015,16,608.5
11/08/2015,19,607
11/08/2015,22,602.5
11/09/2015,1,598
11/09/2015,4,594
11/09/2015,7,590
11/09/2015,10,585
11/09/2015,13,580
11/09/2015,16,584
11/09/2015,19,589
11/09/2015,22,593
11/10/2015,1,599
11/10/2015,4,603
11/10/2015,7,607
11/10/2015,10,610
11/10/2015,13,613
11/10/2015,16,618.5
11/10/2015,19,624
11/10/2015,22,626
11/11/2015,1,628
11/11/2015,4,629.5
11/11/2015,7,631
11/11/2015,10,632
11/11/2015,13,633
11/11/2015,16,634
11/11/2015,19,635
11/11/2015,22,639.5
11/12/2015,1,644
11/12/2015,4,658
11/12/2015,7,677
11/12/2015,10,701
11/12/2015,13,732
11/12/2015,16,755
11/12/2015,19,771
11/12/2015,22,778
11/13/2015,1,782
11/13/2015,4,776.5
11/13/2015,7,767
11/13/2015,10,773
11/13/2015,13,785
11/13/2015,16,806
11/13/2015,19,823
11/13/2015,22,836.5
11/14/2015,1,852
11/14/2015,4,873
11/14/2015,7,891
11/14/2015,10,907.5
11/14/2015,13,919
11/14/2015,16,926.5
11/14/2015,19,930
11/14/2015,22,933.5
11/15/2015,1,938
11/15/2015,4,940
11/15/2015,7,943
11/15/2015,10,944
11/15/2015,13,944
11/15/2015,16,942
11/15/2015,19,940
11/15/2015,22,936
11/16/2015,1,929
11/16/2015,4,923.5
11/16/2015,7,918
11/16/2015,10,918.5
11/16/2015,13,925
11/16/2015,16,939.5
11/16/2015,19,954
11/16/2015,22,953.5
11/17/2015,1,928
11/17/2015,4,893
11/17/2015,7,843.3333333
11/17/2015,10,822.3333333
11/17/2015,13,818
11/17/2015,16,816
11/17/2015,19,816
11/17/2015,22,823.25
11/18/2015,1,832
11/18/2015,4,826.5
11/18/2015,7,818
11/18/2015,10,809.5
11/18/2015,13,802
11/18/2015,16,800
11/18/2015,19,800
11/18/2015,22,802
11/19/2015,1,807
11/19/2015,4,810
11/19/2015,7,808
11/19/2015,10,805
11/19/2015,13,815
11/19/2015,16,832
11/19/2015,19,850
11/19/2015,22,857
11/20/2015,1,861
11/20/2015,4,863
11/20/2015,7,864
11/20/2015,10,869
11/20/2015,13,878
11/20/2015,16,892
11/20/2015,19,905
11/20/2015,22,910
11/21/2015,1,902
11/21/2015,4,888
11/21/2015,7,871
11/21/2015,10,860
11/21/2015,13,852
11/21/2015,16,847
11/21/2015,19,843
11/21/2015,22,837
11/22/2015,1,828
11/22/2015,4,821
11/22/2015,7,816
11/22/2015,10,811
11/22/2015,13,800
11/22/2015,16,779
11/22/2015,19,752
11/22/2015,22,738
11/23/2015,1,729
11/23/2015,4,722
11/23/2015,7,717
11/23/2015,10,713
11/23/2015,13,711
11/23/2015,16,709
11/23/2015,19,706
11/23/2015,22,704
11/24/2015,1,707
11/24/2015,4,709
11/24/2015,7,711
11/24/2015,10,715
11/24/2015,13,720
11/24/2015,16,725
11/24/2015,19,732
11/24/2015,22,734
11/25/2015,1,737
11/25/2015,4,739
11/25/2015,7,736
11/25/2015,10,728
11/25/2015,13,719
11/25/2015,16,715
11/25/2015,19,713
11/25/2015,22,713
11/26/2015,1,717
11/26/2015,4,723
11/26/2015,7,726
11/26/2015,10,737
11/26/2015,13,745
11/26/2015,16,740
11/26/2015,19,728
11/26/2015,22,723
11/27/2015,1,726
11/27/2015,4,728
11/27/2015,7,722
11/27/2015,10,715
11/27/2015,13,713
11/27/2015,16,718
11/27/2015,19,727
11/27/2015,22,730
11/28/2015,1,724
11/28/2015,4,713
11/28/2015,7,704
11/28/2015,10,702
11/28/2015,13,700
11/28/2015,16,698
11/28/2015,19,693
11/28/2015,22,684
11/29/2015,1,670
11/29/2015,4,655
11/29/2015,7,646
11/29/2015,10,634
11/29/2015,13,626
11/29/2015,16,620
11/29/2015,19,615
11/29/2015,22,611
11/30/2015,1,604
11/30/2015,4,600
11/30/2015,7,597
11/30/2015,10,595
11/30/2015,13,594
11/30/2015,16,591
11/30/2015,19,585
11/30/2015,22,583
12/01/2015,1,587
12/01/2015,4,593
12/01/2015,7,596
12/01/2015,10,601
12/01/2015,13,610
12/01/2015,16,623
12/01/2015,19,637
12/01/2015,22,648
12/02/2015,1,657
12/02/2015,4,664
12/02/2015,7,669
12/02/2015,10,674
12/02/2015,13,677
12/02/2015,16,672
12/02/2015,19,665
12/02/2015,22,660
12/03/2015,1,664
12/03/2015,4,673
12/03/2015,7,680
12/03/2015,10,686
12/03/2015,13,690
12/03/2015,16,687
12/03/2015,19,682
12/03/2015,22,685
12/04/2015,1,683
12/04/2015,4,679
12/04/2015,7,677
12/04/2015,10,682
12/04/2015,13,691
12/04/2015,16,703
12/04/2015,19,718
12/04/2015,22,727
12/05/2015,1,732
12/05/2015,4,735
12/05/2015,7,737
12/05/2015,10,739
12/05/2015,13,739
12/05/2015,16,736
12/05/2015,19,731
12/05/2015,22,737
12/06/2015,1,743
12/06/2015,4,749
12/06/2015,7,754
12/06/2015,10,758
12/06/2015,13,756
12/06/2015,16,753
12/06/2015,19,750
12/06/2015,22,748
12/07/2015,1,751
12/07/2015,4,757
12/07/2015,7,765
12/07/2015,10,770
12/07/2015,13,774
12/07/2015,16,777
12/07/2015,19,779
12/07/2015,22,781
12/08/2015,1,785
12/08/2015,4,791
12/08/2015,7,796
12/08/2015,10,790
12/08/2015,13,781
12/08/2015,16,779
12/08/2015,19,778
12/08/2015,22,773
12/09/2015,1,764
12/09/2015,4,751
12/09/2015,7,737
12/09/2015,10,728
12/09/2015,13,722
12/09/2015,16,720
12/09/2015,19,720
12/09/2015,22,720
12/10/2015,1,719
12/10/2015,4,719
12/10/2015,7,718
12/10/2015,10,724
12/10/2015,13,729
12/10/2015,16,737
12/10/2015,19,751
12/10/2015,22,756
12/11/2015,1,753
12/11/2015,4,748
12/11/2015,7,743
12/11/2015,10,740
12/11/2015,13,738
12/11/2015,16,736
12/11/2015,19,736
12/11/2015,22,734
12/12/2015,1,731
12/12/2015,4,728
12/12/2015,7,725
12/12/2015,10,725
12/12/2015,13,725
12/12/2015,16,725
12/12/2015,19,725
12/12/2015,22,726.5
12/13/2015,1,728
12/13/2015,4,730
12/13/2015,7,732
12/13/2015,10,725
12/13/2015,13,714
12/13/2015,16,708
12/13/2015,19,703
12/13/2015,22,700
12/14/2015,1,698
12/14/2015,4,696
12/14/2015,7,696
12/14/2015,10,699
12/14/2015,13,706
12/14/2015,16,714
12/14/2015,19,722
12/14/2015,22,725
12/15/2015,1,727
12/15/2015,4,728
12/15/2015,7,728
12/15/2015,10,728
12/15/2015,13,728
12/15/2015,16,733
12/15/2015,19,744
12/15/2015,22,748
12/16/2015,1,746
12/16/2015,4,738
12/16/2015,7,732
12/16/2015,10,723
12/16/2015,13,717
12/16/2015,16,720
12/16/2015,19,727
12/16/2015,22,730
12/17/2015,1,724
12/17/2015,4,711
12/17/2015,7,696
12/17/2015,10,692
12/17/2015,13,690
12/17/2015,16,698
12/17/2015,19,710
12/17/2015,22,715
12/18/2015,1,709
12/18/2015,4,689.5
12/18/2015,7,668
12/18/2015,10,657.5
12/18/2015,13,653
12/18/2015,16,652
12/18/2015,19,652
12/18/2015,22,655
12/19/2015,1,658
12/19/2015,4,660
12/19/2015,7,660
12/19/2015,10,665
12/19/2015,13,673
12/19/2015,16,684
12/19/2015,19,697
12/19/2015,22,701
12/20/2015,1,695
12/20/2015,4,684
12/20/2015,7,668
12/20/2015,10,649
12/20/2015,13,635
12/20/2015,16,624
12/20/2015,19,616
12/20/2015,22,610
12/21/2015,1,605
12/21/2015,4,601
12/21/2015,7,597
12/21/2015,10,578
12/21/2015,13,575
12/21/2015,16,580
12/21/2015,19,587
12/21/2015,22,592
12/22/2015,1,595
12/22/2015,4,597
12/22/2015,7,593
12/22/2015,10,584
12/22/2015,13,576
12/22/2015,16,584
12/22/2015,19,593
12/22/2015,22,598
12/23/2015,1,605
12/23/2015,4,609
12/23/2015,7,604
12/23/2015,10,597
12/23/2015,13,592
12/23/2015,16,602
12/23/2015,19,617
12/23/2015,22,625
12/24/2015,1,622
12/24/2015,4,609
12/24/2015,7,600
12/24/2015,10,594
12/24/2015,13,586
12/24/2015,16,602
12/24/2015,19,621
12/24/2015,22,630
12/25/2015,1,634
12/25/2015,4,631
12/25/2015,7,627
12/25/2015,10,625
12/25/2015,13,632
12/25/2015,16,646
12/25/2015,19,663
12/25/2015,22,670
12/26/2015,1,665
12/26/2015,4,654
12/26/2015,7,640
12/26/2015,10,632
12/26/2015,13,628
12/26/2015,16,626
12/26/2015,19,625
12/26/2015,22,621
12/27/2015,1,614
12/27/2015,4,603
12/27/2015,7,597
12/27/2015,10,594
12/27/2015,13,596
12/27/2015,16,600
12/27/2015,19,605
12/27/2015,22,608
12/28/2015,1,606
12/28/2015,4,601
12/28/2015,7,593
12/28/2015,10,592
12/28/2015,13,590
12/28/2015,16,590
12/28/2015,19,595
12/28/2015,22,598
12/29/2015,1,596
12/29/2015,4,591
12/29/2015,7,587
12/29/2015,10,587
12/29/2015,13,595
12/29/2015,16,604
12/29/2015,19,612
12/29/2015,22,615
12/30/2015,1,610
12/30/2015,4,604
12/30/2015,7,597
12/30/2015,10,586
12/30/2015,13,584
12/30/2015,16,581
12/30/2015,19,580
12/30/2015,22,577
12/31/2015,1,572
12/31/2015,4,568
12/31/2015,7,565
12/31/2015,10,569
12/31/2015,13,576
12/31/2015,16,585
12/31/2015,19,594
12/31/2015,22,600
01/01/2016,1,596
01/01/2016,4,590
01/01/2016,7,582
01/01/2016,10,576
01/01/2016,13,573
01/01/2016,16,578
01/01/2016,19,585
01/01/2016,22,591
01/02/2016,1,594
01/02/2016,4,588
01/02/2016,7,579
01/02/2016,10,572
01/02/2016,13,576
01/02/2016,16,581
01/02/2016,19,587
01/02/2016,22,590
01/03/2016,1,586
01/03/2016,4,581
01/03/2016,7,578
01/03/2016,10,580
01/03/2016,13,583
01/03/2016,16,588
01/03/2016,19,595
01/03/2016,22,598
01/04/2016,1,594
01/04/2016,4,590
01/04/2016,7,586
01/04/2016,10,584
01/04/2016,13,593
01/04/2016,16,606
01/04/2016,19,622
01/04/2016,22,630
01/05/2016,1,627
01/05/2016,4,621
01/05/2016,7,616
01/05/2016,10,630
01/05/2016,13,641
01/05/2016,16,648
01/05/2016,19,654
01/05/2016,22,650
01/06/2016,1,643
01/06/2016,4,631
01/06/2016,7,622
01/06/2016,10,624
01/06/2016,13,625
01/06/2016,16,630
01/06/2016,19,634
01/06/2016,22,637
01/07/2016,1,639
01/07/2016,4,636
01/07/2016,7,629
01/07/2016,10,629
01/07/2016,13,628
01/07/2016,16,625
01/07/2016,19,622
01/07/2016,22,618
01/08/2016,1,613
01/08/2016,4,606
01/08/2016,7,601
01/08/2016,10,605
01/08/2016,13,610
01/08/2016,16,614
01/08/2016,19,620
01/08/2016,22,624
01/09/2016,1,627
01/09/2016,4,623
01/09/2016,7,621
01/09/2016,10,619
01/09/2016,13,621
01/09/2016,16,625
01/09/2016,19,632
01/09/2016,22,636
01/10/2016,1,633
01/10/2016,4,630.5
01/10/2016,7,628
01/10/2016,10,627
01/10/2016,13,626
01/10/2016,16,628
01/10/2016,19,630
01/10/2016,22,632
01/11/2016,1,634
01/11/2016,4,632
01/11/2016,7,631
01/11/2016,10,640
01/11/2016,13,649
01/11/2016,16,665
01/11/2016,19,684
01/11/2016,22,690
01/12/2016,1,686
01/12/2016,4,677
01/12/2016,7,662
01/12/2016,10,652
01/12/2016,13,645
01/12/2016,16,643
01/12/2016,19,642
01/12/2016,22,639
01/13/2016,1,632
01/13/2016,4,621
01/13/2016,7,613
01/13/2016,10,618
01/13/2016,13,630
01/13/2016,16,635
01/13/2016,19,629
01/13/2016,22,624
01/14/2016,1,620
01/14/2016,4,617
01/14/2016,7,615
01/14/2016,10,618
01/14/2016,13,622
01/14/2016,16,624
01/14/2016,19,625
01/14/2016,22,621
01/15/2016,1,616
01/15/2016,4,609
01/15/2016,7,604
01/15/2016,10,604
01/15/2016,13,607
01/15/2016,16,613
01/15/2016,19,621
01/15/2016,22,618
01/16/2016,1,612
01/16/2016,4,606.5
01/16/2016,7,601
01/16/2016,10,605.5
01/16/2016,13,610
01/16/2016,16,617
01/16/2016,19,624
01/16/2016,22,621.5
01/17/2016,1,619
01/17/2016,4,608
01/17/2016,7,600
01/17/2016,10,595
01/17/2016,13,591
01/17/2016,16,587
01/17/2016,19,584
01/17/2016,22,582
01/18/2016,1,580
01/18/2016,4,578
01/18/2016,7,577
01/18/2016,10,577
01/18/2016,13,582
01/18/2016,16,591
01/18/2016,19,598
01/18/2016,22,604
01/19/2016,1,602
01/19/2016,4,599
01/19/2016,7,597
01/19/2016,10,611
01/19/2016,13,636
01/19/2016,16,668
01/19/2016,19,704
01/19/2016,22,737.5
01/20/2016,1,765
01/20/2016,4,784.5
01/20/2016,7,797
01/20/2016,10,809
01/20/2016,13,817
01/20/2016,16,824.5
01/20/2016,19,831
01/20/2016,22,836.5
01/21/2016,1,842
01/21/2016,4,846.5
01/21/2016,7,850
01/21/2016,10,855
01/21/2016,13,856
01/21/2016,16,856
01/21/2016,19,856
01/21/2016,22,856
01/22/2016,1,856
01/22/2016,4,858
01/22/2016,7,859
01/22/2016,10,860
01/22/2016,13,861
01/22/2016,16,862
01/22/2016,19,862
01/22/2016,22,862
01/23/2016,1,864
01/23/2016,4,866
01/23/2016,7,869
01/23/2016,10,871
01/23/2016,13,868
01/23/2016,16,863
01/23/2016,19,857
01/23/2016,22,854
01/24/2016,1,856
01/24/2016,4,859
01/24/2016,7,862
01/24/2016,10,864
01/24/2016,13,866
01/24/2016,16,867
01/24/2016,19,867
01/24/2016,22,869
01/25/2016,1,871
01/25/2016,4,873
01/25/2016,7,875
01/25/2016,10,866
01/25/2016,13,850
01/25/2016,16,831
01/25/2016,19,813
01/25/2016,22,795
01/26/2016,1,775
01/26/2016,4,745.5
01/26/2016,7,722
01/26/2016,10,699.5
01/26/2016,13,679
01/26/2016,16,656
01/26/2016,19,637
01/26/2016,22,627.5
01/27/2016,1,619
01/27/2016,4,611
01/27/2016,7,600
01/27/2016,10,600.5
01/27/2016,13,610
01/27/2016,16,624
01/27/2016,19,643
01/27/2016,22,653
01/28/2016,1,666
01/28/2016,4,674
01/28/2016,7,680
01/28/2016,10,687
01/28/2016,13,695
01/28/2016,16,689
01/28/2016,19,682
01/28/2016,22,682
01/29/2016,1,688
01/29/2016,4,695
01/29/2016,7,701
01/29/2016,10,699
01/29/2016,13,696
01/29/2016,16,692
01/29/2016,19,688
01/29/2016,22,682
01/30/2016,1,679
01/30/2016,4,676
01/30/2016,7,674
01/30/2016,10,672
01/30/2016,13,670
01/30/2016,16,668
01/30/2016,19,666
01/30/2016,22,671
01/31/2016,1,680
01/31/2016,4,695
01/31/2016,7,708
01/31/2016,10,702
01/31/2016,13,697
01/31/2016,16,693
01/31/2016,19,689
01/31/2016,22,684
02/01/2016,1,677
02/01/2016,4,672
02/01/2016,7,667
02/01/2016,10,685
02/01/2016,13,719
02/01/2016,16,753
02/01/2016,19,780
02/01/2016,22,784.5
02/02/2016,1,788
02/02/2016,4,790
02/02/2016,7,792
02/02/2016,10,786
02/02/2016,13,774
02/02/2016,16,761
02/02/2016,19,752
02/02/2016,22,739
02/03/2016,1,727
02/03/2016,4,713
02/03/2016,7,699
02/03/2016,10,684
02/03/2016,13,672
02/03/2016,16,677
02/03/2016,19,685
02/03/2016,22,689
02/04/2016,1,683
02/04/2016,4,671
02/04/2016,7,654
02/04/2016,10,633
02/04/2016,13,614
02/04/2016,16,601
02/04/2016,19,592
02/04/2016,22,587
02/05/2016,1,585
02/05/2016,4,583
02/05/2016,7,580
02/05/2016,10,577
02/05/2016,13,575
02/05/2016,16,571
02/05/2016,19,569
02/05/2016,22,566
02/06/2016,1,563
02/06/2016,4,561.5
02/06/2016,7,560
02/06/2016,10,557
02/06/2016,13,554
02/06/2016,16,551.5
02/06/2016,19,549
02/06/2016,22,547.5
02/07/2016,1,546
02/07/2016,4,544.5
02/07/2016,7,543
02/07/2016,10,540.5
02/07/2016,13,538
02/07/2016,16,536
02/07/2016,19,534
02/07/2016,22,532
02/08/2016,1,530
02/08/2016,4,528.5
02/08/2016,7,527
02/08/2016,10,525
02/08/2016,13,523
02/08/2016,16,522
02/08/2016,19,521
02/08/2016,22,519
02/09/2016,1,517
02/09/2016,4,514.5
02/09/2016,7,512
02/09/2016,10,513.5
02/09/2016,13,515
02/09/2016,16,518
02/09/2016,19,521
02/09/2016,22,522
02/10/2016,1,523
02/10/2016,4,520.5
02/10/2016,7,518
02/10/2016,10,516
02/10/2016,13,514
02/10/2016,16,512.5
02/10/2016,19,511
02/10/2016,22,510
02/11/2016,1,509
02/11/2016,4,508
02/11/2016,7,507
02/11/2016,10,506
02/11/2016,13,505
02/11/2016,16,506.5
02/11/2016,19,508
02/11/2016,22,510.5
02/12/2016,1,513
02/12/2016,4,512
02/12/2016,7,510
02/12/2016,10,507
02/12/2016,13,504
02/12/2016,16,501
02/12/2016,19,500
02/12/2016,22,501
02/13/2016,1,503
02/13/2016,4,505
02/13/2016,7,507
02/13/2016,10,505.5
02/13/2016,13,504
02/13/2016,16,502
02/13/2016,19,500
02/13/2016,22,502.5
02/14/2016,1,505
02/14/2016,4,507
02/14/2016,7,510
02/14/2016,10,534.3333333
02/14/2016,13,588
02/14/2016,16,644.3333333
02/14/2016,19,683.6666667
02/14/2016,22,724.75
02/15/2016,1,746
02/15/2016,4,759.5
02/15/2016,7,779
02/15/2016,10,793.5
02/15/2016,13,802
02/15/2016,16,809
02/15/2016,19,816
02/15/2016,22,820.5
02/16/2016,1,825
02/16/2016,4,828
02/16/2016,7,831
02/16/2016,10,835
02/16/2016,13,838
02/16/2016,16,841
02/16/2016,19,843
02/16/2016,22,846
02/17/2016,1,848
02/17/2016,4,850
02/17/2016,7,853
02/17/2016,10,855
02/17/2016,13,857
02/17/2016,16,859
02/17/2016,19,861
02/17/2016,22,863
02/18/2016,1,865
02/18/2016,4,867
02/18/2016,7,868
02/18/2016,10,868
02/18/2016,13,868
02/18/2016,16,868
02/18/2016,19,868
02/18/2016,22,868
02/19/2016,1,868
02/19/2016,4,867
02/19/2016,7,865
02/19/2016,10,861
02/19/2016,13,855
02/19/2016,16,852
02/19/2016,19,849
02/19/2016,22,843
02/20/2016,1,836
02/20/2016,4,827
02/20/2016,7,819
02/20/2016,10,811
02/20/2016,13,804
02/20/2016,16,798
02/20/2016,19,793
02/20/2016,22,787
02/21/2016,1,776
02/21/2016,4,767
02/21/2016,7,761
02/21/2016,10,753
02/21/2016,13,743
02/21/2016,16,738
02/21/2016,19,734
02/21/2016,22,727
02/22/2016,1,714
02/22/2016,4,698
02/22/2016,7,685
02/22/2016,10,679
02/22/2016,13,688
02/22/2016,16,697
02/22/2016,19,703
02/22/2016,22,710
02/23/2016,1,713
02/23/2016,4,711
02/23/2016,7,705
02/23/2016,10,701
02/23/2016,13,695
02/23/2016,16,683
02/23/2016,19,667
02/23/2016,22,650
02/24/2016,1,634
02/24/2016,4,616
02/24/2016,7,601
02/24/2016,10,585
02/24/2016,13,572
02/24/2016,16,561
02/24/2016,19,557
02/24/2016,22,560
02/25/2016,1,563
02/25/2016,4,565
02/25/2016,7,561
02/25/2016,10,558
02/25/2016,13,556
02/25/2016,16,573
02/25/2016,19,595
02/25/2016,22,604
02/26/2016,1,608
02/26/2016,4,611
02/26/2016,7,613
02/26/2016,10,610
02/26/2016,13,605
02/26/2016,16,608
02/26/2016,19,612
02/26/2016,22,614
02/27/2016,1,609
02/27/2016,4,600
02/27/2016,7,591
02/27/2016,10,589.5
02/27/2016,13,588
02/27/2016,16,587
02/27/2016,19,586
02/27/2016,22,583.5
02/28/2016,1,581
02/28/2016,4,575
02/28/2016,7,570
02/28/2016,10,574
02/28/2016,13,579
02/28/2016,16,586
02/28/2016,19,594
02/28/2016,22,598
02/29/2016,1,591
02/29/2016,4,582
02/29/2016,7,573
02/29/2016,10,575
02/29/2016,13,581
02/29/2016,16,583
02/29/2016,19,583
02/29/2016,22,583
03/01/2016,1,578
03/01/2016,4,572
03/01/2016,7,567
03/01/2016,10,570
03/01/2016,13,575
03/01/2016,16,582
03/01/2016,19,588
03/01/2016,22,590
03/02/2016,1,585
03/02/2016,4,573
03/02/2016,7,565
03/02/2016,10,559
03/02/2016,13,554
03/02/2016,16,563
03/02/2016,19,574
03/02/2016,22,582
03/03/2016,1,587
03/03/2016,4,589
03/03/2016,7,584
03/03/2016,10,580
03/03/2016,13,577
03/03/2016,16,573
03/03/2016,19,570
03/03/2016,22,568
03/04/2016,1,566
03/04/2016,4,566
03/04/2016,7,566
03/04/2016,10,570
03/04/2016,13,574
03/04/2016,16,580.5
03/04/2016,19,587
03/04/2016,22,590
03/05/2016,1,593
03/05/2016,4,598
03/05/2016,7,602
03/05/2016,10,604
03/05/2016,13,601
03/05/2016,16,597
03/05/2016,19,591
03/05/2016,22,588
03/06/2016,1,590
03/06/2016,4,593
03/06/2016,7,598
03/06/2016,10,600
03/06/2016,13,596
03/06/2016,16,590
03/06/2016,19,585
03/06/2016,22,578
03/07/2016,1,569
03/07/2016,4,564
03/07/2016,7,561
03/07/2016,10,555
03/07/2016,13,546
03/07/2016,16,542
03/07/2016,19,540
03/07/2016,22,539
03/08/2016,1,538
03/08/2016,4,538
03/08/2016,7,537
03/08/2016,10,531
03/08/2016,13,521
03/08/2016,16,523
03/08/2016,19,530
03/08/2016,22,535
03/09/2016,1,537
03/09/2016,4,533
03/09/2016,7,529
03/09/2016,10,521
03/09/2016,13,517
03/09/2016,16,523
03/09/2016,19,533
03/09/2016,22,540
03/10/2016,1,543
03/10/2016,4,538
03/10/2016,7,530
03/10/2016,10,522
03/10/2016,13,515
03/10/2016,16,510
03/10/2016,19,518
03/10/2016,22,533
03/11/2016,1,539
03/11/2016,4,540.5
03/11/2016,7,542
03/11/2016,10,542
03/11/2016,13,542
03/11/2016,16,542
03/11/2016,19,542
03/11/2016,22,538.5
03/12/2016,1,535
03/12/2016,4,529
03/12/2016,7,524
03/12/2016,10,527
03/12/2016,13,532
03/12/2016,16,538
03/12/2016,19,543
03/12/2016,22,546
03/13/2016,1,548
03/13/2016,4,548
03/13/2016,7,548
03/13/2016,10,550.5
03/13/2016,13,553
03/13/2016,16,558.5
03/13/2016,19,564
03/13/2016,22,566.5
03/14/2016,1,569
03/14/2016,4,566
03/14/2016,7,561
03/14/2016,10,557
03/14/2016,13,564
03/14/2016,16,566
03/14/2016,19,568
03/14/2016,22,565
03/15/2016,1,560
03/15/2016,4,553
03/15/2016,7,548
03/15/2016,10,545
03/15/2016,13,543
03/15/2016,16,554
03/15/2016,19,569
03/15/2016,22,578
03/16/2016,1,575
03/16/2016,4,571
03/16/2016,7,565
03/16/2016,10,568
03/16/2016,13,572
03/16/2016,16,577
03/16/2016,19,581
03/16/2016,22,586
03/17/2016,1,588
03/17/2016,4,585
03/17/2016,7,582
03/17/2016,10,580
03/17/2016,13,583
03/17/2016,16,589
03/17/2016,19,598
03/17/2016,22,603
03/18/2016,1,606
03/18/2016,4,608
03/18/2016,7,611
03/18/2016,10,614
03/18/2016,13,619
03/18/2016,16,627
03/18/2016,19,636
03/18/2016,22,641
03/19/2016,1,639
03/19/2016,4,637
03/19/2016,7,633
03/19/2016,10,628
03/19/2016,13,631
03/19/2016,16,636
03/19/2016,19,643
03/19/2016,22,647
03/20/2016,1,645
03/20/2016,4,642
03/20/2016,7,638
03/20/2016,10,635
03/20/2016,13,641
03/20/2016,16,647
03/20/2016,19,653
03/20/2016,22,656
03/21/2016,1,658
03/21/2016,4,660
03/21/2016,7,660
03/21/2016,10,661
03/21/2016,13,662
03/21/2016,16,667
03/21/2016,19,672
03/21/2016,22,676
03/22/2016,1,679
03/22/2016,4,681
03/22/2016,7,684
03/22/2016,10,677
03/22/2016,13,673
03/22/2016,16,675
03/22/2016,19,682
03/22/2016,22,686
03/23/2016,1,681
03/23/2016,4,673
03/23/2016,7,664
03/23/2016,10,672
03/23/2016,13,688
03/23/2016,16,698
03/23/2016,19,706
03/23/2016,22,714
03/24/2016,1,721
03/24/2016,4,727
03/24/2016,7,731
03/24/2016,10,735
03/24/2016,13,738
03/24/2016,16,733
03/24/2016,19,726
03/24/2016,22,720
03/25/2016,1,713
03/25/2016,4,707
03/25/2016,7,700
03/25/2016,10,696
03/25/2016,13,702
03/25/2016,16,710
03/25/2016,19,714
03/25/2016,22,718
03/26/2016,1,721
03/26/2016,4,721
03/26/2016,7,717
03/26/2016,10,714
03/26/2016,13,712
03/26/2016,16,710
03/26/2016,19,708
03/26/2016,22,705
03/27/2016,1,703
03/27/2016,4,699
03/27/2016,7,696
03/27/2016,10,690
03/27/2016,13,681
03/27/2016,16,676
03/27/2016,19,670
03/27/2016,22,663
03/28/2016,1,658
03/28/2016,4,652
03/28/2016,7,644
03/28/2016,10,640
03/28/2016,13,638
03/28/2016,16,646
03/28/2016,19,655
03/28/2016,22,662
03/29/2016,1,665
03/29/2016,4,669
03/29/2016,7,671
03/29/2016,10,677
03/29/2016,13,689
03/29/2016,16,695
03/29/2016,19,698
03/29/2016,22,703
03/30/2016,1,712
03/30/2016,4,720
03/30/2016,7,727
03/30/2016,10,735
03/30/2016,13,735
03/30/2016,16,740
03/30/2016,19,747
03/30/2016,22,752
03/31/2016,1,754
03/31/2016,4,751
03/31/2016,7,746
03/31/2016,10,750
03/31/2016,13,752
03/31/2016,16,754
03/31/2016,19,756
03/31/2016,22,753
04/01/2016,1,749
04/01/2016,4,747
04/01/2016,7,745
04/01/2016,10,743
04/01/2016,13,740
04/01/2016,16,744
04/01/2016,19,747
04/01/2016,22,750
04/02/2016,1,748
04/02/2016,4,745
04/02/2016,7,739
04/02/2016,10,736
04/02/2016,13,733
04/02/2016,16,738
04/02/2016,19,743
04/02/2016,22,746
04/03/2016,1,742
04/03/2016,4,737
04/03/2016,7,731
04/03/2016,10,727
04/03/2016,13,724
04/03/2016,16,722
04/03/2016,19,720
04/03/2016,22,716
04/04/2016,1,709
04/04/2016,4,704
04/04/2016,7,701
04/04/2016,10,698
04/04/2016,13,698
04/04/2016,16,695
04/04/2016,19,689
04/04/2016,22,687
04/05/2016,1,692
04/05/2016,4,703
04/05/2016,7,714
04/05/2016,10,720
04/05/2016,13,728
04/05/2016,16,734
04/05/2016,19,739
04/05/2016,22,743
04/06/2016,1,746
04/06/2016,4,748
04/06/2016,7,745
04/06/2016,10,743
04/06/2016,13,747
04/06/2016,16,754
04/06/2016,19,760
04/06/2016,22,765
04/07/2016,1,763
04/07/2016,4,759
04/07/2016,7,751
04/07/2016,10,746
04/07/2016,13,741
04/07/2016,16,749
04/07/2016,19,757
04/07/2016,22,760
04/08/2016,1,758
04/08/2016,4,753
04/08/2016,7,747
04/08/2016,10,743
04/08/2016,13,745
04/08/2016,16,748
04/08/2016,19,751
04/08/2016,22,749
04/09/2016,1,745
04/09/2016,4,741
04/09/2016,7,739
04/09/2016,10,735
04/09/2016,13,733
04/09/2016,16,738
04/09/2016,19,743
04/09/2016,22,743
04/10/2016,1,740
04/10/2016,4,736
04/10/2016,7,730
04/10/2016,10,727
04/10/2016,13,725
04/10/2016,16,723
04/10/2016,19,726
04/10/2016,22,729
04/11/2016,1,725
04/11/2016,4,720
04/11/2016,7,716
04/11/2016,10,716
04/11/2016,13,719
04/11/2016,16,727
04/11/2016,19,739
04/11/2016,22,745
04/12/2016,1,741
04/12/2016,4,736
04/12/2016,7,731
04/12/2016,10,733
04/12/2016,13,735
04/12/2016,16,742
04/12/2016,19,750
04/12/2016,22,754
04/13/2016,1,751
04/13/2016,4,746
04/13/2016,7,740
04/13/2016,10,735
04/13/2016,13,732
04/13/2016,16,738
04/13/2016,19,746
04/13/2016,22,749
04/14/2016,1,743
04/14/2016,4,732
04/14/2016,7,719
04/14/2016,10,710
04/14/2016,13,713
04/14/2016,16,718
04/14/2016,19,725
04/14/2016,22,729
04/15/2016,1,723
04/15/2016,4,713
04/15/2016,7,704
04/15/2016,10,700
04/15/2016,13,703
04/15/2016,16,708
04/15/2016,19,715
04/15/2016,22,721
04/16/2016,1,725
04/16/2016,4,719
04/16/2016,7,717
04/16/2016,10,714
04/16/2016,13,712
04/16/2016,16,715
04/16/2016,19,720
04/16/2016,22,723
04/17/2016,1,719
04/17/2016,4,713
04/17/2016,7,706
04/17/2016,10,693
04/17/2016,13,684
04/17/2016,16,675
04/17/2016,19,668
04/17/2016,22,665
04/18/2016,1,663
04/18/2016,4,661
04/18/2016,7,659
04/18/2016,10,658
04/18/2016,13,657
04/18/2016,16,660
04/18/2016,19,666
04/18/2016,22,669
04/19/2016,1,668
04/19/2016,4,665
04/19/2016,7,661
04/19/2016,10,658
04/19/2016,13,660
04/19/2016,16,667
04/19/2016,19,673
04/19/2016,22,677
04/20/2016,1,680
04/20/2016,4,685
04/20/2016,7,688
04/20/2016,10,692
04/20/2016,13,697
04/20/2016,16,695
04/20/2016,19,693
04/20/2016,22,692
04/21/2016,1,691
04/21/2016,4,690
04/21/2016,7,690
04/21/2016,10,695
04/21/2016,13,702
04/21/2016,16,713
04/21/2016,19,715
04/21/2016,22,729
04/22/2016,1,731
04/22/2016,4,732.5
04/22/2016,7,733
04/22/2016,10,738.5
04/22/2016,13,744
04/22/2016,16,751.5
04/22/2016,19,768
04/22/2016,22,783
04/23/2016,1,798
04/23/2016,4,814
04/23/2016,7,830
04/23/2016,10,841
04/23/2016,13,851
04/23/2016,16,860.5
04/23/2016,19,869
04/23/2016,22,873.5
04/24/2016,1,867
04/24/2016,4,859
04/24/2016,7,850
04/24/2016,10,839
04/24/2016,13,831
04/24/2016,16,826
04/24/2016,19,822
04/24/2016,22,813
04/25/2016,1,799
04/25/2016,4,781
04/25/2016,7,764
04/25/2016,10,754
04/25/2016,13,748
04/25/2016,16,743
04/25/2016,19,741
04/25/2016,22,738
04/26/2016,1,736
04/26/2016,4,733
04/26/2016,7,731
04/26/2016,10,727
04/26/2016,13,724
04/26/2016,16,722
04/26/2016,19,720
04/26/2016,22,723
04/27/2016,1,728
04/27/2016,4,734
04/27/2016,7,736
04/27/2016,10,739
04/27/2016,13,743
04/27/2016,16,749
04/27/2016,19,753
04/27/2016,22,758
04/28/2016,1,761
04/28/2016,4,757
04/28/2016,7,755
04/28/2016,10,747
04/28/2016,13,741
04/28/2016,16,737
04/28/2016,19,734
04/28/2016,22,730
04/29/2016,1,724
04/29/2016,4,718
04/29/2016,7,715
04/29/2016,10,719
04/29/2016,13,723
04/29/2016,16,725
04/29/2016,19,727
04/29/2016,22,724
04/30/2016,1,719
04/30/2016,4,713
04/30/2016,7,708
04/30/2016,10,705
04/30/2016,13,701
04/30/2016,16,695
04/30/2016,19,692
04/30/2016,22,687
05/01/2016,1,676
05/01/2016,4,663
05/01/2016,7,655
05/01/2016,10,652
05/01/2016,13,656
05/01/2016,16,659
05/01/2016,19,662
05/01/2016,22,658
05/02/2016,1,651
05/02/2016,4,641
05/02/2016,7,633
05/02/2016,10,628
05/02/2016,13,626
05/02/2016,16,626
05/02/2016,19,626
05/02/2016,22,628
05/03/2016,1,632
05/03/2016,4,635.5
05/03/2016,7,634
05/03/2016,10,636.5
05/03/2016,13,652
05/03/2016,16,676.5
05/03/2016,19,703
05/03/2016,22,715
05/04/2016,1,721
05/04/2016,4,717
05/04/2016,7,711
05/04/2016,10,708
05/04/2016,13,706
05/04/2016,16,709
05/04/2016,19,714
05/04/2016,22,719
05/05/2016,1,723
05/05/2016,4,717
05/05/2016,7,706
05/05/2016,10,708
05/05/2016,13,710
05/05/2016,16,713
05/05/2016,19,717
05/05/2016,22,720
05/06/2016,1,712
05/06/2016,4,710
05/06/2016,7,710
05/06/2016,10,715
05/06/2016,13,724
05/06/2016,16,727
05/06/2016,19,729
05/06/2016,22,725
05/07/2016,1,718
05/07/2016,4,721
05/07/2016,7,726
05/07/2016,10,730
05/07/2016,13,727
05/07/2016,16,725
05/07/2016,19,729
05/07/2016,22,732
05/08/2016,1,732
05/08/2016,4,726
05/08/2016,7,718
05/08/2016,10,716
05/08/2016,13,714
05/08/2016,16,722
05/08/2016,19,733
05/08/2016,22,726
05/09/2016,1,720
05/09/2016,4,711
05/09/2016,7,703
05/09/2016,10,698
05/09/2016,13,694
05/09/2016,16,700
05/09/2016,19,713
05/09/2016,22,715
05/10/2016,1,710
05/10/2016,4,716
05/10/2016,7,727
05/10/2016,10,737
05/10/2016,13,745
05/10/2016,16,750
05/10/2016,19,752
05/10/2016,22,747
05/11/2016,1,741
05/11/2016,4,737
05/11/2016,7,734
05/11/2016,10,738
05/11/2016,13,744
05/11/2016,16,746
05/11/2016,19,743
05/11/2016,22,732
05/12/2016,1,724
05/12/2016,4,727
05/12/2016,7,732
05/12/2016,10,739
05/12/2016,13,743
05/12/2016,16,746
05/12/2016,19,749
05/12/2016,22,751
05/13/2016,1,753
05/13/2016,4,753
05/13/2016,7,750
05/13/2016,10,748
05/13/2016,13,746
05/13/2016,16,745
05/13/2016,19,744
05/13/2016,22,736
05/14/2016,1,730
05/14/2016,4,727
05/14/2016,7,725
05/14/2016,10,728
05/14/2016,13,732
05/14/2016,16,734
05/14/2016,19,735
05/14/2016,22,729
05/15/2016,1,725
05/15/2016,4,718
05/15/2016,7,710
05/15/2016,10,708
05/15/2016,13,708
05/15/2016,16,713
05/15/2016,19,720
05/15/2016,22,724
05/16/2016,1,726
05/16/2016,4,718
05/16/2016,7,705
05/16/2016,10,699
05/16/2016,13,697
05/16/2016,16,697
05/16/2016,19,700
05/16/2016,22,702
05/17/2016,1,699
05/17/2016,4,698
05/17/2016,7,703
05/17/2016,10,711
05/17/2016,13,722
05/17/2016,16,732
05/17/2016,19,741
05/17/2016,22,739
05/18/2016,1,736
05/18/2016,4,734
05/18/2016,7,734
05/18/2016,10,737
05/18/2016,13,744
05/18/2016,16,746
05/18/2016,19,747
05/18/2016,22,742
05/19/2016,1,738
05/19/2016,4,732
05/19/2016,7,723
05/19/2016,10,725
05/19/2016,13,728
05/19/2016,16,733
05/19/2016,19,740
05/19/2016,22,743
05/20/2016,1,745
05/20/2016,4,741
05/20/2016,7,733
05/20/2016,10,735
05/20/2016,13,739
05/20/2016,16,744
05/20/2016,19,747
05/20/2016,22,745
05/21/2016,1,741
05/21/2016,4,739
05/21/2016,7,739
05/21/2016,10,743
05/21/2016,13,747
05/21/2016,16,753
05/21/2016,19,756
05/21/2016,22,754
05/22/2016,1,750
05/22/2016,4,741
05/22/2016,7,731
05/22/2016,10,728
05/22/2016,13,726
05/22/2016,16,733
05/22/2016,19,742
05/22/2016,22,736
05/23/2016,1,730
05/23/2016,4,719
05/23/2016,7,701
05/23/2016,10,698
05/23/2016,13,696
05/23/2016,16,705
05/23/2016,19,722
05/23/2016,22,728
05/24/2016,1,732
05/24/2016,4,730
05/24/2016,7,726
05/24/2016,10,723.5
05/24/2016,13,728
05/24/2016,16,752
05/24/2016,19,783
05/24/2016,22,802.5
05/25/2016,1,813
05/25/2016,4,832.5
05/25/2016,7,853
05/25/2016,10,873.5
05/25/2016,13,890
05/25/2016,16,901.5
05/25/2016,19,914
05/25/2016,22,922.5
05/26/2016,1,931
05/26/2016,4,936.5
05/26/2016,7,941
05/26/2016,10,952
05/26/2016,13,970
05/26/2016,16,976.5
05/26/2016,19,981
05/26/2016,22,981
05/27/2016,1,976
05/27/2016,4,995.5
05/27/2016,7,1022
05/27/2016,10,1028.5
05/27/2016,13,1037
05/27/2016,16,1042.5
05/27/2016,19,1046
05/27/2016,22,1050.5
05/28/2016,1,1054
05/28/2016,4,1070.5
05/28/2016,7,1095
05/28/2016,10,1110
05/28/2016,13,1120
05/28/2016,16,1107
05/28/2016,19,1090
05/28/2016,22,1075
05/29/2016,1,1065
05/29/2016,4,1058.5
05/29/2016,7,1054
05/29/2016,10,1043.5
05/29/2016,13,1026
05/29/2016,16,1023
05/29/2016,19,1020
05/29/2016,22,1005.5
05/30/2016,1,983
05/30/2016,4,974.5
05/30/2016,7,968
05/30/2016,10,981.5
05/30/2016,13,998
05/30/2016,16,1002
05/30/2016,19,994
05/30/2016,22,996.5
05/31/2016,1,1002
05/31/2016,4,1005.5
05/31/2016,7,1009
05/31/2016,10,1000.5
05/31/2016,13,991
05/31/2016,16,981.5
05/31/2016,19,975
05/31/2016,22,975
06/01/2016,1,975
06/01/2016,4,975
06/01/2016,7,975
06/01/2016,10,969
06/01/2016,13,960
06/01/2016,16,958
06/01/2016,19,958
06/01/2016,22,954
06/02/2016,1,949
06/02/2016,4,953
06/02/2016,7,956
06/02/2016,10,950
06/02/2016,13,945
06/02/2016,16,947
06/02/2016,19,949
06/02/2016,22,951
06/03/2016,1,948
06/03/2016,4,943
06/03/2016,7,937
06/03/2016,10,935
06/03/2016,13,933
06/03/2016,16,925
06/03/2016,19,918
06/03/2016,22,914
06/04/2016,1,910
06/04/2016,4,908
06/04/2016,7,906
06/04/2016,10,903
06/04/2016,13,901
06/04/2016,16,909
06/04/2016,19,916
06/04/2016,22,910
06/05/2016,1,905
06/05/2016,4,909
06/05/2016,7,916
06/05/2016,10,914
06/05/2016,13,911
06/05/2016,16,901
06/05/2016,19,888
06/05/2016,22,874
06/06/2016,1,867
06/06/2016,4,856
06/06/2016,7,844
06/06/2016,10,839
06/06/2016,13,836
06/06/2016,16,836
06/06/2016,19,836
06/06/2016,22,836
06/07/2016,1,836
06/07/2016,4,842
06/07/2016,7,854
06/07/2016,10,862
06/07/2016,13,868
06/07/2016,16,865
06/07/2016,19,859
06/07/2016,22,855
06/08/2016,1,850
06/08/2016,4,850
06/08/2016,7,850
06/08/2016,10,850
06/08/2016,13,848
06/08/2016,16,848
06/08/2016,19,848
06/08/2016,22,850
06/09/2016,1,854
06/09/2016,4,858
06/09/2016,7,860
06/09/2016,10,862
06/09/2016,13,865
06/09/2016,16,879
06/09/2016,19,884
06/09/2016,22,891
06/10/2016,1,895
06/10/2016,4,890
06/10/2016,7,890
06/10/2016,10,887
06/10/2016,13,885
06/10/2016,16,889
06/10/2016,19,896
06/10/2016,22,902
06/11/2016,1,908
06/11/2016,4,917
06/11/2016,7,929
06/11/2016,10,932
06/11/2016,13,932
06/11/2016,16,930
06/11/2016,19,928
06/11/2016,22,926
06/12/2016,1,924
06/12/2016,4,923
06/12/2016,7,923
06/12/2016,10,921
06/12/2016,13,918
06/12/2016,16,915
06/12/2016,19,913
06/12/2016,22,911
06/13/2016,1,909
06/13/2016,4,915
06/13/2016,7,926
06/13/2016,10,929
06/13/2016,13,929
06/13/2016,16,927
06/13/2016,19,924
06/13/2016,22,924
06/14/2016,1,924
06/14/2016,4,924
06/14/2016,7,924
06/14/2016,10,922
06/14/2016,13,920
06/14/2016,16,913
06/14/2016,19,904
06/14/2016,22,893
06/15/2016,1,885
06/15/2016,4,894
06/15/2016,7,906
06/15/2016,10,909
06/15/2016,13,911
06/15/2016,16,908
06/15/2016,19,904
06/15/2016,22,899
06/16/2016,1,893
06/16/2016,4,895
06/16/2016,7,899
06/16/2016,10,904
06/16/2016,13,907
06/16/2016,16,901
06/16/2016,19,886
06/16/2016,22,871
06/17/2016,1,862
06/17/2016,4,869
06/17/2016,7,879
06/17/2016,10,883
06/17/2016,13,890
06/17/2016,16,898
06/17/2016,19,901
06/17/2016,22,895
06/18/2016,1,886
06/18/2016,4,883
06/18/2016,7,887
06/18/2016,10,889
06/18/2016,13,881
06/18/2016,16,875
06/18/2016,19,868
06/18/2016,22,860
06/19/2016,1,852
06/19/2016,4,856
06/19/2016,7,861
06/19/2016,10,854
06/19/2016,13,848
06/19/2016,16,841
06/19/2016,19,835
06/19/2016,22,825
06/20/2016,1,813
06/20/2016,4,796
06/20/2016,7,774
06/20/2016,10,757
06/20/2016,13,743
06/20/2016,16,753
06/20/2016,19,771
06/20/2016,22,790
06/21/2016,1,805
06/21/2016,4,814.5
06/21/2016,7,821
06/21/2016,10,824
06/21/2016,13,826
06/21/2016,16,851
06/21/2016,19,887
06/21/2016,22,922
06/22/2016,1,957
06/22/2016,4,971
06/22/2016,7,980
06/22/2016,10,975.5
06/22/2016,13,970
06/22/2016,16,959.5
06/22/2016,19,951
06/22/2016,22,940
06/23/2016,1,930
06/23/2016,4,930
06/23/2016,7,934
06/23/2016,10,936
06/23/2016,13,932
06/23/2016,16,927
06/23/2016,19,924
06/23/2016,22,920
06/24/2016,1,917
06/24/2016,4,914
06/24/2016,7,912
06/24/2016,10,911
06/24/2016,13,910
06/24/2016,16,915
06/24/2016,19,923
06/24/2016,22,924
06/25/2016,1,924
06/25/2016,4,922
06/25/2016,7,920
06/25/2016,10,916
06/25/2016,13,910
06/25/2016,16,918
06/25/2016,19,931
06/25/2016,22,935
06/26/2016,1,935
06/26/2016,4,928
06/26/2016,7,916
06/26/2016,10,908
06/26/2016,13,902
06/26/2016,16,895
06/26/2016,19,887
06/26/2016,22,881
06/27/2016,1,876
06/27/2016,4,874
06/27/2016,7,873
06/27/2016,10,873
06/27/2016,13,873
06/27/2016,16,881
06/27/2016,19,894
06/27/2016,22,902
06/28/2016,1,906
06/28/2016,4,904
06/28/2016,7,900
06/28/2016,10,890
06/28/2016,13,883
06/28/2016,16,891
06/28/2016,19,905
06/28/2016,22,910
06/29/2016,1,913
06/29/2016,4,907
06/29/2016,7,898
06/29/2016,10,888
06/29/2016,13,880
06/29/2016,16,877
06/29/2016,19,877
06/29/2016,22,874
06/30/2016,1,872
06/30/2016,4,867
06/30/2016,7,864
06/30/2016,10,862
06/30/2016,13,865
06/30/2016,16,867
06/30/2016,19,870
06/30/2016,22,872
07/01/2016,1,875
07/01/2016,4,869
07/01/2016,7,859
07/01/2016,10,852
07/01/2016,13,846
07/01/2016,16,848
07/01/2016,19,853
07/01/2016,22,855
07/02/2016,1,851
07/02/2016,4,849
07/02/2016,7,847
07/02/2016,10,850
07/02/2016,13,854
07/02/2016,16,869
07/02/2016,19,877
07/02/2016,22,881
07/03/2016,1,885
07/03/2016,4,896
07/03/2016,7,913
07/03/2016,10,918
07/03/2016,13,914
07/03/2016,16,905
07/03/2016,19,889
07/03/2016,22,871
07/04/2016,1,862
07/04/2016,4,848
07/04/2016,7,837
07/04/2016,10,833
07/04/2016,13,831
07/04/2016,16,836
07/04/2016,19,844
07/04/2016,22,847
07/05/2016,1,849
07/05/2016,4,858
07/05/2016,7,868
07/05/2016,10,870
07/05/2016,13,870
07/05/2016,16,865
07/05/2016,19,857
07/05/2016,22,848
07/06/2016,1,841
07/06/2016,4,837
07/06/2016,7,835
07/06/2016,10,828
07/06/2016,13,819
07/06/2016,16,816
07/06/2016,19,816
07/06/2016,22,816
07/07/2016,1,816
07/07/2016,4,814
07/07/2016,7,812
07/07/2016,10,812
07/07/2016,13,815
07/07/2016,16,822
07/07/2016,19,833
07/07/2016,22,839
07/08/2016,1,848
07/08/2016,4,864
07/08/2016,7,879
07/08/2016,10,890
07/08/2016,13,897
07/08/2016,16,903
07/08/2016,19,910
07/08/2016,22,906
07/09/2016,1,901
07/09/2016,4,898
07/09/2016,7,898
07/09/2016,10,897
07/09/2016,13,895
07/09/2016,16,887
07/09/2016,19,877
07/09/2016,22,863
07/10/2016,1,854
07/10/2016,4,850
07/10/2016,7,846
07/10/2016,10,839
07/10/2016,13,832
07/10/2016,16,821
07/10/2016,19,807
07/10/2016,22,795
07/11/2016,1,788
07/11/2016,4,783
07/11/2016,7,778
07/11/2016,10,776
07/11/2016,13,774
07/11/2016,16,790
07/11/2016,19,809
07/11/2016,22,817
07/12/2016,1,822
07/12/2016,4,837.5
07/12/2016,7,854
07/12/2016,10,865.5
07/12/2016,13,874
07/12/2016,16,880
07/12/2016,19,885
07/12/2016,22,886.5
07/13/2016,1,883
07/13/2016,4,880
07/13/2016,7,875
07/13/2016,10,864
07/13/2016,13,851
07/13/2016,16,844
07/13/2016,19,840
07/13/2016,22,835
07/14/2016,1,829
07/14/2016,4,838
07/14/2016,7,853
07/14/2016,10,863
07/14/2016,13,869
07/14/2016,16,872
07/14/2016,19,868
07/14/2016,22,859
07/15/2016,1,848
07/15/2016,4,852
07/15/2016,7,860
07/15/2016,10,873
07/15/2016,13,882
07/15/2016,16,885
07/15/2016,19,887
07/15/2016,22,884
07/16/2016,1,879
07/16/2016,4,891
07/16/2016,7,910
07/16/2016,10,927.5
07/16/2016,13,941
07/16/2016,16,963
07/16/2016,19,981
07/16/2016,22,971.5
07/17/2016,1,959
07/17/2016,4,944
07/17/2016,7,932
07/17/2016,10,919
07/17/2016,13,908
07/17/2016,16,895
07/17/2016,19,883
07/17/2016,22,872
07/18/2016,1,864
07/18/2016,4,854
07/18/2016,7,848
07/18/2016,10,841
07/18/2016,13,835
07/18/2016,16,840
07/18/2016,19,850
07/18/2016,22,854
07/19/2016,1,859
07/19/2016,4,882.5
07/19/2016,7,910
07/19/2016,10,922.5
07/19/2016,13,929
07/19/2016,16,929
07/19/2016,19,920
07/19/2016,22,904
07/20/2016,1,890
07/20/2016,4,887
07/20/2016,7,894
07/20/2016,10,902
07/20/2016,13,907
07/20/2016,16,909
07/20/2016,19,911
07/20/2016,22,913
07/21/2016,1,913
07/21/2016,4,926.5
07/21/2016,7,949
07/21/2016,10,951
07/21/2016,13,951
07/21/2016,16,951
07/21/2016,19,951
07/21/2016,22,943
07/22/2016,1,934
07/22/2016,4,930
07/22/2016,7,927
07/22/2016,10,917
07/22/2016,13,910
07/22/2016,16,898
07/22/2016,19,882
07/22/2016,22,864
07/23/2016,1,851
07/23/2016,4,848
07/23/2016,7,853
07/23/2016,10,856
07/23/2016,13,852
07/23/2016,16,850
07/23/2016,19,850
07/23/2016,22,841
07/24/2016,1,825
07/24/2016,4,822
07/24/2016,7,833
07/24/2016,10,838
07/24/2016,13,830
07/24/2016,16,817
07/24/2016,19,802
07/24/2016,22,793
07/25/2016,1,789
07/25/2016,4,774
07/25/2016,7,755
07/25/2016,10,747
07/25/2016,13,740
07/25/2016,16,736
07/25/2016,19,733
07/25/2016,22,741
07/26/2016,1,759
07/26/2016,4,770
07/26/2016,7,776
07/26/2016,10,784
07/26/2016,13,791
07/26/2016,16,799
07/26/2016,19,805
07/26/2016,22,808
07/27/2016,1,812
07/27/2016,4,814
07/27/2016,7,814
07/27/2016,10,827
07/27/2016,13,845
07/27/2016,16,848
07/27/2016,19,848
07/27/2016,22,834
07/28/2016,1,817
07/28/2016,4,805.5
07/28/2016,7,797
07/28/2016,10,782.5
07/28/2016,13,770
07/28/2016,16,766
07/28/2016,19,764
07/28/2016,22,770.5
07/29/2016,1,778
07/29/2016,4,798.6666667
07/29/2016,7,845
07/29/2016,10,898.3333333
07/29/2016,13,946.3333333
07/29/2016,16,997.6666667
07/29/2016,19,1054.666667
07/29/2016,22,1139
07/30/2016,1,1212
07/30/2016,4,1235
07/30/2016,7,1244.666667
07/30/2016,10,1246
07/30/2016,13,1242
07/30/2016,16,1230.666667
07/30/2016,19,1214.666667
07/30/2016,22,1194.5
07/31/2016,1,1184
07/31/2016,4,1171.5
07/31/2016,7,1156
07/31/2016,10,1137
07/31/2016,13,1122
07/31/2016,16,1109
07/31/2016,19,1098
07/31/2016,22,1091
08/01/2016,1,1084
08/01/2016,4,1073.5
08/01/2016,7,1062
08/01/2016,10,1052
08/01/2016,13,1044
08/01/2016,16,1040
08/01/2016,19,1038
08/01/2016,22,1034.5
08/02/2016,1,1031
08/02/2016,4,1027
08/02/2016,7,1022
08/02/2016,10,1016
08/02/2016,13,1014
08/02/2016,16,1009
08/02/2016,19,1002
08/02/2016,22,999
08/03/2016,1,995
08/03/2016,4,990
08/03/2016,7,986
08/03/2016,10,978
08/03/2016,13,967
08/03/2016,16,965
08/03/2016,19,964
08/03/2016,22,962
08/04/2016,1,959
08/04/2016,4,951
08/04/2016,7,938
08/04/2016,10,923
08/04/2016,13,912
08/04/2016,16,907
08/04/2016,19,910
08/04/2016,22,913
08/05/2016,1,919
08/05/2016,4,940.6666667
08/05/2016,7,988
08/05/2016,10,1022.333333
08/05/2016,13,1044
08/05/2016,16,1062.666667
08/05/2016,19,1075.333333
08/05/2016,22,1087.75
08/06/2016,1,1093
08/06/2016,4,1095.5
08/06/2016,7,1096
08/06/2016,10,1091.5
08/06/2016,13,1086
08/06/2016,16,1076.5
08/06/2016,19,1067
08/06/2016,22,1060
08/07/2016,1,1055
08/07/2016,4,1055
08/07/2016,7,1055
08/07/2016,10,1053
08/07/2016,13,1049
08/07/2016,16,1051
08/07/2016,19,1054
08/07/2016,22,1056
08/08/2016,1,1058
08/08/2016,4,1045
08/08/2016,7,1028
08/08/2016,10,1022
08/08/2016,13,1009
08/08/2016,16,1014
08/08/2016,19,1022
08/08/2016,22,1026
08/09/2016,1,1029
08/09/2016,4,1027
08/09/2016,7,1022
08/09/2016,10,1013
08/09/2016,13,1001
08/09/2016,16,997
08/09/2016,19,1005
08/09/2016,22,1014
08/10/2016,1,1021
08/10/2016,4,1028
08/10/2016,7,1033
08/10/2016,10,1030
08/10/2016,13,1024
08/10/2016,16,1031
08/10/2016,19,1043
08/10/2016,22,1052
08/11/2016,1,1060
08/11/2016,4,1054
08/11/2016,7,1045
08/11/2016,10,1033
08/11/2016,13,1027
08/11/2016,16,1032
08/11/2016,19,1040
08/11/2016,22,1043
08/12/2016,1,1045
08/12/2016,4,1034
08/12/2016,7,1020
08/12/2016,10,1007
08/12/2016,13,996
08/12/2016,16,992
08/12/2016,19,997
08/12/2016,22,1006
08/13/2016,1,1015
08/13/2016,4,1020
08/13/2016,7,1024
08/13/2016,10,1021
08/13/2016,13,1016
08/13/2016,16,1005
08/13/2016,19,991
08/13/2016,22,994
08/14/2016,1,999
08/14/2016,4,1005
08/14/2016,7,1012
08/14/2016,10,1025
08/14/2016,13,1034
08/14/2016,16,1019
08/14/2016,19,1003
08/14/2016,22,996
08/15/2016,1,991
08/15/2016,4,1002
08/15/2016,7,1013
08/15/2016,10,1017
08/15/2016,13,1011
08/15/2016,16,1019
08/15/2016,19,1029
08/15/2016,22,1041
08/16/2016,1,1050
08/16/2016,4,1062
08/16/2016,7,1070
08/16/2016,10,1060
08/16/2016,13,1054
08/16/2016,16,1054
08/16/2016,19,1054
08/16/2016,22,1054
08/17/2016,1,1054
08/17/2016,4,1045
08/17/2016,7,1034
08/17/2016,10,1022
08/17/2016,13,1018
08/17/2016,16,1023
08/17/2016,19,1029
08/17/2016,22,1029
08/18/2016,1,1029
08/18/2016,4,1026
08/18/2016,7,1021
08/18/2016,10,1016
08/18/2016,13,1012
08/18/2016,16,1017
08/18/2016,19,1024
08/18/2016,22,1033
08/19/2016,1,1038
08/19/2016,4,1030
08/19/2016,7,1024
08/19/2016,10,1017
08/19/2016,13,1008
08/19/2016,16,1018
08/19/2016,19,1030
08/19/2016,22,1039
08/20/2016,1,1045
08/20/2016,4,1052
08/20/2016,7,1059.666667
08/20/2016,10,1078.333333
08/20/2016,13,1109
08/20/2016,16,1149.666667
08/20/2016,19,1182
08/20/2016,22,1207.75
08/21/2016,1,1231
08/21/2016,4,1236.5
08/21/2016,7,1240
08/21/2016,10,1241.5
08/21/2016,13,1242
08/21/2016,16,1236.5
08/21/2016,19,1225
08/21/2016,22,1219.5
08/22/2016,1,1216
08/22/2016,4,1205.5
08/22/2016,7,1192
08/22/2016,10,1179.5
08/22/2016,13,1171
08/22/2016,16,1169
08/22/2016,19,1169
08/22/2016,22,1169
08/23/2016,1,1169
08/23/2016,4,1164
08/23/2016,7,1156
08/23/2016,10,1146
08/23/2016,13,1139
08/23/2016,16,1144
08/23/2016,19,1152
08/23/2016,22,1147
08/24/2016,1,1141
08/24/2016,4,1130
08/24/2016,7,1116
08/24/2016,10,1101
08/24/2016,13,1088
08/24/2016,16,1088
08/24/2016,19,1088
08/24/2016,22,1088
08/25/2016,1,1088
08/25/2016,4,1077
08/25/2016,7,1065
08/25/2016,10,1053
08/25/2016,13,1046
08/25/2016,16,1044
08/25/2016,19,1048
08/25/2016,22,1040
08/26/2016,1,1034
08/26/2016,4,1029
08/26/2016,7,1025
08/26/2016,10,1017
08/26/2016,13,1002
08/26/2016,16,1000
08/26/2016,19,998
08/26/2016,22,995
08/27/2016,1,991
08/27/2016,4,991
08/27/2016,7,991
08/27/2016,10,987
08/27/2016,13,980
08/27/2016,16,968
08/27/2016,19,954
08/27/2016,22,945
08/28/2016,1,938
08/28/2016,4,943
08/28/2016,7,950
08/28/2016,10,944
08/28/2016,13,935
08/28/2016,16,925
08/28/2016,19,917
08/28/2016,22,917
08/29/2016,1,917
08/29/2016,4,914
08/29/2016,7,909
08/29/2016,10,903
08/29/2016,13,899
08/29/2016,16,901
08/29/2016,19,904
08/29/2016,22,900
08/30/2016,1,895
08/30/2016,4,895
08/30/2016,7,895
08/30/2016,10,892
08/30/2016,13,888
08/30/2016,16,886
08/30/2016,19,886
08/30/2016,22,879
08/31/2016,1,871
08/31/2016,4,868
08/31/2016,7,866
08/31/2016,10,859
08/31/2016,13,848
08/31/2016,16,854
08/31/2016,19,861
08/31/2016,22,864
09/01/2016,1,864
09/01/2016,4,861
09/01/2016,7,857
09/01/2016,10,850
09/01/2016,13,844
09/01/2016,16,844
09/01/2016,19,844
09/01/2016,22,844
09/02/2016,1,847
09/02/2016,4,843
09/02/2016,7,840
09/02/2016,10,838
09/02/2016,13,836
09/02/2016,16,831
09/02/2016,19,823
09/02/2016,22,814
09/03/2016,1,805
09/03/2016,4,789
09/03/2016,7,771
09/03/2016,10,762
09/03/2016,13,758
09/03/2016,16,764
09/03/2016,19,773
09/03/2016,22,773
09/04/2016,1,773
09/04/2016,4,775
09/04/2016,7,778
09/04/2016,10,782
09/04/2016,13,787
09/04/2016,16,784
09/04/2016,19,779
09/04/2016,22,771
09/05/2016,1,763
09/05/2016,4,760
09/05/2016,7,758
09/05/2016,10,755
09/05/2016,13,753
09/05/2016,16,753
09/05/2016,19,753
09/05/2016,22,755
09/06/2016,1,759
09/06/2016,4,761
09/06/2016,7,761
09/06/2016,10,757
09/06/2016,13,750
09/06/2016,16,759
09/06/2016,19,772
09/06/2016,22,777
09/07/2016,1,780
09/07/2016,4,775
09/07/2016,7,767
09/07/2016,10,760
09/07/2016,13,755
09/07/2016,16,763
09/07/2016,19,776
09/07/2016,22,782
09/08/2016,1,789
09/08/2016,4,824.6666667
09/08/2016,7,902.3333333
09/08/2016,10,958.6666667
09/08/2016,13,993.3333333
09/08/2016,16,1010.333333
09/08/2016,19,999.6666667
09/08/2016,22,980.25
09/09/2016,1,969
09/09/2016,4,952.5
09/09/2016,7,926
09/09/2016,10,901.5
09/09/2016,13,885
09/09/2016,16,885
09/09/2016,19,885
09/09/2016,22,895
09/10/2016,1,906
09/10/2016,4,910
09/10/2016,7,898
09/10/2016,10,893
09/10/2016,13,879
09/10/2016,16,871
09/10/2016,19,856
09/10/2016,22,847
09/11/2016,1,841
09/11/2016,4,859
09/11/2016,7,887
09/11/2016,10,907
09/11/2016,13,919
09/11/2016,16,919
09/11/2016,19,913
09/11/2016,22,908
09/12/2016,1,901
09/12/2016,4,888
09/12/2016,7,873
09/12/2016,10,856
09/12/2016,13,846
09/12/2016,16,853
09/12/2016,19,862
09/12/2016,22,867
09/13/2016,1,870
09/13/2016,4,880
09/13/2016,7,892
09/13/2016,10,894
09/13/2016,13,889
09/13/2016,16,889
09/13/2016,19,889
09/13/2016,22,886
09/14/2016,1,882
09/14/2016,4,878
09/14/2016,7,875
09/14/2016,10,868
09/14/2016,13,860
09/14/2016,16,863
09/14/2016,19,869
09/14/2016,22,865
09/15/2016,1,859
09/15/2016,4,856
09/15/2016,7,854
09/15/2016,10,851
09/15/2016,13,847
09/15/2016,16,849
09/15/2016,19,852
09/15/2016,22,854
09/16/2016,1,851
09/16/2016,4,848
09/16/2016,7,846
09/16/2016,10,844
09/16/2016,13,844
09/16/2016,16,853
09/16/2016,19,867
09/16/2016,22,876
09/17/2016,1,883
09/17/2016,4,881
09/17/2016,7,877
09/17/2016,10,870
09/17/2016,13,858
09/17/2016,16,858
09/17/2016,19,858
09/17/2016,22,858
09/18/2016,1,858
09/18/2016,4,856
09/18/2016,7,854
09/18/2016,10,852
09/18/2016,13,850
09/18/2016,16,838
09/18/2016,19,824
09/18/2016,22,814
09/19/2016,1,808
09/19/2016,4,816
09/19/2016,7,829
09/19/2016,10,836
09/19/2016,13,840
09/19/2016,16,845
09/19/2016,19,853
09/19/2016,22,851
09/20/2016,1,847
09/20/2016,4,852
09/20/2016,7,860
09/20/2016,10,860
09/20/2016,13,860
09/20/2016,16,862
09/20/2016,19,865
09/20/2016,22,861
09/21/2016,1,856
09/21/2016,4,853
09/21/2016,7,851
09/21/2016,10,846
09/21/2016,13,840
09/21/2016,16,840
09/21/2016,19,840
09/21/2016,22,830
09/22/2016,1,823
09/22/2016,4,816
09/22/2016,7,811
09/22/2016,10,807
09/22/2016,13,802
09/22/2016,16,802
09/22/2016,19,806
09/22/2016,22,809
09/23/2016,1,809
09/23/2016,4,815
09/23/2016,7,817
09/23/2016,10,824
09/23/2016,13,829
09/23/2016,16,840
09/23/2016,19,854
09/23/2016,22,859
09/24/2016,1,859
09/24/2016,4,861
09/24/2016,7,863
09/24/2016,10,858
09/24/2016,13,852
09/24/2016,16,855
09/24/2016,19,860
09/24/2016,22,862
09/25/2016,1,857
09/25/2016,4,852
09/25/2016,7,848
09/25/2016,10,841
09/25/2016,13,829
09/25/2016,16,826
09/25/2016,19,823
09/25/2016,22,818
09/26/2016,1,814
09/26/2016,4,794.5
09/26/2016,7,779
09/26/2016,10,754
09/26/2016,13,730
09/26/2016,16,728.5
09/26/2016,19,744
09/26/2016,22,755.5
09/27/2016,1,760
09/27/2016,4,752
09/27/2016,7,740
09/27/2016,10,727
09/27/2016,13,718
09/27/2016,16,724
09/27/2016,19,731
09/27/2016,22,733
09/28/2016,1,730
09/28/2016,4,730
09/28/2016,7,730
09/28/2016,10,727
09/28/2016,13,722
09/28/2016,16,731
09/28/2016,19,743
09/28/2016,22,748
09/29/2016,1,745
09/29/2016,4,745
09/29/2016,7,745
09/29/2016,10,743
09/29/2016,13,740
09/29/2016,16,742
09/29/2016,19,746
09/29/2016,22,743
09/30/2016,1,739
09/30/2016,4,729
09/30/2016,7,717
09/30/2016,10,706
09/30/2016,13,701
09/30/2016,16,709
09/30/2016,19,717
09/30/2016,22,720
10/01/2016,1,722
10/01/2016,4,714
10/01/2016,7,702
10/01/2016,10,697
10/01/2016,13,693
10/01/2016,16,689
10/01/2016,19,684
10/01/2016,22,682
10/02/2016,1,682
10/02/2016,4,678
10/02/2016,7,675
10/02/2016,10,671
10/02/2016,13,668
10/02/2016,16,668
10/02/2016,19,668
10/02/2016,22,665
10/03/2016,1,662
10/03/2016,4,670
10/03/2016,7,679
10/03/2016,10,682
10/03/2016,13,682
10/03/2016,16,685
10/03/2016,19,689
10/03/2016,22,683
10/04/2016,1,678
10/04/2016,4,673
10/04/2016,7,667
10/04/2016,10,665
10/04/2016,13,663
10/04/2016,16,672
10/04/2016,19,683
10/04/2016,22,697
10/05/2016,1,706
10/05/2016,4,709
10/05/2016,7,704
10/05/2016,10,698
10/05/2016,13,695
10/05/2016,16,703
10/05/2016,19,717
10/05/2016,22,728
10/06/2016,1,737
10/06/2016,4,730
10/06/2016,7,714
10/06/2016,10,706
10/06/2016,13,704
10/06/2016,16,711
10/06/2016,19,722
10/06/2016,22,727
10/07/2016,1,731
10/07/2016,4,723
10/07/2016,7,712
10/07/2016,10,696
10/07/2016,13,690
10/07/2016,16,698
10/07/2016,19,711
10/07/2016,22,717
10/08/2016,1,721
10/08/2016,4,709
10/08/2016,7,696
10/08/2016,10,683
10/08/2016,13,677
10/08/2016,16,674
10/08/2016,19,670
10/08/2016,22,667
10/09/2016,1,662
10/09/2016,4,671
10/09/2016,7,685
10/09/2016,10,700
10/09/2016,13,709
10/09/2016,16,702
10/09/2016,19,690
10/09/2016,22,682
10/10/2016,1,676
10/10/2016,4,667
10/10/2016,7,653
10/10/2016,10,664
10/10/2016,13,683
10/10/2016,16,698
10/10/2016,19,709
10/10/2016,22,707
10/11/2016,1,704
10/11/2016,4,716.5
10/11/2016,7,732
10/11/2016,10,736
10/11/2016,13,729
10/11/2016,16,718
10/11/2016,19,706
10/11/2016,22,699.5
10/12/2016,1,696
10/12/2016,4,680
10/12/2016,7,658
10/12/2016,10,649
10/12/2016,13,643
10/12/2016,16,635
10/12/2016,19,628
10/12/2016,22,628
10/13/2016,1,628
10/13/2016,4,626
10/13/2016,7,623
10/13/2016,10,621
10/13/2016,13,620
10/13/2016,16,618
10/13/2016,19,615
10/13/2016,22,613
10/14/2016,1,611
10/14/2016,4,609
10/14/2016,7,606
10/14/2016,10,604
10/14/2016,13,604
10/14/2016,16,600
10/14/2016,19,595
10/14/2016,22,592
10/15/2016,1,589
10/15/2016,4,587
10/15/2016,7,585
10/15/2016,10,588
10/15/2016,13,590
10/15/2016,16,595
10/15/2016,19,601
10/15/2016,22,598
10/16/2016,1,594
10/16/2016,4,590
10/16/2016,7,587
10/16/2016,10,584
10/16/2016,13,582
10/16/2016,16,582
10/16/2016,19,582
10/16/2016,22,582
10/17/2016,1,580
10/17/2016,4,580
10/17/2016,7,580
10/17/2016,10,582
10/17/2016,13,584
10/17/2016,16,590
10/17/2016,19,595
10/17/2016,22,601
10/18/2016,1,604
10/18/2016,4,602
10/18/2016,7,596
10/18/2016,10,596
10/18/2016,13,596
10/18/2016,16,598
10/18/2016,19,600
10/18/2016,22,602
10/19/2016,1,603
10/19/2016,4,597
10/19/2016,7,588
10/19/2016,10,577
10/19/2016,13,572
10/19/2016,16,576
10/19/2016,19,583
10/19/2016,22,586
10/20/2016,1,588
10/20/2016,4,585
10/20/2016,7,580
10/20/2016,10,578
10/20/2016,13,578
10/20/2016,16,584
10/20/2016,19,593
10/20/2016,22,597
10/21/2016,1,594
10/21/2016,4,583
10/21/2016,7,575
10/21/2016,10,571
10/21/2016,13,568
10/21/2016,16,572
10/21/2016,19,578
10/21/2016,22,580
10/22/2016,1,580
10/22/2016,4,577
10/22/2016,7,574
10/22/2016,10,572
10/22/2016,13,570
10/22/2016,16,576
10/22/2016,19,586
10/22/2016,22,590
10/23/2016,1,593
10/23/2016,4,589
10/23/2016,7,584
10/23/2016,10,581
10/23/2016,13,578
10/23/2016,16,576
10/23/2016,19,576
10/23/2016,22,574
10/24/2016,1,570
10/24/2016,4,565
10/24/2016,7,562
10/24/2016,10,560
10/24/2016,13,559
10/24/2016,16,558
10/24/2016,19,557
10/24/2016,22,560
10/25/2016,1,567
10/25/2016,4,563
10/25/2016,7,557
10/25/2016,10,555
10/25/2016,13,553
10/25/2016,16,559
10/25/2016,19,568
10/25/2016,22,580
10/26/2016,1,588
10/26/2016,4,578
10/26/2016,7,566
10/26/2016,10,561
10/26/2016,13,559
10/26/2016,16,565
10/26/2016,19,574
10/26/2016,22,577
10/27/2016,1,573
10/27/2016,4,571
10/27/2016,7,570
10/27/2016,10,576
10/27/2016,13,588
10/27/2016,16,597
10/27/2016,19,602
10/27/2016,22,604
10/28/2016,1,601
10/28/2016,4,595
10/28/2016,7,587
10/28/2016,10,589
10/28/2016,13,593
10/28/2016,16,595
10/28/2016,19,595
10/28/2016,22,591
10/29/2016,1,586
10/29/2016,4,574
10/29/2016,7,566
10/29/2016,10,562
10/29/2016,13,560
10/29/2016,16,558
10/29/2016,19,556
10/29/2016,22,556
10/30/2016,1,556
10/30/2016,4,552
10/30/2016,7,547
10/30/2016,10,545
10/30/2016,13,543
10/30/2016,16,540
10/30/2016,19,540
10/30/2016,22,540
10/31/2016,1,540
10/31/2016,4,538
10/31/2016,7,538
10/31/2016,10,536
10/31/2016,13,533
10/31/2016,16,531
10/31/2016,19,539
10/31/2016,22,545
11/01/2016,1,547
11/01/2016,4,543
11/01/2016,7,536
11/01/2016,10,534
11/01/2016,13,540
11/01/2016,16,550
11/01/2016,19,558
11/01/2016,22,563
11/02/2016,1,560
11/02/2016,4,553
11/02/2016,7,549
11/02/2016,10,546
11/02/2016,13,551
11/02/2016,16,559
11/02/2016,19,566
11/02/2016,22,571
11/03/2016,1,574
11/03/2016,4,576
11/03/2016,7,578
11/03/2016,10,580
11/03/2016,13,582
11/03/2016,16,586
11/03/2016,19,591
11/03/2016,22,589
11/04/2016,1,585
11/04/2016,4,580
11/04/2016,7,574
11/04/2016,10,570
11/04/2016,13,567
11/04/2016,16,565
11/04/2016,19,565
11/04/2016,22,565
11/05/2016,1,560
11/05/2016,4,552
11/05/2016,7,547
11/05/2016,10,544
11/05/2016,13,541
11/05/2016,16,539
11/05/2016,19,537
11/05/2016,22,535
11/06/2016,1,532
11/06/2016,4,530
11/06/2016,7,530
11/06/2016,10,533
11/06/2016,13,536
11/06/2016,16,540
11/06/2016,19,542
11/06/2016,22,540
11/07/2016,1,537
11/07/2016,4,535
11/07/2016,7,535
11/07/2016,10,541
11/07/2016,13,549
11/07/2016,16,559
11/07/2016,19,566
11/07/2016,22,569
11/08/2016,1,564
11/08/2016,4,557
11/08/2016,7,552
11/08/2016,10,549
11/08/2016,13,547
11/08/2016,16,550
11/08/2016,19,554
11/08/2016,22,558
11/09/2016,1,560
11/09/2016,4,555
11/09/2016,7,548
11/09/2016,10,551
11/09/2016,13,560
11/09/2016,16,569
11/09/2016,19,578
11/09/2016,22,591
11/10/2016,1,601
11/10/2016,4,613
11/10/2016,7,621
11/10/2016,10,624
11/10/2016,13,626
11/10/2016,16,630
11/10/2016,19,633
11/10/2016,22,637
11/11/2016,1,640
11/11/2016,4,638
11/11/2016,7,634
11/11/2016,10,631
11/11/2016,13,636
11/11/2016,16,642
11/11/2016,19,649
11/11/2016,22,657
11/12/2016,1,663
11/12/2016,4,670
11/12/2016,7,676
11/12/2016,10,683
11/12/2016,13,688
11/12/2016,16,692
11/12/2016,19,694
11/12/2016,22,697
11/13/2016,1,696
11/13/2016,4,695
11/13/2016,7,695
11/13/2016,10,692
11/13/2016,13,689
11/13/2016,16,689
11/13/2016,19,689
11/13/2016,22,689
11/14/2016,1,689
11/14/2016,4,689
11/14/2016,7,689
11/14/2016,10,691
11/14/2016,13,693
11/14/2016,16,695.5
11/14/2016,19,698
11/14/2016,22,696
11/15/2016,1,694
11/15/2016,4,691.5
11/15/2016,7,689
11/15/2016,10,690.5
11/15/2016,13,692
11/15/2016,16,694
11/15/2016,19,696
11/15/2016,22,694.5
11/16/2016,1,693
11/16/2016,4,690.5
11/16/2016,7,688
11/16/2016,10,689
11/16/2016,13,690
11/16/2016,16,691.5
11/16/2016,19,693
11/16/2016,22,691
11/17/2016,1,689
11/17/2016,4,687
11/17/2016,7,685
11/17/2016,10,684.5
11/17/2016,13,684
11/17/2016,16,686
11/17/2016,19,688
11/17/2016,22,689
11/18/2016,1,690
11/18/2016,4,685
11/18/2016,7,680
11/18/2016,10,680
11/18/2016,13,680
11/18/2016,16,680
11/18/2016,19,680
11/18/2016,22,680
11/19/2016,1,680
11/19/2016,4,680
11/19/2016,7,680
11/19/2016,10,681.5
11/19/2016,13,683
11/19/2016,16,684.5
11/19/2016,19,686
11/19/2016,22,684
11/20/2016,1,682
11/20/2016,4,680.5
11/20/2016,7,679
11/20/2016,10,679
11/20/2016,13,679
11/20/2016,16,679
11/20/2016,19,679
11/20/2016,22,676.5
11/21/2016,1,674
11/21/2016,4,670.5
11/21/2016,7,667
11/21/2016,10,664.5
11/21/2016,13,662
11/21/2016,16,662
11/21/2016,19,662
11/21/2016,22,662
11/22/2016,1,662
11/22/2016,4,662
11/22/2016,7,662
11/22/2016,10,662
11/22/2016,13,662
11/22/2016,16,662
11/22/2016,19,662
11/22/2016,22,660
11/23/2016,1,658
11/23/2016,4,649
11/23/2016,7,642
11/23/2016,10,636
11/23/2016,13,629
11/23/2016,16,624
11/23/2016,19,621
11/23/2016,22,616
11/24/2016,1,613
11/24/2016,4,610
11/24/2016,7,611
11/24/2016,10,614
11/24/2016,13,621
11/24/2016,16,628
11/24/2016,19,633
11/24/2016,22,637
11/25/2016,1,640
11/25/2016,4,638
11/25/2016,7,634
11/25/2016,10,630
11/25/2016,13,636
11/25/2016,16,643
11/25/2016,19,647
11/25/2016,22,645
11/26/2016,1,642
11/26/2016,4,641
11/26/2016,7,640
11/26/2016,10,640
11/26/2016,13,640
11/26/2016,16,639.5
11/26/2016,19,639
11/26/2016,22,638.5
11/27/2016,1,638
11/27/2016,4,637.5
11/27/2016,7,637
11/27/2016,10,639.5
11/27/2016,13,642
11/27/2016,16,645
11/27/2016,19,648
11/27/2016,22,654
11/28/2016,1,660
11/28/2016,4,655
11/28/2016,7,647
11/28/2016,10,644
11/28/2016,13,640
11/28/2016,16,637
11/28/2016,19,634
11/28/2016,22,631
11/29/2016,1,625
11/29/2016,4,622
11/29/2016,7,620
11/29/2016,10,617
11/29/2016,13,621
11/29/2016,16,626
11/29/2016,19,630
11/29/2016,22,630
11/30/2016,1,630
11/30/2016,4,630
11/30/2016,7,630
11/30/2016,10,632.5
11/30/2016,13,635
11/30/2016,16,638
11/30/2016,19,641
11/30/2016,22,639
12/01/2016,1,637
12/01/2016,4,630
12/01/2016,7,625
12/01/2016,10,628
12/01/2016,13,631
12/01/2016,16,634
12/01/2016,19,638
12/01/2016,22,640
12/02/2016,1,637
12/02/2016,4,633
12/02/2016,7,628
12/02/2016,10,626
12/02/2016,13,624
12/02/2016,16,621
12/02/2016,19,619
12/02/2016,22,615
12/03/2016,1,610
12/03/2016,4,607.5
12/03/2016,7,605
12/03/2016,10,607
12/03/2016,13,609
12/03/2016,16,611.5
12/03/2016,19,614
12/03/2016,22,611
12/04/2016,1,608
12/04/2016,4,606
12/04/2016,7,604
12/04/2016,10,601.5
12/04/2016,13,599
12/04/2016,16,597
12/04/2016,19,595
12/04/2016,22,588
12/05/2016,1,581
12/05/2016,4,570
12/05/2016,7,563
12/05/2016,10,562
12/05/2016,13,561
12/05/2016,16,560
12/05/2016,19,560
12/05/2016,22,559
12/06/2016,1,557
12/06/2016,4,556
12/06/2016,7,555
12/06/2016,10,560
12/06/2016,13,565
12/06/2016,16,571
12/06/2016,19,577
12/06/2016,22,580.5
12/07/2016,1,584
12/07/2016,4,589
12/07/2016,7,593
12/07/2016,10,596
12/07/2016,13,594
12/07/2016,16,588
12/07/2016,19,584
12/07/2016,22,581
12/08/2016,1,576
12/08/2016,4,570
12/08/2016,7,567
12/08/2016,10,564
12/08/2016,13,568
12/08/2016,16,573
12/08/2016,19,575
12/08/2016,22,577
12/09/2016,1,574
12/09/2016,4,572
12/09/2016,7,570
12/09/2016,10,568
12/09/2016,13,573
12/09/2016,16,580
12/09/2016,19,586
12/09/2016,22,589
12/10/2016,1,591
12/10/2016,4,587
12/10/2016,7,582
12/10/2016,10,579
12/10/2016,13,584
12/10/2016,16,588
12/10/2016,19,591
12/10/2016,22,594
12/11/2016,1,589
12/11/2016,4,583
12/11/2016,7,578
12/11/2016,10,576
12/11/2016,13,573
12/11/2016,16,570
12/11/2016,19,568
12/11/2016,22,566
12/12/2016,1,564
12/12/2016,4,562
12/12/2016,7,560
12/12/2016,10,564
12/12/2016,13,572
12/12/2016,16,581
12/12/2016,19,590
12/12/2016,22,593
12/13/2016,1,588
12/13/2016,4,580
12/13/2016,7,574
12/13/2016,10,570
12/13/2016,13,569
12/13/2016,16,572
12/13/2016,19,577
12/13/2016,22,580
12/14/2016,1,575
12/14/2016,4,567
12/14/2016,7,562
12/14/2016,10,560
12/14/2016,13,563
12/14/2016,16,568
12/14/2016,19,570
12/14/2016,22,571
12/15/2016,1,569
12/15/2016,4,567
12/15/2016,7,566
12/15/2016,10,569
12/15/2016,13,573
12/15/2016,16,578
12/15/2016,19,582
12/15/2016,22,583
12/16/2016,1,581
12/16/2016,4,578
12/16/2016,7,576
12/16/2016,10,581
12/16/2016,13,587
12/16/2016,16,592
12/16/2016,19,597
12/16/2016,22,600
12/17/2016,1,598
12/17/2016,4,596
12/17/2016,7,594
12/17/2016,10,596
12/17/2016,13,599
12/17/2016,16,602
12/17/2016,19,605
12/17/2016,22,607
12/18/2016,1,604
12/18/2016,4,598
12/18/2016,7,592
12/18/2016,10,589
12/18/2016,13,593
12/18/2016,16,597
12/18/2016,19,601
12/18/2016,22,603
12/19/2016,1,594
12/19/2016,4,581
12/19/2016,7,570
12/19/2016,10,565
12/19/2016,13,562
12/19/2016,16,567
12/19/2016,19,571
12/19/2016,22,574
12/20/2016,1,569
12/20/2016,4,563
12/20/2016,7,559
12/20/2016,10,557
12/20/2016,13,557
12/20/2016,16,557
12/20/2016,19,557
12/20/2016,22,557
12/21/2016,1,561
12/21/2016,4,567
12/21/2016,7,565
12/21/2016,10,569
12/21/2016,13,575
12/21/2016,16,583
12/21/2016,19,596
12/21/2016,22,607
12/22/2016,1,613
12/22/2016,4,610
12/22/2016,7,605
12/22/2016,10,603
12/22/2016,13,608
12/22/2016,16,612
12/22/2016,19,615
12/22/2016,22,618
12/23/2016,1,616
12/23/2016,4,613
12/23/2016,7,610
12/23/2016,10,609
12/23/2016,13,609
12/23/2016,16,611
12/23/2016,19,613
12/23/2016,22,615
12/24/2016,1,610
12/24/2016,4,603
12/24/2016,7,598
12/24/2016,10,595
12/24/2016,13,592
12/24/2016,16,594
12/24/2016,19,597
12/24/2016,22,600
12/25/2016,1,596
12/25/2016,4,591
12/25/2016,7,586
12/25/2016,10,583
12/25/2016,13,580
12/25/2016,16,580
12/25/2016,19,580
12/25/2016,22,580
12/26/2016,1,578
12/26/2016,4,576
12/26/2016,7,574
12/26/2016,10,570
12/26/2016,13,565
12/26/2016,16,562
12/26/2016,19,560
12/26/2016,22,567
12/27/2016,1,571
12/27/2016,4,564
12/27/2016,7,556
12/27/2016,10,553
12/27/2016,13,551
12/27/2016,16,551
12/27/2016,19,554
12/27/2016,22,556
12/28/2016,1,553
12/28/2016,4,550
12/28/2016,7,548
12/28/2016,10,547
12/28/2016,13,551
12/28/2016,16,555
12/28/2016,19,560
12/28/2016,22,562
12/29/2016,1,559
12/29/2016,4,554
12/29/2016,7,551
12/29/2016,10,551
12/29/2016,13,551
12/29/2016,16,556
12/29/2016,19,562
12/29/2016,22,565
12/30/2016,1,567
12/30/2016,4,566
12/30/2016,7,564
12/30/2016,10,564
12/30/2016,13,569
12/30/2016,16,566
12/30/2016,19,564
12/30/2016,22,562
12/31/2016,1,559
12/31/2016,4,557
12/31/2016,7,556
12/31/2016,10,553
12/31/2016,13,555
12/31/2016,16,558
12/31/2016,19,560
12/31/2016,22,562
01/01/2017,1,559
01/01/2017,4,554
01/01/2017,7,552
01/01/2017,10,552
01/01/2017,13,552
01/01/2017,16,550
01/01/2017,19,550
01/01/2017,22,548
01/02/2017,1,546
01/02/2017,4,545.5
01/02/2017,7,545
01/02/2017,10,544
01/02/2017,13,543
01/02/2017,16,544
01/02/2017,19,545
01/02/2017,22,546.5
01/03/2017,1,548
01/03/2017,4,547
01/03/2017,7,546
01/03/2017,10,546
01/03/2017,13,546
01/03/2017,16,552
01/03/2017,19,558
01/03/2017,22,559.5
01/04/2017,1,561
01/04/2017,4,559
01/04/2017,7,557
01/04/2017,10,554.5
01/04/2017,13,552
01/04/2017,16,557.5
01/04/2017,19,563
01/04/2017,22,565.5
01/05/2017,1,568
01/05/2017,4,566
01/05/2017,7,564
01/05/2017,10,564.5
01/05/2017,13,565
01/05/2017,16,565.5
01/05/2017,19,566
01/05/2017,22,564.5
01/06/2017,1,563
01/06/2017,4,561.5
01/06/2017,7,560
01/06/2017,10,560
01/06/2017,13,560
01/06/2017,16,561
01/06/2017,19,562
01/06/2017,22,559.5
01/07/2017,1,557
01/07/2017,4,554
01/07/2017,7,551
01/07/2017,10,553
01/07/2017,13,555
01/07/2017,16,557
01/07/2017,19,560
01/07/2017,22,566
01/08/2017,1,571
01/08/2017,4,586.6666667
01/08/2017,7,613.3333333
01/08/2017,10,638
01/08/2017,13,668.3333333
01/08/2017,16,697.3333333
01/08/2017,19,726.6666667
01/08/2017,22,751
01/09/2017,1,764
01/09/2017,4,779.5
01/09/2017,7,803
01/09/2017,10,811.5
01/09/2017,13,818
01/09/2017,16,825.5
01/09/2017,19,829
01/09/2017,22,832.5
01/10/2017,1,835
01/10/2017,4,835
01/10/2017,7,835
01/10/2017,10,835
01/10/2017,13,835
01/10/2017,16,836
01/10/2017,19,838
01/10/2017,22,841
01/11/2017,1,841
01/11/2017,4,841
01/11/2017,7,841
01/11/2017,10,839
01/11/2017,13,836
01/11/2017,16,841
01/11/2017,19,847
01/11/2017,22,857
01/12/2017,1,869
01/12/2017,4,878
01/12/2017,7,884
01/12/2017,10,895
01/12/2017,13,907
01/12/2017,16,916
01/12/2017,19,927
01/12/2017,22,935
01/13/2017,1,942
01/13/2017,4,948
01/13/2017,7,953
01/13/2017,10,958
01/13/2017,13,955
01/13/2017,16,946
01/13/2017,19,934
01/13/2017,22,927
01/14/2017,1,914
01/14/2017,4,901
01/14/2017,7,891
01/14/2017,10,872.5
01/14/2017,13,858
01/14/2017,16,844
01/14/2017,19,823
01/14/2017,22,805
01/15/2017,1,787
01/15/2017,4,766.5
01/15/2017,7,746
01/15/2017,10,724.5
01/15/2017,13,703
01/15/2017,16,682.5
01/15/2017,19,662
01/15/2017,22,651
01/16/2017,1,640
01/16/2017,4,634
01/16/2017,7,629
01/16/2017,10,622
01/16/2017,13,614
01/16/2017,16,609
01/16/2017,19,606
01/16/2017,22,602
01/17/2017,1,596
01/17/2017,4,584
01/17/2017,7,575
01/17/2017,10,578
01/17/2017,13,586
01/17/2017,16,598
01/17/2017,19,613
01/17/2017,22,616
01/18/2017,1,614
01/18/2017,4,609
01/18/2017,7,603
01/18/2017,10,592
01/18/2017,13,578
01/18/2017,16,575
01/18/2017,19,573
01/18/2017,22,568
01/19/2017,1,565
01/19/2017,4,563
01/19/2017,7,559
01/19/2017,10,562
01/19/2017,13,567
01/19/2017,16,571
01/19/2017,19,575
01/19/2017,22,578
01/20/2017,1,576
01/20/2017,4,570
01/20/2017,7,563
01/20/2017,10,567
01/20/2017,13,574
01/20/2017,16,583
01/20/2017,19,590
01/20/2017,22,600
01/21/2017,1,611
01/21/2017,4,620
01/21/2017,7,629
01/21/2017,10,649
01/21/2017,13,670
01/21/2017,16,692
01/21/2017,19,713
01/21/2017,22,733.5
01/22/2017,1,753
01/22/2017,4,777.5
01/22/2017,7,798
01/22/2017,10,806.5
01/22/2017,13,813
01/22/2017,16,816
01/22/2017,19,817
01/22/2017,22,817.5
01/23/2017,1,820
01/23/2017,4,822
01/23/2017,7,823
01/23/2017,10,823
01/23/2017,13,823
01/23/2017,16,823
01/23/2017,19,823
01/23/2017,22,823
01/24/2017,1,825
01/24/2017,4,828
01/24/2017,7,832
01/24/2017,10,833
01/24/2017,13,837
01/24/2017,16,840
01/24/2017,19,842
01/24/2017,22,844
01/25/2017,1,847
01/25/2017,4,849
01/25/2017,7,851
01/25/2017,10,853
01/25/2017,13,850
01/25/2017,16,848
01/25/2017,19,845
01/25/2017,22,840
01/26/2017,1,834
01/26/2017,4,828.5
01/26/2017,7,824
01/26/2017,10,813
01/26/2017,13,797
01/26/2017,16,777.5
01/26/2017,19,753
01/26/2017,22,728.5
01/27/2017,1,702
01/27/2017,4,674
01/27/2017,7,646
01/27/2017,10,628
01/27/2017,13,610
01/27/2017,16,592.5
01/27/2017,19,577
01/27/2017,22,565.5
01/28/2017,1,559
01/28/2017,4,555
01/28/2017,7,552
01/28/2017,10,548
01/28/2017,13,545
01/28/2017,16,542
01/28/2017,19,538
01/28/2017,22,535
01/29/2017,1,532
01/29/2017,4,531
01/29/2017,7,530
01/29/2017,10,529
01/29/2017,13,528
01/29/2017,16,526.5
01/29/2017,19,525
01/29/2017,22,524
01/30/2017,1,523
01/30/2017,4,521.5
01/30/2017,7,520
01/30/2017,10,520
01/30/2017,13,520
01/30/2017,16,522
01/30/2017,19,524
01/30/2017,22,523
01/31/2017,1,522
01/31/2017,4,520.5
01/31/2017,7,519
01/31/2017,10,518
01/31/2017,13,517
01/31/2017,16,516.5
01/31/2017,19,516
01/31/2017,22,516
02/01/2017,1,516
02/01/2017,4,516
02/01/2017,7,516
02/01/2017,10,515
02/01/2017,13,514
02/01/2017,16,513.5
02/01/2017,19,513
02/01/2017,22,513
02/02/2017,1,513
02/02/2017,4,513
02/02/2017,7,513
02/02/2017,10,515
02/02/2017,13,517
02/02/2017,16,518.5
02/02/2017,19,520
02/02/2017,22,521
02/03/2017,1,522
02/03/2017,4,523
02/03/2017,7,524
02/03/2017,10,525
02/03/2017,13,526
02/03/2017,16,526
02/03/2017,19,526
02/03/2017,22,533.5
02/04/2017,1,541
02/04/2017,4,562
02/04/2017,7,580
02/04/2017,10,600.5
02/04/2017,13,622
02/04/2017,16,646
02/04/2017,19,681
02/04/2017,22,711.5
02/05/2017,1,736
02/05/2017,4,755.5
02/05/2017,7,770
02/05/2017,10,786.5
02/05/2017,13,796
02/05/2017,16,802.5
02/05/2017,19,808
02/05/2017,22,813.5
02/06/2017,1,818
02/06/2017,4,821
02/06/2017,7,824
02/06/2017,10,827
02/06/2017,13,830
02/06/2017,16,834
02/06/2017,19,837
02/06/2017,22,839
02/07/2017,1,840
02/07/2017,4,841
02/07/2017,7,841
02/07/2017,10,843
02/07/2017,13,845
02/07/2017,16,842
02/07/2017,19,838
02/07/2017,22,836
02/08/2017,1,836
02/08/2017,4,836
02/08/2017,7,836
02/08/2017,10,834
02/08/2017,13,832
02/08/2017,16,829.5
02/08/2017,19,827
02/08/2017,22,823
02/09/2017,1,819
02/09/2017,4,815.5
02/09/2017,7,812
02/09/2017,10,810.5
02/09/2017,13,809
02/09/2017,16,808
02/09/2017,19,807
02/09/2017,22,804.5
02/10/2017,1,802
02/10/2017,4,796
02/10/2017,7,789
02/10/2017,10,793
02/10/2017,13,800
02/10/2017,16,807
02/10/2017,19,813
02/10/2017,22,818
02/11/2017,1,825
02/11/2017,4,830
02/11/2017,7,833
02/11/2017,10,838
02/11/2017,13,843
02/11/2017,16,848
02/11/2017,19,839
02/11/2017,22,825
02/12/2017,1,806
02/12/2017,4,785
02/12/2017,7,766
02/12/2017,10,744
02/12/2017,13,720
02/12/2017,16,698
02/12/2017,19,676
02/12/2017,22,657
02/13/2017,1,643
02/13/2017,4,634
02/13/2017,7,626
02/13/2017,10,619
02/13/2017,13,614
02/13/2017,16,606
02/13/2017,19,597
02/13/2017,22,585
02/14/2017,1,577
02/14/2017,4,571
02/14/2017,7,561
02/14/2017,10,554
02/14/2017,13,549
02/14/2017,16,545
02/14/2017,19,545
02/14/2017,22,545
02/15/2017,1,543
02/15/2017,4,541
02/15/2017,7,539
02/15/2017,10,538
02/15/2017,13,537
02/15/2017,16,545.5
02/15/2017,19,554
02/15/2017,22,556.5
02/16/2017,1,559
02/16/2017,4,552
02/16/2017,7,543
02/16/2017,10,540
02/16/2017,13,546
02/16/2017,16,550
02/16/2017,19,552
02/16/2017,22,555
02/17/2017,1,555
02/17/2017,4,555
02/17/2017,7,555
02/17/2017,10,558.5
02/17/2017,13,562
02/17/2017,16,566.5
02/17/2017,19,571
02/17/2017,22,574
02/18/2017,1,577
02/18/2017,4,569
02/18/2017,7,560
02/18/2017,10,557
02/18/2017,13,562
02/18/2017,16,564
02/18/2017,19,568
02/18/2017,22,572
02/19/2017,1,570
02/19/2017,4,563
02/19/2017,7,556
02/19/2017,10,552
02/19/2017,13,550
02/19/2017,16,555
02/19/2017,19,558
02/19/2017,22,553
02/20/2017,1,547
02/20/2017,4,543.5
02/20/2017,7,540
02/20/2017,10,536
02/20/2017,13,532
02/20/2017,16,534
02/20/2017,19,536
02/20/2017,22,537
02/21/2017,1,538
02/21/2017,4,531
02/21/2017,7,520
02/21/2017,10,518
02/21/2017,13,517
02/21/2017,16,519
02/21/2017,19,521
02/21/2017,22,525
02/22/2017,1,526
02/22/2017,4,526.5
02/22/2017,7,527
02/22/2017,10,529.5
02/22/2017,13,532
02/22/2017,16,535.5
02/22/2017,19,539
02/22/2017,22,545
02/23/2017,1,551
02/23/2017,4,569
02/23/2017,7,582
02/23/2017,10,585
02/23/2017,13,587
02/23/2017,16,598
02/23/2017,19,614
02/23/2017,22,619
02/24/2017,1,605
02/24/2017,4,589
02/24/2017,7,576
02/24/2017,10,569
02/24/2017,13,565
02/24/2017,16,567
02/24/2017,19,570
02/24/2017,22,568
02/25/2017,1,565
02/25/2017,4,563
02/25/2017,7,560
02/25/2017,10,558
02/25/2017,13,562
02/25/2017,16,567
02/25/2017,19,573
02/25/2017,22,575
02/26/2017,1,578
02/26/2017,4,576
02/26/2017,7,571
02/26/2017,10,567
02/26/2017,13,564
02/26/2017,16,562
02/26/2017,19,560
02/26/2017,22,557
02/27/2017,1,550
02/27/2017,4,540
02/27/2017,7,532
02/27/2017,10,527
02/27/2017,13,523
02/27/2017,16,531
02/27/2017,19,535
02/27/2017,22,537
02/28/2017,1,532
02/28/2017,4,529
02/28/2017,7,526
02/28/2017,10,523.5
02/28/2017,13,521
02/28/2017,16,531.5
02/28/2017,19,542
02/28/2017,22,549.5
03/01/2017,1,557
03/01/2017,4,568
03/01/2017,7,570
03/01/2017,10,567
03/01/2017,13,575
03/01/2017,16,587
03/01/2017,19,603
03/01/2017,22,606
03/02/2017,1,602
03/02/2017,4,595
03/02/2017,7,586
03/02/2017,10,578
03/02/2017,13,573
03/02/2017,16,569
03/02/2017,19,566
03/02/2017,22,561
03/03/2017,1,558
03/03/2017,4,552
03/03/2017,7,545
03/03/2017,10,541
03/03/2017,13,536
03/03/2017,16,532
03/03/2017,19,541
03/03/2017,22,546
03/04/2017,1,543
03/04/2017,4,542
03/04/2017,7,541
03/04/2017,10,529
03/04/2017,13,523
03/04/2017,16,531
03/04/2017,19,536
03/04/2017,22,549
03/05/2017,1,558
03/05/2017,4,548
03/05/2017,7,542
03/05/2017,10,526
03/05/2017,13,519
03/05/2017,16,521
03/05/2017,19,523
03/05/2017,22,530
03/06/2017,1,539
03/06/2017,4,524
03/06/2017,7,511
03/06/2017,10,501
03/06/2017,13,505
03/06/2017,16,521
03/06/2017,19,534
03/06/2017,22,539
03/07/2017,1,542
03/07/2017,4,544
03/07/2017,7,546
03/07/2017,10,545
03/07/2017,13,544
03/07/2017,16,542.5
03/07/2017,19,541
03/07/2017,22,543
03/08/2017,1,545
03/08/2017,4,548
03/08/2017,7,555
03/08/2017,10,551
03/08/2017,13,544
03/08/2017,16,550
03/08/2017,19,559
03/08/2017,22,567
03/09/2017,1,573
03/09/2017,4,569
03/09/2017,7,561
03/09/2017,10,559
03/09/2017,13,559
03/09/2017,16,559
03/09/2017,19,559
03/09/2017,22,557
03/10/2017,1,554
03/10/2017,4,553
03/10/2017,7,552
03/10/2017,10,558
03/10/2017,13,564
03/10/2017,16,571
03/10/2017,19,578
03/10/2017,22,577
03/11/2017,1,576
03/11/2017,4,574.5
03/11/2017,7,573
03/11/2017,10,575.5
03/11/2017,13,578
03/11/2017,16,581
03/11/2017,19,584
03/11/2017,22,580.5
03/12/2017,1,577
03/12/2017,4,573
03/12/2017,7,569
03/12/2017,10,565.5
03/12/2017,13,562
03/12/2017,16,558.5
03/12/2017,19,555
03/12/2017,22,555
03/13/2017,1,555
03/13/2017,4,554.5
03/13/2017,7,554
03/13/2017,10,557
03/13/2017,13,560
03/13/2017,16,566.5
03/13/2017,19,573
03/13/2017,22,580
03/14/2017,1,587
03/14/2017,4,589
03/14/2017,7,571
03/14/2017,10,565
03/14/2017,13,560
03/14/2017,16,557
03/14/2017,19,553
03/14/2017,22,551
03/15/2017,1,549
03/15/2017,4,547
03/15/2017,7,546
03/15/2017,10,544
03/15/2017,13,542
03/15/2017,16,541
03/15/2017,19,539
03/15/2017,22,538
03/16/2017,1,543
03/16/2017,4,546
03/16/2017,7,548
03/16/2017,10,548
03/16/2017,13,550
03/16/2017,16,553
03/16/2017,19,555
03/16/2017,22,551
03/17/2017,1,549
03/17/2017,4,547.5
03/17/2017,7,546
03/17/2017,10,542.5
03/17/2017,13,539
03/17/2017,16,540
03/17/2017,19,541
03/17/2017,22,546.5
03/18/2017,1,552
03/18/2017,4,545
03/18/2017,7,540
03/18/2017,10,533
03/18/2017,13,538
03/18/2017,16,545
03/18/2017,19,553
03/18/2017,22,556
03/19/2017,1,550
03/19/2017,4,542
03/19/2017,7,535
03/19/2017,10,532
03/19/2017,13,528
03/19/2017,16,531
03/19/2017,19,535
03/19/2017,22,540
03/20/2017,1,538
03/20/2017,4,536
03/20/2017,7,532
03/20/2017,10,530
03/20/2017,13,542
03/20/2017,16,563
03/20/2017,19,587
03/20/2017,22,595
03/21/2017,1,598
03/21/2017,4,592
03/21/2017,7,581
03/21/2017,10,572
03/21/2017,13,567
03/21/2017,16,574
03/21/2017,19,578
03/21/2017,22,576
03/22/2017,1,572
03/22/2017,4,569
03/22/2017,7,564
03/22/2017,10,556
03/22/2017,13,561
03/22/2017,16,570
03/22/2017,19,580
03/22/2017,22,581
03/23/2017,1,583
03/23/2017,4,584
03/23/2017,7,585
03/23/2017,10,594
03/23/2017,13,605
03/23/2017,16,619
03/23/2017,19,629
03/23/2017,22,630
03/24/2017,1,631
03/24/2017,4,618
03/24/2017,7,608
03/24/2017,10,604
03/24/2017,13,602
03/24/2017,16,605
03/24/2017,19,610
03/24/2017,22,613
03/25/2017,1,609
03/25/2017,4,601
03/25/2017,7,594
03/25/2017,10,590
03/25/2017,13,587
03/25/2017,16,585
03/25/2017,19,582
03/25/2017,22,580
03/26/2017,1,577
03/26/2017,4,574
03/26/2017,7,571
03/26/2017,10,567
03/26/2017,13,565
03/26/2017,16,563
03/26/2017,19,562
03/26/2017,22,560
03/27/2017,1,559
03/27/2017,4,558
03/27/2017,7,558
03/27/2017,10,551
03/27/2017,13,547
03/27/2017,16,556
03/27/2017,19,568
03/27/2017,22,573
03/28/2017,1,576
03/28/2017,4,567
03/28/2017,7,554
03/28/2017,10,551
03/28/2017,13,553
03/28/2017,16,556
03/28/2017,19,559
03/28/2017,22,561
03/29/2017,1,564
03/29/2017,4,566
03/29/2017,7,568
03/29/2017,10,561
03/29/2017,13,552
03/29/2017,16,570
03/29/2017,19,578
03/29/2017,22,588
03/30/2017,1,582
03/30/2017,4,577
03/30/2017,7,575
03/30/2017,10,572
03/30/2017,13,576
03/30/2017,16,582
03/30/2017,19,587
03/30/2017,22,590
03/31/2017,1,588
03/31/2017,4,584
03/31/2017,7,580
03/31/2017,10,578
03/31/2017,13,581
03/31/2017,16,583
03/31/2017,19,586
03/31/2017,22,589
04/01/2017,1,594
04/01/2017,4,590
04/01/2017,7,587
04/01/2017,10,593
04/01/2017,13,601
04/01/2017,16,610
04/01/2017,19,621
04/01/2017,22,626
04/02/2017,1,622
04/02/2017,4,617
04/02/2017,7,612
04/02/2017,10,609
04/02/2017,13,612
04/02/2017,16,613
04/02/2017,19,610
04/02/2017,22,607
04/03/2017,1,604
04/03/2017,4,599
04/03/2017,7,595
04/03/2017,10,588
04/03/2017,13,583
04/03/2017,16,581
04/03/2017,19,586
04/03/2017,22,592
04/04/2017,1,589
04/04/2017,4,585
04/04/2017,7,580
04/04/2017,10,577
04/04/2017,13,575
04/04/2017,16,578
04/04/2017,19,583
04/04/2017,22,586
04/05/2017,1,582
04/05/2017,4,579
04/05/2017,7,576
04/05/2017,10,574.5
04/05/2017,13,573
04/05/2017,16,575.5
04/05/2017,19,578
04/05/2017,22,583
04/06/2017,1,588
04/06/2017,4,578
04/06/2017,7,573
04/06/2017,10,570
04/06/2017,13,568
04/06/2017,16,572
04/06/2017,19,575
04/06/2017,22,577
04/07/2017,1,574
04/07/2017,4,566
04/07/2017,7,560
04/07/2017,10,569
04/07/2017,13,575
04/07/2017,16,586
04/07/2017,19,599
04/07/2017,22,614
04/08/2017,1,624
04/08/2017,4,626
04/08/2017,7,631
04/08/2017,10,615
04/08/2017,13,629
04/08/2017,16,645
04/08/2017,19,657
04/08/2017,22,660
04/09/2017,1,652
04/09/2017,4,636
04/09/2017,7,623
04/09/2017,10,618
04/09/2017,13,632
04/09/2017,16,643
04/09/2017,19,652
04/09/2017,22,659
04/10/2017,1,663
04/10/2017,4,656
04/10/2017,7,645
04/10/2017,10,629
04/10/2017,13,621
04/10/2017,16,625
04/10/2017,19,631
04/10/2017,22,639
04/11/2017,1,636
04/11/2017,4,629
04/11/2017,7,612
04/11/2017,10,608
04/11/2017,13,620
04/11/2017,16,635
04/11/2017,19,646
04/11/2017,22,650
04/12/2017,1,652
04/12/2017,4,648
04/12/2017,7,639
04/12/2017,10,647
04/12/2017,13,653
04/12/2017,16,657
04/12/2017,19,660
04/12/2017,22,655
04/13/2017,1,640
04/13/2017,4,630
04/13/2017,7,622
04/13/2017,10,629
04/13/2017,13,637
04/13/2017,16,643
04/13/2017,19,648
04/13/2017,22,650
04/14/2017,1,647
04/14/2017,4,641
04/14/2017,7,637
04/14/2017,10,645
04/14/2017,13,666
04/14/2017,16,681
04/14/2017,19,692
04/14/2017,22,690
04/15/2017,1,686
04/15/2017,4,677
04/15/2017,7,671
04/15/2017,10,667
04/15/2017,13,664
04/15/2017,16,662
04/15/2017,19,660
04/15/2017,22,651
04/16/2017,1,637
04/16/2017,4,626
04/16/2017,7,620
04/16/2017,10,617
04/16/2017,13,623
04/16/2017,16,633
04/16/2017,19,649
04/16/2017,22,645
04/17/2017,1,625
04/17/2017,4,609
04/17/2017,7,595
04/17/2017,10,583
04/17/2017,13,578
04/17/2017,16,589
04/17/2017,19,604
04/17/2017,22,621
04/18/2017,1,641
04/18/2017,4,663.3333333
04/18/2017,7,705.6666667
04/18/2017,10,745.3333333
04/18/2017,13,761
04/18/2017,16,772
04/18/2017,19,774
04/18/2017,22,760
04/19/2017,1,745
04/19/2017,4,739.5
04/19/2017,7,736
04/19/2017,10,731
04/19/2017,13,729
04/19/2017,16,724.5
04/19/2017,19,721
04/19/2017,22,716.5
04/20/2017,1,712
04/20/2017,4,710
04/20/2017,7,708
04/20/2017,10,703
04/20/2017,13,707
04/20/2017,16,713
04/20/2017,19,720
04/20/2017,22,722
04/21/2017,1,719
04/21/2017,4,717
04/21/2017,7,715
04/21/2017,10,730
04/21/2017,13,741
04/21/2017,16,740
04/21/2017,19,738
04/21/2017,22,729
04/22/2017,1,722
04/22/2017,4,715
04/22/2017,7,710
04/22/2017,10,714
04/22/2017,13,718
04/22/2017,16,715
04/22/2017,19,711
04/22/2017,22,702
04/23/2017,1,691
04/23/2017,4,679
04/23/2017,7,673
04/23/2017,10,670
04/23/2017,13,674
04/23/2017,16,679
04/23/2017,19,673
04/23/2017,22,662
04/24/2017,1,652
04/24/2017,4,643
04/24/2017,7,635
04/24/2017,10,633
04/24/2017,13,644
04/24/2017,16,657
04/24/2017,19,665
04/24/2017,22,668
04/25/2017,1,664
04/25/2017,4,658
04/25/2017,7,651
04/25/2017,10,659
04/25/2017,13,671
04/25/2017,16,682
04/25/2017,19,697
04/25/2017,22,705
04/26/2017,1,701
04/26/2017,4,693
04/26/2017,7,687
04/26/2017,10,694
04/26/2017,13,703
04/26/2017,16,709
04/26/2017,19,716
04/26/2017,22,719
04/27/2017,1,713
04/27/2017,4,710
04/27/2017,7,702
04/27/2017,10,718
04/27/2017,13,729
04/27/2017,16,734
04/27/2017,19,736
04/27/2017,22,730
04/28/2017,1,722
04/28/2017,4,716
04/28/2017,7,713
04/28/2017,10,722
04/28/2017,13,736
04/28/2017,16,747
04/28/2017,19,755
04/28/2017,22,752
04/29/2017,1,744
04/29/2017,4,739
04/29/2017,7,735
04/29/2017,10,734
04/29/2017,13,733
04/29/2017,16,732
04/29/2017,19,732
04/29/2017,22,729
04/30/2017,1,725
04/30/2017,4,720
04/30/2017,7,715
04/30/2017,10,705
04/30/2017,13,693
04/30/2017,16,683
04/30/2017,19,674
04/30/2017,22,665
05/01/2017,1,655
05/01/2017,4,648
05/01/2017,7,643
05/01/2017,10,642
05/01/2017,13,642
05/01/2017,16,645
05/01/2017,19,648
05/01/2017,22,644
05/02/2017,1,638
05/02/2017,4,630
05/02/2017,7,625
05/02/2017,10,617
05/02/2017,13,605
05/02/2017,16,603
05/02/2017,19,601
05/02/2017,22,609
05/03/2017,1,615
05/03/2017,4,624
05/03/2017,7,636
05/03/2017,10,655
05/03/2017,13,675
05/03/2017,16,700
05/03/2017,19,726
05/03/2017,22,730
05/04/2017,1,733
05/04/2017,4,736
05/04/2017,7,740
05/04/2017,10,747
05/04/2017,13,752
05/04/2017,16,761
05/04/2017,19,747
05/04/2017,22,734
05/05/2017,1,728
05/05/2017,4,732
05/05/2017,7,732
05/05/2017,10,736
05/05/2017,13,743
05/05/2017,16,741
05/05/2017,19,738
05/05/2017,22,727
05/06/2017,1,722
05/06/2017,4,715
05/06/2017,7,704
05/06/2017,10,709
05/06/2017,13,717
05/06/2017,16,731
05/06/2017,19,725
05/06/2017,22,713
05/07/2017,1,703
05/07/2017,4,684
05/07/2017,7,667
05/07/2017,10,662
05/07/2017,13,657
05/07/2017,16,665
05/07/2017,19,676
05/07/2017,22,672
05/08/2017,1,666
05/08/2017,4,661
05/08/2017,7,654
05/08/2017,10,649
05/08/2017,13,645
05/08/2017,16,656
05/08/2017,19,662
05/08/2017,22,662
05/09/2017,1,660
05/09/2017,4,658
05/09/2017,7,656
05/09/2017,10,666
05/09/2017,13,684
05/09/2017,16,695
05/09/2017,19,699
05/09/2017,22,696
05/10/2017,1,690
05/10/2017,4,685
05/10/2017,7,679
05/10/2017,10,690
05/10/2017,13,708
05/10/2017,16,717
05/10/2017,19,722
05/10/2017,22,718
05/11/2017,1,711
05/11/2017,4,701
05/11/2017,7,694
05/11/2017,10,703
05/11/2017,13,714
05/11/2017,16,723
05/11/2017,19,732
05/11/2017,22,728
05/12/2017,1,720
05/12/2017,4,713
05/12/2017,7,707
05/12/2017,10,712
05/12/2017,13,721
05/12/2017,16,725
05/12/2017,19,727
05/12/2017,22,718
05/13/2017,1,705
05/13/2017,4,700
05/13/2017,7,696
05/13/2017,10,701
05/13/2017,13,709
05/13/2017,16,712
05/13/2017,19,715
05/13/2017,22,704
05/14/2017,1,695
05/14/2017,4,688
05/14/2017,7,682
05/14/2017,10,686
05/14/2017,13,692
05/14/2017,16,696
05/14/2017,19,698
05/14/2017,22,693
05/15/2017,1,684
05/15/2017,4,669
05/15/2017,7,656
05/15/2017,10,653
05/15/2017,13,650
05/15/2017,16,658
05/15/2017,19,672
05/15/2017,22,689
05/16/2017,1,708
05/16/2017,4,730
05/16/2017,7,747
05/16/2017,10,765
05/16/2017,13,765
05/16/2017,16,755.5
05/16/2017,19,747
05/16/2017,22,729
05/17/2017,1,714
05/17/2017,4,707
05/17/2017,7,700
05/17/2017,10,702
05/17/2017,13,706
05/17/2017,16,708
05/17/2017,19,708
05/17/2017,22,703
05/18/2017,1,694
05/18/2017,4,683
05/18/2017,7,674
05/18/2017,10,674
05/18/2017,13,674
05/18/2017,16,674
05/18/2017,19,674
05/18/2017,22,671
05/19/2017,1,664
05/19/2017,4,662
05/19/2017,7,662
05/19/2017,10,670
05/19/2017,13,682
05/19/2017,16,690
05/19/2017,19,684
05/19/2017,22,680
05/20/2017,1,675
05/20/2017,4,675
05/20/2017,7,675
05/20/2017,10,680
05/20/2017,13,687
05/20/2017,16,691
05/20/2017,19,694
05/20/2017,22,692
05/21/2017,1,688
05/21/2017,4,692
05/21/2017,7,698
05/21/2017,10,705
05/21/2017,13,709
05/21/2017,16,713
05/21/2017,19,718
05/21/2017,22,711
05/22/2017,1,703
05/22/2017,4,695
05/22/2017,7,688
05/22/2017,10,688
05/22/2017,13,688
05/22/2017,16,691
05/22/2017,19,696
05/22/2017,22,698
05/23/2017,1,702
05/23/2017,4,710
05/23/2017,7,717
05/23/2017,10,723
05/23/2017,13,726
05/23/2017,16,736
05/23/2017,19,746
05/23/2017,22,752
05/24/2017,1,750
05/24/2017,4,761
05/24/2017,7,782
05/24/2017,10,793.5
05/24/2017,13,805
05/24/2017,16,802
05/24/2017,19,799
05/24/2017,22,799
05/25/2017,1,799
05/25/2017,4,795
05/25/2017,7,790
05/25/2017,10,788
05/25/2017,13,786
05/25/2017,16,782
05/25/2017,19,777
05/25/2017,22,768
05/26/2017,1,759
05/26/2017,4,748
05/26/2017,7,742
05/26/2017,10,737
05/26/2017,13,733
05/26/2017,16,730
05/26/2017,19,730
05/26/2017,22,730
05/27/2017,1,730
05/27/2017,4,730
05/27/2017,7,730
05/27/2017,10,734
05/27/2017,13,742
05/27/2017,16,742
05/27/2017,19,742
05/27/2017,22,742
05/28/2017,1,742
05/28/2017,4,738
05/28/2017,7,730
05/28/2017,10,732
05/28/2017,13,736
05/28/2017,16,742
05/28/2017,19,742
05/28/2017,22,737
05/29/2017,1,734
05/29/2017,4,727
05/29/2017,7,719
05/29/2017,10,721
05/29/2017,13,724
05/29/2017,16,728
05/29/2017,19,732
05/29/2017,22,734
05/30/2017,1,735
05/30/2017,4,741
05/30/2017,7,750
05/30/2017,10,763
05/30/2017,13,779
05/30/2017,16,784
05/30/2017,19,788
05/30/2017,22,783
05/31/2017,1,775
05/31/2017,4,779
05/31/2017,7,785
05/31/2017,10,798
05/31/2017,13,804
05/31/2017,16,804
05/31/2017,19,798
05/31/2017,22,787
06/01/2017,1,780
06/01/2017,4,780
06/01/2017,7,780
06/01/2017,10,784
06/01/2017,13,792
06/01/2017,16,798
06/01/2017,19,803
06/01/2017,22,797
06/02/2017,1,790
06/02/2017,4,790
06/02/2017,7,790
06/02/2017,10,788
06/02/2017,13,784
06/02/2017,16,792
06/02/2017,19,796
06/02/2017,22,781
06/03/2017,1,771
06/03/2017,4,774
06/03/2017,7,781
06/03/2017,10,779
06/03/2017,13,776
06/03/2017,16,783
06/03/2017,19,792
06/03/2017,22,794
06/04/2017,1,794
06/04/2017,4,798
06/04/2017,7,798
06/04/2017,10,795
06/04/2017,13,791
06/04/2017,16,777
06/04/2017,19,758
06/04/2017,22,745
06/05/2017,1,739
06/05/2017,4,734
06/05/2017,7,731
06/05/2017,10,725
06/05/2017,13,718
06/05/2017,16,736
06/05/2017,19,757
06/05/2017,22,761
06/06/2017,1,763
06/06/2017,4,759
06/06/2017,7,754
06/06/2017,10,748
06/06/2017,13,741
06/06/2017,16,747
06/06/2017,19,755
06/06/2017,22,750
06/07/2017,1,743
06/07/2017,4,736
06/07/2017,7,727
06/07/2017,10,732
06/07/2017,13,741
06/07/2017,16,744
06/07/2017,19,744
06/07/2017,22,742
06/08/2017,1,740
06/08/2017,4,734
06/08/2017,7,729
06/08/2017,10,727
06/08/2017,13,725
06/08/2017,16,730
06/08/2017,19,738
06/08/2017,22,747
06/09/2017,1,753
06/09/2017,4,746
06/09/2017,7,733
06/09/2017,10,718
06/09/2017,13,710
06/09/2017,16,715
06/09/2017,19,724
06/09/2017,22,729
06/10/2017,1,733
06/10/2017,4,727
06/10/2017,7,716
06/10/2017,10,702
06/10/2017,13,690
06/10/2017,16,686
06/10/2017,19,684
06/10/2017,22,683
06/11/2017,1,683
06/11/2017,4,685
06/11/2017,7,688
06/11/2017,10,690
06/11/2017,13,690
06/11/2017,16,690
06/11/2017,19,690
06/11/2017,22,686
06/12/2017,1,681
06/12/2017,4,680
06/12/2017,7,679
06/12/2017,10,679
06/12/2017,13,679
06/12/2017,16,684
06/12/2017,19,692
06/12/2017,22,700
06/13/2017,1,705
06/13/2017,4,711
06/13/2017,7,718
06/13/2017,10,723
06/13/2017,13,731
06/13/2017,16,739
06/13/2017,19,747
06/13/2017,22,749
06/14/2017,1,751
06/14/2017,4,751
06/14/2017,7,751
06/14/2017,10,749
06/14/2017,13,745
06/14/2017,16,756
06/14/2017,19,776
06/14/2017,22,792
06/15/2017,1,807
06/15/2017,4,809
06/15/2017,7,811
06/15/2017,10,815
06/15/2017,13,818
06/15/2017,16,832
06/15/2017,19,847
06/15/2017,22,850
06/16/2017,1,854
06/16/2017,4,861
06/16/2017,7,869
06/16/2017,10,865
06/16/2017,13,859
06/16/2017,16,857
06/16/2017,19,855
06/16/2017,22,875
06/17/2017,1,900
06/17/2017,4,907
06/17/2017,7,910
06/17/2017,10,898
06/17/2017,13,881
06/17/2017,16,873
06/17/2017,19,867
06/17/2017,22,848
06/18/2017,1,838
06/18/2017,4,835
06/18/2017,7,843
06/18/2017,10,847
06/18/2017,13,856
06/18/2017,16,863
06/18/2017,19,875
06/18/2017,22,875
06/19/2017,1,875
06/19/2017,4,862.5
06/19/2017,7,842
06/19/2017,10,830
06/19/2017,13,822
06/19/2017,16,821
06/19/2017,19,824
06/19/2017,22,828.5
06/20/2017,1,834
06/20/2017,4,836
06/20/2017,7,838
06/20/2017,10,847
06/20/2017,13,855
06/20/2017,16,878
06/20/2017,19,894
06/20/2017,22,906
06/21/2017,1,915
06/21/2017,4,912
06/21/2017,7,907
06/21/2017,10,895
06/21/2017,13,905
06/21/2017,16,917
06/21/2017,19,932
06/21/2017,22,938
06/22/2017,1,941
06/22/2017,4,934
06/22/2017,7,922
06/22/2017,10,914
06/22/2017,13,911
06/22/2017,16,927
06/22/2017,19,935
06/22/2017,22,957
06/23/2017,1,975
06/23/2017,4,980
06/23/2017,7,983
06/23/2017,10,978
06/23/2017,13,972
06/23/2017,16,970
06/23/2017,19,968
06/23/2017,22,968
06/24/2017,1,968
06/24/2017,4,964
06/24/2017,7,959
06/24/2017,10,951
06/24/2017,13,941
06/24/2017,16,929
06/24/2017,19,922
06/24/2017,22,924
06/25/2017,1,928
06/25/2017,4,933
06/25/2017,7,940
06/25/2017,10,936
06/25/2017,13,931
06/25/2017,16,934
06/25/2017,19,939
06/25/2017,22,960
06/26/2017,1,974
06/26/2017,4,976
06/26/2017,7,979
06/26/2017,10,971
06/26/2017,13,956
06/26/2017,16,954
06/26/2017,19,954
06/26/2017,22,975
06/27/2017,1,1007
06/27/2017,4,1031.666667
06/27/2017,7,1075.666667
06/27/2017,10,1101
06/27/2017,13,1112.666667
06/27/2017,16,1122.666667
06/27/2017,19,1137.333333
06/27/2017,22,1140.75
06/28/2017,1,1131
06/28/2017,4,1131
06/28/2017,7,1135
06/28/2017,10,1129.666667
06/28/2017,13,1134.333333
06/28/2017,16,1147.333333
06/28/2017,19,1156
06/28/2017,22,1158
06/29/2017,1,1154
06/29/2017,4,1149.5
06/29/2017,7,1149
06/29/2017,10,1141
06/29/2017,13,1135
06/29/2017,16,1156
06/29/2017,19,1185
06/29/2017,22,1203.5
06/30/2017,1,1213
06/30/2017,4,1219
06/30/2017,7,1225
06/30/2017,10,1231.5
06/30/2017,13,1240
06/30/2017,16,1232.5
06/30/2017,19,1226
06/30/2017,22,1200
07/01/2017,1,1170
07/01/2017,4,1151
07/01/2017,7,1137
07/01/2017,10,1125
07/01/2017,13,1120
07/01/2017,16,1117
07/01/2017,19,1116
07/01/2017,22,1116
07/02/2017,1,1116
07/02/2017,4,1098.5
07/02/2017,7,1078
07/02/2017,10,1057.5
07/02/2017,13,1045
07/02/2017,16,1028.5
07/02/2017,19,1020
07/02/2017,22,1008.5
07/03/2017,1,998
07/03/2017,4,994
07/03/2017,7,991
07/03/2017,10,980
07/03/2017,13,977
07/03/2017,16,993
07/03/2017,19,1015
07/03/2017,22,1018
07/04/2017,1,1022
07/04/2017,4,1025
07/04/2017,7,1028
07/04/2017,10,1038
07/04/2017,13,1058
07/04/2017,16,1090.5
07/04/2017,19,1128
07/04/2017,22,1168.5
07/05/2017,1,1183
07/05/2017,4,1209.5
07/05/2017,7,1226
07/05/2017,10,1242
07/05/2017,13,1268
07/05/2017,16,1292
07/05/2017,19,1307
07/05/2017,22,1313.5
07/06/2017,1,1318
07/06/2017,4,1313.5
07/06/2017,7,1305
07/06/2017,10,1299.5
07/06/2017,13,1296
07/06/2017,16,1301.5
07/06/2017,19,1305
07/06/2017,22,1304
07/07/2017,1,1301
07/07/2017,4,1289.5
07/07/2017,7,1276
07/07/2017,10,1266.5
07/07/2017,13,1255
07/07/2017,16,1259
07/07/2017,19,1256
07/07/2017,22,1264.5
07/08/2017,1,1273
07/08/2017,4,1280
07/08/2017,7,1286
07/08/2017,10,1290
07/08/2017,13,1293
07/08/2017,16,1295.5
07/08/2017,19,1296
07/08/2017,22,1300.5
07/09/2017,1,1307
07/09/2017,4,1307.5
07/09/2017,7,1300
07/09/2017,10,1289.5
07/09/2017,13,1278
07/09/2017,16,1264
07/09/2017,19,1256
07/09/2017,22,1251.5
07/10/2017,1,1250
07/10/2017,4,1249.5
07/10/2017,7,1248
07/10/2017,10,1245
07/10/2017,13,1242
07/10/2017,16,1242.5
07/10/2017,19,1245
07/10/2017,22,1247
07/11/2017,1,1243
07/11/2017,4,1232
07/11/2017,7,1218
07/11/2017,10,1202.5
07/11/2017,13,1190
07/11/2017,16,1188.5
07/11/2017,19,1195
07/11/2017,22,1199
07/12/2017,1,1204
07/12/2017,4,1210.5
07/12/2017,7,1217
07/12/2017,10,1230
07/12/2017,13,1241
07/12/2017,16,1262.5
07/12/2017,19,1271
07/12/2017,22,1287.5
07/13/2017,1,1304
07/13/2017,4,1301
07/13/2017,7,1298
07/13/2017,10,1299
07/13/2017,13,1303
07/13/2017,16,1311
07/13/2017,19,1318
07/13/2017,22,1320
07/14/2017,1,1320
07/14/2017,4,1308.5
07/14/2017,7,1292
07/14/2017,10,1278
07/14/2017,13,1266
07/14/2017,16,1269
07/14/2017,19,1272
07/14/2017,22,1279.5
07/15/2017,1,1286
07/15/2017,4,1274
07/15/2017,7,1260
07/15/2017,10,1248.5
07/15/2017,13,1237
07/15/2017,16,1240
07/15/2017,19,1243
07/15/2017,22,1245.5
07/16/2017,1,1246
07/16/2017,4,1240.5
07/16/2017,7,1232
07/16/2017,10,1218.5
07/16/2017,13,1204
07/16/2017,16,1186.5
07/16/2017,19,1180
07/16/2017,22,1174
07/17/2017,1,1172
07/17/2017,4,1170.5
07/17/2017,7,1168
07/17/2017,10,1157
07/17/2017,13,1152
07/17/2017,16,1162
07/17/2017,19,1169
07/17/2017,22,1182.5
07/18/2017,1,1197
07/18/2017,4,1205.5
07/18/2017,7,1212
07/18/2017,10,1220.5
07/18/2017,13,1231
07/18/2017,16,1239.5
07/18/2017,19,1246
07/18/2017,22,1250.5
07/19/2017,1,1254
07/19/2017,4,1244
07/19/2017,7,1232
07/19/2017,10,1219.5
07/19/2017,13,1207
07/19/2017,16,1204
07/19/2017,19,1202
07/19/2017,22,1208.5
07/20/2017,1,1217
07/20/2017,4,1218
07/20/2017,7,1211
07/20/2017,10,1203.5
07/20/2017,13,1197
07/20/2017,16,1202
07/20/2017,19,1207
07/20/2017,22,1213.5
07/21/2017,1,1220
07/21/2017,4,1227.5
07/21/2017,7,1235
07/21/2017,10,1249.5
07/21/2017,13,1266
07/21/2017,16,1275
07/21/2017,19,1284
07/21/2017,22,1299.5
07/22/2017,1,1315
07/22/2017,4,1319.5
07/22/2017,7,1323
07/22/2017,10,1326
07/22/2017,13,1328
07/22/2017,16,1330
07/22/2017,19,1330
07/22/2017,22,1330
07/23/2017,1,1330
07/23/2017,4,1336.5
07/23/2017,7,1345
07/23/2017,10,1342
07/23/2017,13,1341
07/23/2017,16,1340
07/23/2017,19,1337
07/23/2017,22,1338
07/24/2017,1,1346
07/24/2017,4,1345.5
07/24/2017,7,1335
07/24/2017,10,1328
07/24/2017,13,1325
07/24/2017,16,1324
07/24/2017,19,1321
07/24/2017,22,1319
07/25/2017,1,1319
07/25/2017,4,1308.5
07/25/2017,7,1295
07/25/2017,10,1283.5
07/25/2017,13,1284
07/25/2017,16,1288
07/25/2017,19,1292
07/25/2017,22,1295
07/26/2017,1,1295
07/26/2017,4,1279.5
07/26/2017,7,1267
07/26/2017,10,1261
07/26/2017,13,1256
07/26/2017,16,1253
07/26/2017,19,1252
07/26/2017,22,1249
07/27/2017,1,1245
07/27/2017,4,1227
07/27/2017,7,1207
07/27/2017,10,1195.5
07/27/2017,13,1184
07/27/2017,16,1181
07/27/2017,19,1180
07/27/2017,22,1176.5
07/28/2017,1,1173
07/28/2017,4,1164
07/28/2017,7,1154
07/28/2017,10,1137
07/28/2017,13,1123
07/28/2017,16,1116.5
07/28/2017,19,1110
07/28/2017,22,1107
07/29/2017,1,1104
07/29/2017,4,1082.5
07/29/2017,7,1055
07/29/2017,10,1019.5
07/29/2017,13,1001
07/29/2017,16,996
07/29/2017,19,991
07/29/2017,22,985.5
07/30/2017,1,981
07/30/2017,4,981
07/30/2017,7,980
07/30/2017,10,974
07/30/2017,13,963
07/30/2017,16,954
07/30/2017,19,947
07/30/2017,22,943
07/31/2017,1,940
07/31/2017,4,944
07/31/2017,7,951
07/31/2017,10,960
07/31/2017,13,966
07/31/2017,16,963
07/31/2017,19,963
07/31/2017,22,965
08/01/2017,1,968
08/01/2017,4,964
08/01/2017,7,961
08/01/2017,10,957
08/01/2017,13,952
08/01/2017,16,956
08/01/2017,19,960
08/01/2017,22,962
08/02/2017,1,965
08/02/2017,4,957
08/02/2017,7,951
08/02/2017,10,936
08/02/2017,13,925
08/02/2017,16,920
08/02/2017,19,918
08/02/2017,22,916
08/03/2017,1,913
08/03/2017,4,907
08/03/2017,7,899
08/03/2017,10,895
08/03/2017,13,892
08/03/2017,16,889
08/03/2017,19,887
08/03/2017,22,885
08/04/2017,1,882
08/04/2017,4,880
08/04/2017,7,878
08/04/2017,10,881
08/04/2017,13,886
08/04/2017,16,892
08/04/2017,19,900
08/04/2017,22,895
08/05/2017,1,887
08/05/2017,4,898.5
08/05/2017,7,920
08/05/2017,10,940.5
08/05/2017,13,956
08/05/2017,16,969
08/05/2017,19,978
08/05/2017,22,992.5
08/06/2017,1,1010
08/06/2017,4,1013
08/06/2017,7,1009
08/06/2017,10,1004.5
08/06/2017,13,998
08/06/2017,16,989.5
08/06/2017,19,978
08/06/2017,22,981
08/07/2017,1,985
08/07/2017,4,998.5
08/07/2017,7,1017
08/07/2017,10,1025.5
08/07/2017,13,1032
08/07/2017,16,1043.5
08/07/2017,19,1056
08/07/2017,22,1059
08/08/2017,1,1057
08/08/2017,4,1055
08/08/2017,7,1046
08/08/2017,10,1030
08/08/2017,13,1013
08/08/2017,16,1005
08/08/2017,19,997
08/08/2017,22,988.5
08/09/2017,1,981
08/09/2017,4,985
08/09/2017,7,990
08/09/2017,10,983
08/09/2017,13,967
08/09/2017,16,962
08/09/2017,19,960
08/09/2017,22,958
08/10/2017,1,958
08/10/2017,4,958
08/10/2017,7,958
08/10/2017,10,953
08/10/2017,13,944
08/10/2017,16,940
08/10/2017,19,943
08/10/2017,22,945
08/11/2017,1,946
08/11/2017,4,951
08/11/2017,7,959
08/11/2017,10,954
08/11/2017,13,942
08/11/2017,16,934
08/11/2017,19,928
08/11/2017,22,924
08/12/2017,1,921
08/12/2017,4,926
08/12/2017,7,934
08/12/2017,10,940
08/12/2017,13,943
08/12/2017,16,950
08/12/2017,19,962
08/12/2017,22,971
08/13/2017,1,978
08/13/2017,4,990
08/13/2017,7,1000
08/13/2017,10,999
08/13/2017,13,998
08/13/2017,16,991
08/13/2017,19,988
08/13/2017,22,985
08/14/2017,1,983
08/14/2017,4,984
08/14/2017,7,985
08/14/2017,10,988
08/14/2017,13,991
08/14/2017,16,993
08/14/2017,19,995
08/14/2017,22,997
08/15/2017,1,998
08/15/2017,4,1001
08/15/2017,7,1005
08/15/2017,10,1007
08/15/2017,13,1007
08/15/2017,16,1013
08/15/2017,19,1022
08/15/2017,22,1031
08/16/2017,1,1043
08/16/2017,4,1067
08/16/2017,7,1092
08/16/2017,10,1108.5
08/16/2017,13,1118
08/16/2017,16,1117
08/16/2017,19,1113
08/16/2017,22,1116
08/17/2017,1,1123
08/17/2017,4,1136
08/17/2017,7,1150
08/17/2017,10,1172
08/17/2017,13,1189
08/17/2017,16,1200.5
08/17/2017,19,1212
08/17/2017,22,1235
08/18/2017,1,1256
08/18/2017,4,1265
08/18/2017,7,1275
08/18/2017,10,1290.333333
08/18/2017,13,1318.666667
08/18/2017,16,1353.333333
08/18/2017,19,1375
08/18/2017,22,1402.25
08/19/2017,1,1424
08/19/2017,4,1430
08/19/2017,7,1436
08/19/2017,10,1439
08/19/2017,13,1442
08/19/2017,16,1443
08/19/2017,19,1441
08/19/2017,22,1436
08/20/2017,1,1428
08/20/2017,4,1415
08/20/2017,7,1401
08/20/2017,10,1384.5
08/20/2017,13,1369
08/20/2017,16,1353.5
08/20/2017,19,1338
08/20/2017,22,1320.5
08/21/2017,1,1303
08/21/2017,4,1288.5
08/21/2017,7,1279
08/21/2017,10,1261
08/21/2017,13,1243
08/21/2017,16,1242
08/21/2017,19,1242
08/21/2017,22,1229.5
08/22/2017,1,1214
08/22/2017,4,1204.5
08/22/2017,7,1198
08/22/2017,10,1173.5
08/22/2017,13,1154
08/22/2017,16,1135.5
08/22/2017,19,1126
08/22/2017,22,1119
08/23/2017,1,1112
08/23/2017,4,1100
08/23/2017,7,1084
08/23/2017,10,1062.5
08/23/2017,13,1054
08/23/2017,16,1054
08/23/2017,19,1054
08/23/2017,22,1058.5
08/24/2017,1,1063
08/24/2017,4,1074
08/24/2017,7,1085
08/24/2017,10,1095.5
08/24/2017,13,1102
08/24/2017,16,1111.5
08/24/2017,19,1117
08/24/2017,22,1124.5
08/25/2017,1,1133
08/25/2017,4,1144.666667
08/25/2017,7,1157
08/25/2017,10,1174.333333
08/25/2017,13,1197.666667
08/25/2017,16,1231.666667
08/25/2017,19,1271
08/25/2017,22,1321.75
08/26/2017,1,1367
08/26/2017,4,1391
08/26/2017,7,1417
08/26/2017,10,1435.666667
08/26/2017,13,1450.333333
08/26/2017,16,1473.333333
08/26/2017,19,1496.333333
08/26/2017,22,1532.5
08/27/2017,1,1564
08/27/2017,4,1575.666667
08/27/2017,7,1589
08/27/2017,10,1599.666667
08/27/2017,13,1605.666667
08/27/2017,16,1599.333333
08/27/2017,19,1591.333333
08/27/2017,22,1583.25
08/28/2017,1,1574
08/28/2017,4,1567
08/28/2017,7,1559
08/28/2017,10,1548
08/28/2017,13,1530
08/28/2017,16,1503.5
08/28/2017,19,1489
08/28/2017,22,1477.5
08/29/2017,1,1468
08/29/2017,4,1455
08/29/2017,7,1442
08/29/2017,10,1442
08/29/2017,13,1442
08/29/2017,16,1445
08/29/2017,19,1449
08/29/2017,22,1460.5
08/30/2017,1,1478
08/30/2017,4,1477
08/30/2017,7,1459
08/30/2017,10,1441
08/30/2017,13,1434
08/30/2017,16,1428
08/30/2017,19,1421
08/30/2017,22,1415
08/31/2017,1,1410
08/31/2017,4,1407
08/31/2017,7,1404
08/31/2017,10,1397.5
08/31/2017,13,1391
08/31/2017,16,1376
08/31/2017,19,1365
08/31/2017,22,1352.5
09/01/2017,1,1341
09/01/2017,4,1328
09/01/2017,7,1317
09/01/2017,10,1311
09/01/2017,13,1311
09/01/2017,16,1305
09/01/2017,19,1300
09/01/2017,22,1291
09/02/2017,1,1281
09/02/2017,4,1268
09/02/2017,7,1254
09/02/2017,10,1243.5
09/02/2017,13,1232
09/02/2017,16,1218.5
09/02/2017,19,1205
09/02/2017,22,1188
09/03/2017,1,1173
09/03/2017,4,1162.5
09/03/2017,7,1154
09/03/2017,10,1160.5
09/03/2017,13,1172
09/03/2017,16,1177.5
09/03/2017,19,1181
09/03/2017,22,1186
09/04/2017,1,1192
09/04/2017,4,1194.5
09/04/2017,7,1196
09/04/2017,10,1193
09/04/2017,13,1190
09/04/2017,16,1187
09/04/2017,19,1186
09/04/2017,22,1194
09/05/2017,1,1202
09/05/2017,4,1211
09/05/2017,7,1219
09/05/2017,10,1226
09/05/2017,13,1232
09/05/2017,16,1239
09/05/2017,19,1245
09/05/2017,22,1240
09/06/2017,1,1228
09/06/2017,4,1222
09/06/2017,7,1216
09/06/2017,10,1210
09/06/2017,13,1205
09/06/2017,16,1197
09/06/2017,19,1189
09/06/2017,22,1189
09/07/2017,1,1187
09/07/2017,4,1185
09/07/2017,7,1184
09/07/2017,10,1190
09/07/2017,13,1193
09/07/2017,16,1204
09/07/2017,19,1223
09/07/2017,22,1248
09/08/2017,1,1272
09/08/2017,4,1276
09/08/2017,7,1278
09/08/2017,10,1284
09/08/2017,13,1280
09/08/2017,16,1269
09/08/2017,19,1256
09/08/2017,22,1264
09/09/2017,1,1274
09/09/2017,4,1285
09/09/2017,7,1293
09/09/2017,10,1300
09/09/2017,13,1302
09/09/2017,16,1302
09/09/2017,19,1302
09/09/2017,22,1302
09/10/2017,1,1300
09/10/2017,4,1308
09/10/2017,7,1320
09/10/2017,10,1330
09/10/2017,13,1337
09/10/2017,16,1343
09/10/2017,19,1348
09/10/2017,22,1352
09/11/2017,1,1357
09/11/2017,4,1364
09/11/2017,7,1372
09/11/2017,10,1377
09/11/2017,13,1380
09/11/2017,16,1388
09/11/2017,19,1398
09/11/2017,22,1409
09/12/2017,1,1415
09/12/2017,4,1418
09/12/2017,7,1414
09/12/2017,10,1408
09/12/2017,13,1406
09/12/2017,16,1406
09/12/2017,19,1406
09/12/2017,22,1410
09/13/2017,1,1413
09/13/2017,4,1405
09/13/2017,7,1398
09/13/2017,10,1381
09/13/2017,13,1376
09/13/2017,16,1364
09/13/2017,19,1354
09/13/2017,22,1352
09/14/2017,1,1349
09/14/2017,4,1348
09/14/2017,7,1348
09/14/2017,10,1346
09/14/2017,13,1343
09/14/2017,16,1335
09/14/2017,19,1329
09/14/2017,22,1326
09/15/2017,1,1322
09/15/2017,4,1314
09/15/2017,7,1307
09/15/2017,10,1293
09/15/2017,13,1276
09/15/2017,16,1255
09/15/2017,19,1243
09/15/2017,22,1234
09/16/2017,1,1228
09/16/2017,4,1224
09/16/2017,7,1220
09/16/2017,10,1217
09/16/2017,13,1215
09/16/2017,16,1211
09/16/2017,19,1206
09/16/2017,22,1210
09/17/2017,1,1214
09/17/2017,4,1216
09/17/2017,7,1218
09/17/2017,10,1216
09/17/2017,13,1213
09/17/2017,16,1211
09/17/2017,19,1209
09/17/2017,22,1206
09/18/2017,1,1202
09/18/2017,4,1192
09/18/2017,7,1178
09/18/2017,10,1170.5
09/18/2017,13,1163
09/18/2017,16,1143.5
09/18/2017,19,1119
09/18/2017,22,1098
09/19/2017,1,1081
09/19/2017,4,1068
09/19/2017,7,1057
09/19/2017,10,1045
09/19/2017,13,1030
09/19/2017,16,1018
09/19/2017,19,1010
09/19/2017,22,1008
09/20/2017,1,1007
09/20/2017,4,1007
09/20/2017,7,1007
09/20/2017,10,1006
09/20/2017,13,1006
09/20/2017,16,1013
09/20/2017,19,1030
09/20/2017,22,1048
09/21/2017,1,1064
09/21/2017,4,1079
09/21/2017,7,1090
09/21/2017,10,1101
09/21/2017,13,1107
09/21/2017,16,1094
09/21/2017,19,1077
09/21/2017,22,1071
09/22/2017,1,1068
09/22/2017,4,1066
09/22/2017,7,1064
09/22/2017,10,1060
09/22/2017,13,1055
09/22/2017,16,1047
09/22/2017,19,1037
09/22/2017,22,1029
09/23/2017,1,1025
09/23/2017,4,1032
09/23/2017,7,1041
09/23/2017,10,1048
09/23/2017,13,1053
09/23/2017,16,1049
09/23/2017,19,1042
09/23/2017,22,1040
09/24/2017,1,1038
09/24/2017,4,1030
09/24/2017,7,1021
09/24/2017,10,1017
09/24/2017,13,1015
09/24/2017,16,1015
09/24/2017,19,1015
09/24/2017,22,1013
09/25/2017,1,1010
09/25/2017,4,1007
09/25/2017,7,1005
09/25/2017,10,1003
09/25/2017,13,1000
09/25/2017,16,995
09/25/2017,19,988
09/25/2017,22,980
09/26/2017,1,972
09/26/2017,4,979
09/26/2017,7,989
09/26/2017,10,991
09/26/2017,13,991
09/26/2017,16,988
09/26/2017,19,984
09/26/2017,22,982
09/27/2017,1,985
09/27/2017,4,994
09/27/2017,7,1009
09/27/2017,10,1016
09/27/2017,13,1020
09/27/2017,16,1015
09/27/2017,19,1008
09/27/2017,22,1000
09/28/2017,1,994
09/28/2017,4,987
09/28/2017,7,975
09/28/2017,10,972
09/28/2017,13,970
09/28/2017,16,969
09/28/2017,19,969
09/28/2017,22,969
09/29/2017,1,967
09/29/2017,4,964
09/29/2017,7,962
09/29/2017,10,959
09/29/2017,13,957
09/29/2017,16,956
09/29/2017,19,956
09/29/2017,22,955
09/30/2017,1,952
09/30/2017,4,951
09/30/2017,7,950
09/30/2017,10,949
09/30/2017,13,948
09/30/2017,16,947
09/30/2017,19,946
09/30/2017,22,945
10/01/2017,1,944
10/01/2017,4,946
10/01/2017,7,949
10/01/2017,10,951
10/01/2017,13,948
10/01/2017,16,944
10/01/2017,19,942
10/01/2017,22,939
10/02/2017,1,934
10/02/2017,4,928
10/02/2017,7,920
10/02/2017,10,908
10/02/2017,13,899
10/02/2017,16,886
10/02/2017,19,876
10/02/2017,22,869
10/03/2017,1,869
10/03/2017,4,885
10/03/2017,7,906
10/03/2017,10,917
10/03/2017,13,938
10/03/2017,16,945
10/03/2017,19,941
10/03/2017,22,930
10/04/2017,1,920
10/04/2017,4,920
10/04/2017,7,920
10/04/2017,10,924
10/04/2017,13,929
10/04/2017,16,923
10/04/2017,19,916
10/04/2017,22,911
10/05/2017,1,907
10/05/2017,4,907
10/05/2017,7,907
10/05/2017,10,911
10/05/2017,13,918
10/05/2017,16,920
10/05/2017,19,916
10/05/2017,22,912
10/06/2017,1,907
10/06/2017,4,909
10/06/2017,7,913
10/06/2017,10,910
10/06/2017,13,908
10/06/2017,16,901
10/06/2017,19,895
10/06/2017,22,887
10/07/2017,1,880
10/07/2017,4,882
10/07/2017,7,884
10/07/2017,10,892
10/07/2017,13,900
10/07/2017,16,899
10/07/2017,19,896
10/07/2017,22,890
10/08/2017,1,885
10/08/2017,4,893
10/08/2017,7,903
10/08/2017,10,910
10/08/2017,13,916
10/08/2017,16,912
10/08/2017,19,906
10/08/2017,22,897
10/09/2017,1,889
10/09/2017,4,880
10/09/2017,7,872
10/09/2017,10,869
10/09/2017,13,867
10/09/2017,16,868
10/09/2017,19,870
10/09/2017,22,872
10/10/2017,1,872
10/10/2017,4,876
10/10/2017,7,884
10/10/2017,10,896.5
10/10/2017,13,909
10/10/2017,16,905
10/10/2017,19,900
10/10/2017,22,894.5
10/11/2017,1,888
10/11/2017,4,897.3333333
10/11/2017,7,925.3333333
10/11/2017,10,980.6666667
10/11/2017,13,1056
10/11/2017,16,1147
10/11/2017,19,1222.333333
10/11/2017,22,1280
10/12/2017,1,1320
10/12/2017,4,1340.666667
10/12/2017,7,1367.333333
10/12/2017,10,1387
10/12/2017,13,1391
10/12/2017,16,1397.666667
10/12/2017,19,1403
10/12/2017,22,1416.5
10/13/2017,1,1424
10/13/2017,4,1427
10/13/2017,7,1430
10/13/2017,10,1423.5
10/13/2017,13,1415
10/13/2017,16,1399
10/13/2017,19,1386
10/13/2017,22,1368
10/14/2017,1,1352
10/14/2017,4,1339
10/14/2017,7,1321
10/14/2017,10,1301.5
10/14/2017,13,1290
10/14/2017,16,1277
10/14/2017,19,1261
10/14/2017,22,1245.5
10/15/2017,1,1229
10/15/2017,4,1215
10/15/2017,7,1202
10/15/2017,10,1192.5
10/15/2017,13,1187
10/15/2017,16,1174
10/15/2017,19,1165
10/15/2017,22,1159.5
10/16/2017,1,1145
10/16/2017,4,1139.5
10/16/2017,7,1120
10/16/2017,10,1096.5
10/16/2017,13,1072
10/16/2017,16,1048.5
10/16/2017,19,1027
10/16/2017,22,1008
10/17/2017,1,994
10/17/2017,4,992
10/17/2017,7,990
10/17/2017,10,987
10/17/2017,13,985
10/17/2017,16,976
10/17/2017,19,968
10/17/2017,22,958
10/18/2017,1,950
10/18/2017,4,950
10/18/2017,7,956
10/18/2017,10,958
10/18/2017,13,954
10/18/2017,16,952
10/18/2017,19,952
10/18/2017,22,952
10/19/2017,1,952
10/19/2017,4,950
10/19/2017,7,947
10/19/2017,10,945
10/19/2017,13,943
10/19/2017,16,941
10/19/2017,19,939
10/19/2017,22,938
10/20/2017,1,937
10/20/2017,4,936
10/20/2017,7,936
10/20/2017,10,936
10/20/2017,13,936
10/20/2017,16,930
10/20/2017,19,921
10/20/2017,22,911
10/21/2017,1,902
10/21/2017,4,907
10/21/2017,7,916
10/21/2017,10,918
10/21/2017,13,919
10/21/2017,16,917
10/21/2017,19,915
10/21/2017,22,912
10/22/2017,1,911
10/22/2017,4,913
10/22/2017,7,916
10/22/2017,10,918
10/22/2017,13,914
10/22/2017,16,906
10/22/2017,19,900
10/22/2017,22,895
10/23/2017,1,891
10/23/2017,4,872
10/23/2017,7,854
10/23/2017,10,850
10/23/2017,13,859
10/23/2017,16,870
10/23/2017,19,876
10/23/2017,22,872
10/24/2017,1,865
10/24/2017,4,862
10/24/2017,7,860
10/24/2017,10,863
10/24/2017,13,867
10/24/2017,16,869
10/24/2017,19,866
10/24/2017,22,854
10/25/2017,1,838
10/25/2017,4,833
10/25/2017,7,831
10/25/2017,10,830
10/25/2017,13,830
10/25/2017,16,834
10/25/2017,19,840
10/25/2017,22,838
10/26/2017,1,828
10/26/2017,4,822
10/26/2017,7,818
10/26/2017,10,824
10/26/2017,13,834
10/26/2017,16,836
10/26/2017,19,836
10/26/2017,22,831
10/27/2017,1,825
10/27/2017,4,833
10/27/2017,7,844
10/27/2017,10,849
10/27/2017,13,852
10/27/2017,16,850
10/27/2017,19,847
10/27/2017,22,841
10/28/2017,1,838
10/28/2017,4,843
10/28/2017,7,852
10/28/2017,10,856
10/28/2017,13,860
10/28/2017,16,856
10/28/2017,19,849
10/28/2017,22,840
10/29/2017,1,835
10/29/2017,4,844
10/29/2017,7,852
10/29/2017,10,856
10/29/2017,13,858
10/29/2017,16,850
10/29/2017,19,840
10/29/2017,22,822
10/30/2017,1,807
10/30/2017,4,792
10/30/2017,7,779
10/30/2017,10,774
10/30/2017,13,785
10/30/2017,16,796
10/30/2017,19,806
10/30/2017,22,808
10/31/2017,1,810
10/31/2017,4,819
10/31/2017,7,832
10/31/2017,10,844
10/31/2017,13,852
10/31/2017,16,850
10/31/2017,19,845
10/31/2017,22,840
11/01/2017,1,837
11/01/2017,4,841
11/01/2017,7,846
11/01/2017,10,843
11/01/2017,13,839
11/01/2017,16,830
11/01/2017,19,822
11/01/2017,22,813
11/02/2017,1,807
11/02/2017,4,805
11/02/2017,7,805
11/02/2017,10,798
11/02/2017,13,786
11/02/2017,16,776
11/02/2017,19,761
11/02/2017,22,750
11/03/2017,1,740
11/03/2017,4,737
11/03/2017,7,735
11/03/2017,10,733
11/03/2017,13,731
11/03/2017,16,729
11/03/2017,19,729
11/03/2017,22,729
11/04/2017,1,727
11/04/2017,4,724
11/04/2017,7,721
11/04/2017,10,718
11/04/2017,13,715
11/04/2017,16,714
11/04/2017,19,714
11/04/2017,22,712
11/05/2017,1,710
11/05/2017,4,703
11/05/2017,7,692
11/05/2017,10,680
11/05/2017,13,669
11/05/2017,16,665
11/05/2017,19,662
11/05/2017,22,665
11/06/2017,1,667
11/06/2017,4,667
11/06/2017,7,667
11/06/2017,10,667
11/06/2017,13,667
11/06/2017,16,668
11/06/2017,19,671
11/06/2017,22,671
11/07/2017,1,672
11/07/2017,4,668
11/07/2017,7,665
11/07/2017,10,669
11/07/2017,13,673
11/07/2017,16,681
11/07/2017,19,688
11/07/2017,22,688
11/08/2017,1,688
11/08/2017,4,683
11/08/2017,7,675
11/08/2017,10,677
11/08/2017,13,679
11/08/2017,16,681
11/08/2017,19,684
11/08/2017,22,686
11/09/2017,1,688
11/09/2017,4,685
11/09/2017,7,681
11/09/2017,10,683
11/09/2017,13,685
11/09/2017,16,686
11/09/2017,19,686
11/09/2017,22,684
11/10/2017,1,682
11/10/2017,4,678
11/10/2017,7,671
11/10/2017,10,673
11/10/2017,13,677
11/10/2017,16,683
11/10/2017,19,683
11/10/2017,22,687
11/11/2017,1,690
11/11/2017,4,688
11/11/2017,7,684
11/11/2017,10,690
11/11/2017,13,698
11/11/2017,16,698
11/11/2017,19,698
11/11/2017,22,689
11/12/2017,1,681
11/12/2017,4,676
11/12/2017,7,673
11/12/2017,10,675
11/12/2017,13,679
11/12/2017,16,684
11/12/2017,19,687
11/12/2017,22,689
11/13/2017,1,686
11/13/2017,4,684
11/13/2017,7,688
11/13/2017,10,707
11/13/2017,13,727
11/13/2017,16,742
11/13/2017,19,731
11/13/2017,22,722
11/14/2017,1,715
11/14/2017,4,700
11/14/2017,7,688
11/14/2017,10,704
11/14/2017,13,708
11/14/2017,16,715
11/14/2017,19,715
11/14/2017,22,698
11/15/2017,1,688
11/15/2017,4,680
11/15/2017,7,674
11/15/2017,10,672
11/15/2017,13,676
11/15/2017,16,681
11/15/2017,19,686
11/15/2017,22,682
11/16/2017,1,677
11/16/2017,4,675
11/16/2017,7,673
11/16/2017,10,676
11/16/2017,13,678
11/16/2017,16,679
11/16/2017,19,675
11/16/2017,22,672
11/17/2017,1,670
11/17/2017,4,668
11/17/2017,7,665
11/17/2017,10,677
11/17/2017,13,702
11/17/2017,16,710
11/17/2017,19,710
11/17/2017,22,707
11/18/2017,1,705
11/18/2017,4,695
11/18/2017,7,682
11/18/2017,10,687
11/18/2017,13,693
11/18/2017,16,699
11/18/2017,19,703
11/18/2017,22,698
11/19/2017,1,692
11/19/2017,4,697
11/19/2017,7,704
11/19/2017,10,707
11/19/2017,13,709
11/19/2017,16,700
11/19/2017,19,695
11/19/2017,22,686
11/20/2017,1,678
11/20/2017,4,667
11/20/2017,7,659
11/20/2017,10,655
11/20/2017,13,652
11/20/2017,16,650
11/20/2017,19,648
11/20/2017,22,647
11/21/2017,1,645
11/21/2017,4,644
11/21/2017,7,646
11/21/2017,10,635
11/21/2017,13,626
11/21/2017,16,641
11/21/2017,19,641
11/21/2017,22,638
11/22/2017,1,634
11/22/2017,4,632
11/22/2017,7,629
11/22/2017,10,633
11/22/2017,13,637
11/22/2017,16,637
11/22/2017,19,637
11/22/2017,22,630
11/23/2017,1,626
11/23/2017,4,619
11/23/2017,7,610
11/23/2017,10,606
11/23/2017,13,604
11/23/2017,16,610
11/23/2017,19,618
11/23/2017,22,622
11/24/2017,1,624
11/24/2017,4,617
11/24/2017,7,605
11/24/2017,10,595
11/24/2017,13,600
11/24/2017,16,606
11/24/2017,19,612
11/24/2017,22,609
11/25/2017,1,605
11/25/2017,4,600
11/25/2017,7,594
11/25/2017,10,596
11/25/2017,13,601
11/25/2017,16,608
11/25/2017,19,617
11/25/2017,22,612
11/26/2017,1,605
11/26/2017,4,603
11/26/2017,7,603
11/26/2017,10,604
11/26/2017,13,606
11/26/2017,16,608
11/26/2017,19,610
11/26/2017,22,611
11/27/2017,1,611
11/27/2017,4,609
11/27/2017,7,606
11/27/2017,10,602
11/27/2017,13,598
11/27/2017,16,606
11/27/2017,19,616
11/27/2017,22,622
11/28/2017,1,626
11/28/2017,4,621
11/28/2017,7,617
11/28/2017,10,619
11/28/2017,13,621
11/28/2017,16,628
11/28/2017,19,638
11/28/2017,22,644
11/29/2017,1,651
11/29/2017,4,644
11/29/2017,7,633
11/29/2017,10,637
11/29/2017,13,646
11/29/2017,16,656
11/29/2017,19,662
11/29/2017,22,658
11/30/2017,1,652
11/30/2017,4,642
11/30/2017,7,634
11/30/2017,10,630
11/30/2017,13,627
11/30/2017,16,627
11/30/2017,19,627
11/30/2017,22,631
12/01/2017,1,638
12/01/2017,4,640
12/01/2017,7,635
12/01/2017,10,636
12/01/2017,13,638
12/01/2017,16,645
12/01/2017,19,658
12/01/2017,22,657
12/02/2017,1,655
12/02/2017,4,645
12/02/2017,7,634
12/02/2017,10,631
12/02/2017,13,635
12/02/2017,16,644
12/02/2017,19,656
12/02/2017,22,662
12/03/2017,1,665
12/03/2017,4,660
12/03/2017,7,648
12/03/2017,10,643
12/03/2017,13,638
12/03/2017,16,646
12/03/2017,19,657
12/03/2017,22,653
12/04/2017,1,648
12/04/2017,4,640
12/04/2017,7,629
12/04/2017,10,616
12/04/2017,13,607
12/04/2017,16,610
12/04/2017,19,614
12/04/2017,22,614
12/05/2017,1,609
12/05/2017,4,600
12/05/2017,7,595
12/05/2017,10,597
12/05/2017,13,599
12/05/2017,16,605
12/05/2017,19,614
12/05/2017,22,618
12/06/2017,1,620
12/06/2017,4,612
12/06/2017,7,599
12/06/2017,10,600
12/06/2017,13,603
12/06/2017,16,603
12/06/2017,19,603
12/06/2017,22,605
12/07/2017,1,610
12/07/2017,4,606
12/07/2017,7,595
12/07/2017,10,581
12/07/2017,13,575
12/07/2017,16,585
12/07/2017,19,602
12/07/2017,22,606
12/08/2017,1,600
12/08/2017,4,590
12/08/2017,7,583
12/08/2017,10,579
12/08/2017,13,577
12/08/2017,16,584
12/08/2017,19,596
12/08/2017,22,601
12/09/2017,1,605
12/09/2017,4,599
12/09/2017,7,588
12/09/2017,10,586
12/09/2017,13,585
12/09/2017,16,590
12/09/2017,19,599
12/09/2017,22,606
12/10/2017,1,612
12/10/2017,4,602
12/10/2017,7,585
12/10/2017,10,572
12/10/2017,13,566
12/10/2017,16,571
12/10/2017,19,578
12/10/2017,22,582
12/11/2017,1,584
12/11/2017,4,580
12/11/2017,7,572
12/11/2017,10,567
12/11/2017,13,564
12/11/2017,16,569
12/11/2017,19,576
12/11/2017,22,580
12/12/2017,1,583
12/12/2017,4,587
12/12/2017,7,592
12/12/2017,10,590
12/12/2017,13,589
12/12/2017,16,599
12/12/2017,19,613
12/12/2017,22,619
12/13/2017,1,624
12/13/2017,4,617
12/13/2017,7,606
12/13/2017,10,597
12/13/2017,13,590
12/13/2017,16,595
12/13/2017,19,604
12/13/2017,22,609
12/14/2017,1,612
12/14/2017,4,607
12/14/2017,7,601
12/14/2017,10,593
12/14/2017,13,588
12/14/2017,16,592
12/14/2017,19,600
12/14/2017,22,603
12/15/2017,1,605
12/15/2017,4,601
12/15/2017,7,594
12/15/2017,10,589
12/15/2017,13,580
12/15/2017,16,595
12/15/2017,19,608
12/15/2017,22,618
12/16/2017,1,629
12/16/2017,4,620
12/16/2017,7,602
12/16/2017,10,590
12/16/2017,13,580
12/16/2017,16,582
12/16/2017,19,586
12/16/2017,22,588
12/17/2017,1,581
12/17/2017,4,572
12/17/2017,7,565
12/17/2017,10,560
12/17/2017,13,556
12/17/2017,16,559
12/17/2017,19,564
12/17/2017,22,566
12/18/2017,1,566
12/18/2017,4,563
12/18/2017,7,560
12/18/2017,10,556
12/18/2017,13,550
12/18/2017,16,556
12/18/2017,19,561
12/18/2017,22,567
12/19/2017,1,565
12/19/2017,4,562
12/19/2017,7,557
12/19/2017,10,555
12/19/2017,13,553
12/19/2017,16,560
12/19/2017,19,572
12/19/2017,22,585
12/20/2017,1,594
12/20/2017,4,588
12/20/2017,7,577
12/20/2017,10,572
12/20/2017,13,568
12/20/2017,16,574
12/20/2017,19,583
12/20/2017,22,588
12/21/2017,1,590
12/21/2017,4,587
12/21/2017,7,584
12/21/2017,10,578
12/21/2017,13,574
12/21/2017,16,590
12/21/2017,19,597
12/21/2017,22,600
12/22/2017,1,602
12/22/2017,4,588
12/22/2017,7,580
12/22/2017,10,572
12/22/2017,13,565
12/22/2017,16,569
12/22/2017,19,576
12/22/2017,22,590
12/23/2017,1,600
12/23/2017,4,593
12/23/2017,7,578
12/23/2017,10,570
12/23/2017,13,565
12/23/2017,16,560
12/23/2017,19,556
12/23/2017,22,553
12/24/2017,1,551
12/24/2017,4,550
12/24/2017,7,550
12/24/2017,10,552
12/24/2017,13,553
12/24/2017,16,561
12/24/2017,19,567
12/24/2017,22,573
12/25/2017,1,570
12/25/2017,4,570
12/25/2017,7,572
12/25/2017,10,585
12/25/2017,13,593
12/25/2017,16,601
12/25/2017,19,604
12/25/2017,22,599
12/26/2017,1,594
12/26/2017,4,589
12/26/2017,7,585
12/26/2017,10,594
12/26/2017,13,608
12/26/2017,16,623
12/26/2017,19,633
12/26/2017,22,620
12/27/2017,1,614
12/27/2017,4,619
12/27/2017,7,626
12/27/2017,10,630
12/27/2017,13,633
12/27/2017,16,645
12/27/2017,19,664
12/27/2017,22,673
12/28/2017,1,679
12/28/2017,4,686
12/28/2017,7,695
12/28/2017,10,701
12/28/2017,13,707
12/28/2017,16,709
12/28/2017,19,701
12/28/2017,22,695
12/29/2017,1,688
12/29/2017,4,686
12/29/2017,7,686
12/29/2017,10,697
12/29/2017,13,715
12/29/2017,16,710
12/29/2017,19,708
12/29/2017,22,696
12/30/2017,1,688
12/30/2017,4,676
12/30/2017,7,662
12/30/2017,10,659
12/30/2017,13,656
12/30/2017,16,651
12/30/2017,19,648
12/30/2017,22,633
12/31/2017,1,610
12/31/2017,4,606
12/31/2017,7,604
12/31/2017,10,611
12/31/2017,13,624
12/31/2017,16,640
12/31/2017,19,653
12/31/2017,22,658
