Date,Hour,Waterlevel
01/01/2008,1,130
01/01/2008,4,121
01/01/2008,7,112
01/01/2008,10,113.5
01/01/2008,13,115
01/01/2008,16,118.5
01/01/2008,19,122
01/01/2008,22,120
01/02/2008,1,118
01/02/2008,4,117
01/02/2008,7,116
01/02/2008,10,116
01/02/2008,13,116
01/02/2008,16,116
01/02/2008,19,116
01/02/2008,22,117
01/03/2008,1,118
01/03/2008,4,126.5
01/03/2008,7,135
01/03/2008,10,142.5
01/03/2008,13,150
01/03/2008,16,152
01/03/2008,19,154
01/03/2008,22,150
01/04/2008,1,146
01/04/2008,4,156
01/04/2008,7,166
01/04/2008,10,172
01/04/2008,13,178
01/04/2008,16,175
01/04/2008,19,172
01/04/2008,22,168
01/05/2008,1,164
01/05/2008,4,167
01/05/2008,7,170
01/05/2008,10,180
01/05/2008,13,190
01/05/2008,16,190
01/05/2008,19,190
01/05/2008,22,185
01/06/2008,1,180
01/06/2008,4,183
01/06/2008,7,186
01/06/2008,10,201
01/06/2008,13,216
01/06/2008,16,214
01/06/2008,19,212
01/06/2008,22,206
01/07/2008,1,200
01/07/2008,4,193
01/07/2008,7,186
01/07/2008,10,189.5
01/07/2008,13,193
01/07/2008,16,187.5
01/07/2008,19,182
01/07/2008,22,171
01/08/2008,1,160
01/08/2008,4,158
01/08/2008,7,156
01/08/2008,10,175
01/08/2008,13,194
01/08/2008,16,198
01/08/2008,19,202
01/08/2008,22,196
01/09/2008,1,190
01/09/2008,4,188
01/09/2008,7,186
01/09/2008,10,198
01/09/2008,13,210
01/09/2008,16,212
01/09/2008,19,214
01/09/2008,22,210
01/10/2008,1,206
01/10/2008,4,201
01/10/2008,7,196
01/10/2008,10,208.5
01/10/2008,13,221
01/10/2008,16,222
01/10/2008,19,223
01/10/2008,22,214.5
01/11/2008,1,206
01/11/2008,4,199
01/11/2008,7,192
01/11/2008,10,196
01/11/2008,13,200
01/11/2008,16,206
01/11/2008,19,212
01/11/2008,22,201
01/12/2008,1,190
01/12/2008,4,182
01/12/2008,7,174
01/12/2008,10,184
01/12/2008,13,194
01/12/2008,16,199
01/12/2008,19,204
01/12/2008,22,198
01/13/2008,1,192
01/13/2008,4,185
01/13/2008,7,178
01/13/2008,10,181.5
01/13/2008,13,185
01/13/2008,16,194
01/13/2008,19,203
01/13/2008,22,194.5
01/14/2008,1,186
01/14/2008,4,175
01/14/2008,7,164
01/14/2008,10,160
01/14/2008,13,156
01/14/2008,16,160
01/14/2008,19,164
01/14/2008,22,159
01/15/2008,1,154
01/15/2008,4,145
01/15/2008,7,136
01/15/2008,10,145
01/15/2008,13,154
01/15/2008,16,160
01/15/2008,19,166
01/15/2008,22,162
01/16/2008,1,158
01/16/2008,4,155
01/16/2008,7,154
01/16/2008,10,154
01/16/2008,13,162
01/16/2008,16,165
01/16/2008,19,167
01/16/2008,22,166
01/17/2008,1,166
01/17/2008,4,166
01/17/2008,7,166
01/17/2008,10,166
01/17/2008,13,166
01/17/2008,16,169
01/17/2008,19,170
01/17/2008,22,162
01/18/2008,1,160
01/18/2008,4,167
01/18/2008,7,180
01/18/2008,10,187.5
01/18/2008,13,193
01/18/2008,16,197
01/18/2008,19,199
01/18/2008,22,202.5
01/19/2008,1,209
01/19/2008,4,218
01/19/2008,7,229
01/19/2008,10,240.5
01/19/2008,13,246
01/19/2008,16,246
01/19/2008,19,242
01/19/2008,22,238
01/20/2008,1,236
01/20/2008,4,238
01/20/2008,7,250
01/20/2008,10,265
01/20/2008,13,272
01/20/2008,16,271.5
01/20/2008,19,267
01/20/2008,22,263
01/21/2008,1,262
01/21/2008,4,262
01/21/2008,7,262
01/21/2008,10,277
01/21/2008,13,282
01/21/2008,16,280
01/21/2008,19,276
01/21/2008,22,268
01/22/2008,1,260
01/22/2008,4,256
01/22/2008,7,256
01/22/2008,10,264
01/22/2008,13,272
01/22/2008,16,271
01/22/2008,19,266
01/22/2008,22,254
01/23/2008,1,244
01/23/2008,4,238
01/23/2008,7,238
01/23/2008,10,245.5
01/23/2008,13,254
01/23/2008,16,259
01/23/2008,19,256
01/23/2008,22,249
01/24/2008,1,238
01/24/2008,4,233
01/24/2008,7,230
01/24/2008,10,235.5
01/24/2008,13,246
01/24/2008,16,248.5
01/24/2008,19,244
01/24/2008,22,234
01/25/2008,1,226
01/25/2008,4,220
01/25/2008,7,212
01/25/2008,10,213
01/25/2008,13,223
01/25/2008,16,231
01/25/2008,19,229
01/25/2008,22,220
01/26/2008,1,216
01/26/2008,4,213
01/26/2008,7,211
01/26/2008,10,214.5
01/26/2008,13,226
01/26/2008,16,235
01/26/2008,19,237
01/26/2008,22,237
01/27/2008,1,237
01/27/2008,4,237
01/27/2008,7,236
01/27/2008,10,238.5
01/27/2008,13,245
01/27/2008,16,247
01/27/2008,19,247
01/27/2008,22,243.5
01/28/2008,1,238
01/28/2008,4,230.5
01/28/2008,7,225
01/28/2008,10,220.5
01/28/2008,13,214
01/28/2008,16,211
01/28/2008,19,206
01/28/2008,22,198
01/29/2008,1,184
01/29/2008,4,176
01/29/2008,7,171
01/29/2008,10,163
01/29/2008,13,162
01/29/2008,16,159
01/29/2008,19,156
01/29/2008,22,152
01/30/2008,1,146
01/30/2008,4,141
01/30/2008,7,138
01/30/2008,10,136
01/30/2008,13,136
01/30/2008,16,136
01/30/2008,19,136
01/30/2008,22,133
01/31/2008,1,132
01/31/2008,4,133
01/31/2008,7,136
01/31/2008,10,144
01/31/2008,13,142
01/31/2008,16,156
01/31/2008,19,162
01/31/2008,22,165
02/01/2008,1,166
02/01/2008,4,169
02/01/2008,7,174
02/01/2008,10,177
02/01/2008,13,181
02/01/2008,16,182
02/01/2008,19,184
02/01/2008,22,186.5
02/02/2008,1,192
02/02/2008,4,198
02/02/2008,7,203
02/02/2008,10,210.5
02/02/2008,13,214
02/02/2008,16,214
02/02/2008,19,214
02/02/2008,22,214
02/03/2008,1,214
02/03/2008,4,218
02/03/2008,7,225
02/03/2008,10,231.5
02/03/2008,13,238
02/03/2008,16,241
02/03/2008,19,242
02/03/2008,22,242
02/04/2008,1,244
02/04/2008,4,250
02/04/2008,7,256
02/04/2008,10,269
02/04/2008,13,278
02/04/2008,16,280
02/04/2008,19,278
02/04/2008,22,275
02/05/2008,1,272
02/05/2008,4,269
02/05/2008,7,268
02/05/2008,10,277
02/05/2008,13,278
02/05/2008,16,276
02/05/2008,19,268
02/05/2008,22,254
02/06/2008,1,242
02/06/2008,4,233
02/06/2008,7,228
02/06/2008,10,231.5
02/06/2008,13,235
02/06/2008,16,235
02/06/2008,19,226
02/06/2008,22,219.5
02/07/2008,1,206
02/07/2008,4,197
02/07/2008,7,190
02/07/2008,10,202.5
02/07/2008,13,212
02/07/2008,16,213
02/07/2008,19,206
02/07/2008,22,201
02/08/2008,1,196
02/08/2008,4,187
02/08/2008,7,180
02/08/2008,10,185
02/08/2008,13,198
02/08/2008,16,192
02/08/2008,19,182
02/08/2008,22,170
02/09/2008,1,156
02/09/2008,4,145
02/09/2008,7,138
02/09/2008,10,144
02/09/2008,13,162
02/09/2008,16,162
02/09/2008,19,158
02/09/2008,22,147
02/10/2008,1,138
02/10/2008,4,129
02/10/2008,7,120
02/10/2008,10,126
02/10/2008,13,144
02/10/2008,16,146
02/10/2008,19,146
02/10/2008,22,135
02/11/2008,1,128
02/11/2008,4,122
02/11/2008,7,118
02/11/2008,10,105
02/11/2008,13,112
02/11/2008,16,121
02/11/2008,19,118
02/11/2008,22,113
02/12/2008,1,107
02/12/2008,4,95
02/12/2008,7,86
02/12/2008,10,80
02/12/2008,13,80
02/12/2008,16,81
02/12/2008,19,81
02/12/2008,22,85
02/13/2008,1,90
02/13/2008,4,89
02/13/2008,7,85
02/13/2008,10,86
02/13/2008,13,90
02/13/2008,16,92
02/13/2008,19,92
02/13/2008,22,101
02/14/2008,1,118
02/14/2008,4,126
02/14/2008,7,122
02/14/2008,10,116
02/14/2008,13,114
02/14/2008,16,109
02/14/2008,19,108
02/14/2008,22,104
02/15/2008,1,108
02/15/2008,4,124
02/15/2008,7,138
02/15/2008,10,139
02/15/2008,13,136
02/15/2008,16,128
02/15/2008,19,122
02/15/2008,22,117
02/16/2008,1,116
02/16/2008,4,134.5
02/16/2008,7,150
02/16/2008,10,154.5
02/16/2008,13,151
02/16/2008,16,144
02/16/2008,19,138
02/16/2008,22,135
02/17/2008,1,132
02/17/2008,4,145
02/17/2008,7,154
02/17/2008,10,162
02/17/2008,13,159
02/17/2008,16,152
02/17/2008,19,146
02/17/2008,22,137
02/18/2008,1,130
02/18/2008,4,132
02/18/2008,7,142
02/18/2008,10,156
02/18/2008,13,152
02/18/2008,16,147
02/18/2008,19,138
02/18/2008,22,127
02/19/2008,1,118
02/19/2008,4,118
02/19/2008,7,128
02/19/2008,10,148
02/19/2008,13,163
02/19/2008,16,163
02/19/2008,19,158
02/19/2008,22,152
02/20/2008,1,144
02/20/2008,4,141
02/20/2008,7,148
02/20/2008,10,176
02/20/2008,13,193
02/20/2008,16,194
02/20/2008,19,191
02/20/2008,22,186.5
02/21/2008,1,182
02/21/2008,4,179
02/21/2008,7,179
02/21/2008,10,194
02/21/2008,13,208
02/21/2008,16,211
02/21/2008,19,208
02/21/2008,22,200
02/22/2008,1,190
02/22/2008,4,183
02/22/2008,7,182
02/22/2008,10,185
02/22/2008,13,192
02/22/2008,16,192.5
02/22/2008,19,188
02/22/2008,22,181
02/23/2008,1,172
02/23/2008,4,164
02/23/2008,7,162
02/23/2008,10,164.5
02/23/2008,13,172
02/23/2008,16,171
02/23/2008,19,166
02/23/2008,22,163
02/24/2008,1,158
02/24/2008,4,149
02/24/2008,7,148
02/24/2008,10,146.5
02/24/2008,13,154
02/24/2008,16,159
02/24/2008,19,160
02/24/2008,22,158
02/25/2008,1,152
02/25/2008,4,146
02/25/2008,7,138
02/25/2008,10,138
02/25/2008,13,140
02/25/2008,16,139
02/25/2008,19,136
02/25/2008,22,143
02/26/2008,1,144
02/26/2008,4,141
02/26/2008,7,137
02/26/2008,10,139
02/26/2008,13,141
02/26/2008,16,142.5
02/26/2008,19,145
02/26/2008,22,151
02/27/2008,1,157
02/27/2008,4,157
02/27/2008,7,157
02/27/2008,10,160.5
02/27/2008,13,167
02/27/2008,16,172.5
02/27/2008,19,182
02/27/2008,22,189
02/28/2008,1,200
02/28/2008,4,213
02/28/2008,7,226
02/28/2008,10,232
02/28/2008,13,240
02/28/2008,16,244.5
02/28/2008,19,248
02/28/2008,22,252
02/29/2008,1,256
02/29/2008,4,261
02/29/2008,7,267
02/29/2008,10,271
02/29/2008,13,272
02/29/2008,16,268.5
02/29/2008,19,262
02/29/2008,22,254
03/01/2008,1,248
03/01/2008,4,245
03/01/2008,7,242
03/01/2008,10,241
03/01/2008,13,234
03/01/2008,16,227.5
03/01/2008,19,219
03/01/2008,22,208
03/02/2008,1,200
03/02/2008,4,197
03/02/2008,7,196
03/02/2008,10,196
03/02/2008,13,196
03/02/2008,16,190
03/02/2008,19,186
03/02/2008,22,183.5
03/03/2008,1,183
03/03/2008,4,185
03/03/2008,7,192
03/03/2008,10,198
03/03/2008,13,200
03/03/2008,16,200
03/03/2008,19,200
03/03/2008,22,197
03/04/2008,1,194
03/04/2008,4,198
03/04/2008,7,206
03/04/2008,10,214.5
03/04/2008,13,220
03/04/2008,16,222
03/04/2008,19,222
03/04/2008,22,217
03/05/2008,1,210
03/05/2008,4,212
03/05/2008,7,218
03/05/2008,10,232
03/05/2008,13,238
03/05/2008,16,237
03/05/2008,19,234
03/05/2008,22,228
03/06/2008,1,222
03/06/2008,4,217
03/06/2008,7,216
03/06/2008,10,225
03/06/2008,13,228
03/06/2008,16,225
03/06/2008,19,218
03/06/2008,22,207
03/07/2008,1,198
03/07/2008,4,190.5
03/07/2008,7,183
03/07/2008,10,191
03/07/2008,13,201
03/07/2008,16,197.5
03/07/2008,19,190
03/07/2008,22,184
03/08/2008,1,178
03/08/2008,4,172
03/08/2008,7,166
03/08/2008,10,168
03/08/2008,13,176
03/08/2008,16,176.5
03/08/2008,19,174
03/08/2008,22,167.5
03/09/2008,1,160
03/09/2008,4,152
03/09/2008,7,147
03/09/2008,10,148
03/09/2008,13,151
03/09/2008,16,152
03/09/2008,19,150
03/09/2008,22,143
03/10/2008,1,134
03/10/2008,4,127
03/10/2008,7,116
03/10/2008,10,109.5
03/10/2008,13,109
03/10/2008,16,110.5
03/10/2008,19,116
03/10/2008,22,117.5
03/11/2008,1,116
03/11/2008,4,109
03/11/2008,7,104
03/11/2008,10,100
03/11/2008,13,100
03/11/2008,16,108
03/11/2008,19,114
03/11/2008,22,141
03/12/2008,1,154
03/12/2008,4,149
03/12/2008,7,144
03/12/2008,10,142
03/12/2008,13,142
03/12/2008,16,138
03/12/2008,19,140
03/12/2008,22,155
03/13/2008,1,168
03/13/2008,4,170
03/13/2008,7,170
03/13/2008,10,169.5
03/13/2008,13,167
03/13/2008,16,166
03/13/2008,19,160
03/13/2008,22,156
03/14/2008,1,162
03/14/2008,4,174.5
03/14/2008,7,177
03/14/2008,10,177
03/14/2008,13,174
03/14/2008,16,171
03/14/2008,19,168
03/14/2008,22,164
03/15/2008,1,172
03/15/2008,4,185
03/15/2008,7,192
03/15/2008,10,192.5
03/15/2008,13,190
03/15/2008,16,187
03/15/2008,19,184
03/15/2008,22,182
03/16/2008,1,186
03/16/2008,4,194
03/16/2008,7,202
03/16/2008,10,206
03/16/2008,13,210
03/16/2008,16,210
03/16/2008,19,210
03/16/2008,22,204
03/17/2008,1,198
03/17/2008,4,209
03/17/2008,7,220
03/17/2008,10,225
03/17/2008,13,230
03/17/2008,16,225
03/17/2008,19,220
03/17/2008,22,215
03/18/2008,1,210
03/18/2008,4,210
03/18/2008,7,210
03/18/2008,10,216
03/18/2008,13,222
03/18/2008,16,219
03/18/2008,19,216
03/18/2008,22,210
03/19/2008,1,204
03/19/2008,4,201
03/19/2008,7,198
03/19/2008,10,200
03/19/2008,13,202
03/19/2008,16,196
03/19/2008,19,190
03/19/2008,22,182
03/20/2008,1,174
03/20/2008,4,168
03/20/2008,7,162
03/20/2008,10,173.5
03/20/2008,13,185
03/20/2008,16,185
03/20/2008,19,185
03/20/2008,22,181.5
03/21/2008,1,178
03/21/2008,4,174
03/21/2008,7,170
03/21/2008,10,178.5
03/21/2008,13,187
03/21/2008,16,188.5
03/21/2008,19,190
03/21/2008,22,187
03/22/2008,1,184
03/22/2008,4,176
03/22/2008,7,168
03/22/2008,10,172
03/22/2008,13,176
03/22/2008,16,176
03/22/2008,19,176
03/22/2008,22,173
03/23/2008,1,170
03/23/2008,4,166
03/23/2008,7,162
03/23/2008,10,158
03/23/2008,13,154
03/23/2008,16,153
03/23/2008,19,152
03/23/2008,22,152
03/24/2008,1,152
03/24/2008,4,150.5
03/24/2008,7,149
03/24/2008,10,145.5
03/24/2008,13,142
03/24/2008,16,144
03/24/2008,19,146
03/24/2008,22,156
03/25/2008,1,166
03/25/2008,4,164
03/25/2008,7,162
03/25/2008,10,159
03/25/2008,13,156
03/25/2008,16,155
03/25/2008,19,154
03/25/2008,22,162
03/26/2008,1,170
03/26/2008,4,169
03/26/2008,7,168
03/26/2008,10,165
03/26/2008,13,162
03/26/2008,16,159
03/26/2008,19,156
03/26/2008,22,160
03/27/2008,1,164
03/27/2008,4,167
03/27/2008,7,170
03/27/2008,10,167
03/27/2008,13,164
03/27/2008,16,162
03/27/2008,19,160
03/27/2008,22,164
03/28/2008,1,168
03/28/2008,4,171.5
03/28/2008,7,175
03/28/2008,10,167
03/28/2008,13,159
03/28/2008,16,157.5
03/28/2008,19,156
03/28/2008,22,153
03/29/2008,1,150
03/29/2008,4,160
03/29/2008,7,170
03/29/2008,10,163
03/29/2008,13,156
03/29/2008,16,148
03/29/2008,19,140
03/29/2008,22,144
03/30/2008,1,148
03/30/2008,4,155
03/30/2008,7,162
03/30/2008,10,159
03/30/2008,13,156
03/30/2008,16,150
03/30/2008,19,144
03/30/2008,22,138
03/31/2008,1,132
03/31/2008,4,146
03/31/2008,7,160
03/31/2008,10,154
03/31/2008,13,148
03/31/2008,16,140
03/31/2008,19,132
03/31/2008,22,126
04/01/2008,1,120
04/01/2008,4,136
04/01/2008,7,152
04/01/2008,10,150.5
04/01/2008,13,149
04/01/2008,16,145.5
04/01/2008,19,142
04/01/2008,22,138
04/02/2008,1,134
04/02/2008,4,145
04/02/2008,7,156
04/02/2008,10,159
04/02/2008,13,162
04/02/2008,16,159
04/02/2008,19,156
04/02/2008,22,151
04/03/2008,1,146
04/03/2008,4,154
04/03/2008,7,162
04/03/2008,10,166
04/03/2008,13,170
04/03/2008,16,167
04/03/2008,19,164
04/03/2008,22,157
04/04/2008,1,150
04/04/2008,4,153
04/04/2008,7,156
04/04/2008,10,167
04/04/2008,13,178
04/04/2008,16,179
04/04/2008,19,180
04/04/2008,22,176
04/05/2008,1,172
04/05/2008,4,172
04/05/2008,7,172
04/05/2008,10,179.5
04/05/2008,13,187
04/05/2008,16,189.5
04/05/2008,19,192
04/05/2008,22,189
04/06/2008,1,186
04/06/2008,4,183
04/06/2008,7,180
04/06/2008,10,183
04/06/2008,13,186
04/06/2008,16,186
04/06/2008,19,186
04/06/2008,22,186
04/07/2008,1,186
04/07/2008,4,179
04/07/2008,7,172
04/07/2008,10,167
04/07/2008,13,162
04/07/2008,16,164
04/07/2008,19,166
04/07/2008,22,169
04/08/2008,1,172
04/08/2008,4,167.5
04/08/2008,7,163
04/08/2008,10,161.5
04/08/2008,13,160
04/08/2008,16,163.5
04/08/2008,19,167
04/08/2008,22,180.5
04/09/2008,1,194
04/09/2008,4,192
04/09/2008,7,190
04/09/2008,10,186
04/09/2008,13,182
04/09/2008,16,182
04/09/2008,19,182
04/09/2008,22,192
04/10/2008,1,202
04/10/2008,4,202
04/10/2008,7,202
04/10/2008,10,196
04/10/2008,13,190
04/10/2008,16,187
04/10/2008,19,184
04/10/2008,22,188
04/11/2008,1,192
04/11/2008,4,199
04/11/2008,7,206
04/11/2008,10,200.5
04/11/2008,13,195
04/11/2008,16,190.5
04/11/2008,19,186
04/11/2008,22,184
04/12/2008,1,182
04/12/2008,4,194
04/12/2008,7,206
04/12/2008,10,201
04/12/2008,13,196
04/12/2008,16,189
04/12/2008,19,182
04/12/2008,22,177
04/13/2008,1,172
04/13/2008,4,186
04/13/2008,7,200
04/13/2008,10,196
04/13/2008,13,192
04/13/2008,16,182
04/13/2008,19,172
04/13/2008,22,169
04/14/2008,1,166
04/14/2008,4,176.5
04/14/2008,7,187
04/14/2008,10,179.5
04/14/2008,13,172
04/14/2008,16,168
04/14/2008,19,164
04/14/2008,22,154
04/15/2008,1,144
04/15/2008,4,161
04/15/2008,7,178
04/15/2008,10,185
04/15/2008,13,192
04/15/2008,16,193
04/15/2008,19,194
04/15/2008,22,194
04/16/2008,1,194
04/16/2008,4,198.5
04/16/2008,7,203
04/16/2008,10,204.5
04/16/2008,13,206
04/16/2008,16,201
04/16/2008,19,196
04/16/2008,22,189
04/17/2008,1,182
04/17/2008,4,182
04/17/2008,7,182
04/17/2008,10,185
04/17/2008,13,188
04/17/2008,16,186.5
04/17/2008,19,185
04/17/2008,22,181.5
04/18/2008,1,178
04/18/2008,4,175
04/18/2008,7,172
04/18/2008,10,174
04/18/2008,13,176
04/18/2008,16,175
04/18/2008,19,174
04/18/2008,22,172
04/19/2008,1,170
04/19/2008,4,168
04/19/2008,7,166
04/19/2008,10,171
04/19/2008,13,176
04/19/2008,16,178
04/19/2008,19,180
04/19/2008,22,180
04/20/2008,1,180
04/20/2008,4,176.5
04/20/2008,7,173
04/20/2008,10,169.5
04/20/2008,13,166
04/20/2008,16,169
04/20/2008,19,172
04/20/2008,22,179
04/21/2008,1,186
04/21/2008,4,176
04/21/2008,7,166
04/21/2008,10,161
04/21/2008,13,156
04/21/2008,16,156
04/21/2008,19,156
04/21/2008,22,168
04/22/2008,1,180
04/22/2008,4,176
04/22/2008,7,172
04/22/2008,10,170
04/22/2008,13,168
04/22/2008,16,171
04/22/2008,19,174
04/22/2008,22,180
04/23/2008,1,186
04/23/2008,4,187
04/23/2008,7,188
04/23/2008,10,185
04/23/2008,13,182
04/23/2008,16,179.5
04/23/2008,19,177
04/23/2008,22,182.5
04/24/2008,1,188
04/24/2008,4,187
04/24/2008,7,186
04/24/2008,10,180
04/24/2008,13,174
04/24/2008,16,170
04/24/2008,19,166
04/24/2008,22,171
04/25/2008,1,176
04/25/2008,4,181.5
04/25/2008,7,187
04/25/2008,10,184.5
04/25/2008,13,182
04/25/2008,16,182
04/25/2008,19,182
04/25/2008,22,188
04/26/2008,1,194
04/26/2008,4,200
04/26/2008,7,206
04/26/2008,10,206
04/26/2008,13,206
04/26/2008,16,204
04/26/2008,19,202
04/26/2008,22,204
04/27/2008,1,206
04/27/2008,4,215
04/27/2008,7,224
04/27/2008,10,222
04/27/2008,13,220
04/27/2008,16,215
04/27/2008,19,210
04/27/2008,22,205.5
04/28/2008,1,201
04/28/2008,4,203
04/28/2008,7,205
04/28/2008,10,197.5
04/28/2008,13,190
04/28/2008,16,181
04/28/2008,19,172
04/28/2008,22,166
04/29/2008,1,160
04/29/2008,4,174
04/29/2008,7,188
04/29/2008,10,190
04/29/2008,13,192
04/29/2008,16,194
04/29/2008,19,196
04/29/2008,22,194
04/30/2008,1,192
04/30/2008,4,202
04/30/2008,7,212
04/30/2008,10,212
04/30/2008,13,212
04/30/2008,16,207
04/30/2008,19,202
04/30/2008,22,198
05/01/2008,1,194
05/01/2008,4,197
05/01/2008,7,200
05/01/2008,10,196
05/01/2008,13,192
05/01/2008,16,186
05/01/2008,19,180
05/01/2008,22,172
05/02/2008,1,164
05/02/2008,4,166
05/02/2008,7,168
05/02/2008,10,165.5
05/02/2008,13,163
05/02/2008,16,157.5
05/02/2008,19,152
05/02/2008,22,150
05/03/2008,1,148
05/03/2008,4,147
05/03/2008,7,146
05/03/2008,10,155
05/03/2008,13,164
05/03/2008,16,165
05/03/2008,19,166
05/03/2008,22,166.5
05/04/2008,1,167
05/04/2008,4,167
05/04/2008,7,167
05/04/2008,10,169.5
05/04/2008,13,172
05/04/2008,16,174
05/04/2008,19,176
05/04/2008,22,177
05/05/2008,1,178
05/05/2008,4,176.5
05/05/2008,7,175
05/05/2008,10,175
05/05/2008,13,175
05/05/2008,16,180.5
05/05/2008,19,186
05/05/2008,22,199
05/06/2008,1,212
05/06/2008,4,230
05/06/2008,7,252
05/06/2008,10,266
05/06/2008,13,280
05/06/2008,16,292
05/06/2008,19,300
05/06/2008,22,304
05/07/2008,1,308
05/07/2008,4,312
05/07/2008,7,315
05/07/2008,10,318
05/07/2008,13,320
05/07/2008,16,321
05/07/2008,19,321
05/07/2008,22,328
05/08/2008,1,336
05/08/2008,4,344
05/08/2008,7,354
05/08/2008,10,360
05/08/2008,13,362
05/08/2008,16,363
05/08/2008,19,363
05/08/2008,22,365
05/09/2008,1,374
05/09/2008,4,379
05/09/2008,7,382
05/09/2008,10,378
05/09/2008,13,374
05/09/2008,16,370
05/09/2008,19,366
05/09/2008,22,364
05/10/2008,1,364
05/10/2008,4,364
05/10/2008,7,362
05/10/2008,10,369
05/10/2008,13,368
05/10/2008,16,365
05/10/2008,19,362
05/10/2008,22,363
05/11/2008,1,366
05/11/2008,4,371
05/11/2008,7,375
05/11/2008,10,374
05/11/2008,13,371
05/11/2008,16,367
05/11/2008,19,363
05/11/2008,22,362
05/12/2008,1,361
05/12/2008,4,366
05/12/2008,7,370
05/12/2008,10,367
05/12/2008,13,364
05/12/2008,16,356
05/12/2008,19,352
05/12/2008,22,353
05/13/2008,1,356
05/13/2008,4,356
05/13/2008,7,356
05/13/2008,10,354
05/13/2008,13,352
05/13/2008,16,350
05/13/2008,19,346
05/13/2008,22,344
05/14/2008,1,342
05/14/2008,4,342
05/14/2008,7,345
05/14/2008,10,346
05/14/2008,13,346
05/14/2008,16,346
05/14/2008,19,346
05/14/2008,22,344
05/15/2008,1,340
05/15/2008,4,334
05/15/2008,7,328
05/15/2008,10,328
05/15/2008,13,324
05/15/2008,16,316
05/15/2008,19,306
05/15/2008,22,296
05/16/2008,1,286
05/16/2008,4,282
05/16/2008,7,282
05/16/2008,10,282
05/16/2008,13,282
05/16/2008,16,280
05/16/2008,19,276
05/16/2008,22,270
05/17/2008,1,266
05/17/2008,4,266
05/17/2008,7,266
05/17/2008,10,270
05/17/2008,13,272
05/17/2008,16,270
05/17/2008,19,266
05/17/2008,22,264
05/18/2008,1,262
05/18/2008,4,262
05/18/2008,7,262
05/18/2008,10,262
05/18/2008,13,262
05/18/2008,16,262
05/18/2008,19,262
05/18/2008,22,266
05/19/2008,1,270
05/19/2008,4,270
05/19/2008,7,270
05/19/2008,10,267.5
05/19/2008,13,265
05/19/2008,16,264
05/19/2008,19,263
05/19/2008,22,266.5
05/20/2008,1,270
05/20/2008,4,277
05/20/2008,7,282
05/20/2008,10,290
05/20/2008,13,294
05/20/2008,16,296
05/20/2008,19,298
05/20/2008,22,306
05/21/2008,1,318
05/21/2008,4,326
05/21/2008,7,330
05/21/2008,10,338
05/21/2008,13,342
05/21/2008,16,342
05/21/2008,19,342
05/21/2008,22,346
05/22/2008,1,352
05/22/2008,4,358
05/22/2008,7,360
05/22/2008,10,360
05/22/2008,13,360
05/22/2008,16,360
05/22/2008,19,356
05/22/2008,22,356
05/23/2008,1,356
05/23/2008,4,356
05/23/2008,7,355
05/23/2008,10,354
05/23/2008,13,346
05/23/2008,16,337
05/23/2008,19,330
05/23/2008,22,322
05/24/2008,1,314
05/24/2008,4,314
05/24/2008,7,314
05/24/2008,10,314
05/24/2008,13,312
05/24/2008,16,307
05/24/2008,19,301
05/24/2008,22,295
05/25/2008,1,295
05/25/2008,4,293
05/25/2008,7,293
05/25/2008,10,288
05/25/2008,13,286
05/25/2008,16,282
05/25/2008,19,276
05/25/2008,22,270
05/26/2008,1,266
05/26/2008,4,266
05/26/2008,7,266
05/26/2008,10,256
05/26/2008,13,250
05/26/2008,16,244
05/26/2008,19,234
05/26/2008,22,232
05/27/2008,1,232
05/27/2008,4,242
05/27/2008,7,256
05/27/2008,10,263
05/27/2008,13,265
05/27/2008,16,270
05/27/2008,19,268
05/27/2008,22,264
05/28/2008,1,268
05/28/2008,4,274
05/28/2008,7,280
05/28/2008,10,286
05/28/2008,13,286
05/28/2008,16,286
05/28/2008,19,283
05/28/2008,22,280
05/29/2008,1,279
05/29/2008,4,282.5
05/29/2008,7,286
05/29/2008,10,287
05/29/2008,13,288
05/29/2008,16,288
05/29/2008,19,288
05/29/2008,22,287
05/30/2008,1,286
05/30/2008,4,289
05/30/2008,7,292
05/30/2008,10,294
05/30/2008,13,296
05/30/2008,16,296
05/30/2008,19,296
05/30/2008,22,295
05/31/2008,1,294
05/31/2008,4,295.5
05/31/2008,7,297
05/31/2008,10,298.5
05/31/2008,13,300
05/31/2008,16,297
05/31/2008,19,294
05/31/2008,22,290
06/01/2008,1,286
06/01/2008,4,283
06/01/2008,7,280
06/01/2008,10,278
06/01/2008,13,276
06/01/2008,16,275
06/01/2008,19,274
06/01/2008,22,271
06/02/2008,1,268
06/02/2008,4,262
06/02/2008,7,256
06/02/2008,10,252.5
06/02/2008,13,249
06/02/2008,16,252.5
06/02/2008,19,256
06/02/2008,22,257
06/03/2008,1,258
06/03/2008,4,258.5
06/03/2008,7,259
06/03/2008,10,260.5
06/03/2008,13,262
06/03/2008,16,266
06/03/2008,19,270
06/03/2008,22,279
06/04/2008,1,288
06/04/2008,4,298
06/04/2008,7,304
06/04/2008,10,330
06/04/2008,13,336
06/04/2008,16,340
06/04/2008,19,344
06/04/2008,22,358
06/05/2008,1,362
06/05/2008,4,364
06/05/2008,7,364
06/05/2008,10,362
06/05/2008,13,360
06/05/2008,16,356
06/05/2008,19,352
06/05/2008,22,352
06/06/2008,1,354
06/06/2008,4,354
06/06/2008,7,354
06/06/2008,10,346
06/06/2008,13,342
06/06/2008,16,338
06/06/2008,19,332
06/06/2008,22,336
06/07/2008,1,340
06/07/2008,4,344
06/07/2008,7,344
06/07/2008,10,340
06/07/2008,13,336
06/07/2008,16,330
06/07/2008,19,325
06/07/2008,22,321
06/08/2008,1,328
06/08/2008,4,333
06/08/2008,7,336
06/08/2008,10,332
06/08/2008,13,328
06/08/2008,16,326
06/08/2008,19,324
06/08/2008,22,322
06/09/2008,1,322
06/09/2008,4,328
06/09/2008,7,332
06/09/2008,10,330
06/09/2008,13,326
06/09/2008,16,322
06/09/2008,19,316
06/09/2008,22,314
06/10/2008,1,318
06/10/2008,4,328
06/10/2008,7,336
06/10/2008,10,346
06/10/2008,13,350
06/10/2008,16,354
06/10/2008,19,354
06/10/2008,22,356
06/11/2008,1,358
06/11/2008,4,364
06/11/2008,7,368
06/11/2008,10,370
06/11/2008,13,370
06/11/2008,16,365
06/11/2008,19,362
06/11/2008,22,358
06/12/2008,1,354
06/12/2008,4,352
06/12/2008,7,354
06/12/2008,10,361
06/12/2008,13,362
06/12/2008,16,364
06/12/2008,19,364
06/12/2008,22,362
06/13/2008,1,360
06/13/2008,4,362
06/13/2008,7,366
06/13/2008,10,370
06/13/2008,13,373
06/13/2008,16,376
06/13/2008,19,378
06/13/2008,22,380
06/14/2008,1,383
06/14/2008,4,387
06/14/2008,7,390
06/14/2008,10,394
06/14/2008,13,396
06/14/2008,16,401
06/14/2008,19,406
06/14/2008,22,416
06/15/2008,1,426
06/15/2008,4,432
06/15/2008,7,439
06/15/2008,10,445
06/15/2008,13,448
06/15/2008,16,452
06/15/2008,19,453
06/15/2008,22,454
06/16/2008,1,454
06/16/2008,4,454
06/16/2008,7,452
06/16/2008,10,450
06/16/2008,13,446
06/16/2008,16,444
06/16/2008,19,442
06/16/2008,22,442
06/17/2008,1,442
06/17/2008,4,440
06/17/2008,7,438
06/17/2008,10,436
06/17/2008,13,432
06/17/2008,16,430
06/17/2008,19,428
06/17/2008,22,428
06/18/2008,1,430
06/18/2008,4,432
06/18/2008,7,432
06/18/2008,10,432
06/18/2008,13,432
06/18/2008,16,434
06/18/2008,19,440
06/18/2008,22,453
06/19/2008,1,463
06/19/2008,4,470
06/19/2008,7,478
06/19/2008,10,490
06/19/2008,13,500
06/19/2008,16,512
06/19/2008,19,522
06/19/2008,22,538
06/20/2008,1,552
06/20/2008,4,566
06/20/2008,7,576
06/20/2008,10,576
06/20/2008,13,580
06/20/2008,16,584
06/20/2008,19,588
06/20/2008,22,596
06/21/2008,1,602
06/21/2008,4,607
06/21/2008,7,607
06/21/2008,10,607
06/21/2008,13,605
06/21/2008,16,602
06/21/2008,19,602
06/21/2008,22,602
06/22/2008,1,604
06/22/2008,4,606
06/22/2008,7,606
06/22/2008,10,606
06/22/2008,13,602
06/22/2008,16,597
06/22/2008,19,590
06/22/2008,22,584
06/23/2008,1,580
06/23/2008,4,576
06/23/2008,7,572
06/23/2008,10,568
06/23/2008,13,562
06/23/2008,16,557
06/23/2008,19,550
06/23/2008,22,541
06/24/2008,1,533
06/24/2008,4,526
06/24/2008,7,520
06/24/2008,10,512
06/24/2008,13,506
06/24/2008,16,500
06/24/2008,19,494
06/24/2008,22,490
06/25/2008,1,488
06/25/2008,4,486
06/25/2008,7,486
06/25/2008,10,482
06/25/2008,13,480
06/25/2008,16,478
06/25/2008,19,478
06/25/2008,22,474
06/26/2008,1,472
06/26/2008,4,472
06/26/2008,7,472
06/26/2008,10,470
06/26/2008,13,466
06/26/2008,16,464
06/26/2008,19,462
06/26/2008,22,456
06/27/2008,1,454
06/27/2008,4,452
06/27/2008,7,452
06/27/2008,10,450
06/27/2008,13,448
06/27/2008,16,446
06/27/2008,19,446
06/27/2008,22,448
06/28/2008,1,451
06/28/2008,4,456
06/28/2008,7,459
06/28/2008,10,466
06/28/2008,13,472
06/28/2008,16,480
06/28/2008,19,484
06/28/2008,22,490
06/29/2008,1,500
06/29/2008,4,512
06/29/2008,7,524
06/29/2008,10,536
06/29/2008,13,546
06/29/2008,16,552
06/29/2008,19,556
06/29/2008,22,558
06/30/2008,1,562
06/30/2008,4,563
06/30/2008,7,563
06/30/2008,10,560
06/30/2008,13,559
06/30/2008,16,556
06/30/2008,19,554
06/30/2008,22,551
07/01/2008,1,548
07/01/2008,4,546
07/01/2008,7,544
07/01/2008,10,540
07/01/2008,13,537
07/01/2008,16,534
07/01/2008,19,534
07/01/2008,22,534
07/02/2008,1,532
07/02/2008,4,532
07/02/2008,7,532
07/02/2008,10,532
07/02/2008,13,532
07/02/2008,16,540
07/02/2008,19,544
07/02/2008,22,554
07/03/2008,1,564
07/03/2008,4,568
07/03/2008,7,572
07/03/2008,10,573
07/03/2008,13,573
07/03/2008,16,572
07/03/2008,19,570
07/03/2008,22,570
07/04/2008,1,570
07/04/2008,4,568
07/04/2008,7,566
07/04/2008,10,564
07/04/2008,13,558
07/04/2008,16,554
07/04/2008,19,552
07/04/2008,22,558
07/05/2008,1,570
07/05/2008,4,578
07/05/2008,7,588
07/05/2008,10,598
07/05/2008,13,608
07/05/2008,16,614
07/05/2008,19,621
07/05/2008,22,629
07/06/2008,1,638
07/06/2008,4,648
07/06/2008,7,660
07/06/2008,10,668
07/06/2008,13,673
07/06/2008,16,679
07/06/2008,19,688
07/06/2008,22,698
07/07/2008,1,715
07/07/2008,4,729
07/07/2008,7,745
07/07/2008,10,758
07/07/2008,13,768
07/07/2008,16,776
07/07/2008,19,782
07/07/2008,22,790
07/08/2008,1,800
07/08/2008,4,812
07/08/2008,7,822
07/08/2008,10,832
07/08/2008,13,836
07/08/2008,16,840
07/08/2008,19,842
07/08/2008,22,844
07/09/2008,1,846
07/09/2008,4,848
07/09/2008,7,850
07/09/2008,10,848
07/09/2008,13,846
07/09/2008,16,844
07/09/2008,19,842
07/09/2008,22,836
07/10/2008,1,828
07/10/2008,4,824
07/10/2008,7,820
07/10/2008,10,808
07/10/2008,13,800
07/10/2008,16,787
07/10/2008,19,776
07/10/2008,22,766
07/11/2008,1,756
07/11/2008,4,746
07/11/2008,7,737
07/11/2008,10,727
07/11/2008,13,720
07/11/2008,16,712
07/11/2008,19,706
07/11/2008,22,700
07/12/2008,1,696
07/12/2008,4,694
07/12/2008,7,692
07/12/2008,10,691
07/12/2008,13,690
07/12/2008,16,689
07/12/2008,19,688
07/12/2008,22,688
07/13/2008,1,688
07/13/2008,4,688
07/13/2008,7,688
07/13/2008,10,688
07/13/2008,13,687
07/13/2008,16,685
07/13/2008,19,682
07/13/2008,22,682
07/14/2008,1,682
07/14/2008,4,682
07/14/2008,7,682
07/14/2008,10,682
07/14/2008,13,682
07/14/2008,16,681
07/14/2008,19,682
07/14/2008,22,682
07/15/2008,1,682
07/15/2008,4,682
07/15/2008,7,682
07/15/2008,10,680
07/15/2008,13,677
07/15/2008,16,675
07/15/2008,19,675
07/15/2008,22,680
07/16/2008,1,680
07/16/2008,4,678
07/16/2008,7,678
07/16/2008,10,676
07/16/2008,13,676
07/16/2008,16,674
07/16/2008,19,672
07/16/2008,22,678
07/17/2008,1,682
07/17/2008,4,684
07/17/2008,7,686
07/17/2008,10,690
07/17/2008,13,694
07/17/2008,16,694
07/17/2008,19,698
07/17/2008,22,710
07/18/2008,1,722
07/18/2008,4,732
07/18/2008,7,736
07/18/2008,10,744
07/18/2008,13,753
07/18/2008,16,762
07/18/2008,19,770
07/18/2008,22,780
07/19/2008,1,790
07/19/2008,4,798
07/19/2008,7,804
07/19/2008,10,806
07/19/2008,13,808
07/19/2008,16,810
07/19/2008,19,811
07/19/2008,22,812
07/20/2008,1,814
07/20/2008,4,817
07/20/2008,7,820
07/20/2008,10,820
07/20/2008,13,820
07/20/2008,16,819
07/20/2008,19,818
07/20/2008,22,816
07/21/2008,1,816
07/21/2008,4,818
07/21/2008,7,818
07/21/2008,10,818
07/21/2008,13,819
07/21/2008,16,817
07/21/2008,19,816
07/21/2008,22,816
07/22/2008,1,818
07/22/2008,4,818
07/22/2008,7,818
07/22/2008,10,816
07/22/2008,13,814
07/22/2008,16,812
07/22/2008,19,810
07/22/2008,22,808
07/23/2008,1,804
07/23/2008,4,800
07/23/2008,7,797
07/23/2008,10,788
07/23/2008,13,780
07/23/2008,16,772
07/23/2008,19,764
07/23/2008,22,754
07/24/2008,1,748
07/24/2008,4,744
07/24/2008,7,740
07/24/2008,10,736
07/24/2008,13,732
07/24/2008,16,728
07/24/2008,19,724
07/24/2008,22,724
07/25/2008,1,728
07/25/2008,4,734
07/25/2008,7,740
07/25/2008,10,752
07/25/2008,13,760
07/25/2008,16,767
07/25/2008,19,776
07/25/2008,22,786
07/26/2008,1,800
07/26/2008,4,818
07/26/2008,7,835
07/26/2008,10,854
07/26/2008,13,867
07/26/2008,16,880
07/26/2008,19,890
07/26/2008,22,900
07/27/2008,1,910
07/27/2008,4,920
07/27/2008,7,926
07/27/2008,10,930
07/27/2008,13,934
07/27/2008,16,937
07/27/2008,19,940
07/27/2008,22,942
07/28/2008,1,942
07/28/2008,4,942
07/28/2008,7,936
07/28/2008,10,932
07/28/2008,13,926
07/28/2008,16,923
07/28/2008,19,914
07/28/2008,22,904
07/29/2008,1,894
07/29/2008,4,886
07/29/2008,7,879
07/29/2008,10,868
07/29/2008,13,858
07/29/2008,16,850
07/29/2008,19,842
07/29/2008,22,839
07/30/2008,1,836
07/30/2008,4,832
07/30/2008,7,829
07/30/2008,10,824
07/30/2008,13,819
07/30/2008,16,814
07/30/2008,19,812
07/30/2008,22,810
07/31/2008,1,810
07/31/2008,4,810
07/31/2008,7,810
07/31/2008,10,808
07/31/2008,13,805
07/31/2008,16,802
07/31/2008,19,798
07/31/2008,22,794
08/01/2008,1,788
08/01/2008,4,780
08/01/2008,7,774
08/01/2008,10,760
08/01/2008,13,746
08/01/2008,16,732
08/01/2008,19,720
08/01/2008,22,710
08/02/2008,1,706
08/02/2008,4,703
08/02/2008,7,700
08/02/2008,10,692
08/02/2008,13,687
08/02/2008,16,680
08/02/2008,19,676
08/02/2008,22,672
08/03/2008,1,668
08/03/2008,4,664
08/03/2008,7,662
08/03/2008,10,660
08/03/2008,13,656
08/03/2008,16,649
08/03/2008,19,644
08/03/2008,22,640
08/04/2008,1,636
08/04/2008,4,634
08/04/2008,7,633
08/04/2008,10,632
08/04/2008,13,626
08/04/2008,16,622
08/04/2008,19,618
08/04/2008,22,614
08/05/2008,1,614
08/05/2008,4,614
08/05/2008,7,616
08/05/2008,10,616
08/05/2008,13,620
08/05/2008,16,622
08/05/2008,19,622
08/05/2008,22,624
08/06/2008,1,626
08/06/2008,4,628
08/06/2008,7,628
08/06/2008,10,630
08/06/2008,13,634
08/06/2008,16,634
08/06/2008,19,632
08/06/2008,22,636
08/07/2008,1,640
08/07/2008,4,646
08/07/2008,7,654
08/07/2008,10,660
08/07/2008,13,668
08/07/2008,16,674
08/07/2008,19,677
08/07/2008,22,682
08/08/2008,1,690
08/08/2008,4,696
08/08/2008,7,700
08/08/2008,10,702
08/08/2008,13,708
08/08/2008,16,712
08/08/2008,19,716
08/08/2008,22,730
08/09/2008,1,746
08/09/2008,4,762
08/09/2008,7,779
08/09/2008,10,802
08/09/2008,13,826
08/09/2008,16,852
08/09/2008,19,876
08/09/2008,22,906
08/10/2008,1,924
08/10/2008,4,938
08/10/2008,7,952
08/10/2008,10,960.5
08/10/2008,13,972
08/10/2008,16,981.5
08/10/2008,19,992
08/10/2008,22,999
08/11/2008,1,1008
08/11/2008,4,1016
08/11/2008,7,1021
08/11/2008,10,1025.5
08/11/2008,13,1030
08/11/2008,16,1034.5
08/11/2008,19,1038
08/11/2008,22,1041
08/12/2008,1,1042
08/12/2008,4,1038.5
08/12/2008,7,1036
08/12/2008,10,1030
08/12/2008,13,1024
08/12/2008,16,1019
08/12/2008,19,1016
08/12/2008,22,1012.5
08/13/2008,1,1010
08/13/2008,4,1009
08/13/2008,7,1002
08/13/2008,10,996
08/13/2008,13,991
08/13/2008,16,984.5
08/13/2008,19,974
08/13/2008,22,968
08/14/2008,1,962
08/14/2008,4,955
08/14/2008,7,946
08/14/2008,10,929
08/14/2008,13,922
08/14/2008,16,918
08/14/2008,19,914
08/14/2008,22,913
08/15/2008,1,910
08/15/2008,4,910
08/15/2008,7,908
08/15/2008,10,907
08/15/2008,13,907
08/15/2008,16,906
08/15/2008,19,906
08/15/2008,22,906
08/16/2008,1,906
08/16/2008,4,904
08/16/2008,7,903
08/16/2008,10,900
08/16/2008,13,896
08/16/2008,16,890
08/16/2008,19,886
08/16/2008,22,881
08/17/2008,1,873
08/17/2008,4,866
08/17/2008,7,860
08/17/2008,10,850
08/17/2008,13,840
08/17/2008,16,833
08/17/2008,19,824
08/17/2008,22,812
08/18/2008,1,802
08/18/2008,4,794
08/18/2008,7,785
08/18/2008,10,780
08/18/2008,13,774
08/18/2008,16,754
08/18/2008,19,732
08/18/2008,22,718
08/19/2008,1,706
08/19/2008,4,698
08/19/2008,7,691
08/19/2008,10,680
08/19/2008,13,672
08/19/2008,16,662
08/19/2008,19,656
08/19/2008,22,646
08/20/2008,1,638
08/20/2008,4,630
08/20/2008,7,622
08/20/2008,10,612
08/20/2008,13,596
08/20/2008,16,588
08/20/2008,19,582
08/20/2008,22,580
08/21/2008,1,578
08/21/2008,4,576
08/21/2008,7,575
08/21/2008,10,574
08/21/2008,13,572
08/21/2008,16,568
08/21/2008,19,562
08/21/2008,22,558
08/22/2008,1,554
08/22/2008,4,552
08/22/2008,7,550
08/22/2008,10,548
08/22/2008,13,546
08/22/2008,16,542
08/22/2008,19,540
08/22/2008,22,538
08/23/2008,1,536
08/23/2008,4,533
08/23/2008,7,530
08/23/2008,10,530
08/23/2008,13,530
08/23/2008,16,529
08/23/2008,19,526
08/23/2008,22,524
08/24/2008,1,522
08/24/2008,4,520
08/24/2008,7,517
08/24/2008,10,514
08/24/2008,13,512
08/24/2008,16,510
08/24/2008,19,508
08/24/2008,22,505
08/25/2008,1,500
08/25/2008,4,495
08/25/2008,7,492
08/25/2008,10,496
08/25/2008,13,486
08/25/2008,16,484
08/25/2008,19,482
08/25/2008,22,482
08/26/2008,1,482
08/26/2008,4,482
08/26/2008,7,482
08/26/2008,10,482
08/26/2008,13,482
08/26/2008,16,482
08/26/2008,19,482
08/26/2008,22,484
08/27/2008,1,486
08/27/2008,4,490
08/27/2008,7,494
08/27/2008,10,500
08/27/2008,13,503
08/27/2008,16,507
08/27/2008,19,516
08/27/2008,22,526
08/28/2008,1,532
08/28/2008,4,537
08/28/2008,7,542
08/28/2008,10,548
08/28/2008,13,554
08/28/2008,16,558
08/28/2008,19,562
08/28/2008,22,568
08/29/2008,1,574
08/29/2008,4,578
08/29/2008,7,582
08/29/2008,10,588
08/29/2008,13,596
08/29/2008,16,600
08/29/2008,19,606
08/29/2008,22,612
08/30/2008,1,616
08/30/2008,4,620
08/30/2008,7,624
08/30/2008,10,635
08/30/2008,13,637
08/30/2008,16,633
08/30/2008,19,632
08/30/2008,22,628
08/31/2008,1,626
08/31/2008,4,620
08/31/2008,7,615
08/31/2008,10,614
08/31/2008,13,612
08/31/2008,16,602
08/31/2008,19,596
08/31/2008,22,596
09/01/2008,1,598
09/01/2008,4,602
09/01/2008,7,606
09/01/2008,10,614
09/01/2008,13,625
09/01/2008,16,636
09/01/2008,19,644
09/01/2008,22,652
09/02/2008,1,662
09/02/2008,4,668
09/02/2008,7,675
09/02/2008,10,678
09/02/2008,13,678
09/02/2008,16,673
09/02/2008,19,667
09/02/2008,22,662
09/03/2008,1,654
09/03/2008,4,648
09/03/2008,7,643
09/03/2008,10,636
09/03/2008,13,628
09/03/2008,16,620
09/03/2008,19,616
09/03/2008,22,614
09/04/2008,1,612
09/04/2008,4,611
09/04/2008,7,610
09/04/2008,10,610
09/04/2008,13,612
09/04/2008,16,614
09/04/2008,19,616
09/04/2008,22,618
09/05/2008,1,622
09/05/2008,4,626
09/05/2008,7,632
09/05/2008,10,640
09/05/2008,13,648
09/05/2008,16,654
09/05/2008,19,668
09/05/2008,22,676
09/06/2008,1,684
09/06/2008,4,692
09/06/2008,7,700
09/06/2008,10,704
09/06/2008,13,706
09/06/2008,16,706
09/06/2008,19,704
09/06/2008,22,702
09/07/2008,1,700
09/07/2008,4,698
09/07/2008,7,696
09/07/2008,10,694
09/07/2008,13,690
09/07/2008,16,686
09/07/2008,19,682
09/07/2008,22,676
09/08/2008,1,670
09/08/2008,4,664
09/08/2008,7,658
09/08/2008,10,650
09/08/2008,13,642
09/08/2008,16,638
09/08/2008,19,636
09/08/2008,22,633
09/09/2008,1,629
09/09/2008,4,625
09/09/2008,7,623
09/09/2008,10,620
09/09/2008,13,618
09/09/2008,16,615
09/09/2008,19,614
09/09/2008,22,616
09/10/2008,1,620
09/10/2008,4,624
09/10/2008,7,630
09/10/2008,10,636
09/10/2008,13,639
09/10/2008,16,639
09/10/2008,19,640
09/10/2008,22,640
09/11/2008,1,641
09/11/2008,4,641
09/11/2008,7,642
09/11/2008,10,642
09/11/2008,13,641
09/11/2008,16,640
09/11/2008,19,638
09/11/2008,22,638
09/12/2008,1,640
09/12/2008,4,642
09/12/2008,7,642
09/12/2008,10,642
09/12/2008,13,640
09/12/2008,16,638
09/12/2008,19,634
09/12/2008,22,629
09/13/2008,1,622
09/13/2008,4,613
09/13/2008,7,606
09/13/2008,10,600
09/13/2008,13,589
09/13/2008,16,579
09/13/2008,19,563
09/13/2008,22,553
09/14/2008,1,546
09/14/2008,4,538
09/14/2008,7,532
09/14/2008,10,523
09/14/2008,13,518
09/14/2008,16,513
09/14/2008,19,510
09/14/2008,22,506
09/15/2008,1,504
09/15/2008,4,502
09/15/2008,7,500
09/15/2008,10,494
09/15/2008,13,490
09/15/2008,16,484
09/15/2008,19,480
09/15/2008,22,476
09/16/2008,1,472
09/16/2008,4,470
09/16/2008,7,468
09/16/2008,10,466
09/16/2008,13,463
09/16/2008,16,460
09/16/2008,19,456
09/16/2008,22,454
09/17/2008,1,454
09/17/2008,4,452
09/17/2008,7,452
09/17/2008,10,452
09/17/2008,13,452
09/17/2008,16,450
09/17/2008,19,450
09/17/2008,22,446
09/18/2008,1,444
09/18/2008,4,443
09/18/2008,7,442
09/18/2008,10,441
09/18/2008,13,440
09/18/2008,16,438
09/18/2008,19,436
09/18/2008,22,434
09/19/2008,1,432
09/19/2008,4,431
09/19/2008,7,430
09/19/2008,10,429
09/19/2008,13,428
09/19/2008,16,428
09/19/2008,19,428
09/19/2008,22,426
09/20/2008,1,424
09/20/2008,4,422
09/20/2008,7,420
09/20/2008,10,421.5
09/20/2008,13,423
09/20/2008,16,423
09/20/2008,19,423
09/20/2008,22,421.5
09/21/2008,1,420
09/21/2008,4,418
09/21/2008,7,416
09/21/2008,10,418
09/21/2008,13,420
09/21/2008,16,421
09/21/2008,19,422
09/21/2008,22,418
09/22/2008,1,414
09/22/2008,4,410
09/22/2008,7,406
09/22/2008,10,403.5
09/22/2008,13,401
09/22/2008,16,401
09/22/2008,19,401
09/22/2008,22,398.5
09/23/2008,1,396
09/23/2008,4,393
09/23/2008,7,390
09/23/2008,10,390
09/23/2008,13,390
09/23/2008,16,396
09/23/2008,19,402
09/23/2008,22,404
09/24/2008,1,406
09/24/2008,4,406.5
09/24/2008,7,407
09/24/2008,10,404.5
09/24/2008,13,402
09/24/2008,16,406
09/24/2008,19,410
09/24/2008,22,413
09/25/2008,1,416
09/25/2008,4,416
09/25/2008,7,416
09/25/2008,10,416
09/25/2008,13,416
09/25/2008,16,414
09/25/2008,19,418
09/25/2008,22,422
09/26/2008,1,430
09/26/2008,4,442
09/26/2008,7,456
09/26/2008,10,474
09/26/2008,13,488
09/26/2008,16,502
09/26/2008,19,518
09/26/2008,22,536
09/27/2008,1,554
09/27/2008,4,570
09/27/2008,7,586
09/27/2008,10,612
09/27/2008,13,636
09/27/2008,16,662
09/27/2008,19,694
09/27/2008,22,723
09/28/2008,1,743
09/28/2008,4,761.5
09/28/2008,7,777
09/28/2008,10,786.5
09/28/2008,13,793
09/28/2008,16,795.5
09/28/2008,19,796
09/28/2008,22,796
09/29/2008,1,796
09/29/2008,4,796
09/29/2008,7,794
09/29/2008,10,792
09/29/2008,13,786
09/29/2008,16,778
09/29/2008,19,770
09/29/2008,22,762
09/30/2008,1,754
09/30/2008,4,744
09/30/2008,7,732
09/30/2008,10,718
09/30/2008,13,708
09/30/2008,16,688
09/30/2008,19,666
09/30/2008,22,648
10/01/2008,1,632
10/01/2008,4,620
10/01/2008,7,608
10/01/2008,10,600
10/01/2008,13,594
10/01/2008,16,590
10/01/2008,19,582
10/01/2008,22,574
10/02/2008,1,568
10/02/2008,4,562
10/02/2008,7,556
10/02/2008,10,550
10/02/2008,13,546
10/02/2008,16,542
10/02/2008,19,535
10/02/2008,22,528
10/03/2008,1,520
10/03/2008,4,518
10/03/2008,7,516
10/03/2008,10,512
10/03/2008,13,508
10/03/2008,16,506
10/03/2008,19,504
10/03/2008,22,497
10/04/2008,1,490
10/04/2008,4,485
10/04/2008,7,480
10/04/2008,10,480
10/04/2008,13,480
10/04/2008,16,478
10/04/2008,19,476
10/04/2008,22,474
10/05/2008,1,472
10/05/2008,4,468
10/05/2008,7,464
10/05/2008,10,464
10/05/2008,13,464
10/05/2008,16,465
10/05/2008,19,466
10/05/2008,22,470
10/06/2008,1,474
10/06/2008,4,478
10/06/2008,7,482
10/06/2008,10,492
10/06/2008,13,502
10/06/2008,16,511
10/06/2008,19,520
10/06/2008,22,526
10/07/2008,1,532
10/07/2008,4,539
10/07/2008,7,546
10/07/2008,10,551
10/07/2008,13,556
10/07/2008,16,557
10/07/2008,19,558
10/07/2008,22,553
10/08/2008,1,548
10/08/2008,4,542
10/08/2008,7,536
10/08/2008,10,530
10/08/2008,13,524
10/08/2008,16,519
10/08/2008,19,514
10/08/2008,22,506
10/09/2008,1,498
10/09/2008,4,491
10/09/2008,7,484
10/09/2008,10,475
10/09/2008,13,466
10/09/2008,16,463
10/09/2008,19,460
10/09/2008,22,457
10/10/2008,1,454
10/10/2008,4,451
10/10/2008,7,448
10/10/2008,10,445
10/10/2008,13,442
10/10/2008,16,442
10/10/2008,19,442
10/10/2008,22,444
10/11/2008,1,446
10/11/2008,4,440.5
10/11/2008,7,435
10/11/2008,10,433.5
10/11/2008,13,432
10/11/2008,16,432
10/11/2008,19,432
10/11/2008,22,431
10/12/2008,1,430
10/12/2008,4,428
10/12/2008,7,426
10/12/2008,10,423.5
10/12/2008,13,421
10/12/2008,16,421
10/12/2008,19,421
10/12/2008,22,418.5
10/13/2008,1,416
10/13/2008,4,411
10/13/2008,7,406
10/13/2008,10,395
10/13/2008,13,384
10/13/2008,16,378
10/13/2008,19,372
10/13/2008,22,365
10/14/2008,1,358
10/14/2008,4,354
10/14/2008,7,350
10/14/2008,10,347
10/14/2008,13,344
10/14/2008,16,341
10/14/2008,19,338
10/14/2008,22,337
10/15/2008,1,336
10/15/2008,4,335
10/15/2008,7,334
10/15/2008,10,336
10/15/2008,13,338
10/15/2008,16,341
10/15/2008,19,344
10/15/2008,22,342
10/16/2008,1,340
10/16/2008,4,338
10/16/2008,7,336
10/16/2008,10,338.5
10/16/2008,13,341
10/16/2008,16,339.5
10/16/2008,19,338
10/16/2008,22,334.5
10/17/2008,1,331
10/17/2008,4,332.5
10/17/2008,7,334
10/17/2008,10,344
10/17/2008,13,354
10/17/2008,16,353
10/17/2008,19,352
10/17/2008,22,346
10/18/2008,1,340
10/18/2008,4,335
10/18/2008,7,330
10/18/2008,10,338
10/18/2008,13,346
10/18/2008,16,346
10/18/2008,19,346
10/18/2008,22,344
10/19/2008,1,342
10/19/2008,4,332
10/19/2008,7,322
10/19/2008,10,329
10/19/2008,13,336
10/19/2008,16,336.5
10/19/2008,19,337
10/19/2008,22,328.5
10/20/2008,1,320
10/20/2008,4,310
10/20/2008,7,300
10/20/2008,10,301
10/20/2008,13,302
10/20/2008,16,309
10/20/2008,19,316
10/20/2008,22,310
10/21/2008,1,304
10/21/2008,4,295
10/21/2008,7,286
10/21/2008,10,292
10/21/2008,13,298
10/21/2008,16,307
10/21/2008,19,316
10/21/2008,22,311
10/22/2008,1,306
10/22/2008,4,300
10/22/2008,7,294
10/22/2008,10,290
10/22/2008,13,286
10/22/2008,16,296
10/22/2008,19,306
10/22/2008,22,301
10/23/2008,1,296
10/23/2008,4,289
10/23/2008,7,282
10/23/2008,10,281
10/23/2008,13,280
10/23/2008,16,288
10/23/2008,19,296
10/23/2008,22,300
10/24/2008,1,304
10/24/2008,4,299
10/24/2008,7,294
10/24/2008,10,295
10/24/2008,13,296
10/24/2008,16,304
10/24/2008,19,312
10/24/2008,22,321
10/25/2008,1,330
10/25/2008,4,346
10/25/2008,7,358
10/25/2008,10,373
10/25/2008,13,384
10/25/2008,16,396
10/25/2008,19,402
10/25/2008,22,412
10/26/2008,1,414
10/26/2008,4,416
10/26/2008,7,416
10/26/2008,10,416
10/26/2008,13,411
10/26/2008,16,402
10/26/2008,19,402
10/26/2008,22,396
10/27/2008,1,390
10/27/2008,4,388
10/27/2008,7,386
10/27/2008,10,382
10/27/2008,13,378
10/27/2008,16,376
10/27/2008,19,372
10/27/2008,22,370
10/28/2008,1,370
10/28/2008,4,372.5
10/28/2008,7,375
10/28/2008,10,378.5
10/28/2008,13,382
10/28/2008,16,384
10/28/2008,19,386
10/28/2008,22,389
10/29/2008,1,392
10/29/2008,4,395.5
10/29/2008,7,399
10/29/2008,10,403.5
10/29/2008,13,408
10/29/2008,16,410
10/29/2008,19,412
10/29/2008,22,412
10/30/2008,1,412
10/30/2008,4,413
10/30/2008,7,414
10/30/2008,10,420
10/30/2008,13,426
10/30/2008,16,426
10/30/2008,19,426
10/30/2008,22,425
10/31/2008,1,424
10/31/2008,4,426
10/31/2008,7,428
10/31/2008,10,442
10/31/2008,13,456
10/31/2008,16,465
10/31/2008,19,474
10/31/2008,22,503
11/01/2008,1,536
11/01/2008,4,562
11/01/2008,7,584
11/01/2008,10,610
11/01/2008,13,629
11/01/2008,16,636
11/01/2008,19,642
11/01/2008,22,642
11/02/2008,1,646
11/02/2008,4,646
11/02/2008,7,646
11/02/2008,10,646
11/02/2008,13,644
11/02/2008,16,648
11/02/2008,19,652
11/02/2008,22,654
11/03/2008,1,654
11/03/2008,4,656
11/03/2008,7,656
11/03/2008,10,660
11/03/2008,13,664
11/03/2008,16,674
11/03/2008,19,686
11/03/2008,22,708
11/04/2008,1,736
11/04/2008,4,764
11/04/2008,7,810
11/04/2008,10,853
11/04/2008,13,884
11/04/2008,16,912
11/04/2008,19,936
11/04/2008,22,955
11/05/2008,1,966
11/05/2008,4,974
11/05/2008,7,980
11/05/2008,10,985
11/05/2008,13,986
11/05/2008,16,985
11/05/2008,19,984
11/05/2008,22,980.5
11/06/2008,1,976
11/06/2008,4,965
11/06/2008,7,956
11/06/2008,10,948
11/06/2008,13,938
11/06/2008,16,927
11/06/2008,19,912
11/06/2008,22,898
11/07/2008,1,886
11/07/2008,4,876
11/07/2008,7,867
11/07/2008,10,860
11/07/2008,13,854
11/07/2008,16,850
11/07/2008,19,850
11/07/2008,22,850
11/08/2008,1,850
11/08/2008,4,850
11/08/2008,7,850
11/08/2008,10,852.3333333
11/08/2008,13,855.6666667
11/08/2008,16,857.3333333
11/08/2008,19,860
11/08/2008,22,857.75
11/09/2008,1,852
11/09/2008,4,848
11/09/2008,7,842.3333333
11/09/2008,10,838
11/09/2008,13,831.3333333
11/09/2008,16,822.3333333
11/09/2008,19,816.3333333
11/09/2008,22,803.25
11/10/2008,1,787
11/10/2008,4,776
11/10/2008,7,767
11/10/2008,10,750
11/10/2008,13,738
11/10/2008,16,727
11/10/2008,19,718
11/10/2008,22,710
11/11/2008,1,704
11/11/2008,4,700
11/11/2008,7,695
11/11/2008,10,686
11/11/2008,13,676
11/11/2008,16,666
11/11/2008,19,658
11/11/2008,22,646
11/12/2008,1,638
11/12/2008,4,632
11/12/2008,7,628
11/12/2008,10,624
11/12/2008,13,620
11/12/2008,16,615
11/12/2008,19,610
11/12/2008,22,604
11/13/2008,1,598
11/13/2008,4,592
11/13/2008,7,587
11/13/2008,10,582
11/13/2008,13,578
11/13/2008,16,574
11/13/2008,19,568
11/13/2008,22,562
11/14/2008,1,554
11/14/2008,4,548
11/14/2008,7,544
11/14/2008,10,542
11/14/2008,13,540
11/14/2008,16,536
11/14/2008,19,530
11/14/2008,22,524
11/15/2008,1,519
11/15/2008,4,514
11/15/2008,7,510
11/15/2008,10,510
11/15/2008,13,510
11/15/2008,16,508
11/15/2008,19,504
11/15/2008,22,498
11/16/2008,1,492
11/16/2008,4,488
11/16/2008,7,486
11/16/2008,10,492
11/16/2008,13,496
11/16/2008,16,499
11/16/2008,19,500
11/16/2008,22,497
11/17/2008,1,493
11/17/2008,4,489
11/17/2008,7,486
11/17/2008,10,482
11/17/2008,13,488
11/17/2008,16,492
11/17/2008,19,494
11/17/2008,22,486
11/18/2008,1,480
11/18/2008,4,474
11/18/2008,7,470
11/18/2008,10,468
11/18/2008,13,470
11/18/2008,16,472
11/18/2008,19,474
11/18/2008,22,470
11/19/2008,1,462
11/19/2008,4,450
11/19/2008,7,444
11/19/2008,10,440
11/19/2008,13,438
11/19/2008,16,436
11/19/2008,19,440
11/19/2008,22,436
11/20/2008,1,428
11/20/2008,4,418
11/20/2008,7,408
11/20/2008,10,398
11/20/2008,13,394
11/20/2008,16,390
11/20/2008,19,397
11/20/2008,22,394
11/21/2008,1,390
11/21/2008,4,386
11/21/2008,7,383
11/21/2008,10,382
11/21/2008,13,382
11/21/2008,16,384
11/21/2008,19,388
11/21/2008,22,388
11/22/2008,1,386
11/22/2008,4,384
11/22/2008,7,382
11/22/2008,10,378
11/22/2008,13,374
11/22/2008,16,372
11/22/2008,19,372
11/22/2008,22,368
11/23/2008,1,364
11/23/2008,4,358
11/23/2008,7,356
11/23/2008,10,354
11/23/2008,13,351
11/23/2008,16,348
11/23/2008,19,346
11/23/2008,22,344
11/24/2008,1,342
11/24/2008,4,342
11/24/2008,7,342
11/24/2008,10,344
11/24/2008,13,346
11/24/2008,16,346
11/24/2008,19,346
11/24/2008,22,346
11/25/2008,1,346
11/25/2008,4,348
11/25/2008,7,350
11/25/2008,10,354
11/25/2008,13,358
11/25/2008,16,359
11/25/2008,19,360
11/25/2008,22,360
11/26/2008,1,360
11/26/2008,4,361
11/26/2008,7,362
11/26/2008,10,363
11/26/2008,13,364
11/26/2008,16,360
11/26/2008,19,356
11/26/2008,22,349.5
11/27/2008,1,343
11/27/2008,4,337.5
11/27/2008,7,332
11/27/2008,10,332
11/27/2008,13,332
11/27/2008,16,333
11/27/2008,19,334
11/27/2008,22,319
11/28/2008,1,304
11/28/2008,4,297
11/28/2008,7,290
11/28/2008,10,301
11/28/2008,13,312
11/28/2008,16,310
11/28/2008,19,308
11/28/2008,22,298
11/29/2008,1,288
11/29/2008,4,281
11/29/2008,7,274
11/29/2008,10,282
11/29/2008,13,290
11/29/2008,16,290.5
11/29/2008,19,291
11/29/2008,22,286.5
11/30/2008,1,282
11/30/2008,4,278.5
11/30/2008,7,275
11/30/2008,10,284.5
11/30/2008,13,294
11/30/2008,16,295
11/30/2008,19,296
11/30/2008,22,292
12/01/2008,1,288
12/01/2008,4,281
12/01/2008,7,274
12/01/2008,10,282
12/01/2008,13,290
12/01/2008,16,291
12/01/2008,19,292
12/01/2008,22,291
12/02/2008,1,290
12/02/2008,4,285
12/02/2008,7,280
12/02/2008,10,287
12/02/2008,13,294
12/02/2008,16,298
12/02/2008,19,302
12/02/2008,22,298
12/03/2008,1,294
12/03/2008,4,288
12/03/2008,7,282
12/03/2008,10,294
12/03/2008,13,306
12/03/2008,16,309
12/03/2008,19,312
12/03/2008,22,307
12/04/2008,1,302
12/04/2008,4,297
12/04/2008,7,292
12/04/2008,10,293.5
12/04/2008,13,295
12/04/2008,16,302.5
12/04/2008,19,310
12/04/2008,22,306
12/05/2008,1,302
12/05/2008,4,296
12/05/2008,7,290
12/05/2008,10,293
12/05/2008,13,296
12/05/2008,16,298
12/05/2008,19,300
12/05/2008,22,296
12/06/2008,1,292
12/06/2008,4,284
12/06/2008,7,276
12/06/2008,10,280
12/06/2008,13,284
12/06/2008,16,287
12/06/2008,19,290
12/06/2008,22,289
12/07/2008,1,288
12/07/2008,4,284
12/07/2008,7,280
12/07/2008,10,280
12/07/2008,13,280
12/07/2008,16,283
12/07/2008,19,286
12/07/2008,22,282
12/08/2008,1,278
12/08/2008,4,267
12/08/2008,7,256
12/08/2008,10,249
12/08/2008,13,242
12/08/2008,16,241
12/08/2008,19,240
12/08/2008,22,236
12/09/2008,1,232
12/09/2008,4,231
12/09/2008,7,230
12/09/2008,10,233
12/09/2008,13,236
12/09/2008,16,237
12/09/2008,19,238
12/09/2008,22,237
12/10/2008,1,236
12/10/2008,4,235
12/10/2008,7,234
12/10/2008,10,240
12/10/2008,13,246
12/10/2008,16,245
12/10/2008,19,244
12/10/2008,22,244
12/11/2008,1,244
12/11/2008,4,248
12/11/2008,7,252
12/11/2008,10,257
12/11/2008,13,262
12/11/2008,16,260
12/11/2008,19,258
12/11/2008,22,256
12/12/2008,1,254
12/12/2008,4,254
12/12/2008,7,254
12/12/2008,10,266
12/12/2008,13,278
12/12/2008,16,274
12/12/2008,19,270
12/12/2008,22,261
12/13/2008,1,252
12/13/2008,4,247
12/13/2008,7,242
12/13/2008,10,255
12/13/2008,13,268
12/13/2008,16,263
12/13/2008,19,258
12/13/2008,22,249
12/14/2008,1,240
12/14/2008,4,235
12/14/2008,7,230
12/14/2008,10,248
12/14/2008,13,266
12/14/2008,16,258
12/14/2008,19,250
12/14/2008,22,243
12/15/2008,1,236
12/15/2008,4,225
12/15/2008,7,214
12/15/2008,10,233
12/15/2008,13,252
12/15/2008,16,251
12/15/2008,19,250
12/15/2008,22,243
12/16/2008,1,236
12/16/2008,4,226
12/16/2008,7,216
12/16/2008,10,235
12/16/2008,13,254
12/16/2008,16,255
12/16/2008,19,256
12/16/2008,22,244
12/17/2008,1,232
12/17/2008,4,220
12/17/2008,7,208
12/17/2008,10,219
12/17/2008,13,230
12/17/2008,16,238
12/17/2008,19,246
12/17/2008,22,233
12/18/2008,1,220
12/18/2008,4,209
12/18/2008,7,198
12/18/2008,10,198
12/18/2008,13,198
12/18/2008,16,209
12/18/2008,19,220
12/18/2008,22,212
12/19/2008,1,204
12/19/2008,4,194
12/19/2008,7,184
12/19/2008,10,187
12/19/2008,13,190
12/19/2008,16,199
12/19/2008,19,208
12/19/2008,22,203
12/20/2008,1,198
12/20/2008,4,191
12/20/2008,7,184
12/20/2008,10,186
12/20/2008,13,188
12/20/2008,16,189
12/20/2008,19,190
12/20/2008,22,186.5
12/21/2008,1,183
12/21/2008,4,181.5
12/21/2008,7,180
12/21/2008,10,180
12/21/2008,13,180
12/21/2008,16,176
12/21/2008,19,172
12/21/2008,22,171
12/22/2008,1,170
12/22/2008,4,169
12/22/2008,7,168
12/22/2008,10,160
12/22/2008,13,152
12/22/2008,16,152
12/22/2008,19,152
12/22/2008,22,154
12/23/2008,1,156
12/23/2008,4,162
12/23/2008,7,168
12/23/2008,10,172
12/23/2008,13,176
12/23/2008,16,174
12/23/2008,19,172
12/23/2008,22,170
12/24/2008,1,168
12/24/2008,4,177
12/24/2008,7,186
12/24/2008,10,193
12/24/2008,13,200
12/24/2008,16,195
12/24/2008,19,190
12/24/2008,22,186
12/25/2008,1,182
12/25/2008,4,191
12/25/2008,7,200
12/25/2008,10,212
12/25/2008,13,224
12/25/2008,16,221
12/25/2008,19,218
12/25/2008,22,212
12/26/2008,1,206
12/26/2008,4,203
12/26/2008,7,200
12/26/2008,10,211
12/26/2008,13,222
12/26/2008,16,219
12/26/2008,19,216
12/26/2008,22,204
12/27/2008,1,192
12/27/2008,4,188
12/27/2008,7,184
12/27/2008,10,202
12/27/2008,13,220
12/27/2008,16,218.5
12/27/2008,19,217
12/27/2008,22,213.5
12/28/2008,1,210
12/28/2008,4,204
12/28/2008,7,198
12/28/2008,10,213
12/28/2008,13,228
12/28/2008,16,224
12/28/2008,19,220
12/28/2008,22,211
12/29/2008,1,202
12/29/2008,4,198
12/29/2008,7,194
12/29/2008,10,209
12/29/2008,13,224
12/29/2008,16,224
12/29/2008,19,224
12/29/2008,22,213
12/30/2008,1,202
12/30/2008,4,195
12/30/2008,7,188
12/30/2008,10,202
12/30/2008,13,216
12/30/2008,16,218
12/30/2008,19,220
12/30/2008,22,209
12/31/2008,1,198
12/31/2008,4,190
12/31/2008,7,182
12/31/2008,10,191
12/31/2008,13,200
12/31/2008,16,207
12/31/2008,19,214
12/31/2008,22,206
01/01/2009,1,198
01/01/2009,4,189
01/01/2009,7,180
01/01/2009,10,191.5
01/01/2009,13,203
01/01/2009,16,211.5
01/01/2009,19,220
01/01/2009,22,208
01/02/2009,1,196
01/02/2009,4,182
01/02/2009,7,168
01/02/2009,10,180
01/02/2009,13,192
01/02/2009,16,196
01/02/2009,19,200
01/02/2009,22,193
01/03/2009,1,186
01/03/2009,4,177
01/03/2009,7,168
01/03/2009,10,177
01/03/2009,13,186
01/03/2009,16,189
01/03/2009,19,192
01/03/2009,22,190
01/04/2009,1,188
01/04/2009,4,183
01/04/2009,7,178
01/04/2009,10,184
01/04/2009,13,190
01/04/2009,16,194
01/04/2009,19,198
01/04/2009,22,194
01/05/2009,1,190
01/05/2009,4,184
01/05/2009,7,178
01/05/2009,10,178
01/05/2009,13,178
01/05/2009,16,178
01/05/2009,19,178
01/05/2009,22,175
01/06/2009,1,172
01/06/2009,4,168
01/06/2009,7,164
01/06/2009,10,165
01/06/2009,13,166
01/06/2009,16,166
01/06/2009,19,166
01/06/2009,22,169
01/07/2009,1,172
01/07/2009,4,178
01/07/2009,7,184
01/07/2009,10,188
01/07/2009,13,192
01/07/2009,16,190
01/07/2009,19,188
01/07/2009,22,184
01/08/2009,1,180
01/08/2009,4,189
01/08/2009,7,198
01/08/2009,10,207
01/08/2009,13,216
01/08/2009,16,211
01/08/2009,19,206
01/08/2009,22,202
01/09/2009,1,198
01/09/2009,4,195.5
01/09/2009,7,194
01/09/2009,10,212
01/09/2009,13,218
01/09/2009,16,212.5
01/09/2009,19,202
01/09/2009,22,192
01/10/2009,1,184
01/10/2009,4,177
01/10/2009,7,182
01/10/2009,10,220.5
01/10/2009,13,222
01/10/2009,16,213.5
01/10/2009,19,200
01/10/2009,22,189
01/11/2009,1,184
01/11/2009,4,181
01/11/2009,7,178
01/11/2009,10,207
01/11/2009,13,224
01/11/2009,16,214
01/11/2009,19,198
01/11/2009,22,184
01/12/2009,1,170
01/12/2009,4,160
01/12/2009,7,158
01/12/2009,10,194
01/12/2009,13,212
01/12/2009,16,204
01/12/2009,19,190
01/12/2009,22,178
01/13/2009,1,166
01/13/2009,4,158
01/13/2009,7,154
01/13/2009,10,180
01/13/2009,13,210
01/13/2009,16,211
01/13/2009,19,200
01/13/2009,22,192
01/14/2009,1,182
01/14/2009,4,174.5
01/14/2009,7,168
01/14/2009,10,178
01/14/2009,13,208
01/14/2009,16,210
01/14/2009,19,206
01/14/2009,22,194
01/15/2009,1,184
01/15/2009,4,175
01/15/2009,7,170
01/15/2009,10,161
01/15/2009,13,176
01/15/2009,16,181
01/15/2009,19,182
01/15/2009,22,176
01/16/2009,1,168
01/16/2009,4,156
01/16/2009,7,148
01/16/2009,10,164
01/16/2009,13,176
01/16/2009,16,184
01/16/2009,19,184
01/16/2009,22,178
01/17/2009,1,171
01/17/2009,4,164.5
01/17/2009,7,158
01/17/2009,10,164
01/17/2009,13,168
01/17/2009,16,175
01/17/2009,19,178
01/17/2009,22,178
01/18/2009,1,178
01/18/2009,4,178
01/18/2009,7,178
01/18/2009,10,186
01/18/2009,13,192
01/18/2009,16,191
01/18/2009,19,192
01/18/2009,22,192
01/19/2009,1,194
01/19/2009,4,200
01/19/2009,7,206
01/19/2009,10,209
01/19/2009,13,214
01/19/2009,16,217.5
01/19/2009,19,216
01/19/2009,22,216
01/20/2009,1,218
01/20/2009,4,222.5
01/20/2009,7,230
01/20/2009,10,240
01/20/2009,13,246
01/20/2009,16,245
01/20/2009,19,236
01/20/2009,22,231
01/21/2009,1,228
01/21/2009,4,230
01/21/2009,7,238
01/21/2009,10,245
01/21/2009,13,248
01/21/2009,16,245
01/21/2009,19,232
01/21/2009,22,226
01/22/2009,1,220
01/22/2009,4,217
01/22/2009,7,222
01/22/2009,10,226
01/22/2009,13,232
01/22/2009,16,228
01/22/2009,19,222
01/22/2009,22,216
01/23/2009,1,210
01/23/2009,4,208
01/23/2009,7,218
01/23/2009,10,232
01/23/2009,13,236
01/23/2009,16,238
01/23/2009,19,236
01/23/2009,22,231
01/24/2009,1,228
01/24/2009,4,226
01/24/2009,7,226
01/24/2009,10,233
01/24/2009,13,238
01/24/2009,16,235
01/24/2009,19,232
01/24/2009,22,222
01/25/2009,1,214
01/25/2009,4,212
01/25/2009,7,212
01/25/2009,10,216
01/25/2009,13,234
01/25/2009,16,232
01/25/2009,19,224
01/25/2009,22,214
01/26/2009,1,206
01/26/2009,4,195
01/26/2009,7,188
01/26/2009,10,198
01/26/2009,13,220
01/26/2009,16,219
01/26/2009,19,216
01/26/2009,22,208
01/27/2009,1,198
01/27/2009,4,187
01/27/2009,7,180
01/27/2009,10,193
01/27/2009,13,206
01/27/2009,16,206.5
01/27/2009,19,202
01/27/2009,22,196
01/28/2009,1,188
01/28/2009,4,177
01/28/2009,7,172
01/28/2009,10,179
01/28/2009,13,200
01/28/2009,16,203.5
01/28/2009,19,198
01/28/2009,22,189
01/29/2009,1,178
01/29/2009,4,172
01/29/2009,7,168
01/29/2009,10,175
01/29/2009,13,192
01/29/2009,16,195.5
01/29/2009,19,192
01/29/2009,22,185.5
01/30/2009,1,177
01/30/2009,4,167
01/30/2009,7,160
01/30/2009,10,149.5
01/30/2009,13,160
01/30/2009,16,159
01/30/2009,19,158
01/30/2009,22,154
01/31/2009,1,145
01/31/2009,4,132
01/31/2009,7,120
01/31/2009,10,116
01/31/2009,13,126
01/31/2009,16,131
01/31/2009,19,132
01/31/2009,22,128
02/01/2009,1,120
02/01/2009,4,109.5
02/01/2009,7,100
02/01/2009,10,97
02/01/2009,13,102
02/01/2009,16,106
02/01/2009,19,106
02/01/2009,22,103
02/02/2009,1,106
02/02/2009,4,113
02/02/2009,7,122
02/02/2009,10,144
02/02/2009,13,174
02/02/2009,16,178
02/02/2009,19,180
02/02/2009,22,189
02/03/2009,1,196
02/03/2009,4,202
02/03/2009,7,208
02/03/2009,10,213
02/03/2009,13,216
02/03/2009,16,219
02/03/2009,19,220
02/03/2009,22,224
02/04/2009,1,230
02/04/2009,4,233
02/04/2009,7,236
02/04/2009,10,236
02/04/2009,13,237
02/04/2009,16,236.5
02/04/2009,19,236
02/04/2009,22,235
02/05/2009,1,236
02/05/2009,4,241.5
02/05/2009,7,246
02/05/2009,10,252
02/05/2009,13,254
02/05/2009,16,254
02/05/2009,19,254
02/05/2009,22,254
02/06/2009,1,254
02/06/2009,4,257
02/06/2009,7,262
02/06/2009,10,272
02/06/2009,13,276
02/06/2009,16,275
02/06/2009,19,270
02/06/2009,22,264
02/07/2009,1,258
02/07/2009,4,255
02/07/2009,7,262
02/07/2009,10,270
02/07/2009,13,272
02/07/2009,16,266
02/07/2009,19,256
02/07/2009,22,249
02/08/2009,1,238
02/08/2009,4,233
02/08/2009,7,238
02/08/2009,10,251.5
02/08/2009,13,258
02/08/2009,16,251.5
02/08/2009,19,246
02/08/2009,22,238.5
02/09/2009,1,229
02/09/2009,4,226
02/09/2009,7,224
02/09/2009,10,237
02/09/2009,13,244
02/09/2009,16,248
02/09/2009,19,252
02/09/2009,22,248
02/10/2009,1,246
02/10/2009,4,246
02/10/2009,7,246
02/10/2009,10,259
02/10/2009,13,274
02/10/2009,16,278
02/10/2009,19,276
02/10/2009,22,268
02/11/2009,1,262
02/11/2009,4,260
02/11/2009,7,260
02/11/2009,10,265
02/11/2009,13,277
02/11/2009,16,277.5
02/11/2009,19,272
02/11/2009,22,260
02/12/2009,1,249
02/12/2009,4,240
02/12/2009,7,232
02/12/2009,10,226
02/12/2009,13,226
02/12/2009,16,223.5
02/12/2009,19,216
02/12/2009,22,206.5
02/13/2009,1,194
02/13/2009,4,184.5
02/13/2009,7,176
02/13/2009,10,169
02/13/2009,13,175
02/13/2009,16,173.5
02/13/2009,19,170
02/13/2009,22,168
02/14/2009,1,162
02/14/2009,4,154
02/14/2009,7,148
02/14/2009,10,142
02/14/2009,13,146
02/14/2009,16,146
02/14/2009,19,146
02/14/2009,22,151
02/15/2009,1,152
02/15/2009,4,146
02/15/2009,7,142
02/15/2009,10,139
02/15/2009,13,136
02/15/2009,16,135.5
02/15/2009,19,134
02/15/2009,22,140
02/16/2009,1,146
02/16/2009,4,145
02/16/2009,7,136
02/16/2009,10,131.5
02/16/2009,13,122
02/16/2009,16,116
02/16/2009,19,116
02/16/2009,22,114
02/17/2009,1,122
02/17/2009,4,133
02/17/2009,7,142
02/17/2009,10,142
02/17/2009,13,142
02/17/2009,16,146
02/17/2009,19,146
02/17/2009,22,147
02/18/2009,1,156
02/18/2009,4,167
02/18/2009,7,176
02/18/2009,10,181
02/18/2009,13,182
02/18/2009,16,180
02/18/2009,19,168
02/18/2009,22,165
02/19/2009,1,164
02/19/2009,4,180
02/19/2009,7,202
02/19/2009,10,215
02/19/2009,13,220
02/19/2009,16,223
02/19/2009,19,226
02/19/2009,22,224
02/20/2009,1,226
02/20/2009,4,231
02/20/2009,7,242
02/20/2009,10,252
02/20/2009,13,256
02/20/2009,16,254
02/20/2009,19,248
02/20/2009,22,240
02/21/2009,1,238
02/21/2009,4,238
02/21/2009,7,240
02/21/2009,10,247
02/21/2009,13,249
02/21/2009,16,240.5
02/21/2009,19,232
02/21/2009,22,221
02/22/2009,1,214
02/22/2009,4,215
02/22/2009,7,218
02/22/2009,10,230.5
02/22/2009,13,236
02/22/2009,16,231.5
02/22/2009,19,226
02/22/2009,22,216.5
02/23/2009,1,208
02/23/2009,4,200.5
02/23/2009,7,196
02/23/2009,10,212
02/23/2009,13,216
02/23/2009,16,210
02/23/2009,19,200
02/23/2009,22,188.5
02/24/2009,1,179
02/24/2009,4,172
02/24/2009,7,166
02/24/2009,10,178
02/24/2009,13,186
02/24/2009,16,186
02/24/2009,19,182
02/24/2009,22,173
02/25/2009,1,164
02/25/2009,4,155
02/25/2009,7,148
02/25/2009,10,166
02/25/2009,13,178
02/25/2009,16,178
02/25/2009,19,172
02/25/2009,22,166.5
02/26/2009,1,162
02/26/2009,4,156.5
02/26/2009,7,152
02/26/2009,10,163
02/26/2009,13,176
02/26/2009,16,176
02/26/2009,19,172
02/26/2009,22,162
02/27/2009,1,154
02/27/2009,4,149
02/27/2009,7,148
02/27/2009,10,154
02/27/2009,13,166
02/27/2009,16,172
02/27/2009,19,170
02/27/2009,22,164
02/28/2009,1,158
02/28/2009,4,153.5
02/28/2009,7,150
02/28/2009,10,158.5
02/28/2009,13,170
02/28/2009,16,174.5
02/28/2009,19,178
02/28/2009,22,177
03/01/2009,1,172
03/01/2009,4,166
03/01/2009,7,162
03/01/2009,10,157
03/01/2009,13,156
03/01/2009,16,159
03/01/2009,19,162
03/01/2009,22,163
03/02/2009,1,166
03/02/2009,4,160
03/02/2009,7,152
03/02/2009,10,143
03/02/2009,13,140
03/02/2009,16,137
03/02/2009,19,134
03/02/2009,22,144
03/03/2009,1,152
03/03/2009,4,152
03/03/2009,7,152
03/03/2009,10,149
03/03/2009,13,143
03/03/2009,16,142
03/03/2009,19,142
03/03/2009,22,148
03/04/2009,1,158
03/04/2009,4,167
03/04/2009,7,174
03/04/2009,10,168
03/04/2009,13,162
03/04/2009,16,155
03/04/2009,19,148
03/04/2009,22,149
03/05/2009,1,154
03/05/2009,4,167
03/05/2009,7,178
03/05/2009,10,177
03/05/2009,13,172
03/05/2009,16,163
03/05/2009,19,152
03/05/2009,22,149
03/06/2009,1,148
03/06/2009,4,159.5
03/06/2009,7,176
03/06/2009,10,173
03/06/2009,13,164
03/06/2009,16,156
03/06/2009,19,150
03/06/2009,22,145
03/07/2009,1,144
03/07/2009,4,152
03/07/2009,7,164
03/07/2009,10,169
03/07/2009,13,163
03/07/2009,16,156
03/07/2009,19,150
03/07/2009,22,140.5
03/08/2009,1,130
03/08/2009,4,141
03/08/2009,7,160
03/08/2009,10,172.5
03/08/2009,13,170
03/08/2009,16,157
03/08/2009,19,144
03/08/2009,22,136
03/09/2009,1,132
03/09/2009,4,132
03/09/2009,7,132
03/09/2009,10,158
03/09/2009,13,154
03/09/2009,16,145
03/09/2009,19,130
03/09/2009,22,119
03/10/2009,1,114
03/10/2009,4,113
03/10/2009,7,112
03/10/2009,10,143
03/10/2009,13,160
03/10/2009,16,157
03/10/2009,19,148
03/10/2009,22,140
03/11/2009,1,132
03/11/2009,4,129
03/11/2009,7,126
03/11/2009,10,152
03/11/2009,13,168
03/11/2009,16,168.5
03/11/2009,19,164
03/11/2009,22,155
03/12/2009,1,148
03/12/2009,4,142
03/12/2009,7,136
03/12/2009,10,149
03/12/2009,13,160
03/12/2009,16,163.5
03/12/2009,19,164
03/12/2009,22,160
03/13/2009,1,154
03/13/2009,4,146
03/13/2009,7,142
03/13/2009,10,136
03/13/2009,13,140
03/13/2009,16,143
03/13/2009,19,148
03/13/2009,22,156
03/14/2009,1,160
03/14/2009,4,156
03/14/2009,7,148
03/14/2009,10,141
03/14/2009,13,138
03/14/2009,16,137.5
03/14/2009,19,140
03/14/2009,22,145.5
03/15/2009,1,154
03/15/2009,4,154
03/15/2009,7,146
03/15/2009,10,132
03/15/2009,13,122
03/15/2009,16,117.5
03/15/2009,19,112
03/15/2009,22,113
03/16/2009,1,116
03/16/2009,4,118
03/16/2009,7,122
03/16/2009,10,117
03/16/2009,13,106
03/16/2009,16,94
03/16/2009,19,92
03/16/2009,22,96
03/17/2009,1,126
03/17/2009,4,146
03/17/2009,7,142
03/17/2009,10,127
03/17/2009,13,118
03/17/2009,16,116
03/17/2009,19,112
03/17/2009,22,118
03/18/2009,1,130
03/18/2009,4,144
03/18/2009,7,154
03/18/2009,10,148
03/18/2009,13,138
03/18/2009,16,134
03/18/2009,19,134
03/18/2009,22,134
03/19/2009,1,140
03/19/2009,4,152
03/19/2009,7,162
03/19/2009,10,160
03/19/2009,13,160
03/19/2009,16,156
03/19/2009,19,154
03/19/2009,22,150
03/20/2009,1,146
03/20/2009,4,158
03/20/2009,7,167
03/20/2009,10,170
03/20/2009,13,168
03/20/2009,16,162
03/20/2009,19,156
03/20/2009,22,152
03/21/2009,1,150
03/21/2009,4,160
03/21/2009,7,174
03/21/2009,10,182
03/21/2009,13,180
03/21/2009,16,176
03/21/2009,19,170
03/21/2009,22,164
03/22/2009,1,160
03/22/2009,4,167
03/22/2009,7,178
03/22/2009,10,184
03/22/2009,13,188
03/22/2009,16,182
03/22/2009,19,174
03/22/2009,22,164
03/23/2009,1,154
03/23/2009,4,148
03/23/2009,7,148
03/23/2009,10,158
03/23/2009,13,172
03/23/2009,16,165
03/23/2009,19,157
03/23/2009,22,150
03/24/2009,1,144
03/24/2009,4,143
03/24/2009,7,142
03/24/2009,10,156
03/24/2009,13,170
03/24/2009,16,169
03/24/2009,19,168
03/24/2009,22,162
03/25/2009,1,156
03/25/2009,4,156
03/25/2009,7,156
03/25/2009,10,166
03/25/2009,13,176
03/25/2009,16,176
03/25/2009,19,176
03/25/2009,22,170
03/26/2009,1,164
03/26/2009,4,160
03/26/2009,7,156
03/26/2009,10,164
03/26/2009,13,172
03/26/2009,16,174
03/26/2009,19,176
03/26/2009,22,173
03/27/2009,1,170
03/27/2009,4,168
03/27/2009,7,166
03/27/2009,10,170
03/27/2009,13,174
03/27/2009,16,176
03/27/2009,19,178
03/27/2009,22,175
03/28/2009,1,172
03/28/2009,4,169
03/28/2009,7,166
03/28/2009,10,168
03/28/2009,13,170
03/28/2009,16,174
03/28/2009,19,178
03/28/2009,22,179
03/29/2009,1,180
03/29/2009,4,175
03/29/2009,7,170
03/29/2009,10,165
03/29/2009,13,160
03/29/2009,16,163
03/29/2009,19,166
03/29/2009,22,167
03/30/2009,1,168
03/30/2009,4,168
03/30/2009,7,168
03/30/2009,10,158
03/30/2009,13,148
03/30/2009,16,144
03/30/2009,19,140
03/30/2009,22,159
03/31/2009,1,178
03/31/2009,4,174
03/31/2009,7,170
03/31/2009,10,165
03/31/2009,13,160
03/31/2009,16,156
03/31/2009,19,152
03/31/2009,22,164
04/01/2009,1,176
04/01/2009,4,178
04/01/2009,7,180
04/01/2009,10,170
04/01/2009,13,160
04/01/2009,16,156
04/01/2009,19,152
04/01/2009,22,150
04/02/2009,1,148
04/02/2009,4,165
04/02/2009,7,182
04/02/2009,10,175
04/02/2009,13,168
04/02/2009,16,160
04/02/2009,19,152
04/02/2009,22,158
04/03/2009,1,164
04/03/2009,4,183
04/03/2009,7,202
04/03/2009,10,196
04/03/2009,13,190
04/03/2009,16,184
04/03/2009,19,178
04/03/2009,22,172
04/04/2009,1,166
04/04/2009,4,188
04/04/2009,7,210
04/04/2009,10,204
04/04/2009,13,198
04/04/2009,16,188
04/04/2009,19,178
04/04/2009,22,171
04/05/2009,1,164
04/05/2009,4,182
04/05/2009,7,200
04/05/2009,10,196
04/05/2009,13,192
04/05/2009,16,187
04/05/2009,19,182
04/05/2009,22,174
04/06/2009,1,166
04/06/2009,4,171
04/06/2009,7,176
04/06/2009,10,178
04/06/2009,13,180
04/06/2009,16,175
04/06/2009,19,170
04/06/2009,22,166
04/07/2009,1,162
04/07/2009,4,171
04/07/2009,7,180
04/07/2009,10,189
04/07/2009,13,198
04/07/2009,16,198
04/07/2009,19,198
04/07/2009,22,194
04/08/2009,1,190
04/08/2009,4,190
04/08/2009,7,190
04/08/2009,10,191
04/08/2009,13,192
04/08/2009,16,197
04/08/2009,19,202
04/08/2009,22,199
04/09/2009,1,196
04/09/2009,4,189
04/09/2009,7,182
04/09/2009,10,182
04/09/2009,13,182
04/09/2009,16,182
04/09/2009,19,182
04/09/2009,22,185
04/10/2009,1,188
04/10/2009,4,181
04/10/2009,7,174
04/10/2009,10,175
04/10/2009,13,176
04/10/2009,16,179
04/10/2009,19,182
04/10/2009,22,194
04/11/2009,1,206
04/11/2009,4,193
04/11/2009,7,180
04/11/2009,10,183
04/11/2009,13,186
04/11/2009,16,186
04/11/2009,19,186
04/11/2009,22,192
04/12/2009,1,198
04/12/2009,4,197
04/12/2009,7,196
04/12/2009,10,192
04/12/2009,13,188
04/12/2009,16,184
04/12/2009,19,180
04/12/2009,22,190
04/13/2009,1,200
04/13/2009,4,196
04/13/2009,7,192
04/13/2009,10,183
04/13/2009,13,174
04/13/2009,16,170
04/13/2009,19,166
04/13/2009,22,180
04/14/2009,1,194
04/14/2009,4,197
04/14/2009,7,200
04/14/2009,10,203
04/14/2009,13,206
04/14/2009,16,207
04/14/2009,19,208
04/14/2009,22,211
04/15/2009,1,214
04/15/2009,4,223
04/15/2009,7,232
04/15/2009,10,233
04/15/2009,13,234
04/15/2009,16,230
04/15/2009,19,226
04/15/2009,22,224
04/16/2009,1,222
04/16/2009,4,229.5
04/16/2009,7,237
04/16/2009,10,232.5
04/16/2009,13,228
04/16/2009,16,223
04/16/2009,19,218
04/16/2009,22,214
04/17/2009,1,210
04/17/2009,4,218
04/17/2009,7,226
04/17/2009,10,222
04/17/2009,13,218
04/17/2009,16,215
04/17/2009,19,212
04/17/2009,22,207
04/18/2009,1,202
04/18/2009,4,212
04/18/2009,7,222
04/18/2009,10,218
04/18/2009,13,214
04/18/2009,16,208
04/18/2009,19,202
04/18/2009,22,200
04/19/2009,1,198
04/19/2009,4,206
04/19/2009,7,214
04/19/2009,10,213
04/19/2009,13,212
04/19/2009,16,206
04/19/2009,19,200
04/19/2009,22,195
04/20/2009,1,190
04/20/2009,4,198
04/20/2009,7,206
04/20/2009,10,208.5
04/20/2009,13,211
04/20/2009,16,205.5
04/20/2009,19,200
04/20/2009,22,198
04/21/2009,1,196
04/21/2009,4,197
04/21/2009,7,198
04/21/2009,10,202
04/21/2009,13,206
04/21/2009,16,204
04/21/2009,19,202
04/21/2009,22,198
04/22/2009,1,194
04/22/2009,4,198
04/22/2009,7,202
04/22/2009,10,205
04/22/2009,13,208
04/22/2009,16,206
04/22/2009,19,204
04/22/2009,22,195
04/23/2009,1,186
04/23/2009,4,188
04/23/2009,7,190
04/23/2009,10,192
04/23/2009,13,194
04/23/2009,16,192
04/23/2009,19,190
04/23/2009,22,188
04/24/2009,1,186
04/24/2009,4,184
04/24/2009,7,182
04/24/2009,10,183
04/24/2009,13,184
04/24/2009,16,188
04/24/2009,19,192
04/24/2009,22,191
04/25/2009,1,190
04/25/2009,4,188.5
04/25/2009,7,187
04/25/2009,10,188.5
04/25/2009,13,190
04/25/2009,16,193
04/25/2009,19,196
04/25/2009,22,198
04/26/2009,1,200
04/26/2009,4,197
04/26/2009,7,194
04/26/2009,10,189
04/26/2009,13,184
04/26/2009,16,180
04/26/2009,19,176
04/26/2009,22,185
04/27/2009,1,194
04/27/2009,4,189
04/27/2009,7,184
04/27/2009,10,174
04/27/2009,13,164
04/27/2009,16,157
04/27/2009,19,150
04/27/2009,22,171
04/28/2009,1,192
04/28/2009,4,188
04/28/2009,7,184
04/28/2009,10,176
04/28/2009,13,168
04/28/2009,16,165
04/28/2009,19,162
04/28/2009,22,181
04/29/2009,1,200
04/29/2009,4,203
04/29/2009,7,206
04/29/2009,10,199
04/29/2009,13,192
04/29/2009,16,185
04/29/2009,19,178
04/29/2009,22,198
04/30/2009,1,218
04/30/2009,4,222
04/30/2009,7,226
04/30/2009,10,216
04/30/2009,13,206
04/30/2009,16,196
04/30/2009,19,186
04/30/2009,22,199
05/01/2009,1,212
05/01/2009,4,217
05/01/2009,7,222
05/01/2009,10,212
05/01/2009,13,202
05/01/2009,16,194
05/01/2009,19,186
05/01/2009,22,181
05/02/2009,1,176
05/02/2009,4,202
05/02/2009,7,228
05/02/2009,10,221
05/02/2009,13,214
05/02/2009,16,207
05/02/2009,19,200
05/02/2009,22,193
05/03/2009,1,186
05/03/2009,4,198
05/03/2009,7,210
05/03/2009,10,205
05/03/2009,13,200
05/03/2009,16,191
05/03/2009,19,182
05/03/2009,22,176
05/04/2009,1,170
05/04/2009,4,180
05/04/2009,7,190
05/04/2009,10,188
05/04/2009,13,186
05/04/2009,16,181
05/04/2009,19,176
05/04/2009,22,172
05/05/2009,1,168
05/05/2009,4,180
05/05/2009,7,192
05/05/2009,10,201
05/05/2009,13,210
05/05/2009,16,212
05/05/2009,19,214
05/05/2009,22,214
05/06/2009,1,214
05/06/2009,4,220
05/06/2009,7,226
05/06/2009,10,236
05/06/2009,13,246
05/06/2009,16,253
05/06/2009,19,260
05/06/2009,22,261
05/07/2009,1,262
05/07/2009,4,266
05/07/2009,7,270
05/07/2009,10,276
05/07/2009,13,282
05/07/2009,16,289
05/07/2009,19,296
05/07/2009,22,298
05/08/2009,1,300
05/08/2009,4,308
05/08/2009,7,316
05/08/2009,10,322
05/08/2009,13,326
05/08/2009,16,328
05/08/2009,19,332
05/08/2009,22,338
05/09/2009,1,342
05/09/2009,4,342
05/09/2009,7,344
05/09/2009,10,346
05/09/2009,13,348
05/09/2009,16,352
05/09/2009,19,356
05/09/2009,22,370
05/10/2009,1,380
05/10/2009,4,386
05/10/2009,7,391
05/10/2009,10,393
05/10/2009,13,396
05/10/2009,16,398
05/10/2009,19,400
05/10/2009,22,405
05/11/2009,1,408
05/11/2009,4,408
05/11/2009,7,402
05/11/2009,10,390
05/11/2009,13,380
05/11/2009,16,368
05/11/2009,19,356
05/11/2009,22,350
05/12/2009,1,350
05/12/2009,4,350
05/12/2009,7,348
05/12/2009,10,346
05/12/2009,13,344
05/12/2009,16,340
05/12/2009,19,338
05/12/2009,22,336
05/13/2009,1,344
05/13/2009,4,350
05/13/2009,7,352
05/13/2009,10,358
05/13/2009,13,362
05/13/2009,16,368
05/13/2009,19,374
05/13/2009,22,380
05/14/2009,1,392
05/14/2009,4,400
05/14/2009,7,414
05/14/2009,10,414
05/14/2009,13,414
05/14/2009,16,406
05/14/2009,19,398
05/14/2009,22,404
05/15/2009,1,414
05/15/2009,4,406
05/15/2009,7,394
05/15/2009,10,386
05/15/2009,13,382
05/15/2009,16,376
05/15/2009,19,370
05/15/2009,22,364
05/16/2009,1,360
05/16/2009,4,372
05/16/2009,7,388
05/16/2009,10,402
05/16/2009,13,416
05/16/2009,16,428
05/16/2009,19,440
05/16/2009,22,454
05/17/2009,1,470
05/17/2009,4,490
05/17/2009,7,510
05/17/2009,10,525
05/17/2009,13,532
05/17/2009,16,535
05/17/2009,19,538
05/17/2009,22,538
05/18/2009,1,536
05/18/2009,4,536
05/18/2009,7,544
05/18/2009,10,558
05/18/2009,13,560
05/18/2009,16,558
05/18/2009,19,556
05/18/2009,22,556
05/19/2009,1,556
05/19/2009,4,554
05/19/2009,7,560
05/19/2009,10,553
05/19/2009,13,550
05/19/2009,16,550
05/19/2009,19,546
05/19/2009,22,542
05/20/2009,1,536
05/20/2009,4,532
05/20/2009,7,530
05/20/2009,10,530
05/20/2009,13,526
05/20/2009,16,518
05/20/2009,19,502
05/20/2009,22,492
05/21/2009,1,488
05/21/2009,4,484
05/21/2009,7,477
05/21/2009,10,474
05/21/2009,13,470
05/21/2009,16,466
05/21/2009,19,464
05/21/2009,22,459
05/22/2009,1,452
05/22/2009,4,450
05/22/2009,7,450
05/22/2009,10,442
05/22/2009,13,436
05/22/2009,16,434
05/22/2009,19,433
05/22/2009,22,432
05/23/2009,1,430
05/23/2009,4,426
05/23/2009,7,426
05/23/2009,10,426
05/23/2009,13,422
05/23/2009,16,418
05/23/2009,19,418
05/23/2009,22,418
05/24/2009,1,418
05/24/2009,4,418
05/24/2009,7,416
05/24/2009,10,416
05/24/2009,13,416
05/24/2009,16,410
05/24/2009,19,410
05/24/2009,22,414
05/25/2009,1,416
05/25/2009,4,414
05/25/2009,7,414
05/25/2009,10,414
05/25/2009,13,414
05/25/2009,16,414
05/25/2009,19,412
05/25/2009,22,418
05/26/2009,1,422
05/26/2009,4,426
05/26/2009,7,418
05/26/2009,10,414
05/26/2009,13,406
05/26/2009,16,396
05/26/2009,19,390
05/26/2009,22,390
05/27/2009,1,392
05/27/2009,4,394
05/27/2009,7,386
05/27/2009,10,380
05/27/2009,13,376
05/27/2009,16,366
05/27/2009,19,358
05/27/2009,22,356
05/28/2009,1,374
05/28/2009,4,380
05/28/2009,7,380
05/28/2009,10,378
05/28/2009,13,376
05/28/2009,16,374
05/28/2009,19,374
05/28/2009,22,378
05/29/2009,1,390
05/29/2009,4,404
05/29/2009,7,409
05/29/2009,10,414
05/29/2009,13,414
05/29/2009,16,414
05/29/2009,19,414
05/29/2009,22,418
05/30/2009,1,424
05/30/2009,4,428
05/30/2009,7,446
05/30/2009,10,462
05/30/2009,13,472
05/30/2009,16,482
05/30/2009,19,494
05/30/2009,22,502
05/31/2009,1,510
05/31/2009,4,516
05/31/2009,7,519
05/31/2009,10,519
05/31/2009,13,518
05/31/2009,16,514
05/31/2009,19,494
05/31/2009,22,494
06/01/2009,1,494
06/01/2009,4,492
06/01/2009,7,486
06/01/2009,10,484
06/01/2009,13,482
06/01/2009,16,472
06/01/2009,19,462
06/01/2009,22,454
06/02/2009,1,448
06/02/2009,4,444
06/02/2009,7,440
06/02/2009,10,436
06/02/2009,13,432
06/02/2009,16,428
06/02/2009,19,420
06/02/2009,22,416
06/03/2009,1,412
06/03/2009,4,406
06/03/2009,7,409
06/03/2009,10,409
06/03/2009,13,409
06/03/2009,16,410
06/03/2009,19,416
06/03/2009,22,420
06/04/2009,1,428
06/04/2009,4,440
06/04/2009,7,451
06/04/2009,10,464
06/04/2009,13,472
06/04/2009,16,476
06/04/2009,19,480
06/04/2009,22,484
06/05/2009,1,488
06/05/2009,4,492
06/05/2009,7,492
06/05/2009,10,494
06/05/2009,13,494
06/05/2009,16,492
06/05/2009,19,492
06/05/2009,22,492
06/06/2009,1,492
06/06/2009,4,490
06/06/2009,7,490
06/06/2009,10,486
06/06/2009,13,482
06/06/2009,16,476
06/06/2009,19,470
06/06/2009,22,468
06/07/2009,1,466
06/07/2009,4,464
06/07/2009,7,462
06/07/2009,10,462
06/07/2009,13,460
06/07/2009,16,456
06/07/2009,19,452
06/07/2009,22,450
06/08/2009,1,450
06/08/2009,4,450
06/08/2009,7,448
06/08/2009,10,444
06/08/2009,13,440
06/08/2009,16,436
06/08/2009,19,428
06/08/2009,22,428
06/09/2009,1,432
06/09/2009,4,430
06/09/2009,7,426
06/09/2009,10,422
06/09/2009,13,418
06/09/2009,16,410
06/09/2009,19,396
06/09/2009,22,392
06/10/2009,1,390
06/10/2009,4,390
06/10/2009,7,390
06/10/2009,10,388
06/10/2009,13,386
06/10/2009,16,378
06/10/2009,19,372
06/10/2009,22,366
06/11/2009,1,366
06/11/2009,4,370
06/11/2009,7,370
06/11/2009,10,370
06/11/2009,13,370
06/11/2009,16,370
06/11/2009,19,362
06/11/2009,22,362
06/12/2009,1,362
06/12/2009,4,362
06/12/2009,7,360
06/12/2009,10,354
06/12/2009,13,346
06/12/2009,16,334
06/12/2009,19,334
06/12/2009,22,330
06/13/2009,1,328
06/13/2009,4,333
06/13/2009,7,338
06/13/2009,10,339
06/13/2009,13,340
06/13/2009,16,337
06/13/2009,19,334
06/13/2009,22,332
06/14/2009,1,330
06/14/2009,4,329
06/14/2009,7,328
06/14/2009,10,324.5
06/14/2009,13,321
06/14/2009,16,316
06/14/2009,19,311
06/14/2009,22,307.5
06/15/2009,1,304
06/15/2009,4,302
06/15/2009,7,300
06/15/2009,10,296
06/15/2009,13,292
06/15/2009,16,289
06/15/2009,19,286
06/15/2009,22,291
06/16/2009,1,296
06/16/2009,4,302
06/16/2009,7,308
06/16/2009,10,320
06/16/2009,13,324
06/16/2009,16,328
06/16/2009,19,328
06/16/2009,22,328
06/17/2009,1,328
06/17/2009,4,333
06/17/2009,7,338
06/17/2009,10,345
06/17/2009,13,352
06/17/2009,16,357
06/17/2009,19,362
06/17/2009,22,366
06/18/2009,1,370
06/18/2009,4,376
06/18/2009,7,382
06/18/2009,10,384
06/18/2009,13,386
06/18/2009,16,389
06/18/2009,19,392
06/18/2009,22,393
06/19/2009,1,394
06/19/2009,4,392
06/19/2009,7,390
06/19/2009,10,387
06/19/2009,13,384
06/19/2009,16,385
06/19/2009,19,386
06/19/2009,22,381
06/20/2009,1,376
06/20/2009,4,372
06/20/2009,7,368
06/20/2009,10,369
06/20/2009,13,370
06/20/2009,16,370
06/20/2009,19,370
06/20/2009,22,369
06/21/2009,1,368
06/21/2009,4,363
06/21/2009,7,358
06/21/2009,10,352
06/21/2009,13,346
06/21/2009,16,341
06/21/2009,19,336
06/21/2009,22,339
06/22/2009,1,342
06/22/2009,4,336
06/22/2009,7,330
06/22/2009,10,322
06/22/2009,13,314
06/22/2009,16,310
06/22/2009,19,306
06/22/2009,22,310
06/23/2009,1,314
06/23/2009,4,319
06/23/2009,7,324
06/23/2009,10,323
06/23/2009,13,322
06/23/2009,16,322
06/23/2009,19,322
06/23/2009,22,329
06/24/2009,1,336
06/24/2009,4,342
06/24/2009,7,348
06/24/2009,10,349
06/24/2009,13,350
06/24/2009,16,348
06/24/2009,19,346
06/24/2009,22,353
06/25/2009,1,360
06/25/2009,4,366
06/25/2009,7,363
06/25/2009,10,358
06/25/2009,13,354
06/25/2009,16,350
06/25/2009,19,350
06/25/2009,22,350
06/26/2009,1,358
06/26/2009,4,360
06/26/2009,7,362
06/26/2009,10,357
06/26/2009,13,352
06/26/2009,16,349
06/26/2009,19,346
06/26/2009,22,347
06/27/2009,1,348
06/27/2009,4,351.5
06/27/2009,7,355
06/27/2009,10,353.5
06/27/2009,13,352
06/27/2009,16,352
06/27/2009,19,352
06/27/2009,22,356
06/28/2009,1,360
06/28/2009,4,368
06/28/2009,7,376
06/28/2009,10,374
06/28/2009,13,372
06/28/2009,16,370
06/28/2009,19,368
06/28/2009,22,366
06/29/2009,1,364
06/29/2009,4,370
06/29/2009,7,376
06/29/2009,10,379
06/29/2009,13,382
06/29/2009,16,383
06/29/2009,19,384
06/29/2009,22,386
06/30/2009,1,388
06/30/2009,4,391
06/30/2009,7,394
06/30/2009,10,396
06/30/2009,13,398
06/30/2009,16,398
06/30/2009,19,398
06/30/2009,22,395
07/01/2009,1,392
07/01/2009,4,386.5
07/01/2009,7,381
07/01/2009,10,378.5
07/01/2009,13,376
07/01/2009,16,374
07/01/2009,19,372
07/01/2009,22,369
07/02/2009,1,366
07/02/2009,4,370
07/02/2009,7,374
07/02/2009,10,381
07/02/2009,13,388
07/02/2009,16,396.5
07/02/2009,19,405
07/02/2009,22,415.5
07/03/2009,1,426
07/03/2009,4,438
07/03/2009,7,448
07/03/2009,10,448
07/03/2009,13,452
07/03/2009,16,452
07/03/2009,19,448
07/03/2009,22,446
07/04/2009,1,444
07/04/2009,4,444
07/04/2009,7,444
07/04/2009,10,452
07/04/2009,13,452
07/04/2009,16,452
07/04/2009,19,456
07/04/2009,22,462
07/05/2009,1,464
07/05/2009,4,472
07/05/2009,7,480
07/05/2009,10,493
07/05/2009,13,506
07/05/2009,16,530
07/05/2009,19,556
07/05/2009,22,590
07/06/2009,1,620
07/06/2009,4,658
07/06/2009,7,692
07/06/2009,10,716
07/06/2009,13,736
07/06/2009,16,754
07/06/2009,19,774
07/06/2009,22,796
07/07/2009,1,816
07/07/2009,4,834
07/07/2009,7,846
07/07/2009,10,852
07/07/2009,13,856
07/07/2009,16,860
07/07/2009,19,864
07/07/2009,22,868
07/08/2009,1,872
07/08/2009,4,876
07/08/2009,7,878
07/08/2009,10,879
07/08/2009,13,876
07/08/2009,16,874
07/08/2009,19,871
07/08/2009,22,869
07/09/2009,1,868
07/09/2009,4,868
07/09/2009,7,868
07/09/2009,10,868
07/09/2009,13,864
07/09/2009,16,862
07/09/2009,19,858
07/09/2009,22,854
07/10/2009,1,848
07/10/2009,4,846
07/10/2009,7,844
07/10/2009,10,843
07/10/2009,13,842
07/10/2009,16,841
07/10/2009,19,840
07/10/2009,22,838
07/11/2009,1,836
07/11/2009,4,836
07/11/2009,7,836
07/11/2009,10,833
07/11/2009,13,830
07/11/2009,16,827
07/11/2009,19,820
07/11/2009,22,815
07/12/2009,1,810
07/12/2009,4,802
07/12/2009,7,796
07/12/2009,10,790
07/12/2009,13,784
07/12/2009,16,776
07/12/2009,19,774
07/12/2009,22,766
07/13/2009,1,764
07/13/2009,4,758
07/13/2009,7,752
07/13/2009,10,754
07/13/2009,13,758
07/13/2009,16,758
07/13/2009,19,756
07/13/2009,22,754
07/14/2009,1,752
07/14/2009,4,750
07/14/2009,7,754
07/14/2009,10,758
07/14/2009,13,760
07/14/2009,16,758
07/14/2009,19,758
07/14/2009,22,762
07/15/2009,1,762
07/15/2009,4,762
07/15/2009,7,763
07/15/2009,10,760
07/15/2009,13,758
07/15/2009,16,758
07/15/2009,19,756
07/15/2009,22,753
07/16/2009,1,750
07/16/2009,4,747
07/16/2009,7,742
07/16/2009,10,740
07/16/2009,13,734
07/16/2009,16,732
07/16/2009,19,730
07/16/2009,22,728
07/17/2009,1,726
07/17/2009,4,726
07/17/2009,7,724
07/17/2009,10,718
07/17/2009,13,714
07/17/2009,16,716
07/17/2009,19,716
07/17/2009,22,716
07/18/2009,1,714
07/18/2009,4,710
07/18/2009,7,710
07/18/2009,10,712
07/18/2009,13,712
07/18/2009,16,712
07/18/2009,19,712
07/18/2009,22,712
07/19/2009,1,712
07/19/2009,4,712
07/19/2009,7,712
07/19/2009,10,712
07/19/2009,13,710
07/19/2009,16,706
07/19/2009,19,704
07/19/2009,22,702
07/20/2009,1,700
07/20/2009,4,696
07/20/2009,7,696
07/20/2009,10,702
07/20/2009,13,706
07/20/2009,16,702
07/20/2009,19,698
07/20/2009,22,698
07/21/2009,1,698
07/21/2009,4,700
07/21/2009,7,703
07/21/2009,10,706
07/21/2009,13,708
07/21/2009,16,706
07/21/2009,19,706
07/21/2009,22,706
07/22/2009,1,704
07/22/2009,4,704
07/22/2009,7,698
07/22/2009,10,692
07/22/2009,13,676
07/22/2009,16,666
07/22/2009,19,660
07/22/2009,22,654
07/23/2009,1,650
07/23/2009,4,646
07/23/2009,7,640
07/23/2009,10,628
07/23/2009,13,628
07/23/2009,16,622
07/23/2009,19,616
07/23/2009,22,612
07/24/2009,1,606
07/24/2009,4,604
07/24/2009,7,598
07/24/2009,10,586
07/24/2009,13,574
07/24/2009,16,566
07/24/2009,19,556
07/24/2009,22,547
07/25/2009,1,541
07/25/2009,4,539
07/25/2009,7,533
07/25/2009,10,529
07/25/2009,13,526
07/25/2009,16,525
07/25/2009,19,518
07/25/2009,22,518
07/26/2009,1,516
07/26/2009,4,512
07/26/2009,7,510
07/26/2009,10,508
07/26/2009,13,506
07/26/2009,16,503
07/26/2009,19,498
07/26/2009,22,496
07/27/2009,1,492
07/27/2009,4,488
07/27/2009,7,492
07/27/2009,10,496
07/27/2009,13,498
07/27/2009,16,500
07/27/2009,19,502
07/27/2009,22,502
07/28/2009,1,502
07/28/2009,4,500
07/28/2009,7,499
07/28/2009,10,496
07/28/2009,13,494
07/28/2009,16,491
07/28/2009,19,484
07/28/2009,22,484
07/29/2009,1,484
07/29/2009,4,486
07/29/2009,7,490
07/29/2009,10,496
07/29/2009,13,504
07/29/2009,16,510
07/29/2009,19,518
07/29/2009,22,524
07/30/2009,1,528
07/30/2009,4,532
07/30/2009,7,538
07/30/2009,10,546
07/30/2009,13,548
07/30/2009,16,552
07/30/2009,19,558
07/30/2009,22,564
07/31/2009,1,572
07/31/2009,4,584
07/31/2009,7,598
07/31/2009,10,604
07/31/2009,13,608
07/31/2009,16,618
07/31/2009,19,632
07/31/2009,22,646
08/01/2009,1,654
08/01/2009,4,662
08/01/2009,7,666
08/01/2009,10,667
08/01/2009,13,668
08/01/2009,16,670
08/01/2009,19,672
08/01/2009,22,676
08/02/2009,1,678
08/02/2009,4,680
08/02/2009,7,684
08/02/2009,10,686
08/02/2009,13,688
08/02/2009,16,690
08/02/2009,19,690
08/02/2009,22,692
08/03/2009,1,694
08/03/2009,4,694
08/03/2009,7,694
08/03/2009,10,694
08/03/2009,13,694
08/03/2009,16,692
08/03/2009,19,692
08/03/2009,22,692
08/04/2009,1,692
08/04/2009,4,692
08/04/2009,7,690
08/04/2009,10,688
08/04/2009,13,686
08/04/2009,16,682
08/04/2009,19,680
08/04/2009,22,676
08/05/2009,1,674
08/05/2009,4,674
08/05/2009,7,673
08/05/2009,10,670
08/05/2009,13,666
08/05/2009,16,660
08/05/2009,19,660
08/05/2009,22,659
08/06/2009,1,658
08/06/2009,4,656
08/06/2009,7,656
08/06/2009,10,656
08/06/2009,13,656
08/06/2009,16,656
08/06/2009,19,656
08/06/2009,22,654
08/07/2009,1,654
08/07/2009,4,654
08/07/2009,7,656
08/07/2009,10,659
08/07/2009,13,662
08/07/2009,16,662
08/07/2009,19,666
08/07/2009,22,667
08/08/2009,1,668
08/08/2009,4,668
08/08/2009,7,670
08/08/2009,10,672
08/08/2009,13,672
08/08/2009,16,672
08/08/2009,19,672
08/08/2009,22,670
08/09/2009,1,664
08/09/2009,4,656
08/09/2009,7,647
08/09/2009,10,636
08/09/2009,13,628
08/09/2009,16,618
08/09/2009,19,604
08/09/2009,22,596
08/10/2009,1,586
08/10/2009,4,572
08/10/2009,7,560
08/10/2009,10,546
08/10/2009,13,534
08/10/2009,16,518
08/10/2009,19,508
08/10/2009,22,498
08/11/2009,1,490
08/11/2009,4,484
08/11/2009,7,476
08/11/2009,10,470
08/11/2009,13,464
08/11/2009,16,458
08/11/2009,19,454
08/11/2009,22,450
08/12/2009,1,445
08/12/2009,4,442
08/12/2009,7,442
08/12/2009,10,432
08/12/2009,13,429
08/12/2009,16,426
08/12/2009,19,422
08/12/2009,22,418
08/13/2009,1,414
08/13/2009,4,415
08/13/2009,7,416
08/13/2009,10,418
08/13/2009,13,420
08/13/2009,16,423
08/13/2009,19,426
08/13/2009,22,431
08/14/2009,1,436
08/14/2009,4,432
08/14/2009,7,428
08/14/2009,10,416
08/14/2009,13,404
08/14/2009,16,408
08/14/2009,19,412
08/14/2009,22,409
08/15/2009,1,406
08/15/2009,4,403
08/15/2009,7,400
08/15/2009,10,398
08/15/2009,13,396
08/15/2009,16,398
08/15/2009,19,400
08/15/2009,22,400
08/16/2009,1,400
08/16/2009,4,399
08/16/2009,7,398
08/16/2009,10,397
08/16/2009,13,396
08/16/2009,16,400.5
08/16/2009,19,405
08/16/2009,22,411
08/17/2009,1,417
08/17/2009,4,419.5
08/17/2009,7,422
08/17/2009,10,424
08/17/2009,13,426
08/17/2009,16,431
08/17/2009,19,436
08/17/2009,22,443
08/18/2009,1,450
08/18/2009,4,460
08/18/2009,7,465
08/18/2009,10,462
08/18/2009,13,462
08/18/2009,16,462
08/18/2009,19,462
08/18/2009,22,468
08/19/2009,1,478
08/19/2009,4,484
08/19/2009,7,480
08/19/2009,10,484
08/19/2009,13,482
08/19/2009,16,478
08/19/2009,19,482
08/19/2009,22,486
08/20/2009,1,488
08/20/2009,4,487
08/20/2009,7,486
08/20/2009,10,483
08/20/2009,13,480
08/20/2009,16,475
08/20/2009,19,470
08/20/2009,22,468
08/21/2009,1,466
08/21/2009,4,464
08/21/2009,7,462
08/21/2009,10,459
08/21/2009,13,456
08/21/2009,16,451
08/21/2009,19,446
08/21/2009,22,445
08/22/2009,1,444
08/22/2009,4,443
08/22/2009,7,442
08/22/2009,10,439
08/22/2009,13,436
08/22/2009,16,433
08/22/2009,19,430
08/22/2009,22,428
08/23/2009,1,426
08/23/2009,4,429
08/23/2009,7,432
08/23/2009,10,435
08/23/2009,13,438
08/23/2009,16,438
08/23/2009,19,438
08/23/2009,22,437
08/24/2009,1,436
08/24/2009,4,433
08/24/2009,7,430
08/24/2009,10,429
08/24/2009,13,428
08/24/2009,16,423
08/24/2009,19,418
08/24/2009,22,416
08/25/2009,1,414
08/25/2009,4,413
08/25/2009,7,412
08/25/2009,10,415
08/25/2009,13,418
08/25/2009,16,417
08/25/2009,19,416
08/25/2009,22,416
08/26/2009,1,416
08/26/2009,4,414.5
08/26/2009,7,413
08/26/2009,10,413
08/26/2009,13,413
08/26/2009,16,406.5
08/26/2009,19,400
08/26/2009,22,400
08/27/2009,1,400
08/27/2009,4,400
08/27/2009,7,400
08/27/2009,10,400
08/27/2009,13,400
08/27/2009,16,405
08/27/2009,19,410
08/27/2009,22,410
08/28/2009,1,410
08/28/2009,4,408.5
08/28/2009,7,407
08/28/2009,10,405.5
08/28/2009,13,404
08/28/2009,16,408
08/28/2009,19,412
08/28/2009,22,415
08/29/2009,1,418
08/29/2009,4,419
08/29/2009,7,420
08/29/2009,10,420
08/29/2009,13,420
08/29/2009,16,421
08/29/2009,19,422
08/29/2009,22,424
08/30/2009,1,426
08/30/2009,4,423
08/30/2009,7,420
08/30/2009,10,417
08/30/2009,13,414
08/30/2009,16,415
08/30/2009,19,416
08/30/2009,22,418
08/31/2009,1,420
08/31/2009,4,423
08/31/2009,7,426
08/31/2009,10,419.5
08/31/2009,13,413
08/31/2009,16,413
08/31/2009,19,413
08/31/2009,22,415.5
09/01/2009,1,418
09/01/2009,4,417
09/01/2009,7,416
09/01/2009,10,413
09/01/2009,13,410
09/01/2009,16,409
09/01/2009,19,408
09/01/2009,22,408
09/02/2009,1,408
09/02/2009,4,409
09/02/2009,7,410
09/02/2009,10,405
09/02/2009,13,400
09/02/2009,16,395
09/02/2009,19,390
09/02/2009,22,386
09/03/2009,1,382
09/03/2009,4,376
09/03/2009,7,370
09/03/2009,10,367
09/03/2009,13,364
09/03/2009,16,356
09/03/2009,19,348
09/03/2009,22,348
09/04/2009,1,348
09/04/2009,4,345.5
09/04/2009,7,343
09/04/2009,10,338.5
09/04/2009,13,334
09/04/2009,16,333
09/04/2009,19,332
09/04/2009,22,331
09/05/2009,1,330
09/05/2009,4,335
09/05/2009,7,340
09/05/2009,10,337
09/05/2009,13,334
09/05/2009,16,333
09/05/2009,19,332
09/05/2009,22,335
09/06/2009,1,338
09/06/2009,4,340
09/06/2009,7,342
09/06/2009,10,342
09/06/2009,13,342
09/06/2009,16,341
09/06/2009,19,340
09/06/2009,22,338
09/07/2009,1,336
09/07/2009,4,340
09/07/2009,7,344
09/07/2009,10,349
09/07/2009,13,354
09/07/2009,16,348
09/07/2009,19,342
09/07/2009,22,340.5
09/08/2009,1,339
09/08/2009,4,339
09/08/2009,7,339
09/08/2009,10,340.5
09/08/2009,13,342
09/08/2009,16,346
09/08/2009,19,350
09/08/2009,22,347
09/09/2009,1,344
09/09/2009,4,340.5
09/09/2009,7,337
09/09/2009,10,336.5
09/09/2009,13,336
09/09/2009,16,333
09/09/2009,19,330
09/09/2009,22,329
09/10/2009,1,328
09/10/2009,4,319
09/10/2009,7,310
09/10/2009,10,317
09/10/2009,13,324
09/10/2009,16,318
09/10/2009,19,312
09/10/2009,22,308
09/11/2009,1,304
09/11/2009,4,302
09/11/2009,7,300
09/11/2009,10,302
09/11/2009,13,304
09/11/2009,16,307
09/11/2009,19,310
09/11/2009,22,314
09/12/2009,1,318
09/12/2009,4,312
09/12/2009,7,306
09/12/2009,10,314
09/12/2009,13,322
09/12/2009,16,334
09/12/2009,19,346
09/12/2009,22,342
09/13/2009,1,338
09/13/2009,4,333
09/13/2009,7,328
09/13/2009,10,324
09/13/2009,13,320
09/13/2009,16,328
09/13/2009,19,336
09/13/2009,22,333
09/14/2009,1,330
09/14/2009,4,326
09/14/2009,7,322
09/14/2009,10,322
09/14/2009,13,322
09/14/2009,16,330
09/14/2009,19,338
09/14/2009,22,341
09/15/2009,1,344
09/15/2009,4,346
09/15/2009,7,348
09/15/2009,10,350
09/15/2009,13,352
09/15/2009,16,355
09/15/2009,19,358
09/15/2009,22,364
09/16/2009,1,370
09/16/2009,4,367
09/16/2009,7,364
09/16/2009,10,360
09/16/2009,13,356
09/16/2009,16,353
09/16/2009,19,350
09/16/2009,22,351.5
09/17/2009,1,353
09/17/2009,4,350
09/17/2009,7,347
09/17/2009,10,341.5
09/17/2009,13,336
09/17/2009,16,333
09/17/2009,19,330
09/17/2009,22,334
09/18/2009,1,338
09/18/2009,4,336
09/18/2009,7,334
09/18/2009,10,330
09/18/2009,13,326
09/18/2009,16,325
09/18/2009,19,324
09/18/2009,22,330
09/19/2009,1,336
09/19/2009,4,339
09/19/2009,7,342
09/19/2009,10,341
09/19/2009,13,340
09/19/2009,16,338
09/19/2009,19,336
09/19/2009,22,334
09/20/2009,1,332
09/20/2009,4,335
09/20/2009,7,338
09/20/2009,10,338
09/20/2009,13,338
09/20/2009,16,337.5
09/20/2009,19,337
09/20/2009,22,335.5
09/21/2009,1,334
09/21/2009,4,332.5
09/21/2009,7,331
09/21/2009,10,335.5
09/21/2009,13,340
09/21/2009,16,338
09/21/2009,19,336
09/21/2009,22,332
09/22/2009,1,328
09/22/2009,4,330
09/22/2009,7,332
09/22/2009,10,335
09/22/2009,13,338
09/22/2009,16,336
09/22/2009,19,334
09/22/2009,22,330
09/23/2009,1,326
09/23/2009,4,337
09/23/2009,7,348
09/23/2009,10,349
09/23/2009,13,350
09/23/2009,16,356
09/23/2009,19,362
09/23/2009,22,353
09/24/2009,1,344
09/24/2009,4,338
09/24/2009,7,332
09/24/2009,10,331
09/24/2009,13,330
09/24/2009,16,332
09/24/2009,19,334
09/24/2009,22,331
09/25/2009,1,328
09/25/2009,4,317
09/25/2009,7,306
09/25/2009,10,306
09/25/2009,13,306
09/25/2009,16,314
09/25/2009,19,322
09/25/2009,22,320
09/26/2009,1,318
09/26/2009,4,313
09/26/2009,7,308
09/26/2009,10,301
09/26/2009,13,294
09/26/2009,16,297
09/26/2009,19,300
09/26/2009,22,302
09/27/2009,1,304
09/27/2009,4,294
09/27/2009,7,284
09/27/2009,10,285
09/27/2009,13,286
09/27/2009,16,289
09/27/2009,19,292
09/27/2009,22,297
09/28/2009,1,302
09/28/2009,4,302
09/28/2009,7,302
09/28/2009,10,302
09/28/2009,13,302
09/28/2009,16,307
09/28/2009,19,312
09/28/2009,22,311
09/29/2009,1,310
09/29/2009,4,310
09/29/2009,7,310
09/29/2009,10,308
09/29/2009,13,306
09/29/2009,16,313
09/29/2009,19,320
09/29/2009,22,323
09/30/2009,1,326
09/30/2009,4,329
09/30/2009,7,332
09/30/2009,10,331
09/30/2009,13,330
09/30/2009,16,328
09/30/2009,19,326
09/30/2009,22,326
10/01/2009,1,326
10/01/2009,4,322
10/01/2009,7,318
10/01/2009,10,312
10/01/2009,13,306
10/01/2009,16,300
10/01/2009,19,294
10/01/2009,22,291
10/02/2009,1,288
10/02/2009,4,284
10/02/2009,7,280
10/02/2009,10,273
10/02/2009,13,266
10/02/2009,16,263
10/02/2009,19,260
10/02/2009,22,260
10/03/2009,1,260
10/03/2009,4,258
10/03/2009,7,256
10/03/2009,10,258
10/03/2009,13,260
10/03/2009,16,260
10/03/2009,19,260
10/03/2009,22,261
10/04/2009,1,262
10/04/2009,4,262
10/04/2009,7,262
10/04/2009,10,259
10/04/2009,13,256
10/04/2009,16,254
10/04/2009,19,252
10/04/2009,22,251
10/05/2009,1,250
10/05/2009,4,242
10/05/2009,7,234
10/05/2009,10,232
10/05/2009,13,230
10/05/2009,16,228.5
10/05/2009,19,227
10/05/2009,22,228.5
10/06/2009,1,230
10/06/2009,4,229
10/06/2009,7,228
10/06/2009,10,234
10/06/2009,13,240
10/06/2009,16,239
10/06/2009,19,238
10/06/2009,22,233
10/07/2009,1,228
10/07/2009,4,232
10/07/2009,7,236
10/07/2009,10,247
10/07/2009,13,258
10/07/2009,16,250
10/07/2009,19,242
10/07/2009,22,241
10/08/2009,1,240
10/08/2009,4,233
10/08/2009,7,226
10/08/2009,10,242
10/08/2009,13,258
10/08/2009,16,257.5
10/08/2009,19,257
10/08/2009,22,246.5
10/09/2009,1,236
10/09/2009,4,229
10/09/2009,7,222
10/09/2009,10,240
10/09/2009,13,258
10/09/2009,16,262
10/09/2009,19,266
10/09/2009,22,253
10/10/2009,1,240
10/10/2009,4,229
10/10/2009,7,218
10/10/2009,10,224
10/10/2009,13,230
10/10/2009,16,245
10/10/2009,19,260
10/10/2009,22,250
10/11/2009,1,240
10/11/2009,4,229
10/11/2009,7,218
10/11/2009,10,217
10/11/2009,13,216
10/11/2009,16,237
10/11/2009,19,258
10/11/2009,22,248
10/12/2009,1,238
10/12/2009,4,222
10/12/2009,7,206
10/12/2009,10,206
10/12/2009,13,206
10/12/2009,16,230
10/12/2009,19,254
10/12/2009,22,246
10/13/2009,1,238
10/13/2009,4,234
10/13/2009,7,230
10/13/2009,10,233
10/13/2009,13,236
10/13/2009,16,248
10/13/2009,19,260
10/13/2009,22,258
10/14/2009,1,256
10/14/2009,4,251.5
10/14/2009,7,247
10/14/2009,10,244.5
10/14/2009,13,242
10/14/2009,16,254
10/14/2009,19,266
10/14/2009,22,263
10/15/2009,1,260
10/15/2009,4,257
10/15/2009,7,254
10/15/2009,10,252
10/15/2009,13,250
10/15/2009,16,256
10/15/2009,19,262
10/15/2009,22,260
10/16/2009,1,258
10/16/2009,4,255
10/16/2009,7,252
10/16/2009,10,246
10/16/2009,13,240
10/16/2009,16,238.5
10/16/2009,19,237
10/16/2009,22,237
10/17/2009,1,237
10/17/2009,4,235
10/17/2009,7,233
10/17/2009,10,229.5
10/17/2009,13,226
10/17/2009,16,222
10/17/2009,19,218
10/17/2009,22,217
10/18/2009,1,216
10/18/2009,4,214
10/18/2009,7,212
10/18/2009,10,211
10/18/2009,13,210
10/18/2009,16,207
10/18/2009,19,204
10/18/2009,22,200
10/19/2009,1,196
10/19/2009,4,202
10/19/2009,7,208
10/19/2009,10,212
10/19/2009,13,216
10/19/2009,16,216
10/19/2009,19,216
10/19/2009,22,208
10/20/2009,1,200
10/20/2009,4,199
10/20/2009,7,198
10/20/2009,10,220
10/20/2009,13,242
10/20/2009,16,243
10/20/2009,19,244
10/20/2009,22,240
10/21/2009,1,236
10/21/2009,4,233
10/21/2009,7,230
10/21/2009,10,244
10/21/2009,13,258
10/21/2009,16,261
10/21/2009,19,264
10/21/2009,22,258
10/22/2009,1,252
10/22/2009,4,249
10/22/2009,7,246
10/22/2009,10,254
10/22/2009,13,262
10/22/2009,16,262
10/22/2009,19,262
10/22/2009,22,252
10/23/2009,1,242
10/23/2009,4,234
10/23/2009,7,226
10/23/2009,10,237
10/23/2009,13,248
10/23/2009,16,252
10/23/2009,19,256
10/23/2009,22,251
10/24/2009,1,246
10/24/2009,4,230
10/24/2009,7,214
10/24/2009,10,222
10/24/2009,13,230
10/24/2009,16,236
10/24/2009,19,242
10/24/2009,22,235
10/25/2009,1,228
10/25/2009,4,209
10/25/2009,7,190
10/25/2009,10,197
10/25/2009,13,204
10/25/2009,16,215
10/25/2009,19,226
10/25/2009,22,221
10/26/2009,1,216
10/26/2009,4,196
10/26/2009,7,176
10/26/2009,10,188
10/26/2009,13,200
10/26/2009,16,201
10/26/2009,19,202
10/26/2009,22,194
10/27/2009,1,186
10/27/2009,4,175
10/27/2009,7,164
10/27/2009,10,166
10/27/2009,13,168
10/27/2009,16,171
10/27/2009,19,174
10/27/2009,22,169.5
10/28/2009,1,165
10/28/2009,4,163.5
10/28/2009,7,162
10/28/2009,10,166
10/28/2009,13,170
10/28/2009,16,190
10/28/2009,19,210
10/28/2009,22,205
10/29/2009,1,200
10/29/2009,4,193
10/29/2009,7,186
10/29/2009,10,186
10/29/2009,13,186
10/29/2009,16,200
10/29/2009,19,214
10/29/2009,22,215
10/30/2009,1,216
10/30/2009,4,203
10/30/2009,7,190
10/30/2009,10,183.5
10/30/2009,13,177
10/30/2009,16,180.5
10/30/2009,19,184
10/30/2009,22,189
10/31/2009,1,194
10/31/2009,4,184
10/31/2009,7,174
10/31/2009,10,171
10/31/2009,13,168
10/31/2009,16,172
10/31/2009,19,176
10/31/2009,22,181
11/01/2009,1,186
11/01/2009,4,174
11/01/2009,7,162
11/01/2009,10,157
11/01/2009,13,152
11/01/2009,16,149
11/01/2009,19,146
11/01/2009,22,144
11/02/2009,1,142
11/02/2009,4,147
11/02/2009,7,152
11/02/2009,10,150
11/02/2009,13,148
11/02/2009,16,141
11/02/2009,19,134
11/02/2009,22,127
11/03/2009,1,120
11/03/2009,4,138
11/03/2009,7,156
11/03/2009,10,178
11/03/2009,13,200
11/03/2009,16,196
11/03/2009,19,192
11/03/2009,22,180
11/04/2009,1,168
11/04/2009,4,172
11/04/2009,7,176
11/04/2009,10,198
11/04/2009,13,220
11/04/2009,16,214
11/04/2009,19,208
11/04/2009,22,199
11/05/2009,1,190
11/05/2009,4,184
11/05/2009,7,178
11/05/2009,10,197.5
11/05/2009,13,217
11/05/2009,16,225.5
11/05/2009,19,234
11/05/2009,22,220
11/06/2009,1,206
11/06/2009,4,195
11/06/2009,7,184
11/06/2009,10,208
11/06/2009,13,232
11/06/2009,16,227
11/06/2009,19,222
11/06/2009,22,210
11/07/2009,1,198
11/07/2009,4,183
11/07/2009,7,168
11/07/2009,10,190
11/07/2009,13,212
11/07/2009,16,213
11/07/2009,19,214
11/07/2009,22,196
11/08/2009,1,178
11/08/2009,4,166.5
11/08/2009,7,155
11/08/2009,10,168.5
11/08/2009,13,182
11/08/2009,16,188
11/08/2009,19,194
11/08/2009,22,177
11/09/2009,1,160
11/09/2009,4,155
11/09/2009,7,150
11/09/2009,10,158
11/09/2009,13,166
11/09/2009,16,188
11/09/2009,19,210
11/09/2009,22,198
11/10/2009,1,186
11/10/2009,4,172
11/10/2009,7,158
11/10/2009,10,165
11/10/2009,13,172
11/10/2009,16,192
11/10/2009,19,212
11/10/2009,22,206
11/11/2009,1,200
11/11/2009,4,187
11/11/2009,7,174
11/11/2009,10,170
11/11/2009,13,166
11/11/2009,16,184
11/11/2009,19,202
11/11/2009,22,198.5
11/12/2009,1,195
11/12/2009,4,182.5
11/12/2009,7,170
11/12/2009,10,167
11/12/2009,13,164
11/12/2009,16,177
11/12/2009,19,190
11/12/2009,22,185
11/13/2009,1,180
11/13/2009,4,173
11/13/2009,7,166
11/13/2009,10,161
11/13/2009,13,156
11/13/2009,16,158
11/13/2009,19,160
11/13/2009,22,159
11/14/2009,1,158
11/14/2009,4,152
11/14/2009,7,146
11/14/2009,10,141
11/14/2009,13,136
11/14/2009,16,135
11/14/2009,19,134
11/14/2009,22,129
11/15/2009,1,124
11/15/2009,4,130
11/15/2009,7,136
11/15/2009,10,140.5
11/15/2009,13,145
11/15/2009,16,136.5
11/15/2009,19,128
11/15/2009,22,119
11/16/2009,1,110
11/16/2009,4,121.5
11/16/2009,7,133
11/16/2009,10,141.5
11/16/2009,13,150
11/16/2009,16,136
11/16/2009,19,122
11/16/2009,22,108
11/17/2009,1,94
11/17/2009,4,94
11/17/2009,7,94
11/17/2009,10,110
11/17/2009,13,126
11/17/2009,16,119
11/17/2009,19,112
11/17/2009,22,97
11/18/2009,1,82
11/18/2009,4,79
11/18/2009,7,76
11/18/2009,10,118
11/18/2009,13,160
11/18/2009,16,157
11/18/2009,19,154
11/18/2009,22,145
11/19/2009,1,136
11/19/2009,4,129
11/19/2009,7,122
11/19/2009,10,152
11/19/2009,13,182
11/19/2009,16,174
11/19/2009,19,166
11/19/2009,22,151
11/20/2009,1,136
11/20/2009,4,125
11/20/2009,7,114
11/20/2009,10,124
11/20/2009,13,134
11/20/2009,16,183
11/20/2009,19,232
11/20/2009,22,206
11/21/2009,1,180
11/21/2009,4,158
11/21/2009,7,136
11/21/2009,10,142
11/21/2009,13,148
11/21/2009,16,156
11/21/2009,19,164
11/21/2009,22,155
11/22/2009,1,146
11/22/2009,4,130
11/22/2009,7,114
11/22/2009,10,134
11/22/2009,13,154
11/22/2009,16,152
11/22/2009,19,150
11/22/2009,22,141
11/23/2009,1,132
11/23/2009,4,118
11/23/2009,7,104
11/23/2009,10,120
11/23/2009,13,136
11/23/2009,16,134
11/23/2009,19,132
11/23/2009,22,135
11/24/2009,1,138
11/24/2009,4,119.5
11/24/2009,7,101
11/24/2009,10,117.5
11/24/2009,13,134
11/24/2009,16,129
11/24/2009,19,124
11/24/2009,22,120
11/25/2009,1,116
11/25/2009,4,114
11/25/2009,7,112
11/25/2009,10,125
11/25/2009,13,138
11/25/2009,16,132
11/25/2009,19,126
11/25/2009,22,124
11/26/2009,1,122
11/26/2009,4,121
11/26/2009,7,120
11/26/2009,10,123
11/26/2009,13,126
11/26/2009,16,141
11/26/2009,19,156
11/26/2009,22,149
11/27/2009,1,142
11/27/2009,4,131
11/27/2009,7,120
11/27/2009,10,122.5
11/27/2009,13,125
11/27/2009,16,131.5
11/27/2009,19,138
11/27/2009,22,132
11/28/2009,1,126
11/28/2009,4,119
11/28/2009,7,112
11/28/2009,10,115
11/28/2009,13,118
11/28/2009,16,128
11/28/2009,19,138
11/28/2009,22,128
11/29/2009,1,118
11/29/2009,4,115
11/29/2009,7,112
11/29/2009,10,114
11/29/2009,13,116
11/29/2009,16,123
11/29/2009,19,130
11/29/2009,22,121
11/30/2009,1,112
11/30/2009,4,123
11/30/2009,7,134
11/30/2009,10,135
11/30/2009,13,136
11/30/2009,16,139
11/30/2009,19,142
11/30/2009,22,134
12/01/2009,1,126
12/01/2009,4,128
12/01/2009,7,130
12/01/2009,10,141
12/01/2009,13,152
12/01/2009,16,144
12/01/2009,19,136
12/01/2009,22,123
12/02/2009,1,110
12/02/2009,4,116
12/02/2009,7,122
12/02/2009,10,147
12/02/2009,13,172
12/02/2009,16,164
12/02/2009,19,156
12/02/2009,22,145
12/03/2009,1,134
12/03/2009,4,132
12/03/2009,7,130
12/03/2009,10,148
12/03/2009,13,166
12/03/2009,16,169
12/03/2009,19,172
12/03/2009,22,163
12/04/2009,1,154
12/04/2009,4,145
12/04/2009,7,136
12/04/2009,10,170
12/04/2009,13,204
12/04/2009,16,199
12/04/2009,19,194
12/04/2009,22,174
12/05/2009,1,154
12/05/2009,4,144
12/05/2009,7,134
12/05/2009,10,167
12/05/2009,13,200
12/05/2009,16,196
12/05/2009,19,192
12/05/2009,22,171
12/06/2009,1,150
12/06/2009,4,142
12/06/2009,7,134
12/06/2009,10,169
12/06/2009,13,204
12/06/2009,16,202
12/06/2009,19,200
12/06/2009,22,182
12/07/2009,1,164
12/07/2009,4,151
12/07/2009,7,138
12/07/2009,10,159
12/07/2009,13,180
12/07/2009,16,184
12/07/2009,19,188
12/07/2009,22,169
12/08/2009,1,150
12/08/2009,4,135
12/08/2009,7,120
12/08/2009,10,133
12/08/2009,13,146
12/08/2009,16,167
12/08/2009,19,188
12/08/2009,22,177
12/09/2009,1,166
12/09/2009,4,153
12/09/2009,7,140
12/09/2009,10,146
12/09/2009,13,152
12/09/2009,16,166
12/09/2009,19,180
12/09/2009,22,173
12/10/2009,1,166
12/10/2009,4,151
12/10/2009,7,136
12/10/2009,10,140
12/10/2009,13,144
12/10/2009,16,150
12/10/2009,19,156
12/10/2009,22,146
12/11/2009,1,136
12/11/2009,4,126
12/11/2009,7,116
12/11/2009,10,119
12/11/2009,13,122
12/11/2009,16,126
12/11/2009,19,130
12/11/2009,22,121
12/12/2009,1,112
12/12/2009,4,110
12/12/2009,7,108
12/12/2009,10,112.5
12/12/2009,13,117
12/12/2009,16,122.5
12/12/2009,19,128
12/12/2009,22,121
12/13/2009,1,114
12/13/2009,4,110
12/13/2009,7,106
12/13/2009,10,119
12/13/2009,13,132
12/13/2009,16,121
12/13/2009,19,110
12/13/2009,22,99
12/14/2009,1,88
12/14/2009,4,105
12/14/2009,7,122
12/14/2009,10,135
12/14/2009,13,148
12/14/2009,16,129
12/14/2009,19,110
12/14/2009,22,95
12/15/2009,1,80
12/15/2009,4,96
12/15/2009,7,112
12/15/2009,10,129
12/15/2009,13,146
12/15/2009,16,133
12/15/2009,19,120
12/15/2009,22,103
12/16/2009,1,86
12/16/2009,4,97
12/16/2009,7,108
12/16/2009,10,132
12/16/2009,13,156
12/16/2009,16,140
12/16/2009,19,124
12/16/2009,22,106
12/17/2009,1,88
12/17/2009,4,102
12/17/2009,7,116
12/17/2009,10,151
12/17/2009,13,186
12/17/2009,16,178
12/17/2009,19,170
12/17/2009,22,153
12/18/2009,1,136
12/18/2009,4,124
12/18/2009,7,112
12/18/2009,10,148
12/18/2009,13,184
12/18/2009,16,178
12/18/2009,19,172
12/18/2009,22,159
12/19/2009,1,146
12/19/2009,4,130
12/19/2009,7,114
12/19/2009,10,139
12/19/2009,13,164
12/19/2009,16,159
12/19/2009,19,154
12/19/2009,22,137
12/20/2009,1,120
12/20/2009,4,108
12/20/2009,7,96
12/20/2009,10,122
12/20/2009,13,148
12/20/2009,16,147
12/20/2009,19,146
12/20/2009,22,133
12/21/2009,1,120
12/21/2009,4,100
12/21/2009,7,80
12/21/2009,10,108
12/21/2009,13,136
12/21/2009,16,136
12/21/2009,19,136
12/21/2009,22,119
12/22/2009,1,102
12/22/2009,4,89
12/22/2009,7,76
12/22/2009,10,106
12/22/2009,13,136
12/22/2009,16,143
12/22/2009,19,150
12/22/2009,22,143
12/23/2009,1,136
12/23/2009,4,118
12/23/2009,7,100
12/23/2009,10,122
12/23/2009,13,144
12/23/2009,16,147
12/23/2009,19,150
12/23/2009,22,142.5
12/24/2009,1,135
12/24/2009,4,119.5
12/24/2009,7,104
12/24/2009,10,113.5
12/24/2009,13,123
12/24/2009,16,128.5
12/24/2009,19,134
12/24/2009,22,125
12/25/2009,1,116
12/25/2009,4,104.5
12/25/2009,7,93
12/25/2009,10,101.5
12/25/2009,13,110
12/25/2009,16,113
12/25/2009,19,116
12/25/2009,22,109
12/26/2009,1,102
12/26/2009,4,91
12/26/2009,7,80
12/26/2009,10,93
12/26/2009,13,106
12/26/2009,16,104
12/26/2009,19,102
12/26/2009,22,99
12/27/2009,1,96
12/27/2009,4,92
12/27/2009,7,88
12/27/2009,10,95
12/27/2009,13,102
12/27/2009,16,96
12/27/2009,19,90
12/27/2009,22,86
12/28/2009,1,82
12/28/2009,4,85
12/28/2009,7,88
12/28/2009,10,87
12/28/2009,13,86
12/28/2009,16,78
12/28/2009,19,70
12/28/2009,22,68
12/29/2009,1,66
12/29/2009,4,90
12/29/2009,7,114
12/29/2009,10,115
12/29/2009,13,116
12/29/2009,16,109
12/29/2009,19,102
12/29/2009,22,94
12/30/2009,1,86
12/30/2009,4,102
12/30/2009,7,118
12/30/2009,10,122
12/30/2009,13,126
12/30/2009,16,113
12/30/2009,19,100
12/30/2009,22,92
12/31/2009,1,84
12/31/2009,4,91
12/31/2009,7,98
12/31/2009,10,118
12/31/2009,13,138
12/31/2009,16,129
12/31/2009,19,120
12/31/2009,22,105
01/01/2010,1,90
01/01/2010,4,99
01/01/2010,7,108
01/01/2010,10,132.5
01/01/2010,13,157
01/01/2010,16,145.5
01/01/2010,19,134
01/01/2010,22,119
01/02/2010,1,104
01/02/2010,4,95
01/02/2010,7,86
01/02/2010,10,130
01/02/2010,13,174
01/02/2010,16,156
01/02/2010,19,138
01/02/2010,22,119
01/03/2010,1,100
01/03/2010,4,87
01/03/2010,7,74
01/03/2010,10,112
01/03/2010,13,150
01/03/2010,16,137
01/03/2010,19,124
01/03/2010,22,113
01/04/2010,1,102
01/04/2010,4,85
01/04/2010,7,68
01/04/2010,10,103
01/04/2010,13,138
01/04/2010,16,127
01/04/2010,19,116
01/04/2010,22,106
01/05/2010,1,96
01/05/2010,4,80.5
01/05/2010,7,65
01/05/2010,10,85.5
01/05/2010,13,106
01/05/2010,16,116
01/05/2010,19,126
01/05/2010,22,108
01/06/2010,1,90
01/06/2010,4,78
01/06/2010,7,66
01/06/2010,10,81
01/06/2010,13,96
01/06/2010,16,106
01/06/2010,19,116
01/06/2010,22,100
01/07/2010,1,84
01/07/2010,4,70
01/07/2010,7,56
01/07/2010,10,52
01/07/2010,13,80
01/07/2010,16,88
01/07/2010,19,96
01/07/2010,22,91
01/08/2010,1,86
01/08/2010,4,73
01/08/2010,7,60
01/08/2010,10,58
01/08/2010,13,66
01/08/2010,16,61
01/08/2010,19,56
01/08/2010,22,53
01/09/2010,1,50
01/09/2010,4,64
01/09/2010,7,78
01/09/2010,10,82
01/09/2010,13,86
01/09/2010,16,88.5
01/09/2010,19,91
01/09/2010,22,78.5
01/10/2010,1,66
01/10/2010,4,71
01/10/2010,7,76
01/10/2010,10,91
01/10/2010,13,106
01/10/2010,16,94
01/10/2010,19,82
01/10/2010,22,74
01/11/2010,1,66
01/11/2010,4,85
01/11/2010,7,104
01/11/2010,10,109
01/11/2010,13,114
01/11/2010,16,106
01/11/2010,19,98
01/11/2010,22,91
01/12/2010,1,84
01/12/2010,4,88
01/12/2010,7,92
01/12/2010,10,103
01/12/2010,13,114
01/12/2010,16,102
01/12/2010,19,90
01/12/2010,22,81
01/13/2010,1,72
01/13/2010,4,78
01/13/2010,7,84
01/13/2010,10,107
01/13/2010,13,130
01/13/2010,16,120
01/13/2010,19,110
01/13/2010,22,91
01/14/2010,1,72
01/14/2010,4,79
01/14/2010,7,86
01/14/2010,10,109
01/14/2010,13,132
01/14/2010,16,120
01/14/2010,19,108
01/14/2010,22,91
01/15/2010,1,74
01/15/2010,4,80
01/15/2010,7,86
01/15/2010,10,114
01/15/2010,13,142
01/15/2010,16,129
01/15/2010,19,116
01/15/2010,22,97
01/16/2010,1,78
01/16/2010,4,79
01/16/2010,7,80
01/16/2010,10,109
01/16/2010,13,138
01/16/2010,16,129
01/16/2010,19,120
01/16/2010,22,103
01/17/2010,1,86
01/17/2010,4,77
01/17/2010,7,68
01/17/2010,10,99
01/17/2010,13,130
01/17/2010,16,125
01/17/2010,19,120
01/17/2010,22,104
01/18/2010,1,88
01/18/2010,4,74
01/18/2010,7,60
01/18/2010,10,91
01/18/2010,13,122
01/18/2010,16,116
01/18/2010,19,110
01/18/2010,22,94
01/19/2010,1,78
01/19/2010,4,65
01/19/2010,7,52
01/19/2010,10,83
01/19/2010,13,114
01/19/2010,16,125
01/19/2010,19,136
01/19/2010,22,112
01/20/2010,1,88
01/20/2010,4,68
01/20/2010,7,56
01/20/2010,10,82
01/20/2010,13,102
01/20/2010,16,126
01/20/2010,19,106
01/20/2010,22,94
01/21/2010,1,76
01/21/2010,4,58
01/21/2010,7,48
01/21/2010,10,63
01/21/2010,13,88
01/21/2010,16,91
01/21/2010,19,88
01/21/2010,22,81
01/22/2010,1,70
01/22/2010,4,61
01/22/2010,7,52
01/22/2010,10,61
01/22/2010,13,78
01/22/2010,16,87
01/22/2010,19,86
01/22/2010,22,80
01/23/2010,1,74
01/23/2010,4,68
01/23/2010,7,68
01/23/2010,10,77
01/23/2010,13,85
01/23/2010,16,89
01/23/2010,19,88
01/23/2010,22,86
01/24/2010,1,94
01/24/2010,4,103
01/24/2010,7,106
01/24/2010,10,114.5
01/24/2010,13,122
01/24/2010,16,134.5
01/24/2010,19,142
01/24/2010,22,144
01/25/2010,1,152
01/25/2010,4,166
01/25/2010,7,184
01/25/2010,10,192
01/25/2010,13,198
01/25/2010,16,196
01/25/2010,19,194
01/25/2010,22,191
01/26/2010,1,180
01/26/2010,4,190
01/26/2010,7,204
01/26/2010,10,213
01/26/2010,13,218
01/26/2010,16,214
01/26/2010,19,207
01/26/2010,22,206
01/27/2010,1,204
01/27/2010,4,205
01/27/2010,7,220
01/27/2010,10,234
01/27/2010,13,244
01/27/2010,16,236
01/27/2010,19,232
01/27/2010,22,232
01/28/2010,1,230
01/28/2010,4,224
01/28/2010,7,232
01/28/2010,10,247
01/28/2010,13,254
01/28/2010,16,244
01/28/2010,19,236
01/28/2010,22,234
01/29/2010,1,230
01/29/2010,4,225
01/29/2010,7,218
01/29/2010,10,234
01/29/2010,13,250
01/29/2010,16,241
01/29/2010,19,232
01/29/2010,22,229
01/30/2010,1,226
01/30/2010,4,219
01/30/2010,7,214
01/30/2010,10,230
01/30/2010,13,240
01/30/2010,16,236
01/30/2010,19,230
01/30/2010,22,221
01/31/2010,1,212
01/31/2010,4,205
01/31/2010,7,200
01/31/2010,10,222
01/31/2010,13,240
01/31/2010,16,239
01/31/2010,19,236
01/31/2010,22,229
02/01/2010,1,222
02/01/2010,4,216
02/01/2010,7,212
02/01/2010,10,223
02/01/2010,13,240
02/01/2010,16,238.5
02/01/2010,19,238
02/01/2010,22,234
02/02/2010,1,228
02/02/2010,4,223
02/02/2010,7,220
02/02/2010,10,237
02/02/2010,13,238
02/02/2010,16,246
02/02/2010,19,244
02/02/2010,22,241
02/03/2010,1,238
02/03/2010,4,236
02/03/2010,7,234
02/03/2010,10,232
02/03/2010,13,230
02/03/2010,16,232
02/03/2010,19,230
02/03/2010,22,228
02/04/2010,1,226
02/04/2010,4,225
02/04/2010,7,222
02/04/2010,10,178
02/04/2010,13,166
02/04/2010,16,175
02/04/2010,19,168
02/04/2010,22,163
02/05/2010,1,160
02/05/2010,4,153
02/05/2010,7,146
02/05/2010,10,137
02/05/2010,13,134
02/05/2010,16,129
02/05/2010,19,122
02/05/2010,22,129
02/06/2010,1,134
02/06/2010,4,137
02/06/2010,7,140
02/06/2010,10,143
02/06/2010,13,146
02/06/2010,16,143
02/06/2010,19,140
02/06/2010,22,143
02/07/2010,1,150
02/07/2010,4,169
02/07/2010,7,184
02/07/2010,10,190
02/07/2010,13,196
02/07/2010,16,193
02/07/2010,19,188
02/07/2010,22,186
02/08/2010,1,188
02/08/2010,4,202
02/08/2010,7,218
02/08/2010,10,226
02/08/2010,13,230
02/08/2010,16,229
02/08/2010,19,226
02/08/2010,22,225
02/09/2010,1,228
02/09/2010,4,233
02/09/2010,7,236
02/09/2010,10,245
02/09/2010,13,246
02/09/2010,16,241
02/09/2010,19,238
02/09/2010,22,235
02/10/2010,1,232
02/10/2010,4,233
02/10/2010,7,236
02/10/2010,10,243
02/10/2010,13,248
02/10/2010,16,245
02/10/2010,19,236
02/10/2010,22,227
02/11/2010,1,220
02/11/2010,4,216
02/11/2010,7,218
02/11/2010,10,229
02/11/2010,13,234
02/11/2010,16,223
02/11/2010,19,214
02/11/2010,22,200
02/12/2010,1,182
02/12/2010,4,166
02/12/2010,7,160
02/12/2010,10,174
02/12/2010,13,176
02/12/2010,16,166
02/12/2010,19,152
02/12/2010,22,141
02/13/2010,1,130
02/13/2010,4,111
02/13/2010,7,90
02/13/2010,10,118
02/13/2010,13,132
02/13/2010,16,117
02/13/2010,19,106
02/13/2010,22,96
02/14/2010,1,84
02/14/2010,4,76
02/14/2010,7,72
02/14/2010,10,100
02/14/2010,13,124
02/14/2010,16,112
02/14/2010,19,94
02/14/2010,22,79
02/15/2010,1,62
02/15/2010,4,54
02/15/2010,7,54
02/15/2010,10,96
02/15/2010,13,116
02/15/2010,16,100
02/15/2010,19,86
02/15/2010,22,70
02/16/2010,1,48
02/16/2010,4,27
02/16/2010,7,24
02/16/2010,10,65
02/16/2010,13,88
02/16/2010,16,82
02/16/2010,19,72
02/16/2010,22,53
02/17/2010,1,30
02/17/2010,4,18
02/17/2010,7,24
02/17/2010,10,67
02/17/2010,13,86
02/17/2010,16,78
02/17/2010,19,70
02/17/2010,22,60
02/18/2010,1,46
02/18/2010,4,27
02/18/2010,7,20
02/18/2010,10,57
02/18/2010,13,76
02/18/2010,16,74
02/18/2010,19,70
02/18/2010,22,62
02/19/2010,1,50
02/19/2010,4,37
02/19/2010,7,22
02/19/2010,10,32
02/19/2010,13,34
02/19/2010,16,27
02/19/2010,19,24
02/19/2010,22,45
02/20/2010,1,56
02/20/2010,4,43
02/20/2010,7,34
02/20/2010,10,41
02/20/2010,13,36
02/20/2010,16,23
02/20/2010,19,18
02/20/2010,22,56
02/21/2010,1,72
02/21/2010,4,64
02/21/2010,7,56
02/21/2010,10,48
02/21/2010,13,34
02/21/2010,16,21
02/21/2010,19,10
02/21/2010,22,24
02/22/2010,1,45
02/22/2010,4,76
02/22/2010,7,88
02/22/2010,10,72
02/22/2010,13,56
02/22/2010,16,40
02/22/2010,19,24
02/22/2010,22,22
02/23/2010,1,40
02/23/2010,4,73
02/23/2010,7,102
02/23/2010,10,89
02/23/2010,13,74
02/23/2010,16,60
02/23/2010,19,48
02/23/2010,22,32
02/24/2010,1,40
02/24/2010,4,81
02/24/2010,7,110
02/24/2010,10,111
02/24/2010,13,98
02/24/2010,16,79
02/24/2010,19,64
02/24/2010,22,52
02/25/2010,1,60
02/25/2010,4,93
02/25/2010,7,120
02/25/2010,10,149
02/25/2010,13,140
02/25/2010,16,131
02/25/2010,19,126
02/25/2010,22,121
02/26/2010,1,120
02/26/2010,4,142
02/26/2010,7,174
02/26/2010,10,198
02/26/2010,13,204
02/26/2010,16,194
02/26/2010,19,188
02/26/2010,22,174
02/27/2010,1,154
02/27/2010,4,152
02/27/2010,7,164
02/27/2010,10,187
02/27/2010,13,186
02/27/2010,16,166
02/27/2010,19,150
02/27/2010,22,138
02/28/2010,1,126
02/28/2010,4,114
02/28/2010,7,104
02/28/2010,10,140
02/28/2010,13,148
02/28/2010,16,134
02/28/2010,19,120
02/28/2010,22,99
03/01/2010,1,74
03/01/2010,4,71
03/01/2010,7,68
03/01/2010,10,99
03/01/2010,13,130
03/01/2010,16,111
03/01/2010,19,92
03/01/2010,22,81
03/02/2010,1,70
03/02/2010,4,55
03/02/2010,7,40
03/02/2010,10,74
03/02/2010,13,108
03/02/2010,16,107
03/02/2010,19,106
03/02/2010,22,96
03/03/2010,1,86
03/03/2010,4,74
03/03/2010,7,62
03/03/2010,10,80
03/03/2010,13,98
03/03/2010,16,103
03/03/2010,19,108
03/03/2010,22,100
03/04/2010,1,92
03/04/2010,4,94
03/04/2010,7,96
03/04/2010,10,90
03/04/2010,13,84
03/04/2010,16,93
03/04/2010,19,102
03/04/2010,22,117
03/05/2010,1,132
03/05/2010,4,122
03/05/2010,7,112
03/05/2010,10,105
03/05/2010,13,98
03/05/2010,16,94
03/05/2010,19,90
03/05/2010,22,116
03/06/2010,1,142
03/06/2010,4,138
03/06/2010,7,134
03/06/2010,10,124
03/06/2010,13,114
03/06/2010,16,105
03/06/2010,19,96
03/06/2010,22,112
03/07/2010,1,128
03/07/2010,4,132
03/07/2010,7,136
03/07/2010,10,122
03/07/2010,13,108
03/07/2010,16,100
03/07/2010,19,92
03/07/2010,22,98
03/08/2010,1,104
03/08/2010,4,117
03/08/2010,7,130
03/08/2010,10,114
03/08/2010,13,98
03/08/2010,16,83
03/08/2010,19,68
03/08/2010,22,71.5
03/09/2010,1,75
03/09/2010,4,97.5
03/09/2010,7,120
03/09/2010,10,105
03/09/2010,13,90
03/09/2010,16,75
03/09/2010,19,60
03/09/2010,22,56
03/10/2010,1,52
03/10/2010,4,78
03/10/2010,7,104
03/10/2010,10,99
03/10/2010,13,94
03/10/2010,16,82
03/10/2010,19,70
03/10/2010,22,66
03/11/2010,1,62
03/11/2010,4,85
03/11/2010,7,108
03/11/2010,10,107
03/11/2010,13,106
03/11/2010,16,92
03/11/2010,19,78
03/11/2010,22,81
03/12/2010,1,84
03/12/2010,4,94
03/12/2010,7,104
03/12/2010,10,108
03/12/2010,13,112
03/12/2010,16,99
03/12/2010,19,86
03/12/2010,22,81
03/13/2010,1,76
03/13/2010,4,83
03/13/2010,7,90
03/13/2010,10,102
03/13/2010,13,114
03/13/2010,16,101
03/13/2010,19,88
03/13/2010,22,74
03/14/2010,1,60
03/14/2010,4,70
03/14/2010,7,80
03/14/2010,10,100
03/14/2010,13,120
03/14/2010,16,106
03/14/2010,19,92
03/14/2010,22,84
03/15/2010,1,76
03/15/2010,4,71
03/15/2010,7,66
03/15/2010,10,84
03/15/2010,13,102
03/15/2010,16,92
03/15/2010,19,82
03/15/2010,22,67
03/16/2010,1,52
03/16/2010,4,46
03/16/2010,7,40
03/16/2010,10,65
03/16/2010,13,90
03/16/2010,16,85
03/16/2010,19,80
03/16/2010,22,73
03/17/2010,1,66
03/17/2010,4,56
03/17/2010,7,46
03/17/2010,10,63
03/17/2010,13,80
03/17/2010,16,86
03/17/2010,19,92
03/17/2010,22,90
03/18/2010,1,88
03/18/2010,4,75
03/18/2010,7,62
03/18/2010,10,58
03/18/2010,13,54
03/18/2010,16,68
03/18/2010,19,82
03/18/2010,22,89
03/19/2010,1,96
03/19/2010,4,86
03/19/2010,7,76
03/19/2010,10,69
03/19/2010,13,62
03/19/2010,16,65
03/19/2010,19,68
03/19/2010,22,81
03/20/2010,1,94
03/20/2010,4,88
03/20/2010,7,82
03/20/2010,10,71
03/20/2010,13,60
03/20/2010,16,61
03/20/2010,19,62
03/20/2010,22,80
03/21/2010,1,98
03/21/2010,4,96
03/21/2010,7,94
03/21/2010,10,81
03/21/2010,13,68
03/21/2010,16,62
03/21/2010,19,56
03/21/2010,22,71
03/22/2010,1,86
03/22/2010,4,91
03/22/2010,7,96
03/22/2010,10,82
03/22/2010,13,68
03/22/2010,16,62
03/22/2010,19,56
03/22/2010,22,67
03/23/2010,1,78
03/23/2010,4,94
03/23/2010,7,110
03/23/2010,10,96
03/23/2010,13,82
03/23/2010,16,72
03/23/2010,19,62
03/23/2010,22,79
03/24/2010,1,96
03/24/2010,4,119
03/24/2010,7,142
03/24/2010,10,126
03/24/2010,13,110
03/24/2010,16,99
03/24/2010,19,88
03/24/2010,22,101
03/25/2010,1,114
03/25/2010,4,133
03/25/2010,7,146
03/25/2010,10,145
03/25/2010,13,140
03/25/2010,16,133
03/25/2010,19,128
03/25/2010,22,122
03/26/2010,1,122
03/26/2010,4,138
03/26/2010,7,154
03/26/2010,10,172
03/26/2010,13,176
03/26/2010,16,166
03/26/2010,19,162
03/26/2010,22,158
03/27/2010,1,158
03/27/2010,4,166
03/27/2010,7,184
03/27/2010,10,198
03/27/2010,13,197
03/27/2010,16,187
03/27/2010,19,178
03/27/2010,22,167
03/28/2010,1,158
03/28/2010,4,152
03/28/2010,7,146
03/28/2010,10,150
03/28/2010,13,154
03/28/2010,16,140
03/28/2010,19,126
03/28/2010,22,119
03/29/2010,1,112
03/29/2010,4,105
03/29/2010,7,98
03/29/2010,10,109
03/29/2010,13,120
03/29/2010,16,106
03/29/2010,19,92
03/29/2010,22,81
03/30/2010,1,70
03/30/2010,4,63
03/30/2010,7,56
03/30/2010,10,76
03/30/2010,13,96
03/30/2010,16,98
03/30/2010,19,100
03/30/2010,22,94
03/31/2010,1,88
03/31/2010,4,77
03/31/2010,7,66
03/31/2010,10,66
03/31/2010,13,66
03/31/2010,16,87
03/31/2010,19,108
03/31/2010,22,98
04/01/2010,1,88
04/01/2010,4,78
04/01/2010,7,74
04/01/2010,10,62
04/01/2010,13,52
04/01/2010,16,44
04/01/2010,19,82
04/01/2010,22,90
04/02/2010,1,112
04/02/2010,4,98
04/02/2010,7,86
04/02/2010,10,70
04/02/2010,13,62
04/02/2010,16,54
04/02/2010,19,80
04/02/2010,22,89
04/03/2010,1,110
04/03/2010,4,90
04/03/2010,7,84
04/03/2010,10,90
04/03/2010,13,78
04/03/2010,16,70
04/03/2010,19,62
04/03/2010,22,68
04/04/2010,1,82
04/04/2010,4,96
04/04/2010,7,104
04/04/2010,10,102
04/04/2010,13,90
04/04/2010,16,72
04/04/2010,19,60
04/04/2010,22,74
04/05/2010,1,92
04/05/2010,4,116
04/05/2010,7,120
04/05/2010,10,108
04/05/2010,13,96
04/05/2010,16,76
04/05/2010,19,66
04/05/2010,22,60
04/06/2010,1,86
04/06/2010,4,112
04/06/2010,7,130
04/06/2010,10,112
04/06/2010,13,94
04/06/2010,16,80
04/06/2010,19,72
04/06/2010,22,76
04/07/2010,1,84
04/07/2010,4,108
04/07/2010,7,140
04/07/2010,10,120
04/07/2010,13,90
04/07/2010,16,88
04/07/2010,19,88
04/07/2010,22,80
04/08/2010,1,94
04/08/2010,4,116
04/08/2010,7,130
04/08/2010,10,124
04/08/2010,13,112
04/08/2010,16,96
04/08/2010,19,86
04/08/2010,22,68
04/09/2010,1,80
04/09/2010,4,96
04/09/2010,7,118
04/09/2010,10,122
04/09/2010,13,112
04/09/2010,16,102
04/09/2010,19,82
04/09/2010,22,94
04/10/2010,1,108
04/10/2010,4,114
04/10/2010,7,120
04/10/2010,10,126
04/10/2010,13,112
04/10/2010,16,96
04/10/2010,19,84
04/10/2010,22,72
04/11/2010,1,60
04/11/2010,4,86
04/11/2010,7,110
04/11/2010,10,116
04/11/2010,13,102
04/11/2010,16,88
04/11/2010,19,76
04/11/2010,22,70
04/12/2010,1,78
04/12/2010,4,86
04/12/2010,7,92
04/12/2010,10,100
04/12/2010,13,92
04/12/2010,16,84
04/12/2010,19,72
04/12/2010,22,62
04/13/2010,1,52
04/13/2010,4,42
04/13/2010,7,64
04/13/2010,10,74
04/13/2010,13,74
04/13/2010,16,74
04/13/2010,19,74
04/13/2010,22,72
04/14/2010,1,66
04/14/2010,4,56
04/14/2010,7,52
04/14/2010,10,52
04/14/2010,13,52
04/14/2010,16,64
04/14/2010,19,72
04/14/2010,22,88
04/15/2010,1,92
04/15/2010,4,80
04/15/2010,7,68
04/15/2010,10,60
04/15/2010,13,52
04/15/2010,16,54
04/15/2010,19,82
04/15/2010,22,94
04/16/2010,1,102
04/16/2010,4,90
04/16/2010,7,80
04/16/2010,10,70
04/16/2010,13,60
04/16/2010,16,52
04/16/2010,19,84
04/16/2010,22,94
04/17/2010,1,106
04/17/2010,4,102
04/17/2010,7,98
04/17/2010,10,86
04/17/2010,13,70
04/17/2010,16,62
04/17/2010,19,66
04/17/2010,22,80
04/18/2010,1,108
04/18/2010,4,116
04/18/2010,7,110
04/18/2010,10,92
04/18/2010,13,76
04/18/2010,16,66
04/18/2010,19,82
04/18/2010,22,92
04/19/2010,1,100
04/19/2010,4,108
04/19/2010,7,116
04/19/2010,10,102
04/19/2010,13,80
04/19/2010,16,68
04/19/2010,19,84
04/19/2010,22,102
04/20/2010,1,114
04/20/2010,4,128
04/20/2010,7,132
04/20/2010,10,116
04/20/2010,13,104
04/20/2010,16,90
04/20/2010,19,80
04/20/2010,22,94
04/21/2010,1,116
04/21/2010,4,138
04/21/2010,7,154
04/21/2010,10,140
04/21/2010,13,136
04/21/2010,16,116
04/21/2010,19,104
04/21/2010,22,96
04/22/2010,1,136
04/22/2010,4,154
04/22/2010,7,162
04/22/2010,10,150
04/22/2010,13,138
04/22/2010,16,128
04/22/2010,19,118
04/22/2010,22,100
04/23/2010,1,126
04/23/2010,4,152
04/23/2010,7,186
04/23/2010,10,178
04/23/2010,13,166
04/23/2010,16,160
04/23/2010,19,154
04/23/2010,22,148
04/24/2010,1,140
04/24/2010,4,150
04/24/2010,7,166
04/24/2010,10,166
04/24/2010,13,154
04/24/2010,16,144
04/24/2010,19,132
04/24/2010,22,126
04/25/2010,1,122
04/25/2010,4,122
04/25/2010,7,130
04/25/2010,10,136
04/25/2010,13,126
04/25/2010,16,114
04/25/2010,19,106
04/25/2010,22,96
04/26/2010,1,88
04/26/2010,4,100
04/26/2010,7,114
04/26/2010,10,118
04/26/2010,13,108
04/26/2010,16,104
04/26/2010,19,96
04/26/2010,22,90
04/27/2010,1,86
04/27/2010,4,84
04/27/2010,7,82
04/27/2010,10,76
04/27/2010,13,86
04/27/2010,16,98
04/27/2010,19,110
04/27/2010,22,116
04/28/2010,1,114
04/28/2010,4,108
04/28/2010,7,102
04/28/2010,10,94
04/28/2010,13,104
04/28/2010,16,118
04/28/2010,19,146
04/28/2010,22,150
04/29/2010,1,152
04/29/2010,4,148
04/29/2010,7,142
04/29/2010,10,138
04/29/2010,13,138
04/29/2010,16,138
04/29/2010,19,156
04/29/2010,22,176
04/30/2010,1,182
04/30/2010,4,178
04/30/2010,7,170
04/30/2010,10,162
04/30/2010,13,159
04/30/2010,16,150
04/30/2010,19,140
04/30/2010,22,170
05/01/2010,1,194
05/01/2010,4,188
05/01/2010,7,180
05/01/2010,10,168
05/01/2010,13,164
05/01/2010,16,158
05/01/2010,19,150
05/01/2010,22,168
05/02/2010,1,188
05/02/2010,4,182
05/02/2010,7,176
05/02/2010,10,160
05/02/2010,13,152
05/02/2010,16,140
05/02/2010,19,130
05/02/2010,22,138
05/03/2010,1,158
05/03/2010,4,176
05/03/2010,7,170
05/03/2010,10,162
05/03/2010,13,158
05/03/2010,16,146
05/03/2010,19,140
05/03/2010,22,152
05/04/2010,1,164
05/04/2010,4,174
05/04/2010,7,188
05/04/2010,10,186
05/04/2010,13,186
05/04/2010,16,186
05/04/2010,19,184
05/04/2010,22,182
05/05/2010,1,206
05/05/2010,4,228
05/05/2010,7,234
05/05/2010,10,238
05/05/2010,13,238
05/05/2010,16,238
05/05/2010,19,230
05/05/2010,22,226
05/06/2010,1,234
05/06/2010,4,244
05/06/2010,7,250
05/06/2010,10,254
05/06/2010,13,254
05/06/2010,16,252
05/06/2010,19,248
05/06/2010,22,244
05/07/2010,1,246
05/07/2010,4,256
05/07/2010,7,260
05/07/2010,10,264
05/07/2010,13,264
05/07/2010,16,264
05/07/2010,19,258
05/07/2010,22,250
05/08/2010,1,242
05/08/2010,4,252
05/08/2010,7,272
05/08/2010,10,276
05/08/2010,13,274
05/08/2010,16,272
05/08/2010,19,268
05/08/2010,22,262
05/09/2010,1,250
05/09/2010,4,262
05/09/2010,7,266
05/09/2010,10,262
05/09/2010,13,258
05/09/2010,16,258
05/09/2010,19,254
05/09/2010,22,250
05/10/2010,1,242
05/10/2010,4,248
05/10/2010,7,248
05/10/2010,10,248
05/10/2010,13,248
05/10/2010,16,248
05/10/2010,19,240
05/10/2010,22,228
05/11/2010,1,218
05/11/2010,4,212
05/11/2010,7,212
05/11/2010,10,212
05/11/2010,13,208
05/11/2010,16,204
05/11/2010,19,202
05/11/2010,22,198
05/12/2010,1,196
05/12/2010,4,186
05/12/2010,7,182
05/12/2010,10,182
05/12/2010,13,180
05/12/2010,16,182
05/12/2010,19,194
05/12/2010,22,208
05/13/2010,1,216
05/13/2010,4,196
05/13/2010,7,184
05/13/2010,10,180
05/13/2010,13,176
05/13/2010,16,178
05/13/2010,19,196
05/13/2010,22,206
05/14/2010,1,212
05/14/2010,4,190
05/14/2010,7,186
05/14/2010,10,188
05/14/2010,13,188
05/14/2010,16,182
05/14/2010,19,190
05/14/2010,22,204
05/15/2010,1,204
05/15/2010,4,204
05/15/2010,7,208
05/15/2010,10,200
05/15/2010,13,198
05/15/2010,16,196
05/15/2010,19,198
05/15/2010,22,220
05/16/2010,1,230
05/16/2010,4,230
05/16/2010,7,218
05/16/2010,10,210
05/16/2010,13,202
05/16/2010,16,196
05/16/2010,19,190
05/16/2010,22,212
05/17/2010,1,232
05/17/2010,4,228
05/17/2010,7,222
05/17/2010,10,214
05/17/2010,13,208
05/17/2010,16,204
05/17/2010,19,200
05/17/2010,22,218
05/18/2010,1,240
05/18/2010,4,240
05/18/2010,7,242
05/18/2010,10,238
05/18/2010,13,232
05/18/2010,16,228
05/18/2010,19,222
05/18/2010,22,220
05/19/2010,1,238
05/19/2010,4,234
05/19/2010,7,262
05/19/2010,10,262
05/19/2010,13,258
05/19/2010,16,254
05/19/2010,19,248
05/19/2010,22,242
05/20/2010,1,252
05/20/2010,4,264
05/20/2010,7,264
05/20/2010,10,264
05/20/2010,13,256
05/20/2010,16,250
05/20/2010,19,246
05/20/2010,22,240
05/21/2010,1,244
05/21/2010,4,248
05/21/2010,7,254
05/21/2010,10,262
05/21/2010,13,260
05/21/2010,16,254
05/21/2010,19,248
05/21/2010,22,244
05/22/2010,1,242
05/22/2010,4,248
05/22/2010,7,256
05/22/2010,10,254
05/22/2010,13,250
05/22/2010,16,244
05/22/2010,19,238
05/22/2010,22,234
05/23/2010,1,232
05/23/2010,4,238
05/23/2010,7,238
05/23/2010,10,232
05/23/2010,13,226
05/23/2010,16,220
05/23/2010,19,216
05/23/2010,22,208
05/24/2010,1,204
05/24/2010,4,206
05/24/2010,7,206
05/24/2010,10,183
05/24/2010,13,176
05/24/2010,16,170
05/24/2010,19,162
05/24/2010,22,154
05/25/2010,1,150
05/25/2010,4,146
05/25/2010,7,146
05/25/2010,10,146
05/25/2010,13,150
05/25/2010,16,162
05/25/2010,19,182
05/25/2010,22,180
05/26/2010,1,176
05/26/2010,4,170
05/26/2010,7,166
05/26/2010,10,164
05/26/2010,13,162
05/26/2010,16,168
05/26/2010,19,188
05/26/2010,22,184
05/27/2010,1,196
05/27/2010,4,200
05/27/2010,7,184
05/27/2010,10,170
05/27/2010,13,164
05/27/2010,16,160
05/27/2010,19,182
05/27/2010,22,186
05/28/2010,1,198
05/28/2010,4,204
05/28/2010,7,196
05/28/2010,10,196
05/28/2010,13,196
05/28/2010,16,192
05/28/2010,19,198
05/28/2010,22,220
05/29/2010,1,234
05/29/2010,4,240
05/29/2010,7,240
05/29/2010,10,240
05/29/2010,13,240
05/29/2010,16,236
05/29/2010,19,236
05/29/2010,22,236
05/30/2010,1,234
05/30/2010,4,230
05/30/2010,7,238
05/30/2010,10,252
05/30/2010,13,248
05/30/2010,16,240
05/30/2010,19,236
05/30/2010,22,232
05/31/2010,1,242
05/31/2010,4,258
05/31/2010,7,262
05/31/2010,10,258
05/31/2010,13,252
05/31/2010,16,252
05/31/2010,19,244
05/31/2010,22,244
06/01/2010,1,260
06/01/2010,4,270
06/01/2010,7,272
06/01/2010,10,272
06/01/2010,13,268
06/01/2010,16,266
06/01/2010,19,262
06/01/2010,22,262
06/02/2010,1,262
06/02/2010,4,280
06/02/2010,7,282
06/02/2010,10,282
06/02/2010,13,280
06/02/2010,16,276
06/02/2010,19,268
06/02/2010,22,268
06/03/2010,1,280
06/03/2010,4,280
06/03/2010,7,288
06/03/2010,10,286
06/03/2010,13,284
06/03/2010,16,280
06/03/2010,19,276
06/03/2010,22,276
06/04/2010,1,304
06/04/2010,4,330
06/04/2010,7,315
06/04/2010,10,298
06/04/2010,13,288
06/04/2010,16,282
06/04/2010,19,282
06/04/2010,22,282
06/05/2010,1,286
06/05/2010,4,286
06/05/2010,7,280
06/05/2010,10,280
06/05/2010,13,278
06/05/2010,16,273
06/05/2010,19,266
06/05/2010,22,262
06/06/2010,1,260
06/06/2010,4,256
06/06/2010,7,252
06/06/2010,10,246
06/06/2010,13,240
06/06/2010,16,234
06/06/2010,19,228
06/06/2010,22,200
06/07/2010,1,200
06/07/2010,4,200
06/07/2010,7,218
06/07/2010,10,218
06/07/2010,13,216
06/07/2010,16,212
06/07/2010,19,210
06/07/2010,22,208
06/08/2010,1,212
06/08/2010,4,216
06/08/2010,7,218
06/08/2010,10,220
06/08/2010,13,226
06/08/2010,16,230
06/08/2010,19,234
06/08/2010,22,236
06/09/2010,1,238
06/09/2010,4,242
06/09/2010,7,246
06/09/2010,10,246
06/09/2010,13,248
06/09/2010,16,252
06/09/2010,19,256
06/09/2010,22,258
06/10/2010,1,260
06/10/2010,4,262
06/10/2010,7,256
06/10/2010,10,248
06/10/2010,13,240
06/10/2010,16,240
06/10/2010,19,246
06/10/2010,22,252
06/11/2010,1,254
06/11/2010,4,256
06/11/2010,7,252
06/11/2010,10,248
06/11/2010,13,240
06/11/2010,16,238
06/11/2010,19,246
06/11/2010,22,254
06/12/2010,1,258
06/12/2010,4,258
06/12/2010,7,250
06/12/2010,10,250
06/12/2010,13,250
06/12/2010,16,258
06/12/2010,19,266
06/12/2010,22,272
06/13/2010,1,298
06/13/2010,4,302
06/13/2010,7,300
06/13/2010,10,296
06/13/2010,13,288
06/13/2010,16,282
06/13/2010,19,278
06/13/2010,22,276
06/14/2010,1,286
06/14/2010,4,292
06/14/2010,7,288
06/14/2010,10,286
06/14/2010,13,284
06/14/2010,16,280
06/14/2010,19,276
06/14/2010,22,282
06/15/2010,1,296
06/15/2010,4,304
06/15/2010,7,296
06/15/2010,10,292
06/15/2010,13,286
06/15/2010,16,280
06/15/2010,19,280
06/15/2010,22,280
06/16/2010,1,296
06/16/2010,4,302
06/16/2010,7,298
06/16/2010,10,290
06/16/2010,13,284
06/16/2010,16,280
06/16/2010,19,278
06/16/2010,22,276
06/17/2010,1,286
06/17/2010,4,292
06/17/2010,7,290
06/17/2010,10,288
06/17/2010,13,284
06/17/2010,16,276
06/17/2010,19,272
06/17/2010,22,270
06/18/2010,1,280
06/18/2010,4,286
06/18/2010,7,288
06/18/2010,10,290
06/18/2010,13,290
06/18/2010,16,286
06/18/2010,19,286
06/18/2010,22,286
06/19/2010,1,288
06/19/2010,4,290
06/19/2010,7,298
06/19/2010,10,294
06/19/2010,13,288
06/19/2010,16,284
06/19/2010,19,278
06/19/2010,22,274
06/20/2010,1,272
06/20/2010,4,272
06/20/2010,7,274
06/20/2010,10,272
06/20/2010,13,270
06/20/2010,16,268
06/20/2010,19,264
06/20/2010,22,262
06/21/2010,1,264
06/21/2010,4,266
06/21/2010,7,266
06/21/2010,10,266
06/21/2010,13,264
06/21/2010,16,260
06/21/2010,19,256
06/21/2010,22,252
06/22/2010,1,248
06/22/2010,4,246
06/22/2010,7,238
06/22/2010,10,228
06/22/2010,13,220
06/22/2010,16,226
06/22/2010,19,234
06/22/2010,22,236
06/23/2010,1,236
06/23/2010,4,236
06/23/2010,7,236
06/23/2010,10,234
06/23/2010,13,234
06/23/2010,16,240
06/23/2010,19,248
06/23/2010,22,252
06/24/2010,1,250
06/24/2010,4,246
06/24/2010,7,246
06/24/2010,10,250
06/24/2010,13,256
06/24/2010,16,244
06/24/2010,19,240
06/24/2010,22,240
06/25/2010,1,246
06/25/2010,4,252
06/25/2010,7,236
06/25/2010,10,228
06/25/2010,13,222
06/25/2010,16,218
06/25/2010,19,216
06/25/2010,22,214
06/26/2010,1,228
06/26/2010,4,238
06/26/2010,7,234
06/26/2010,10,230
06/26/2010,13,226
06/26/2010,16,222
06/26/2010,19,222
06/26/2010,22,222
06/27/2010,1,235
06/27/2010,4,242
06/27/2010,7,238
06/27/2010,10,232
06/27/2010,13,224
06/27/2010,16,218
06/27/2010,19,214
06/27/2010,22,212
06/28/2010,1,224
06/28/2010,4,230
06/28/2010,7,248
06/28/2010,10,250
06/28/2010,13,248
06/28/2010,16,248
06/28/2010,19,246
06/28/2010,22,246
06/29/2010,1,266
06/29/2010,4,272
06/29/2010,7,276
06/29/2010,10,274
06/29/2010,13,272
06/29/2010,16,270
06/29/2010,19,268
06/29/2010,22,266
06/30/2010,1,276
06/30/2010,4,282
06/30/2010,7,280
06/30/2010,10,280
06/30/2010,13,280
06/30/2010,16,282
06/30/2010,19,282
06/30/2010,22,286
07/01/2010,1,300
07/01/2010,4,306
07/01/2010,7,306
07/01/2010,10,306
07/01/2010,13,304
07/01/2010,16,302
07/01/2010,19,298
07/01/2010,22,300
07/02/2010,1,304
07/02/2010,4,308
07/02/2010,7,312
07/02/2010,10,312
07/02/2010,13,316
07/02/2010,16,320
07/02/2010,19,324
07/02/2010,22,324
07/03/2010,1,324
07/03/2010,4,320
07/03/2010,7,330
07/03/2010,10,340
07/03/2010,13,340
07/03/2010,16,344
07/03/2010,19,344
07/03/2010,22,344
07/04/2010,1,342
07/04/2010,4,340
07/04/2010,7,338
07/04/2010,10,346
07/04/2010,13,348
07/04/2010,16,348
07/04/2010,19,344
07/04/2010,22,342
07/05/2010,1,342
07/05/2010,4,340
07/05/2010,7,332
07/05/2010,10,324
07/05/2010,13,318
07/05/2010,16,318
07/05/2010,19,316
07/05/2010,22,314
07/06/2010,1,312
07/06/2010,4,312
07/06/2010,7,314
07/06/2010,10,320
07/06/2010,13,322
07/06/2010,16,322
07/06/2010,19,322
07/06/2010,22,322
07/07/2010,1,324
07/07/2010,4,324
07/07/2010,7,324
07/07/2010,10,324
07/07/2010,13,322
07/07/2010,16,322
07/07/2010,19,324
07/07/2010,22,326
07/08/2010,1,328
07/08/2010,4,328
07/08/2010,7,324
07/08/2010,10,320
07/08/2010,13,316
07/08/2010,16,316
07/08/2010,19,316
07/08/2010,22,322
07/09/2010,1,326
07/09/2010,4,328
07/09/2010,7,328
07/09/2010,10,324
07/09/2010,13,320
07/09/2010,16,322
07/09/2010,19,322
07/09/2010,22,326
07/10/2010,1,328
07/10/2010,4,328
07/10/2010,7,326
07/10/2010,10,324
07/10/2010,13,322
07/10/2010,16,320
07/10/2010,19,320
07/10/2010,22,320
07/11/2010,1,320
07/11/2010,4,322
07/11/2010,7,320
07/11/2010,10,318
07/11/2010,13,316
07/11/2010,16,316
07/11/2010,19,316
07/11/2010,22,325
07/12/2010,1,336
07/12/2010,4,338
07/12/2010,7,332
07/12/2010,10,326
07/12/2010,13,320
07/12/2010,16,314
07/12/2010,19,312
07/12/2010,22,310
07/13/2010,1,308
07/13/2010,4,308
07/13/2010,7,312
07/13/2010,10,330
07/13/2010,13,326
07/13/2010,16,320
07/13/2010,19,318
07/13/2010,22,316
07/14/2010,1,324
07/14/2010,4,330
07/14/2010,7,328
07/14/2010,10,326
07/14/2010,13,322
07/14/2010,16,320
07/14/2010,19,316
07/14/2010,22,314
07/15/2010,1,318
07/15/2010,4,324
07/15/2010,7,334
07/15/2010,10,338
07/15/2010,13,338
07/15/2010,16,336
07/15/2010,19,336
07/15/2010,22,336
07/16/2010,1,340
07/16/2010,4,342
07/16/2010,7,342
07/16/2010,10,342
07/16/2010,13,340
07/16/2010,16,336
07/16/2010,19,334
07/16/2010,22,334
07/17/2010,1,334
07/17/2010,4,336
07/17/2010,7,340
07/17/2010,10,344
07/17/2010,13,345
07/17/2010,16,342
07/17/2010,19,340
07/17/2010,22,338
07/18/2010,1,340
07/18/2010,4,350
07/18/2010,7,352
07/18/2010,10,350
07/18/2010,13,345
07/18/2010,16,332
07/18/2010,19,320
07/18/2010,22,314
07/19/2010,1,306
07/19/2010,4,302
07/19/2010,7,288
07/19/2010,10,280
07/19/2010,13,276
07/19/2010,16,274
07/19/2010,19,271
07/19/2010,22,268
07/20/2010,1,264
07/20/2010,4,260
07/20/2010,7,252
07/20/2010,10,264
07/20/2010,13,272
07/20/2010,16,288
07/20/2010,19,306
07/20/2010,22,318
07/21/2010,1,330
07/21/2010,4,336
07/21/2010,7,348
07/21/2010,10,354
07/21/2010,13,362
07/21/2010,16,360
07/21/2010,19,368
07/21/2010,22,390
07/22/2010,1,392
07/22/2010,4,392
07/22/2010,7,392
07/22/2010,10,394
07/22/2010,13,400
07/22/2010,16,400
07/22/2010,19,400
07/22/2010,22,408
07/23/2010,1,412
07/23/2010,4,414
07/23/2010,7,422
07/23/2010,10,430
07/23/2010,13,440
07/23/2010,16,446
07/23/2010,19,458
07/23/2010,22,470
07/24/2010,1,482
07/24/2010,4,496
07/24/2010,7,496
07/24/2010,10,502
07/24/2010,13,502
07/24/2010,16,502
07/24/2010,19,502
07/24/2010,22,508
07/25/2010,1,512
07/25/2010,4,516
07/25/2010,7,526
07/25/2010,10,532
07/25/2010,13,534
07/25/2010,16,534
07/25/2010,19,536
07/25/2010,22,536
07/26/2010,1,546
07/26/2010,4,552
07/26/2010,7,568
07/26/2010,10,572
07/26/2010,13,576
07/26/2010,16,580
07/26/2010,19,582
07/26/2010,22,582
07/27/2010,1,586
07/27/2010,4,592
07/27/2010,7,598
07/27/2010,10,600
07/27/2010,13,600
07/27/2010,16,596
07/27/2010,19,596
07/27/2010,22,592
07/28/2010,1,590
07/28/2010,4,588
07/28/2010,7,586
07/28/2010,10,576
07/28/2010,13,567
07/28/2010,16,558
07/28/2010,19,550
07/28/2010,22,544
07/29/2010,1,538
07/29/2010,4,532
07/29/2010,7,526
07/29/2010,10,522
07/29/2010,13,516
07/29/2010,16,508
07/29/2010,19,502
07/29/2010,22,498
07/30/2010,1,498
07/30/2010,4,498
07/30/2010,7,498
07/30/2010,10,504
07/30/2010,13,508
07/30/2010,16,512
07/30/2010,19,514
07/30/2010,22,514
07/31/2010,1,514
07/31/2010,4,518
07/31/2010,7,520
07/31/2010,10,520
07/31/2010,13,518
07/31/2010,16,514
07/31/2010,19,506
07/31/2010,22,496
08/01/2010,1,490
08/01/2010,4,490
08/01/2010,7,482
08/01/2010,10,474
08/01/2010,13,466
08/01/2010,16,458
08/01/2010,19,452
08/01/2010,22,448
08/02/2010,1,446
08/02/2010,4,442
08/02/2010,7,438
08/02/2010,10,436
08/02/2010,13,436
08/02/2010,16,438
08/02/2010,19,438
08/02/2010,22,438
08/03/2010,1,440
08/03/2010,4,442
08/03/2010,7,446
08/03/2010,10,450
08/03/2010,13,456
08/03/2010,16,462
08/03/2010,19,468
08/03/2010,22,472
08/04/2010,1,472
08/04/2010,4,462
08/04/2010,7,454
08/04/2010,10,460
08/04/2010,13,462
08/04/2010,16,464
08/04/2010,19,468
08/04/2010,22,472
08/05/2010,1,476
08/05/2010,4,478
08/05/2010,7,478
08/05/2010,10,478
08/05/2010,13,478
08/05/2010,16,478
08/05/2010,19,478
08/05/2010,22,478
08/06/2010,1,478
08/06/2010,4,478
08/06/2010,7,478
08/06/2010,10,474
08/06/2010,13,474
08/06/2010,16,474
08/06/2010,19,472
08/06/2010,22,472
08/07/2010,1,472
08/07/2010,4,472
08/07/2010,7,472
08/07/2010,10,472
08/07/2010,13,470
08/07/2010,16,466
08/07/2010,19,466
08/07/2010,22,466
08/08/2010,1,466
08/08/2010,4,462
08/08/2010,7,454
08/08/2010,10,452
08/08/2010,13,450
08/08/2010,16,444
08/08/2010,19,440
08/08/2010,22,436
08/09/2010,1,444
08/09/2010,4,448
08/09/2010,7,436
08/09/2010,10,431
08/09/2010,13,426
08/09/2010,16,420
08/09/2010,19,418
08/09/2010,22,416
08/10/2010,1,416
08/10/2010,4,420
08/10/2010,7,422
08/10/2010,10,422
08/10/2010,13,422
08/10/2010,16,422
08/10/2010,19,416
08/10/2010,22,412
08/11/2010,1,418
08/11/2010,4,422
08/11/2010,7,422
08/11/2010,10,414
08/11/2010,13,414
08/11/2010,16,410
08/11/2010,19,406
08/11/2010,22,400
08/12/2010,1,400
08/12/2010,4,400
08/12/2010,7,416
08/12/2010,10,418
08/12/2010,13,416
08/12/2010,16,412
08/12/2010,19,412
08/12/2010,22,412
08/13/2010,1,416
08/13/2010,4,418
08/13/2010,7,420
08/13/2010,10,422
08/13/2010,13,422
08/13/2010,16,420
08/13/2010,19,420
08/13/2010,22,418
08/14/2010,1,422
08/14/2010,4,424
08/14/2010,7,428
08/14/2010,10,430
08/14/2010,13,430
08/14/2010,16,427
08/14/2010,19,426
08/14/2010,22,424
08/15/2010,1,422
08/15/2010,4,422
08/15/2010,7,422
08/15/2010,10,422
08/15/2010,13,422
08/15/2010,16,426
08/15/2010,19,428
08/15/2010,22,428
08/16/2010,1,426
08/16/2010,4,422
08/16/2010,7,420
08/16/2010,10,420
08/16/2010,13,420
08/16/2010,16,422
08/16/2010,19,424
08/16/2010,22,426
08/17/2010,1,426
08/17/2010,4,426
08/17/2010,7,426
08/17/2010,10,430
08/17/2010,13,438
08/17/2010,16,444
08/17/2010,19,448
08/17/2010,22,452
08/18/2010,1,456
08/18/2010,4,458
08/18/2010,7,454
08/18/2010,10,448
08/18/2010,13,448
08/18/2010,16,446
08/18/2010,19,444
08/18/2010,22,442
08/19/2010,1,442
08/19/2010,4,442
08/19/2010,7,438
08/19/2010,10,434
08/19/2010,13,434
08/19/2010,16,432
08/19/2010,19,438
08/19/2010,22,444
08/20/2010,1,452
08/20/2010,4,458
08/20/2010,7,464
08/20/2010,10,466
08/20/2010,13,466
08/20/2010,16,472
08/20/2010,19,480
08/20/2010,22,484
08/21/2010,1,490
08/21/2010,4,494
08/21/2010,7,496
08/21/2010,10,496
08/21/2010,13,498
08/21/2010,16,498
08/21/2010,19,500
08/21/2010,22,502
08/22/2010,1,504
08/22/2010,4,506
08/22/2010,7,501
08/22/2010,10,488
08/22/2010,13,476
08/22/2010,16,468
08/22/2010,19,464
08/22/2010,22,462
08/23/2010,1,462
08/23/2010,4,462
08/23/2010,7,458
08/23/2010,10,454
08/23/2010,13,450
08/23/2010,16,446
08/23/2010,19,442
08/23/2010,22,440
08/24/2010,1,442
08/24/2010,4,444
08/24/2010,7,446
08/24/2010,10,446
08/24/2010,13,446
08/24/2010,16,446
08/24/2010,19,448
08/24/2010,22,450
08/25/2010,1,452
08/25/2010,4,458
08/25/2010,7,462
08/25/2010,10,462
08/25/2010,13,462
08/25/2010,16,462
08/25/2010,19,462
08/25/2010,22,462
08/26/2010,1,466
08/26/2010,4,472
08/26/2010,7,474
08/26/2010,10,472
08/26/2010,13,482
08/26/2010,16,488
08/26/2010,19,504
08/26/2010,22,526
08/27/2010,1,544
08/27/2010,4,568
08/27/2010,7,578
08/27/2010,10,598
08/27/2010,13,614
08/27/2010,16,616
08/27/2010,19,620
08/27/2010,22,626
08/28/2010,1,634
08/28/2010,4,642
08/28/2010,7,646
08/28/2010,10,646
08/28/2010,13,634
08/28/2010,16,626
08/28/2010,19,620
08/28/2010,22,614
08/29/2010,1,606
08/29/2010,4,604
08/29/2010,7,610
08/29/2010,10,612
08/29/2010,13,612
08/29/2010,16,608
08/29/2010,19,604
08/29/2010,22,600
08/30/2010,1,596
08/30/2010,4,592
08/30/2010,7,580
08/30/2010,10,572
08/30/2010,13,566
08/30/2010,16,560
08/30/2010,19,554
08/30/2010,22,546
08/31/2010,1,540
08/31/2010,4,532
08/31/2010,7,530
08/31/2010,10,526
08/31/2010,13,520
08/31/2010,16,514
08/31/2010,19,502
08/31/2010,22,498
09/01/2010,1,490
09/01/2010,4,484
09/01/2010,7,478
09/01/2010,10,472
09/01/2010,13,462
09/01/2010,16,462
09/01/2010,19,454
09/01/2010,22,450
09/02/2010,1,446
09/02/2010,4,442
09/02/2010,7,438
09/02/2010,10,434
09/02/2010,13,432
09/02/2010,16,432
09/02/2010,19,430
09/02/2010,22,430
09/03/2010,1,426
09/03/2010,4,424
09/03/2010,7,410
09/03/2010,10,395
09/03/2010,13,384
09/03/2010,16,378
09/03/2010,19,372
09/03/2010,22,368
09/04/2010,1,364
09/04/2010,4,362
09/04/2010,7,360
09/04/2010,10,360
09/04/2010,13,362
09/04/2010,16,362
09/04/2010,19,366
09/04/2010,22,368
09/05/2010,1,370
09/05/2010,4,372
09/05/2010,7,368
09/05/2010,10,366
09/05/2010,13,362
09/05/2010,16,360
09/05/2010,19,364
09/05/2010,22,364
09/06/2010,1,362
09/06/2010,4,360
09/06/2010,7,360
09/06/2010,10,356
09/06/2010,13,342
09/06/2010,16,332
09/06/2010,19,334
09/06/2010,22,340
09/07/2010,1,340
09/07/2010,4,340
09/07/2010,7,338
09/07/2010,10,336
09/07/2010,13,340
09/07/2010,16,340
09/07/2010,19,340
09/07/2010,22,348
09/08/2010,1,354
09/08/2010,4,354
09/08/2010,7,358
09/08/2010,10,360
09/08/2010,13,354
09/08/2010,16,354
09/08/2010,19,356
09/08/2010,22,358
09/09/2010,1,364
09/09/2010,4,368
09/09/2010,7,372
09/09/2010,10,372
09/09/2010,13,368
09/09/2010,16,366
09/09/2010,19,364
09/09/2010,22,364
09/10/2010,1,364
09/10/2010,4,364
09/10/2010,7,364
09/10/2010,10,364
09/10/2010,13,362
09/10/2010,16,356
09/10/2010,19,356
09/10/2010,22,356
09/11/2010,1,358
09/11/2010,4,360
09/11/2010,7,366
09/11/2010,10,372
09/11/2010,13,372
09/11/2010,16,366
09/11/2010,19,364
09/11/2010,22,362
09/12/2010,1,360
09/12/2010,4,364
09/12/2010,7,372
09/12/2010,10,386
09/12/2010,13,398
09/12/2010,16,404
09/12/2010,19,410
09/12/2010,22,416
09/13/2010,1,414
09/13/2010,4,412
09/13/2010,7,406
09/13/2010,10,392
09/13/2010,13,386
09/13/2010,16,382
09/13/2010,19,376
09/13/2010,22,364
09/14/2010,1,352
09/14/2010,4,348
09/14/2010,7,354
09/14/2010,10,358
09/14/2010,13,362
09/14/2010,16,366
09/14/2010,19,370
09/14/2010,22,370
09/15/2010,1,370
09/15/2010,4,372
09/15/2010,7,372
09/15/2010,10,374
09/15/2010,13,376
09/15/2010,16,386
09/15/2010,19,392
09/15/2010,22,396
09/16/2010,1,392
09/16/2010,4,386
09/16/2010,7,400
09/16/2010,10,412
09/16/2010,13,416
09/16/2010,16,420
09/16/2010,19,428
09/16/2010,22,434
09/17/2010,1,438
09/17/2010,4,440
09/17/2010,7,446
09/17/2010,10,450
09/17/2010,13,454
09/17/2010,16,454
09/17/2010,19,454
09/17/2010,22,454
09/18/2010,1,456
09/18/2010,4,456
09/18/2010,7,450
09/18/2010,10,446
09/18/2010,13,440
09/18/2010,16,436
09/18/2010,19,434
09/18/2010,22,432
09/19/2010,1,432
09/19/2010,4,430
09/19/2010,7,422
09/19/2010,10,414
09/19/2010,13,404
09/19/2010,16,398
09/19/2010,19,394
09/19/2010,22,389
09/20/2010,1,384
09/20/2010,4,382
09/20/2010,7,380
09/20/2010,10,370
09/20/2010,13,350
09/20/2010,16,340
09/20/2010,19,336
09/20/2010,22,332
09/21/2010,1,334
09/21/2010,4,336
09/21/2010,7,336
09/21/2010,10,344
09/21/2010,13,344
09/21/2010,16,344
09/21/2010,19,350
09/21/2010,22,364
09/22/2010,1,374
09/22/2010,4,374
09/22/2010,7,374
09/22/2010,10,372
09/22/2010,13,368
09/22/2010,16,370
09/22/2010,19,374
09/22/2010,22,374
09/23/2010,1,380
09/23/2010,4,382
09/23/2010,7,386
09/23/2010,10,388
09/23/2010,13,390
09/23/2010,16,386
09/23/2010,19,386
09/23/2010,22,386
09/24/2010,1,386
09/24/2010,4,388
09/24/2010,7,390
09/24/2010,10,392
09/24/2010,13,390
09/24/2010,16,388
09/24/2010,19,386
09/24/2010,22,384
09/25/2010,1,386
09/25/2010,4,388
09/25/2010,7,390
09/25/2010,10,396
09/25/2010,13,394
09/25/2010,16,390
09/25/2010,19,386
09/25/2010,22,384
09/26/2010,1,382
09/26/2010,4,382
09/26/2010,7,380
09/26/2010,10,386
09/26/2010,13,384
09/26/2010,16,380
09/26/2010,19,374
09/26/2010,22,370
09/27/2010,1,366
09/27/2010,4,364
09/27/2010,7,362
09/27/2010,10,362
09/27/2010,13,362
09/27/2010,16,362
09/27/2010,19,362
09/27/2010,22,360
09/28/2010,1,356
09/28/2010,4,352
09/28/2010,7,346
09/28/2010,10,348
09/28/2010,13,352
09/28/2010,16,356
09/28/2010,19,360
09/28/2010,22,364
09/29/2010,1,376
09/29/2010,4,386
09/29/2010,7,392
09/29/2010,10,404
09/29/2010,13,408
09/29/2010,16,416
09/29/2010,19,420
09/29/2010,22,424
09/30/2010,1,424
09/30/2010,4,422
09/30/2010,7,418
09/30/2010,10,414
09/30/2010,13,408
09/30/2010,16,408
09/30/2010,19,406
09/30/2010,22,404
10/01/2010,1,402
10/01/2010,4,396
10/01/2010,7,388
10/01/2010,10,384
10/01/2010,13,388
10/01/2010,16,392
10/01/2010,19,392
10/01/2010,22,392
10/02/2010,1,384
10/02/2010,4,380
10/02/2010,7,380
10/02/2010,10,382
10/02/2010,13,380
10/02/2010,16,382
10/02/2010,19,384
10/02/2010,22,386
10/03/2010,1,380
10/03/2010,4,376
10/03/2010,7,364
10/03/2010,10,354
10/03/2010,13,346
10/03/2010,16,346
10/03/2010,19,350
10/03/2010,22,354
10/04/2010,1,348
10/04/2010,4,342
10/04/2010,7,332
10/04/2010,10,320
10/04/2010,13,308
10/04/2010,16,300
10/04/2010,19,304
10/04/2010,22,308
10/05/2010,1,302
10/05/2010,4,300
10/05/2010,7,298
10/05/2010,10,294
10/05/2010,13,286
10/05/2010,16,274
10/05/2010,19,286
10/05/2010,22,292
10/06/2010,1,294
10/06/2010,4,294
10/06/2010,7,286
10/06/2010,10,282
10/06/2010,13,278
10/06/2010,16,274
10/06/2010,19,276
10/06/2010,22,282
10/07/2010,1,292
10/07/2010,4,296
10/07/2010,7,290
10/07/2010,10,286
10/07/2010,13,282
10/07/2010,16,278
10/07/2010,19,276
10/07/2010,22,274
10/08/2010,1,272
10/08/2010,4,270
10/08/2010,7,270
10/08/2010,10,270
10/08/2010,13,264
10/08/2010,16,262
10/08/2010,19,256
10/08/2010,22,252
10/09/2010,1,250
10/09/2010,4,250
10/09/2010,7,250
10/09/2010,10,264
10/09/2010,13,260
10/09/2010,16,260
10/09/2010,19,258
10/09/2010,22,258
10/10/2010,1,254
10/10/2010,4,252
10/10/2010,7,252
10/10/2010,10,270
10/10/2010,13,276
10/10/2010,16,274
10/10/2010,19,270
10/10/2010,22,266
10/11/2010,1,262
10/11/2010,4,252
10/11/2010,7,260
10/11/2010,10,258
10/11/2010,13,266
10/11/2010,16,264
10/11/2010,19,258
10/11/2010,22,244
10/12/2010,1,240
10/12/2010,4,220
10/12/2010,7,206
10/12/2010,10,212
10/12/2010,13,238
10/12/2010,16,242
10/12/2010,19,236
10/12/2010,22,230
10/13/2010,1,224
10/13/2010,4,224
10/13/2010,7,232
10/13/2010,10,236
10/13/2010,13,248
10/13/2010,16,262
10/13/2010,19,286
10/13/2010,22,296
10/14/2010,1,302
10/14/2010,4,312
10/14/2010,7,300
10/14/2010,10,300
10/14/2010,13,306
10/14/2010,16,310
10/14/2010,19,322
10/14/2010,22,326
10/15/2010,1,312
10/15/2010,4,302
10/15/2010,7,300
10/15/2010,10,294
10/15/2010,13,286
10/15/2010,16,296
10/15/2010,19,308
10/15/2010,22,308
10/16/2010,1,298
10/16/2010,4,290
10/16/2010,7,284
10/16/2010,10,282
10/16/2010,13,282
10/16/2010,16,288
10/16/2010,19,292
10/16/2010,22,296
10/17/2010,1,298
10/17/2010,4,294
10/17/2010,7,280
10/17/2010,10,266
10/17/2010,13,262
10/17/2010,16,270
10/17/2010,19,280
10/17/2010,22,288
10/18/2010,1,282
10/18/2010,4,272
10/18/2010,7,268
10/18/2010,10,240
10/18/2010,13,230
10/18/2010,16,236
10/18/2010,19,244
10/18/2010,22,248
10/19/2010,1,248
10/19/2010,4,242
10/19/2010,7,242
10/19/2010,10,248
10/19/2010,13,250
10/19/2010,16,256
10/19/2010,19,262
10/19/2010,22,266
10/20/2010,1,284
10/20/2010,4,288
10/20/2010,7,294
10/20/2010,10,296
10/20/2010,13,296
10/20/2010,16,296
10/20/2010,19,298
10/20/2010,22,302
10/21/2010,1,302
10/21/2010,4,302
10/21/2010,7,296
10/21/2010,10,296
10/21/2010,13,292
10/21/2010,16,288
10/21/2010,19,288
10/21/2010,22,284
10/22/2010,1,280
10/22/2010,4,280
10/22/2010,7,284
10/22/2010,10,286
10/22/2010,13,286
10/22/2010,16,280
10/22/2010,19,274
10/22/2010,22,270
10/23/2010,1,268
10/23/2010,4,266
10/23/2010,7,272
10/23/2010,10,274
10/23/2010,13,276
10/23/2010,16,276
10/23/2010,19,270
10/23/2010,22,266
10/24/2010,1,260
10/24/2010,4,260
10/24/2010,7,266
10/24/2010,10,280
10/24/2010,13,284
10/24/2010,16,278
10/24/2010,19,272
10/24/2010,22,268
10/25/2010,1,260
10/25/2010,4,256
10/25/2010,7,248
10/25/2010,10,246
10/25/2010,13,244
10/25/2010,16,250
10/25/2010,19,256
10/25/2010,22,260
10/26/2010,1,248
10/26/2010,4,232
10/26/2010,7,228
10/26/2010,10,228
10/26/2010,13,248
10/26/2010,16,248
10/26/2010,19,246
10/26/2010,22,240
10/27/2010,1,232
10/27/2010,4,226
10/27/2010,7,222
10/27/2010,10,236
10/27/2010,13,256
10/27/2010,16,262
10/27/2010,19,262
10/27/2010,22,252
10/28/2010,1,240
10/28/2010,4,236
10/28/2010,7,234
10/28/2010,10,242
10/28/2010,13,266
10/28/2010,16,274
10/28/2010,19,274
10/28/2010,22,274
10/29/2010,1,270
10/29/2010,4,264
10/29/2010,7,252
10/29/2010,10,250
10/29/2010,13,270
10/29/2010,16,280
10/29/2010,19,276
10/29/2010,22,270
10/30/2010,1,264
10/30/2010,4,260
10/30/2010,7,246
10/30/2010,10,232
10/30/2010,13,238
10/30/2010,16,260
10/30/2010,19,260
10/30/2010,22,252
10/31/2010,1,240
10/31/2010,4,232
10/31/2010,7,226
10/31/2010,10,220
10/31/2010,13,226
10/31/2010,16,248
10/31/2010,19,256
10/31/2010,22,246
11/01/2010,1,234
11/01/2010,4,212
11/01/2010,7,202
11/01/2010,10,194
11/01/2010,13,188
11/01/2010,16,206
11/01/2010,19,216
11/01/2010,22,212
11/02/2010,1,202
11/02/2010,4,186
11/02/2010,7,178
11/02/2010,10,166
11/02/2010,13,160
11/02/2010,16,184
11/02/2010,19,198
11/02/2010,22,206
11/03/2010,1,204
11/03/2010,4,190
11/03/2010,7,182
11/03/2010,10,178
11/03/2010,13,176
11/03/2010,16,180
11/03/2010,19,192
11/03/2010,22,198
11/04/2010,1,202
11/04/2010,4,190
11/04/2010,7,184
11/04/2010,10,192
11/04/2010,13,192
11/04/2010,16,186
11/04/2010,19,182
11/04/2010,22,178
11/05/2010,1,174
11/05/2010,4,180
11/05/2010,7,188
11/05/2010,10,188
11/05/2010,13,182
11/05/2010,16,178
11/05/2010,19,174
11/05/2010,22,166
11/06/2010,1,150
11/06/2010,4,170
11/06/2010,7,184
11/06/2010,10,202
11/06/2010,13,214
11/06/2010,16,206
11/06/2010,19,194
11/06/2010,22,184
11/07/2010,1,180
11/07/2010,4,178
11/07/2010,7,188
11/07/2010,10,212
11/07/2010,13,216
11/07/2010,16,204
11/07/2010,19,192
11/07/2010,22,182
11/08/2010,1,174
11/08/2010,4,156
11/08/2010,7,150
11/08/2010,10,186
11/08/2010,13,202
11/08/2010,16,186
11/08/2010,19,176
11/08/2010,22,166
11/09/2010,1,150
11/09/2010,4,134
11/09/2010,7,120
11/09/2010,10,162
11/09/2010,13,196
11/09/2010,16,190
11/09/2010,19,182
11/09/2010,22,166
11/10/2010,1,152
11/10/2010,4,140
11/10/2010,7,136
11/10/2010,10,165
11/10/2010,13,202
11/10/2010,16,216
11/10/2010,19,214
11/10/2010,22,180
11/11/2010,1,174
11/11/2010,4,166
11/11/2010,7,160
11/11/2010,10,176
11/11/2010,13,220
11/11/2010,16,228
11/11/2010,19,222
11/11/2010,22,208
11/12/2010,1,192
11/12/2010,4,178
11/12/2010,7,168
11/12/2010,10,166
11/12/2010,13,194
11/12/2010,16,216
11/12/2010,19,224
11/12/2010,22,210
11/13/2010,1,192
11/13/2010,4,170
11/13/2010,7,158
11/13/2010,10,160
11/13/2010,13,186
11/13/2010,16,202
11/13/2010,19,206
11/13/2010,22,194
11/14/2010,1,182
11/14/2010,4,172
11/14/2010,7,156
11/14/2010,10,146
11/14/2010,13,176
11/14/2010,16,188
11/14/2010,19,200
11/14/2010,22,182
11/15/2010,1,164
11/15/2010,4,152
11/15/2010,7,140
11/15/2010,10,126
11/15/2010,13,128
11/15/2010,16,154
11/15/2010,19,156
11/15/2010,22,150
11/16/2010,1,140
11/16/2010,4,130
11/16/2010,7,120
11/16/2010,10,124
11/16/2010,13,128
11/16/2010,16,132
11/16/2010,19,140
11/16/2010,22,146
11/17/2010,1,152
11/17/2010,4,148
11/17/2010,7,136
11/17/2010,10,138
11/17/2010,13,138
11/17/2010,16,154
11/17/2010,19,156
11/17/2010,22,150
11/18/2010,1,142
11/18/2010,4,140
11/18/2010,7,138
11/18/2010,10,136
11/18/2010,13,136
11/18/2010,16,142
11/18/2010,19,146
11/18/2010,22,140
11/19/2010,1,132
11/19/2010,4,128
11/19/2010,7,144
11/19/2010,10,152
11/19/2010,13,152
11/19/2010,16,154
11/19/2010,19,156
11/19/2010,22,152
11/20/2010,1,140
11/20/2010,4,146
11/20/2010,7,158
11/20/2010,10,170
11/20/2010,13,166
11/20/2010,16,160
11/20/2010,19,154
11/20/2010,22,146
11/21/2010,1,138
11/21/2010,4,146
11/21/2010,7,158
11/21/2010,10,180
11/21/2010,13,178
11/21/2010,16,168
11/21/2010,19,160
11/21/2010,22,146
11/22/2010,1,136
11/22/2010,4,136
11/22/2010,7,142
11/22/2010,10,166
11/22/2010,13,164
11/22/2010,16,154
11/22/2010,19,148
11/22/2010,22,140
11/23/2010,1,136
11/23/2010,4,130
11/23/2010,7,134
11/23/2010,10,180
11/23/2010,13,190
11/23/2010,16,186
11/23/2010,19,180
11/23/2010,22,166
11/24/2010,1,158
11/24/2010,4,150
11/24/2010,7,146
11/24/2010,10,178
11/24/2010,13,212
11/24/2010,16,208
11/24/2010,19,198
11/24/2010,22,188
11/25/2010,1,176
11/25/2010,4,162
11/25/2010,7,152
11/25/2010,10,182
11/25/2010,13,218
11/25/2010,16,206
11/25/2010,19,196
11/25/2010,22,184
11/26/2010,1,176
11/26/2010,4,164
11/26/2010,7,148
11/26/2010,10,158
11/26/2010,13,200
11/26/2010,16,208
11/26/2010,19,202
11/26/2010,22,188
11/27/2010,1,172
11/27/2010,4,158
11/27/2010,7,148
11/27/2010,10,158
11/27/2010,13,200
11/27/2010,16,206
11/27/2010,19,208
11/27/2010,22,194
11/28/2010,1,172
11/28/2010,4,156
11/28/2010,7,142
11/28/2010,10,140
11/28/2010,13,180
11/28/2010,16,196
11/28/2010,19,202
11/28/2010,22,186
11/29/2010,1,166
11/29/2010,4,148
11/29/2010,7,130
11/29/2010,10,120
11/29/2010,13,142
11/29/2010,16,166
11/29/2010,19,162
11/29/2010,22,154
11/30/2010,1,140
11/30/2010,4,124
11/30/2010,7,114
11/30/2010,10,108
11/30/2010,13,126
11/30/2010,16,150
11/30/2010,19,154
11/30/2010,22,146
12/01/2010,1,134
12/01/2010,4,126
12/01/2010,7,122
12/01/2010,10,126
12/01/2010,13,130
12/01/2010,16,134
12/01/2010,19,144
12/01/2010,22,152
12/02/2010,1,150
12/02/2010,4,148
12/02/2010,7,146
12/02/2010,10,148
12/02/2010,13,154
12/02/2010,16,156
12/02/2010,19,156
12/02/2010,22,152
12/03/2010,1,150
12/03/2010,4,156
12/03/2010,7,170
12/03/2010,10,176
12/03/2010,13,176
12/03/2010,16,172
12/03/2010,19,164
12/03/2010,22,156
12/04/2010,1,150
12/04/2010,4,158
12/04/2010,7,176
12/04/2010,10,190
12/04/2010,13,194
12/04/2010,16,184
12/04/2010,19,178
12/04/2010,22,168
12/05/2010,1,158
12/05/2010,4,164
12/05/2010,7,176
12/05/2010,10,194
12/05/2010,13,198
12/05/2010,16,186
12/05/2010,19,182
12/05/2010,22,176
12/06/2010,1,172
12/06/2010,4,166
12/06/2010,7,162
12/06/2010,10,190
12/06/2010,13,196
12/06/2010,16,182
12/06/2010,19,174
12/06/2010,22,158
12/07/2010,1,140
12/07/2010,4,128
12/07/2010,7,134
12/07/2010,10,172
12/07/2010,13,200
12/07/2010,16,194
12/07/2010,19,186
12/07/2010,22,174
12/08/2010,1,156
12/08/2010,4,142
12/08/2010,7,146
12/08/2010,10,162
12/08/2010,13,202
12/08/2010,16,202
12/08/2010,19,194
12/08/2010,22,180
12/09/2010,1,162
12/09/2010,4,150
12/09/2010,7,154
12/09/2010,10,168
12/09/2010,13,200
12/09/2010,16,206
12/09/2010,19,206
12/09/2010,22,192
12/10/2010,1,180
12/10/2010,4,168
12/10/2010,7,158
12/10/2010,10,158
12/10/2010,13,192
12/10/2010,16,206
12/10/2010,19,202
12/10/2010,22,188
12/11/2010,1,172
12/11/2010,4,152
12/11/2010,7,148
12/11/2010,10,156
12/11/2010,13,172
12/11/2010,16,190
12/11/2010,19,192
12/11/2010,22,186
12/12/2010,1,170
12/12/2010,4,164
12/12/2010,7,152
12/12/2010,10,150
12/12/2010,13,164
12/12/2010,16,186
12/12/2010,19,186
12/12/2010,22,168
12/13/2010,1,152
12/13/2010,4,138
12/13/2010,7,130
12/13/2010,10,126
12/13/2010,13,152
12/13/2010,16,156
12/13/2010,19,162
12/13/2010,22,158
12/14/2010,1,144
12/14/2010,4,126
12/14/2010,7,110
12/14/2010,10,116
12/14/2010,13,152
12/14/2010,16,168
12/14/2010,19,176
12/14/2010,22,176
12/15/2010,1,180
12/15/2010,4,186
12/15/2010,7,194
12/15/2010,10,198
12/15/2010,13,214
12/15/2010,16,216
12/15/2010,19,218
12/15/2010,22,216
12/16/2010,1,214
12/16/2010,4,210
12/16/2010,7,206
12/16/2010,10,206
12/16/2010,13,210
12/16/2010,16,212
12/16/2010,19,212
12/16/2010,22,210
12/17/2010,1,208
12/17/2010,4,214
12/17/2010,7,222
12/17/2010,10,234
12/17/2010,13,240
12/17/2010,16,244
12/17/2010,19,246
12/17/2010,22,246
12/18/2010,1,242
12/18/2010,4,238
12/18/2010,7,236
12/18/2010,10,234
12/18/2010,13,246
12/18/2010,16,244
12/18/2010,19,242
12/18/2010,22,242
12/19/2010,1,240
12/19/2010,4,236
12/19/2010,7,234
12/19/2010,10,236
12/19/2010,13,236
12/19/2010,16,228
12/19/2010,19,222
12/19/2010,22,208
12/20/2010,1,198
12/20/2010,4,196
12/20/2010,7,200
12/20/2010,10,212
12/20/2010,13,218
12/20/2010,16,216
12/20/2010,19,196
12/20/2010,22,186
12/21/2010,1,176
12/21/2010,4,170
12/21/2010,7,174
12/21/2010,10,206
12/21/2010,13,214
12/21/2010,16,202
12/21/2010,19,198
12/21/2010,22,186
12/22/2010,1,178
12/22/2010,4,172
12/22/2010,7,166
12/22/2010,10,194
12/22/2010,13,212
12/22/2010,16,208
12/22/2010,19,202
12/22/2010,22,194
12/23/2010,1,184
12/23/2010,4,174
12/23/2010,7,166
12/23/2010,10,196
12/23/2010,13,222
12/23/2010,16,220
12/23/2010,19,216
12/23/2010,22,200
12/24/2010,1,188
12/24/2010,4,176
12/24/2010,7,170
12/24/2010,10,202
12/24/2010,13,228
12/24/2010,16,224
12/24/2010,19,218
12/24/2010,22,212
12/25/2010,1,200
12/25/2010,4,196
12/25/2010,7,184
12/25/2010,10,198
12/25/2010,13,220
12/25/2010,16,230
12/25/2010,19,224
12/25/2010,22,214
12/26/2010,1,200
12/26/2010,4,186
12/26/2010,7,174
12/26/2010,10,172
12/26/2010,13,184
12/26/2010,16,194
12/26/2010,19,188
12/26/2010,22,172
12/27/2010,1,160
12/27/2010,4,148
12/27/2010,7,138
12/27/2010,10,148
12/27/2010,13,164
12/27/2010,16,174
12/27/2010,19,180
12/27/2010,22,162
12/28/2010,1,148
12/28/2010,4,138
12/28/2010,7,130
12/28/2010,10,122
12/28/2010,13,152
12/28/2010,16,160
12/28/2010,19,164
12/28/2010,22,162
12/29/2010,1,158
12/29/2010,4,142
12/29/2010,7,136
12/29/2010,10,138
12/29/2010,13,154
12/29/2010,16,158
12/29/2010,19,156
12/29/2010,22,150
12/30/2010,1,140
12/30/2010,4,132
12/30/2010,7,128
12/30/2010,10,142
12/30/2010,13,148
12/30/2010,16,144
12/30/2010,19,138
12/30/2010,22,136
12/31/2010,1,128
12/31/2010,4,138
12/31/2010,7,152
12/31/2010,10,156
12/31/2010,13,156
12/31/2010,16,148
12/31/2010,19,140
12/31/2010,22,124
01/01/2011,1,112
01/01/2011,4,134
01/01/2011,7,164
01/01/2011,10,174
01/01/2011,13,170
01/01/2011,16,158
01/01/2011,19,150
01/01/2011,22,138
01/02/2011,1,132
01/02/2011,4,140
01/02/2011,7,152
01/02/2011,10,178
01/02/2011,13,168
01/02/2011,16,148
01/02/2011,19,136
01/02/2011,22,126
01/03/2011,1,120
01/03/2011,4,130
01/03/2011,7,144
01/03/2011,10,168
01/03/2011,13,164
01/03/2011,16,154
01/03/2011,19,140
01/03/2011,22,126
01/04/2011,1,118
01/04/2011,4,120
01/04/2011,7,130
01/04/2011,10,164
01/04/2011,13,178
01/04/2011,16,166
01/04/2011,19,150
01/04/2011,22,142
01/05/2011,1,136
01/05/2011,4,130
01/05/2011,7,128
01/05/2011,10,172
01/05/2011,13,186
01/05/2011,16,172
01/05/2011,19,158
01/05/2011,22,152
01/06/2011,1,146
01/06/2011,4,140
01/06/2011,7,134
01/06/2011,10,166
01/06/2011,13,196
01/06/2011,16,192
01/06/2011,19,186
01/06/2011,22,174
01/07/2011,1,160
01/07/2011,4,152
01/07/2011,7,148
01/07/2011,10,170
01/07/2011,13,190
01/07/2011,16,194
01/07/2011,19,190
01/07/2011,22,182
01/08/2011,1,170
01/08/2011,4,162
01/08/2011,7,156
01/08/2011,10,170
01/08/2011,13,194
01/08/2011,16,202
01/08/2011,19,192
01/08/2011,22,180
01/09/2011,1,172
01/09/2011,4,166
01/09/2011,7,162
01/09/2011,10,174
01/09/2011,13,192
01/09/2011,16,196
01/09/2011,19,192
01/09/2011,22,182
01/10/2011,1,174
01/10/2011,4,164
01/10/2011,7,156
01/10/2011,10,166
01/10/2011,13,172
01/10/2011,16,176
01/10/2011,19,176
01/10/2011,22,170
01/11/2011,1,156
01/11/2011,4,150
01/11/2011,7,146
01/11/2011,10,148
01/11/2011,13,154
01/11/2011,16,162
01/11/2011,19,146
01/11/2011,22,142
01/12/2011,1,140
01/12/2011,4,140
01/12/2011,7,138
01/12/2011,10,144
01/12/2011,13,152
01/12/2011,16,154
01/12/2011,19,156
01/12/2011,22,152
01/13/2011,1,148
01/13/2011,4,140
01/13/2011,7,136
01/13/2011,10,148
01/13/2011,13,154
01/13/2011,16,152
01/13/2011,19,148
01/13/2011,22,146
01/14/2011,1,144
01/14/2011,4,144
01/14/2011,7,146
01/14/2011,10,160
01/14/2011,13,168
01/14/2011,16,168
01/14/2011,19,162
01/14/2011,22,158
01/15/2011,1,156
01/15/2011,4,166
01/15/2011,7,180
01/15/2011,10,186
01/15/2011,13,186
01/15/2011,16,180
01/15/2011,19,174
01/15/2011,22,170
01/16/2011,1,168
01/16/2011,4,166
01/16/2011,7,172
01/16/2011,10,180
01/16/2011,13,184
01/16/2011,16,180
01/16/2011,19,172
01/16/2011,22,158
01/17/2011,1,150
01/17/2011,4,144
01/17/2011,7,148
01/17/2011,10,172
01/17/2011,13,160
01/17/2011,16,152
01/17/2011,19,140
01/17/2011,22,126
01/18/2011,1,120
01/18/2011,4,134
01/18/2011,7,156
01/18/2011,10,180
01/18/2011,13,180
01/18/2011,16,170
01/18/2011,19,164
01/18/2011,22,156
01/19/2011,1,138
01/19/2011,4,142
01/19/2011,7,152
01/19/2011,10,180
01/19/2011,13,188
01/19/2011,16,182
01/19/2011,19,162
01/19/2011,22,154
01/20/2011,1,134
01/20/2011,4,140
01/20/2011,7,150
01/20/2011,10,176
01/20/2011,13,188
01/20/2011,16,180
01/20/2011,19,164
01/20/2011,22,156
01/21/2011,1,140
01/21/2011,4,134
01/21/2011,7,128
01/21/2011,10,140
01/21/2011,13,184
01/21/2011,16,184
01/21/2011,19,180
01/21/2011,22,164
01/22/2011,1,150
01/22/2011,4,138
01/22/2011,7,132
01/22/2011,10,176
01/22/2011,13,196
01/22/2011,16,192
01/22/2011,19,186
01/22/2011,22,168
01/23/2011,1,156
01/23/2011,4,146
01/23/2011,7,138
01/23/2011,10,156
01/23/2011,13,176
01/23/2011,16,182
01/23/2011,19,174
01/23/2011,22,162
01/24/2011,1,150
01/24/2011,4,142
01/24/2011,7,136
01/24/2011,10,114
01/24/2011,13,138
01/24/2011,16,138
01/24/2011,19,136
01/24/2011,22,130
01/25/2011,1,124
01/25/2011,4,118
01/25/2011,7,110
01/25/2011,10,120
01/25/2011,13,134
01/25/2011,16,147
01/25/2011,19,154
01/25/2011,22,159
01/26/2011,1,166
01/26/2011,4,174
01/26/2011,7,178
01/26/2011,10,184
01/26/2011,13,192
01/26/2011,16,197
01/26/2011,19,198
01/26/2011,22,198
01/27/2011,1,200
01/27/2011,4,204
01/27/2011,7,210
01/27/2011,10,215
01/27/2011,13,216
01/27/2011,16,216
01/27/2011,19,210
01/27/2011,22,205
01/28/2011,1,204
01/28/2011,4,213
01/28/2011,7,222
01/28/2011,10,231
01/28/2011,13,224
01/28/2011,16,214
01/28/2011,19,208
01/28/2011,22,202
01/29/2011,1,198
01/29/2011,4,203
01/29/2011,7,214
01/29/2011,10,227
01/29/2011,13,218
01/29/2011,16,211
01/29/2011,19,208
01/29/2011,22,205
01/30/2011,1,208
01/30/2011,4,214
01/30/2011,7,224
01/30/2011,10,241
01/30/2011,13,246
01/30/2011,16,245
01/30/2011,19,242
01/30/2011,22,236
01/31/2011,1,232
01/31/2011,4,236
01/31/2011,7,242
01/31/2011,10,256
01/31/2011,13,266
01/31/2011,16,258
01/31/2011,19,248
01/31/2011,22,242
02/01/2011,1,232
02/01/2011,4,228
02/01/2011,7,236
02/01/2011,10,249
02/01/2011,13,256
02/01/2011,16,251
02/01/2011,19,248
02/01/2011,22,243
02/02/2011,1,228
02/02/2011,4,215
02/02/2011,7,212
02/02/2011,10,218
02/02/2011,13,222
02/02/2011,16,220
02/02/2011,19,218
02/02/2011,22,188
02/03/2011,1,156
02/03/2011,4,142
02/03/2011,7,134
02/03/2011,10,156
02/03/2011,13,162
02/03/2011,16,154
02/03/2011,19,142
02/03/2011,22,120
02/04/2011,1,104
02/04/2011,4,86
02/04/2011,7,68
02/04/2011,10,110
02/04/2011,13,136
02/04/2011,16,122
02/04/2011,19,116
02/04/2011,22,100
02/05/2011,1,78
02/05/2011,4,62
02/05/2011,7,48
02/05/2011,10,86
02/05/2011,13,110
02/05/2011,16,104
02/05/2011,19,92
02/05/2011,22,80
02/06/2011,1,66
02/06/2011,4,50
02/06/2011,7,24
02/06/2011,10,62
02/06/2011,13,98
02/06/2011,16,92
02/06/2011,19,86
02/06/2011,22,74
02/07/2011,1,62
02/07/2011,4,48
02/07/2011,7,30
02/07/2011,10,58
02/07/2011,13,84
02/07/2011,16,82
02/07/2011,19,74
02/07/2011,22,66
02/08/2011,1,56
02/08/2011,4,40
02/08/2011,7,30
02/08/2011,10,62
02/08/2011,13,74
02/08/2011,16,66
02/08/2011,19,60
02/08/2011,22,50
02/09/2011,1,40
02/09/2011,4,32
02/09/2011,7,26
02/09/2011,10,46
02/09/2011,13,52
02/09/2011,16,40
02/09/2011,19,40
02/09/2011,22,64
02/10/2011,1,68
02/10/2011,4,54
02/10/2011,7,46
02/10/2011,10,70
02/10/2011,13,62
02/10/2011,16,40
02/10/2011,19,32
02/10/2011,22,30
02/11/2011,1,46
02/11/2011,4,56
02/11/2011,7,52
02/11/2011,10,63
02/11/2011,13,60
02/11/2011,16,45
02/11/2011,19,28
02/11/2011,22,32
02/12/2011,1,60
02/12/2011,4,87
02/12/2011,7,112
02/12/2011,10,125
02/12/2011,13,122
02/12/2011,16,116
02/12/2011,19,112
02/12/2011,22,119
02/13/2011,1,138
02/13/2011,4,165
02/13/2011,7,188
02/13/2011,10,202
02/13/2011,13,204
02/13/2011,16,202
02/13/2011,19,204
02/13/2011,22,208
02/14/2011,1,214
02/14/2011,4,224
02/14/2011,7,230
02/14/2011,10,238
02/14/2011,13,244
02/14/2011,16,236
02/14/2011,19,230
02/14/2011,22,224
02/15/2011,1,224
02/15/2011,4,230
02/15/2011,7,236
02/15/2011,10,244
02/15/2011,13,240
02/15/2011,16,232
02/15/2011,19,222
02/15/2011,22,215
02/16/2011,1,208
02/16/2011,4,211
02/16/2011,7,216
02/16/2011,10,231
02/16/2011,13,234
02/16/2011,16,228
02/16/2011,19,224
02/16/2011,22,213
02/17/2011,1,206
02/17/2011,4,214
02/17/2011,7,224
02/17/2011,10,248
02/17/2011,13,254
02/17/2011,16,252
02/17/2011,19,244
02/17/2011,22,239
02/18/2011,1,234
02/18/2011,4,232
02/18/2011,7,232
02/18/2011,10,245
02/18/2011,13,254
02/18/2011,16,251
02/18/2011,19,248
02/18/2011,22,235
02/19/2011,1,222
02/19/2011,4,213
02/19/2011,7,204
02/19/2011,10,213
02/19/2011,13,220
02/19/2011,16,216
02/19/2011,19,208
02/19/2011,22,198
02/20/2011,1,188
02/20/2011,4,178
02/20/2011,7,174
02/20/2011,10,186
02/20/2011,13,198
02/20/2011,16,196
02/20/2011,19,190
02/20/2011,22,180
02/21/2011,1,168
02/21/2011,4,154
02/21/2011,7,140
02/21/2011,10,136
02/21/2011,13,140
02/21/2011,16,136
02/21/2011,19,132
02/21/2011,22,120
02/22/2011,1,106
02/22/2011,4,88
02/22/2011,7,76
02/22/2011,10,66
02/22/2011,13,68
02/22/2011,16,66
02/22/2011,19,80
02/22/2011,22,108
02/23/2011,1,100
02/23/2011,4,90
02/23/2011,7,76
02/23/2011,10,64
02/23/2011,13,56
02/23/2011,16,44
02/23/2011,19,40
02/23/2011,22,48
02/24/2011,1,64
02/24/2011,4,78
02/24/2011,7,88
02/24/2011,10,80
02/24/2011,13,72
02/24/2011,16,60
02/24/2011,19,50
02/24/2011,22,70
02/25/2011,1,98
02/25/2011,4,116
02/25/2011,7,120
02/25/2011,10,124
02/25/2011,13,108
02/25/2011,16,98
02/25/2011,19,92
02/25/2011,22,106
02/26/2011,1,122
02/26/2011,4,150
02/26/2011,7,142
02/26/2011,10,136
02/26/2011,13,122
02/26/2011,16,114
02/26/2011,19,106
02/26/2011,22,90
02/27/2011,1,120
02/27/2011,4,136
02/27/2011,7,148
02/27/2011,10,148
02/27/2011,13,132
02/27/2011,16,120
02/27/2011,19,108
02/27/2011,22,88
02/28/2011,1,80
02/28/2011,4,106
02/28/2011,7,138
02/28/2011,10,148
02/28/2011,13,132
02/28/2011,16,126
02/28/2011,19,102
02/28/2011,22,84
03/01/2011,1,72
03/01/2011,4,92
03/01/2011,7,118
03/01/2011,10,126
03/01/2011,13,122
03/01/2011,16,108
03/01/2011,19,88
03/01/2011,22,72
03/02/2011,1,62
03/02/2011,4,70
03/02/2011,7,92
03/02/2011,10,122
03/02/2011,13,116
03/02/2011,16,96
03/02/2011,19,90
03/02/2011,22,78
03/03/2011,1,74
03/03/2011,4,68
03/03/2011,7,82
03/03/2011,10,108
03/03/2011,13,126
03/03/2011,16,108
03/03/2011,19,90
03/03/2011,22,70
03/04/2011,1,50
03/04/2011,4,60
03/04/2011,7,76
03/04/2011,10,98
03/04/2011,13,122
03/04/2011,16,98
03/04/2011,19,90
03/04/2011,22,74
03/05/2011,1,62
03/05/2011,4,64
03/05/2011,7,72
03/05/2011,10,102
03/05/2011,13,110
03/05/2011,16,98
03/05/2011,19,88
03/05/2011,22,74
03/06/2011,1,64
03/06/2011,4,58
03/06/2011,7,54
03/06/2011,10,90
03/06/2011,13,98
03/06/2011,16,96
03/06/2011,19,90
03/06/2011,22,76
03/07/2011,1,58
03/07/2011,4,48
03/07/2011,7,42
03/07/2011,10,58
03/07/2011,13,64
03/07/2011,16,62
03/07/2011,19,60
03/07/2011,22,54
03/08/2011,1,38
03/08/2011,4,26
03/08/2011,7,22
03/08/2011,10,32
03/08/2011,13,42
03/08/2011,16,46
03/08/2011,19,60
03/08/2011,22,80
03/09/2011,1,72
03/09/2011,4,60
03/09/2011,7,48
03/09/2011,10,48
03/09/2011,13,46
03/09/2011,16,42
03/09/2011,19,38
03/09/2011,22,48
03/10/2011,1,72
03/10/2011,4,98
03/10/2011,7,80
03/10/2011,10,68
03/10/2011,13,60
03/10/2011,16,46
03/10/2011,19,34
03/10/2011,22,66
03/11/2011,1,98
03/11/2011,4,96
03/11/2011,7,86
03/11/2011,10,76
03/11/2011,13,66
03/11/2011,16,50
03/11/2011,19,40
03/11/2011,22,76
03/12/2011,1,94
03/12/2011,4,106
03/12/2011,7,100
03/12/2011,10,90
03/12/2011,13,74
03/12/2011,16,60
03/12/2011,19,46
03/12/2011,22,60
03/13/2011,1,88
03/13/2011,4,106
03/13/2011,7,112
03/13/2011,10,100
03/13/2011,13,82
03/13/2011,16,68
03/13/2011,19,56
03/13/2011,22,76
03/14/2011,1,98
03/14/2011,4,114
03/14/2011,7,120
03/14/2011,10,110
03/14/2011,13,96
03/14/2011,16,76
03/14/2011,19,64
03/14/2011,22,40
03/15/2011,1,60
03/15/2011,4,100
03/15/2011,7,112
03/15/2011,10,104
03/15/2011,13,88
03/15/2011,16,74
03/15/2011,19,56
03/15/2011,22,38
03/16/2011,1,50
03/16/2011,4,68
03/16/2011,7,80
03/16/2011,10,82
03/16/2011,13,76
03/16/2011,16,64
03/16/2011,19,50
03/16/2011,22,58
03/17/2011,1,70
03/17/2011,4,94
03/17/2011,7,108
03/17/2011,10,136
03/17/2011,13,128
03/17/2011,16,130
03/17/2011,19,134
03/17/2011,22,122
03/18/2011,1,128
03/18/2011,4,136
03/18/2011,7,146
03/18/2011,10,166
03/18/2011,13,170
03/18/2011,16,168
03/18/2011,19,164
03/18/2011,22,160
03/19/2011,1,156
03/19/2011,4,162
03/19/2011,7,180
03/19/2011,10,200
03/19/2011,13,212
03/19/2011,16,220
03/19/2011,19,216
03/19/2011,22,210
03/20/2011,1,198
03/20/2011,4,192
03/20/2011,7,210
03/20/2011,10,218
03/20/2011,13,222
03/20/2011,16,220
03/20/2011,19,218
03/20/2011,22,214
03/21/2011,1,206
03/21/2011,4,194
03/21/2011,7,196
03/21/2011,10,180
03/21/2011,13,172
03/21/2011,16,170
03/21/2011,19,170
03/21/2011,22,170
03/22/2011,1,160
03/22/2011,4,148
03/22/2011,7,144
03/22/2011,10,134
03/22/2011,13,126
03/22/2011,16,128
03/22/2011,19,136
03/22/2011,22,140
03/23/2011,1,146
03/23/2011,4,140
03/23/2011,7,138
03/23/2011,10,130
03/23/2011,13,126
03/23/2011,16,120
03/23/2011,19,120
03/23/2011,22,142
03/24/2011,1,166
03/24/2011,4,164
03/24/2011,7,156
03/24/2011,10,152
03/24/2011,13,142
03/24/2011,16,128
03/24/2011,19,122
03/24/2011,22,138
03/25/2011,1,154
03/25/2011,4,158
03/25/2011,7,162
03/25/2011,10,148
03/25/2011,13,136
03/25/2011,16,126
03/25/2011,19,120
03/25/2011,22,118
03/26/2011,1,126
03/26/2011,4,144
03/26/2011,7,156
03/26/2011,10,156
03/26/2011,13,142
03/26/2011,16,134
03/26/2011,19,122
03/26/2011,22,118
03/27/2011,1,142
03/27/2011,4,154
03/27/2011,7,160
03/27/2011,10,164
03/27/2011,13,158
03/27/2011,16,138
03/27/2011,19,120
03/27/2011,22,106
03/28/2011,1,120
03/28/2011,4,142
03/28/2011,7,158
03/28/2011,10,150
03/28/2011,13,138
03/28/2011,16,120
03/28/2011,19,106
03/28/2011,22,96
03/29/2011,1,98
03/29/2011,4,120
03/29/2011,7,140
03/29/2011,10,142
03/29/2011,13,136
03/29/2011,16,126
03/29/2011,19,110
03/29/2011,22,104
03/30/2011,1,106
03/30/2011,4,116
03/30/2011,7,134
03/30/2011,10,148
03/30/2011,13,138
03/30/2011,16,130
03/30/2011,19,120
03/30/2011,22,108
03/31/2011,1,102
03/31/2011,4,114
03/31/2011,7,134
03/31/2011,10,152
03/31/2011,13,152
03/31/2011,16,146
03/31/2011,19,136
03/31/2011,22,122
04/01/2011,1,114
04/01/2011,4,118
04/01/2011,7,124
04/01/2011,10,136
04/01/2011,13,136
04/01/2011,16,132
04/01/2011,19,126
04/01/2011,22,120
04/02/2011,1,114
04/02/2011,4,108
04/02/2011,7,100
04/02/2011,10,114
04/02/2011,13,114
04/02/2011,16,110
04/02/2011,19,100
04/02/2011,22,96
04/03/2011,1,92
04/03/2011,4,90
04/03/2011,7,88
04/03/2011,10,96
04/03/2011,13,102
04/03/2011,16,106
04/03/2011,19,110
04/03/2011,22,104
04/04/2011,1,96
04/04/2011,4,86
04/04/2011,7,78
04/04/2011,10,74
04/04/2011,13,66
04/04/2011,16,70
04/04/2011,19,76
04/04/2011,22,84
04/05/2011,1,80
04/05/2011,4,74
04/05/2011,7,66
04/05/2011,10,66
04/05/2011,13,56
04/05/2011,16,50
04/05/2011,19,68
04/05/2011,22,92
04/06/2011,1,114
04/06/2011,4,100
04/06/2011,7,92
04/06/2011,10,84
04/06/2011,13,78
04/06/2011,16,74
04/06/2011,19,82
04/06/2011,22,98
04/07/2011,1,118
04/07/2011,4,112
04/07/2011,7,104
04/07/2011,10,120
04/07/2011,13,110
04/07/2011,16,106
04/07/2011,19,102
04/07/2011,22,148
04/08/2011,1,158
04/08/2011,4,154
04/08/2011,7,146
04/08/2011,10,144
04/08/2011,13,140
04/08/2011,16,132
04/08/2011,19,138
04/08/2011,22,148
04/09/2011,1,160
04/09/2011,4,156
04/09/2011,7,152
04/09/2011,10,148
04/09/2011,13,136
04/09/2011,16,128
04/09/2011,19,132
04/09/2011,22,142
04/10/2011,1,156
04/10/2011,4,162
04/10/2011,7,154
04/10/2011,10,148
04/10/2011,13,142
04/10/2011,16,132
04/10/2011,19,126
04/10/2011,22,122
04/11/2011,1,128
04/11/2011,4,146
04/11/2011,7,160
04/11/2011,10,154
04/11/2011,13,142
04/11/2011,16,126
04/11/2011,19,118
04/11/2011,22,108
04/12/2011,1,114
04/12/2011,4,136
04/12/2011,7,154
04/12/2011,10,144
04/12/2011,13,134
04/12/2011,16,124
04/12/2011,19,112
04/12/2011,22,104
04/13/2011,1,110
04/13/2011,4,134
04/13/2011,7,154
04/13/2011,10,146
04/13/2011,13,134
04/13/2011,16,116
04/13/2011,19,104
04/13/2011,22,90
04/14/2011,1,118
04/14/2011,4,136
04/14/2011,7,150
04/14/2011,10,138
04/14/2011,13,122
04/14/2011,16,112
04/14/2011,19,100
04/14/2011,22,94
04/15/2011,1,110
04/15/2011,4,126
04/15/2011,7,140
04/15/2011,10,146
04/15/2011,13,140
04/15/2011,16,132
04/15/2011,19,120
04/15/2011,22,116
04/16/2011,1,124
04/16/2011,4,132
04/16/2011,7,146
04/16/2011,10,158
04/16/2011,13,164
04/16/2011,16,172
04/16/2011,19,166
04/16/2011,22,156
04/17/2011,1,152
04/17/2011,4,154
04/17/2011,7,158
04/17/2011,10,164
04/17/2011,13,166
04/17/2011,16,166
04/17/2011,19,166
04/17/2011,22,162
04/18/2011,1,156
04/18/2011,4,148
04/18/2011,7,140
04/18/2011,10,130
04/18/2011,13,126
04/18/2011,16,124
04/18/2011,19,136
04/18/2011,22,140
04/19/2011,1,134
04/19/2011,4,126
04/19/2011,7,120
04/19/2011,10,116
04/19/2011,13,112
04/19/2011,16,116
04/19/2011,19,130
04/19/2011,22,154
04/20/2011,1,174
04/20/2011,4,170
04/20/2011,7,164
04/20/2011,10,162
04/20/2011,13,160
04/20/2011,16,158
04/20/2011,19,156
04/20/2011,22,160
04/21/2011,1,178
04/21/2011,4,190
04/21/2011,7,202
04/21/2011,10,196
04/21/2011,13,188
04/21/2011,16,182
04/21/2011,19,176
04/21/2011,22,184
04/22/2011,1,198
04/22/2011,4,208
04/22/2011,7,220
04/22/2011,10,216
04/22/2011,13,208
04/22/2011,16,196
04/22/2011,19,188
04/22/2011,22,192
04/23/2011,1,196
04/23/2011,4,200
04/23/2011,7,204
04/23/2011,10,196
04/23/2011,13,182
04/23/2011,16,170
04/23/2011,19,156
04/23/2011,22,164
04/24/2011,1,176
04/24/2011,4,184
04/24/2011,7,192
04/24/2011,10,184
04/24/2011,13,176
04/24/2011,16,168
04/24/2011,19,160
04/24/2011,22,152
04/25/2011,1,160
04/25/2011,4,170
04/25/2011,7,182
04/25/2011,10,170
04/25/2011,13,160
04/25/2011,16,144
04/25/2011,19,132
04/25/2011,22,122
04/26/2011,1,130
04/26/2011,4,150
04/26/2011,7,168
04/26/2011,10,166
04/26/2011,13,158
04/26/2011,16,156
04/26/2011,19,152
04/26/2011,22,154
04/27/2011,1,160
04/27/2011,4,176
04/27/2011,7,182
04/27/2011,10,190
04/27/2011,13,188
04/27/2011,16,184
04/27/2011,19,178
04/27/2011,22,168
04/28/2011,1,172
04/28/2011,4,178
04/28/2011,7,184
04/28/2011,10,198
04/28/2011,13,190
04/28/2011,16,190
04/28/2011,19,188
04/28/2011,22,188
04/29/2011,1,186
04/29/2011,4,184
04/29/2011,7,190
04/29/2011,10,196
04/29/2011,13,196
04/29/2011,16,196
04/29/2011,19,196
04/29/2011,22,192
04/30/2011,1,188
04/30/2011,4,188
04/30/2011,7,190
04/30/2011,10,194
04/30/2011,13,198
04/30/2011,16,196
04/30/2011,19,192
04/30/2011,22,186
05/01/2011,1,180
05/01/2011,4,170
05/01/2011,7,166
05/01/2011,10,162
05/01/2011,13,160
05/01/2011,16,154
05/01/2011,19,148
05/01/2011,22,140
05/02/2011,1,140
05/02/2011,4,138
05/02/2011,7,134
05/02/2011,10,130
05/02/2011,13,126
05/02/2011,16,138
05/02/2011,19,148
05/02/2011,22,152
05/03/2011,1,146
05/03/2011,4,136
05/03/2011,7,130
05/03/2011,10,126
05/03/2011,13,122
05/03/2011,16,120
05/03/2011,19,118
05/03/2011,22,122
05/04/2011,1,130
05/04/2011,4,140
05/04/2011,7,148
05/04/2011,10,144
05/04/2011,13,140
05/04/2011,16,140
05/04/2011,19,156
05/04/2011,22,180
05/05/2011,1,192
05/05/2011,4,198
05/05/2011,7,202
05/05/2011,10,200
05/05/2011,13,200
05/05/2011,16,200
05/05/2011,19,198
05/05/2011,22,216
05/06/2011,1,230
05/06/2011,4,234
05/06/2011,7,236
05/06/2011,10,234
05/06/2011,13,230
05/06/2011,16,230
05/06/2011,19,232
05/06/2011,22,246
05/07/2011,1,266
05/07/2011,4,264
05/07/2011,7,262
05/07/2011,10,262
05/07/2011,13,258
05/07/2011,16,252
05/07/2011,19,246
05/07/2011,22,242
05/08/2011,1,248
05/08/2011,4,252
05/08/2011,7,254
05/08/2011,10,258
05/08/2011,13,262
05/08/2011,16,256
05/08/2011,19,250
05/08/2011,22,254
05/09/2011,1,258
05/09/2011,4,250
05/09/2011,7,240
05/09/2011,10,238
05/09/2011,13,224
05/09/2011,16,218
05/09/2011,19,216
05/09/2011,22,220
05/10/2011,1,224
05/10/2011,4,230
05/10/2011,7,238
05/10/2011,10,238
05/10/2011,13,232
05/10/2011,16,226
05/10/2011,19,220
05/10/2011,22,218
05/11/2011,1,222
05/11/2011,4,234
05/11/2011,7,246
05/11/2011,10,246
05/11/2011,13,238
05/11/2011,16,234
05/11/2011,19,230
05/11/2011,22,226
05/12/2011,1,224
05/12/2011,4,232
05/12/2011,7,240
05/12/2011,10,240
05/12/2011,13,236
05/12/2011,16,230
05/12/2011,19,226
05/12/2011,22,222
05/13/2011,1,226
05/13/2011,4,234
05/13/2011,7,242
05/13/2011,10,248
05/13/2011,13,248
05/13/2011,16,248
05/13/2011,19,248
05/13/2011,22,246
05/14/2011,1,244
05/14/2011,4,240
05/14/2011,7,238
05/14/2011,10,244
05/14/2011,13,244
05/14/2011,16,244
05/14/2011,19,244
05/14/2011,22,244
05/15/2011,1,246
05/15/2011,4,250
05/15/2011,7,254
05/15/2011,10,258
05/15/2011,13,260
05/15/2011,16,262
05/15/2011,19,262
05/15/2011,22,262
05/16/2011,1,262
05/16/2011,4,262
05/16/2011,7,260
05/16/2011,10,258
05/16/2011,13,256
05/16/2011,16,254
05/16/2011,19,260
05/16/2011,22,262
05/17/2011,1,264
05/17/2011,4,266
05/17/2011,7,270
05/17/2011,10,272
05/17/2011,13,272
05/17/2011,16,280
05/17/2011,19,298
05/17/2011,22,308
05/18/2011,1,316
05/18/2011,4,324
05/18/2011,7,336
05/18/2011,10,344
05/18/2011,13,344
05/18/2011,16,346
05/18/2011,19,348
05/18/2011,22,356
05/19/2011,1,366
05/19/2011,4,374
05/19/2011,7,376
05/19/2011,10,374
05/19/2011,13,372
05/19/2011,16,366
05/19/2011,19,356
05/19/2011,22,368
05/20/2011,1,372
05/20/2011,4,370
05/20/2011,7,362
05/20/2011,10,356
05/20/2011,13,344
05/20/2011,16,338
05/20/2011,19,328
05/20/2011,22,324
05/21/2011,1,328
05/21/2011,4,332
05/21/2011,7,330
05/21/2011,10,322
05/21/2011,13,314
05/21/2011,16,306
05/21/2011,19,302
05/21/2011,22,302
05/22/2011,1,314
05/22/2011,4,322
05/22/2011,7,326
05/22/2011,10,318
05/22/2011,13,310
05/22/2011,16,302
05/22/2011,19,294
05/22/2011,22,292
05/23/2011,1,308
05/23/2011,4,314
05/23/2011,7,320
05/23/2011,10,314
05/23/2011,13,306
05/23/2011,16,302
05/23/2011,19,298
05/23/2011,22,294
05/24/2011,1,294
05/24/2011,4,296
05/24/2011,7,300
05/24/2011,10,302
05/24/2011,13,302
05/24/2011,16,302
05/24/2011,19,302
05/24/2011,22,308
05/25/2011,1,314
05/25/2011,4,320
05/25/2011,7,324
05/25/2011,10,326
05/25/2011,13,326
05/25/2011,16,324
05/25/2011,19,322
05/25/2011,22,320
05/26/2011,1,322
05/26/2011,4,326
05/26/2011,7,328
05/26/2011,10,330
05/26/2011,13,330
05/26/2011,16,326
05/26/2011,19,322
05/26/2011,22,320
05/27/2011,1,320
05/27/2011,4,322
05/27/2011,7,324
05/27/2011,10,324
05/27/2011,13,320
05/27/2011,16,320
05/27/2011,19,318
05/27/2011,22,318
05/28/2011,1,318
05/28/2011,4,318
05/28/2011,7,318
05/28/2011,10,317
05/28/2011,13,316
05/28/2011,16,315
05/28/2011,19,314
05/28/2011,22,314
05/29/2011,1,312
05/29/2011,4,310
05/29/2011,7,310
05/29/2011,10,304
05/29/2011,13,298
05/29/2011,16,294
05/29/2011,19,292
05/29/2011,22,288
05/30/2011,1,282
05/30/2011,4,276
05/30/2011,7,270
05/30/2011,10,264
05/30/2011,13,258
05/30/2011,16,252
05/30/2011,19,250
05/30/2011,22,250
05/31/2011,1,248
05/31/2011,4,244
05/31/2011,7,240
05/31/2011,10,238
05/31/2011,13,234
05/31/2011,16,230
05/31/2011,19,228
05/31/2011,22,228
06/01/2011,1,232
06/01/2011,4,238
06/01/2011,7,242
06/01/2011,10,238
06/01/2011,13,234
06/01/2011,16,232
06/01/2011,19,230
06/01/2011,22,240
06/02/2011,1,250
06/02/2011,4,254
06/02/2011,7,258
06/02/2011,10,254
06/02/2011,13,250
06/02/2011,16,244
06/02/2011,19,240
06/02/2011,22,248
06/03/2011,1,256
06/03/2011,4,260
06/03/2011,7,268
06/03/2011,10,264
06/03/2011,13,260
06/03/2011,16,256
06/03/2011,19,254
06/03/2011,22,264
06/04/2011,1,276
06/04/2011,4,280
06/04/2011,7,280
06/04/2011,10,272
06/04/2011,13,270
06/04/2011,16,270
06/04/2011,19,270
06/04/2011,22,274
06/05/2011,1,282
06/05/2011,4,296
06/05/2011,7,308
06/05/2011,10,302
06/05/2011,13,296
06/05/2011,16,290
06/05/2011,19,284
06/05/2011,22,292
06/06/2011,1,296
06/06/2011,4,298
06/06/2011,7,300
06/06/2011,10,292
06/06/2011,13,284
06/06/2011,16,268
06/06/2011,19,254
06/06/2011,22,246
06/07/2011,1,242
06/07/2011,4,244
06/07/2011,7,250
06/07/2011,10,242
06/07/2011,13,232
06/07/2011,16,220
06/07/2011,19,214
06/07/2011,22,218
06/08/2011,1,228
06/08/2011,4,236
06/08/2011,7,242
06/08/2011,10,240
06/08/2011,13,240
06/08/2011,16,238
06/08/2011,19,236
06/08/2011,22,240
06/09/2011,1,248
06/09/2011,4,256
06/09/2011,7,262
06/09/2011,10,264
06/09/2011,13,266
06/09/2011,16,264
06/09/2011,19,260
06/09/2011,22,256
06/10/2011,1,250
06/10/2011,4,242
06/10/2011,7,246
06/10/2011,10,264
06/10/2011,13,264
06/10/2011,16,260
06/10/2011,19,254
06/10/2011,22,250
06/11/2011,1,250
06/11/2011,4,250
06/11/2011,7,252
06/11/2011,10,252
06/11/2011,13,254
06/11/2011,16,256
06/11/2011,19,258
06/11/2011,22,260
06/12/2011,1,262
06/12/2011,4,264
06/12/2011,7,266
06/12/2011,10,268
06/12/2011,13,268
06/12/2011,16,274
06/12/2011,19,276
06/12/2011,22,276
06/13/2011,1,276
06/13/2011,4,276
06/13/2011,7,276
06/13/2011,10,274
06/13/2011,13,270
06/13/2011,16,276
06/13/2011,19,280
06/13/2011,22,286
06/14/2011,1,290
06/14/2011,4,294
06/14/2011,7,298
06/14/2011,10,300
06/14/2011,13,304
06/14/2011,16,310
06/14/2011,19,338
06/14/2011,22,346
06/15/2011,1,350
06/15/2011,4,354
06/15/2011,7,358
06/15/2011,10,360
06/15/2011,13,360
06/15/2011,16,360
06/15/2011,19,360
06/15/2011,22,362
06/16/2011,1,364
06/16/2011,4,370
06/16/2011,7,374
06/16/2011,10,374
06/16/2011,13,374
06/16/2011,16,372
06/16/2011,19,372
06/16/2011,22,380
06/17/2011,1,384
06/17/2011,4,384
06/17/2011,7,382
06/17/2011,10,376
06/17/2011,13,372
06/17/2011,16,366
06/17/2011,19,364
06/17/2011,22,372
06/18/2011,1,378
06/18/2011,4,382
06/18/2011,7,386
06/18/2011,10,388
06/18/2011,13,384
06/18/2011,16,382
06/18/2011,19,382
06/18/2011,22,384
06/19/2011,1,386
06/19/2011,4,388
06/19/2011,7,388
06/19/2011,10,378
06/19/2011,13,370
06/19/2011,16,360
06/19/2011,19,354
06/19/2011,22,352
06/20/2011,1,352
06/20/2011,4,348
06/20/2011,7,344
06/20/2011,10,334
06/20/2011,13,322
06/20/2011,16,312
06/20/2011,19,304
06/20/2011,22,300
06/21/2011,1,308
06/21/2011,4,318
06/21/2011,7,326
06/21/2011,10,322
06/21/2011,13,320
06/21/2011,16,320
06/21/2011,19,320
06/21/2011,22,316
06/22/2011,1,312
06/22/2011,4,314
06/22/2011,7,318
06/22/2011,10,330
06/22/2011,13,330
06/22/2011,16,326
06/22/2011,19,324
06/22/2011,22,324
06/23/2011,1,324
06/23/2011,4,324
06/23/2011,7,326
06/23/2011,10,324
06/23/2011,13,320
06/23/2011,16,312
06/23/2011,19,306
06/23/2011,22,304
06/24/2011,1,300
06/24/2011,4,298
06/24/2011,7,296
06/24/2011,10,294
06/24/2011,13,290
06/24/2011,16,284
06/24/2011,19,280
06/24/2011,22,282
06/25/2011,1,288
06/25/2011,4,294
06/25/2011,7,302
06/25/2011,10,288
06/25/2011,13,288
06/25/2011,16,288
06/25/2011,19,288
06/25/2011,22,288
06/26/2011,1,288
06/26/2011,4,288
06/26/2011,7,290
06/26/2011,10,298
06/26/2011,13,310
06/26/2011,16,318
06/26/2011,19,324
06/26/2011,22,330
06/27/2011,1,338
06/27/2011,4,346
06/27/2011,7,356
06/27/2011,10,360
06/27/2011,13,376
06/27/2011,16,384
06/27/2011,19,390
06/27/2011,22,398
06/28/2011,1,410
06/28/2011,4,418
06/28/2011,7,424
06/28/2011,10,428
06/28/2011,13,426
06/28/2011,16,420
06/28/2011,19,414
06/28/2011,22,408
06/29/2011,1,404
06/29/2011,4,402
06/29/2011,7,402
06/29/2011,10,398
06/29/2011,13,394
06/29/2011,16,386
06/29/2011,19,380
06/29/2011,22,384
06/30/2011,1,386
06/30/2011,4,382
06/30/2011,7,376
06/30/2011,10,370
06/30/2011,13,362
06/30/2011,16,360
06/30/2011,19,358
06/30/2011,22,356
07/01/2011,1,356
07/01/2011,4,356
07/01/2011,7,356
07/01/2011,10,350
07/01/2011,13,344
07/01/2011,16,340
07/01/2011,19,336
07/01/2011,22,344
07/02/2011,1,350
07/02/2011,4,354
07/02/2011,7,356
07/02/2011,10,354
07/02/2011,13,358
07/02/2011,16,362
07/02/2011,19,364
07/02/2011,22,368
07/03/2011,1,376
07/03/2011,4,400
07/03/2011,7,418
07/03/2011,10,418
07/03/2011,13,426
07/03/2011,16,432
07/03/2011,19,438
07/03/2011,22,448
07/04/2011,1,460
07/04/2011,4,468
07/04/2011,7,474
07/04/2011,10,476
07/04/2011,13,476
07/04/2011,16,472
07/04/2011,19,464
07/04/2011,22,464
07/05/2011,1,466
07/05/2011,4,466
07/05/2011,7,466
07/05/2011,10,466
07/05/2011,13,462
07/05/2011,16,458
07/05/2011,19,456
07/05/2011,22,454
07/06/2011,1,452
07/06/2011,4,452
07/06/2011,7,452
07/06/2011,10,452
07/06/2011,13,450
07/06/2011,16,446
07/06/2011,19,442
07/06/2011,22,438
07/07/2011,1,436
07/07/2011,4,434
07/07/2011,7,432
07/07/2011,10,434
07/07/2011,13,434
07/07/2011,16,426
07/07/2011,19,422
07/07/2011,22,420
07/08/2011,1,418
07/08/2011,4,416
07/08/2011,7,416
07/08/2011,10,412
07/08/2011,13,410
07/08/2011,16,410
07/08/2011,19,402
07/08/2011,22,398
07/09/2011,1,396
07/09/2011,4,394
07/09/2011,7,394
07/09/2011,10,394
07/09/2011,13,394
07/09/2011,16,394
07/09/2011,19,394
07/09/2011,22,392
07/10/2011,1,388
07/10/2011,4,384
07/10/2011,7,382
07/10/2011,10,382
07/10/2011,13,384
07/10/2011,16,386
07/10/2011,19,388
07/10/2011,22,386
07/11/2011,1,384
07/11/2011,4,382
07/11/2011,7,380
07/11/2011,10,374
07/11/2011,13,370
07/11/2011,16,370
07/11/2011,19,370
07/11/2011,22,372
07/12/2011,1,374
07/12/2011,4,376
07/12/2011,7,376
07/12/2011,10,376
07/12/2011,13,378
07/12/2011,16,380
07/12/2011,19,386
07/12/2011,22,392
07/13/2011,1,398
07/13/2011,4,402
07/13/2011,7,404
07/13/2011,10,406
07/13/2011,13,408
07/13/2011,16,410
07/13/2011,19,412
07/13/2011,22,420
07/14/2011,1,422
07/14/2011,4,422
07/14/2011,7,422
07/14/2011,10,420
07/14/2011,13,420
07/14/2011,16,418
07/14/2011,19,418
07/14/2011,22,418
07/15/2011,1,420
07/15/2011,4,420
07/15/2011,7,420
07/15/2011,10,414
07/15/2011,13,410
07/15/2011,16,406
07/15/2011,19,402
07/15/2011,22,398
07/16/2011,1,394
07/16/2011,4,390
07/16/2011,7,388
07/16/2011,10,412
07/16/2011,13,408
07/16/2011,16,404
07/16/2011,19,400
07/16/2011,22,404
07/17/2011,1,406
07/17/2011,4,406
07/17/2011,7,406
07/17/2011,10,402
07/17/2011,13,396
07/17/2011,16,388
07/17/2011,19,382
07/17/2011,22,378
07/18/2011,1,374
07/18/2011,4,372
07/18/2011,7,370
07/18/2011,10,366
07/18/2011,13,358
07/18/2011,16,350
07/18/2011,19,342
07/18/2011,22,342
07/19/2011,1,346
07/19/2011,4,350
07/19/2011,7,354
07/19/2011,10,358
07/19/2011,13,358
07/19/2011,16,356
07/19/2011,19,356
07/19/2011,22,356
07/20/2011,1,356
07/20/2011,4,356
07/20/2011,7,358
07/20/2011,10,354
07/20/2011,13,352
07/20/2011,16,346
07/20/2011,19,340
07/20/2011,22,338
07/21/2011,1,340
07/21/2011,4,344
07/21/2011,7,350
07/21/2011,10,354
07/21/2011,13,360
07/21/2011,16,362
07/21/2011,19,362
07/21/2011,22,364
07/22/2011,1,366
07/22/2011,4,368
07/22/2011,7,370
07/22/2011,10,374
07/22/2011,13,376
07/22/2011,16,370
07/22/2011,19,366
07/22/2011,22,366
07/23/2011,1,366
07/23/2011,4,364
07/23/2011,7,364
07/23/2011,10,362
07/23/2011,13,362
07/23/2011,16,362
07/23/2011,19,362
07/23/2011,22,362
07/24/2011,1,362
07/24/2011,4,362
07/24/2011,7,362
07/24/2011,10,364
07/24/2011,13,368
07/24/2011,16,376
07/24/2011,19,382
07/24/2011,22,394
07/25/2011,1,410
07/25/2011,4,418
07/25/2011,7,424
07/25/2011,10,428
07/25/2011,13,430
07/25/2011,16,432
07/25/2011,19,432
07/25/2011,22,434
07/26/2011,1,436
07/26/2011,4,434
07/26/2011,7,432
07/26/2011,10,428
07/26/2011,13,426
07/26/2011,16,424
07/26/2011,19,420
07/26/2011,22,418
07/27/2011,1,418
07/27/2011,4,418
07/27/2011,7,416
07/27/2011,10,412
07/27/2011,13,408
07/27/2011,16,406
07/27/2011,19,406
07/27/2011,22,406
07/28/2011,1,406
07/28/2011,4,406
07/28/2011,7,404
07/28/2011,10,402
07/28/2011,13,400
07/28/2011,16,400
07/28/2011,19,400
07/28/2011,22,406
07/29/2011,1,408
07/29/2011,4,408
07/29/2011,7,408
07/29/2011,10,408
07/29/2011,13,406
07/29/2011,16,404
07/29/2011,19,402
07/29/2011,22,410
07/30/2011,1,412
07/30/2011,4,412
07/30/2011,7,412
07/30/2011,10,406
07/30/2011,13,402
07/30/2011,16,398
07/30/2011,19,396
07/30/2011,22,398
07/31/2011,1,400
07/31/2011,4,404
07/31/2011,7,408
07/31/2011,10,400
07/31/2011,13,394
07/31/2011,16,384
07/31/2011,19,374
07/31/2011,22,372
08/01/2011,1,370
08/01/2011,4,366
08/01/2011,7,362
08/01/2011,10,360
08/01/2011,13,356
08/01/2011,16,354
08/01/2011,19,354
08/01/2011,22,362
08/02/2011,1,376
08/02/2011,4,386
08/02/2011,7,402
08/02/2011,10,406
08/02/2011,13,406
08/02/2011,16,410
08/02/2011,19,412
08/02/2011,22,416
08/03/2011,1,422
08/03/2011,4,428
08/03/2011,7,430
08/03/2011,10,436
08/03/2011,13,432
08/03/2011,16,428
08/03/2011,19,424
08/03/2011,22,420
08/04/2011,1,416
08/04/2011,4,414
08/04/2011,7,412
08/04/2011,10,410
08/04/2011,13,404
08/04/2011,16,396
08/04/2011,19,392
08/04/2011,22,382
08/05/2011,1,376
08/05/2011,4,374
08/05/2011,7,372
08/05/2011,10,370
08/05/2011,13,366
08/05/2011,16,360
08/05/2011,19,356
08/05/2011,22,350
08/06/2011,1,340
08/06/2011,4,334
08/06/2011,7,330
08/06/2011,10,330
08/06/2011,13,330
08/06/2011,16,330
08/06/2011,19,326
08/06/2011,22,324
08/07/2011,1,324
08/07/2011,4,324
08/07/2011,7,324
08/07/2011,10,322
08/07/2011,13,322
08/07/2011,16,332
08/07/2011,19,346
08/07/2011,22,352
08/08/2011,1,352
08/08/2011,4,340
08/08/2011,7,332
08/08/2011,10,328
08/08/2011,13,328
08/08/2011,16,332
08/08/2011,19,336
08/08/2011,22,340
08/09/2011,1,338
08/09/2011,4,334
08/09/2011,7,330
08/09/2011,10,330
08/09/2011,13,330
08/09/2011,16,338
08/09/2011,19,346
08/09/2011,22,352
08/10/2011,1,352
08/10/2011,4,350
08/10/2011,7,348
08/10/2011,10,344
08/10/2011,13,340
08/10/2011,16,338
08/10/2011,19,338
08/10/2011,22,342
08/11/2011,1,344
08/11/2011,4,344
08/11/2011,7,344
08/11/2011,10,344
08/11/2011,13,342
08/11/2011,16,340
08/11/2011,19,338
08/11/2011,22,350
08/12/2011,1,358
08/12/2011,4,354
08/12/2011,7,350
08/12/2011,10,346
08/12/2011,13,340
08/12/2011,16,336
08/12/2011,19,332
08/12/2011,22,342
08/13/2011,1,346
08/13/2011,4,342
08/13/2011,7,338
08/13/2011,10,334
08/13/2011,13,330
08/13/2011,16,326
08/13/2011,19,320
08/13/2011,22,328
08/14/2011,1,336
08/14/2011,4,330
08/14/2011,7,322
08/14/2011,10,318
08/14/2011,13,310
08/14/2011,16,304
08/14/2011,19,298
08/14/2011,22,300
08/15/2011,1,302
08/15/2011,4,298
08/15/2011,7,292
08/15/2011,10,286
08/15/2011,13,276
08/15/2011,16,266
08/15/2011,19,258
08/15/2011,22,266
08/16/2011,1,268
08/16/2011,4,264
08/16/2011,7,262
08/16/2011,10,264
08/16/2011,13,264
08/16/2011,16,264
08/16/2011,19,264
08/16/2011,22,270
08/17/2011,1,278
08/17/2011,4,286
08/17/2011,7,292
08/17/2011,10,292
08/17/2011,13,292
08/17/2011,16,292
08/17/2011,19,286
08/17/2011,22,286
08/18/2011,1,286
08/18/2011,4,288
08/18/2011,7,292
08/18/2011,10,292
08/18/2011,13,292
08/18/2011,16,288
08/18/2011,19,284
08/18/2011,22,282
08/19/2011,1,278
08/19/2011,4,274
08/19/2011,7,272
08/19/2011,10,274
08/19/2011,13,274
08/19/2011,16,274
08/19/2011,19,272
08/19/2011,22,272
08/20/2011,1,272
08/20/2011,4,270
08/20/2011,7,270
08/20/2011,10,272
08/20/2011,13,274
08/20/2011,16,276
08/20/2011,19,274
08/20/2011,22,272
08/21/2011,1,270
08/21/2011,4,268
08/21/2011,7,266
08/21/2011,10,266
08/21/2011,13,272
08/21/2011,16,280
08/21/2011,19,284
08/21/2011,22,288
08/22/2011,1,290
08/22/2011,4,292
08/22/2011,7,292
08/22/2011,10,292
08/22/2011,13,294
08/22/2011,16,298
08/22/2011,19,298
08/22/2011,22,298
08/23/2011,1,298
08/23/2011,4,296
08/23/2011,7,294
08/23/2011,10,292
08/23/2011,13,290
08/23/2011,16,294
08/23/2011,19,298
08/23/2011,22,298
08/24/2011,1,298
08/24/2011,4,298
08/24/2011,7,298
08/24/2011,10,294
08/24/2011,13,292
08/24/2011,16,294
08/24/2011,19,300
08/24/2011,22,300
08/25/2011,1,316
08/25/2011,4,324
08/25/2011,7,330
08/25/2011,10,340
08/25/2011,13,348
08/25/2011,16,354
08/25/2011,19,358
08/25/2011,22,360
08/26/2011,1,360
08/26/2011,4,362
08/26/2011,7,362
08/26/2011,10,356
08/26/2011,13,350
08/26/2011,16,350
08/26/2011,19,346
08/26/2011,22,344
08/27/2011,1,342
08/27/2011,4,338
08/27/2011,7,336
08/27/2011,10,330
08/27/2011,13,324
08/27/2011,16,312
08/27/2011,19,308
08/27/2011,22,306
08/28/2011,1,304
08/28/2011,4,288
08/28/2011,7,282
08/28/2011,10,276
08/28/2011,13,266
08/28/2011,16,252
08/28/2011,19,248
08/28/2011,22,254
08/29/2011,1,256
08/29/2011,4,248
08/29/2011,7,238
08/29/2011,10,232
08/29/2011,13,216
08/29/2011,16,196
08/29/2011,19,196
08/29/2011,22,210
08/30/2011,1,210
08/30/2011,4,208
08/30/2011,7,206
08/30/2011,10,202
08/30/2011,13,198
08/30/2011,16,192
08/30/2011,19,190
08/30/2011,22,198
08/31/2011,1,215
08/31/2011,4,220
08/31/2011,7,222
08/31/2011,10,224
08/31/2011,13,224
08/31/2011,16,224
08/31/2011,19,220
08/31/2011,22,224
09/01/2011,1,234
09/01/2011,4,240
09/01/2011,7,242
09/01/2011,10,246
09/01/2011,13,252
09/01/2011,16,252
09/01/2011,19,252
09/01/2011,22,246
09/02/2011,1,244
09/02/2011,4,244
09/02/2011,7,246
09/02/2011,10,252
09/02/2011,13,252
09/02/2011,16,248
09/02/2011,19,244
09/02/2011,22,234
09/03/2011,1,224
09/03/2011,4,212
09/03/2011,7,200
09/03/2011,10,200
09/03/2011,13,200
09/03/2011,16,198
09/03/2011,19,190
09/03/2011,22,180
09/04/2011,1,170
09/04/2011,4,160
09/04/2011,7,150
09/04/2011,10,146
09/04/2011,13,178
09/04/2011,16,186
09/04/2011,19,192
09/04/2011,22,184
09/05/2011,1,170
09/05/2011,4,156
09/05/2011,7,146
09/05/2011,10,142
09/05/2011,13,174
09/05/2011,16,190
09/05/2011,19,206
09/05/2011,22,202
09/06/2011,1,198
09/06/2011,4,194
09/06/2011,7,190
09/06/2011,10,196
09/06/2011,13,208
09/06/2011,16,236
09/06/2011,19,250
09/06/2011,22,260
09/07/2011,1,260
09/07/2011,4,260
09/07/2011,7,260
09/07/2011,10,260
09/07/2011,13,260
09/07/2011,16,264
09/07/2011,19,278
09/07/2011,22,276
09/08/2011,1,276
09/08/2011,4,266
09/08/2011,7,256
09/08/2011,10,246
09/08/2011,13,240
09/08/2011,16,244
09/08/2011,19,252
09/08/2011,22,260
09/09/2011,1,262
09/09/2011,4,256
09/09/2011,7,248
09/09/2011,10,244
09/09/2011,13,242
09/09/2011,16,242
09/09/2011,19,248
09/09/2011,22,254
09/10/2011,1,262
09/10/2011,4,258
09/10/2011,7,252
09/10/2011,10,248
09/10/2011,13,244
09/10/2011,16,244
09/10/2011,19,254
09/10/2011,22,264
09/11/2011,1,270
09/11/2011,4,266
09/11/2011,7,260
09/11/2011,10,254
09/11/2011,13,250
09/11/2011,16,246
09/11/2011,19,240
09/11/2011,22,236
09/12/2011,1,242
09/12/2011,4,256
09/12/2011,7,252
09/12/2011,10,248
09/12/2011,13,244
09/12/2011,16,248
09/12/2011,19,248
09/12/2011,22,252
09/13/2011,1,260
09/13/2011,4,264
09/13/2011,7,266
09/13/2011,10,266
09/13/2011,13,266
09/13/2011,16,266
09/13/2011,19,266
09/13/2011,22,270
09/14/2011,1,274
09/14/2011,4,278
09/14/2011,7,282
09/14/2011,10,290
09/14/2011,13,294
09/14/2011,16,296
09/14/2011,19,298
09/14/2011,22,302
09/15/2011,1,306
09/15/2011,4,312
09/15/2011,7,316
09/15/2011,10,320
09/15/2011,13,320
09/15/2011,16,318
09/15/2011,19,318
09/15/2011,22,316
09/16/2011,1,314
09/16/2011,4,310
09/16/2011,7,306
09/16/2011,10,314
09/16/2011,13,314
09/16/2011,16,312
09/16/2011,19,308
09/16/2011,22,302
09/17/2011,1,296
09/17/2011,4,292
09/17/2011,7,288
09/17/2011,10,290
09/17/2011,13,290
09/17/2011,16,288
09/17/2011,19,284
09/17/2011,22,280
09/18/2011,1,274
09/18/2011,4,268
09/18/2011,7,260
09/18/2011,10,260
09/18/2011,13,260
09/18/2011,16,260
09/18/2011,19,258
09/18/2011,22,250
09/19/2011,1,238
09/19/2011,4,226
09/19/2011,7,216
09/19/2011,10,212
09/19/2011,13,220
09/19/2011,16,224
09/19/2011,19,220
09/19/2011,22,210
09/20/2011,1,206
09/20/2011,4,204
09/20/2011,7,202
09/20/2011,10,204
09/20/2011,13,222
09/20/2011,16,240
09/20/2011,19,246
09/20/2011,22,248
09/21/2011,1,250
09/21/2011,4,252
09/21/2011,7,254
09/21/2011,10,262
09/21/2011,13,280
09/21/2011,16,300
09/21/2011,19,310
09/21/2011,22,314
09/22/2011,1,316
09/22/2011,4,316
09/22/2011,7,316
09/22/2011,10,312
09/22/2011,13,308
09/22/2011,16,316
09/22/2011,19,328
09/22/2011,22,320
09/23/2011,1,314
09/23/2011,4,308
09/23/2011,7,304
09/23/2011,10,298
09/23/2011,13,294
09/23/2011,16,300
09/23/2011,19,304
09/23/2011,22,302
09/24/2011,1,296
09/24/2011,4,288
09/24/2011,7,280
09/24/2011,10,268
09/24/2011,13,258
09/24/2011,16,266
09/24/2011,19,276
09/24/2011,22,276
09/25/2011,1,270
09/25/2011,4,260
09/25/2011,7,250
09/25/2011,10,240
09/25/2011,13,234
09/25/2011,16,230
09/25/2011,19,240
09/25/2011,22,246
09/26/2011,1,238
09/26/2011,4,230
09/26/2011,7,222
09/26/2011,10,212
09/26/2011,13,202
09/26/2011,16,198
09/26/2011,19,204
09/26/2011,22,214
09/27/2011,1,220
09/27/2011,4,214
09/27/2011,7,208
09/27/2011,10,204
09/27/2011,13,198
09/27/2011,16,194
09/27/2011,19,198
09/27/2011,22,206
09/28/2011,1,212
09/28/2011,4,214
09/28/2011,7,214
09/28/2011,10,212
09/28/2011,13,208
09/28/2011,16,204
09/28/2011,19,204
09/28/2011,22,204
09/29/2011,1,206
09/29/2011,4,208
09/29/2011,7,210
09/29/2011,10,216
09/29/2011,13,218
09/29/2011,16,220
09/29/2011,19,224
09/29/2011,22,224
09/30/2011,1,222
09/30/2011,4,220
09/30/2011,7,218
09/30/2011,10,204
09/30/2011,13,200
09/30/2011,16,198
09/30/2011,19,198
09/30/2011,22,192
10/01/2011,1,186
10/01/2011,4,184
10/01/2011,7,182
10/01/2011,10,214
10/01/2011,13,218
10/01/2011,16,218
10/01/2011,19,216
10/01/2011,22,210
10/02/2011,1,206
10/02/2011,4,196
10/02/2011,7,186
10/02/2011,10,222
10/02/2011,13,242
10/02/2011,16,244
10/02/2011,19,244
10/02/2011,22,228
10/03/2011,1,218
10/03/2011,4,208
10/03/2011,7,200
10/03/2011,10,198
10/03/2011,13,226
10/03/2011,16,236
10/03/2011,19,240
10/03/2011,22,238
10/04/2011,1,226
10/04/2011,4,210
10/04/2011,7,200
10/04/2011,10,198
10/04/2011,13,220
10/04/2011,16,232
10/04/2011,19,238
10/04/2011,22,238
10/05/2011,1,222
10/05/2011,4,214
10/05/2011,7,202
10/05/2011,10,190
10/05/2011,13,198
10/05/2011,16,218
10/05/2011,19,228
10/05/2011,22,220
10/06/2011,1,204
10/06/2011,4,192
10/06/2011,7,182
10/06/2011,10,172
10/06/2011,13,176
10/06/2011,16,194
10/06/2011,19,214
10/06/2011,22,226
10/07/2011,1,210
10/07/2011,4,198
10/07/2011,7,188
10/07/2011,10,178
10/07/2011,13,178
10/07/2011,16,196
10/07/2011,19,222
10/07/2011,22,218
10/08/2011,1,214
10/08/2011,4,208
10/08/2011,7,200
10/08/2011,10,192
10/08/2011,13,190
10/08/2011,16,198
10/08/2011,19,216
10/08/2011,22,224
10/09/2011,1,230
10/09/2011,4,224
10/09/2011,7,218
10/09/2011,10,210
10/09/2011,13,206
10/09/2011,16,202
10/09/2011,19,216
10/09/2011,22,228
10/10/2011,1,224
10/10/2011,4,218
10/10/2011,7,210
10/10/2011,10,204
10/10/2011,13,198
10/10/2011,16,194
10/10/2011,19,198
10/10/2011,22,208
10/11/2011,1,206
10/11/2011,4,200
10/11/2011,7,194
10/11/2011,10,190
10/11/2011,13,186
10/11/2011,16,184
10/11/2011,19,186
10/11/2011,22,186
10/12/2011,1,188
10/12/2011,4,190
10/12/2011,7,192
10/12/2011,10,194
10/12/2011,13,190
10/12/2011,16,186
10/12/2011,19,184
10/12/2011,22,180
10/13/2011,1,178
10/13/2011,4,176
10/13/2011,7,176
10/13/2011,10,190
10/13/2011,13,186
10/13/2011,16,180
10/13/2011,19,172
10/13/2011,22,170
10/14/2011,1,168
10/14/2011,4,168
10/14/2011,7,166
10/14/2011,10,192
10/14/2011,13,192
10/14/2011,16,184
10/14/2011,19,178
10/14/2011,22,170
10/15/2011,1,160
10/15/2011,4,156
10/15/2011,7,156
10/15/2011,10,190
10/15/2011,13,194
10/15/2011,16,194
10/15/2011,19,194
10/15/2011,22,186
10/16/2011,1,180
10/16/2011,4,176
10/16/2011,7,172
10/16/2011,10,186
10/16/2011,13,210
10/16/2011,16,214
10/16/2011,19,206
10/16/2011,22,198
10/17/2011,1,178
10/17/2011,4,172
10/17/2011,7,168
10/17/2011,10,188
10/17/2011,13,204
10/17/2011,16,202
10/17/2011,19,196
10/17/2011,22,184
10/18/2011,1,168
10/18/2011,4,150
10/18/2011,7,142
10/18/2011,10,158
10/18/2011,13,180
10/18/2011,16,196
10/18/2011,19,192
10/18/2011,22,180
10/19/2011,1,170
10/19/2011,4,160
10/19/2011,7,152
10/19/2011,10,160
10/19/2011,13,186
10/19/2011,16,206
10/19/2011,19,200
10/19/2011,22,184
10/20/2011,1,170
10/20/2011,4,160
10/20/2011,7,150
10/20/2011,10,158
10/20/2011,13,188
10/20/2011,16,206
10/20/2011,19,210
10/20/2011,22,192
10/21/2011,1,174
10/21/2011,4,162
10/21/2011,7,152
10/21/2011,10,160
10/21/2011,13,172
10/21/2011,16,190
10/21/2011,19,202
10/21/2011,22,192
10/22/2011,1,172
10/22/2011,4,160
10/22/2011,7,152
10/22/2011,10,144
10/22/2011,13,146
10/22/2011,16,158
10/22/2011,19,182
10/22/2011,22,178
10/23/2011,1,168
10/23/2011,4,156
10/23/2011,7,148
10/23/2011,10,140
10/23/2011,13,146
10/23/2011,16,168
10/23/2011,19,180
10/23/2011,22,170
10/24/2011,1,160
10/24/2011,4,150
10/24/2011,7,146
10/24/2011,10,138
10/24/2011,13,130
10/24/2011,16,142
10/24/2011,19,156
10/24/2011,22,164
10/25/2011,1,156
10/25/2011,4,148
10/25/2011,7,140
10/25/2011,10,138
10/25/2011,13,132
10/25/2011,16,140
10/25/2011,19,152
10/25/2011,22,166
10/26/2011,1,160
10/26/2011,4,156
10/26/2011,7,152
10/26/2011,10,152
10/26/2011,13,150
10/26/2011,16,144
10/26/2011,19,150
10/26/2011,22,158
10/27/2011,1,166
10/27/2011,4,176
10/27/2011,7,186
10/27/2011,10,190
10/27/2011,13,182
10/27/2011,16,172
10/27/2011,19,166
10/27/2011,22,160
10/28/2011,1,166
10/28/2011,4,180
10/28/2011,7,192
10/28/2011,10,212
10/28/2011,13,220
10/28/2011,16,208
10/28/2011,19,204
10/28/2011,22,196
10/29/2011,1,180
10/29/2011,4,176
10/29/2011,7,186
10/29/2011,10,224
10/29/2011,13,236
10/29/2011,16,230
10/29/2011,19,220
10/29/2011,22,220
10/30/2011,1,216
10/30/2011,4,214
10/30/2011,7,212
10/30/2011,10,248
10/30/2011,13,274
10/30/2011,16,282
10/30/2011,19,276
10/30/2011,22,264
10/31/2011,1,254
10/31/2011,4,246
10/31/2011,7,242
10/31/2011,10,246
10/31/2011,13,270
10/31/2011,16,278
10/31/2011,19,272
10/31/2011,22,260
11/01/2011,1,252
11/01/2011,4,244
11/01/2011,7,236
11/01/2011,10,242
11/01/2011,13,262
11/01/2011,16,274
11/01/2011,19,286
11/01/2011,22,276
11/02/2011,1,268
11/02/2011,4,262
11/02/2011,7,254
11/02/2011,10,250
11/02/2011,13,262
11/02/2011,16,272
11/02/2011,19,276
11/02/2011,22,266
11/03/2011,1,254
11/03/2011,4,246
11/03/2011,7,238
11/03/2011,10,244
11/03/2011,13,256
11/03/2011,16,266
11/03/2011,19,282
11/03/2011,22,268
11/04/2011,1,250
11/04/2011,4,232
11/04/2011,7,216
11/04/2011,10,208
11/04/2011,13,206
11/04/2011,16,220
11/04/2011,19,240
11/04/2011,22,220
11/05/2011,1,210
11/05/2011,4,200
11/05/2011,7,190
11/05/2011,10,186
11/05/2011,13,186
11/05/2011,16,196
11/05/2011,19,200
11/05/2011,22,200
11/06/2011,1,196
11/06/2011,4,192
11/06/2011,7,188
11/06/2011,10,188
11/06/2011,13,190
11/06/2011,16,198
11/06/2011,19,202
11/06/2011,22,202
11/07/2011,1,196
11/07/2011,4,190
11/07/2011,7,186
11/07/2011,10,186
11/07/2011,13,186
11/07/2011,16,188
11/07/2011,19,190
11/07/2011,22,186
11/08/2011,1,186
11/08/2011,4,186
11/08/2011,7,186
11/08/2011,10,188
11/08/2011,13,188
11/08/2011,16,188
11/08/2011,19,188
11/08/2011,22,184
11/09/2011,1,182
11/09/2011,4,180
11/09/2011,7,178
11/09/2011,10,174
11/09/2011,13,172
11/09/2011,16,170
11/09/2011,19,170
11/09/2011,22,170
11/10/2011,1,168
11/10/2011,4,166
11/10/2011,7,166
11/10/2011,10,180
11/10/2011,13,184
11/10/2011,16,170
11/10/2011,19,160
11/10/2011,22,160
11/11/2011,1,160
11/11/2011,4,166
11/11/2011,7,170
11/11/2011,10,198
11/11/2011,13,200
11/11/2011,16,194
11/11/2011,19,184
11/11/2011,22,174
11/12/2011,1,164
11/12/2011,4,162
11/12/2011,7,164
11/12/2011,10,192
11/12/2011,13,198
11/12/2011,16,190
11/12/2011,19,178
11/12/2011,22,168
11/13/2011,1,160
11/13/2011,4,156
11/13/2011,7,152
11/13/2011,10,184
11/13/2011,13,198
11/13/2011,16,202
11/13/2011,19,190
11/13/2011,22,178
11/14/2011,1,164
11/14/2011,4,152
11/14/2011,7,142
11/14/2011,10,178
11/14/2011,13,196
11/14/2011,16,200
11/14/2011,19,186
11/14/2011,22,172
11/15/2011,1,158
11/15/2011,4,148
11/15/2011,7,138
11/15/2011,10,174
11/15/2011,13,196
11/15/2011,16,202
11/15/2011,19,188
11/15/2011,22,168
11/16/2011,1,150
11/16/2011,4,142
11/16/2011,7,136
11/16/2011,10,154
11/16/2011,13,186
11/16/2011,16,196
11/16/2011,19,186
11/16/2011,22,180
11/17/2011,1,170
11/17/2011,4,158
11/17/2011,7,144
11/17/2011,10,156
11/17/2011,13,190
11/17/2011,16,202
11/17/2011,19,196
11/17/2011,22,184
11/18/2011,1,166
11/18/2011,4,152
11/18/2011,7,144
11/18/2011,10,152
11/18/2011,13,172
11/18/2011,16,204
11/18/2011,19,198
11/18/2011,22,186
11/19/2011,1,172
11/19/2011,4,164
11/19/2011,7,156
11/19/2011,10,154
11/19/2011,13,170
11/19/2011,16,180
11/19/2011,19,186
11/19/2011,22,176
11/20/2011,1,166
11/20/2011,4,154
11/20/2011,7,144
11/20/2011,10,140
11/20/2011,13,144
11/20/2011,16,154
11/20/2011,19,166
11/20/2011,22,162
11/21/2011,1,152
11/21/2011,4,144
11/21/2011,7,138
11/21/2011,10,136
11/21/2011,13,136
11/21/2011,16,150
11/21/2011,19,154
11/21/2011,22,156
11/22/2011,1,146
11/22/2011,4,140
11/22/2011,7,136
11/22/2011,10,134
11/22/2011,13,136
11/22/2011,16,140
11/22/2011,19,148
11/22/2011,22,140
11/23/2011,1,138
11/23/2011,4,142
11/23/2011,7,146
11/23/2011,10,152
11/23/2011,13,156
11/23/2011,16,160
11/23/2011,19,166
11/23/2011,22,168
11/24/2011,1,172
11/24/2011,4,176
11/24/2011,7,176
11/24/2011,10,184
11/24/2011,13,180
11/24/2011,16,174
11/24/2011,19,166
11/24/2011,22,162
11/25/2011,1,164
11/25/2011,4,170
11/25/2011,7,178
11/25/2011,10,204
11/25/2011,13,204
11/25/2011,16,198
11/25/2011,19,186
11/25/2011,22,178
11/26/2011,1,174
11/26/2011,4,178
11/26/2011,7,186
11/26/2011,10,218
11/26/2011,13,214
11/26/2011,16,202
11/26/2011,19,192
11/26/2011,22,188
11/27/2011,1,182
11/27/2011,4,176
11/27/2011,7,164
11/27/2011,10,212
11/27/2011,13,216
11/27/2011,16,208
11/27/2011,19,198
11/27/2011,22,190
11/28/2011,1,162
11/28/2011,4,150
11/28/2011,7,142
11/28/2011,10,182
11/28/2011,13,214
11/28/2011,16,218
11/28/2011,19,190
11/28/2011,22,178
11/29/2011,1,160
11/29/2011,4,148
11/29/2011,7,138
11/29/2011,10,160
11/29/2011,13,204
11/29/2011,16,202
11/29/2011,19,194
11/29/2011,22,178
11/30/2011,1,158
11/30/2011,4,146
11/30/2011,7,140
11/30/2011,10,156
11/30/2011,13,180
11/30/2011,16,190
11/30/2011,19,198
11/30/2011,22,182
12/01/2011,1,168
12/01/2011,4,154
12/01/2011,7,146
12/01/2011,10,152
12/01/2011,13,184
12/01/2011,16,204
12/01/2011,19,204
12/01/2011,22,190
12/02/2011,1,180
12/02/2011,4,172
12/02/2011,7,166
12/02/2011,10,166
12/02/2011,13,172
12/02/2011,16,184
12/02/2011,19,194
12/02/2011,22,194
12/03/2011,1,192
12/03/2011,4,190
12/03/2011,7,188
12/03/2011,10,198
12/03/2011,13,212
12/03/2011,16,220
12/03/2011,19,216
12/03/2011,22,210
12/04/2011,1,204
12/04/2011,4,198
12/04/2011,7,196
12/04/2011,10,196
12/04/2011,13,202
12/04/2011,16,204
12/04/2011,19,200
12/04/2011,22,196
12/05/2011,1,184
12/05/2011,4,176
12/05/2011,7,170
12/05/2011,10,166
12/05/2011,13,172
12/05/2011,16,170
12/05/2011,19,170
12/05/2011,22,166
12/06/2011,1,160
12/06/2011,4,156
12/06/2011,7,154
12/06/2011,10,152
12/06/2011,13,156
12/06/2011,16,148
12/06/2011,19,142
12/06/2011,22,142
12/07/2011,1,146
12/07/2011,4,150
12/07/2011,7,152
12/07/2011,10,158
12/07/2011,13,156
12/07/2011,16,150
12/07/2011,19,138
12/07/2011,22,138
12/08/2011,1,140
12/08/2011,4,142
12/08/2011,7,146
12/08/2011,10,158
12/08/2011,13,154
12/08/2011,16,144
12/08/2011,19,136
12/08/2011,22,130
12/09/2011,1,128
12/09/2011,4,130
12/09/2011,7,134
12/09/2011,10,154
12/09/2011,13,164
12/09/2011,16,156
12/09/2011,19,142
12/09/2011,22,136
12/10/2011,1,132
12/10/2011,4,130
12/10/2011,7,134
12/10/2011,10,164
12/10/2011,13,164
12/10/2011,16,154
12/10/2011,19,144
12/10/2011,22,136
12/11/2011,1,130
12/11/2011,4,126
12/11/2011,7,126
12/11/2011,10,166
12/11/2011,13,174
12/11/2011,16,162
12/11/2011,19,156
12/11/2011,22,140
12/12/2011,1,134
12/12/2011,4,130
12/12/2011,7,128
12/12/2011,10,160
12/12/2011,13,186
12/12/2011,16,162
12/12/2011,19,152
12/12/2011,22,144
12/13/2011,1,136
12/13/2011,4,128
12/13/2011,7,122
12/13/2011,10,162
12/13/2011,13,182
12/13/2011,16,162
12/13/2011,19,154
12/13/2011,22,140
12/14/2011,1,130
12/14/2011,4,120
12/14/2011,7,112
12/14/2011,10,156
12/14/2011,13,176
12/14/2011,16,170
12/14/2011,19,164
12/14/2011,22,152
12/15/2011,1,134
12/15/2011,4,118
12/15/2011,7,110
12/15/2011,10,142
12/15/2011,13,164
12/15/2011,16,160
12/15/2011,19,154
12/15/2011,22,146
12/16/2011,1,128
12/16/2011,4,106
12/16/2011,7,98
12/16/2011,10,114
12/16/2011,13,144
12/16/2011,16,142
12/16/2011,19,136
12/16/2011,22,120
12/17/2011,1,108
12/17/2011,4,98
12/17/2011,7,90
12/17/2011,10,116
12/17/2011,13,140
12/17/2011,16,150
12/17/2011,19,154
12/17/2011,22,146
12/18/2011,1,128
12/18/2011,4,108
12/18/2011,7,96
12/18/2011,10,106
12/18/2011,13,134
12/18/2011,16,146
12/18/2011,19,152
12/18/2011,22,142
12/19/2011,1,128
12/19/2011,4,112
12/19/2011,7,98
12/19/2011,10,102
12/19/2011,13,124
12/19/2011,16,122
12/19/2011,19,114
12/19/2011,22,110
12/20/2011,1,96
12/20/2011,4,94
12/20/2011,7,92
12/20/2011,10,106
12/20/2011,13,114
12/20/2011,16,106
12/20/2011,19,94
12/20/2011,22,90
12/21/2011,1,94
12/21/2011,4,106
12/21/2011,7,118
12/21/2011,10,126
12/21/2011,13,120
12/21/2011,16,114
12/21/2011,19,104
12/21/2011,22,96
12/22/2011,1,112
12/22/2011,4,128
12/22/2011,7,138
12/22/2011,10,146
12/22/2011,13,136
12/22/2011,16,120
12/22/2011,19,112
12/22/2011,22,96
12/23/2011,1,114
12/23/2011,4,134
12/23/2011,7,146
12/23/2011,10,168
12/23/2011,13,156
12/23/2011,16,140
12/23/2011,19,126
12/23/2011,22,118
12/24/2011,1,116
12/24/2011,4,120
12/24/2011,7,130
12/24/2011,10,156
12/24/2011,13,148
12/24/2011,16,136
12/24/2011,19,122
12/24/2011,22,110
12/25/2011,1,98
12/25/2011,4,118
12/25/2011,7,132
12/25/2011,10,150
12/25/2011,13,178
12/25/2011,16,154
12/25/2011,19,146
12/25/2011,22,120
12/26/2011,1,112
12/26/2011,4,126
12/26/2011,7,156
12/26/2011,10,160
12/26/2011,13,164
12/26/2011,16,154
12/26/2011,19,140
12/26/2011,22,122
12/27/2011,1,108
12/27/2011,4,102
12/27/2011,7,98
12/27/2011,10,144
12/27/2011,13,162
12/27/2011,16,166
12/27/2011,19,158
12/27/2011,22,136
12/28/2011,1,118
12/28/2011,4,102
12/28/2011,7,96
12/28/2011,10,132
12/28/2011,13,166
12/28/2011,16,166
12/28/2011,19,148
12/28/2011,22,130
12/29/2011,1,116
12/29/2011,4,100
12/29/2011,7,96
12/29/2011,10,116
12/29/2011,13,146
12/29/2011,16,154
12/29/2011,19,148
12/29/2011,22,136
12/30/2011,1,116
12/30/2011,4,100
12/30/2011,7,92
12/30/2011,10,100
12/30/2011,13,132
12/30/2011,16,136
12/30/2011,19,130
12/30/2011,22,122
12/31/2011,1,110
12/31/2011,4,96
12/31/2011,7,82
12/31/2011,10,106
12/31/2011,13,122
12/31/2011,16,128
12/31/2011,19,116
12/31/2011,22,104
01/01/2012,1,96
01/01/2012,4,88
01/01/2012,7,82
01/01/2012,10,100
01/01/2012,13,110
01/01/2012,16,112
01/01/2012,19,106
01/01/2012,22,92
01/02/2012,1,84
01/02/2012,4,80
01/02/2012,7,76
01/02/2012,10,92
01/02/2012,13,104
01/02/2012,16,106
01/02/2012,19,98
01/02/2012,22,88
01/03/2012,1,74
01/03/2012,4,60
01/03/2012,7,64
01/03/2012,10,94
01/03/2012,13,96
01/03/2012,16,96
01/03/2012,19,76
01/03/2012,22,60
01/04/2012,1,58
01/04/2012,4,74
01/04/2012,7,98
01/04/2012,10,106
01/04/2012,13,96
01/04/2012,16,86
01/04/2012,19,74
01/04/2012,22,68
01/05/2012,1,70
01/05/2012,4,82
01/05/2012,7,102
01/05/2012,10,116
01/05/2012,13,106
01/05/2012,16,98
01/05/2012,19,82
01/05/2012,22,74
01/06/2012,1,84
01/06/2012,4,100
01/06/2012,7,118
01/06/2012,10,140
01/06/2012,13,132
01/06/2012,16,120
01/06/2012,19,110
01/06/2012,22,98
01/07/2012,1,98
01/07/2012,4,112
01/07/2012,7,122
01/07/2012,10,148
01/07/2012,13,146
01/07/2012,16,138
01/07/2012,19,126
01/07/2012,22,108
01/08/2012,1,102
01/08/2012,4,114
01/08/2012,7,128
01/08/2012,10,152
01/08/2012,13,164
01/08/2012,16,154
01/08/2012,19,138
01/08/2012,22,130
01/09/2012,1,126
01/09/2012,4,122
01/09/2012,7,120
01/09/2012,10,154
01/09/2012,13,166
01/09/2012,16,152
01/09/2012,19,142
01/09/2012,22,130
01/10/2012,1,126
01/10/2012,4,116
01/10/2012,7,112
01/10/2012,10,140
01/10/2012,13,156
01/10/2012,16,146
01/10/2012,19,138
01/10/2012,22,126
01/11/2012,1,112
01/11/2012,4,100
01/11/2012,7,92
01/11/2012,10,136
01/11/2012,13,152
01/11/2012,16,140
01/11/2012,19,132
01/11/2012,22,122
01/12/2012,1,110
01/12/2012,4,98
01/12/2012,7,88
01/12/2012,10,116
01/12/2012,13,140
01/12/2012,16,136
01/12/2012,19,124
01/12/2012,22,102
01/13/2012,1,86
01/13/2012,4,74
01/13/2012,7,68
01/13/2012,10,104
01/13/2012,13,132
01/13/2012,16,128
01/13/2012,19,116
01/13/2012,22,98
01/14/2012,1,84
01/14/2012,4,72
01/14/2012,7,64
01/14/2012,10,86
01/14/2012,13,116
01/14/2012,16,138
01/14/2012,19,112
01/14/2012,22,94
01/15/2012,1,86
01/15/2012,4,77
01/15/2012,7,68
01/15/2012,10,99
01/15/2012,13,128
01/15/2012,16,130
01/15/2012,19,136
01/15/2012,22,136
01/16/2012,1,134
01/16/2012,4,132
01/16/2012,7,134
01/16/2012,10,140
01/16/2012,13,154
01/16/2012,16,159
01/16/2012,19,160
01/16/2012,22,166
01/17/2012,1,172
01/17/2012,4,182
01/17/2012,7,192
01/17/2012,10,202
01/17/2012,13,212
01/17/2012,16,215
01/17/2012,19,218
01/17/2012,22,220
01/18/2012,1,222
01/18/2012,4,225
01/18/2012,7,230
01/18/2012,10,233
01/18/2012,13,236
01/18/2012,16,233
01/18/2012,19,220
01/18/2012,22,220
01/19/2012,1,224
01/19/2012,4,233
01/19/2012,7,242
01/19/2012,10,247
01/19/2012,13,248
01/19/2012,16,244
01/19/2012,19,238
01/19/2012,22,233
01/20/2012,1,232
01/20/2012,4,238
01/20/2012,7,244
01/20/2012,10,251
01/20/2012,13,252
01/20/2012,16,243
01/20/2012,19,238
01/20/2012,22,234
01/21/2012,1,230
01/21/2012,4,227
01/21/2012,7,224
01/21/2012,10,237
01/21/2012,13,238
01/21/2012,16,232
01/21/2012,19,226
01/21/2012,22,222
01/22/2012,1,216
01/22/2012,4,210
01/22/2012,7,206
01/22/2012,10,224
01/22/2012,13,226
01/22/2012,16,221
01/22/2012,19,210
01/22/2012,22,200
01/23/2012,1,182
01/23/2012,4,170
01/23/2012,7,162
01/23/2012,10,190
01/23/2012,13,210
01/23/2012,16,188
01/23/2012,19,178
01/23/2012,22,174
01/24/2012,1,170
01/24/2012,4,166
01/24/2012,7,162
01/24/2012,10,154
01/24/2012,13,184
01/24/2012,16,166
01/24/2012,19,154
01/24/2012,22,120
01/25/2012,1,98
01/25/2012,4,90
01/25/2012,7,96
01/25/2012,10,130
01/25/2012,13,148
01/25/2012,16,138
01/25/2012,19,128
01/25/2012,22,112
01/26/2012,1,88
01/26/2012,4,68
01/26/2012,7,78
01/26/2012,10,114
01/26/2012,13,138
01/26/2012,16,126
01/26/2012,19,118
01/26/2012,22,106
01/27/2012,1,90
01/27/2012,4,78
01/27/2012,7,62
01/27/2012,10,102
01/27/2012,13,122
01/27/2012,16,122
01/27/2012,19,114
01/27/2012,22,100
01/28/2012,1,84
01/28/2012,4,72
01/28/2012,7,64
01/28/2012,10,100
01/28/2012,13,114
01/28/2012,16,114
01/28/2012,19,104
01/28/2012,22,94
01/29/2012,1,86
01/29/2012,4,78
01/29/2012,7,74
01/29/2012,10,89
01/29/2012,13,108
01/29/2012,16,115
01/29/2012,19,118
01/29/2012,22,123
01/30/2012,1,130
01/30/2012,4,136
01/30/2012,7,142
01/30/2012,10,157
01/30/2012,13,172
01/30/2012,16,175
01/30/2012,19,176
01/30/2012,22,177
01/31/2012,1,182
01/31/2012,4,191
01/31/2012,7,198
01/31/2012,10,202
01/31/2012,13,208
01/31/2012,16,211
01/31/2012,19,212
01/31/2012,22,212
02/01/2012,1,212
02/01/2012,4,215
02/01/2012,7,220
02/01/2012,10,223
02/01/2012,13,224
02/01/2012,16,224
02/01/2012,19,222
02/01/2012,22,219
02/02/2012,1,218
02/02/2012,4,223
02/02/2012,7,226
02/02/2012,10,237
02/02/2012,13,240
02/02/2012,16,240
02/02/2012,19,236
02/02/2012,22,236
02/03/2012,1,236
02/03/2012,4,243
02/03/2012,7,250
02/03/2012,10,258
02/03/2012,13,262
02/03/2012,16,259
02/03/2012,19,256
02/03/2012,22,254
02/04/2012,1,248
02/04/2012,4,250
02/04/2012,7,258
02/04/2012,10,263
02/04/2012,13,264
02/04/2012,16,262
02/04/2012,19,254
02/04/2012,22,250
02/05/2012,1,246
02/05/2012,4,245
02/05/2012,7,254
02/05/2012,10,262
02/05/2012,13,264
02/05/2012,16,260
02/05/2012,19,254
02/05/2012,22,248
02/06/2012,1,244
02/06/2012,4,245
02/06/2012,7,248
02/06/2012,10,264
02/06/2012,13,264
02/06/2012,16,258
02/06/2012,19,252
02/06/2012,22,243
02/07/2012,1,232
02/07/2012,4,229
02/07/2012,7,234
02/07/2012,10,244
02/07/2012,13,250
02/07/2012,16,249
02/07/2012,19,246
02/07/2012,22,238
02/08/2012,1,230
02/08/2012,4,222
02/08/2012,7,218
02/08/2012,10,230
02/08/2012,13,240
02/08/2012,16,240
02/08/2012,19,238
02/08/2012,22,233
02/09/2012,1,230
02/09/2012,4,227
02/09/2012,7,224
02/09/2012,10,237
02/09/2012,13,250
02/09/2012,16,251
02/09/2012,19,248
02/09/2012,22,245
02/10/2012,1,242
02/10/2012,4,238
02/10/2012,7,232
02/10/2012,10,234
02/10/2012,13,236
02/10/2012,16,226
02/10/2012,19,212
02/10/2012,22,198
02/11/2012,1,174
02/11/2012,4,154
02/11/2012,7,140
02/11/2012,10,136
02/11/2012,13,134
02/11/2012,16,126
02/11/2012,19,114
02/11/2012,22,100
02/12/2012,1,82
02/12/2012,4,68
02/12/2012,7,58
02/12/2012,10,80
02/12/2012,13,80
02/12/2012,16,78
02/12/2012,19,72
02/12/2012,22,72
02/13/2012,1,68
02/13/2012,4,58
02/13/2012,7,44
02/13/2012,10,52
02/13/2012,13,52
02/13/2012,16,42
02/13/2012,19,34
02/13/2012,22,36
02/14/2012,1,44
02/14/2012,4,54
02/14/2012,7,60
02/14/2012,10,56
02/14/2012,13,46
02/14/2012,16,42
02/14/2012,19,40
02/14/2012,22,46
02/15/2012,1,58
02/15/2012,4,72
02/15/2012,7,86
02/15/2012,10,74
02/15/2012,13,50
02/15/2012,16,40
02/15/2012,19,34
02/15/2012,22,42
02/16/2012,1,64
02/16/2012,4,94
02/16/2012,7,110
02/16/2012,10,96
02/16/2012,13,82
02/16/2012,16,62
02/16/2012,19,48
02/16/2012,22,30
02/17/2012,1,30
02/17/2012,4,64
02/17/2012,7,116
02/17/2012,10,108
02/17/2012,13,100
02/17/2012,16,92
02/17/2012,19,70
02/17/2012,22,48
02/18/2012,1,74
02/18/2012,4,106
02/18/2012,7,120
02/18/2012,10,146
02/18/2012,13,126
02/18/2012,16,112
02/18/2012,19,100
02/18/2012,22,74
02/19/2012,1,80
02/19/2012,4,102
02/19/2012,7,124
02/19/2012,10,146
02/19/2012,13,140
02/19/2012,16,126
02/19/2012,19,108
02/19/2012,22,100
02/20/2012,1,96
02/20/2012,4,102
02/20/2012,7,112
02/20/2012,10,138
02/20/2012,13,136
02/20/2012,16,122
02/20/2012,19,100
02/20/2012,22,86
02/21/2012,1,76
02/21/2012,4,80
02/21/2012,7,92
02/21/2012,10,122
02/21/2012,13,134
02/21/2012,16,118
02/21/2012,19,100
02/21/2012,22,84
02/22/2012,1,74
02/22/2012,4,72
02/22/2012,7,78
02/22/2012,10,118
02/22/2012,13,128
02/22/2012,16,114
02/22/2012,19,98
02/22/2012,22,82
02/23/2012,1,70
02/23/2012,4,60
02/23/2012,7,62
02/23/2012,10,106
02/23/2012,13,114
02/23/2012,16,104
02/23/2012,19,94
02/23/2012,22,78
02/24/2012,1,66
02/24/2012,4,56
02/24/2012,7,52
02/24/2012,10,80
02/24/2012,13,97
02/24/2012,16,90
02/24/2012,19,86
02/24/2012,22,70
02/25/2012,1,58
02/25/2012,4,48
02/25/2012,7,42
02/25/2012,10,76
02/25/2012,13,80
02/25/2012,16,82
02/25/2012,19,78
02/25/2012,22,74
02/26/2012,1,68
02/26/2012,4,62
02/26/2012,7,58
02/26/2012,10,72
02/26/2012,13,78
02/26/2012,16,80
02/26/2012,19,76
02/26/2012,22,74
02/27/2012,1,72
02/27/2012,4,70
02/27/2012,7,66
02/27/2012,10,66
02/27/2012,13,64
02/27/2012,16,56
02/27/2012,19,52
02/27/2012,22,56
02/28/2012,1,66
02/28/2012,4,78
02/28/2012,7,86
02/28/2012,10,82
02/28/2012,13,76
02/28/2012,16,68
02/28/2012,19,64
02/28/2012,22,90
02/29/2012,1,106
02/29/2012,4,114
02/29/2012,7,118
02/29/2012,10,112
02/29/2012,13,98
02/29/2012,16,86
02/29/2012,19,76
02/29/2012,22,80
03/01/2012,1,96
03/01/2012,4,114
03/01/2012,7,122
03/01/2012,10,118
03/01/2012,13,104
03/01/2012,16,88
03/01/2012,19,76
03/01/2012,22,80
03/02/2012,1,102
03/02/2012,4,126
03/02/2012,7,132
03/02/2012,10,124
03/02/2012,13,116
03/02/2012,16,108
03/02/2012,19,94
03/02/2012,22,98
03/03/2012,1,110
03/03/2012,4,128
03/03/2012,7,138
03/03/2012,10,136
03/03/2012,13,124
03/03/2012,16,112
03/03/2012,19,104
03/03/2012,22,106
03/04/2012,1,112
03/04/2012,4,132
03/04/2012,7,140
03/04/2012,10,152
03/04/2012,13,142
03/04/2012,16,128
03/04/2012,19,116
03/04/2012,22,106
03/05/2012,1,108
03/05/2012,4,118
03/05/2012,7,136
03/05/2012,10,154
03/05/2012,13,142
03/05/2012,16,122
03/05/2012,19,112
03/05/2012,22,90
03/06/2012,1,94
03/06/2012,4,112
03/06/2012,7,132
03/06/2012,10,154
03/06/2012,13,148
03/06/2012,16,138
03/06/2012,19,128
03/06/2012,22,118
03/07/2012,1,122
03/07/2012,4,130
03/07/2012,7,138
03/07/2012,10,146
03/07/2012,13,164
03/07/2012,16,154
03/07/2012,19,146
03/07/2012,22,136
03/08/2012,1,128
03/08/2012,4,128
03/08/2012,7,132
03/08/2012,10,144
03/08/2012,13,162
03/08/2012,16,162
03/08/2012,19,152
03/08/2012,22,142
03/09/2012,1,134
03/09/2012,4,128
03/09/2012,7,124
03/09/2012,10,148
03/09/2012,13,166
03/09/2012,16,158
03/09/2012,19,154
03/09/2012,22,148
03/10/2012,1,134
03/10/2012,4,120
03/10/2012,7,114
03/10/2012,10,122
03/10/2012,13,126
03/10/2012,16,130
03/10/2012,19,130
03/10/2012,22,130
03/11/2012,1,130
03/11/2012,4,130
03/11/2012,7,130
03/11/2012,10,132
03/11/2012,13,138
03/11/2012,16,146
03/11/2012,19,152
03/11/2012,22,170
03/12/2012,1,174
03/12/2012,4,170
03/12/2012,7,162
03/12/2012,10,158
03/12/2012,13,154
03/12/2012,16,146
03/12/2012,19,146
03/12/2012,22,178
03/13/2012,1,184
03/13/2012,4,178
03/13/2012,7,172
03/13/2012,10,164
03/13/2012,13,158
03/13/2012,16,152
03/13/2012,19,152
03/13/2012,22,168
03/14/2012,1,196
03/14/2012,4,194
03/14/2012,7,192
03/14/2012,10,184
03/14/2012,13,178
03/14/2012,16,168
03/14/2012,19,164
03/14/2012,22,170
03/15/2012,1,184
03/15/2012,4,192
03/15/2012,7,196
03/15/2012,10,188
03/15/2012,13,180
03/15/2012,16,168
03/15/2012,19,160
03/15/2012,22,166
03/16/2012,1,178
03/16/2012,4,190
03/16/2012,7,196
03/16/2012,10,190
03/16/2012,13,174
03/16/2012,16,158
03/16/2012,19,146
03/16/2012,22,148
03/17/2012,1,154
03/17/2012,4,160
03/17/2012,7,164
03/17/2012,10,154
03/17/2012,13,142
03/17/2012,16,122
03/17/2012,19,112
03/17/2012,22,94
03/18/2012,1,90
03/18/2012,4,108
03/18/2012,7,146
03/18/2012,10,146
03/18/2012,13,136
03/18/2012,16,122
03/18/2012,19,112
03/18/2012,22,100
03/19/2012,1,96
03/19/2012,4,114
03/19/2012,7,144
03/19/2012,10,154
03/19/2012,13,148
03/19/2012,16,142
03/19/2012,19,136
03/19/2012,22,128
03/20/2012,1,124
03/20/2012,4,130
03/20/2012,7,146
03/20/2012,10,152
03/20/2012,13,156
03/20/2012,16,146
03/20/2012,19,134
03/20/2012,22,116
03/21/2012,1,100
03/21/2012,4,105
03/21/2012,7,110
03/21/2012,10,121
03/21/2012,13,132
03/21/2012,16,124
03/21/2012,19,116
03/21/2012,22,125
03/22/2012,1,134
03/22/2012,4,116
03/22/2012,7,98
03/22/2012,10,107
03/22/2012,13,116
03/22/2012,16,110
03/22/2012,19,104
03/22/2012,22,113
03/23/2012,1,122
03/23/2012,4,100
03/23/2012,7,78
03/23/2012,10,81
03/23/2012,13,84
03/23/2012,16,92
03/23/2012,19,100
03/23/2012,22,90
03/24/2012,1,80
03/24/2012,4,72
03/24/2012,7,64
03/24/2012,10,61
03/24/2012,13,58
03/24/2012,16,67
03/24/2012,19,76
03/24/2012,22,91
03/25/2012,1,106
03/25/2012,4,96
03/25/2012,7,86
03/25/2012,10,83
03/25/2012,13,80
03/25/2012,16,80
03/25/2012,19,80
03/25/2012,22,99
03/26/2012,1,118
03/26/2012,4,101
03/26/2012,7,84
03/26/2012,10,75
03/26/2012,13,66
03/26/2012,16,76
03/26/2012,19,86
03/26/2012,22,108
03/27/2012,1,130
03/27/2012,4,123
03/27/2012,7,116
03/27/2012,10,107
03/27/2012,13,98
03/27/2012,16,109
03/27/2012,19,120
03/27/2012,22,129
03/28/2012,1,138
03/28/2012,4,149
03/28/2012,7,160
03/28/2012,10,149
03/28/2012,13,138
03/28/2012,16,137
03/28/2012,19,136
03/28/2012,22,147
03/29/2012,1,158
03/29/2012,4,171
03/29/2012,7,184
03/29/2012,10,176
03/29/2012,13,168
03/29/2012,16,161
03/29/2012,19,154
03/29/2012,22,157
03/30/2012,1,160
03/30/2012,4,170
03/30/2012,7,180
03/30/2012,10,171
03/30/2012,13,162
03/30/2012,16,153
03/30/2012,19,144
03/30/2012,22,147
03/31/2012,1,150
03/31/2012,4,162
03/31/2012,7,174
03/31/2012,10,166
03/31/2012,13,158
03/31/2012,16,149
03/31/2012,19,140
03/31/2012,22,132
04/01/2012,1,124
04/01/2012,4,134
04/01/2012,7,144
04/01/2012,10,132
04/01/2012,13,120
04/01/2012,16,105
04/01/2012,19,90
04/01/2012,22,92
04/02/2012,1,94
04/02/2012,4,113
04/02/2012,7,132
04/02/2012,10,118
04/02/2012,13,104
04/02/2012,16,90
04/02/2012,19,76
04/02/2012,22,89
04/03/2012,1,102
04/03/2012,4,118
04/03/2012,7,134
04/03/2012,10,129
04/03/2012,13,124
04/03/2012,16,114
04/03/2012,19,104
04/03/2012,22,106
04/04/2012,1,108
04/04/2012,4,119
04/04/2012,7,130
04/04/2012,10,136
04/04/2012,13,142
04/04/2012,16,135
04/04/2012,19,128
04/04/2012,22,121
04/05/2012,1,114
04/05/2012,4,127
04/05/2012,7,140
04/05/2012,10,146
04/05/2012,13,152
04/05/2012,16,148
04/05/2012,19,144
04/05/2012,22,136
04/06/2012,1,128
04/06/2012,4,130
04/06/2012,7,132
04/06/2012,10,138
04/06/2012,13,144
04/06/2012,16,134
04/06/2012,19,124
04/06/2012,22,120
04/07/2012,1,116
04/07/2012,4,128
04/07/2012,7,140
04/07/2012,10,140
04/07/2012,13,140
04/07/2012,16,143
04/07/2012,19,146
04/07/2012,22,153
04/08/2012,1,160
04/08/2012,4,155
04/08/2012,7,150
04/08/2012,10,144
04/08/2012,13,138
04/08/2012,16,141
04/08/2012,19,144
04/08/2012,22,166
04/09/2012,1,188
04/09/2012,4,184
04/09/2012,7,180
04/09/2012,10,170
04/09/2012,13,160
04/09/2012,16,166
04/09/2012,19,172
04/09/2012,22,181
04/10/2012,1,190
04/10/2012,4,184
04/10/2012,7,178
04/10/2012,10,167
04/10/2012,13,156
04/10/2012,16,150
04/10/2012,19,144
04/10/2012,22,162
04/11/2012,1,180
04/11/2012,4,187
04/11/2012,7,194
04/11/2012,10,186
04/11/2012,13,178
04/11/2012,16,171
04/11/2012,19,164
04/11/2012,22,176
04/12/2012,1,188
04/12/2012,4,199
04/12/2012,7,210
04/12/2012,10,202
04/12/2012,13,194
04/12/2012,16,184
04/12/2012,19,174
04/12/2012,22,183
04/13/2012,1,192
04/13/2012,4,205
04/13/2012,7,218
04/13/2012,10,212
04/13/2012,13,206
04/13/2012,16,198
04/13/2012,19,190
04/13/2012,22,193
04/14/2012,1,196
04/14/2012,4,208
04/14/2012,7,220
04/14/2012,10,216
04/14/2012,13,212
04/14/2012,16,207
04/14/2012,19,202
04/14/2012,22,210
04/15/2012,1,218
04/15/2012,4,222
04/15/2012,7,226
04/15/2012,10,214
04/15/2012,13,202
04/15/2012,16,198
04/15/2012,19,194
04/15/2012,22,200
04/16/2012,1,206
04/16/2012,4,215
04/16/2012,7,224
04/16/2012,10,208
04/16/2012,13,192
04/16/2012,16,186
04/16/2012,19,180
04/16/2012,22,180
04/17/2012,1,180
04/17/2012,4,183
04/17/2012,7,186
04/17/2012,10,190
04/17/2012,13,194
04/17/2012,16,191
04/17/2012,19,188
04/17/2012,22,185
04/18/2012,1,182
04/18/2012,4,191
04/18/2012,7,200
04/18/2012,10,203
04/18/2012,13,206
04/18/2012,16,206
04/18/2012,19,206
04/18/2012,22,203
04/19/2012,1,200
04/19/2012,4,202
04/19/2012,7,204
04/19/2012,10,205
04/19/2012,13,206
04/19/2012,16,205
04/19/2012,19,204
04/19/2012,22,200
04/20/2012,1,196
04/20/2012,4,196
04/20/2012,7,196
04/20/2012,10,194
04/20/2012,13,192
04/20/2012,16,191
04/20/2012,19,190
04/20/2012,22,192
04/21/2012,1,194
04/21/2012,4,196
04/21/2012,7,198
04/21/2012,10,195
04/21/2012,13,192
04/21/2012,16,190
04/21/2012,19,188
04/21/2012,22,191
04/22/2012,1,194
04/22/2012,4,198
04/22/2012,7,202
04/22/2012,10,193
04/22/2012,13,184
04/22/2012,16,186
04/22/2012,19,188
04/22/2012,22,199
04/23/2012,1,210
04/23/2012,4,204
04/23/2012,7,198
04/23/2012,10,189
04/23/2012,13,180
04/23/2012,16,174
04/23/2012,19,168
04/23/2012,22,175
04/24/2012,1,182
04/24/2012,4,193
04/24/2012,7,204
04/24/2012,10,198
04/24/2012,13,192
04/24/2012,16,188
04/24/2012,19,184
04/24/2012,22,198
04/25/2012,1,212
04/25/2012,4,217
04/25/2012,7,222
04/25/2012,10,219
04/25/2012,13,216
04/25/2012,16,207
04/25/2012,19,198
04/25/2012,22,207
04/26/2012,1,216
04/26/2012,4,218
04/26/2012,7,220
04/26/2012,10,211
04/26/2012,13,202
04/26/2012,16,199
04/26/2012,19,196
04/26/2012,22,204
04/27/2012,1,212
04/27/2012,4,214
04/27/2012,7,216
04/27/2012,10,198
04/27/2012,13,180
04/27/2012,16,176
04/27/2012,19,172
04/27/2012,22,180
04/28/2012,1,188
04/28/2012,4,197
04/28/2012,7,206
04/28/2012,10,192
04/28/2012,13,178
04/28/2012,16,172
04/28/2012,19,166
04/28/2012,22,176
04/29/2012,1,186
04/29/2012,4,198
04/29/2012,7,210
04/29/2012,10,204
04/29/2012,13,198
04/29/2012,16,192
04/29/2012,19,186
04/29/2012,22,192
04/30/2012,1,198
04/30/2012,4,207
04/30/2012,7,216
04/30/2012,10,208
04/30/2012,13,200
04/30/2012,16,195
04/30/2012,19,190
04/30/2012,22,193
05/01/2012,1,196
05/01/2012,4,201
05/01/2012,7,206
05/01/2012,10,199
05/01/2012,13,192
05/01/2012,16,187
05/01/2012,19,182
05/01/2012,22,182
05/02/2012,1,182
05/02/2012,4,188
05/02/2012,7,194
05/02/2012,10,191
05/02/2012,13,188
05/02/2012,16,180
05/02/2012,19,172
05/02/2012,22,174
05/03/2012,1,176
05/03/2012,4,182
05/03/2012,7,188
05/03/2012,10,179
05/03/2012,13,170
05/03/2012,16,169
05/03/2012,19,168
05/03/2012,22,171
05/04/2012,1,174
05/04/2012,4,179
05/04/2012,7,184
05/04/2012,10,188
05/04/2012,13,192
05/04/2012,16,194
05/04/2012,19,196
05/04/2012,22,198
05/05/2012,1,200
05/05/2012,4,197
05/05/2012,7,194
05/05/2012,10,194
05/05/2012,13,194
05/05/2012,16,204
05/05/2012,19,214
05/05/2012,22,221
05/06/2012,1,228
05/06/2012,4,231
05/06/2012,7,234
05/06/2012,10,235
05/06/2012,13,236
05/06/2012,16,241
05/06/2012,19,246
05/06/2012,22,248
05/07/2012,1,250
05/07/2012,4,252
05/07/2012,7,254
05/07/2012,10,248
05/07/2012,13,242
05/07/2012,16,240
05/07/2012,19,238
05/07/2012,22,246
05/08/2012,1,254
05/08/2012,4,249
05/08/2012,7,244
05/08/2012,10,241
05/08/2012,13,238
05/08/2012,16,234
05/08/2012,19,230
05/08/2012,22,237
05/09/2012,1,244
05/09/2012,4,242
05/09/2012,7,240
05/09/2012,10,255
05/09/2012,13,270
05/09/2012,16,265
05/09/2012,19,260
05/09/2012,22,267
05/10/2012,1,274
05/10/2012,4,281
05/10/2012,7,288
05/10/2012,10,285
05/10/2012,13,282
05/10/2012,16,276
05/10/2012,19,270
05/10/2012,22,276
05/11/2012,1,282
05/11/2012,4,290
05/11/2012,7,298
05/11/2012,10,295
05/11/2012,13,292
05/11/2012,16,286
05/11/2012,19,280
05/11/2012,22,283
05/12/2012,1,286
05/12/2012,4,293
05/12/2012,7,300
05/12/2012,10,298
05/12/2012,13,296
05/12/2012,16,291
05/12/2012,19,286
05/12/2012,22,288
05/13/2012,1,290
05/13/2012,4,296
05/13/2012,7,302
05/13/2012,10,297
05/13/2012,13,292
05/13/2012,16,286
05/13/2012,19,280
05/13/2012,22,274
05/14/2012,1,268
05/14/2012,4,274
05/14/2012,7,280
05/14/2012,10,278
05/14/2012,13,276
05/14/2012,16,270
05/14/2012,19,264
05/14/2012,22,266
05/15/2012,1,268
05/15/2012,4,271
05/15/2012,7,274
05/15/2012,10,275
05/15/2012,13,276
05/15/2012,16,276
05/15/2012,19,276
05/15/2012,22,278
05/16/2012,1,280
05/16/2012,4,283
05/16/2012,7,286
05/16/2012,10,279
05/16/2012,13,272
05/16/2012,16,272
05/16/2012,19,272
05/16/2012,22,272
05/17/2012,1,272
05/17/2012,4,272
05/17/2012,7,272
05/17/2012,10,270
05/17/2012,13,268
05/17/2012,16,265
05/17/2012,19,262
05/17/2012,22,262
05/18/2012,1,262
05/18/2012,4,262
05/18/2012,7,262
05/18/2012,10,264
05/18/2012,13,266
05/18/2012,16,268
05/18/2012,19,270
05/18/2012,22,272
05/19/2012,1,274
05/19/2012,4,276
05/19/2012,7,278
05/19/2012,10,275
05/19/2012,13,272
05/19/2012,16,271
05/19/2012,19,270
05/19/2012,22,274
05/20/2012,1,278
05/20/2012,4,276
05/20/2012,7,274
05/20/2012,10,272
05/20/2012,13,270
05/20/2012,16,267
05/20/2012,19,264
05/20/2012,22,267
05/21/2012,1,270
05/21/2012,4,275
05/21/2012,7,280
05/21/2012,10,281
05/21/2012,13,282
05/21/2012,16,280
05/21/2012,19,278
05/21/2012,22,282
05/22/2012,1,286
05/22/2012,4,293
05/22/2012,7,300
05/22/2012,10,304
05/22/2012,13,308
05/22/2012,16,310
05/22/2012,19,312
05/22/2012,22,320
05/23/2012,1,328
05/23/2012,4,338
05/23/2012,7,350
05/23/2012,10,344
05/23/2012,13,336
05/23/2012,16,334
05/23/2012,19,332
05/23/2012,22,342
05/24/2012,1,350
05/24/2012,4,348
05/24/2012,7,344
05/24/2012,10,336
05/24/2012,13,328
05/24/2012,16,320
05/24/2012,19,312
05/24/2012,22,320
05/25/2012,1,328
05/25/2012,4,336
05/25/2012,7,342
05/25/2012,10,342
05/25/2012,13,342
05/25/2012,16,340
05/25/2012,19,338
05/25/2012,22,344
05/26/2012,1,352
05/26/2012,4,362
05/26/2012,7,370
05/26/2012,10,378
05/26/2012,13,384
05/26/2012,16,396
05/26/2012,19,402
05/26/2012,22,412
05/27/2012,1,422
05/27/2012,4,440
05/27/2012,7,452
05/27/2012,10,454
05/27/2012,13,454
05/27/2012,16,450
05/27/2012,19,444
05/27/2012,22,438
05/28/2012,1,432
05/28/2012,4,428
05/28/2012,7,424
05/28/2012,10,422
05/28/2012,13,416
05/28/2012,16,406
05/28/2012,19,400
05/28/2012,22,402
05/29/2012,1,408
05/29/2012,4,404
05/29/2012,7,394
05/29/2012,10,392
05/29/2012,13,388
05/29/2012,16,384
05/29/2012,19,380
05/29/2012,22,372
05/30/2012,1,368
05/30/2012,4,370
05/30/2012,7,372
05/30/2012,10,366
05/30/2012,13,362
05/30/2012,16,362
05/30/2012,19,362
05/30/2012,22,358
05/31/2012,1,354
05/31/2012,4,356
05/31/2012,7,362
05/31/2012,10,368
05/31/2012,13,374
05/31/2012,16,380
05/31/2012,19,384
05/31/2012,22,386
06/01/2012,1,388
06/01/2012,4,388
06/01/2012,7,388
06/01/2012,10,388
06/01/2012,13,386
06/01/2012,16,384
06/01/2012,19,380
06/01/2012,22,374
06/02/2012,1,364
06/02/2012,4,356
06/02/2012,7,350
06/02/2012,10,340
06/02/2012,13,332
06/02/2012,16,328
06/02/2012,19,324
06/02/2012,22,320
06/03/2012,1,316
06/03/2012,4,312
06/03/2012,7,310
06/03/2012,10,306
06/03/2012,13,300
06/03/2012,16,304
06/03/2012,19,316
06/03/2012,22,324
06/04/2012,1,326
06/04/2012,4,322
06/04/2012,7,312
06/04/2012,10,304
06/04/2012,13,300
06/04/2012,16,296
06/04/2012,19,306
06/04/2012,22,326
06/05/2012,1,332
06/05/2012,4,330
06/05/2012,7,326
06/05/2012,10,322
06/05/2012,13,314
06/05/2012,16,312
06/05/2012,19,316
06/05/2012,22,332
06/06/2012,1,342
06/06/2012,4,346
06/06/2012,7,346
06/06/2012,10,348
06/06/2012,13,352
06/06/2012,16,358
06/06/2012,19,364
06/06/2012,22,370
06/07/2012,1,378
06/07/2012,4,386
06/07/2012,7,390
06/07/2012,10,384
06/07/2012,13,376
06/07/2012,16,358
06/07/2012,19,348
06/07/2012,22,350
06/08/2012,1,354
06/08/2012,4,356
06/08/2012,7,356
06/08/2012,10,350
06/08/2012,13,346
06/08/2012,16,342
06/08/2012,19,336
06/08/2012,22,336
06/09/2012,1,344
06/09/2012,4,346
06/09/2012,7,340
06/09/2012,10,340
06/09/2012,13,332
06/09/2012,16,326
06/09/2012,19,320
06/09/2012,22,320
06/10/2012,1,328
06/10/2012,4,334
06/10/2012,7,338
06/10/2012,10,340
06/10/2012,13,338
06/10/2012,16,336
06/10/2012,19,334
06/10/2012,22,334
06/11/2012,1,334
06/11/2012,4,334
06/11/2012,7,334
06/11/2012,10,334
06/11/2012,13,328
06/11/2012,16,316
06/11/2012,19,308
06/11/2012,22,304
06/12/2012,1,302
06/12/2012,4,300
06/12/2012,7,300
06/12/2012,10,298
06/12/2012,13,294
06/12/2012,16,294
06/12/2012,19,294
06/12/2012,22,292
06/13/2012,1,292
06/13/2012,4,292
06/13/2012,7,290
06/13/2012,10,290
06/13/2012,13,290
06/13/2012,16,288
06/13/2012,19,288
06/13/2012,22,286
06/14/2012,1,284
06/14/2012,4,283
06/14/2012,7,282
06/14/2012,10,282
06/14/2012,13,282
06/14/2012,16,281
06/14/2012,19,280
06/14/2012,22,284
06/15/2012,1,288
06/15/2012,4,292
06/15/2012,7,296
06/15/2012,10,296
06/15/2012,13,296
06/15/2012,16,299
06/15/2012,19,302
06/15/2012,22,304
06/16/2012,1,306
06/16/2012,4,307
06/16/2012,7,308
06/16/2012,10,310
06/16/2012,13,312
06/16/2012,16,314
06/16/2012,19,316
06/16/2012,22,318
06/17/2012,1,320
06/17/2012,4,321
06/17/2012,7,322
06/17/2012,10,320
06/17/2012,13,318
06/17/2012,16,316
06/17/2012,19,314
06/17/2012,22,312
06/18/2012,1,310
06/18/2012,4,308
06/18/2012,7,306
06/18/2012,10,302
06/18/2012,13,298
06/18/2012,16,291
06/18/2012,19,284
06/18/2012,22,282
06/19/2012,1,280
06/19/2012,4,283
06/19/2012,7,286
06/19/2012,10,281
06/19/2012,13,276
06/19/2012,16,274
06/19/2012,19,272
06/19/2012,22,274
06/20/2012,1,276
06/20/2012,4,273
06/20/2012,7,270
06/20/2012,10,269
06/20/2012,13,268
06/20/2012,16,265
06/20/2012,19,262
06/20/2012,22,266
06/21/2012,1,270
06/21/2012,4,268
06/21/2012,7,266
06/21/2012,10,260
06/21/2012,13,254
06/21/2012,16,251
06/21/2012,19,248
06/21/2012,22,256
06/22/2012,1,264
06/22/2012,4,262
06/22/2012,7,260
06/22/2012,10,253
06/22/2012,13,246
06/22/2012,16,244
06/22/2012,19,242
06/22/2012,22,250
06/23/2012,1,258
06/23/2012,4,263
06/23/2012,7,268
06/23/2012,10,265
06/23/2012,13,262
06/23/2012,16,259
06/23/2012,19,256
06/23/2012,22,262
06/24/2012,1,268
06/24/2012,4,274
06/24/2012,7,280
06/24/2012,10,278
06/24/2012,13,276
06/24/2012,16,273
06/24/2012,19,270
06/24/2012,22,267
06/25/2012,1,264
06/25/2012,4,266
06/25/2012,7,268
06/25/2012,10,265
06/25/2012,13,262
06/25/2012,16,260
06/25/2012,19,258
06/25/2012,22,261
06/26/2012,1,264
06/26/2012,4,267
06/26/2012,7,270
06/26/2012,10,263
06/26/2012,13,256
06/26/2012,16,256
06/26/2012,19,256
06/26/2012,22,258
06/27/2012,1,260
06/27/2012,4,264
06/27/2012,7,268
06/27/2012,10,271
06/27/2012,13,274
06/27/2012,16,275
06/27/2012,19,276
06/27/2012,22,279
06/28/2012,1,282
06/28/2012,4,288
06/28/2012,7,294
06/28/2012,10,297
06/28/2012,13,300
06/28/2012,16,302
06/28/2012,19,304
06/28/2012,22,305
06/29/2012,1,306
06/29/2012,4,306
06/29/2012,7,306
06/29/2012,10,304
06/29/2012,13,302
06/29/2012,16,299
06/29/2012,19,296
06/29/2012,22,292
06/30/2012,1,288
06/30/2012,4,285
06/30/2012,7,282
06/30/2012,10,279
06/30/2012,13,276
06/30/2012,16,273
06/30/2012,19,270
06/30/2012,22,274
07/01/2012,1,278
07/01/2012,4,290
07/01/2012,7,302
07/01/2012,10,309
07/01/2012,13,316
07/01/2012,16,322
07/01/2012,19,328
07/01/2012,22,330
07/02/2012,1,332
07/02/2012,4,326
07/02/2012,7,320
07/02/2012,10,315
07/02/2012,13,310
07/02/2012,16,306
07/02/2012,19,302
07/02/2012,22,307
07/03/2012,1,312
07/03/2012,4,320
07/03/2012,7,328
07/03/2012,10,334
07/03/2012,13,340
07/03/2012,16,343
07/03/2012,19,346
07/03/2012,22,347
07/04/2012,1,348
07/04/2012,4,347
07/04/2012,7,346
07/04/2012,10,346
07/04/2012,13,346
07/04/2012,16,346
07/04/2012,19,346
07/04/2012,22,356
07/05/2012,1,366
07/05/2012,4,364
07/05/2012,7,362
07/05/2012,10,352
07/05/2012,13,342
07/05/2012,16,338
07/05/2012,19,334
07/05/2012,22,337
07/06/2012,1,340
07/06/2012,4,342
07/06/2012,7,344
07/06/2012,10,335
07/06/2012,13,326
07/06/2012,16,323
07/06/2012,19,320
07/06/2012,22,326
07/07/2012,1,332
07/07/2012,4,330
07/07/2012,7,328
07/07/2012,10,325
07/07/2012,13,322
07/07/2012,16,320
07/07/2012,19,318
07/07/2012,22,322
07/08/2012,1,326
07/08/2012,4,328
07/08/2012,7,330
07/08/2012,10,331
07/08/2012,13,332
07/08/2012,16,330
07/08/2012,19,328
07/08/2012,22,331
07/09/2012,1,334
07/09/2012,4,340
07/09/2012,7,346
07/09/2012,10,349
07/09/2012,13,352
07/09/2012,16,355
07/09/2012,19,358
07/09/2012,22,365
07/10/2012,1,372
07/10/2012,4,384
07/10/2012,7,392
07/10/2012,10,394
07/10/2012,13,398
07/10/2012,16,404
07/10/2012,19,410
07/10/2012,22,416
07/11/2012,1,420
07/11/2012,4,424
07/11/2012,7,428
07/11/2012,10,432
07/11/2012,13,436
07/11/2012,16,440
07/11/2012,19,444
07/11/2012,22,442
07/12/2012,1,442
07/12/2012,4,438
07/12/2012,7,434
07/12/2012,10,432
07/12/2012,13,432
07/12/2012,16,430
07/12/2012,19,426
07/12/2012,22,422
07/13/2012,1,422
07/13/2012,4,420
07/13/2012,7,418
07/13/2012,10,416
07/13/2012,13,414
07/13/2012,16,414
07/13/2012,19,414
07/13/2012,22,416
07/14/2012,1,418
07/14/2012,4,419
07/14/2012,7,420
07/14/2012,10,422
07/14/2012,13,424
07/14/2012,16,425
07/14/2012,19,426
07/14/2012,22,427
07/15/2012,1,428
07/15/2012,4,427
07/15/2012,7,426
07/15/2012,10,428
07/15/2012,13,430
07/15/2012,16,421
07/15/2012,19,412
07/15/2012,22,407
07/16/2012,1,402
07/16/2012,4,396
07/16/2012,7,390
07/16/2012,10,383
07/16/2012,13,376
07/16/2012,16,369
07/16/2012,19,362
07/16/2012,22,361
07/17/2012,1,360
07/17/2012,4,358
07/17/2012,7,356
07/17/2012,10,351
07/17/2012,13,346
07/17/2012,16,346
07/17/2012,19,346
07/17/2012,22,346
07/18/2012,1,346
07/18/2012,4,349
07/18/2012,7,352
07/18/2012,10,348
07/18/2012,13,344
07/18/2012,16,340
07/18/2012,19,336
07/18/2012,22,338
07/19/2012,1,340
07/19/2012,4,343
07/19/2012,7,346
07/19/2012,10,339
07/19/2012,13,332
07/19/2012,16,326
07/19/2012,19,320
07/19/2012,22,324
07/20/2012,1,328
07/20/2012,4,330
07/20/2012,7,332
07/20/2012,10,332
07/20/2012,13,332
07/20/2012,16,329
07/20/2012,19,326
07/20/2012,22,329
07/21/2012,1,332
07/21/2012,4,333
07/21/2012,7,334
07/21/2012,10,360
07/21/2012,13,382
07/21/2012,16,390
07/21/2012,19,400
07/21/2012,22,410
07/22/2012,1,418
07/22/2012,4,422
07/22/2012,7,428
07/22/2012,10,426
07/22/2012,13,424
07/22/2012,16,422
07/22/2012,19,420
07/22/2012,22,416
07/23/2012,1,418
07/23/2012,4,420
07/23/2012,7,424
07/23/2012,10,424
07/23/2012,13,420
07/23/2012,16,416
07/23/2012,19,414
07/23/2012,22,412
07/24/2012,1,414
07/24/2012,4,416
07/24/2012,7,420
07/24/2012,10,420
07/24/2012,13,420
07/24/2012,16,420
07/24/2012,19,420
07/24/2012,22,422
07/25/2012,1,422
07/25/2012,4,424
07/25/2012,7,428
07/25/2012,10,428
07/25/2012,13,426
07/25/2012,16,426
07/25/2012,19,426
07/25/2012,22,426
07/26/2012,1,428
07/26/2012,4,430
07/26/2012,7,432
07/26/2012,10,436
07/26/2012,13,440
07/26/2012,16,442
07/26/2012,19,444
07/26/2012,22,462
07/27/2012,1,496
07/27/2012,4,520
07/27/2012,7,550
07/27/2012,10,568
07/27/2012,13,594
07/27/2012,16,614
07/27/2012,19,634
07/27/2012,22,640
07/28/2012,1,646
07/28/2012,4,654
07/28/2012,7,662
07/28/2012,10,664
07/28/2012,13,662
07/28/2012,16,662
07/28/2012,19,666
07/28/2012,22,664
07/29/2012,1,664
07/29/2012,4,662
07/29/2012,7,660
07/29/2012,10,656
07/29/2012,13,656
07/29/2012,16,656
07/29/2012,19,658
07/29/2012,22,666
07/30/2012,1,672
07/30/2012,4,678
07/30/2012,7,682
07/30/2012,10,689
07/30/2012,13,696
07/30/2012,16,704
07/30/2012,19,712
07/30/2012,22,728
07/31/2012,1,740
07/31/2012,4,752
07/31/2012,7,762
07/31/2012,10,774
07/31/2012,13,782
07/31/2012,16,791
07/31/2012,19,802
07/31/2012,22,809
08/01/2012,1,816
08/01/2012,4,822
08/01/2012,7,826
08/01/2012,10,833
08/01/2012,13,836
08/01/2012,16,837
08/01/2012,19,840
08/01/2012,22,843
08/02/2012,1,846
08/02/2012,4,847
08/02/2012,7,840
08/02/2012,10,835
08/02/2012,13,826
08/02/2012,16,817
08/02/2012,19,810
08/02/2012,22,804
08/03/2012,1,798
08/03/2012,4,790
08/03/2012,7,784
08/03/2012,10,769
08/03/2012,13,754
08/03/2012,16,741
08/03/2012,19,728
08/03/2012,22,719
08/04/2012,1,710
08/04/2012,4,702
08/04/2012,7,696
08/04/2012,10,690
08/04/2012,13,678
08/04/2012,16,666
08/04/2012,19,656
08/04/2012,22,646
08/05/2012,1,636
08/05/2012,4,630
08/05/2012,7,626
08/05/2012,10,618
08/05/2012,13,612
08/05/2012,16,606
08/05/2012,19,598
08/05/2012,22,590
08/06/2012,1,584
08/06/2012,4,586
08/06/2012,7,582
08/06/2012,10,582
08/06/2012,13,580
08/06/2012,16,576
08/06/2012,19,572
08/06/2012,22,568
08/07/2012,1,566
08/07/2012,4,566
08/07/2012,7,570
08/07/2012,10,572
08/07/2012,13,572
08/07/2012,16,576
08/07/2012,19,578
08/07/2012,22,580
08/08/2012,1,582
08/08/2012,4,588
08/08/2012,7,598
08/08/2012,10,604
08/08/2012,13,606
08/08/2012,16,608
08/08/2012,19,612
08/08/2012,22,614
08/09/2012,1,616
08/09/2012,4,618
08/09/2012,7,618
08/09/2012,10,618
08/09/2012,13,618
08/09/2012,16,622
08/09/2012,19,628
08/09/2012,22,634
08/10/2012,1,640
08/10/2012,4,654
08/10/2012,7,666
08/10/2012,10,674
08/10/2012,13,682
08/10/2012,16,688
08/10/2012,19,694
08/10/2012,22,702
08/11/2012,1,710
08/11/2012,4,710
08/11/2012,7,710
08/11/2012,10,710
08/11/2012,13,712
08/11/2012,16,708
08/11/2012,19,706
08/11/2012,22,704
08/12/2012,1,700
08/12/2012,4,698
08/12/2012,7,694
08/12/2012,10,690
08/12/2012,13,686
08/12/2012,16,684
08/12/2012,19,680
08/12/2012,22,678
08/13/2012,1,676
08/13/2012,4,670
08/13/2012,7,660
08/13/2012,10,660
08/13/2012,13,658
08/13/2012,16,656
08/13/2012,19,654
08/13/2012,22,652
08/14/2012,1,648
08/14/2012,4,644
08/14/2012,7,640
08/14/2012,10,634
08/14/2012,13,626
08/14/2012,16,614
08/14/2012,19,608
08/14/2012,22,608
08/15/2012,1,608
08/15/2012,4,602
08/15/2012,7,594
08/15/2012,10,588
08/15/2012,13,584
08/15/2012,16,580
08/15/2012,19,576
08/15/2012,22,576
08/16/2012,1,576
08/16/2012,4,576
08/16/2012,7,576
08/16/2012,10,576
08/16/2012,13,576
08/16/2012,16,572
08/16/2012,19,568
08/16/2012,22,568
08/17/2012,1,568
08/17/2012,4,570
08/17/2012,7,576
08/17/2012,10,582
08/17/2012,13,582
08/17/2012,16,582
08/17/2012,19,582
08/17/2012,22,586
08/18/2012,1,596
08/18/2012,4,600
08/18/2012,7,604
08/18/2012,10,604
08/18/2012,13,608
08/18/2012,16,612
08/18/2012,19,616
08/18/2012,22,628
08/19/2012,1,644
08/19/2012,4,668
08/19/2012,7,700
08/19/2012,10,714
08/19/2012,13,740
08/19/2012,16,758
08/19/2012,19,770
08/19/2012,22,782
08/20/2012,1,792
08/20/2012,4,792
08/20/2012,7,790
08/20/2012,10,782
08/20/2012,13,774
08/20/2012,16,764
08/20/2012,19,754
08/20/2012,22,744
08/21/2012,1,734
08/21/2012,4,722
08/21/2012,7,710
08/21/2012,10,698
08/21/2012,13,686
08/21/2012,16,672
08/21/2012,19,662
08/21/2012,22,652
08/22/2012,1,644
08/22/2012,4,636
08/22/2012,7,628
08/22/2012,10,622
08/22/2012,13,614
08/22/2012,16,606
08/22/2012,19,600
08/22/2012,22,600
08/23/2012,1,600
08/23/2012,4,602
08/23/2012,7,606
08/23/2012,10,608
08/23/2012,13,608
08/23/2012,16,608
08/23/2012,19,606
08/23/2012,22,606
08/24/2012,1,604
08/24/2012,4,600
08/24/2012,7,594
08/24/2012,10,590
08/24/2012,13,588
08/24/2012,16,584
08/24/2012,19,580
08/24/2012,22,576
08/25/2012,1,572
08/25/2012,4,568
08/25/2012,7,564
08/25/2012,10,560
08/25/2012,13,556
08/25/2012,16,552
08/25/2012,19,550
08/25/2012,22,548
08/26/2012,1,546
08/26/2012,4,536
08/26/2012,7,524
08/26/2012,10,510
08/26/2012,13,502
08/26/2012,16,494
08/26/2012,19,488
08/26/2012,22,482
08/27/2012,1,476
08/27/2012,4,468
08/27/2012,7,458
08/27/2012,10,452
08/27/2012,13,446
08/27/2012,16,444
08/27/2012,19,444
08/27/2012,22,444
08/28/2012,1,444
08/28/2012,4,442
08/28/2012,7,438
08/28/2012,10,434
08/28/2012,13,434
08/28/2012,16,430
08/28/2012,19,428
08/28/2012,22,428
08/29/2012,1,428
08/29/2012,4,420
08/29/2012,7,414
08/29/2012,10,406
08/29/2012,13,394
08/29/2012,16,390
08/29/2012,19,384
08/29/2012,22,380
08/30/2012,1,376
08/30/2012,4,376
08/30/2012,7,376
08/30/2012,10,368
08/30/2012,13,362
08/30/2012,16,358
08/30/2012,19,354
08/30/2012,22,350
08/31/2012,1,346
08/31/2012,4,342
08/31/2012,7,340
08/31/2012,10,332
08/31/2012,13,326
08/31/2012,16,316
08/31/2012,19,312
08/31/2012,22,308
09/01/2012,1,302
09/01/2012,4,300
09/01/2012,7,300
09/01/2012,10,300
09/01/2012,13,300
09/01/2012,16,298
09/01/2012,19,296
09/01/2012,22,298
09/02/2012,1,302
09/02/2012,4,306
09/02/2012,7,310
09/02/2012,10,310
09/02/2012,13,306
09/02/2012,16,304
09/02/2012,19,302
09/02/2012,22,300
09/03/2012,1,298
09/03/2012,4,294
09/03/2012,7,292
09/03/2012,10,286
09/03/2012,13,280
09/03/2012,16,276
09/03/2012,19,272
09/03/2012,22,274
09/04/2012,1,274
09/04/2012,4,280
09/04/2012,7,288
09/04/2012,10,296
09/04/2012,13,300
09/04/2012,16,300
09/04/2012,19,302
09/04/2012,22,302
09/05/2012,1,300
09/05/2012,4,300
09/05/2012,7,300
09/05/2012,10,304
09/05/2012,13,302
09/05/2012,16,300
09/05/2012,19,298
09/05/2012,22,296
09/06/2012,1,296
09/06/2012,4,284
09/06/2012,7,276
09/06/2012,10,270
09/06/2012,13,264
09/06/2012,16,262
09/06/2012,19,260
09/06/2012,22,254
09/07/2012,1,248
09/07/2012,4,239
09/07/2012,7,230
09/07/2012,10,235
09/07/2012,13,240
09/07/2012,16,247
09/07/2012,19,254
09/07/2012,22,257
09/08/2012,1,260
09/08/2012,4,268
09/08/2012,7,276
09/08/2012,10,287
09/08/2012,13,298
09/08/2012,16,311
09/08/2012,19,324
09/08/2012,22,332
09/09/2012,1,340
09/09/2012,4,335
09/09/2012,7,330
09/09/2012,10,326
09/09/2012,13,322
09/09/2012,16,322
09/09/2012,19,322
09/09/2012,22,320
09/10/2012,1,318
09/10/2012,4,310
09/10/2012,7,302
09/10/2012,10,294
09/10/2012,13,286
09/10/2012,16,293
09/10/2012,19,300
09/10/2012,22,298
09/11/2012,1,296
09/11/2012,4,284
09/11/2012,7,272
09/11/2012,10,267
09/11/2012,13,262
09/11/2012,16,265
09/11/2012,19,268
09/11/2012,22,271
09/12/2012,1,274
09/12/2012,4,265
09/12/2012,7,256
09/12/2012,10,252
09/12/2012,13,248
09/12/2012,16,251
09/12/2012,19,254
09/12/2012,22,261
09/13/2012,1,268
09/13/2012,4,259
09/13/2012,7,250
09/13/2012,10,244
09/13/2012,13,238
09/13/2012,16,238
09/13/2012,19,238
09/13/2012,22,244
09/14/2012,1,250
09/14/2012,4,242
09/14/2012,7,234
09/14/2012,10,229
09/14/2012,13,224
09/14/2012,16,224
09/14/2012,19,224
09/14/2012,22,233
09/15/2012,1,242
09/15/2012,4,244
09/15/2012,7,246
09/15/2012,10,245
09/15/2012,13,244
09/15/2012,16,244
09/15/2012,19,244
09/15/2012,22,252
09/16/2012,1,260
09/16/2012,4,258
09/16/2012,7,256
09/16/2012,10,251
09/16/2012,13,246
09/16/2012,16,241
09/16/2012,19,236
09/16/2012,22,245
09/17/2012,1,254
09/17/2012,4,245
09/17/2012,7,236
09/17/2012,10,232
09/17/2012,13,228
09/17/2012,16,226
09/17/2012,19,224
09/17/2012,22,232
09/18/2012,1,240
09/18/2012,4,233
09/18/2012,7,226
09/18/2012,10,230
09/18/2012,13,234
09/18/2012,16,232
09/18/2012,19,230
09/18/2012,22,236
09/19/2012,1,242
09/19/2012,4,244
09/19/2012,7,246
09/19/2012,10,246
09/19/2012,13,246
09/19/2012,16,243
09/19/2012,19,240
09/19/2012,22,238
09/20/2012,1,236
09/20/2012,4,233
09/20/2012,7,230
09/20/2012,10,244
09/20/2012,13,258
09/20/2012,16,258
09/20/2012,19,258
09/20/2012,22,257
09/21/2012,1,256
09/21/2012,4,253
09/21/2012,7,250
09/21/2012,10,266
09/21/2012,13,282
09/21/2012,16,286
09/21/2012,19,290
09/21/2012,22,281
09/22/2012,1,272
09/22/2012,4,264
09/22/2012,7,256
09/22/2012,10,264
09/22/2012,13,272
09/22/2012,16,279
09/22/2012,19,286
09/22/2012,22,277
09/23/2012,1,268
09/23/2012,4,265
09/23/2012,7,262
09/23/2012,10,266
09/23/2012,13,270
09/23/2012,16,280
09/23/2012,19,290
09/23/2012,22,285
09/24/2012,1,280
09/24/2012,4,268
09/24/2012,7,256
09/24/2012,10,252
09/24/2012,13,248
09/24/2012,16,258
09/24/2012,19,268
09/24/2012,22,275
09/25/2012,1,282
09/25/2012,4,274
09/25/2012,7,266
09/25/2012,10,269
09/25/2012,13,272
09/25/2012,16,290
09/25/2012,19,308
09/25/2012,22,322
09/26/2012,1,336
09/26/2012,4,339
09/26/2012,7,342
09/26/2012,10,353
09/26/2012,13,364
09/26/2012,16,379
09/26/2012,19,394
09/26/2012,22,405
09/27/2012,1,416
09/27/2012,4,416
09/27/2012,7,416
09/27/2012,10,414
09/27/2012,13,412
09/27/2012,16,417
09/27/2012,19,422
09/27/2012,22,428
09/28/2012,1,434
09/28/2012,4,436
09/28/2012,7,438
09/28/2012,10,439
09/28/2012,13,440
09/28/2012,16,440
09/28/2012,19,440
09/28/2012,22,440
09/29/2012,1,440
09/29/2012,4,440
09/29/2012,7,440
09/29/2012,10,434
09/29/2012,13,428
09/29/2012,16,421
09/29/2012,19,414
09/29/2012,22,408
09/30/2012,1,402
09/30/2012,4,399
09/30/2012,7,396
09/30/2012,10,395
09/30/2012,13,394
09/30/2012,16,393
09/30/2012,19,392
09/30/2012,22,390
10/01/2012,1,388
10/01/2012,4,387
10/01/2012,7,386
10/01/2012,10,378
10/01/2012,13,370
10/01/2012,16,360
10/01/2012,19,350
10/01/2012,22,350
10/02/2012,1,350
10/02/2012,4,349
10/02/2012,7,348
10/02/2012,10,352
10/02/2012,13,356
10/02/2012,16,355
10/02/2012,19,354
10/02/2012,22,347
10/03/2012,1,340
10/03/2012,4,340
10/03/2012,7,340
10/03/2012,10,343
10/03/2012,13,346
10/03/2012,16,345
10/03/2012,19,344
10/03/2012,22,341
10/04/2012,1,338
10/04/2012,4,333
10/04/2012,7,328
10/04/2012,10,333
10/04/2012,13,338
10/04/2012,16,339
10/04/2012,19,340
10/04/2012,22,338
10/05/2012,1,336
10/05/2012,4,329
10/05/2012,7,322
10/05/2012,10,326
10/05/2012,13,330
10/05/2012,16,327
10/05/2012,19,324
10/05/2012,22,322
10/06/2012,1,320
10/06/2012,4,317
10/06/2012,7,314
10/06/2012,10,324
10/06/2012,13,334
10/06/2012,16,330
10/06/2012,19,326
10/06/2012,22,323
10/07/2012,1,320
10/07/2012,4,326
10/07/2012,7,332
10/07/2012,10,336
10/07/2012,13,340
10/07/2012,16,338
10/07/2012,19,336
10/07/2012,22,328
10/08/2012,1,320
10/08/2012,4,312
10/08/2012,7,304
10/08/2012,10,301
10/08/2012,13,298
10/08/2012,16,301
10/08/2012,19,304
10/08/2012,22,305
10/09/2012,1,306
10/09/2012,4,289
10/09/2012,7,272
10/09/2012,10,270
10/09/2012,13,268
10/09/2012,16,276
10/09/2012,19,284
10/09/2012,22,279
10/10/2012,1,274
10/10/2012,4,266
10/10/2012,7,258
10/10/2012,10,254
10/10/2012,13,250
10/10/2012,16,259
10/10/2012,19,268
10/10/2012,22,264
10/11/2012,1,260
10/11/2012,4,258
10/11/2012,7,256
10/11/2012,10,255
10/11/2012,13,254
10/11/2012,16,257
10/11/2012,19,260
10/11/2012,22,258
10/12/2012,1,256
10/12/2012,4,252
10/12/2012,7,248
10/12/2012,10,246
10/12/2012,13,244
10/12/2012,16,249
10/12/2012,19,254
10/12/2012,22,252
10/13/2012,1,250
10/13/2012,4,248
10/13/2012,7,246
10/13/2012,10,250
10/13/2012,13,254
10/13/2012,16,260
10/13/2012,19,266
10/13/2012,22,271
10/14/2012,1,276
10/14/2012,4,272
10/14/2012,7,268
10/14/2012,10,263
10/14/2012,13,258
10/14/2012,16,258
10/14/2012,19,258
10/14/2012,22,263
10/15/2012,1,268
10/15/2012,4,265
10/15/2012,7,262
10/15/2012,10,261
10/15/2012,13,260
10/15/2012,16,258
10/15/2012,19,256
10/15/2012,22,258
10/16/2012,1,260
10/16/2012,4,263
10/16/2012,7,266
10/16/2012,10,270
10/16/2012,13,274
10/16/2012,16,271
10/16/2012,19,268
10/16/2012,22,267
10/17/2012,1,266
10/17/2012,4,268
10/17/2012,7,270
10/17/2012,10,269
10/17/2012,13,268
10/17/2012,16,266
10/17/2012,19,264
10/17/2012,22,263
10/18/2012,1,262
10/18/2012,4,264
10/18/2012,7,266
10/18/2012,10,274
10/18/2012,13,282
10/18/2012,16,276
10/18/2012,19,270
10/18/2012,22,268
10/19/2012,1,266
10/19/2012,4,269
10/19/2012,7,272
10/19/2012,10,288
10/19/2012,13,304
10/19/2012,16,310
10/19/2012,19,316
10/19/2012,22,308
10/20/2012,1,300
10/20/2012,4,296
10/20/2012,7,292
10/20/2012,10,303
10/20/2012,13,314
10/20/2012,16,314
10/20/2012,19,314
10/20/2012,22,305
10/21/2012,1,296
10/21/2012,4,277
10/21/2012,7,258
10/21/2012,10,267
10/21/2012,13,276
10/21/2012,16,283
10/21/2012,19,290
10/21/2012,22,278
10/22/2012,1,266
10/22/2012,4,252
10/22/2012,7,238
10/22/2012,10,244
10/22/2012,13,250
10/22/2012,16,261
10/22/2012,19,272
10/22/2012,22,264
10/23/2012,1,256
10/23/2012,4,246
10/23/2012,7,236
10/23/2012,10,241
10/23/2012,13,246
10/23/2012,16,255
10/23/2012,19,264
10/23/2012,22,258
10/24/2012,1,252
10/24/2012,4,246
10/24/2012,7,240
10/24/2012,10,227
10/24/2012,13,214
10/24/2012,16,220
10/24/2012,19,226
10/24/2012,22,222
10/25/2012,1,218
10/25/2012,4,207
10/25/2012,7,196
10/25/2012,10,185
10/25/2012,13,174
10/25/2012,16,185
10/25/2012,19,196
10/25/2012,22,199
10/26/2012,1,202
10/26/2012,4,185
10/26/2012,7,168
10/26/2012,10,157
10/26/2012,13,146
10/26/2012,16,156
10/26/2012,19,166
10/26/2012,22,162
10/27/2012,1,158
10/27/2012,4,150
10/27/2012,7,142
10/27/2012,10,132
10/27/2012,13,122
10/27/2012,16,128
10/27/2012,19,134
10/27/2012,22,132
10/28/2012,1,130
10/28/2012,4,137
10/28/2012,7,144
10/28/2012,10,142
10/28/2012,13,140
10/28/2012,16,143
10/28/2012,19,146
10/28/2012,22,147
10/29/2012,1,148
10/29/2012,4,170
10/29/2012,7,192
10/29/2012,10,196
10/29/2012,13,200
10/29/2012,16,202
10/29/2012,19,204
10/29/2012,22,205
10/30/2012,1,206
10/30/2012,4,204
10/30/2012,7,202
10/30/2012,10,200
10/30/2012,13,198
10/30/2012,16,193
10/30/2012,19,188
10/30/2012,22,177
10/31/2012,1,166
10/31/2012,4,167
10/31/2012,7,168
10/31/2012,10,174
10/31/2012,13,180
10/31/2012,16,173
10/31/2012,19,166
10/31/2012,22,160
11/01/2012,1,154
11/01/2012,4,150
11/01/2012,7,146
11/01/2012,10,171
11/01/2012,13,196
11/01/2012,16,187
11/01/2012,19,178
11/01/2012,22,166
11/02/2012,1,154
11/02/2012,4,147
11/02/2012,7,140
11/02/2012,10,165
11/02/2012,13,190
11/02/2012,16,182
11/02/2012,19,174
11/02/2012,22,161
11/03/2012,1,148
11/03/2012,4,139
11/03/2012,7,130
11/03/2012,10,163
11/03/2012,13,196
11/03/2012,16,188
11/03/2012,19,180
11/03/2012,22,166
11/04/2012,1,152
11/04/2012,4,136
11/04/2012,7,120
11/04/2012,10,144
11/04/2012,13,168
11/04/2012,16,159
11/04/2012,19,150
11/04/2012,22,144
11/05/2012,1,138
11/05/2012,4,128
11/05/2012,7,118
11/05/2012,10,142
11/05/2012,13,166
11/05/2012,16,154
11/05/2012,19,142
11/05/2012,22,132
11/06/2012,1,122
11/06/2012,4,129
11/06/2012,7,136
11/06/2012,10,153
11/06/2012,13,170
11/06/2012,16,178
11/06/2012,19,186
11/06/2012,22,178
11/07/2012,1,170
11/07/2012,4,155
11/07/2012,7,140
11/07/2012,10,161
11/07/2012,13,182
11/07/2012,16,194
11/07/2012,19,206
11/07/2012,22,196
11/08/2012,1,186
11/08/2012,4,171
11/08/2012,7,156
11/08/2012,10,173
11/08/2012,13,190
11/08/2012,16,197
11/08/2012,19,204
11/08/2012,22,198
11/09/2012,1,192
11/09/2012,4,176
11/09/2012,7,160
11/09/2012,10,164
11/09/2012,13,168
11/09/2012,16,183
11/09/2012,19,198
11/09/2012,22,191
11/10/2012,1,184
11/10/2012,4,168
11/10/2012,7,152
11/10/2012,10,156
11/10/2012,13,160
11/10/2012,16,171
11/10/2012,19,182
11/10/2012,22,178
11/11/2012,1,174
11/11/2012,4,161
11/11/2012,7,148
11/11/2012,10,153
11/11/2012,13,158
11/11/2012,16,166
11/11/2012,19,174
11/11/2012,22,170
11/12/2012,1,166
11/12/2012,4,154
11/12/2012,7,142
11/12/2012,10,128
11/12/2012,13,114
11/12/2012,16,114
11/12/2012,19,114
11/12/2012,22,109
11/13/2012,1,104
11/13/2012,4,127
11/13/2012,7,150
11/13/2012,10,146
11/13/2012,13,142
11/13/2012,16,136
11/13/2012,19,130
11/13/2012,22,123
11/14/2012,1,116
11/14/2012,4,134
11/14/2012,7,152
11/14/2012,10,156
11/14/2012,13,160
11/14/2012,16,149
11/14/2012,19,138
11/14/2012,22,128
11/15/2012,1,118
11/15/2012,4,135
11/15/2012,7,152
11/15/2012,10,170
11/15/2012,13,188
11/15/2012,16,174
11/15/2012,19,160
11/15/2012,22,141
11/16/2012,1,122
11/16/2012,4,129
11/16/2012,7,136
11/16/2012,10,147
11/16/2012,13,158
11/16/2012,16,150
11/16/2012,19,142
11/16/2012,22,129
11/17/2012,1,116
11/17/2012,4,122
11/17/2012,7,128
11/17/2012,10,148
11/17/2012,13,168
11/17/2012,16,164
11/17/2012,19,160
11/17/2012,22,151
11/18/2012,1,142
11/18/2012,4,123
11/18/2012,7,104
11/18/2012,10,150
11/18/2012,13,196
11/18/2012,16,192
11/18/2012,19,188
11/18/2012,22,173
11/19/2012,1,158
11/19/2012,4,136
11/19/2012,7,114
11/19/2012,10,155
11/19/2012,13,196
11/19/2012,16,200
11/19/2012,19,204
11/19/2012,22,192
11/20/2012,1,180
11/20/2012,4,171
11/20/2012,7,162
11/20/2012,10,183
11/20/2012,13,204
11/20/2012,16,212
11/20/2012,19,220
11/20/2012,22,208
11/21/2012,1,196
11/21/2012,4,183
11/21/2012,7,170
11/21/2012,10,180
11/21/2012,13,190
11/21/2012,16,200
11/21/2012,19,210
11/21/2012,22,202
11/22/2012,1,194
11/22/2012,4,185
11/22/2012,7,176
11/22/2012,10,188
11/22/2012,13,200
11/22/2012,16,205
11/22/2012,19,210
11/22/2012,22,204
11/23/2012,1,198
11/23/2012,4,189
11/23/2012,7,180
11/23/2012,10,179
11/23/2012,13,178
11/23/2012,16,183
11/23/2012,19,188
11/23/2012,22,184
11/24/2012,1,180
11/24/2012,4,171
11/24/2012,7,162
11/24/2012,10,158
11/24/2012,13,154
11/24/2012,16,154
11/24/2012,19,154
11/24/2012,22,149
11/25/2012,1,144
11/25/2012,4,146
11/25/2012,7,148
11/25/2012,10,144
11/25/2012,13,140
11/25/2012,16,136
11/25/2012,19,132
11/25/2012,22,126
11/26/2012,1,120
11/26/2012,4,136
11/26/2012,7,152
11/26/2012,10,152
11/26/2012,13,152
11/26/2012,16,144
11/26/2012,19,136
11/26/2012,22,134
11/27/2012,1,132
11/27/2012,4,131
11/27/2012,7,130
11/27/2012,10,136
11/27/2012,13,142
11/27/2012,16,140
11/27/2012,19,138
11/27/2012,22,134
11/28/2012,1,130
11/28/2012,4,128
11/28/2012,7,126
11/28/2012,10,138
11/28/2012,13,150
11/28/2012,16,141
11/28/2012,19,132
11/28/2012,22,124
11/29/2012,1,116
11/29/2012,4,124
11/29/2012,7,132
11/29/2012,10,151
11/29/2012,13,170
11/29/2012,16,162
11/29/2012,19,154
11/29/2012,22,146
11/30/2012,1,138
11/30/2012,4,144
11/30/2012,7,150
11/30/2012,10,167
11/30/2012,13,184
11/30/2012,16,176
11/30/2012,19,168
11/30/2012,22,159
12/01/2012,1,150
12/01/2012,4,142
12/01/2012,7,134
12/01/2012,10,150
12/01/2012,13,166
12/01/2012,16,162
12/01/2012,19,158
12/01/2012,22,150
12/02/2012,1,142
12/02/2012,4,136
12/02/2012,7,130
12/02/2012,10,160
12/02/2012,13,190
12/02/2012,16,185
12/02/2012,19,180
12/02/2012,22,173
12/03/2012,1,166
12/03/2012,4,153
12/03/2012,7,140
12/03/2012,10,168
12/03/2012,13,196
12/03/2012,16,190
12/03/2012,19,184
12/03/2012,22,176
12/04/2012,1,168
12/04/2012,4,157
12/04/2012,7,146
12/04/2012,10,167
12/04/2012,13,188
12/04/2012,16,197
12/04/2012,19,206
12/04/2012,22,196
12/05/2012,1,186
12/05/2012,4,169
12/05/2012,7,152
12/05/2012,10,172
12/05/2012,13,192
12/05/2012,16,197
12/05/2012,19,202
12/05/2012,22,191
12/06/2012,1,180
12/06/2012,4,168
12/06/2012,7,156
12/06/2012,10,177
12/06/2012,13,198
12/06/2012,16,202
12/06/2012,19,206
12/06/2012,22,196
12/07/2012,1,186
12/07/2012,4,175
12/07/2012,7,164
12/07/2012,10,179
12/07/2012,13,194
12/07/2012,16,193
12/07/2012,19,192
12/07/2012,22,184
12/08/2012,1,176
12/08/2012,4,167
12/08/2012,7,158
12/08/2012,10,174
12/08/2012,13,190
12/08/2012,16,188
12/08/2012,19,186
12/08/2012,22,176
12/09/2012,1,166
12/09/2012,4,157
12/09/2012,7,148
12/09/2012,10,164
12/09/2012,13,180
12/09/2012,16,179
12/09/2012,19,178
12/09/2012,22,175
12/10/2012,1,172
12/10/2012,4,167
12/10/2012,7,162
12/10/2012,10,169
12/10/2012,13,176
12/10/2012,16,173
12/10/2012,19,170
12/10/2012,22,167
12/11/2012,1,164
12/11/2012,4,160
12/11/2012,7,156
12/11/2012,10,177
12/11/2012,13,198
12/11/2012,16,192
12/11/2012,19,186
12/11/2012,22,187
12/12/2012,1,188
12/12/2012,4,194
12/12/2012,7,200
12/12/2012,10,204
12/12/2012,13,208
12/12/2012,16,205
12/12/2012,19,202
12/12/2012,22,193
12/13/2012,1,184
12/13/2012,4,193
12/13/2012,7,202
12/13/2012,10,214
12/13/2012,13,226
12/13/2012,16,213
12/13/2012,19,200
12/13/2012,22,184
12/14/2012,1,168
12/14/2012,4,179
12/14/2012,7,190
12/14/2012,10,210
12/14/2012,13,230
12/14/2012,16,223
12/14/2012,19,216
12/14/2012,22,198
12/15/2012,1,180
12/15/2012,4,177
12/15/2012,7,174
12/15/2012,10,203
12/15/2012,13,232
12/15/2012,16,224
12/15/2012,19,216
12/15/2012,22,194
12/16/2012,1,172
12/16/2012,4,158
12/16/2012,7,144
12/16/2012,10,153
12/16/2012,13,162
12/16/2012,16,176
12/16/2012,19,190
12/16/2012,22,173
12/17/2012,1,156
12/17/2012,4,139
12/17/2012,7,122
12/17/2012,10,148
12/17/2012,13,174
12/17/2012,16,168
12/17/2012,19,162
12/17/2012,22,151
12/18/2012,1,140
12/18/2012,4,133
12/18/2012,7,126
12/18/2012,10,146
12/18/2012,13,166
12/18/2012,16,167
12/18/2012,19,168
12/18/2012,22,154
12/19/2012,1,140
12/19/2012,4,129
12/19/2012,7,118
12/19/2012,10,141
12/19/2012,13,164
12/19/2012,16,173
12/19/2012,19,182
12/19/2012,22,169
12/20/2012,1,156
12/20/2012,4,142
12/20/2012,7,128
12/20/2012,10,150
12/20/2012,13,172
12/20/2012,16,169
12/20/2012,19,166
12/20/2012,22,160
12/21/2012,1,154
12/21/2012,4,143
12/21/2012,7,132
12/21/2012,10,146
12/21/2012,13,160
12/21/2012,16,157
12/21/2012,19,154
12/21/2012,22,147
12/22/2012,1,140
12/22/2012,4,136
12/22/2012,7,132
12/22/2012,10,144
12/22/2012,13,156
12/22/2012,16,147
12/22/2012,19,138
12/22/2012,22,132
12/23/2012,1,126
12/23/2012,4,119
12/23/2012,7,112
12/23/2012,10,129
12/23/2012,13,146
12/23/2012,16,140
12/23/2012,19,134
12/23/2012,22,128
12/24/2012,1,122
12/24/2012,4,115
12/24/2012,7,108
12/24/2012,10,127
12/24/2012,13,146
12/24/2012,16,141
12/24/2012,19,136
12/24/2012,22,131
12/25/2012,1,126
12/25/2012,4,120
12/25/2012,7,114
12/25/2012,10,139
12/25/2012,13,164
12/25/2012,16,156
12/25/2012,19,148
12/25/2012,22,145
12/26/2012,1,142
12/26/2012,4,155
12/26/2012,7,168
12/26/2012,10,179
12/26/2012,13,190
12/26/2012,16,180
12/26/2012,19,170
12/26/2012,22,162
12/27/2012,1,154
12/27/2012,4,165
12/27/2012,7,176
12/27/2012,10,209
12/27/2012,13,242
12/27/2012,16,216
12/27/2012,19,190
12/27/2012,22,179
12/28/2012,1,168
12/28/2012,4,174
12/28/2012,7,180
12/28/2012,10,198
12/28/2012,13,216
12/28/2012,16,206
12/28/2012,19,196
12/28/2012,22,179
12/29/2012,1,162
12/29/2012,4,168
12/29/2012,7,174
12/29/2012,10,187
12/29/2012,13,200
12/29/2012,16,195
12/29/2012,19,190
12/29/2012,22,180
12/30/2012,1,170
12/30/2012,4,173
12/30/2012,7,176
12/30/2012,10,177
12/30/2012,13,178
12/30/2012,16,172
12/30/2012,19,166
12/30/2012,22,153
12/31/2012,1,140
12/31/2012,4,132
12/31/2012,7,124
12/31/2012,10,134
12/31/2012,13,144
12/31/2012,16,140
12/31/2012,19,136
12/31/2012,22,132
01/01/2013,1,128
01/01/2013,4,123
01/01/2013,7,118
01/01/2013,10,140
01/01/2013,13,162
01/01/2013,16,156
01/01/2013,19,150
01/01/2013,22,139
01/02/2013,1,128
01/02/2013,4,112
01/02/2013,7,96
01/02/2013,10,144
01/02/2013,13,192
01/02/2013,16,184
01/02/2013,19,176
01/02/2013,22,164
01/03/2013,1,152
01/03/2013,4,134
01/03/2013,7,116
01/03/2013,10,127
01/03/2013,13,138
01/03/2013,16,139
01/03/2013,19,140
01/03/2013,22,131
01/04/2013,1,122
01/04/2013,4,113
01/04/2013,7,104
01/04/2013,10,125
01/04/2013,13,146
01/04/2013,16,139
01/04/2013,19,132
01/04/2013,22,125
01/05/2013,1,118
01/05/2013,4,112
01/05/2013,7,106
01/05/2013,10,133
01/05/2013,13,160
01/05/2013,16,159
01/05/2013,19,158
01/05/2013,22,154
01/06/2013,1,150
01/06/2013,4,145
01/06/2013,7,140
01/06/2013,10,151
01/06/2013,13,162
01/06/2013,16,157
01/06/2013,19,152
01/06/2013,22,146
01/07/2013,1,140
01/07/2013,4,134
01/07/2013,7,128
01/07/2013,10,135
01/07/2013,13,142
01/07/2013,16,135
01/07/2013,19,128
01/07/2013,22,130
01/08/2013,1,132
01/08/2013,4,143
01/08/2013,7,154
01/08/2013,10,153
01/08/2013,13,152
01/08/2013,16,144
01/08/2013,19,136
01/08/2013,22,138
01/09/2013,1,140
01/09/2013,4,146
01/09/2013,7,152
01/09/2013,10,151
01/09/2013,13,150
01/09/2013,16,142
01/09/2013,19,134
01/09/2013,22,135
01/10/2013,1,136
01/10/2013,4,141
01/10/2013,7,146
01/10/2013,10,163
01/10/2013,13,180
01/10/2013,16,173
01/10/2013,19,166
01/10/2013,22,164
01/11/2013,1,162
01/11/2013,4,166
01/11/2013,7,170
01/11/2013,10,182
01/11/2013,13,194
01/11/2013,16,185
01/11/2013,19,176
01/11/2013,22,174
01/12/2013,1,172
01/12/2013,4,175
01/12/2013,7,178
01/12/2013,10,188
01/12/2013,13,198
01/12/2013,16,189
01/12/2013,19,180
01/12/2013,22,166
01/13/2013,1,152
01/13/2013,4,153
01/13/2013,7,154
01/13/2013,10,175
01/13/2013,13,196
01/13/2013,16,190
01/13/2013,19,184
01/13/2013,22,166
01/14/2013,1,148
01/14/2013,4,136
01/14/2013,7,124
01/14/2013,10,161
01/14/2013,13,198
01/14/2013,16,190
01/14/2013,19,182
01/14/2013,22,164
01/15/2013,1,146
01/15/2013,4,134
01/15/2013,7,122
01/15/2013,10,151
01/15/2013,13,180
01/15/2013,16,171
01/15/2013,19,162
01/15/2013,22,149
01/16/2013,1,136
01/16/2013,4,128
01/16/2013,7,120
01/16/2013,10,150
01/16/2013,13,180
01/16/2013,16,179
01/16/2013,19,178
01/16/2013,22,169
01/17/2013,1,160
01/17/2013,4,151
01/17/2013,7,142
01/17/2013,10,153
01/17/2013,13,164
01/17/2013,16,161
01/17/2013,19,158
01/17/2013,22,152
01/18/2013,1,146
01/18/2013,4,139
01/18/2013,7,132
01/18/2013,10,140
01/18/2013,13,148
01/18/2013,16,146
01/18/2013,19,144
01/18/2013,22,140
01/19/2013,1,136
01/19/2013,4,131
01/19/2013,7,126
01/19/2013,10,129
01/19/2013,13,132
01/19/2013,16,130
01/19/2013,19,128
01/19/2013,22,122
01/20/2013,1,116
01/20/2013,4,118
01/20/2013,7,120
01/20/2013,10,123
01/20/2013,13,126
01/20/2013,16,114
01/20/2013,19,102
01/20/2013,22,106
01/21/2013,1,110
01/21/2013,4,116
01/21/2013,7,122
01/21/2013,10,124
01/21/2013,13,126
01/21/2013,16,115
01/21/2013,19,104
01/21/2013,22,106
01/22/2013,1,108
01/22/2013,4,112
01/22/2013,7,116
01/22/2013,10,129
01/22/2013,13,142
01/22/2013,16,138
01/22/2013,19,134
01/22/2013,22,134
01/23/2013,1,134
01/23/2013,4,139
01/23/2013,7,162
01/23/2013,10,187
01/23/2013,13,192
01/23/2013,16,193
01/23/2013,19,196
01/23/2013,22,190
01/24/2013,1,190
01/24/2013,4,196
01/24/2013,7,204
01/24/2013,10,221
01/24/2013,13,228
01/24/2013,16,227
01/24/2013,19,226
01/24/2013,22,217
01/25/2013,1,214
01/25/2013,4,214
01/25/2013,7,216
01/25/2013,10,231
01/25/2013,13,236
01/25/2013,16,233
01/25/2013,19,226
01/25/2013,22,217
01/26/2013,1,208
01/26/2013,4,206
01/26/2013,7,212
01/26/2013,10,227
01/26/2013,13,236
01/26/2013,16,234
01/26/2013,19,226
01/26/2013,22,218
01/27/2013,1,212
01/27/2013,4,211
01/27/2013,7,218
01/27/2013,10,228
01/27/2013,13,238
01/27/2013,16,236
01/27/2013,19,228
01/27/2013,22,220
01/28/2013,1,220
01/28/2013,4,226
01/28/2013,7,232
01/28/2013,10,245
01/28/2013,13,258
01/28/2013,16,260
01/28/2013,19,258
01/28/2013,22,252
01/29/2013,1,246
01/29/2013,4,242
01/29/2013,7,246
01/29/2013,10,255
01/29/2013,13,264
01/29/2013,16,262
01/29/2013,19,256
01/29/2013,22,245
01/30/2013,1,238
01/30/2013,4,233
01/30/2013,7,228
01/30/2013,10,235
01/30/2013,13,242
01/30/2013,16,236
01/30/2013,19,230
01/30/2013,22,214
01/31/2013,1,198
01/31/2013,4,183
01/31/2013,7,168
01/31/2013,10,171
01/31/2013,13,174
01/31/2013,16,166
01/31/2013,19,158
01/31/2013,22,141
02/01/2013,1,124
02/01/2013,4,108
02/01/2013,7,92
02/01/2013,10,102
02/01/2013,13,112
02/01/2013,16,101
02/01/2013,19,90
02/01/2013,22,86
02/02/2013,1,82
02/02/2013,4,72
02/02/2013,7,62
02/02/2013,10,84
02/02/2013,13,102
02/02/2013,16,112
02/02/2013,19,124
02/02/2013,22,134
02/03/2013,1,146
02/03/2013,4,154
02/03/2013,7,158
02/03/2013,10,170
02/03/2013,13,186
02/03/2013,16,198
02/03/2013,19,210
02/03/2013,22,212
02/04/2013,1,216
02/04/2013,4,229
02/04/2013,7,240
02/04/2013,10,248
02/04/2013,13,250
02/04/2013,16,250
02/04/2013,19,246
02/04/2013,22,247
02/05/2013,1,250
02/05/2013,4,253
02/05/2013,7,258
02/05/2013,10,260
02/05/2013,13,260
02/05/2013,16,255
02/05/2013,19,248
02/05/2013,22,243
02/06/2013,1,242
02/06/2013,4,245
02/06/2013,7,250
02/06/2013,10,253
02/06/2013,13,254
02/06/2013,16,248
02/06/2013,19,240
02/06/2013,22,234
02/07/2013,1,230
02/07/2013,4,236
02/07/2013,7,250
02/07/2013,10,261
02/07/2013,13,266
02/07/2013,16,263
02/07/2013,19,252
02/07/2013,22,242
02/08/2013,1,236
02/08/2013,4,240
02/08/2013,7,250
02/08/2013,10,260
02/08/2013,13,268
02/08/2013,16,264
02/08/2013,19,256
02/08/2013,22,247
02/09/2013,1,238
02/09/2013,4,242
02/09/2013,7,248
02/09/2013,10,255
02/09/2013,13,258
02/09/2013,16,253
02/09/2013,19,244
02/09/2013,22,235
02/10/2013,1,216
02/10/2013,4,198
02/10/2013,7,180
02/10/2013,10,178
02/10/2013,13,176
02/10/2013,16,174
02/10/2013,19,172
02/10/2013,22,164
02/11/2013,1,156
02/11/2013,4,140
02/11/2013,7,124
02/11/2013,10,143
02/11/2013,13,162
02/11/2013,16,151
02/11/2013,19,140
02/11/2013,22,136
02/12/2013,1,132
02/12/2013,4,127
02/12/2013,7,122
02/12/2013,10,132
02/12/2013,13,142
02/12/2013,16,134
02/12/2013,19,126
02/12/2013,22,116
02/13/2013,1,106
02/13/2013,4,85
02/13/2013,7,64
02/13/2013,10,92
02/13/2013,13,120
02/13/2013,16,114
02/13/2013,19,108
02/13/2013,22,102
02/14/2013,1,96
02/14/2013,4,84
02/14/2013,7,72
02/14/2013,10,95
02/14/2013,13,118
02/14/2013,16,111
02/14/2013,19,104
02/14/2013,22,96
02/15/2013,1,88
02/15/2013,4,78
02/15/2013,7,68
02/15/2013,10,73
02/15/2013,13,78
02/15/2013,16,72
02/15/2013,19,66
02/15/2013,22,74
02/16/2013,1,82
02/16/2013,4,65
02/16/2013,7,48
02/16/2013,10,48
02/16/2013,13,44
02/16/2013,16,38
02/16/2013,19,34
02/16/2013,22,60
02/17/2013,1,90
02/17/2013,4,104
02/17/2013,7,110
02/17/2013,10,119
02/17/2013,13,122
02/17/2013,16,124
02/17/2013,19,136
02/17/2013,22,148
02/18/2013,1,176
02/18/2013,4,195
02/18/2013,7,208
02/18/2013,10,218
02/18/2013,13,222
02/18/2013,16,223
02/18/2013,19,224
02/18/2013,22,224
02/19/2013,1,224
02/19/2013,4,226
02/19/2013,7,234
02/19/2013,10,248
02/19/2013,13,250
02/19/2013,16,247
02/19/2013,19,242
02/19/2013,22,238
02/20/2013,1,240
02/20/2013,4,248
02/20/2013,7,252
02/20/2013,10,257
02/20/2013,13,258
02/20/2013,16,254
02/20/2013,19,248
02/20/2013,22,242
02/21/2013,1,242
02/21/2013,4,246
02/21/2013,7,252
02/21/2013,10,258
02/21/2013,13,258
02/21/2013,16,252
02/21/2013,19,246
02/21/2013,22,241
02/22/2013,1,242
02/22/2013,4,245
02/22/2013,7,250
02/22/2013,10,255
02/22/2013,13,252
02/22/2013,16,244
02/22/2013,19,240
02/22/2013,22,222
02/23/2013,1,200
02/23/2013,4,196
02/23/2013,7,200
02/23/2013,10,195
02/23/2013,13,184
02/23/2013,16,168
02/23/2013,19,152
02/23/2013,22,130
02/24/2013,1,122
02/24/2013,4,125
02/24/2013,7,130
02/24/2013,10,149
02/24/2013,13,142
02/24/2013,16,125
02/24/2013,19,112
02/24/2013,22,101
02/25/2013,1,102
02/25/2013,4,108
02/25/2013,7,114
02/25/2013,10,116
02/25/2013,13,118
02/25/2013,16,112
02/25/2013,19,106
02/25/2013,22,99
02/26/2013,1,92
02/26/2013,4,84
02/26/2013,7,76
02/26/2013,10,97
02/26/2013,13,118
02/26/2013,16,106
02/26/2013,19,94
02/26/2013,22,75
02/27/2013,1,56
02/27/2013,4,57
02/27/2013,7,58
02/27/2013,10,80
02/27/2013,13,102
02/27/2013,16,92
02/27/2013,19,82
02/27/2013,22,67
02/28/2013,1,52
02/28/2013,4,54
02/28/2013,7,56
02/28/2013,10,75
02/28/2013,13,94
02/28/2013,16,92
02/28/2013,19,90
02/28/2013,22,79
03/01/2013,1,68
03/01/2013,4,64
03/01/2013,7,60
03/01/2013,10,71
03/01/2013,13,82
03/01/2013,16,88
03/01/2013,19,94
03/01/2013,22,90
03/02/2013,1,86
03/02/2013,4,77
03/02/2013,7,68
03/02/2013,10,65
03/02/2013,13,62
03/02/2013,16,70
03/02/2013,19,78
03/02/2013,22,95
03/03/2013,1,112
03/03/2013,4,99
03/03/2013,7,86
03/03/2013,10,77
03/03/2013,13,68
03/03/2013,16,58
03/03/2013,19,48
03/03/2013,22,63
03/04/2013,1,78
03/04/2013,4,85
03/04/2013,7,92
03/04/2013,10,76
03/04/2013,13,60
03/04/2013,16,49
03/04/2013,19,38
03/04/2013,22,53
03/05/2013,1,68
03/05/2013,4,72
03/05/2013,7,76
03/05/2013,10,66
03/05/2013,13,56
03/05/2013,16,55
03/05/2013,19,54
03/05/2013,22,63
03/06/2013,1,72
03/06/2013,4,80
03/06/2013,7,88
03/06/2013,10,92
03/06/2013,13,96
03/06/2013,16,86
03/06/2013,19,76
03/06/2013,22,89
03/07/2013,1,102
03/07/2013,4,126
03/07/2013,7,150
03/07/2013,10,139
03/07/2013,13,128
03/07/2013,16,120
03/07/2013,19,112
03/07/2013,22,117
03/08/2013,1,122
03/08/2013,4,138
03/08/2013,7,154
03/08/2013,10,150
03/08/2013,13,146
03/08/2013,16,136
03/08/2013,19,126
03/08/2013,22,119
03/09/2013,1,112
03/09/2013,4,129
03/09/2013,7,146
03/09/2013,10,150
03/09/2013,13,154
03/09/2013,16,145
03/09/2013,19,136
03/09/2013,22,127
03/10/2013,1,118
03/10/2013,4,133
03/10/2013,7,148
03/10/2013,10,146
03/10/2013,13,144
03/10/2013,16,138
03/10/2013,19,132
03/10/2013,22,122
03/11/2013,1,112
03/11/2013,4,129
03/11/2013,7,146
03/11/2013,10,139
03/11/2013,13,132
03/11/2013,16,126
03/11/2013,19,120
03/11/2013,22,114
03/12/2013,1,108
03/12/2013,4,104
03/12/2013,7,100
03/12/2013,10,116
03/12/2013,13,132
03/12/2013,16,132
03/12/2013,19,132
03/12/2013,22,126
03/13/2013,1,120
03/13/2013,4,115
03/13/2013,7,110
03/13/2013,10,117
03/13/2013,13,124
03/13/2013,16,123
03/13/2013,19,122
03/13/2013,22,116
03/14/2013,1,110
03/14/2013,4,101
03/14/2013,7,92
03/14/2013,10,92
03/14/2013,13,92
03/14/2013,16,97
03/14/2013,19,102
03/14/2013,22,105
03/15/2013,1,108
03/15/2013,4,101
03/15/2013,7,94
03/15/2013,10,90
03/15/2013,13,86
03/15/2013,16,92
03/15/2013,19,98
03/15/2013,22,117
03/16/2013,1,136
03/16/2013,4,128
03/16/2013,7,120
03/16/2013,10,116
03/16/2013,13,112
03/16/2013,16,114
03/16/2013,19,116
03/16/2013,22,133
03/17/2013,1,150
03/17/2013,4,141
03/17/2013,7,132
03/17/2013,10,125
03/17/2013,13,118
03/17/2013,16,121
03/17/2013,19,124
03/17/2013,22,135
03/18/2013,1,146
03/18/2013,4,138
03/18/2013,7,130
03/18/2013,10,123
03/18/2013,13,116
03/18/2013,16,107
03/18/2013,19,98
03/18/2013,22,115
03/19/2013,1,132
03/19/2013,4,133
03/19/2013,7,134
03/19/2013,10,127
03/19/2013,13,120
03/19/2013,16,114
03/19/2013,19,108
03/19/2013,22,112
03/20/2013,1,116
03/20/2013,4,126
03/20/2013,7,136
03/20/2013,10,136
03/20/2013,13,136
03/20/2013,16,129
03/20/2013,19,122
03/20/2013,22,136
03/21/2013,1,150
03/21/2013,4,159
03/21/2013,7,168
03/21/2013,10,164
03/21/2013,13,160
03/21/2013,16,153
03/21/2013,19,146
03/21/2013,22,149
03/22/2013,1,152
03/22/2013,4,158
03/22/2013,7,164
03/22/2013,10,158
03/22/2013,13,152
03/22/2013,16,144
03/22/2013,19,136
03/22/2013,22,140
03/23/2013,1,144
03/23/2013,4,153
03/23/2013,7,162
03/23/2013,10,156
03/23/2013,13,150
03/23/2013,16,139
03/23/2013,19,128
03/23/2013,22,133
03/24/2013,1,138
03/24/2013,4,147
03/24/2013,7,156
03/24/2013,10,148
03/24/2013,13,140
03/24/2013,16,132
03/24/2013,19,124
03/24/2013,22,114
03/25/2013,1,104
03/25/2013,4,117
03/25/2013,7,130
03/25/2013,10,130
03/25/2013,13,130
03/25/2013,16,126
03/25/2013,19,122
03/25/2013,22,114
03/26/2013,1,106
03/26/2013,4,119
03/26/2013,7,132
03/26/2013,10,137
03/26/2013,13,142
03/26/2013,16,137
03/26/2013,19,132
03/26/2013,22,122
03/27/2013,1,112
03/27/2013,4,119
03/27/2013,7,126
03/27/2013,10,134
03/27/2013,13,142
03/27/2013,16,140
03/27/2013,19,138
03/27/2013,22,127
03/28/2013,1,116
03/28/2013,4,120
03/28/2013,7,124
03/28/2013,10,128
03/28/2013,13,132
03/28/2013,16,130
03/28/2013,19,128
03/28/2013,22,123
03/29/2013,1,118
03/29/2013,4,124
03/29/2013,7,130
03/29/2013,10,132
03/29/2013,13,134
03/29/2013,16,132
03/29/2013,19,130
03/29/2013,22,126
03/30/2013,1,122
03/30/2013,4,136
03/30/2013,7,150
03/30/2013,10,144
03/30/2013,13,138
03/30/2013,16,129
03/30/2013,19,120
03/30/2013,22,127
03/31/2013,1,134
03/31/2013,4,150
03/31/2013,7,166
03/31/2013,10,156
03/31/2013,13,146
03/31/2013,16,138
03/31/2013,19,130
03/31/2013,22,153
04/01/2013,1,176
04/01/2013,4,168
04/01/2013,7,160
04/01/2013,10,150
04/01/2013,13,140
04/01/2013,16,130
04/01/2013,19,120
04/01/2013,22,144
04/02/2013,1,168
04/02/2013,4,165
04/02/2013,7,162
04/02/2013,10,150
04/02/2013,13,138
04/02/2013,16,129
04/02/2013,19,120
04/02/2013,22,141
04/03/2013,1,162
04/03/2013,4,171
04/03/2013,7,180
04/03/2013,10,170
04/03/2013,13,160
04/03/2013,16,146
04/03/2013,19,132
04/03/2013,22,149
04/04/2013,1,166
04/04/2013,4,176
04/04/2013,7,186
04/04/2013,10,175
04/04/2013,13,164
04/04/2013,16,148
04/04/2013,19,132
04/04/2013,22,149
04/05/2013,1,166
04/05/2013,4,180
04/05/2013,7,194
04/05/2013,10,184
04/05/2013,13,174
04/05/2013,16,164
04/05/2013,19,154
04/05/2013,22,162
04/06/2013,1,170
04/06/2013,4,183
04/06/2013,7,196
04/06/2013,10,184
04/06/2013,13,172
04/06/2013,16,161
04/06/2013,19,150
04/06/2013,22,146
04/07/2013,1,142
04/07/2013,4,153
04/07/2013,7,164
04/07/2013,10,166
04/07/2013,13,168
04/07/2013,16,157
04/07/2013,19,146
04/07/2013,22,138
04/08/2013,1,130
04/08/2013,4,143
04/08/2013,7,156
04/08/2013,10,151
04/08/2013,13,146
04/08/2013,16,139
04/08/2013,19,132
04/08/2013,22,129
04/09/2013,1,126
04/09/2013,4,131
04/09/2013,7,136
04/09/2013,10,137
04/09/2013,13,138
04/09/2013,16,132
04/09/2013,19,126
04/09/2013,22,121
04/10/2013,1,116
04/10/2013,4,119
04/10/2013,7,122
04/10/2013,10,125
04/10/2013,13,128
04/10/2013,16,123
04/10/2013,19,118
04/10/2013,22,112
04/11/2013,1,106
04/11/2013,4,110
04/11/2013,7,114
04/11/2013,10,122
04/11/2013,13,130
04/11/2013,16,140
04/11/2013,19,150
04/11/2013,22,154
04/12/2013,1,158
04/12/2013,4,150
04/12/2013,7,142
04/12/2013,10,136
04/12/2013,13,130
04/12/2013,16,138
04/12/2013,19,146
04/12/2013,22,151
04/13/2013,1,156
04/13/2013,4,148
04/13/2013,7,140
04/13/2013,10,136
04/13/2013,13,132
04/13/2013,16,134
04/13/2013,19,136
04/13/2013,22,149
04/14/2013,1,162
04/14/2013,4,157
04/14/2013,7,152
04/14/2013,10,141
04/14/2013,13,130
04/14/2013,16,134
04/14/2013,19,138
04/14/2013,22,151
04/15/2013,1,164
04/15/2013,4,158
04/15/2013,7,152
04/15/2013,10,145
04/15/2013,13,138
04/15/2013,16,142
04/15/2013,19,146
04/15/2013,22,153
04/16/2013,1,160
04/16/2013,4,155
04/16/2013,7,150
04/16/2013,10,147
04/16/2013,13,144
04/16/2013,16,142
04/16/2013,19,140
04/16/2013,22,147
04/17/2013,1,154
04/17/2013,4,166
04/17/2013,7,178
04/17/2013,10,171.5
04/17/2013,13,165
04/17/2013,16,156.5
04/17/2013,19,148
04/17/2013,22,160
04/18/2013,1,172
04/18/2013,4,182
04/18/2013,7,192
04/18/2013,10,182
04/18/2013,13,172
04/18/2013,16,166
04/18/2013,19,160
04/18/2013,22,167
04/19/2013,1,174
04/19/2013,4,184
04/19/2013,7,194
04/19/2013,10,190
04/19/2013,13,186
04/19/2013,16,179
04/19/2013,19,172
04/19/2013,22,175
04/20/2013,1,178
04/20/2013,4,192
04/20/2013,7,206
04/20/2013,10,199
04/20/2013,13,192
04/20/2013,16,180
04/20/2013,19,168
04/20/2013,22,171
04/21/2013,1,174
04/21/2013,4,177
04/21/2013,7,180
04/21/2013,10,178
04/21/2013,13,176
04/21/2013,16,169
04/21/2013,19,162
04/21/2013,22,166
04/22/2013,1,170
04/22/2013,4,173
04/22/2013,7,176
04/22/2013,10,184
04/22/2013,13,192
04/22/2013,16,186
04/22/2013,19,180
04/22/2013,22,183
04/23/2013,1,186
04/23/2013,4,190
04/23/2013,7,194
04/23/2013,10,188
04/23/2013,13,182
04/23/2013,16,181
04/23/2013,19,180
04/23/2013,22,178
04/24/2013,1,176
04/24/2013,4,183
04/24/2013,7,190
04/24/2013,10,192
04/24/2013,13,194
04/24/2013,16,194
04/24/2013,19,194
04/24/2013,22,195
04/25/2013,1,196
04/25/2013,4,194
04/25/2013,7,192
04/25/2013,10,192
04/25/2013,13,192
04/25/2013,16,199
04/25/2013,19,206
04/25/2013,22,214
04/26/2013,1,222
04/26/2013,4,218
04/26/2013,7,214
04/26/2013,10,207
04/26/2013,13,200
04/26/2013,16,203
04/26/2013,19,206
04/26/2013,22,209
04/27/2013,1,212
04/27/2013,4,202
04/27/2013,7,192
04/27/2013,10,189
04/27/2013,13,186
04/27/2013,16,191
04/27/2013,19,196
04/27/2013,22,202
04/28/2013,1,208
04/28/2013,4,199
04/28/2013,7,190
04/28/2013,10,186
04/28/2013,13,182
04/28/2013,16,184
04/28/2013,19,186
04/28/2013,22,192
04/29/2013,1,198
04/29/2013,4,202
04/29/2013,7,206
04/29/2013,10,199
04/29/2013,13,192
04/29/2013,16,186
04/29/2013,19,180
04/29/2013,22,186
04/30/2013,1,192
04/30/2013,4,197
04/30/2013,7,202
04/30/2013,10,191
04/30/2013,13,180
04/30/2013,16,183
04/30/2013,19,186
04/30/2013,22,192
05/01/2013,1,198
05/01/2013,4,191
05/01/2013,7,184
05/01/2013,10,179
05/01/2013,13,174
05/01/2013,16,165
05/01/2013,19,156
05/01/2013,22,170
05/02/2013,1,184
05/02/2013,4,192
05/02/2013,7,200
05/02/2013,10,186
05/02/2013,13,172
05/02/2013,16,162
05/02/2013,19,152
05/02/2013,22,166
05/03/2013,1,180
05/03/2013,4,189
05/03/2013,7,198
05/03/2013,10,204
05/03/2013,13,210
05/03/2013,16,207
05/03/2013,19,204
05/03/2013,22,198
05/04/2013,1,192
05/04/2013,4,224
05/04/2013,7,256
05/04/2013,10,259
05/04/2013,13,262
05/04/2013,16,257
05/04/2013,19,252
05/04/2013,22,245
05/05/2013,1,238
05/05/2013,4,248
05/05/2013,7,258
05/05/2013,10,261
05/05/2013,13,264
05/05/2013,16,259
05/05/2013,19,254
05/05/2013,22,248
05/06/2013,1,242
05/06/2013,4,251
05/06/2013,7,260
05/06/2013,10,243
05/06/2013,13,226
05/06/2013,16,222
05/06/2013,19,218
05/06/2013,22,214
05/07/2013,1,210
05/07/2013,4,209
05/07/2013,7,208
05/07/2013,10,208
05/07/2013,13,208
05/07/2013,16,205
05/07/2013,19,202
05/07/2013,22,198
05/08/2013,1,194
05/08/2013,4,202
05/08/2013,7,210
05/08/2013,10,210
05/08/2013,13,210
05/08/2013,16,214
05/08/2013,19,218
05/08/2013,22,226
05/09/2013,1,234
05/09/2013,4,232
05/09/2013,7,230
05/09/2013,10,227
05/09/2013,13,224
05/09/2013,16,230
05/09/2013,19,236
05/09/2013,22,237
05/10/2013,1,238
05/10/2013,4,242
05/10/2013,7,246
05/10/2013,10,241
05/10/2013,13,236
05/10/2013,16,234
05/10/2013,19,232
05/10/2013,22,234
05/11/2013,1,236
05/11/2013,4,240
05/11/2013,7,244
05/11/2013,10,236
05/11/2013,13,228
05/11/2013,16,224
05/11/2013,19,220
05/11/2013,22,226
05/12/2013,1,232
05/12/2013,4,231
05/12/2013,7,230
05/12/2013,10,222
05/12/2013,13,214
05/12/2013,16,206
05/12/2013,19,198
05/12/2013,22,211
05/13/2013,1,224
05/13/2013,4,218
05/13/2013,7,212
05/13/2013,10,203
05/13/2013,13,194
05/13/2013,16,190
05/13/2013,19,186
05/13/2013,22,202
05/14/2013,1,218
05/14/2013,4,211
05/14/2013,7,204
05/14/2013,10,210
05/14/2013,13,216
05/14/2013,16,209
05/14/2013,19,202
05/14/2013,22,214
05/15/2013,1,226
05/15/2013,4,228
05/15/2013,7,230
05/15/2013,10,222
05/15/2013,13,214
05/15/2013,16,207
05/15/2013,19,200
05/15/2013,22,213
05/16/2013,1,226
05/16/2013,4,230
05/16/2013,7,234
05/16/2013,10,229
05/16/2013,13,224
05/16/2013,16,217
05/16/2013,19,210
05/16/2013,22,215
05/17/2013,1,220
05/17/2013,4,232
05/17/2013,7,244
05/17/2013,10,244
05/17/2013,13,244
05/17/2013,16,243
05/17/2013,19,242
05/17/2013,22,250
05/18/2013,1,258
05/18/2013,4,267
05/18/2013,7,276
05/18/2013,10,276
05/18/2013,13,276
05/18/2013,16,268
05/18/2013,19,260
05/18/2013,22,258
05/19/2013,1,256
05/19/2013,4,261
05/19/2013,7,266
05/19/2013,10,263
05/19/2013,13,260
05/19/2013,16,255
05/19/2013,19,250
05/19/2013,22,248
05/20/2013,1,246
05/20/2013,4,249
05/20/2013,7,252
05/20/2013,10,249
05/20/2013,13,246
05/20/2013,16,242
05/20/2013,19,238
05/20/2013,22,237
05/21/2013,1,236
05/21/2013,4,243
05/21/2013,7,250
05/21/2013,10,246
05/21/2013,13,242
05/21/2013,16,241
05/21/2013,19,240
05/21/2013,22,238
05/22/2013,1,236
05/22/2013,4,241
05/22/2013,7,246
05/22/2013,10,249
05/22/2013,13,252
05/22/2013,16,250
05/22/2013,19,248
05/22/2013,22,249
05/23/2013,1,250
05/23/2013,4,258
05/23/2013,7,266
05/23/2013,10,266
05/23/2013,13,266
05/23/2013,16,268
05/23/2013,19,270
05/23/2013,22,273
05/24/2013,1,276
05/24/2013,4,276
05/24/2013,7,276
05/24/2013,10,274
05/24/2013,13,272
05/24/2013,16,276
05/24/2013,19,280
05/24/2013,22,283
05/25/2013,1,286
05/25/2013,4,287
05/25/2013,7,288
05/25/2013,10,287
05/25/2013,13,286
05/25/2013,16,290
05/25/2013,19,294
05/25/2013,22,309
05/26/2013,1,324
05/26/2013,4,320
05/26/2013,7,316
05/26/2013,10,309
05/26/2013,13,302
05/26/2013,16,296
05/26/2013,19,290
05/26/2013,22,293
05/27/2013,1,296
05/27/2013,4,298
05/27/2013,7,300
05/27/2013,10,292
05/27/2013,13,284
05/27/2013,16,278
05/27/2013,19,272
05/27/2013,22,275
05/28/2013,1,278
05/28/2013,4,287
05/28/2013,7,296
05/28/2013,10,292
05/28/2013,13,288
05/28/2013,16,282
05/28/2013,19,276
05/28/2013,22,278
05/29/2013,1,280
05/29/2013,4,294
05/29/2013,7,308
05/29/2013,10,306
05/29/2013,13,304
05/29/2013,16,299
05/29/2013,19,294
05/29/2013,22,296
05/30/2013,1,298
05/30/2013,4,305
05/30/2013,7,312
05/30/2013,10,306
05/30/2013,13,300
05/30/2013,16,296
05/30/2013,19,292
05/30/2013,22,291
05/31/2013,1,290
05/31/2013,4,303
05/31/2013,7,316
05/31/2013,10,317
05/31/2013,13,318
05/31/2013,16,318
05/31/2013,19,318
05/31/2013,22,318
06/01/2013,1,318
06/01/2013,4,327
06/01/2013,7,336
06/01/2013,10,336
06/01/2013,13,336
06/01/2013,16,329
06/01/2013,19,322
06/01/2013,22,320
06/02/2013,1,318
06/02/2013,4,315
06/02/2013,7,312
06/02/2013,10,316
06/02/2013,13,320
06/02/2013,16,315
06/02/2013,19,310
06/02/2013,22,303
06/03/2013,1,296
06/03/2013,4,297
06/03/2013,7,298
06/03/2013,10,299
06/03/2013,13,300
06/03/2013,16,302
06/03/2013,19,304
06/03/2013,22,301
06/04/2013,1,298
06/04/2013,4,297
06/04/2013,7,296
06/04/2013,10,299
06/04/2013,13,302
06/04/2013,16,300
06/04/2013,19,298
06/04/2013,22,297
06/05/2013,1,296
06/05/2013,4,294
06/05/2013,7,292
06/05/2013,10,290
06/05/2013,13,288
06/05/2013,16,289
06/05/2013,19,290
06/05/2013,22,296
06/06/2013,1,302
06/06/2013,4,302
06/06/2013,7,302
06/06/2013,10,301
06/06/2013,13,300
06/06/2013,16,297
06/06/2013,19,294
06/06/2013,22,297
06/07/2013,1,300
06/07/2013,4,303
06/07/2013,7,306
06/07/2013,10,315
06/07/2013,13,324
06/07/2013,16,326
06/07/2013,19,328
06/07/2013,22,330
06/08/2013,1,332
06/08/2013,4,333
06/08/2013,7,334
06/08/2013,10,330
06/08/2013,13,326
06/08/2013,16,322
06/08/2013,19,318
06/08/2013,22,320
06/09/2013,1,322
06/09/2013,4,326
06/09/2013,7,330
06/09/2013,10,325
06/09/2013,13,320
06/09/2013,16,314
06/09/2013,19,308
06/09/2013,22,300
06/10/2013,1,292
06/10/2013,4,297
06/10/2013,7,302
06/10/2013,10,298
06/10/2013,13,294
06/10/2013,16,291
06/10/2013,19,288
06/10/2013,22,293
06/11/2013,1,298
06/11/2013,4,302
06/11/2013,7,306
06/11/2013,10,306
06/11/2013,13,306
06/11/2013,16,308
06/11/2013,19,310
06/11/2013,22,317
06/12/2013,1,324
06/12/2013,4,336
06/12/2013,7,346
06/12/2013,10,350
06/12/2013,13,350
06/12/2013,16,350
06/12/2013,19,350
06/12/2013,22,354
06/13/2013,1,360
06/13/2013,4,362
06/13/2013,7,364
06/13/2013,10,362
06/13/2013,13,358
06/13/2013,16,354
06/13/2013,19,350
06/13/2013,22,346
06/14/2013,1,344
06/14/2013,4,344
06/14/2013,7,344
06/14/2013,10,340
06/14/2013,13,336
06/14/2013,16,332
06/14/2013,19,326
06/14/2013,22,322
06/15/2013,1,318
06/15/2013,4,314
06/15/2013,7,310
06/15/2013,10,306
06/15/2013,13,302
06/15/2013,16,298
06/15/2013,19,294
06/15/2013,22,290
06/16/2013,1,288
06/16/2013,4,290
06/16/2013,7,292
06/16/2013,10,292
06/16/2013,13,292
06/16/2013,16,286
06/16/2013,19,280
06/16/2013,22,280
06/17/2013,1,280
06/17/2013,4,280
06/17/2013,7,280
06/17/2013,10,279
06/17/2013,13,278
06/17/2013,16,275
06/17/2013,19,272
06/17/2013,22,271
06/18/2013,1,270
06/18/2013,4,274
06/18/2013,7,278
06/18/2013,10,274
06/18/2013,13,270
06/18/2013,16,259
06/18/2013,19,248
06/18/2013,22,250
06/19/2013,1,252
06/19/2013,4,240
06/19/2013,7,228
06/19/2013,10,227
06/19/2013,13,226
06/19/2013,16,226
06/19/2013,19,226
06/19/2013,22,226
06/20/2013,1,226
06/20/2013,4,221
06/20/2013,7,216
06/20/2013,10,216
06/20/2013,13,216
06/20/2013,16,226
06/20/2013,19,236
06/20/2013,22,239
06/21/2013,1,242
06/21/2013,4,254
06/21/2013,7,266
06/21/2013,10,265
06/21/2013,13,264
06/21/2013,16,267
06/21/2013,19,270
06/21/2013,22,274
06/22/2013,1,278
06/22/2013,4,280
06/22/2013,7,282
06/22/2013,10,279
06/22/2013,13,276
06/22/2013,16,283
06/22/2013,19,290
06/22/2013,22,300
06/23/2013,1,310
06/23/2013,4,305
06/23/2013,7,300
06/23/2013,10,293
06/23/2013,13,286
06/23/2013,16,292
06/23/2013,19,298
06/23/2013,22,306
06/24/2013,1,314
06/24/2013,4,316
06/24/2013,7,318
06/24/2013,10,306
06/24/2013,13,294
06/24/2013,16,280
06/24/2013,19,266
06/24/2013,22,275
06/25/2013,1,284
06/25/2013,4,276
06/25/2013,7,268
06/25/2013,10,259
06/25/2013,13,250
06/25/2013,16,256
06/25/2013,19,262
06/25/2013,22,269
06/26/2013,1,276
06/26/2013,4,291
06/26/2013,7,306
06/26/2013,10,310
06/26/2013,13,314
06/26/2013,16,306
06/26/2013,19,298
06/26/2013,22,312
06/27/2013,1,326
06/27/2013,4,330
06/27/2013,7,334
06/27/2013,10,330
06/27/2013,13,326
06/27/2013,16,321
06/27/2013,19,316
06/27/2013,22,318
06/28/2013,1,320
06/28/2013,4,317
06/28/2013,7,314
06/28/2013,10,317
06/28/2013,13,320
06/28/2013,16,315
06/28/2013,19,310
06/28/2013,22,317
06/29/2013,1,324
06/29/2013,4,322
06/29/2013,7,320
06/29/2013,10,317
06/29/2013,13,314
06/29/2013,16,309
06/29/2013,19,304
06/29/2013,22,311
06/30/2013,1,318
06/30/2013,4,316
06/30/2013,7,314
06/30/2013,10,311
06/30/2013,13,308
06/30/2013,16,303
06/30/2013,19,298
06/30/2013,22,305
07/01/2013,1,312
07/01/2013,4,306
07/01/2013,7,300
07/01/2013,10,297
07/01/2013,13,294
07/01/2013,16,290
07/01/2013,19,286
07/01/2013,22,291
07/02/2013,1,296
07/02/2013,4,294
07/02/2013,7,292
07/02/2013,10,293
07/02/2013,13,294
07/02/2013,16,295
07/02/2013,19,296
07/02/2013,22,297
07/03/2013,1,298
07/03/2013,4,308
07/03/2013,7,318
07/03/2013,10,321
07/03/2013,13,324
07/03/2013,16,328
07/03/2013,19,332
07/03/2013,22,335
07/04/2013,1,338
07/04/2013,4,339
07/04/2013,7,340
07/04/2013,10,342
07/04/2013,13,344
07/04/2013,16,342
07/04/2013,19,340
07/04/2013,22,351
07/05/2013,1,362
07/05/2013,4,366
07/05/2013,7,370
07/05/2013,10,369
07/05/2013,13,368
07/05/2013,16,368
07/05/2013,19,368
07/05/2013,22,367
07/06/2013,1,366
07/06/2013,4,376
07/06/2013,7,386
07/06/2013,10,382
07/06/2013,13,378
07/06/2013,16,374
07/06/2013,19,370
07/06/2013,22,382
07/07/2013,1,394
07/07/2013,4,398
07/07/2013,7,402
07/07/2013,10,399
07/07/2013,13,396
07/07/2013,16,383
07/07/2013,19,370
07/07/2013,22,366
07/08/2013,1,362
07/08/2013,4,358
07/08/2013,7,354
07/08/2013,10,351
07/08/2013,13,348
07/08/2013,16,347
07/08/2013,19,346
07/08/2013,22,354
07/09/2013,1,362
07/09/2013,4,362
07/09/2013,7,362
07/09/2013,10,359
07/09/2013,13,356
07/09/2013,16,350
07/09/2013,19,344
07/09/2013,22,349
07/10/2013,1,354
07/10/2013,4,357
07/10/2013,7,360
07/10/2013,10,365
07/10/2013,13,370
07/10/2013,16,376
07/10/2013,19,382
07/10/2013,22,393
07/11/2013,1,404
07/11/2013,4,420
07/11/2013,7,436
07/11/2013,10,442
07/11/2013,13,446
07/11/2013,16,448
07/11/2013,19,448
07/11/2013,22,450
07/12/2013,1,454
07/12/2013,4,456
07/12/2013,7,458
07/12/2013,10,458
07/12/2013,13,458
07/12/2013,16,456
07/12/2013,19,452
07/12/2013,22,450
07/13/2013,1,450
07/13/2013,4,454
07/13/2013,7,456
07/13/2013,10,458
07/13/2013,13,458
07/13/2013,16,454
07/13/2013,19,448
07/13/2013,22,442
07/14/2013,1,440
07/14/2013,4,440
07/14/2013,7,438
07/14/2013,10,434
07/14/2013,13,430
07/14/2013,16,426
07/14/2013,19,420
07/14/2013,22,416
07/15/2013,1,412
07/15/2013,4,410
07/15/2013,7,410
07/15/2013,10,408
07/15/2013,13,406
07/15/2013,16,402
07/15/2013,19,396
07/15/2013,22,392
07/16/2013,1,388
07/16/2013,4,387
07/16/2013,7,386
07/16/2013,10,386
07/16/2013,13,386
07/16/2013,16,386
07/16/2013,19,386
07/16/2013,22,389
07/17/2013,1,392
07/17/2013,4,398
07/17/2013,7,404
07/17/2013,10,408
07/17/2013,13,412
07/17/2013,16,417
07/17/2013,19,422
07/17/2013,22,424
07/18/2013,1,426
07/18/2013,4,427
07/18/2013,7,428
07/18/2013,10,430
07/18/2013,13,432
07/18/2013,16,435
07/18/2013,19,438
07/18/2013,22,440
07/19/2013,1,442
07/19/2013,4,447
07/19/2013,7,452
07/19/2013,10,456
07/19/2013,13,460
07/19/2013,16,465
07/19/2013,19,470
07/19/2013,22,475
07/20/2013,1,480
07/20/2013,4,490
07/20/2013,7,498
07/20/2013,10,500
07/20/2013,13,508
07/20/2013,16,514
07/20/2013,19,520
07/20/2013,22,528
07/21/2013,1,536
07/21/2013,4,538
07/21/2013,7,540
07/21/2013,10,544
07/21/2013,13,544
07/21/2013,16,544
07/21/2013,19,544
07/21/2013,22,544
07/22/2013,1,544
07/22/2013,4,552
07/22/2013,7,554
07/22/2013,10,554
07/22/2013,13,554
07/22/2013,16,554
07/22/2013,19,552
07/22/2013,22,554
07/23/2013,1,556
07/23/2013,4,558
07/23/2013,7,560
07/23/2013,10,562
07/23/2013,13,562
07/23/2013,16,554
07/23/2013,19,548
07/23/2013,22,548
07/24/2013,1,550
07/24/2013,4,550
07/24/2013,7,548
07/24/2013,10,540
07/24/2013,13,534
07/24/2013,16,526
07/24/2013,19,520
07/24/2013,22,518
07/25/2013,1,518
07/25/2013,4,518
07/25/2013,7,516
07/25/2013,10,512
07/25/2013,13,508
07/25/2013,16,502
07/25/2013,19,494
07/25/2013,22,490
07/26/2013,1,488
07/26/2013,4,484
07/26/2013,7,480
07/26/2013,10,474
07/26/2013,13,468
07/26/2013,16,464
07/26/2013,19,460
07/26/2013,22,456
07/27/2013,1,452
07/27/2013,4,450
07/27/2013,7,448
07/27/2013,10,446
07/27/2013,13,444
07/27/2013,16,440
07/27/2013,19,436
07/27/2013,22,432
07/28/2013,1,430
07/28/2013,4,434
07/28/2013,7,438
07/28/2013,10,440
07/28/2013,13,442
07/28/2013,16,443
07/28/2013,19,444
07/28/2013,22,446
07/29/2013,1,446
07/29/2013,4,448
07/29/2013,7,452
07/29/2013,10,458
07/29/2013,13,462
07/29/2013,16,470
07/29/2013,19,482
07/29/2013,22,494
07/30/2013,1,508
07/30/2013,4,524
07/30/2013,7,540
07/30/2013,10,566
07/30/2013,13,580
07/30/2013,16,594
07/30/2013,19,614
07/30/2013,22,628
07/31/2013,1,640
07/31/2013,4,650
07/31/2013,7,658
07/31/2013,10,664
07/31/2013,13,666
07/31/2013,16,672
07/31/2013,19,678
07/31/2013,22,674
08/01/2013,1,662
08/01/2013,4,656
08/01/2013,7,650
08/01/2013,10,642
08/01/2013,13,632
08/01/2013,16,624
08/01/2013,19,616
08/01/2013,22,608
08/02/2013,1,598
08/02/2013,4,594
08/02/2013,7,590
08/02/2013,10,588
08/02/2013,13,586
08/02/2013,16,584
08/02/2013,19,582
08/02/2013,22,584
08/03/2013,1,586
08/03/2013,4,586
08/03/2013,7,586
08/03/2013,10,586
08/03/2013,13,590
08/03/2013,16,590
08/03/2013,19,590
08/03/2013,22,594
08/04/2013,1,604
08/04/2013,4,618
08/04/2013,7,632
08/04/2013,10,650
08/04/2013,13,664
08/04/2013,16,680
08/04/2013,19,694
08/04/2013,22,702
08/05/2013,1,710
08/05/2013,4,718
08/05/2013,7,720
08/05/2013,10,722
08/05/2013,13,722
08/05/2013,16,722
08/05/2013,19,720
08/05/2013,22,720
08/06/2013,1,718
08/06/2013,4,718
08/06/2013,7,718
08/06/2013,10,712
08/06/2013,13,708
08/06/2013,16,704
08/06/2013,19,698
08/06/2013,22,692
08/07/2013,1,686
08/07/2013,4,680
08/07/2013,7,676
08/07/2013,10,646
08/07/2013,13,632
08/07/2013,16,622
08/07/2013,19,612
08/07/2013,22,600
08/08/2013,1,588
08/08/2013,4,586
08/08/2013,7,586
08/08/2013,10,586
08/08/2013,13,586
08/08/2013,16,584
08/08/2013,19,582
08/08/2013,22,580
08/09/2013,1,578
08/09/2013,4,584
08/09/2013,7,594
08/09/2013,10,602
08/09/2013,13,608
08/09/2013,16,614
08/09/2013,19,622
08/09/2013,22,630
08/10/2013,1,642
08/10/2013,4,650
08/10/2013,7,658
08/10/2013,10,662
08/10/2013,13,666
08/10/2013,16,668
08/10/2013,19,668
08/10/2013,22,668
08/11/2013,1,668
08/11/2013,4,664
08/11/2013,7,658
08/11/2013,10,654
08/11/2013,13,650
08/11/2013,16,646
08/11/2013,19,640
08/11/2013,22,640
08/12/2013,1,636
08/12/2013,4,636
08/12/2013,7,636
08/12/2013,10,636
08/12/2013,13,636
08/12/2013,16,634
08/12/2013,19,630
08/12/2013,22,630
08/13/2013,1,630
08/13/2013,4,630
08/13/2013,7,630
08/13/2013,10,626
08/13/2013,13,622
08/13/2013,16,618
08/13/2013,19,612
08/13/2013,22,608
08/14/2013,1,606
08/14/2013,4,604
08/14/2013,7,604
08/14/2013,10,604
08/14/2013,13,604
08/14/2013,16,600
08/14/2013,19,596
08/14/2013,22,590
08/15/2013,1,584
08/15/2013,4,574
08/15/2013,7,560
08/15/2013,10,548
08/15/2013,13,540
08/15/2013,16,528
08/15/2013,19,514
08/15/2013,22,502
08/16/2013,1,490
08/16/2013,4,480
08/16/2013,7,470
08/16/2013,10,462
08/16/2013,13,454
08/16/2013,16,448
08/16/2013,19,442
08/16/2013,22,438
08/17/2013,1,436
08/17/2013,4,430
08/17/2013,7,422
08/17/2013,10,416
08/17/2013,13,410
08/17/2013,16,410
08/17/2013,19,412
08/17/2013,22,412
08/18/2013,1,412
08/18/2013,4,408
08/18/2013,7,402
08/18/2013,10,400
08/18/2013,13,396
08/18/2013,16,396
08/18/2013,19,398
08/18/2013,22,400
08/19/2013,1,402
08/19/2013,4,402
08/19/2013,7,402
08/19/2013,10,400
08/19/2013,13,394
08/19/2013,16,392
08/19/2013,19,392
08/19/2013,22,394
08/20/2013,1,396
08/20/2013,4,401
08/20/2013,7,406
08/20/2013,10,404
08/20/2013,13,402
08/20/2013,16,401
08/20/2013,19,400
08/20/2013,22,402
08/21/2013,1,404
08/21/2013,4,407
08/21/2013,7,410
08/21/2013,10,407
08/21/2013,13,404
08/21/2013,16,402
08/21/2013,19,400
08/21/2013,22,406
08/22/2013,1,412
08/22/2013,4,417
08/22/2013,7,422
08/22/2013,10,422
08/22/2013,13,422
08/22/2013,16,424
08/22/2013,19,426
08/22/2013,22,428
08/23/2013,1,430
08/23/2013,4,436
08/23/2013,7,442
08/23/2013,10,442
08/23/2013,13,442
08/23/2013,16,438
08/23/2013,19,434
08/23/2013,22,432
08/24/2013,1,430
08/24/2013,4,430
08/24/2013,7,430
08/24/2013,10,427
08/24/2013,13,424
08/24/2013,16,420
08/24/2013,19,416
08/24/2013,22,418
08/25/2013,1,420
08/25/2013,4,416
08/25/2013,7,412
08/25/2013,10,410
08/25/2013,13,408
08/25/2013,16,407
08/25/2013,19,406
08/25/2013,22,408
08/26/2013,1,410
08/26/2013,4,417
08/26/2013,7,424
08/26/2013,10,437
08/26/2013,13,450
08/26/2013,16,458
08/26/2013,19,466
08/26/2013,22,477
08/27/2013,1,488
08/27/2013,4,494
08/27/2013,7,500
08/27/2013,10,505
08/27/2013,13,510
08/27/2013,16,513
08/27/2013,19,516
08/27/2013,22,514
08/28/2013,1,512
08/28/2013,4,505
08/28/2013,7,498
08/28/2013,10,492
08/28/2013,13,486
08/28/2013,16,479
08/28/2013,19,472
08/28/2013,22,467
08/29/2013,1,462
08/29/2013,4,454
08/29/2013,7,446
08/29/2013,10,439
08/29/2013,13,432
08/29/2013,16,429
08/29/2013,19,426
08/29/2013,22,421
08/30/2013,1,416
08/30/2013,4,413
08/30/2013,7,410
08/30/2013,10,405
08/30/2013,13,400
08/30/2013,16,399
08/30/2013,19,398
08/30/2013,22,396
08/31/2013,1,394
08/31/2013,4,392
08/31/2013,7,390
08/31/2013,10,390
08/31/2013,13,390
08/31/2013,16,394
08/31/2013,19,398
08/31/2013,22,401
09/01/2013,1,404
09/01/2013,4,411
09/01/2013,7,418
09/01/2013,10,426
09/01/2013,13,434
09/01/2013,16,438
09/01/2013,19,442
09/01/2013,22,444
09/02/2013,1,446
09/02/2013,4,445
09/02/2013,7,444
09/02/2013,10,439
09/02/2013,13,434
09/02/2013,16,426
09/02/2013,19,418
09/02/2013,22,409
09/03/2013,1,400
09/03/2013,4,389
09/03/2013,7,378
09/03/2013,10,366
09/03/2013,13,354
09/03/2013,16,348
09/03/2013,19,342
09/03/2013,22,335
09/04/2013,1,328
09/04/2013,4,326
09/04/2013,7,324
09/04/2013,10,324
09/04/2013,13,324
09/04/2013,16,324
09/04/2013,19,324
09/04/2013,22,328
09/05/2013,1,332
09/05/2013,4,346
09/05/2013,7,360
09/05/2013,10,373
09/05/2013,13,386
09/05/2013,16,404
09/05/2013,19,422
09/05/2013,22,434
09/06/2013,1,446
09/06/2013,4,512
09/06/2013,7,584
09/06/2013,10,634
09/06/2013,13,660
09/06/2013,16,680
09/06/2013,19,690
09/06/2013,22,694
09/07/2013,1,698
09/07/2013,4,696
09/07/2013,7,690
09/07/2013,10,678
09/07/2013,13,664
09/07/2013,16,646
09/07/2013,19,634
09/07/2013,22,618
09/08/2013,1,602
09/08/2013,4,590
09/08/2013,7,578
09/08/2013,10,566
09/08/2013,13,554
09/08/2013,16,542
09/08/2013,19,530
09/08/2013,22,518
09/09/2013,1,506
09/09/2013,4,492
09/09/2013,7,480
09/09/2013,10,472
09/09/2013,13,464
09/09/2013,16,456
09/09/2013,19,450
09/09/2013,22,444
09/10/2013,1,442
09/10/2013,4,440
09/10/2013,7,440
09/10/2013,10,450
09/10/2013,13,450
09/10/2013,16,450
09/10/2013,19,450
09/10/2013,22,450
09/11/2013,1,448
09/11/2013,4,447
09/11/2013,7,446
09/11/2013,10,445
09/11/2013,13,444
09/11/2013,16,439
09/11/2013,19,434
09/11/2013,22,432
09/12/2013,1,430
09/12/2013,4,424
09/12/2013,7,418
09/12/2013,10,409
09/12/2013,13,400
09/12/2013,16,405
09/12/2013,19,410
09/12/2013,22,404
09/13/2013,1,398
09/13/2013,4,396
09/13/2013,7,394
09/13/2013,10,400
09/13/2013,13,406
09/13/2013,16,412
09/13/2013,19,418
09/13/2013,22,422
09/14/2013,1,426
09/14/2013,4,437
09/14/2013,7,448
09/14/2013,10,454
09/14/2013,13,460
09/14/2013,16,465
09/14/2013,19,470
09/14/2013,22,473
09/15/2013,1,476
09/15/2013,4,472
09/15/2013,7,468
09/15/2013,10,461
09/15/2013,13,454
09/15/2013,16,450
09/15/2013,19,446
09/15/2013,22,443
09/16/2013,1,440
09/16/2013,4,433
09/16/2013,7,426
09/16/2013,10,415
09/16/2013,13,404
09/16/2013,16,398
09/16/2013,19,392
09/16/2013,22,388
09/17/2013,1,384
09/17/2013,4,375
09/17/2013,7,366
09/17/2013,10,359
09/17/2013,13,352
09/17/2013,16,346
09/17/2013,19,340
09/17/2013,22,343
09/18/2013,1,346
09/18/2013,4,341
09/18/2013,7,336
09/18/2013,10,336
09/18/2013,13,336
09/18/2013,16,332
09/18/2013,19,328
09/18/2013,22,329
09/19/2013,1,330
09/19/2013,4,334
09/19/2013,7,338
09/19/2013,10,341
09/19/2013,13,344
09/19/2013,16,342
09/19/2013,19,340
09/19/2013,22,337
09/20/2013,1,334
09/20/2013,4,342
09/20/2013,7,350
09/20/2013,10,349
09/20/2013,13,348
09/20/2013,16,343
09/20/2013,19,338
09/20/2013,22,334
09/21/2013,1,330
09/21/2013,4,327
09/21/2013,7,324
09/21/2013,10,326
09/21/2013,13,328
09/21/2013,16,334
09/21/2013,19,340
09/21/2013,22,350
09/22/2013,1,360
09/22/2013,4,361
09/22/2013,7,362
09/22/2013,10,360
09/22/2013,13,358
09/22/2013,16,350
09/22/2013,19,342
09/22/2013,22,348
09/23/2013,1,354
09/23/2013,4,343
09/23/2013,7,332
09/23/2013,10,328
09/23/2013,13,324
09/23/2013,16,322
09/23/2013,19,320
09/23/2013,22,318
09/24/2013,1,316
09/24/2013,4,314
09/24/2013,7,312
09/24/2013,10,320
09/24/2013,13,328
09/24/2013,16,329
09/24/2013,19,330
09/24/2013,22,325
09/25/2013,1,320
09/25/2013,4,317
09/25/2013,7,314
09/25/2013,10,320
09/25/2013,13,326
09/25/2013,16,327
09/25/2013,19,328
09/25/2013,22,329
09/26/2013,1,330
09/26/2013,4,325
09/26/2013,7,320
09/26/2013,10,318
09/26/2013,13,316
09/26/2013,16,316
09/26/2013,19,316
09/26/2013,22,311
09/27/2013,1,306
09/27/2013,4,296
09/27/2013,7,286
09/27/2013,10,287
09/27/2013,13,288
09/27/2013,16,294
09/27/2013,19,300
09/27/2013,22,300
09/28/2013,1,300
09/28/2013,4,295
09/28/2013,7,290
09/28/2013,10,291
09/28/2013,13,292
09/28/2013,16,293
09/28/2013,19,294
09/28/2013,22,294
09/29/2013,1,294
09/29/2013,4,288
09/29/2013,7,282
09/29/2013,10,277
09/29/2013,13,272
09/29/2013,16,279
09/29/2013,19,286
09/29/2013,22,288
09/30/2013,1,290
09/30/2013,4,278
09/30/2013,7,266
09/30/2013,10,264
09/30/2013,13,262
09/30/2013,16,268
09/30/2013,19,274
09/30/2013,22,276
10/01/2013,1,278
10/01/2013,4,284
10/01/2013,7,290
10/01/2013,10,277
10/01/2013,13,264
10/01/2013,16,265
10/01/2013,19,266
10/01/2013,22,271
10/02/2013,1,276
10/02/2013,4,266
10/02/2013,7,256
10/02/2013,10,252
10/02/2013,13,248
10/02/2013,16,248
10/02/2013,19,248
10/02/2013,22,253
10/03/2013,1,258
10/03/2013,4,250
10/03/2013,7,242
10/03/2013,10,239
10/03/2013,13,236
10/03/2013,16,237
10/03/2013,19,238
10/03/2013,22,242
10/04/2013,1,246
10/04/2013,4,244
10/04/2013,7,242
10/04/2013,10,238
10/04/2013,13,234
10/04/2013,16,235
10/04/2013,19,236
10/04/2013,22,242
10/05/2013,1,248
10/05/2013,4,245
10/05/2013,7,242
10/05/2013,10,238
10/05/2013,13,234
10/05/2013,16,233
10/05/2013,19,232
10/05/2013,22,239
10/06/2013,1,246
10/06/2013,4,243
10/06/2013,7,240
10/06/2013,10,235
10/06/2013,13,230
10/06/2013,16,225
10/06/2013,19,220
10/06/2013,22,224
10/07/2013,1,228
10/07/2013,4,218
10/07/2013,7,208
10/07/2013,10,214
10/07/2013,13,220
10/07/2013,16,212
10/07/2013,19,204
10/07/2013,22,195
10/08/2013,1,186
10/08/2013,4,188
10/08/2013,7,190
10/08/2013,10,206
10/08/2013,13,222
10/08/2013,16,217
10/08/2013,19,212
10/08/2013,22,206
10/09/2013,1,200
10/09/2013,4,195
10/09/2013,7,190
10/09/2013,10,210
10/09/2013,13,230
10/09/2013,16,227
10/09/2013,19,224
10/09/2013,22,218
10/10/2013,1,212
10/10/2013,4,201
10/10/2013,7,190
10/10/2013,10,208
10/10/2013,13,226
10/10/2013,16,226
10/10/2013,19,226
10/10/2013,22,219
10/11/2013,1,212
10/11/2013,4,201
10/11/2013,7,190
10/11/2013,10,205
10/11/2013,13,220
10/11/2013,16,219
10/11/2013,19,218
10/11/2013,22,213
10/12/2013,1,208
10/12/2013,4,197
10/12/2013,7,186
10/12/2013,10,201
10/12/2013,13,216
10/12/2013,16,226
10/12/2013,19,236
10/12/2013,22,228
10/13/2013,1,220
10/13/2013,4,214
10/13/2013,7,208
10/13/2013,10,217
10/13/2013,13,226
10/13/2013,16,234
10/13/2013,19,242
10/13/2013,22,235
10/14/2013,1,228
10/14/2013,4,221
10/14/2013,7,214
10/14/2013,10,214
10/14/2013,13,214
10/14/2013,16,234
10/14/2013,19,254
10/14/2013,22,257
10/15/2013,1,260
10/15/2013,4,247
10/15/2013,7,234
10/15/2013,10,228
10/15/2013,13,222
10/15/2013,16,234
10/15/2013,19,246
10/15/2013,22,250
10/16/2013,1,254
10/16/2013,4,246
10/16/2013,7,238
10/16/2013,10,236
10/16/2013,13,234
10/16/2013,16,233
10/16/2013,19,232
10/16/2013,22,240
10/17/2013,1,248
10/17/2013,4,237
10/17/2013,7,226
10/17/2013,10,219
10/17/2013,13,212
10/17/2013,16,211
10/17/2013,19,210
10/17/2013,22,223
10/18/2013,1,236
10/18/2013,4,227
10/18/2013,7,218
10/18/2013,10,210
10/18/2013,13,202
10/18/2013,16,201
10/18/2013,19,200
10/18/2013,22,212
10/19/2013,1,224
10/19/2013,4,217
10/19/2013,7,210
10/19/2013,10,203
10/19/2013,13,196
10/19/2013,16,196
10/19/2013,19,196
10/19/2013,22,211
10/20/2013,1,226
10/20/2013,4,220
10/20/2013,7,214
10/20/2013,10,206
10/20/2013,13,198
10/20/2013,16,199
10/20/2013,19,200
10/20/2013,22,210
10/21/2013,1,220
10/21/2013,4,204
10/21/2013,7,188
10/21/2013,10,200
10/21/2013,13,212
10/21/2013,16,203
10/21/2013,19,194
10/21/2013,22,182
10/22/2013,1,170
10/22/2013,4,165
10/22/2013,7,160
10/22/2013,10,182
10/22/2013,13,204
10/22/2013,16,200
10/22/2013,19,196
10/22/2013,22,190
10/23/2013,1,184
10/23/2013,4,165
10/23/2013,7,146
10/23/2013,10,172
10/23/2013,13,198
10/23/2013,16,196
10/23/2013,19,194
10/23/2013,22,185
10/24/2013,1,176
10/24/2013,4,159
10/24/2013,7,142
10/24/2013,10,169
10/24/2013,13,196
10/24/2013,16,193
10/24/2013,19,190
10/24/2013,22,181
10/25/2013,1,172
10/25/2013,4,160
10/25/2013,7,148
10/25/2013,10,167
10/25/2013,13,186
10/25/2013,16,196
10/25/2013,19,206
10/25/2013,22,191
10/26/2013,1,176
10/26/2013,4,163
10/26/2013,7,150
10/26/2013,10,169
10/26/2013,13,188
10/26/2013,16,195
10/26/2013,19,202
10/26/2013,22,191
10/27/2013,1,180
10/27/2013,4,167
10/27/2013,7,154
10/27/2013,10,170
10/27/2013,13,186
10/27/2013,16,193
10/27/2013,19,200
10/27/2013,22,187
10/28/2013,1,174
10/28/2013,4,163
10/28/2013,7,152
10/28/2013,10,162
10/28/2013,13,172
10/28/2013,16,184
10/28/2013,19,196
10/28/2013,22,183
10/29/2013,1,170
10/29/2013,4,159
10/29/2013,7,148
10/29/2013,10,154
10/29/2013,13,160
10/29/2013,16,171
10/29/2013,19,182
10/29/2013,22,172
10/30/2013,1,162
10/30/2013,4,156
10/30/2013,7,150
10/30/2013,10,148
10/30/2013,13,146
10/30/2013,16,157
10/30/2013,19,168
10/30/2013,22,174
10/31/2013,1,180
10/31/2013,4,167
10/31/2013,7,154
10/31/2013,10,152
10/31/2013,13,150
10/31/2013,16,160
10/31/2013,19,170
10/31/2013,22,174
11/01/2013,1,178
11/01/2013,4,164
11/01/2013,7,150
11/01/2013,10,150
11/01/2013,13,150
11/01/2013,16,158
11/01/2013,19,166
11/01/2013,22,174
11/02/2013,1,182
11/02/2013,4,168
11/02/2013,7,154
11/02/2013,10,153
11/02/2013,13,152
11/02/2013,16,161
11/02/2013,19,170
11/02/2013,22,178
11/03/2013,1,186
11/03/2013,4,171
11/03/2013,7,156
11/03/2013,10,162
11/03/2013,13,168
11/03/2013,16,181
11/03/2013,19,194
11/03/2013,22,194
11/04/2013,1,194
11/04/2013,4,194
11/04/2013,7,194
11/04/2013,10,195
11/04/2013,13,196
11/04/2013,16,198
11/04/2013,19,200
11/04/2013,22,193
11/05/2013,1,186
11/05/2013,4,168
11/05/2013,7,150
11/05/2013,10,175
11/05/2013,13,200
11/05/2013,16,195
11/05/2013,19,190
11/05/2013,22,181
11/06/2013,1,172
11/06/2013,4,172
11/06/2013,7,172
11/06/2013,10,195
11/06/2013,13,218
11/06/2013,16,211
11/06/2013,19,204
11/06/2013,22,191
11/07/2013,1,178
11/07/2013,4,182
11/07/2013,7,186
11/07/2013,10,213
11/07/2013,13,240
11/07/2013,16,235
11/07/2013,19,230
11/07/2013,22,214
11/08/2013,1,198
11/08/2013,4,191
11/08/2013,7,184
11/08/2013,10,212
11/08/2013,13,240
11/08/2013,16,233
11/08/2013,19,226
11/08/2013,22,210
11/09/2013,1,194
11/09/2013,4,188
11/09/2013,7,182
11/09/2013,10,198
11/09/2013,13,214
11/09/2013,16,203
11/09/2013,19,192
11/09/2013,22,185
11/10/2013,1,178
11/10/2013,4,175
11/10/2013,7,172
11/10/2013,10,181
11/10/2013,13,190
11/10/2013,16,201
11/10/2013,19,212
11/10/2013,22,200
11/11/2013,1,188
11/11/2013,4,170
11/11/2013,7,152
11/11/2013,10,152
11/11/2013,13,152
11/11/2013,16,181
11/11/2013,19,210
11/11/2013,22,201
11/12/2013,1,192
11/12/2013,4,183
11/12/2013,7,174
11/12/2013,10,175
11/12/2013,13,176
11/12/2013,16,191
11/12/2013,19,206
11/12/2013,22,201
11/13/2013,1,196
11/13/2013,4,190
11/13/2013,7,184
11/13/2013,10,180
11/13/2013,13,176
11/13/2013,16,188
11/13/2013,19,200
11/13/2013,22,196
11/14/2013,1,192
11/14/2013,4,186
11/14/2013,7,180
11/14/2013,10,180
11/14/2013,13,180
11/14/2013,16,188
11/14/2013,19,196
11/14/2013,22,192
11/15/2013,1,188
11/15/2013,4,180
11/15/2013,7,172
11/15/2013,10,175
11/15/2013,13,178
11/15/2013,16,171
11/15/2013,19,164
11/15/2013,22,164
11/16/2013,1,164
11/16/2013,4,173
11/16/2013,7,182
11/16/2013,10,184
11/16/2013,13,186
11/16/2013,16,176
11/16/2013,19,166
11/16/2013,22,166
11/17/2013,1,166
11/17/2013,4,167
11/17/2013,7,168
11/17/2013,10,171
11/17/2013,13,174
11/17/2013,16,168
11/17/2013,19,162
11/17/2013,22,161
11/18/2013,1,160
11/18/2013,4,160
11/18/2013,7,160
11/18/2013,10,168
11/18/2013,13,176
11/18/2013,16,166
11/18/2013,19,156
11/18/2013,22,148
11/19/2013,1,140
11/19/2013,4,137
11/19/2013,7,134
11/19/2013,10,150
11/19/2013,13,166
11/19/2013,16,153
11/19/2013,19,140
11/19/2013,22,135
11/20/2013,1,130
11/20/2013,4,126
11/20/2013,7,122
11/20/2013,10,147
11/20/2013,13,172
11/20/2013,16,160
11/20/2013,19,148
11/20/2013,22,137
11/21/2013,1,126
11/21/2013,4,122
11/21/2013,7,118
11/21/2013,10,141
11/21/2013,13,164
11/21/2013,16,153
11/21/2013,19,142
11/21/2013,22,131
11/22/2013,1,120
11/22/2013,4,113
11/22/2013,7,106
11/22/2013,10,134
11/22/2013,13,162
11/22/2013,16,151
11/22/2013,19,140
11/22/2013,22,125
11/23/2013,1,110
11/23/2013,4,101
11/23/2013,7,92
11/23/2013,10,124
11/23/2013,13,156
11/23/2013,16,151
11/23/2013,19,146
11/23/2013,22,127
11/24/2013,1,108
11/24/2013,4,95
11/24/2013,7,82
11/24/2013,10,118
11/24/2013,13,154
11/24/2013,16,148
11/24/2013,19,142
11/24/2013,22,124
11/25/2013,1,106
11/25/2013,4,90
11/25/2013,7,74
11/25/2013,10,100
11/25/2013,13,126
11/25/2013,16,126
11/25/2013,19,126
11/25/2013,22,112
11/26/2013,1,98
11/26/2013,4,84
11/26/2013,7,70
11/26/2013,10,93
11/26/2013,13,116
11/26/2013,16,112
11/26/2013,19,108
11/26/2013,22,100
11/27/2013,1,92
11/27/2013,4,80
11/27/2013,7,68
11/27/2013,10,92
11/27/2013,13,116
11/27/2013,16,123
11/27/2013,19,130
11/27/2013,22,119
11/28/2013,1,108
11/28/2013,4,96
11/28/2013,7,84
11/28/2013,10,90
11/28/2013,13,96
11/28/2013,16,92
11/28/2013,19,88
11/28/2013,22,85
11/29/2013,1,82
11/29/2013,4,77
11/29/2013,7,72
11/29/2013,10,85
11/29/2013,13,98
11/29/2013,16,94
11/29/2013,19,90
11/29/2013,22,88
11/30/2013,1,86
11/30/2013,4,95
11/30/2013,7,104
11/30/2013,10,100
11/30/2013,13,96
11/30/2013,16,91
11/30/2013,19,86
11/30/2013,22,92
12/01/2013,1,98
12/01/2013,4,109
12/01/2013,7,120
12/01/2013,10,113
12/01/2013,13,106
12/01/2013,16,100
12/01/2013,19,94
12/01/2013,22,97
12/02/2013,1,100
12/02/2013,4,109
12/02/2013,7,118
12/02/2013,10,122
12/02/2013,13,126
12/02/2013,16,115
12/02/2013,19,104
12/02/2013,22,101
12/03/2013,1,98
12/03/2013,4,110
12/03/2013,7,122
12/03/2013,10,142
12/03/2013,13,162
12/03/2013,16,148
12/03/2013,19,134
12/03/2013,22,122
12/04/2013,1,110
12/04/2013,4,121
12/04/2013,7,132
12/04/2013,10,154
12/04/2013,13,176
12/04/2013,16,161
12/04/2013,19,146
12/04/2013,22,134
12/05/2013,1,122
12/05/2013,4,117
12/05/2013,7,112
12/05/2013,10,150
12/05/2013,13,188
12/05/2013,16,174
12/05/2013,19,160
12/05/2013,22,144
12/06/2013,1,128
12/06/2013,4,116
12/06/2013,7,104
12/06/2013,10,144
12/06/2013,13,184
12/06/2013,16,172
12/06/2013,19,160
12/06/2013,22,146
12/07/2013,1,132
12/07/2013,4,113
12/07/2013,7,94
12/07/2013,10,131
12/07/2013,13,168
12/07/2013,16,162
12/07/2013,19,156
12/07/2013,22,142
12/08/2013,1,128
12/08/2013,4,110
12/08/2013,7,92
12/08/2013,10,128
12/08/2013,13,164
12/08/2013,16,157
12/08/2013,19,150
12/08/2013,22,136
12/09/2013,1,122
12/09/2013,4,103
12/09/2013,7,84
12/09/2013,10,110
12/09/2013,13,136
12/09/2013,16,137
12/09/2013,19,138
12/09/2013,22,122
12/10/2013,1,106
12/10/2013,4,90
12/10/2013,7,74
12/10/2013,10,93
12/10/2013,13,112
12/10/2013,16,124
12/10/2013,19,136
12/10/2013,22,122
12/11/2013,1,108
12/11/2013,4,90
12/11/2013,7,72
12/11/2013,10,80
12/11/2013,13,88
12/11/2013,16,99
12/11/2013,19,110
12/11/2013,22,101
12/12/2013,1,92
12/12/2013,4,79
12/12/2013,7,66
12/12/2013,10,81
12/12/2013,13,96
12/12/2013,16,92
12/12/2013,19,88
12/12/2013,22,85
12/13/2013,1,82
12/13/2013,4,86
12/13/2013,7,90
12/13/2013,10,94
12/13/2013,13,98
12/13/2013,16,93
12/13/2013,19,88
12/13/2013,22,87
12/14/2013,1,86
12/14/2013,4,100
12/14/2013,7,114
12/14/2013,10,120
12/14/2013,13,126
12/14/2013,16,115
12/14/2013,19,104
12/14/2013,22,100
12/15/2013,1,96
12/15/2013,4,112
12/15/2013,7,128
12/15/2013,10,137
12/15/2013,13,146
12/15/2013,16,135
12/15/2013,19,124
12/15/2013,22,115
12/16/2013,1,106
12/16/2013,4,112
12/16/2013,7,118
12/16/2013,10,128
12/16/2013,13,138
12/16/2013,16,125
12/16/2013,19,112
12/16/2013,22,130
12/17/2013,1,148
12/17/2013,4,178
12/17/2013,7,208
12/17/2013,10,246
12/17/2013,13,292
12/17/2013,16,310
12/17/2013,19,322
12/17/2013,22,324
12/18/2013,1,326
12/18/2013,4,328
12/18/2013,7,330
12/18/2013,10,344
12/18/2013,13,346
12/18/2013,16,344
12/18/2013,19,338
12/18/2013,22,332
12/19/2013,1,320
12/19/2013,4,314
12/19/2013,7,308
12/19/2013,10,318
12/19/2013,13,328
12/19/2013,16,324
12/19/2013,19,320
12/19/2013,22,313
12/20/2013,1,306
12/20/2013,4,298
12/20/2013,7,290
12/20/2013,10,297
12/20/2013,13,304
12/20/2013,16,301
12/20/2013,19,298
12/20/2013,22,287
12/21/2013,1,276
12/21/2013,4,264
12/21/2013,7,252
12/21/2013,10,256
12/21/2013,13,260
12/21/2013,16,258
12/21/2013,19,256
12/21/2013,22,247
12/22/2013,1,238
12/22/2013,4,225
12/22/2013,7,212
12/22/2013,10,221
12/22/2013,13,230
12/22/2013,16,227
12/22/2013,19,224
12/22/2013,22,216
12/23/2013,1,208
12/23/2013,4,199
12/23/2013,7,190
12/23/2013,10,195
12/23/2013,13,200
12/23/2013,16,195
12/23/2013,19,190
12/23/2013,22,177
12/24/2013,1,164
12/24/2013,4,148
12/24/2013,7,132
12/24/2013,10,151
12/24/2013,13,170
12/24/2013,16,163
12/24/2013,19,156
12/24/2013,22,142
12/25/2013,1,128
12/25/2013,4,114
12/25/2013,7,100
12/25/2013,10,117
12/25/2013,13,134
12/25/2013,16,129
12/25/2013,19,124
12/25/2013,22,113
12/26/2013,1,102
12/26/2013,4,90
12/26/2013,7,78
12/26/2013,10,99
12/26/2013,13,120
12/26/2013,16,114
12/26/2013,19,108
12/26/2013,22,98
12/27/2013,1,88
12/27/2013,4,82
12/27/2013,7,76
12/27/2013,10,91
12/27/2013,13,106
12/27/2013,16,100
12/27/2013,19,94
12/27/2013,22,91
12/28/2013,1,88
12/28/2013,4,103
12/28/2013,7,118
12/28/2013,10,132
12/28/2013,13,146
12/28/2013,16,137
12/28/2013,19,128
12/28/2013,22,132
12/29/2013,1,136
12/29/2013,4,148
12/29/2013,7,160
12/29/2013,10,156
12/29/2013,13,152
12/29/2013,16,143
12/29/2013,19,134
12/29/2013,22,131
12/30/2013,1,128
12/30/2013,4,134
12/30/2013,7,140
12/30/2013,10,141
12/30/2013,13,142
12/30/2013,16,133
12/30/2013,19,124
12/30/2013,22,120
12/31/2013,1,116
12/31/2013,4,121
12/31/2013,7,126
12/31/2013,10,133
12/31/2013,13,140
12/31/2013,16,135
12/31/2013,19,130
12/31/2013,22,124
01/01/2014,1,118
01/01/2014,4,116
01/01/2014,7,114
01/01/2014,10,120
01/01/2014,13,126
01/01/2014,16,119
01/01/2014,19,112
01/01/2014,22,108
01/02/2014,1,104
01/02/2014,4,102
01/02/2014,7,100
01/02/2014,10,130
01/02/2014,13,160
01/02/2014,16,150
01/02/2014,19,140
01/02/2014,22,131
01/03/2014,1,122
01/03/2014,4,113
01/03/2014,7,104
01/03/2014,10,134
01/03/2014,13,164
01/03/2014,16,158
01/03/2014,19,152
01/03/2014,22,141
01/04/2014,1,130
01/04/2014,4,121
01/04/2014,7,112
01/04/2014,10,140
01/04/2014,13,168
01/04/2014,16,162
01/04/2014,19,156
01/04/2014,22,140
01/05/2014,1,124
01/05/2014,4,108
01/05/2014,7,92
01/05/2014,10,123
01/05/2014,13,154
01/05/2014,16,146
01/05/2014,19,138
01/05/2014,22,120
01/06/2014,1,102
01/06/2014,4,88
01/06/2014,7,74
01/06/2014,10,106
01/06/2014,13,138
01/06/2014,16,140
01/06/2014,19,142
01/06/2014,22,129
01/07/2014,1,116
01/07/2014,4,96
01/07/2014,7,76
01/07/2014,10,102
01/07/2014,13,128
01/07/2014,16,127
01/07/2014,19,126
01/07/2014,22,113
01/08/2014,1,100
01/08/2014,4,86
01/08/2014,7,72
01/08/2014,10,88
01/08/2014,13,104
01/08/2014,16,101
01/08/2014,19,98
01/08/2014,22,88
01/09/2014,1,78
01/09/2014,4,71
01/09/2014,7,64
01/09/2014,10,75
01/09/2014,13,86
01/09/2014,16,76
01/09/2014,19,66
01/09/2014,22,65
01/10/2014,1,64
01/10/2014,4,74
01/10/2014,7,84
01/10/2014,10,93
01/10/2014,13,102
01/10/2014,16,93
01/10/2014,19,84
01/10/2014,22,91
01/11/2014,1,98
01/11/2014,4,113
01/11/2014,7,128
01/11/2014,10,129
01/11/2014,13,130
01/11/2014,16,119
01/11/2014,19,108
01/11/2014,22,100
01/12/2014,1,92
01/12/2014,4,114
01/12/2014,7,154
01/12/2014,10,173
01/12/2014,13,172
01/12/2014,16,169
01/12/2014,19,166
01/12/2014,22,160
01/13/2014,1,160
01/13/2014,4,168
01/13/2014,7,188
01/13/2014,10,212
01/13/2014,13,212
01/13/2014,16,211
01/13/2014,19,208
01/13/2014,22,201
01/14/2014,1,198
01/14/2014,4,199
01/14/2014,7,210
01/14/2014,10,227
01/14/2014,13,230
01/14/2014,16,230
01/14/2014,19,226
01/14/2014,22,221
01/15/2014,1,220
01/15/2014,4,224
01/15/2014,7,226
01/15/2014,10,244
01/15/2014,13,250
01/15/2014,16,252
01/15/2014,19,246
01/15/2014,22,237
01/16/2014,1,234
01/16/2014,4,231
01/16/2014,7,234
01/16/2014,10,252
01/16/2014,13,260
01/16/2014,16,257
01/16/2014,19,248
01/16/2014,22,242
01/17/2014,1,236
01/17/2014,4,229
01/17/2014,7,230
01/17/2014,10,242
01/17/2014,13,252
01/17/2014,16,250
01/17/2014,19,244
01/17/2014,22,235
01/18/2014,1,226
01/18/2014,4,219
01/18/2014,7,218
01/18/2014,10,226
01/18/2014,13,236
01/18/2014,16,231
01/18/2014,19,222
01/18/2014,22,202
01/19/2014,1,184
01/19/2014,4,172
01/19/2014,7,160
01/19/2014,10,168
01/19/2014,13,176
01/19/2014,16,169
01/19/2014,19,162
01/19/2014,22,145
01/20/2014,1,128
01/20/2014,4,108
01/20/2014,7,88
01/20/2014,10,107
01/20/2014,13,126
01/20/2014,16,115
01/20/2014,19,104
01/20/2014,22,84
01/21/2014,1,64
01/21/2014,4,52
01/21/2014,7,40
01/21/2014,10,68
01/21/2014,13,96
01/21/2014,16,87
01/21/2014,19,78
01/21/2014,22,62
01/22/2014,1,46
01/22/2014,4,35
01/22/2014,7,24
01/22/2014,10,56
01/22/2014,13,88
01/22/2014,16,80
01/22/2014,19,72
01/22/2014,22,66
01/23/2014,1,60
01/23/2014,4,56
01/23/2014,7,62
01/23/2014,10,103
01/23/2014,13,132
01/23/2014,16,141
01/23/2014,19,142
01/23/2014,22,149
01/24/2014,1,160
01/24/2014,4,169
01/24/2014,7,180
01/24/2014,10,194
01/24/2014,13,206
01/24/2014,16,211
01/24/2014,19,214
01/24/2014,22,218
01/25/2014,1,224
01/25/2014,4,227
01/25/2014,7,230
01/25/2014,10,236
01/25/2014,13,242
01/25/2014,16,240
01/25/2014,19,238
01/25/2014,22,235
01/26/2014,1,232
01/26/2014,4,234
01/26/2014,7,240
01/26/2014,10,244
01/26/2014,13,244
01/26/2014,16,244
01/26/2014,19,242
01/26/2014,22,237
01/27/2014,1,234
01/27/2014,4,235
01/27/2014,7,240
01/27/2014,10,258
01/27/2014,13,260
01/27/2014,16,256
01/27/2014,19,250
01/27/2014,22,246
01/28/2014,1,240
01/28/2014,4,238
01/28/2014,7,252
01/28/2014,10,259
01/28/2014,13,266
01/28/2014,16,262
01/28/2014,19,256
01/28/2014,22,250
01/29/2014,1,246
01/29/2014,4,248
01/29/2014,7,260
01/29/2014,10,271
01/29/2014,13,274
01/29/2014,16,268
01/29/2014,19,258
01/29/2014,22,246
01/30/2014,1,236
01/30/2014,4,232
01/30/2014,7,228
01/30/2014,10,228
01/30/2014,13,228
01/30/2014,16,214
01/30/2014,19,200
01/30/2014,22,175
01/31/2014,1,150
01/31/2014,4,143
01/31/2014,7,136
01/31/2014,10,144
01/31/2014,13,152
01/31/2014,16,142
01/31/2014,19,132
01/31/2014,22,116
02/01/2014,1,100
02/01/2014,4,92
02/01/2014,7,84
02/01/2014,10,109
02/01/2014,13,134
02/01/2014,16,119
02/01/2014,19,104
02/01/2014,22,93
02/02/2014,1,82
02/02/2014,4,72
02/02/2014,7,62
02/02/2014,10,100
02/02/2014,13,138
02/02/2014,16,122
02/02/2014,19,106
02/02/2014,22,91
02/03/2014,1,76
02/03/2014,4,59
02/03/2014,7,42
02/03/2014,10,71
02/03/2014,13,100
02/03/2014,16,91
02/03/2014,19,82
02/03/2014,22,65
02/04/2014,1,48
02/04/2014,4,36
02/04/2014,7,24
02/04/2014,10,53
02/04/2014,13,82
02/04/2014,16,74
02/04/2014,19,66
02/04/2014,22,54
02/05/2014,1,42
02/05/2014,4,34
02/05/2014,7,26
02/05/2014,10,51
02/05/2014,13,76
02/05/2014,16,75
02/05/2014,19,74
02/05/2014,22,82
02/06/2014,1,90
02/06/2014,4,101
02/06/2014,7,108
02/06/2014,10,129
02/06/2014,13,142
02/06/2014,16,148
02/06/2014,19,154
02/06/2014,22,171
02/07/2014,1,194
02/07/2014,4,207
02/07/2014,7,212
02/07/2014,10,221
02/07/2014,13,224
02/07/2014,16,227
02/07/2014,19,230
02/07/2014,22,227
02/08/2014,1,230
02/08/2014,4,244
02/08/2014,7,252
02/08/2014,10,253
02/08/2014,13,254
02/08/2014,16,251
02/08/2014,19,248
02/08/2014,22,242
02/09/2014,1,242
02/09/2014,4,248
02/09/2014,7,252
02/09/2014,10,261
02/09/2014,13,262
02/09/2014,16,257
02/09/2014,19,250
02/09/2014,22,244
02/10/2014,1,242
02/10/2014,4,245
02/10/2014,7,250
02/10/2014,10,254
02/10/2014,13,254
02/10/2014,16,250
02/10/2014,19,244
02/10/2014,22,236
02/11/2014,1,236
02/11/2014,4,243
02/11/2014,7,250
02/11/2014,10,261
02/11/2014,13,258
02/11/2014,16,252
02/11/2014,19,246
02/11/2014,22,237
02/12/2014,1,232
02/12/2014,4,232
02/12/2014,7,242
02/12/2014,10,255
02/12/2014,13,258
02/12/2014,16,250
02/12/2014,19,244
02/12/2014,22,238
02/13/2014,1,230
02/13/2014,4,231
02/13/2014,7,234
02/13/2014,10,246
02/13/2014,13,250
02/13/2014,16,240
02/13/2014,19,234
02/13/2014,22,231
02/14/2014,1,228
02/14/2014,4,229
02/14/2014,7,232
02/14/2014,10,244
02/14/2014,13,248
02/14/2014,16,244
02/14/2014,19,230
02/14/2014,22,222
02/15/2014,1,214
02/15/2014,4,208
02/15/2014,7,202
02/15/2014,10,209
02/15/2014,13,216
02/15/2014,16,210
02/15/2014,19,204
02/15/2014,22,193
02/16/2014,1,182
02/16/2014,4,171
02/16/2014,7,160
02/16/2014,10,170
02/16/2014,13,180
02/16/2014,16,169
02/16/2014,19,158
02/16/2014,22,140
02/17/2014,1,122
02/17/2014,4,106
02/17/2014,7,90
02/17/2014,10,107
02/17/2014,13,124
02/17/2014,16,115
02/17/2014,19,106
02/17/2014,22,93
02/18/2014,1,80
02/18/2014,4,66
02/18/2014,7,52
02/18/2014,10,73
02/18/2014,13,94
02/18/2014,16,87
02/18/2014,19,80
02/18/2014,22,68
02/19/2014,1,56
02/19/2014,4,45
02/19/2014,7,34
02/19/2014,10,38
02/19/2014,13,42
02/19/2014,16,41
02/19/2014,19,40
02/19/2014,22,39
02/20/2014,1,38
02/20/2014,4,37
02/20/2014,7,36
02/20/2014,10,53
02/20/2014,13,70
02/20/2014,16,65
02/20/2014,19,60
02/20/2014,22,58
02/21/2014,1,56
02/21/2014,4,64
02/21/2014,7,72
02/21/2014,10,76
02/21/2014,13,80
02/21/2014,16,77
02/21/2014,19,74
02/21/2014,22,85
02/22/2014,1,96
02/22/2014,4,103
02/22/2014,7,110
02/22/2014,10,105
02/22/2014,13,100
02/22/2014,16,93
02/22/2014,19,86
02/22/2014,22,99
02/23/2014,1,112
02/23/2014,4,125
02/23/2014,7,138
02/23/2014,10,129
02/23/2014,13,120
02/23/2014,16,108
02/23/2014,19,96
02/23/2014,22,111
02/24/2014,1,126
02/24/2014,4,140
02/24/2014,7,154
02/24/2014,10,136
02/24/2014,13,118
02/24/2014,16,106
02/24/2014,19,94
02/24/2014,22,107
02/25/2014,1,120
02/25/2014,4,132
02/25/2014,7,144
02/25/2014,10,134
02/25/2014,13,124
02/25/2014,16,110
02/25/2014,19,96
02/25/2014,22,106
02/26/2014,1,116
02/26/2014,4,125
02/26/2014,7,134
02/26/2014,10,134
02/26/2014,13,134
02/26/2014,16,125
02/26/2014,19,116
02/26/2014,22,112
02/27/2014,1,108
02/27/2014,4,118
02/27/2014,7,128
02/27/2014,10,134
02/27/2014,13,140
02/27/2014,16,132
02/27/2014,19,124
02/27/2014,22,111
02/28/2014,1,98
02/28/2014,4,105
02/28/2014,7,112
02/28/2014,10,123
02/28/2014,13,134
02/28/2014,16,121
02/28/2014,19,108
02/28/2014,22,97
03/01/2014,1,86
03/01/2014,4,93
03/01/2014,7,100
03/01/2014,10,111
03/01/2014,13,122
03/01/2014,16,116
03/01/2014,19,110
03/01/2014,22,96
03/02/2014,1,82
03/02/2014,4,86
03/02/2014,7,90
03/02/2014,10,112
03/02/2014,13,134
03/02/2014,16,125
03/02/2014,19,116
03/02/2014,22,105
03/03/2014,1,94
03/03/2014,4,82
03/03/2014,7,70
03/03/2014,10,92
03/03/2014,13,114
03/03/2014,16,111
03/03/2014,19,108
03/03/2014,22,97
03/04/2014,1,86
03/04/2014,4,75
03/04/2014,7,64
03/04/2014,10,80
03/04/2014,13,96
03/04/2014,16,104
03/04/2014,19,112
03/04/2014,22,102
03/05/2014,1,92
03/05/2014,4,83
03/05/2014,7,74
03/05/2014,10,88
03/05/2014,13,102
03/05/2014,16,87
03/05/2014,19,72
03/05/2014,22,72
03/06/2014,1,72
03/06/2014,4,78
03/06/2014,7,84
03/06/2014,10,81
03/06/2014,13,78
03/06/2014,16,66
03/06/2014,19,54
03/06/2014,22,64
03/07/2014,1,74
03/07/2014,4,90
03/07/2014,7,106
03/07/2014,10,98
03/07/2014,13,90
03/07/2014,16,81
03/07/2014,19,72
03/07/2014,22,81
03/08/2014,1,90
03/08/2014,4,107
03/08/2014,7,124
03/08/2014,10,115
03/08/2014,13,106
03/08/2014,16,97
03/08/2014,19,88
03/08/2014,22,99
03/09/2014,1,110
03/09/2014,4,126
03/09/2014,7,142
03/09/2014,10,134
03/09/2014,13,126
03/09/2014,16,114
03/09/2014,19,102
03/09/2014,22,110
03/10/2014,1,118
03/10/2014,4,128
03/10/2014,7,138
03/10/2014,10,127
03/10/2014,13,116
03/10/2014,16,105
03/10/2014,19,94
03/10/2014,22,103
03/11/2014,1,112
03/11/2014,4,123
03/11/2014,7,134
03/11/2014,10,124
03/11/2014,13,114
03/11/2014,16,103
03/11/2014,19,92
03/11/2014,22,103
03/12/2014,1,114
03/12/2014,4,123
03/12/2014,7,132
03/12/2014,10,132
03/12/2014,13,132
03/12/2014,16,122
03/12/2014,19,112
03/12/2014,22,105
03/13/2014,1,98
03/13/2014,4,114
03/13/2014,7,130
03/13/2014,10,136
03/13/2014,13,142
03/13/2014,16,126
03/13/2014,19,110
03/13/2014,22,102
03/14/2014,1,94
03/14/2014,4,104
03/14/2014,7,114
03/14/2014,10,121
03/14/2014,13,128
03/14/2014,16,118
03/14/2014,19,108
03/14/2014,22,97
03/15/2014,1,86
03/15/2014,4,95
03/15/2014,7,104
03/15/2014,10,117
03/15/2014,13,130
03/15/2014,16,121
03/15/2014,19,112
03/15/2014,22,102
03/16/2014,1,92
03/16/2014,4,103
03/16/2014,7,114
03/16/2014,10,126
03/16/2014,13,138
03/16/2014,16,130
03/16/2014,19,122
03/16/2014,22,114
03/17/2014,1,106
03/17/2014,4,103
03/17/2014,7,100
03/17/2014,10,110
03/17/2014,13,120
03/17/2014,16,115
03/17/2014,19,110
03/17/2014,22,99
03/18/2014,1,88
03/18/2014,4,81
03/18/2014,7,74
03/18/2014,10,82
03/18/2014,13,90
03/18/2014,16,96
03/18/2014,19,102
03/18/2014,22,102
03/19/2014,1,102
03/19/2014,4,100
03/19/2014,7,98
03/19/2014,10,101
03/19/2014,13,104
03/19/2014,16,110
03/19/2014,19,116
03/19/2014,22,114
03/20/2014,1,112
03/20/2014,4,108
03/20/2014,7,104
03/20/2014,10,112
03/20/2014,13,120
03/20/2014,16,113
03/20/2014,19,106
03/20/2014,22,112
03/21/2014,1,118
03/21/2014,4,124
03/21/2014,7,130
03/21/2014,10,120
03/21/2014,13,110
03/21/2014,16,104
03/21/2014,19,98
03/21/2014,22,105
03/22/2014,1,112
03/22/2014,4,125
03/22/2014,7,138
03/22/2014,10,129
03/22/2014,13,120
03/22/2014,16,113
03/22/2014,19,106
03/22/2014,22,119
03/23/2014,1,132
03/23/2014,4,143
03/23/2014,7,154
03/23/2014,10,146
03/23/2014,13,138
03/23/2014,16,130
03/23/2014,19,122
03/23/2014,22,131
03/24/2014,1,140
03/24/2014,4,154
03/24/2014,7,168
03/24/2014,10,159
03/24/2014,13,150
03/24/2014,16,142
03/24/2014,19,134
03/24/2014,22,143
03/25/2014,1,152
03/25/2014,4,165
03/25/2014,7,178
03/25/2014,10,166
03/25/2014,13,154
03/25/2014,16,146
03/25/2014,19,138
03/25/2014,22,150
03/26/2014,1,162
03/26/2014,4,171
03/26/2014,7,180
03/26/2014,10,172
03/26/2014,13,164
03/26/2014,16,153
03/26/2014,19,142
03/26/2014,22,148
03/27/2014,1,154
03/27/2014,4,165
03/27/2014,7,176
03/27/2014,10,169
03/27/2014,13,162
03/27/2014,16,154
03/27/2014,19,146
03/27/2014,22,151
03/28/2014,1,156
03/28/2014,4,163
03/28/2014,7,170
03/28/2014,10,172
03/28/2014,13,174
03/28/2014,16,165
03/28/2014,19,156
03/28/2014,22,149
03/29/2014,1,142
03/29/2014,4,146
03/29/2014,7,150
03/29/2014,10,157
03/29/2014,13,164
03/29/2014,16,156
03/29/2014,19,148
03/29/2014,22,140
03/30/2014,1,132
03/30/2014,4,134
03/30/2014,7,136
03/30/2014,10,145
03/30/2014,13,154
03/30/2014,16,150
03/30/2014,19,146
03/30/2014,22,138
03/31/2014,1,130
03/31/2014,4,124
03/31/2014,7,118
03/31/2014,10,122
03/31/2014,13,126
03/31/2014,16,132
03/31/2014,19,138
03/31/2014,22,126
04/01/2014,1,114
04/01/2014,4,105
04/01/2014,7,96
04/01/2014,10,92
04/01/2014,13,88
04/01/2014,16,96
04/01/2014,19,104
04/01/2014,22,110
04/02/2014,1,116
04/02/2014,4,107
04/02/2014,7,98
04/02/2014,10,91
04/02/2014,13,84
04/02/2014,16,92
04/02/2014,19,100
04/02/2014,22,113
04/03/2014,1,126
04/03/2014,4,118
04/03/2014,7,110
04/03/2014,10,101
04/03/2014,13,92
04/03/2014,16,88
04/03/2014,19,84
04/03/2014,22,93
04/04/2014,1,102
04/04/2014,4,115
04/04/2014,7,128
04/04/2014,10,118
04/04/2014,13,108
04/04/2014,16,101
04/04/2014,19,94
04/04/2014,22,100
04/05/2014,1,106
04/05/2014,4,115
04/05/2014,7,124
04/05/2014,10,113
04/05/2014,13,102
04/05/2014,16,97
04/05/2014,19,92
04/05/2014,22,105
04/06/2014,1,118
04/06/2014,4,133
04/06/2014,7,148
04/06/2014,10,136
04/06/2014,13,124
04/06/2014,16,111
04/06/2014,19,98
04/06/2014,22,115
04/07/2014,1,132
04/07/2014,4,150
04/07/2014,7,168
04/07/2014,10,160
04/07/2014,13,152
04/07/2014,16,139
04/07/2014,19,126
04/07/2014,22,138
04/08/2014,1,150
04/08/2014,4,166
04/08/2014,7,182
04/08/2014,10,179
04/08/2014,13,176
04/08/2014,16,170
04/08/2014,19,164
04/08/2014,22,160
04/09/2014,1,156
04/09/2014,4,179
04/09/2014,7,202
04/09/2014,10,202
04/09/2014,13,202
04/09/2014,16,193
04/09/2014,19,184
04/09/2014,22,178
04/10/2014,1,172
04/10/2014,4,185
04/10/2014,7,198
04/10/2014,10,194
04/10/2014,13,190
04/10/2014,16,183
04/10/2014,19,176
04/10/2014,22,173
04/11/2014,1,170
04/11/2014,4,177
04/11/2014,7,184
04/11/2014,10,186
04/11/2014,13,188
04/11/2014,16,181
04/11/2014,19,174
04/11/2014,22,170
04/12/2014,1,166
04/12/2014,4,173
04/12/2014,7,180
04/12/2014,10,182
04/12/2014,13,184
04/12/2014,16,178
04/12/2014,19,172
04/12/2014,22,179
04/13/2014,1,186
04/13/2014,4,197
04/13/2014,7,208
04/13/2014,10,213
04/13/2014,13,218
04/13/2014,16,214
04/13/2014,19,210
04/13/2014,22,199
04/14/2014,1,188
04/14/2014,4,193
04/14/2014,7,198
04/14/2014,10,200
04/14/2014,13,202
04/14/2014,16,199
04/14/2014,19,196
04/14/2014,22,189
04/15/2014,1,182
04/15/2014,4,186
04/15/2014,7,190
04/15/2014,10,193
04/15/2014,13,196
04/15/2014,16,190
04/15/2014,19,184
04/15/2014,22,181
04/16/2014,1,178
04/16/2014,4,189
04/16/2014,7,200
04/16/2014,10,198
04/16/2014,13,196
04/16/2014,16,191
04/16/2014,19,186
04/16/2014,22,194
04/17/2014,1,202
04/17/2014,4,207
04/17/2014,7,212
04/17/2014,10,212
04/17/2014,13,212
04/17/2014,16,209
04/17/2014,19,206
04/17/2014,22,211
04/18/2014,1,216
04/18/2014,4,218
04/18/2014,7,220
04/18/2014,10,215
04/18/2014,13,210
04/18/2014,16,207
04/18/2014,19,204
04/18/2014,22,210
04/19/2014,1,216
04/19/2014,4,220
04/19/2014,7,224
04/19/2014,10,218
04/19/2014,13,212
04/19/2014,16,205
04/19/2014,19,198
04/19/2014,22,204
04/20/2014,1,210
04/20/2014,4,219
04/20/2014,7,228
04/20/2014,10,222
04/20/2014,13,216
04/20/2014,16,209
04/20/2014,19,202
04/20/2014,22,210
04/21/2014,1,218
04/21/2014,4,224
04/21/2014,7,230
04/21/2014,10,224
04/21/2014,13,218
04/21/2014,16,212
04/21/2014,19,206
04/21/2014,22,210
04/22/2014,1,214
04/22/2014,4,221
04/22/2014,7,228
04/22/2014,10,224
04/22/2014,13,220
04/22/2014,16,214
04/22/2014,19,208
04/22/2014,22,210
04/23/2014,1,212
04/23/2014,4,218
04/23/2014,7,224
04/23/2014,10,219
04/23/2014,13,214
04/23/2014,16,208
04/23/2014,19,202
04/23/2014,22,206
04/24/2014,1,210
04/24/2014,4,218
04/24/2014,7,226
04/24/2014,10,228
04/24/2014,13,230
04/24/2014,16,221
04/24/2014,19,212
04/24/2014,22,215
04/25/2014,1,218
04/25/2014,4,223
04/25/2014,7,228
04/25/2014,10,226
04/25/2014,13,224
04/25/2014,16,216
04/25/2014,19,208
04/25/2014,22,210
04/26/2014,1,212
04/26/2014,4,216
04/26/2014,7,220
04/26/2014,10,218
04/26/2014,13,216
04/26/2014,16,211
04/26/2014,19,206
04/26/2014,22,203
04/27/2014,1,200
04/27/2014,4,205
04/27/2014,7,210
04/27/2014,10,209
04/27/2014,13,208
04/27/2014,16,206
04/27/2014,19,204
04/27/2014,22,206
04/28/2014,1,208
04/28/2014,4,212
04/28/2014,7,216
04/28/2014,10,214
04/28/2014,13,212
04/28/2014,16,208
04/28/2014,19,204
04/28/2014,22,210
04/29/2014,1,216
04/29/2014,4,224
04/29/2014,7,232
04/29/2014,10,232
04/29/2014,13,232
04/29/2014,16,229
04/29/2014,19,226
04/29/2014,22,223
04/30/2014,1,220
04/30/2014,4,224
04/30/2014,7,228
04/30/2014,10,232
04/30/2014,13,236
04/30/2014,16,243
04/30/2014,19,250
04/30/2014,22,255
05/01/2014,1,260
05/01/2014,4,263
05/01/2014,7,266
05/01/2014,10,258
05/01/2014,13,250
05/01/2014,16,247
05/01/2014,19,244
05/01/2014,22,252
05/02/2014,1,260
05/02/2014,4,255
05/02/2014,7,250
05/02/2014,10,243
05/02/2014,13,236
05/02/2014,16,232
05/02/2014,19,228
05/02/2014,22,245
05/03/2014,1,262
05/03/2014,4,255
05/03/2014,7,248
05/03/2014,10,240
05/03/2014,13,232
05/03/2014,16,231
05/03/2014,19,230
05/03/2014,22,244
05/04/2014,1,258
05/04/2014,4,262
05/04/2014,7,266
05/04/2014,10,259
05/04/2014,13,252
05/04/2014,16,245
05/04/2014,19,238
05/04/2014,22,249
05/05/2014,1,260
05/05/2014,4,270
05/05/2014,7,280
05/05/2014,10,273
05/05/2014,13,266
05/05/2014,16,260
05/05/2014,19,254
05/05/2014,22,250
05/06/2014,1,246
05/06/2014,4,254
05/06/2014,7,262
05/06/2014,10,260
05/06/2014,13,258
05/06/2014,16,254
05/06/2014,19,250
05/06/2014,22,253
05/07/2014,1,256
05/07/2014,4,262
05/07/2014,7,268
05/07/2014,10,266
05/07/2014,13,264
05/07/2014,16,258
05/07/2014,19,252
05/07/2014,22,256
05/08/2014,1,260
05/08/2014,4,265
05/08/2014,7,270
05/08/2014,10,268
05/08/2014,13,266
05/08/2014,16,260
05/08/2014,19,254
05/08/2014,22,256
05/09/2014,1,258
05/09/2014,4,263
05/09/2014,7,268
05/09/2014,10,266
05/09/2014,13,264
05/09/2014,16,257
05/09/2014,19,250
05/09/2014,22,251
05/10/2014,1,252
05/10/2014,4,256
05/10/2014,7,260
05/10/2014,10,259
05/10/2014,13,258
05/10/2014,16,252
05/10/2014,19,246
05/10/2014,22,247
05/11/2014,1,248
05/11/2014,4,250
05/11/2014,7,252
05/11/2014,10,252
05/11/2014,13,252
05/11/2014,16,251
05/11/2014,19,250
05/11/2014,22,249
05/12/2014,1,248
05/12/2014,4,248
05/12/2014,7,248
05/12/2014,10,244
05/12/2014,13,240
05/12/2014,16,238
05/12/2014,19,236
05/12/2014,22,234
05/13/2014,1,232
05/13/2014,4,231
05/13/2014,7,230
05/13/2014,10,227
05/13/2014,13,224
05/13/2014,16,230
05/13/2014,19,236
05/13/2014,22,239
05/14/2014,1,242
05/14/2014,4,244
05/14/2014,7,246
05/14/2014,10,242
05/14/2014,13,238
05/14/2014,16,239
05/14/2014,19,240
05/14/2014,22,242
05/15/2014,1,244
05/15/2014,4,242
05/15/2014,7,240
05/15/2014,10,235
05/15/2014,13,230
05/15/2014,16,233
05/15/2014,19,236
05/15/2014,22,239
05/16/2014,1,242
05/16/2014,4,241
05/16/2014,7,240
05/16/2014,10,233
05/16/2014,13,226
05/16/2014,16,224
05/16/2014,19,222
05/16/2014,22,226
05/17/2014,1,230
05/17/2014,4,235
05/17/2014,7,240
05/17/2014,10,238
05/17/2014,13,236
05/17/2014,16,235
05/17/2014,19,234
05/17/2014,22,238
05/18/2014,1,242
05/18/2014,4,250
05/18/2014,7,258
05/18/2014,10,251
05/18/2014,13,244
05/18/2014,16,245
05/18/2014,19,246
05/18/2014,22,252
05/19/2014,1,258
05/19/2014,4,264
05/19/2014,7,270
05/19/2014,10,264
05/19/2014,13,258
05/19/2014,16,253
05/19/2014,19,248
05/19/2014,22,255
05/20/2014,1,262
05/20/2014,4,271
05/20/2014,7,280
05/20/2014,10,276
05/20/2014,13,272
05/20/2014,16,267
05/20/2014,19,262
05/20/2014,22,266
05/21/2014,1,270
05/21/2014,4,277
05/21/2014,7,284
05/21/2014,10,280
05/21/2014,13,276
05/21/2014,16,271
05/21/2014,19,266
05/21/2014,22,267
05/22/2014,1,268
05/22/2014,4,270
05/22/2014,7,272
05/22/2014,10,267
05/22/2014,13,262
05/22/2014,16,255
05/22/2014,19,248
05/22/2014,22,252
05/23/2014,1,256
05/23/2014,4,260
05/23/2014,7,264
05/23/2014,10,262
05/23/2014,13,260
05/23/2014,16,252.5
05/23/2014,19,245
05/23/2014,22,239.5
05/24/2014,1,234
05/24/2014,4,231
05/24/2014,7,228
05/24/2014,10,231
05/24/2014,13,234
05/24/2014,16,237
05/24/2014,19,240
05/24/2014,22,236
05/25/2014,1,232
05/25/2014,4,221
05/25/2014,7,210
05/25/2014,10,207
05/25/2014,13,204
05/25/2014,16,202
05/25/2014,19,200
05/25/2014,22,185
05/26/2014,1,170
05/26/2014,4,162
05/26/2014,7,154
05/26/2014,10,145
05/26/2014,13,136
05/26/2014,16,141
05/26/2014,19,146
05/26/2014,22,141
05/27/2014,1,136
05/27/2014,4,130
05/27/2014,7,124
05/27/2014,10,122
05/27/2014,13,120
05/27/2014,16,138
05/27/2014,19,156
05/27/2014,22,159
05/28/2014,1,162
05/28/2014,4,164
05/28/2014,7,166
05/28/2014,10,159
05/28/2014,13,152
05/28/2014,16,165
05/28/2014,19,178
05/28/2014,22,180
05/29/2014,1,182
05/29/2014,4,183
05/29/2014,7,184
05/29/2014,10,176
05/29/2014,13,168
05/29/2014,16,172
05/29/2014,19,176
05/29/2014,22,183
05/30/2014,1,190
05/30/2014,4,192
05/30/2014,7,194
05/30/2014,10,194
05/30/2014,13,194
05/30/2014,16,187
05/30/2014,19,180
05/30/2014,22,188
05/31/2014,1,196
05/31/2014,4,207
05/31/2014,7,218
05/31/2014,10,210
05/31/2014,13,202
05/31/2014,16,198
05/31/2014,19,194
05/31/2014,22,200
06/01/2014,1,206
06/01/2014,4,211
06/01/2014,7,216
06/01/2014,10,208
06/01/2014,13,200
06/01/2014,16,192
06/01/2014,19,184
06/01/2014,22,189
06/02/2014,1,194
06/02/2014,4,203
06/02/2014,7,212
06/02/2014,10,196
06/02/2014,13,180
06/02/2014,16,174
06/02/2014,19,168
06/02/2014,22,177
06/03/2014,1,186
06/03/2014,4,194
06/03/2014,7,202
06/03/2014,10,196
06/03/2014,13,190
06/03/2014,16,181
06/03/2014,19,172
06/03/2014,22,176
06/04/2014,1,180
06/04/2014,4,189
06/04/2014,7,198
06/04/2014,10,189
06/04/2014,13,180
06/04/2014,16,174
06/04/2014,19,168
06/04/2014,22,178
06/05/2014,1,188
06/05/2014,4,200
06/05/2014,7,212
06/05/2014,10,203
06/05/2014,13,194
06/05/2014,16,188
06/05/2014,19,182
06/05/2014,22,186
06/06/2014,1,190
06/06/2014,4,199
06/06/2014,7,208
06/06/2014,10,206
06/06/2014,13,204
06/06/2014,16,191
06/06/2014,19,178
06/06/2014,22,175
06/07/2014,1,172
06/07/2014,4,176
06/07/2014,7,180
06/07/2014,10,175
06/07/2014,13,170
06/07/2014,16,172
06/07/2014,19,174
06/07/2014,22,171
06/08/2014,1,168
06/08/2014,4,169
06/08/2014,7,170
06/08/2014,10,167
06/08/2014,13,164
06/08/2014,16,166
06/08/2014,19,168
06/08/2014,22,172
06/09/2014,1,176
06/09/2014,4,175
06/09/2014,7,174
06/09/2014,10,172
06/09/2014,13,170
06/09/2014,16,174
06/09/2014,19,178
06/09/2014,22,184
06/10/2014,1,190
06/10/2014,4,196
06/10/2014,7,202
06/10/2014,10,205
06/10/2014,13,208
06/10/2014,16,216
06/10/2014,19,224
06/10/2014,22,228
06/11/2014,1,232
06/11/2014,4,236
06/11/2014,7,240
06/11/2014,10,237
06/11/2014,13,234
06/11/2014,16,239
06/11/2014,19,244
06/11/2014,22,252
06/12/2014,1,260
06/12/2014,4,258
06/12/2014,7,256
06/12/2014,10,256
06/12/2014,13,256
06/12/2014,16,265
06/12/2014,19,274
06/12/2014,22,288
06/13/2014,1,302
06/13/2014,4,308
06/13/2014,7,314
06/13/2014,10,310
06/13/2014,13,306
06/13/2014,16,305
06/13/2014,19,304
06/13/2014,22,311
06/14/2014,1,318
06/14/2014,4,321
06/14/2014,7,324
06/14/2014,10,318
06/14/2014,13,312
06/14/2014,16,301
06/14/2014,19,290
06/14/2014,22,290
06/15/2014,1,290
06/15/2014,4,290
06/15/2014,7,290
06/15/2014,10,277
06/15/2014,13,264
06/15/2014,16,252
06/15/2014,19,240
06/15/2014,22,238
06/16/2014,1,236
06/16/2014,4,243
06/16/2014,7,250
06/16/2014,10,236
06/16/2014,13,222
06/16/2014,16,209
06/16/2014,19,196
06/16/2014,22,204
06/17/2014,1,212
06/17/2014,4,223
06/17/2014,7,234
06/17/2014,10,226
06/17/2014,13,218
06/17/2014,16,213
06/17/2014,19,208
06/17/2014,22,216
06/18/2014,1,224
06/18/2014,4,235
06/18/2014,7,246
06/18/2014,10,240
06/18/2014,13,234
06/18/2014,16,227
06/18/2014,19,220
06/18/2014,22,228
06/19/2014,1,236
06/19/2014,4,247
06/19/2014,7,258
06/19/2014,10,255
06/19/2014,13,252
06/19/2014,16,249
06/19/2014,19,246
06/19/2014,22,250
06/20/2014,1,254
06/20/2014,4,260
06/20/2014,7,266
06/20/2014,10,269
06/20/2014,13,272
06/20/2014,16,274
06/20/2014,19,276
06/20/2014,22,280
06/21/2014,1,284
06/21/2014,4,290
06/21/2014,7,296
06/21/2014,10,298
06/21/2014,13,300
06/21/2014,16,297
06/21/2014,19,294
06/21/2014,22,289
06/22/2014,1,284
06/22/2014,4,285
06/22/2014,7,286
06/22/2014,10,282
06/22/2014,13,278
06/22/2014,16,274
06/22/2014,19,270
06/22/2014,22,266
06/23/2014,1,262
06/23/2014,4,256
06/23/2014,7,250
06/23/2014,10,243
06/23/2014,13,236
06/23/2014,16,226
06/23/2014,19,216
06/23/2014,22,216
06/24/2014,1,216
06/24/2014,4,213
06/24/2014,7,210
06/24/2014,10,208
06/24/2014,13,206
06/24/2014,16,212
06/24/2014,19,218
06/24/2014,22,225
06/25/2014,1,232
06/25/2014,4,230
06/25/2014,7,228
06/25/2014,10,226
06/25/2014,13,224
06/25/2014,16,229
06/25/2014,19,234
06/25/2014,22,238
06/26/2014,1,242
06/26/2014,4,237
06/26/2014,7,232
06/26/2014,10,225
06/26/2014,13,218
06/26/2014,16,218
06/26/2014,19,218
06/26/2014,22,220
06/27/2014,1,222
06/27/2014,4,226
06/27/2014,7,230
06/27/2014,10,228
06/27/2014,13,226
06/27/2014,16,222
06/27/2014,19,218
06/27/2014,22,216
06/28/2014,1,214
06/28/2014,4,219
06/28/2014,7,224
06/28/2014,10,218
06/28/2014,13,212
06/28/2014,16,211
06/28/2014,19,210
06/28/2014,22,215
06/29/2014,1,220
06/29/2014,4,227
06/29/2014,7,234
06/29/2014,10,229
06/29/2014,13,224
06/29/2014,16,222
06/29/2014,19,220
06/29/2014,22,226
06/30/2014,1,232
06/30/2014,4,236
06/30/2014,7,240
06/30/2014,10,229
06/30/2014,13,218
06/30/2014,16,206
06/30/2014,19,194
06/30/2014,22,200
07/01/2014,1,206
07/01/2014,4,213
07/01/2014,7,220
07/01/2014,10,219
07/01/2014,13,218
07/01/2014,16,218
07/01/2014,19,218
07/01/2014,22,226
07/02/2014,1,234
07/02/2014,4,243
07/02/2014,7,252
07/02/2014,10,250
07/02/2014,13,248
07/02/2014,16,245
07/02/2014,19,242
07/02/2014,22,251
07/03/2014,1,260
07/03/2014,4,271
07/03/2014,7,282
07/03/2014,10,282
07/03/2014,13,282
07/03/2014,16,280
07/03/2014,19,278
07/03/2014,22,274
07/04/2014,1,270
07/04/2014,4,281
07/04/2014,7,292
07/04/2014,10,288
07/04/2014,13,284
07/04/2014,16,277
07/04/2014,19,270
07/04/2014,22,266
07/05/2014,1,262
07/05/2014,4,265
07/05/2014,7,268
07/05/2014,10,263
07/05/2014,13,258
07/05/2014,16,253
07/05/2014,19,248
07/05/2014,22,242
07/06/2014,1,236
07/06/2014,4,239
07/06/2014,7,242
07/06/2014,10,239
07/06/2014,13,236
07/06/2014,16,246
07/06/2014,19,256
07/06/2014,22,262
07/07/2014,1,268
07/07/2014,4,271
07/07/2014,7,274
07/07/2014,10,271
07/07/2014,13,268
07/07/2014,16,261
07/07/2014,19,254
07/07/2014,22,246
07/08/2014,1,238
07/08/2014,4,234
07/08/2014,7,230
07/08/2014,10,229
07/08/2014,13,228
07/08/2014,16,230
07/08/2014,19,232
07/08/2014,22,236
07/09/2014,1,240
07/09/2014,4,246
07/09/2014,7,252
07/09/2014,10,256
07/09/2014,13,260
07/09/2014,16,265
07/09/2014,19,270
07/09/2014,22,276
07/10/2014,1,282
07/10/2014,4,278
07/10/2014,7,274
07/10/2014,10,271
07/10/2014,13,268
07/10/2014,16,269
07/10/2014,19,270
07/10/2014,22,273
07/11/2014,1,276
07/11/2014,4,279
07/11/2014,7,282
07/11/2014,10,280
07/11/2014,13,278
07/11/2014,16,284
07/11/2014,19,290
07/11/2014,22,295
07/12/2014,1,300
07/12/2014,4,302
07/12/2014,7,304
07/12/2014,10,300
07/12/2014,13,296
07/12/2014,16,292
07/12/2014,19,288
07/12/2014,22,291
07/13/2014,1,294
07/13/2014,4,301
07/13/2014,7,308
07/13/2014,10,304
07/13/2014,13,300
07/13/2014,16,290
07/13/2014,19,280
07/13/2014,22,284
07/14/2014,1,288
07/14/2014,4,295
07/14/2014,7,302
07/14/2014,10,298
07/14/2014,13,294
07/14/2014,16,290
07/14/2014,19,286
07/14/2014,22,300
07/15/2014,1,314
07/15/2014,4,318
07/15/2014,7,322
07/15/2014,10,316
07/15/2014,13,310
07/15/2014,16,304
07/15/2014,19,298
07/15/2014,22,302
07/16/2014,1,306
07/16/2014,4,310
07/16/2014,7,314
07/16/2014,10,311
07/16/2014,13,308
07/16/2014,16,304
07/16/2014,19,300
07/16/2014,22,303
07/17/2014,1,306
07/17/2014,4,311
07/17/2014,7,316
07/17/2014,10,315
07/17/2014,13,314
07/17/2014,16,308
07/17/2014,19,302
07/17/2014,22,305
07/18/2014,1,308
07/18/2014,4,312
07/18/2014,7,316
07/18/2014,10,319
07/18/2014,13,322
07/18/2014,16,322
07/18/2014,19,322
07/18/2014,22,324
07/19/2014,1,326
07/19/2014,4,328
07/19/2014,7,332
07/19/2014,10,332
07/19/2014,13,332
07/19/2014,16,333
07/19/2014,19,334
07/19/2014,22,334
07/20/2014,1,334
07/20/2014,4,335
07/20/2014,7,336
07/20/2014,10,337
07/20/2014,13,338
07/20/2014,16,339
07/20/2014,19,340
07/20/2014,22,340
07/21/2014,1,340
07/21/2014,4,348
07/21/2014,7,370
07/21/2014,10,378
07/21/2014,13,390
07/21/2014,16,406
07/21/2014,19,420
07/21/2014,22,442
07/22/2014,1,464
07/22/2014,4,486
07/22/2014,7,506
07/22/2014,10,522
07/22/2014,13,534
07/22/2014,16,554
07/22/2014,19,570
07/22/2014,22,590
07/23/2014,1,608
07/23/2014,4,620
07/23/2014,7,626
07/23/2014,10,630
07/23/2014,13,632
07/23/2014,16,632
07/23/2014,19,632
07/23/2014,22,626
07/24/2014,1,620
07/24/2014,4,616
07/24/2014,7,612
07/24/2014,10,604
07/24/2014,13,592
07/24/2014,16,580
07/24/2014,19,582
07/24/2014,22,576
07/25/2014,1,560
07/25/2014,4,550
07/25/2014,7,540
07/25/2014,10,531
07/25/2014,13,522
07/25/2014,16,521
07/25/2014,19,520
07/25/2014,22,513
07/26/2014,1,506
07/26/2014,4,495
07/26/2014,7,484
07/26/2014,10,475
07/26/2014,13,466
07/26/2014,16,460
07/26/2014,19,454
07/26/2014,22,452
07/27/2014,1,450
07/27/2014,4,448
07/27/2014,7,446
07/27/2014,10,440
07/27/2014,13,434
07/27/2014,16,428
07/27/2014,19,422
07/27/2014,22,419
07/28/2014,1,416
07/28/2014,4,414
07/28/2014,7,412
07/28/2014,10,407
07/28/2014,13,402
07/28/2014,16,395
07/28/2014,19,388
07/28/2014,22,387
07/29/2014,1,386
07/29/2014,4,392
07/29/2014,7,398
07/29/2014,10,398
07/29/2014,13,398
07/29/2014,16,396
07/29/2014,19,394
07/29/2014,22,392
07/30/2014,1,390
07/30/2014,4,396
07/30/2014,7,402
07/30/2014,10,400
07/30/2014,13,398
07/30/2014,16,396
07/30/2014,19,394
07/30/2014,22,393
07/31/2014,1,392
07/31/2014,4,394
07/31/2014,7,396
07/31/2014,10,393
07/31/2014,13,390
07/31/2014,16,386
07/31/2014,19,382
07/31/2014,22,381
08/01/2014,1,380
08/01/2014,4,379
08/01/2014,7,378
08/01/2014,10,376
08/01/2014,13,374
08/01/2014,16,369
08/01/2014,19,364
08/01/2014,22,360
08/02/2014,1,356
08/02/2014,4,352
08/02/2014,7,348
08/02/2014,10,343
08/02/2014,13,338
08/02/2014,16,334
08/02/2014,19,330
08/02/2014,22,328
08/03/2014,1,326
08/03/2014,4,329
08/03/2014,7,332
08/03/2014,10,333
08/03/2014,13,334
08/03/2014,16,333
08/03/2014,19,332
08/03/2014,22,331
08/04/2014,1,330
08/04/2014,4,334
08/04/2014,7,338
08/04/2014,10,342
08/04/2014,13,346
08/04/2014,16,348
08/04/2014,19,350
08/04/2014,22,353
08/05/2014,1,356
08/05/2014,4,358
08/05/2014,7,360
08/05/2014,10,363
08/05/2014,13,366
08/05/2014,16,367
08/05/2014,19,368
08/05/2014,22,370
08/06/2014,1,372
08/06/2014,4,372
08/06/2014,7,372
08/06/2014,10,371
08/06/2014,13,370
08/06/2014,16,368
08/06/2014,19,366
08/06/2014,22,366
08/07/2014,1,366
08/07/2014,4,367
08/07/2014,7,368
08/07/2014,10,366
08/07/2014,13,364
08/07/2014,16,368
08/07/2014,19,372
08/07/2014,22,370
08/08/2014,1,368
08/08/2014,4,365
08/08/2014,7,362
08/08/2014,10,356
08/08/2014,13,350
08/08/2014,16,353
08/08/2014,19,356
08/08/2014,22,359
08/09/2014,1,362
08/09/2014,4,361
08/09/2014,7,360
08/09/2014,10,356
08/09/2014,13,352
08/09/2014,16,356
08/09/2014,19,360
08/09/2014,22,365
08/10/2014,1,370
08/10/2014,4,368
08/10/2014,7,366
08/10/2014,10,362
08/10/2014,13,358
08/10/2014,16,354
08/10/2014,19,350
08/10/2014,22,348
08/11/2014,1,346
08/11/2014,4,349
08/11/2014,7,352
08/11/2014,10,345
08/11/2014,13,338
08/11/2014,16,331
08/11/2014,19,324
08/11/2014,22,330
08/12/2014,1,336
08/12/2014,4,338
08/12/2014,7,340
08/12/2014,10,335
08/12/2014,13,330
08/12/2014,16,329
08/12/2014,19,328
08/12/2014,22,334
08/13/2014,1,340
08/13/2014,4,347
08/13/2014,7,354
08/13/2014,10,355
08/13/2014,13,356
08/13/2014,16,357
08/13/2014,19,358
08/13/2014,22,363
08/14/2014,1,368
08/14/2014,4,380
08/14/2014,7,392
08/14/2014,10,414
08/14/2014,13,436
08/14/2014,16,448
08/14/2014,19,460
08/14/2014,22,465
08/15/2014,1,470
08/15/2014,4,470
08/15/2014,7,470
08/15/2014,10,468
08/15/2014,13,466
08/15/2014,16,458
08/15/2014,19,450
08/15/2014,22,440
08/16/2014,1,430
08/16/2014,4,420
08/16/2014,7,410
08/16/2014,10,403
08/16/2014,13,396
08/16/2014,16,388
08/16/2014,19,380
08/16/2014,22,370
08/17/2014,1,360
08/17/2014,4,357
08/17/2014,7,354
08/17/2014,10,351
08/17/2014,13,348
08/17/2014,16,345
08/17/2014,19,342
08/17/2014,22,338
08/18/2014,1,334
08/18/2014,4,330
08/18/2014,7,326
08/18/2014,10,321
08/18/2014,13,316
08/18/2014,16,317
08/18/2014,19,318
08/18/2014,22,316
08/19/2014,1,314
08/19/2014,4,312
08/19/2014,7,310
08/19/2014,10,309
08/19/2014,13,308
08/19/2014,16,314
08/19/2014,19,320
08/19/2014,22,321
08/20/2014,1,322
08/20/2014,4,322
08/20/2014,7,322
08/20/2014,10,321
08/20/2014,13,320
08/20/2014,16,327
08/20/2014,19,334
08/20/2014,22,340
08/21/2014,1,346
08/21/2014,4,347
08/21/2014,7,348
08/21/2014,10,347
08/21/2014,13,346
08/21/2014,16,356
08/21/2014,19,366
08/21/2014,22,367
08/22/2014,1,368
08/22/2014,4,367
08/22/2014,7,366
08/22/2014,10,364
08/22/2014,13,362
08/22/2014,16,361
08/22/2014,19,360
08/22/2014,22,358
08/23/2014,1,356
08/23/2014,4,354
08/23/2014,7,352
08/23/2014,10,345
08/23/2014,13,338
08/23/2014,16,336
08/23/2014,19,334
08/23/2014,22,332
08/24/2014,1,330
08/24/2014,4,329
08/24/2014,7,328
08/24/2014,10,327
08/24/2014,13,326
08/24/2014,16,323
08/24/2014,19,320
08/24/2014,22,322
08/25/2014,1,324
08/25/2014,4,329
08/25/2014,7,334
08/25/2014,10,331
08/25/2014,13,328
08/25/2014,16,328
08/25/2014,19,328
08/25/2014,22,335
08/26/2014,1,342
08/26/2014,4,351
08/26/2014,7,360
08/26/2014,10,364
08/26/2014,13,368
08/26/2014,16,373
08/26/2014,19,378
08/26/2014,22,382
08/27/2014,1,386
08/27/2014,4,388
08/27/2014,7,390
08/27/2014,10,390
08/27/2014,13,390
08/27/2014,16,384
08/27/2014,19,378
08/27/2014,22,374
08/28/2014,1,370
08/28/2014,4,369
08/28/2014,7,368
08/28/2014,10,364
08/28/2014,13,360
08/28/2014,16,355
08/28/2014,19,350
08/28/2014,22,349
08/29/2014,1,348
08/29/2014,4,350
08/29/2014,7,352
08/29/2014,10,355
08/29/2014,13,358
08/29/2014,16,360
08/29/2014,19,362
08/29/2014,22,371
08/30/2014,1,380
08/30/2014,4,390
08/30/2014,7,400
08/30/2014,10,417
08/30/2014,13,434
08/30/2014,16,447
08/30/2014,19,460
08/30/2014,22,468
08/31/2014,1,476
08/31/2014,4,482
08/31/2014,7,488
08/31/2014,10,490
08/31/2014,13,492
08/31/2014,16,489
08/31/2014,19,486
08/31/2014,22,481
09/01/2014,1,476
09/01/2014,4,468
09/01/2014,7,460
09/01/2014,10,453
09/01/2014,13,446
09/01/2014,16,438
09/01/2014,19,430
09/01/2014,22,423
09/02/2014,1,416
09/02/2014,4,412
09/02/2014,7,408
09/02/2014,10,405
09/02/2014,13,402
09/02/2014,16,401
09/02/2014,19,400
09/02/2014,22,397
09/03/2014,1,394
09/03/2014,4,388
09/03/2014,7,382
09/03/2014,10,379
09/03/2014,13,376
09/03/2014,16,376
09/03/2014,19,376
09/03/2014,22,375
09/04/2014,1,374
09/04/2014,4,372
09/04/2014,7,370
09/04/2014,10,370
09/04/2014,13,370
09/04/2014,16,373
09/04/2014,19,376
09/04/2014,22,374
09/05/2014,1,372
09/05/2014,4,369
09/05/2014,7,366
09/05/2014,10,360
09/05/2014,13,354
09/05/2014,16,356
09/05/2014,19,358
09/05/2014,22,357
09/06/2014,1,356
09/06/2014,4,353
09/06/2014,7,350
09/06/2014,10,347
09/06/2014,13,344
09/06/2014,16,347
09/06/2014,19,350
09/06/2014,22,349
09/07/2014,1,348
09/07/2014,4,347
09/07/2014,7,346
09/07/2014,10,340
09/07/2014,13,334
09/07/2014,16,333
09/07/2014,19,332
09/07/2014,22,331
09/08/2014,1,330
09/08/2014,4,330
09/08/2014,7,330
09/08/2014,10,323
09/08/2014,13,316
09/08/2014,16,313
09/08/2014,19,310
09/08/2014,22,312
09/09/2014,1,314
09/09/2014,4,317
09/09/2014,7,320
09/09/2014,10,312
09/09/2014,13,304
09/09/2014,16,305
09/09/2014,19,306
09/09/2014,22,308
09/10/2014,1,310
09/10/2014,4,312
09/10/2014,7,314
09/10/2014,10,309
09/10/2014,13,304
09/10/2014,16,301
09/10/2014,19,298
09/10/2014,22,302
09/11/2014,1,306
09/11/2014,4,308
09/11/2014,7,310
09/11/2014,10,308
09/11/2014,13,306
09/11/2014,16,305
09/11/2014,19,304
09/11/2014,22,302
09/12/2014,1,300
09/12/2014,4,306
09/12/2014,7,312
09/12/2014,10,312
09/12/2014,13,312
09/12/2014,16,309
09/12/2014,19,306
09/12/2014,22,304
09/13/2014,1,302
09/13/2014,4,308
09/13/2014,7,314
09/13/2014,10,314
09/13/2014,13,314
09/13/2014,16,311
09/13/2014,19,308
09/13/2014,22,305
09/14/2014,1,302
09/14/2014,4,301
09/14/2014,7,300
09/14/2014,10,304
09/14/2014,13,308
09/14/2014,16,307
09/14/2014,19,306
09/14/2014,22,302
09/15/2014,1,298
09/15/2014,4,294
09/15/2014,7,290
09/15/2014,10,294
09/15/2014,13,298
09/15/2014,16,301
09/15/2014,19,304
09/15/2014,22,303
09/16/2014,1,302
09/16/2014,4,300
09/16/2014,7,298
09/16/2014,10,300
09/16/2014,13,302
09/16/2014,16,305
09/16/2014,19,308
09/16/2014,22,308
09/17/2014,1,308
09/17/2014,4,306
09/17/2014,7,304
09/17/2014,10,313
09/17/2014,13,322
09/17/2014,16,337
09/17/2014,19,352
09/17/2014,22,355
09/18/2014,1,358
09/18/2014,4,351
09/18/2014,7,344
09/18/2014,10,349
09/18/2014,13,354
09/18/2014,16,359
09/18/2014,19,364
09/18/2014,22,370
09/19/2014,1,376
09/19/2014,4,384
09/19/2014,7,392
09/19/2014,10,410
09/19/2014,13,428
09/19/2014,16,443
09/19/2014,19,458
09/19/2014,22,470
09/20/2014,1,482
09/20/2014,4,490
09/20/2014,7,498
09/20/2014,10,508
09/20/2014,13,514
09/20/2014,16,520
09/20/2014,19,522
09/20/2014,22,526
09/21/2014,1,528
09/21/2014,4,530
09/21/2014,7,532
09/21/2014,10,530
09/21/2014,13,528
09/21/2014,16,532
09/21/2014,19,536
09/21/2014,22,546
09/22/2014,1,562
09/22/2014,4,576
09/22/2014,7,580
09/22/2014,10,592
09/22/2014,13,596
09/22/2014,16,596
09/22/2014,19,594
09/22/2014,22,594
09/23/2014,1,592
09/23/2014,4,590
09/23/2014,7,588
09/23/2014,10,584
09/23/2014,13,578
09/23/2014,16,572
09/23/2014,19,564
09/23/2014,22,556
09/24/2014,1,550
09/24/2014,4,544
09/24/2014,7,540
09/24/2014,10,530
09/24/2014,13,524
09/24/2014,16,514
09/24/2014,19,504
09/24/2014,22,496
09/25/2014,1,488
09/25/2014,4,480
09/25/2014,7,474
09/25/2014,10,468
09/25/2014,13,460
09/25/2014,16,456
09/25/2014,19,452
09/25/2014,22,446
09/26/2014,1,440
09/26/2014,4,435
09/26/2014,7,430
09/26/2014,10,427
09/26/2014,13,424
09/26/2014,16,418
09/26/2014,19,412
09/26/2014,22,409
09/27/2014,1,406
09/27/2014,4,399
09/27/2014,7,392
09/27/2014,10,391
09/27/2014,13,390
09/27/2014,16,388
09/27/2014,19,386
09/27/2014,22,383
09/28/2014,1,380
09/28/2014,4,375
09/28/2014,7,370
09/28/2014,10,371
09/28/2014,13,372
09/28/2014,16,371
09/28/2014,19,370
09/28/2014,22,365
09/29/2014,1,360
09/29/2014,4,353
09/29/2014,7,346
09/29/2014,10,349
09/29/2014,13,352
09/29/2014,16,350
09/29/2014,19,348
09/29/2014,22,340
09/30/2014,1,332
09/30/2014,4,323
09/30/2014,7,314
09/30/2014,10,321
09/30/2014,13,328
09/30/2014,16,331
09/30/2014,19,334
09/30/2014,22,336
10/01/2014,1,338
10/01/2014,4,333
10/01/2014,7,328
10/01/2014,10,332
10/01/2014,13,336
10/01/2014,16,337
10/01/2014,19,338
10/01/2014,22,335
10/02/2014,1,332
10/02/2014,4,326
10/02/2014,7,320
10/02/2014,10,320
10/02/2014,13,320
10/02/2014,16,324
10/02/2014,19,328
10/02/2014,22,326
10/03/2014,1,324
10/03/2014,4,321
10/03/2014,7,318
10/03/2014,10,317
10/03/2014,13,316
10/03/2014,16,318
10/03/2014,19,320
10/03/2014,22,316
10/04/2014,1,312
10/04/2014,4,304
10/04/2014,7,296
10/04/2014,10,299
10/04/2014,13,302
10/04/2014,16,297
10/04/2014,19,292
10/04/2014,22,286
10/05/2014,1,280
10/05/2014,4,276
10/05/2014,7,272
10/05/2014,10,268
10/05/2014,13,264
10/05/2014,16,274
10/05/2014,19,284
10/05/2014,22,290
10/06/2014,1,296
10/06/2014,4,291
10/06/2014,7,286
10/06/2014,10,284
10/06/2014,13,282
10/06/2014,16,292
10/06/2014,19,302
10/06/2014,22,307
10/07/2014,1,312
10/07/2014,4,305
10/07/2014,7,298
10/07/2014,10,295
10/07/2014,13,292
10/07/2014,16,295
10/07/2014,19,298
10/07/2014,22,305
10/08/2014,1,312
10/08/2014,4,310
10/08/2014,7,308
10/08/2014,10,303
10/08/2014,13,298
10/08/2014,16,295
10/08/2014,19,292
10/08/2014,22,289
10/09/2014,1,286
10/09/2014,4,288
10/09/2014,7,290
10/09/2014,10,285
10/09/2014,13,280
10/09/2014,16,275
10/09/2014,19,270
10/09/2014,22,268
10/10/2014,1,266
10/10/2014,4,269
10/10/2014,7,272
10/10/2014,10,273
10/10/2014,13,274
10/10/2014,16,269
10/10/2014,19,264
10/10/2014,22,260
10/11/2014,1,256
10/11/2014,4,255
10/11/2014,7,254
10/11/2014,10,263
10/11/2014,13,272
10/11/2014,16,267
10/11/2014,19,262
10/11/2014,22,254
10/12/2014,1,246
10/12/2014,4,240
10/12/2014,7,234
10/12/2014,10,247
10/12/2014,13,260
10/12/2014,16,254
10/12/2014,19,248
10/12/2014,22,242
10/13/2014,1,236
10/13/2014,4,224
10/13/2014,7,212
10/13/2014,10,232
10/13/2014,13,252
10/13/2014,16,244
10/13/2014,19,236
10/13/2014,22,230
10/14/2014,1,224
10/14/2014,4,217
10/14/2014,7,210
10/14/2014,10,233
10/14/2014,13,256
10/14/2014,16,258
10/14/2014,19,260
10/14/2014,22,256
10/15/2014,1,252
10/15/2014,4,245
10/15/2014,7,238
10/15/2014,10,250
10/15/2014,13,262
10/15/2014,16,269
10/15/2014,19,276
10/15/2014,22,269
10/16/2014,1,262
10/16/2014,4,251
10/16/2014,7,240
10/16/2014,10,248
10/16/2014,13,256
10/16/2014,16,268
10/16/2014,19,280
10/16/2014,22,272
10/17/2014,1,264
10/17/2014,4,252
10/17/2014,7,240
10/17/2014,10,242
10/17/2014,13,244
10/17/2014,16,252
10/17/2014,19,260
10/17/2014,22,253
10/18/2014,1,246
10/18/2014,4,233
10/18/2014,7,220
10/18/2014,10,223
10/18/2014,13,226
10/18/2014,16,238
10/18/2014,19,250
10/18/2014,22,248
10/19/2014,1,246
10/19/2014,4,239
10/19/2014,7,232
10/19/2014,10,225
10/19/2014,13,218
10/19/2014,16,226
10/19/2014,19,234
10/19/2014,22,230
10/20/2014,1,226
10/20/2014,4,218
10/20/2014,7,210
10/20/2014,10,202
10/20/2014,13,194
10/20/2014,16,198
10/20/2014,19,202
10/20/2014,22,197
10/21/2014,1,192
10/21/2014,4,186
10/21/2014,7,180
10/21/2014,10,178
10/21/2014,13,176
10/21/2014,16,183
10/21/2014,19,190
10/21/2014,22,197
10/22/2014,1,204
10/22/2014,4,201
10/22/2014,7,198
10/22/2014,10,196
10/22/2014,13,194
10/22/2014,16,192
10/22/2014,19,190
10/22/2014,22,201
10/23/2014,1,212
10/23/2014,4,202
10/23/2014,7,192
10/23/2014,10,195
10/23/2014,13,198
10/23/2014,16,193
10/23/2014,19,188
10/23/2014,22,197
10/24/2014,1,206
10/24/2014,4,200
10/24/2014,7,194
10/24/2014,10,192
10/24/2014,13,190
10/24/2014,16,185
10/24/2014,19,180
10/24/2014,22,190
10/25/2014,1,200
10/25/2014,4,195
10/25/2014,7,190
10/25/2014,10,197
10/25/2014,13,204
10/25/2014,16,195
10/25/2014,19,186
10/25/2014,22,177
10/26/2014,1,168
10/26/2014,4,163
10/26/2014,7,158
10/26/2014,10,167
10/26/2014,13,176
10/26/2014,16,168
10/26/2014,19,160
10/26/2014,22,151
10/27/2014,1,142
10/27/2014,4,136
10/27/2014,7,130
10/27/2014,10,158
10/27/2014,13,186
10/27/2014,16,177
10/27/2014,19,168
10/27/2014,22,158
10/28/2014,1,148
10/28/2014,4,142
10/28/2014,7,136
10/28/2014,10,168
10/28/2014,13,200
10/28/2014,16,203
10/28/2014,19,206
10/28/2014,22,194
10/29/2014,1,182
10/29/2014,4,169
10/29/2014,7,156
10/29/2014,10,187
10/29/2014,13,218
10/29/2014,16,214
10/29/2014,19,210
10/29/2014,22,200
10/30/2014,1,190
10/30/2014,4,170
10/30/2014,7,150
10/30/2014,10,180
10/30/2014,13,210
10/30/2014,16,208
10/30/2014,19,206
10/30/2014,22,200
10/31/2014,1,194
10/31/2014,4,173
10/31/2014,7,152
10/31/2014,10,175
10/31/2014,13,198
10/31/2014,16,195
10/31/2014,19,192
10/31/2014,22,187
11/01/2014,1,182
11/01/2014,4,161
11/01/2014,7,140
11/01/2014,10,145
11/01/2014,13,150
11/01/2014,16,172
11/01/2014,19,194
11/01/2014,22,187
11/02/2014,1,180
11/02/2014,4,160
11/02/2014,7,140
11/02/2014,10,144
11/02/2014,13,148
11/02/2014,16,164
11/02/2014,19,180
11/02/2014,22,172
11/03/2014,1,164
11/03/2014,4,152
11/03/2014,7,140
11/03/2014,10,133
11/03/2014,13,126
11/03/2014,16,142
11/03/2014,19,158
11/03/2014,22,154
11/04/2014,1,150
11/04/2014,4,144
11/04/2014,7,138
11/04/2014,10,141
11/04/2014,13,144
11/04/2014,16,160
11/04/2014,19,176
11/04/2014,22,176
11/05/2014,1,176
11/05/2014,4,173
11/05/2014,7,170
11/05/2014,10,172
11/05/2014,13,174
11/05/2014,16,169
11/05/2014,19,164
11/05/2014,22,162
11/06/2014,1,160
11/06/2014,4,164
11/06/2014,7,168
11/06/2014,10,166
11/06/2014,13,164
11/06/2014,16,162
11/06/2014,19,160
11/06/2014,22,164
11/07/2014,1,168
11/07/2014,4,175
11/07/2014,7,182
11/07/2014,10,190
11/07/2014,13,198
11/07/2014,16,195
11/07/2014,19,192
11/07/2014,22,194
11/08/2014,1,196
11/08/2014,4,199
11/08/2014,7,202
11/08/2014,10,217
11/08/2014,13,232
11/08/2014,16,234
11/08/2014,19,236
11/08/2014,22,240
11/09/2014,1,244
11/09/2014,4,252
11/09/2014,7,260
11/09/2014,10,280
11/09/2014,13,300
11/09/2014,16,297
11/09/2014,19,294
11/09/2014,22,288
11/10/2014,1,282
11/10/2014,4,271
11/10/2014,7,260
11/10/2014,10,272
11/10/2014,13,284
11/10/2014,16,280
11/10/2014,19,276
11/10/2014,22,265
11/11/2014,1,254
11/11/2014,4,244
11/11/2014,7,234
11/11/2014,10,247
11/11/2014,13,260
11/11/2014,16,263
11/11/2014,19,266
11/11/2014,22,257
11/12/2014,1,248
11/12/2014,4,236
11/12/2014,7,224
11/12/2014,10,241
11/12/2014,13,258
11/12/2014,16,260
11/12/2014,19,262
11/12/2014,22,252
11/13/2014,1,242
11/13/2014,4,230
11/13/2014,7,218
11/13/2014,10,232
11/13/2014,13,246
11/13/2014,16,252
11/13/2014,19,258
11/13/2014,22,247
11/14/2014,1,236
11/14/2014,4,224
11/14/2014,7,212
11/14/2014,10,226
11/14/2014,13,240
11/14/2014,16,240
11/14/2014,19,240
11/14/2014,22,234
11/15/2014,1,228
11/15/2014,4,219
11/15/2014,7,210
11/15/2014,10,217
11/15/2014,13,224
11/15/2014,16,231
11/15/2014,19,238
11/15/2014,22,231
11/16/2014,1,224
11/16/2014,4,213
11/16/2014,7,202
11/16/2014,10,205
11/16/2014,13,208
11/16/2014,16,213
11/16/2014,19,218
11/16/2014,22,212
11/17/2014,1,206
11/17/2014,4,193
11/17/2014,7,180
11/17/2014,10,188
11/17/2014,13,196
11/17/2014,16,196
11/17/2014,19,196
11/17/2014,22,194
11/18/2014,1,192
11/18/2014,4,186
11/18/2014,7,180
11/18/2014,10,182
11/18/2014,13,184
11/18/2014,16,187
11/18/2014,19,190
11/18/2014,22,188
11/19/2014,1,186
11/19/2014,4,184
11/19/2014,7,182
11/19/2014,10,185
11/19/2014,13,188
11/19/2014,16,192
11/19/2014,19,196
11/19/2014,22,194
11/20/2014,1,192
11/20/2014,4,186
11/20/2014,7,180
11/20/2014,10,183
11/20/2014,13,186
11/20/2014,16,181
11/20/2014,19,176
11/20/2014,22,174
11/21/2014,1,172
11/21/2014,4,182
11/21/2014,7,192
11/21/2014,10,194
11/21/2014,13,196
11/21/2014,16,186
11/21/2014,19,176
11/21/2014,22,173
11/22/2014,1,170
11/22/2014,4,174
11/22/2014,7,178
11/22/2014,10,181
11/22/2014,13,184
11/22/2014,16,177
11/22/2014,19,170
11/22/2014,22,166
11/23/2014,1,162
11/23/2014,4,165
11/23/2014,7,168
11/23/2014,10,179
11/23/2014,13,190
11/23/2014,16,179
11/23/2014,19,168
11/23/2014,22,157
11/24/2014,1,146
11/24/2014,4,143
11/24/2014,7,140
11/24/2014,10,162
11/24/2014,13,184
11/24/2014,16,174
11/24/2014,19,164
11/24/2014,22,153
11/25/2014,1,142
11/25/2014,4,136
11/25/2014,7,130
11/25/2014,10,160
11/25/2014,13,190
11/25/2014,16,176
11/25/2014,19,162
11/25/2014,22,150
11/26/2014,1,138
11/26/2014,4,132
11/26/2014,7,126
11/26/2014,10,159
11/26/2014,13,192
11/26/2014,16,179
11/26/2014,19,166
11/26/2014,22,149
11/27/2014,1,132
11/27/2014,4,125
11/27/2014,7,118
11/27/2014,10,151
11/27/2014,13,184
11/27/2014,16,173
11/27/2014,19,162
11/27/2014,22,149
11/28/2014,1,136
11/28/2014,4,128
11/28/2014,7,120
11/28/2014,10,150
11/28/2014,13,180
11/28/2014,16,182
11/28/2014,19,184
11/28/2014,22,172
11/29/2014,1,160
11/29/2014,4,142
11/29/2014,7,124
11/29/2014,10,147
11/29/2014,13,170
11/29/2014,16,176
11/29/2014,19,182
11/29/2014,22,170
11/30/2014,1,158
11/30/2014,4,137
11/30/2014,7,116
11/30/2014,10,130
11/30/2014,13,144
11/30/2014,16,156
11/30/2014,19,168
11/30/2014,22,150
12/01/2014,1,132
12/01/2014,4,113
12/01/2014,7,94
12/01/2014,10,105
12/01/2014,13,116
12/01/2014,16,126
12/01/2014,19,136
12/01/2014,22,122
12/02/2014,1,108
12/02/2014,4,91
12/02/2014,7,74
12/02/2014,10,86
12/02/2014,13,98
12/02/2014,16,108
12/02/2014,19,118
12/02/2014,22,122
12/03/2014,1,126
12/03/2014,4,111
12/03/2014,7,96
12/03/2014,10,103
12/03/2014,13,110
12/03/2014,16,117
12/03/2014,19,124
12/03/2014,22,130
12/04/2014,1,136
12/04/2014,4,142
12/04/2014,7,148
12/04/2014,10,141
12/04/2014,13,134
12/04/2014,16,131
12/04/2014,19,128
12/04/2014,22,133
12/05/2014,1,138
12/05/2014,4,145
12/05/2014,7,152
12/05/2014,10,160
12/05/2014,13,168
12/05/2014,16,152
12/05/2014,19,136
12/05/2014,22,140
12/06/2014,1,144
12/06/2014,4,150
12/06/2014,7,156
12/06/2014,10,162
12/06/2014,13,168
12/06/2014,16,157
12/06/2014,19,146
12/06/2014,22,148
12/07/2014,1,150
12/07/2014,4,152
12/07/2014,7,154
12/07/2014,10,168
12/07/2014,13,182
12/07/2014,16,171
12/07/2014,19,160
12/07/2014,22,149
12/08/2014,1,138
12/08/2014,4,132
12/08/2014,7,126
12/08/2014,10,151
12/08/2014,13,176
12/08/2014,16,159
12/08/2014,19,142
12/08/2014,22,130
12/09/2014,1,118
12/09/2014,4,114
12/09/2014,7,110
12/09/2014,10,146
12/09/2014,13,182
12/09/2014,16,172
12/09/2014,19,162
12/09/2014,22,143
12/10/2014,1,124
12/10/2014,4,115
12/10/2014,7,106
12/10/2014,10,146
12/10/2014,13,186
12/10/2014,16,176
12/10/2014,19,166
12/10/2014,22,142
12/11/2014,1,118
12/11/2014,4,109
12/11/2014,7,100
12/11/2014,10,138
12/11/2014,13,176
12/11/2014,16,169
12/11/2014,19,162
12/11/2014,22,141
12/12/2014,1,120
12/12/2014,4,109
12/12/2014,7,98
12/12/2014,10,133
12/12/2014,13,168
12/12/2014,16,156
12/12/2014,19,144
12/12/2014,22,125
12/13/2014,1,106
12/13/2014,4,95
12/13/2014,7,84
12/13/2014,10,111
12/13/2014,13,138
12/13/2014,16,142
12/13/2014,19,146
12/13/2014,22,127
12/14/2014,1,108
12/14/2014,4,95
12/14/2014,7,82
12/14/2014,10,109
12/14/2014,13,136
12/14/2014,16,138
12/14/2014,19,140
12/14/2014,22,121
12/15/2014,1,102
12/15/2014,4,90
12/15/2014,7,78
12/15/2014,10,102
12/15/2014,13,126
12/15/2014,16,128
12/15/2014,19,130
12/15/2014,22,119
12/16/2014,1,108
12/16/2014,4,97
12/16/2014,7,86
12/16/2014,10,101
12/16/2014,13,116
12/16/2014,16,118
12/16/2014,19,120
12/16/2014,22,112
12/17/2014,1,104
12/17/2014,4,101
12/17/2014,7,98
12/17/2014,10,108
12/17/2014,13,118
12/17/2014,16,120
12/17/2014,19,122
12/17/2014,22,120
12/18/2014,1,118
12/18/2014,4,116
12/18/2014,7,114
12/18/2014,10,121
12/18/2014,13,128
12/18/2014,16,119
12/18/2014,19,110
12/18/2014,22,114
12/19/2014,1,118
12/19/2014,4,126
12/19/2014,7,134
12/19/2014,10,138
12/19/2014,13,142
12/19/2014,16,129
12/19/2014,19,116
12/19/2014,22,103
12/20/2014,1,90
12/20/2014,4,114
12/20/2014,7,138
12/20/2014,10,144
12/20/2014,13,150
12/20/2014,16,137
12/20/2014,19,124
12/20/2014,22,110
12/21/2014,1,96
12/21/2014,4,115
12/21/2014,7,134
12/21/2014,10,144
12/21/2014,13,154
12/21/2014,16,141
12/21/2014,19,128
12/21/2014,22,111
12/22/2014,1,94
12/22/2014,4,102
12/22/2014,7,110
12/22/2014,10,129
12/22/2014,13,148
12/22/2014,16,137
12/22/2014,19,126
12/22/2014,22,114
12/23/2014,1,102
12/23/2014,4,112
12/23/2014,7,122
12/23/2014,10,150
12/23/2014,13,178
12/23/2014,16,159
12/23/2014,19,140
12/23/2014,22,127
12/24/2014,1,114
12/24/2014,4,112
12/24/2014,7,110
12/24/2014,10,145
12/24/2014,13,180
12/24/2014,16,159
12/24/2014,19,138
12/24/2014,22,117
12/25/2014,1,96
12/25/2014,4,87
12/25/2014,7,78
12/25/2014,10,120
12/25/2014,13,162
12/25/2014,16,145
12/25/2014,19,128
12/25/2014,22,108
12/26/2014,1,88
12/26/2014,4,74
12/26/2014,7,60
12/26/2014,10,104
12/26/2014,13,148
12/26/2014,16,130
12/26/2014,19,112
12/26/2014,22,98
12/27/2014,1,84
12/27/2014,4,72
12/27/2014,7,60
12/27/2014,10,105
12/27/2014,13,150
12/27/2014,16,150
12/27/2014,19,150
12/27/2014,22,133
12/28/2014,1,116
12/28/2014,4,93
12/28/2014,7,70
12/28/2014,10,103
12/28/2014,13,136
12/28/2014,16,122
12/28/2014,19,108
12/28/2014,22,91
12/29/2014,1,74
12/29/2014,4,65
12/29/2014,7,56
12/29/2014,10,78
12/29/2014,13,100
12/29/2014,16,102
12/29/2014,19,104
12/29/2014,22,91
12/30/2014,1,78
12/30/2014,4,67
12/30/2014,7,56
12/30/2014,10,77
12/30/2014,13,98
12/30/2014,16,93
12/30/2014,19,88
12/30/2014,22,81
12/31/2014,1,74
12/31/2014,4,71
12/31/2014,7,68
12/31/2014,10,81
12/31/2014,13,94
12/31/2014,16,82
12/31/2014,19,70
12/31/2014,22,66
01/01/2015,1,62
01/01/2015,4,76
01/01/2015,7,90
01/01/2015,10,98
01/01/2015,13,106
01/01/2015,16,94
01/01/2015,19,82
01/01/2015,22,90
01/02/2015,1,98
01/02/2015,4,110
01/02/2015,7,122
01/02/2015,10,125
01/02/2015,13,128
01/02/2015,16,117
01/02/2015,19,106
01/02/2015,22,111
01/03/2015,1,116
01/03/2015,4,128
01/03/2015,7,140
01/03/2015,10,155
01/03/2015,13,170
01/03/2015,16,154
01/03/2015,19,138
01/03/2015,22,126
01/04/2015,1,112
01/04/2015,4,118
01/04/2015,7,150
01/04/2015,10,180
01/04/2015,13,180
01/04/2015,16,160
01/04/2015,19,146
01/04/2015,22,126
01/05/2015,1,100
01/05/2015,4,100
01/05/2015,7,134
01/05/2015,10,172
01/05/2015,13,174
01/05/2015,16,152
01/05/2015,19,136
01/05/2015,22,110
01/06/2015,1,98
01/06/2015,4,92
01/06/2015,7,110
01/06/2015,10,150
01/06/2015,13,162
01/06/2015,16,150
01/06/2015,19,134
01/06/2015,22,116
01/07/2015,1,108
01/07/2015,4,100
01/07/2015,7,100
01/07/2015,10,140
01/07/2015,13,160
01/07/2015,16,150
01/07/2015,19,136
01/07/2015,22,116
01/08/2015,1,98
01/08/2015,4,86
01/08/2015,7,86
01/08/2015,10,126
01/08/2015,13,150
01/08/2015,16,148
01/08/2015,19,138
01/08/2015,22,124
01/09/2015,1,106
01/09/2015,4,98
01/09/2015,7,104
01/09/2015,10,140
01/09/2015,13,168
01/09/2015,16,168
01/09/2015,19,156
01/09/2015,22,140
01/10/2015,1,120
01/10/2015,4,114
01/10/2015,7,116
01/10/2015,10,142
01/10/2015,13,162
01/10/2015,16,162
01/10/2015,19,160
01/10/2015,22,152
01/11/2015,1,136
01/11/2015,4,130
01/11/2015,7,142
01/11/2015,10,166
01/11/2015,13,178
01/11/2015,16,184
01/11/2015,19,190
01/11/2015,22,186
01/12/2015,1,178
01/12/2015,4,174
01/12/2015,7,174
01/12/2015,10,180
01/12/2015,13,192
01/12/2015,16,198
01/12/2015,19,194
01/12/2015,22,188
01/13/2015,1,174
01/13/2015,4,176
01/13/2015,7,180
01/13/2015,10,182
01/13/2015,13,188
01/13/2015,16,188
01/13/2015,19,186
01/13/2015,22,176
01/14/2015,1,170
01/14/2015,4,164
01/14/2015,7,162
01/14/2015,10,168
01/14/2015,13,170
01/14/2015,16,166
01/14/2015,19,158
01/14/2015,22,150
01/15/2015,1,144
01/15/2015,4,140
01/15/2015,7,140
01/15/2015,10,140
01/15/2015,13,148
01/15/2015,16,146
01/15/2015,19,134
01/15/2015,22,126
01/16/2015,1,124
01/16/2015,4,125
01/16/2015,7,130
01/16/2015,10,139
01/16/2015,13,136
01/16/2015,16,126
01/16/2015,19,110
01/16/2015,22,106
01/17/2015,1,112
01/17/2015,4,131
01/17/2015,7,156
01/17/2015,10,176
01/17/2015,13,178
01/17/2015,16,178
01/17/2015,19,178
01/17/2015,22,178
01/18/2015,1,180
01/18/2015,4,191
01/18/2015,7,218
01/18/2015,10,229
01/18/2015,13,234
01/18/2015,16,232
01/18/2015,19,228
01/18/2015,22,223
01/19/2015,1,218
01/19/2015,4,221
01/19/2015,7,232
01/19/2015,10,243
01/19/2015,13,248
01/19/2015,16,239
01/19/2015,19,230
01/19/2015,22,221
01/20/2015,1,212
01/20/2015,4,212
01/20/2015,7,222
01/20/2015,10,242
01/20/2015,13,250
01/20/2015,16,243
01/20/2015,19,234
01/20/2015,22,225
01/21/2015,1,216
01/21/2015,4,213
01/21/2015,7,222
01/21/2015,10,240
01/21/2015,13,250
01/21/2015,16,244
01/21/2015,19,238
01/21/2015,22,232
01/22/2015,1,224
01/22/2015,4,218
01/22/2015,7,216
01/22/2015,10,235
01/22/2015,13,242
01/22/2015,16,248
01/22/2015,19,240
01/22/2015,22,234
01/23/2015,1,230
01/23/2015,4,223
01/23/2015,7,216
01/23/2015,10,232
01/23/2015,13,246
01/23/2015,16,250
01/23/2015,19,246
01/23/2015,22,236
01/24/2015,1,218
01/24/2015,4,198
01/24/2015,7,184
01/24/2015,10,192
01/24/2015,13,204
01/24/2015,16,204
01/24/2015,19,190
01/24/2015,22,166
01/25/2015,1,142
01/25/2015,4,120
01/25/2015,7,112
01/25/2015,10,122
01/25/2015,13,134
01/25/2015,16,136
01/25/2015,19,124
01/25/2015,22,110
01/26/2015,1,90
01/26/2015,4,66
01/26/2015,7,60
01/26/2015,10,80
01/26/2015,13,96
01/26/2015,16,88
01/26/2015,19,80
01/26/2015,22,70
01/27/2015,1,64
01/27/2015,4,50
01/27/2015,7,40
01/27/2015,10,62
01/27/2015,13,78
01/27/2015,16,62
01/27/2015,19,52
01/27/2015,22,54
01/28/2015,1,68
01/28/2015,4,73
01/28/2015,7,80
01/28/2015,10,103
01/28/2015,13,122
01/28/2015,16,124
01/28/2015,19,132
01/28/2015,22,141
01/29/2015,1,154
01/29/2015,4,177
01/29/2015,7,202
01/29/2015,10,207
01/29/2015,13,214
01/29/2015,16,214
01/29/2015,19,214
01/29/2015,22,213
01/30/2015,1,210
01/30/2015,4,221
01/30/2015,7,238
01/30/2015,10,245
01/30/2015,13,246
01/30/2015,16,242
01/30/2015,19,234
01/30/2015,22,224
01/31/2015,1,220
01/31/2015,4,228
01/31/2015,7,240
01/31/2015,10,248
01/31/2015,13,248
01/31/2015,16,242
01/31/2015,19,236
01/31/2015,22,227
02/01/2015,1,222
02/01/2015,4,224
02/01/2015,7,234
02/01/2015,10,249
02/01/2015,13,248
02/01/2015,16,239
02/01/2015,19,234
02/01/2015,22,228
02/02/2015,1,224
02/02/2015,4,225
02/02/2015,7,232
02/02/2015,10,247
02/02/2015,13,252
02/02/2015,16,246
02/02/2015,19,240
02/02/2015,22,232
02/03/2015,1,226
02/03/2015,4,224
02/03/2015,7,228
02/03/2015,10,244
02/03/2015,13,256
02/03/2015,16,246
02/03/2015,19,238
02/03/2015,22,231
02/04/2015,1,222
02/04/2015,4,217
02/04/2015,7,222
02/04/2015,10,236
02/04/2015,13,240
02/04/2015,16,240
02/04/2015,19,240
02/04/2015,22,232
02/05/2015,1,226
02/05/2015,4,221
02/05/2015,7,220
02/05/2015,10,234
02/05/2015,13,240
02/05/2015,16,240
02/05/2015,19,234
02/05/2015,22,225
02/06/2015,1,216
02/06/2015,4,203
02/06/2015,7,192
02/06/2015,10,197
02/06/2015,13,198
02/06/2015,16,196
02/06/2015,19,190
02/06/2015,22,177
02/07/2015,1,152
02/07/2015,4,133
02/07/2015,7,130
02/07/2015,10,149
02/07/2015,13,156
02/07/2015,16,150
02/07/2015,19,136
02/07/2015,22,114
02/08/2015,1,96
02/08/2015,4,82
02/08/2015,7,74
02/08/2015,10,98
02/08/2015,13,100
02/08/2015,16,90
02/08/2015,19,82
02/08/2015,22,70
02/09/2015,1,62
02/09/2015,4,54
02/09/2015,7,48
02/09/2015,10,80
02/09/2015,13,100
02/09/2015,16,94
02/09/2015,19,88
02/09/2015,22,76
02/10/2015,1,66
02/10/2015,4,55
02/10/2015,7,48
02/10/2015,10,83
02/10/2015,13,94
02/10/2015,16,88
02/10/2015,19,84
02/10/2015,22,82
02/11/2015,1,86
02/11/2015,4,90
02/11/2015,7,94
02/11/2015,10,117
02/11/2015,13,128
02/11/2015,16,134
02/11/2015,19,132
02/11/2015,22,146
02/12/2015,1,166
02/12/2015,4,173
02/12/2015,7,174
02/12/2015,10,184
02/12/2015,13,192
02/12/2015,16,194
02/12/2015,19,194
02/12/2015,22,196
02/13/2015,1,204
02/13/2015,4,210
02/13/2015,7,214
02/13/2015,10,218
02/13/2015,13,216
02/13/2015,16,214
02/13/2015,19,206
02/13/2015,22,201
02/14/2015,1,198
02/14/2015,4,210
02/14/2015,7,224
02/14/2015,10,230
02/14/2015,13,232
02/14/2015,16,227
02/14/2015,19,218
02/14/2015,22,213
02/15/2015,1,212
02/15/2015,4,220
02/15/2015,7,238
02/15/2015,10,242
02/15/2015,13,240
02/15/2015,16,236
02/15/2015,19,230
02/15/2015,22,221
02/16/2015,1,214
02/16/2015,4,215
02/16/2015,7,222
02/16/2015,10,225
02/16/2015,13,216
02/16/2015,16,201
02/16/2015,19,180
02/16/2015,22,159
02/17/2015,1,142
02/17/2015,4,144
02/17/2015,7,150
02/17/2015,10,160
02/17/2015,13,150
02/17/2015,16,129
02/17/2015,19,110
02/17/2015,22,96
02/18/2015,1,94
02/18/2015,4,102
02/18/2015,7,110
02/18/2015,10,120
02/18/2015,13,130
02/18/2015,16,116
02/18/2015,19,102
02/18/2015,22,92
02/19/2015,1,82
02/19/2015,4,85
02/19/2015,7,88
02/19/2015,10,117
02/19/2015,13,146
02/19/2015,16,129
02/19/2015,19,112
02/19/2015,22,102
02/20/2015,1,92
02/20/2015,4,94
02/20/2015,7,96
02/20/2015,10,120
02/20/2015,13,144
02/20/2015,16,135
02/20/2015,19,126
02/20/2015,22,112
02/21/2015,1,98
02/21/2015,4,89
02/21/2015,7,80
02/21/2015,10,108
02/21/2015,13,136
02/21/2015,16,126
02/21/2015,19,116
02/21/2015,22,99
02/22/2015,1,82
02/22/2015,4,66
02/22/2015,7,50
02/22/2015,10,75
02/22/2015,13,100
02/22/2015,16,93
02/22/2015,19,86
02/22/2015,22,80
02/23/2015,1,74
02/23/2015,4,67
02/23/2015,7,60
02/23/2015,10,72
02/23/2015,13,84
02/23/2015,16,70
02/23/2015,19,56
02/23/2015,22,62
02/24/2015,1,68
02/24/2015,4,54
02/24/2015,7,40
02/24/2015,10,38
02/24/2015,13,36
02/24/2015,16,42
02/24/2015,19,48
02/24/2015,22,57
02/25/2015,1,66
02/25/2015,4,65
02/25/2015,7,64
02/25/2015,10,55
02/25/2015,13,46
02/25/2015,16,35
02/25/2015,19,24
02/25/2015,22,37
02/26/2015,1,50
02/26/2015,4,67
02/26/2015,7,84
02/26/2015,10,68
02/26/2015,13,52
02/26/2015,16,39
02/26/2015,19,26
02/26/2015,22,42
02/27/2015,1,58
02/27/2015,4,80
02/27/2015,7,102
02/27/2015,10,93
02/27/2015,13,84
02/27/2015,16,66
02/27/2015,19,48
02/27/2015,22,53
02/28/2015,1,58
02/28/2015,4,89
02/28/2015,7,120
02/28/2015,10,110
02/28/2015,13,100
02/28/2015,16,84
02/28/2015,19,68
02/28/2015,22,75
03/01/2015,1,82
03/01/2015,4,100
03/01/2015,7,118
03/01/2015,10,114
03/01/2015,13,110
03/01/2015,16,93
03/01/2015,19,76
03/01/2015,22,80
03/02/2015,1,84
03/02/2015,4,97
03/02/2015,7,110
03/02/2015,10,113
03/02/2015,13,116
03/02/2015,16,96
03/02/2015,19,76
03/02/2015,22,81
03/03/2015,1,86
03/03/2015,4,97
03/03/2015,7,108
03/03/2015,10,116
03/03/2015,13,124
03/03/2015,16,106
03/03/2015,19,88
03/03/2015,22,84
03/04/2015,1,80
03/04/2015,4,88
03/04/2015,7,96
03/04/2015,10,106
03/04/2015,13,116
03/04/2015,16,97
03/04/2015,19,78
03/04/2015,22,73
03/05/2015,1,68
03/05/2015,4,76
03/05/2015,7,84
03/05/2015,10,98
03/05/2015,13,112
03/05/2015,16,94
03/05/2015,19,76
03/05/2015,22,73
03/06/2015,1,70
03/06/2015,4,77
03/06/2015,7,84
03/06/2015,10,104
03/06/2015,13,124
03/06/2015,16,111
03/06/2015,19,98
03/06/2015,22,85
03/07/2015,1,72
03/07/2015,4,76
03/07/2015,7,80
03/07/2015,10,95
03/07/2015,13,110
03/07/2015,16,98
03/07/2015,19,86
03/07/2015,22,75
03/08/2015,1,64
03/08/2015,4,59
03/08/2015,7,54
03/08/2015,10,69
03/08/2015,13,84
03/08/2015,16,82
03/08/2015,19,80
03/08/2015,22,71
03/09/2015,1,62
03/09/2015,4,53
03/09/2015,7,44
03/09/2015,10,55
03/09/2015,13,66
03/09/2015,16,71
03/09/2015,19,76
03/09/2015,22,69
03/10/2015,1,62
03/10/2015,4,56
03/10/2015,7,50
03/10/2015,10,51
03/10/2015,13,52
03/10/2015,16,56
03/10/2015,19,60
03/10/2015,22,66
03/11/2015,1,72
03/11/2015,4,71
03/11/2015,7,70
03/11/2015,10,62
03/11/2015,13,54
03/11/2015,16,59
03/11/2015,19,64
03/11/2015,22,70
03/12/2015,1,76
03/12/2015,4,84
03/12/2015,7,92
03/12/2015,10,83
03/12/2015,13,74
03/12/2015,16,62
03/12/2015,19,50
03/12/2015,22,61
03/13/2015,1,72
03/13/2015,4,86
03/13/2015,7,100
03/13/2015,10,92
03/13/2015,13,84
03/13/2015,16,68
03/13/2015,19,52
03/13/2015,22,65
03/14/2015,1,78
03/14/2015,4,94
03/14/2015,7,110
03/14/2015,10,101
03/14/2015,13,92
03/14/2015,16,81
03/14/2015,19,70
03/14/2015,22,79
03/15/2015,1,88
03/15/2015,4,108
03/15/2015,7,128
03/15/2015,10,112.5
03/15/2015,13,97
03/15/2015,16,91.5
03/15/2015,19,86
03/15/2015,22,103
03/16/2015,1,120
03/16/2015,4,130
03/16/2015,7,140
03/16/2015,10,125
03/16/2015,13,110
03/16/2015,16,101
03/16/2015,19,92
03/16/2015,22,100
03/17/2015,1,108
03/17/2015,4,119
03/17/2015,7,130
03/17/2015,10,121
03/17/2015,13,112
03/17/2015,16,97
03/17/2015,19,82
03/17/2015,22,89
03/18/2015,1,96
03/18/2015,4,110
03/18/2015,7,124
03/18/2015,10,124
03/18/2015,13,124
03/18/2015,16,107
03/18/2015,19,90
03/18/2015,22,83
03/19/2015,1,76
03/19/2015,4,95
03/19/2015,7,114
03/19/2015,10,120
03/19/2015,13,126
03/19/2015,16,118
03/19/2015,19,110
03/19/2015,22,94
03/20/2015,1,78
03/20/2015,4,91
03/20/2015,7,104
03/20/2015,10,120
03/20/2015,13,136
03/20/2015,16,128
03/20/2015,19,120
03/20/2015,22,111
03/21/2015,1,102
03/21/2015,4,97
03/21/2015,7,92
03/21/2015,10,106
03/21/2015,13,120
03/21/2015,16,113
03/21/2015,19,106
03/21/2015,22,98
03/22/2015,1,90
03/22/2015,4,88
03/22/2015,7,86
03/22/2015,10,96
03/22/2015,13,106
03/22/2015,16,110
03/22/2015,19,114
03/22/2015,22,107
03/23/2015,1,100
03/23/2015,4,94
03/23/2015,7,88
03/23/2015,10,83
03/23/2015,13,78
03/23/2015,16,86
03/23/2015,19,94
03/23/2015,22,112
03/24/2015,1,130
03/24/2015,4,112
03/24/2015,7,94
03/24/2015,10,85
03/24/2015,13,76
03/24/2015,16,73
03/24/2015,19,70
03/24/2015,22,79
03/25/2015,1,88
03/25/2015,4,105
03/25/2015,7,122
03/25/2015,10,113
03/25/2015,13,104
03/25/2015,16,93
03/25/2015,19,82
03/25/2015,22,96
03/26/2015,1,110
03/26/2015,4,125
03/26/2015,7,140
03/26/2015,10,132
03/26/2015,13,124
03/26/2015,16,113
03/26/2015,19,102
03/26/2015,22,115
03/27/2015,1,128
03/27/2015,4,147
03/27/2015,7,166
03/27/2015,10,154
03/27/2015,13,142
03/27/2015,16,131
03/27/2015,19,120
03/27/2015,22,129
03/28/2015,1,138
03/28/2015,4,155
03/28/2015,7,172
03/28/2015,10,163
03/28/2015,13,154
03/28/2015,16,140
03/28/2015,19,126
03/28/2015,22,133
03/29/2015,1,140
03/29/2015,4,152
03/29/2015,7,164
03/29/2015,10,154
03/29/2015,13,144
03/29/2015,16,133
03/29/2015,19,122
03/29/2015,22,129
03/30/2015,1,136
03/30/2015,4,145
03/30/2015,7,154
03/30/2015,10,149
03/30/2015,13,144
03/30/2015,16,132
03/30/2015,19,120
03/30/2015,22,124
03/31/2015,1,128
03/31/2015,4,134
03/31/2015,7,140
03/31/2015,10,138
03/31/2015,13,136
03/31/2015,16,127
03/31/2015,19,118
03/31/2015,22,122
04/01/2015,1,126
04/01/2015,4,132
04/01/2015,7,138
04/01/2015,10,143
04/01/2015,13,148
04/01/2015,16,141
04/01/2015,19,134
04/01/2015,22,137
04/02/2015,1,140
04/02/2015,4,147
04/02/2015,7,154
04/02/2015,10,161
04/02/2015,13,168
04/02/2015,16,164
04/02/2015,19,160
04/02/2015,22,162
04/03/2015,1,164
04/03/2015,4,168
04/03/2015,7,172
04/03/2015,10,170
04/03/2015,13,168
04/03/2015,16,167
04/03/2015,19,166
04/03/2015,22,162
04/04/2015,1,158
04/04/2015,4,157
04/04/2015,7,156
04/04/2015,10,159
04/04/2015,13,162
04/04/2015,16,166
04/04/2015,19,170
04/04/2015,22,169
04/05/2015,1,168
04/05/2015,4,165
04/05/2015,7,162
04/05/2015,10,163
04/05/2015,13,164
04/05/2015,16,168
04/05/2015,19,172
04/05/2015,22,169
04/06/2015,1,166
04/06/2015,4,164
04/06/2015,7,162
04/06/2015,10,157
04/06/2015,13,152
04/06/2015,16,177
04/06/2015,19,202
04/06/2015,22,189
04/07/2015,1,176
04/07/2015,4,170
04/07/2015,7,164
04/07/2015,10,162
04/07/2015,13,160
04/07/2015,16,174
04/07/2015,19,188
04/07/2015,22,183
04/08/2015,1,178
04/08/2015,4,176
04/08/2015,7,174
04/08/2015,10,168
04/08/2015,13,162
04/08/2015,16,156
04/08/2015,19,150
04/08/2015,22,155
04/09/2015,1,160
04/09/2015,4,169
04/09/2015,7,178
04/09/2015,10,171
04/09/2015,13,164
04/09/2015,16,158
04/09/2015,19,152
04/09/2015,22,159
04/10/2015,1,166
04/10/2015,4,178
04/10/2015,7,190
04/10/2015,10,182
04/10/2015,13,174
04/10/2015,16,165
04/10/2015,19,156
04/10/2015,22,163
04/11/2015,1,170
04/11/2015,4,182
04/11/2015,7,194
04/11/2015,10,187
04/11/2015,13,180
04/11/2015,16,173
04/11/2015,19,166
04/11/2015,22,174
04/12/2015,1,182
04/12/2015,4,190
04/12/2015,7,198
04/12/2015,10,193
04/12/2015,13,188
04/12/2015,16,177
04/12/2015,19,166
04/12/2015,22,175
04/13/2015,1,184
04/13/2015,4,190
04/13/2015,7,196
04/13/2015,10,191
04/13/2015,13,186
04/13/2015,16,174
04/13/2015,19,162
04/13/2015,22,174
04/14/2015,1,186
04/14/2015,4,197
04/14/2015,7,208
04/14/2015,10,207
04/14/2015,13,206
04/14/2015,16,200
04/14/2015,19,194
04/14/2015,22,201
04/15/2015,1,208
04/15/2015,4,214
04/15/2015,7,220
04/15/2015,10,218
04/15/2015,13,216
04/15/2015,16,210
04/15/2015,19,204
04/15/2015,22,206
04/16/2015,1,208
04/16/2015,4,213
04/16/2015,7,218
04/16/2015,10,218
04/16/2015,13,218
04/16/2015,16,211
04/16/2015,19,204
04/16/2015,22,195
04/17/2015,1,186
04/17/2015,4,188
04/17/2015,7,190
04/17/2015,10,193
04/17/2015,13,196
04/17/2015,16,193
04/17/2015,19,190
04/17/2015,22,182
04/18/2015,1,174
04/18/2015,4,177
04/18/2015,7,180
04/18/2015,10,185
04/18/2015,13,190
04/18/2015,16,189
04/18/2015,19,188
04/18/2015,22,180
04/19/2015,1,172
04/19/2015,4,175
04/19/2015,7,178
04/19/2015,10,174
04/19/2015,13,170
04/19/2015,16,180
04/19/2015,19,190
04/19/2015,22,189
04/20/2015,1,188
04/20/2015,4,183
04/20/2015,7,178
04/20/2015,10,169
04/20/2015,13,160
04/20/2015,16,164
04/20/2015,19,168
04/20/2015,22,175
04/21/2015,1,182
04/21/2015,4,181
04/21/2015,7,180
04/21/2015,10,170
04/21/2015,13,160
04/21/2015,16,163
04/21/2015,19,166
04/21/2015,22,173
04/22/2015,1,180
04/22/2015,4,180
04/22/2015,7,180
04/22/2015,10,175
04/22/2015,13,170
04/22/2015,16,162
04/22/2015,19,154
04/22/2015,22,174
04/23/2015,1,194
04/23/2015,4,194
04/23/2015,7,194
04/23/2015,10,189
04/23/2015,13,184
04/23/2015,16,177
04/23/2015,19,170
04/23/2015,22,176
04/24/2015,1,182
04/24/2015,4,191
04/24/2015,7,200
04/24/2015,10,189
04/24/2015,13,178
04/24/2015,16,165
04/24/2015,19,152
04/24/2015,22,159
04/25/2015,1,166
04/25/2015,4,175
04/25/2015,7,184
04/25/2015,10,174
04/25/2015,13,164
04/25/2015,16,157
04/25/2015,19,150
04/25/2015,22,159
04/26/2015,1,168
04/26/2015,4,183
04/26/2015,7,198
04/26/2015,10,192
04/26/2015,13,186
04/26/2015,16,170
04/26/2015,19,154
04/26/2015,22,163
04/27/2015,1,172
04/27/2015,4,189
04/27/2015,7,206
04/27/2015,10,203
04/27/2015,13,200
04/27/2015,16,184
04/27/2015,19,168
04/27/2015,22,165
04/28/2015,1,162
04/28/2015,4,171
04/28/2015,7,180
04/28/2015,10,172
04/28/2015,13,164
04/28/2015,16,151
04/28/2015,19,138
04/28/2015,22,134
04/29/2015,1,130
04/29/2015,4,135
04/29/2015,7,140
04/29/2015,10,136
04/29/2015,13,132
04/29/2015,16,127
04/29/2015,19,122
04/29/2015,22,128
04/30/2015,1,134
04/30/2015,4,142
04/30/2015,7,150
04/30/2015,10,151
04/30/2015,13,152
04/30/2015,16,150
04/30/2015,19,148
04/30/2015,22,152
05/01/2015,1,156
05/01/2015,4,163
05/01/2015,7,170
05/01/2015,10,172
05/01/2015,13,174
05/01/2015,16,171
05/01/2015,19,168
05/01/2015,22,161
05/02/2015,1,154
05/02/2015,4,162
05/02/2015,7,170
05/02/2015,10,171
05/02/2015,13,172
05/02/2015,16,162
05/02/2015,19,152
05/02/2015,22,150
05/03/2015,1,148
05/03/2015,4,154
05/03/2015,7,160
05/03/2015,10,156
05/03/2015,13,152
05/03/2015,16,146
05/03/2015,19,140
05/03/2015,22,146
05/04/2015,1,152
05/04/2015,4,161
05/04/2015,7,170
05/04/2015,10,163
05/04/2015,13,156
05/04/2015,16,162
05/04/2015,19,168
05/04/2015,22,174
05/05/2015,1,180
05/05/2015,4,180
05/05/2015,7,180
05/05/2015,10,177
05/05/2015,13,174
05/05/2015,16,179
05/05/2015,19,184
05/05/2015,22,194
05/06/2015,1,204
05/06/2015,4,207
05/06/2015,7,210
05/06/2015,10,203
05/06/2015,13,196
05/06/2015,16,194
05/06/2015,19,192
05/06/2015,22,197
05/07/2015,1,202
05/07/2015,4,211
05/07/2015,7,220
05/07/2015,10,215
05/07/2015,13,210
05/07/2015,16,204
05/07/2015,19,198
05/07/2015,22,205
05/08/2015,1,212
05/08/2015,4,222
05/08/2015,7,232
05/08/2015,10,225
05/08/2015,13,218
05/08/2015,16,212
05/08/2015,19,206
05/08/2015,22,211
05/09/2015,1,216
05/09/2015,4,227
05/09/2015,7,238
05/09/2015,10,228
05/09/2015,13,218
05/09/2015,16,211
05/09/2015,19,204
05/09/2015,22,209
05/10/2015,1,214
05/10/2015,4,223
05/10/2015,7,232
05/10/2015,10,225
05/10/2015,13,218
05/10/2015,16,212
05/10/2015,19,206
05/10/2015,22,213
05/11/2015,1,220
05/11/2015,4,232
05/11/2015,7,244
05/11/2015,10,237
05/11/2015,13,230
05/11/2015,16,220
05/11/2015,19,210
05/11/2015,22,217
05/12/2015,1,224
05/12/2015,4,235
05/12/2015,7,246
05/12/2015,10,240
05/12/2015,13,234
05/12/2015,16,229
05/12/2015,19,224
05/12/2015,22,227
05/13/2015,1,230
05/13/2015,4,242
05/13/2015,7,254
05/13/2015,10,248
05/13/2015,13,242
05/13/2015,16,241
05/13/2015,19,240
05/13/2015,22,242
05/14/2015,1,244
05/14/2015,4,248
05/14/2015,7,252
05/14/2015,10,248
05/14/2015,13,244
05/14/2015,16,238
05/14/2015,19,232
05/14/2015,22,229
05/15/2015,1,226
05/15/2015,4,228
05/15/2015,7,230
05/15/2015,10,229
05/15/2015,13,228
05/15/2015,16,225
05/15/2015,19,222
05/15/2015,22,219
05/16/2015,1,216
05/16/2015,4,220
05/16/2015,7,224
05/16/2015,10,226
05/16/2015,13,228
05/16/2015,16,233
05/16/2015,19,238
05/16/2015,22,245
05/17/2015,1,252
05/17/2015,4,250
05/17/2015,7,248
05/17/2015,10,247
05/17/2015,13,246
05/17/2015,16,253
05/17/2015,19,260
05/17/2015,22,264
05/18/2015,1,268
05/18/2015,4,264
05/18/2015,7,260
05/18/2015,10,255
05/18/2015,13,250
05/18/2015,16,253
05/18/2015,19,256
05/18/2015,22,262
05/19/2015,1,268
05/19/2015,4,267
05/19/2015,7,266
05/19/2015,10,261
05/19/2015,13,256
05/19/2015,16,257
05/19/2015,19,258
05/19/2015,22,262
05/20/2015,1,266
05/20/2015,4,273
05/20/2015,7,280
05/20/2015,10,274
05/20/2015,13,268
05/20/2015,16,271
05/20/2015,19,274
05/20/2015,22,279
05/21/2015,1,284
05/21/2015,4,291
05/21/2015,7,298
05/21/2015,10,293
05/21/2015,13,288
05/21/2015,16,290
05/21/2015,19,292
05/21/2015,22,296
05/22/2015,1,300
05/22/2015,4,303
05/22/2015,7,306
05/22/2015,10,301
05/22/2015,13,296
05/22/2015,16,291
05/22/2015,19,286
05/22/2015,22,292
05/23/2015,1,298
05/23/2015,4,306
05/23/2015,7,314
05/23/2015,10,311
05/23/2015,13,308
05/23/2015,16,304
05/23/2015,19,300
05/23/2015,22,305
05/24/2015,1,310
05/24/2015,4,317
05/24/2015,7,324
05/24/2015,10,320
05/24/2015,13,316
05/24/2015,16,307
05/24/2015,19,298
05/24/2015,22,294
05/25/2015,1,290
05/25/2015,4,295
05/25/2015,7,300
05/25/2015,10,298
05/25/2015,13,296
05/25/2015,16,292
05/25/2015,19,288
05/25/2015,22,291
05/26/2015,1,294
05/26/2015,4,298
05/26/2015,7,302
05/26/2015,10,300
05/26/2015,13,298
05/26/2015,16,294
05/26/2015,19,290
05/26/2015,22,291
05/27/2015,1,292
05/27/2015,4,296
05/27/2015,7,300
05/27/2015,10,296
05/27/2015,13,292
05/27/2015,16,287
05/27/2015,19,282
05/27/2015,22,279
05/28/2015,1,276
05/28/2015,4,278
05/28/2015,7,280
05/28/2015,10,275
05/28/2015,13,270
05/28/2015,16,266
05/28/2015,19,262
05/28/2015,22,258
05/29/2015,1,254
05/29/2015,4,258
05/29/2015,7,262
05/29/2015,10,258
05/29/2015,13,254
05/29/2015,16,251
05/29/2015,19,248
05/29/2015,22,248
05/30/2015,1,248
05/30/2015,4,250
05/30/2015,7,252
05/30/2015,10,251
05/30/2015,13,250
05/30/2015,16,249
05/30/2015,19,248
05/30/2015,22,246
05/31/2015,1,244
05/31/2015,4,247
05/31/2015,7,250
05/31/2015,10,244
05/31/2015,13,238
05/31/2015,16,238
05/31/2015,19,238
05/31/2015,22,236
06/01/2015,1,234
06/01/2015,4,230
06/01/2015,7,226
06/01/2015,10,214
06/01/2015,13,202
06/01/2015,16,201
06/01/2015,19,200
06/01/2015,22,202
06/02/2015,1,204
06/02/2015,4,207
06/02/2015,7,210
06/02/2015,10,205
06/02/2015,13,200
06/02/2015,16,198
06/02/2015,19,196
06/02/2015,22,206
06/03/2015,1,216
06/03/2015,4,230
06/03/2015,7,244
06/03/2015,10,240
06/03/2015,13,236
06/03/2015,16,235
06/03/2015,19,234
06/03/2015,22,238
06/04/2015,1,242
06/04/2015,4,251
06/04/2015,7,260
06/04/2015,10,253
06/04/2015,13,246
06/04/2015,16,240
06/04/2015,19,234
06/04/2015,22,247
06/05/2015,1,260
06/05/2015,4,260
06/05/2015,7,260
06/05/2015,10,254
06/05/2015,13,248
06/05/2015,16,242
06/05/2015,19,236
06/05/2015,22,241
06/06/2015,1,246
06/06/2015,4,254
06/06/2015,7,262
06/06/2015,10,258
06/06/2015,13,254
06/06/2015,16,247
06/06/2015,19,240
06/06/2015,22,246
06/07/2015,1,252
06/07/2015,4,262
06/07/2015,7,272
06/07/2015,10,266
06/07/2015,13,260
06/07/2015,16,253
06/07/2015,19,246
06/07/2015,22,244
06/08/2015,1,242
06/08/2015,4,245
06/08/2015,7,248
06/08/2015,10,236
06/08/2015,13,224
06/08/2015,16,211
06/08/2015,19,198
06/08/2015,22,202
06/09/2015,1,206
06/09/2015,4,215
06/09/2015,7,224
06/09/2015,10,219
06/09/2015,13,214
06/09/2015,16,208
06/09/2015,19,202
06/09/2015,22,206
06/10/2015,1,210
06/10/2015,4,219
06/10/2015,7,228
06/10/2015,10,224
06/10/2015,13,220
06/10/2015,16,215
06/10/2015,19,210
06/10/2015,22,211
06/11/2015,1,212
06/11/2015,4,216
06/11/2015,7,220
06/11/2015,10,217
06/11/2015,13,214
06/11/2015,16,208
06/11/2015,19,202
06/11/2015,22,201
06/12/2015,1,200
06/12/2015,4,204
06/12/2015,7,208
06/12/2015,10,212
06/12/2015,13,216
06/12/2015,16,209
06/12/2015,19,202
06/12/2015,22,199
06/13/2015,1,196
06/13/2015,4,200
06/13/2015,7,204
06/13/2015,10,208
06/13/2015,13,212
06/13/2015,16,202
06/13/2015,19,192
06/13/2015,22,183
06/14/2015,1,174
06/14/2015,4,177
06/14/2015,7,180
06/14/2015,10,184
06/14/2015,13,188
06/14/2015,16,188
06/14/2015,19,188
06/14/2015,22,186
06/15/2015,1,184
06/15/2015,4,180
06/15/2015,7,176
06/15/2015,10,179
06/15/2015,13,182
06/15/2015,16,176
06/15/2015,19,170
06/15/2015,22,168
06/16/2015,1,166
06/16/2015,4,169
06/16/2015,7,172
06/16/2015,10,162
06/16/2015,13,152
06/16/2015,16,160
06/16/2015,19,168
06/16/2015,22,178
06/17/2015,1,188
06/17/2015,4,195
06/17/2015,7,202
06/17/2015,10,195
06/17/2015,13,188
06/17/2015,16,181
06/17/2015,19,174
06/17/2015,22,177
06/18/2015,1,180
06/18/2015,4,186
06/18/2015,7,192
06/18/2015,10,190
06/18/2015,13,188
06/18/2015,16,183
06/18/2015,19,178
06/18/2015,22,175
06/19/2015,1,172
06/19/2015,4,181
06/19/2015,7,190
06/19/2015,10,179
06/19/2015,13,168
06/19/2015,16,158
06/19/2015,19,148
06/19/2015,22,152
06/20/2015,1,156
06/20/2015,4,165
06/20/2015,7,174
06/20/2015,10,164
06/20/2015,13,154
06/20/2015,16,145
06/20/2015,19,136
06/20/2015,22,142
06/21/2015,1,148
06/21/2015,4,157
06/21/2015,7,166
06/21/2015,10,158
06/21/2015,13,150
06/21/2015,16,142
06/21/2015,19,134
06/21/2015,22,140
06/22/2015,1,146
06/22/2015,4,155
06/22/2015,7,164
06/22/2015,10,152
06/22/2015,13,140
06/22/2015,16,129
06/22/2015,19,118
06/22/2015,22,128
06/23/2015,1,138
06/23/2015,4,152
06/23/2015,7,166
06/23/2015,10,153
06/23/2015,13,140
06/23/2015,16,130
06/23/2015,19,120
06/23/2015,22,131
06/24/2015,1,142
06/24/2015,4,155
06/24/2015,7,168
06/24/2015,10,165
06/24/2015,13,162
06/24/2015,16,156
06/24/2015,19,150
06/24/2015,22,157
06/25/2015,1,164
06/25/2015,4,175
06/25/2015,7,186
06/25/2015,10,183
06/25/2015,13,180
06/25/2015,16,178
06/25/2015,19,176
06/25/2015,22,178
06/26/2015,1,180
06/26/2015,4,185
06/26/2015,7,190
06/26/2015,10,188
06/26/2015,13,186
06/26/2015,16,183
06/26/2015,19,180
06/26/2015,22,184
06/27/2015,1,188
06/27/2015,4,194
06/27/2015,7,200
06/27/2015,10,198
06/27/2015,13,196
06/27/2015,16,194
06/27/2015,19,192
06/27/2015,22,195
06/28/2015,1,198
06/28/2015,4,202
06/28/2015,7,206
06/28/2015,10,201
06/28/2015,13,196
06/28/2015,16,195
06/28/2015,19,194
06/28/2015,22,192
06/29/2015,1,190
06/29/2015,4,185
06/29/2015,7,180
06/29/2015,10,173
06/29/2015,13,166
06/29/2015,16,167
06/29/2015,19,168
06/29/2015,22,170
06/30/2015,1,172
06/30/2015,4,168
06/30/2015,7,164
06/30/2015,10,157
06/30/2015,13,150
06/30/2015,16,155
06/30/2015,19,160
06/30/2015,22,166
07/01/2015,1,172
07/01/2015,4,174
07/01/2015,7,176
07/01/2015,10,171
07/01/2015,13,166
07/01/2015,16,161
07/01/2015,19,156
07/01/2015,22,164
07/02/2015,1,172
07/02/2015,4,185
07/02/2015,7,198
07/02/2015,10,195
07/02/2015,13,192
07/02/2015,16,197
07/02/2015,19,202
07/02/2015,22,208
07/03/2015,1,214
07/03/2015,4,222
07/03/2015,7,230
07/03/2015,10,224
07/03/2015,13,218
07/03/2015,16,214
07/03/2015,19,210
07/03/2015,22,213
07/04/2015,1,216
07/04/2015,4,225
07/04/2015,7,234
07/04/2015,10,229
07/04/2015,13,224
07/04/2015,16,218
07/04/2015,19,212
07/04/2015,22,220
07/05/2015,1,228
07/05/2015,4,237
07/05/2015,7,246
07/05/2015,10,239
07/05/2015,13,232
07/05/2015,16,221
07/05/2015,19,210
07/05/2015,22,207
07/06/2015,1,204
07/06/2015,4,211
07/06/2015,7,218
07/06/2015,10,208
07/06/2015,13,198
07/06/2015,16,184
07/06/2015,19,170
07/06/2015,22,176
07/07/2015,1,182
07/07/2015,4,196
07/07/2015,7,210
07/07/2015,10,206
07/07/2015,13,202
07/07/2015,16,197
07/07/2015,19,192
07/07/2015,22,187
07/08/2015,1,182
07/08/2015,4,179
07/08/2015,7,176
07/08/2015,10,200
07/08/2015,13,224
07/08/2015,16,218
07/08/2015,19,212
07/08/2015,22,207
07/09/2015,1,202
07/09/2015,4,213
07/09/2015,7,224
07/09/2015,10,222
07/09/2015,13,220
07/09/2015,16,215
07/09/2015,19,210
07/09/2015,22,205
07/10/2015,1,200
07/10/2015,4,209
07/10/2015,7,218
07/10/2015,10,211
07/10/2015,13,204
07/10/2015,16,200
07/10/2015,19,196
07/10/2015,22,193
07/11/2015,1,190
07/11/2015,4,188
07/11/2015,7,186
07/11/2015,10,179
07/11/2015,13,172
07/11/2015,16,171
07/11/2015,19,170
07/11/2015,22,167
07/12/2015,1,164
07/12/2015,4,158
07/12/2015,7,152
07/12/2015,10,143
07/12/2015,13,134
07/12/2015,16,131
07/12/2015,19,128
07/12/2015,22,125
07/13/2015,1,122
07/13/2015,4,126
07/13/2015,7,130
07/13/2015,10,125
07/13/2015,13,120
07/13/2015,16,136
07/13/2015,19,152
07/13/2015,22,155
07/14/2015,1,158
07/14/2015,4,152
07/14/2015,7,146
07/14/2015,10,141
07/14/2015,13,136
07/14/2015,16,138
07/14/2015,19,140
07/14/2015,22,148
07/15/2015,1,156
07/15/2015,4,165
07/15/2015,7,174
07/15/2015,10,163
07/15/2015,13,152
07/15/2015,16,151
07/15/2015,19,150
07/15/2015,22,157
07/16/2015,1,164
07/16/2015,4,172
07/16/2015,7,180
07/16/2015,10,174
07/16/2015,13,168
07/16/2015,16,160
07/16/2015,19,152
07/16/2015,22,156
07/17/2015,1,160
07/17/2015,4,167
07/17/2015,7,174
07/17/2015,10,158
07/17/2015,13,142
07/17/2015,16,136
07/17/2015,19,130
07/17/2015,22,137
07/18/2015,1,144
07/18/2015,4,156
07/18/2015,7,168
07/18/2015,10,154
07/18/2015,13,140
07/18/2015,16,131
07/18/2015,19,122
07/18/2015,22,129
07/19/2015,1,136
07/19/2015,4,150
07/19/2015,7,164
07/19/2015,10,153
07/19/2015,13,142
07/19/2015,16,131
07/19/2015,19,120
07/19/2015,22,127
07/20/2015,1,134
07/20/2015,4,142
07/20/2015,7,150
07/20/2015,10,133
07/20/2015,13,116
07/20/2015,16,101
07/20/2015,19,86
07/20/2015,22,94
07/21/2015,1,102
07/21/2015,4,115
07/21/2015,7,128
07/21/2015,10,115
07/21/2015,13,102
07/21/2015,16,91
07/21/2015,19,80
07/21/2015,22,86
07/22/2015,1,92
07/22/2015,4,103
07/22/2015,7,114
07/22/2015,10,106
07/22/2015,13,98
07/22/2015,16,90
07/22/2015,19,82
07/22/2015,22,89
07/23/2015,1,96
07/23/2015,4,108
07/23/2015,7,120
07/23/2015,10,118
07/23/2015,13,116
07/23/2015,16,111
07/23/2015,19,106
07/23/2015,22,104
07/24/2015,1,102
07/24/2015,4,110
07/24/2015,7,118
07/24/2015,10,118
07/24/2015,13,118
07/24/2015,16,114
07/24/2015,19,110
07/24/2015,22,104
07/25/2015,1,98
07/25/2015,4,103
07/25/2015,7,108
07/25/2015,10,106
07/25/2015,13,104
07/25/2015,16,106
07/25/2015,19,108
07/25/2015,22,114
07/26/2015,1,120
07/26/2015,4,115
07/26/2015,7,110
07/26/2015,10,111
07/26/2015,13,112
07/26/2015,16,131
07/26/2015,19,150
07/26/2015,22,155
07/27/2015,1,160
07/27/2015,4,162
07/27/2015,7,164
07/27/2015,10,163
07/27/2015,13,162
07/27/2015,16,175
07/27/2015,19,188
07/27/2015,22,192
07/28/2015,1,196
07/28/2015,4,196
07/28/2015,7,196
07/28/2015,10,195
07/28/2015,13,194
07/28/2015,16,206
07/28/2015,19,218
07/28/2015,22,221
07/29/2015,1,224
07/29/2015,4,224
07/29/2015,7,224
07/29/2015,10,217
07/29/2015,13,210
07/29/2015,16,216
07/29/2015,19,222
07/29/2015,22,231
07/30/2015,1,240
07/30/2015,4,244
07/30/2015,7,248
07/30/2015,10,246
07/30/2015,13,244
07/30/2015,16,252
07/30/2015,19,260
07/30/2015,22,271
07/31/2015,1,282
07/31/2015,4,294
07/31/2015,7,306
07/31/2015,10,301
07/31/2015,13,296
07/31/2015,16,298
07/31/2015,19,300
07/31/2015,22,307
08/01/2015,1,314
08/01/2015,4,325
08/01/2015,7,336
08/01/2015,10,339
08/01/2015,13,342
08/01/2015,16,346
08/01/2015,19,350
08/01/2015,22,356
08/02/2015,1,362
08/02/2015,4,375
08/02/2015,7,388
08/02/2015,10,390
08/02/2015,13,392
08/02/2015,16,394
08/02/2015,19,396
08/02/2015,22,402
08/03/2015,1,408
08/03/2015,4,426
08/03/2015,7,446
08/03/2015,10,462
08/03/2015,13,476
08/03/2015,16,488
08/03/2015,19,496
08/03/2015,22,510
08/04/2015,1,524
08/04/2015,4,538
08/04/2015,7,542
08/04/2015,10,550
08/04/2015,13,560
08/04/2015,16,568
08/04/2015,19,576
08/04/2015,22,576
08/05/2015,1,572
08/05/2015,4,568
08/05/2015,7,564
08/05/2015,10,562
08/05/2015,13,558
08/05/2015,16,552
08/05/2015,19,548
08/05/2015,22,542
08/06/2015,1,536
08/06/2015,4,530
08/06/2015,7,522
08/06/2015,10,516
08/06/2015,13,508
08/06/2015,16,500
08/06/2015,19,488
08/06/2015,22,480
08/07/2015,1,476
08/07/2015,4,472
08/07/2015,7,468
08/07/2015,10,464
08/07/2015,13,458
08/07/2015,16,452
08/07/2015,19,446
08/07/2015,22,442
08/08/2015,1,438
08/08/2015,4,432
08/08/2015,7,430
08/08/2015,10,426
08/08/2015,13,422
08/08/2015,16,420
08/08/2015,19,420
08/08/2015,22,418
08/09/2015,1,414
08/09/2015,4,410
08/09/2015,7,404
08/09/2015,10,398
08/09/2015,13,390
08/09/2015,16,388
08/09/2015,19,386
08/09/2015,22,382
08/10/2015,1,378
08/10/2015,4,372
08/10/2015,7,366
08/10/2015,10,360
08/10/2015,13,352
08/10/2015,16,348
08/10/2015,19,344
08/10/2015,22,344
08/11/2015,1,342
08/11/2015,4,340
08/11/2015,7,338
08/11/2015,10,336
08/11/2015,13,334
08/11/2015,16,333
08/11/2015,19,332
08/11/2015,22,331
08/12/2015,1,330
08/12/2015,4,329
08/12/2015,7,328
08/12/2015,10,322
08/12/2015,13,316
08/12/2015,16,316
08/12/2015,19,316
08/12/2015,22,316
08/13/2015,1,316
08/13/2015,4,315
08/13/2015,7,314
08/13/2015,10,313
08/13/2015,13,312
08/13/2015,16,312
08/13/2015,19,312
08/13/2015,22,313
08/14/2015,1,314
08/14/2015,4,316
08/14/2015,7,318
08/14/2015,10,317
08/14/2015,13,316
08/14/2015,16,315
08/14/2015,19,314
08/14/2015,22,319
08/15/2015,1,324
08/15/2015,4,325
08/15/2015,7,326
08/15/2015,10,321
08/15/2015,13,316
08/15/2015,16,310
08/15/2015,19,304
08/15/2015,22,307
08/16/2015,1,310
08/16/2015,4,315
08/16/2015,7,320
08/16/2015,10,316
08/16/2015,13,312
08/16/2015,16,307
08/16/2015,19,302
08/16/2015,22,303
08/17/2015,1,304
08/17/2015,4,307
08/17/2015,7,310
08/17/2015,10,307
08/17/2015,13,304
08/17/2015,16,299
08/17/2015,19,294
08/17/2015,22,292
08/18/2015,1,290
08/18/2015,4,294
08/18/2015,7,298
08/18/2015,10,293
08/18/2015,13,288
08/18/2015,16,283
08/18/2015,19,278
08/18/2015,22,276
08/19/2015,1,274
08/19/2015,4,278
08/19/2015,7,282
08/19/2015,10,281
08/19/2015,13,280
08/19/2015,16,276
08/19/2015,19,272
08/19/2015,22,272
08/20/2015,1,272
08/20/2015,4,277
08/20/2015,7,282
08/20/2015,10,286
08/20/2015,13,290
08/20/2015,16,293
08/20/2015,19,296
08/20/2015,22,300
08/21/2015,1,304
08/21/2015,4,308
08/21/2015,7,312
08/21/2015,10,318
08/21/2015,13,324
08/21/2015,16,328
08/21/2015,19,332
08/21/2015,22,335
08/22/2015,1,338
08/22/2015,4,338
08/22/2015,7,338
08/22/2015,10,336
08/22/2015,13,334
08/22/2015,16,332
08/22/2015,19,330
08/22/2015,22,323
08/23/2015,1,316
08/23/2015,4,310
08/23/2015,7,304
08/23/2015,10,295
08/23/2015,13,286
08/23/2015,16,283
08/23/2015,19,280
08/23/2015,22,274
08/24/2015,1,268
08/24/2015,4,259
08/24/2015,7,250
08/24/2015,10,246
08/24/2015,13,242
08/24/2015,16,243
08/24/2015,19,244
08/24/2015,22,242
08/25/2015,1,240
08/25/2015,4,237
08/25/2015,7,234
08/25/2015,10,229
08/25/2015,13,224
08/25/2015,16,232
08/25/2015,19,240
08/25/2015,22,238
08/26/2015,1,236
08/26/2015,4,232
08/26/2015,7,228
08/26/2015,10,222
08/26/2015,13,216
08/26/2015,16,224
08/26/2015,19,232
08/26/2015,22,234
08/27/2015,1,236
08/27/2015,4,231
08/27/2015,7,226
08/27/2015,10,224
08/27/2015,13,222
08/27/2015,16,232
08/27/2015,19,242
08/27/2015,22,250
08/28/2015,1,258
08/28/2015,4,257
08/28/2015,7,256
08/28/2015,10,251
08/28/2015,13,246
08/28/2015,16,254
08/28/2015,19,262
08/28/2015,22,272
08/29/2015,1,282
08/29/2015,4,276
08/29/2015,7,270
08/29/2015,10,264
08/29/2015,13,258
08/29/2015,16,261
08/29/2015,19,264
08/29/2015,22,274
08/30/2015,1,284
08/30/2015,4,280
08/30/2015,7,276
08/30/2015,10,276
08/30/2015,13,276
08/30/2015,16,280
08/30/2015,19,284
08/30/2015,22,295
08/31/2015,1,306
08/31/2015,4,315
08/31/2015,7,324
08/31/2015,10,326
08/31/2015,13,328
08/31/2015,16,329
08/31/2015,19,330
08/31/2015,22,333
09/01/2015,1,336
09/01/2015,4,343
09/01/2015,7,350
09/01/2015,10,352
09/01/2015,13,354
09/01/2015,16,350
09/01/2015,19,346
09/01/2015,22,344
09/02/2015,1,342
09/02/2015,4,341
09/02/2015,7,340
09/02/2015,10,336
09/02/2015,13,332
09/02/2015,16,324
09/02/2015,19,316
09/02/2015,22,306
09/03/2015,1,296
09/03/2015,4,287
09/03/2015,7,278
09/03/2015,10,273
09/03/2015,13,268
09/03/2015,16,262
09/03/2015,19,256
09/03/2015,22,252
09/04/2015,1,248
09/04/2015,4,249
09/04/2015,7,250
09/04/2015,10,261
09/04/2015,13,272
09/04/2015,16,271
09/04/2015,19,270
09/04/2015,22,268
09/05/2015,1,266
09/05/2015,4,264
09/05/2015,7,262
09/05/2015,10,267
09/05/2015,13,272
09/05/2015,16,276
09/05/2015,19,280
09/05/2015,22,282
09/06/2015,1,284
09/06/2015,4,283
09/06/2015,7,282
09/06/2015,10,285
09/06/2015,13,288
09/06/2015,16,292
09/06/2015,19,296
09/06/2015,22,299
09/07/2015,1,302
09/07/2015,4,301
09/07/2015,7,300
09/07/2015,10,298
09/07/2015,13,296
09/07/2015,16,301
09/07/2015,19,306
09/07/2015,22,309
09/08/2015,1,312
09/08/2015,4,317
09/08/2015,7,322
09/08/2015,10,324
09/08/2015,13,326
09/08/2015,16,333
09/08/2015,19,340
09/08/2015,22,345
09/09/2015,1,350
09/09/2015,4,351
09/09/2015,7,352
09/09/2015,10,359
09/09/2015,13,366
09/09/2015,16,373
09/09/2015,19,380
09/09/2015,22,388
09/10/2015,1,396
09/10/2015,4,404
09/10/2015,7,412
09/10/2015,10,412
09/10/2015,13,412
09/10/2015,16,410
09/10/2015,19,408
09/10/2015,22,409
09/11/2015,1,410
09/11/2015,4,408
09/11/2015,7,406
09/11/2015,10,400
09/11/2015,13,394
09/11/2015,16,388
09/11/2015,19,382
09/11/2015,22,378
09/12/2015,1,374
09/12/2015,4,371
09/12/2015,7,368
09/12/2015,10,364
09/12/2015,13,360
09/12/2015,16,352
09/12/2015,19,344
09/12/2015,22,335
09/13/2015,1,326
09/13/2015,4,315
09/13/2015,7,304
09/13/2015,10,294
09/13/2015,13,284
09/13/2015,16,273
09/13/2015,19,262
09/13/2015,22,258
09/14/2015,1,254
09/14/2015,4,252
09/14/2015,7,250
09/14/2015,10,245
09/14/2015,13,240
09/14/2015,16,235
09/14/2015,19,230
09/14/2015,22,233
09/15/2015,1,236
09/15/2015,4,243
09/15/2015,7,250
09/15/2015,10,253
09/15/2015,13,256
09/15/2015,16,253
09/15/2015,19,250
09/15/2015,22,256
09/16/2015,1,262
09/16/2015,4,259
09/16/2015,7,256
09/16/2015,10,256
09/16/2015,13,256
09/16/2015,16,252
09/16/2015,19,248
09/16/2015,22,248
09/17/2015,1,248
09/17/2015,4,251
09/17/2015,7,254
09/17/2015,10,258
09/17/2015,13,262
09/17/2015,16,262
09/17/2015,19,262
09/17/2015,22,261
09/18/2015,1,260
09/18/2015,4,260
09/18/2015,7,260
09/18/2015,10,266
09/18/2015,13,272
09/18/2015,16,281
09/18/2015,19,290
09/18/2015,22,301
09/19/2015,1,312
09/19/2015,4,328
09/19/2015,7,350
09/19/2015,10,358
09/19/2015,13,368
09/19/2015,16,372
09/19/2015,19,376
09/19/2015,22,378
09/20/2015,1,380
09/20/2015,4,382
09/20/2015,7,382
09/20/2015,10,382
09/20/2015,13,386
09/20/2015,16,386
09/20/2015,19,386
09/20/2015,22,384
09/21/2015,1,380
09/21/2015,4,372
09/21/2015,7,366
09/21/2015,10,358
09/21/2015,13,354
09/21/2015,16,354
09/21/2015,19,354
09/21/2015,22,352
09/22/2015,1,352
09/22/2015,4,352
09/22/2015,7,352
09/22/2015,10,357
09/22/2015,13,362
09/22/2015,16,369
09/22/2015,19,376
09/22/2015,22,372
09/23/2015,1,368
09/23/2015,4,366
09/23/2015,7,364
09/23/2015,10,363
09/23/2015,13,362
09/23/2015,16,366
09/23/2015,19,370
09/23/2015,22,374
09/24/2015,1,378
09/24/2015,4,374
09/24/2015,7,370
09/24/2015,10,368
09/24/2015,13,366
09/24/2015,16,369
09/24/2015,19,372
09/24/2015,22,374
09/25/2015,1,376
09/25/2015,4,372
09/25/2015,7,368
09/25/2015,10,367
09/25/2015,13,366
09/25/2015,16,369
09/25/2015,19,372
09/25/2015,22,374
09/26/2015,1,376
09/26/2015,4,376
09/26/2015,7,376
09/26/2015,10,371
09/26/2015,13,366
09/26/2015,16,366
09/26/2015,19,366
09/26/2015,22,369
09/27/2015,1,372
09/27/2015,4,370
09/27/2015,7,368
09/27/2015,10,365
09/27/2015,13,362
09/27/2015,16,362
09/27/2015,19,362
09/27/2015,22,363
09/28/2015,1,364
09/28/2015,4,363
09/28/2015,7,362
09/28/2015,10,356
09/28/2015,13,350
09/28/2015,16,345
09/28/2015,19,340
09/28/2015,22,342
09/29/2015,1,344
09/29/2015,4,344
09/29/2015,7,344
09/29/2015,10,341
09/29/2015,13,338
09/29/2015,16,334
09/29/2015,19,330
09/29/2015,22,330
09/30/2015,1,330
09/30/2015,4,329
09/30/2015,7,328
09/30/2015,10,327
09/30/2015,13,326
09/30/2015,16,321
09/30/2015,19,316
09/30/2015,22,312
10/01/2015,1,308
10/01/2015,4,307
10/01/2015,7,306
10/01/2015,10,313
10/01/2015,13,320
10/01/2015,16,316
10/01/2015,19,312
10/01/2015,22,309
10/02/2015,1,306
10/02/2015,4,304
10/02/2015,7,302
10/02/2015,10,309
10/02/2015,13,316
10/02/2015,16,314
10/02/2015,19,312
10/02/2015,22,307
10/03/2015,1,302
10/03/2015,4,300
10/03/2015,7,298
10/03/2015,10,306
10/03/2015,13,314
10/03/2015,16,313
10/03/2015,19,312
10/03/2015,22,304
10/04/2015,1,296
10/04/2015,4,293
10/04/2015,7,290
10/04/2015,10,293
10/04/2015,13,296
10/04/2015,16,297
10/04/2015,19,298
10/04/2015,22,296
10/05/2015,1,294
10/05/2015,4,287
10/05/2015,7,280
10/05/2015,10,284
10/05/2015,13,288
10/05/2015,16,294
10/05/2015,19,300
10/05/2015,22,298
10/06/2015,1,296
10/06/2015,4,289
10/06/2015,7,282
10/06/2015,10,282
10/06/2015,13,282
10/06/2015,16,288
10/06/2015,19,294
10/06/2015,22,292
10/07/2015,1,290
10/07/2015,4,289
10/07/2015,7,288
10/07/2015,10,281
10/07/2015,13,274
10/07/2015,16,283
10/07/2015,19,292
10/07/2015,22,290
10/08/2015,1,288
10/08/2015,4,284
10/08/2015,7,280
10/08/2015,10,272
10/08/2015,13,264
10/08/2015,16,273
10/08/2015,19,282
10/08/2015,22,280
10/09/2015,1,278
10/09/2015,4,276
10/09/2015,7,274
10/09/2015,10,269
10/09/2015,13,264
10/09/2015,16,270
10/09/2015,19,276
10/09/2015,22,275
10/10/2015,1,274
10/10/2015,4,273
10/10/2015,7,272
10/10/2015,10,268
10/10/2015,13,264
10/10/2015,16,267
10/10/2015,19,270
10/10/2015,22,270
10/11/2015,1,270
10/11/2015,4,265
10/11/2015,7,260
10/11/2015,10,255
10/11/2015,13,250
10/11/2015,16,253
10/11/2015,19,256
10/11/2015,22,258
10/12/2015,1,260
10/12/2015,4,262
10/12/2015,7,264
10/12/2015,10,265
10/12/2015,13,266
10/12/2015,16,270
10/12/2015,19,274
10/12/2015,22,280
10/13/2015,1,286
10/13/2015,4,293
10/13/2015,7,300
10/13/2015,10,304
10/13/2015,13,310
10/13/2015,16,314
10/13/2015,19,316
10/13/2015,22,318
10/14/2015,1,318
10/14/2015,4,320
10/14/2015,7,320
10/14/2015,10,324
10/14/2015,13,324
10/14/2015,16,314
10/14/2015,19,312
10/14/2015,22,306
10/15/2015,1,304
10/15/2015,4,301
10/15/2015,7,298
10/15/2015,10,298
10/15/2015,13,298
10/15/2015,16,297
10/15/2015,19,296
10/15/2015,22,294
10/16/2015,1,292
10/16/2015,4,289
10/16/2015,7,286
10/16/2015,10,292
10/16/2015,13,298
10/16/2015,16,298
10/16/2015,19,298
10/16/2015,22,295
10/17/2015,1,292
10/17/2015,4,290
10/17/2015,7,288
10/17/2015,10,295
10/17/2015,13,302
10/17/2015,16,302
10/17/2015,19,302
10/17/2015,22,297
10/18/2015,1,292
10/18/2015,4,285
10/18/2015,7,278
10/18/2015,10,285
10/18/2015,13,292
10/18/2015,16,291
10/18/2015,19,290
10/18/2015,22,285
10/19/2015,1,280
10/19/2015,4,272
10/19/2015,7,264
10/19/2015,10,275
10/19/2015,13,286
10/19/2015,16,284
10/19/2015,19,282
10/19/2015,22,279
10/20/2015,1,276
10/20/2015,4,269
10/20/2015,7,262
10/20/2015,10,266
10/20/2015,13,270
10/20/2015,16,277
10/20/2015,19,284
10/20/2015,22,280
10/21/2015,1,276
10/21/2015,4,268
10/21/2015,7,260
10/21/2015,10,266
10/21/2015,13,272
10/21/2015,16,280
10/21/2015,19,288
10/21/2015,22,283
10/22/2015,1,278
10/22/2015,4,270
10/22/2015,7,262
10/22/2015,10,265
10/22/2015,13,268
10/22/2015,16,276
10/22/2015,19,284
10/22/2015,22,275
10/23/2015,1,266
10/23/2015,4,260
10/23/2015,7,254
10/23/2015,10,251
10/23/2015,13,248
10/23/2015,16,258
10/23/2015,19,268
10/23/2015,22,264
10/24/2015,1,260
10/24/2015,4,253
10/24/2015,7,246
10/24/2015,10,240
10/24/2015,13,234
10/24/2015,16,239
10/24/2015,19,244
10/24/2015,22,250
10/25/2015,1,256
10/25/2015,4,249
10/25/2015,7,242
10/25/2015,10,237
10/25/2015,13,232
10/25/2015,16,236
10/25/2015,19,240
10/25/2015,22,238
10/26/2015,1,236
10/26/2015,4,230
10/26/2015,7,224
10/26/2015,10,219
10/26/2015,13,214
10/26/2015,16,212
10/26/2015,19,210
10/26/2015,22,214
10/27/2015,1,218
10/27/2015,4,220
10/27/2015,7,222
10/27/2015,10,216
10/27/2015,13,210
10/27/2015,16,208
10/27/2015,19,206
10/27/2015,22,207
10/28/2015,1,208
10/28/2015,4,212
10/28/2015,7,216
10/28/2015,10,215
10/28/2015,13,214
10/28/2015,16,208
10/28/2015,19,202
10/28/2015,22,204
10/29/2015,1,206
10/29/2015,4,209
10/29/2015,7,212
10/29/2015,10,219
10/29/2015,13,226
10/29/2015,16,218
10/29/2015,19,210
10/29/2015,22,204
10/30/2015,1,198
10/30/2015,4,199
10/30/2015,7,200
10/30/2015,10,217
10/30/2015,13,234
10/30/2015,16,226
10/30/2015,19,218
10/30/2015,22,210
10/31/2015,1,202
10/31/2015,4,191
10/31/2015,7,180
10/31/2015,10,205
10/31/2015,13,230
10/31/2015,16,220
10/31/2015,19,210
10/31/2015,22,198
11/01/2015,1,186
11/01/2015,4,168
11/01/2015,7,150
11/01/2015,10,167
11/01/2015,13,184
11/01/2015,16,178
11/01/2015,19,172
11/01/2015,22,161
11/02/2015,1,150
11/02/2015,4,131
11/02/2015,7,112
11/02/2015,10,149
11/02/2015,13,186
11/02/2015,16,185
11/02/2015,19,184
11/02/2015,22,165
11/03/2015,1,146
11/03/2015,4,138
11/03/2015,7,130
11/03/2015,10,158
11/03/2015,13,186
11/03/2015,16,192
11/03/2015,19,198
11/03/2015,22,182
11/04/2015,1,166
11/04/2015,4,154
11/04/2015,7,142
11/04/2015,10,158
11/04/2015,13,174
11/04/2015,16,192
11/04/2015,19,210
11/04/2015,22,191
11/05/2015,1,172
11/05/2015,4,159
11/05/2015,7,146
11/05/2015,10,155
11/05/2015,13,164
11/05/2015,16,177
11/05/2015,19,190
11/05/2015,22,179
11/06/2015,1,168
11/06/2015,4,150
11/06/2015,7,132
11/06/2015,10,132
11/06/2015,13,132
11/06/2015,16,149
11/06/2015,19,166
11/06/2015,22,153
11/07/2015,1,140
11/07/2015,4,130
11/07/2015,7,120
11/07/2015,10,122
11/07/2015,13,124
11/07/2015,16,139
11/07/2015,19,154
11/07/2015,22,142
11/08/2015,1,130
11/08/2015,4,121
11/08/2015,7,112
11/08/2015,10,107
11/08/2015,13,102
11/08/2015,16,120
11/08/2015,19,138
11/08/2015,22,133
11/09/2015,1,128
11/09/2015,4,114
11/09/2015,7,100
11/09/2015,10,97
11/09/2015,13,94
11/09/2015,16,97
11/09/2015,19,100
11/09/2015,22,103
11/10/2015,1,106
11/10/2015,4,113
11/10/2015,7,120
11/10/2015,10,118
11/10/2015,13,116
11/10/2015,16,117
11/10/2015,19,118
11/10/2015,22,123
11/11/2015,1,128
11/11/2015,4,139
11/11/2015,7,150
11/11/2015,10,149
11/11/2015,13,148
11/11/2015,16,142
11/11/2015,19,136
11/11/2015,22,131
11/12/2015,1,126
11/12/2015,4,144
11/12/2015,7,162
11/12/2015,10,162
11/12/2015,13,162
11/12/2015,16,158
11/12/2015,19,154
11/12/2015,22,160
11/13/2015,1,166
11/13/2015,4,174
11/13/2015,7,182
11/13/2015,10,199
11/13/2015,13,216
11/13/2015,16,202
11/13/2015,19,188
11/13/2015,22,191
11/14/2015,1,194
11/14/2015,4,201
11/14/2015,7,208
11/14/2015,10,219
11/14/2015,13,230
11/14/2015,16,228
11/14/2015,19,226
11/14/2015,22,224
11/15/2015,1,222
11/15/2015,4,220
11/15/2015,7,218
11/15/2015,10,244
11/15/2015,13,270
11/15/2015,16,274
11/15/2015,19,278
11/15/2015,22,278
11/16/2015,1,276
11/16/2015,4,268
11/16/2015,7,260
11/16/2015,10,278
11/16/2015,13,294
11/16/2015,16,294
11/16/2015,19,288
11/16/2015,22,278
11/17/2015,1,268
11/17/2015,4,257
11/17/2015,7,246
11/17/2015,10,260
11/17/2015,13,274
11/17/2015,16,274
11/17/2015,19,274
11/17/2015,22,260
11/18/2015,1,246
11/18/2015,4,235
11/18/2015,7,224
11/18/2015,10,232
11/18/2015,13,240
11/18/2015,16,246
11/18/2015,19,252
11/18/2015,22,245
11/19/2015,1,238
11/19/2015,4,224
11/19/2015,7,210
11/19/2015,10,224
11/19/2015,13,238
11/19/2015,16,242
11/19/2015,19,246
11/19/2015,22,238
11/20/2015,1,230
11/20/2015,4,219
11/20/2015,7,208
11/20/2015,10,213
11/20/2015,13,218
11/20/2015,16,227
11/20/2015,19,236
11/20/2015,22,232
11/21/2015,1,228
11/21/2015,4,220
11/21/2015,7,212
11/21/2015,10,218
11/21/2015,13,224
11/21/2015,16,230
11/21/2015,19,236
11/21/2015,22,223
11/22/2015,1,210
11/22/2015,4,204
11/22/2015,7,198
11/22/2015,10,194
11/22/2015,13,190
11/22/2015,16,199
11/22/2015,19,208
11/22/2015,22,197
11/23/2015,1,186
11/23/2015,4,174
11/23/2015,7,162
11/23/2015,10,157
11/23/2015,13,152
11/23/2015,16,158
11/23/2015,19,164
11/23/2015,22,160
11/24/2015,1,156
11/24/2015,4,153
11/24/2015,7,150
11/24/2015,10,152
11/24/2015,13,154
11/24/2015,16,154
11/24/2015,19,154
11/24/2015,22,150
11/25/2015,1,146
11/25/2015,4,164
11/25/2015,7,182
11/25/2015,10,179
11/25/2015,13,176
11/25/2015,16,166
11/25/2015,19,156
11/25/2015,22,158
11/26/2015,1,160
11/26/2015,4,164
11/26/2015,7,168
11/26/2015,10,171
11/26/2015,13,174
11/26/2015,16,161
11/26/2015,19,148
11/26/2015,22,143
11/27/2015,1,138
11/27/2015,4,155
11/27/2015,7,172
11/27/2015,10,185
11/27/2015,13,198
11/27/2015,16,189
11/27/2015,19,180
11/27/2015,22,169
11/28/2015,1,158
11/28/2015,4,167
11/28/2015,7,176
11/28/2015,10,199
11/28/2015,13,222
11/28/2015,16,205
11/28/2015,19,188
11/28/2015,22,176
11/29/2015,1,164
11/29/2015,4,157
11/29/2015,7,150
11/29/2015,10,180
11/29/2015,13,210
11/29/2015,16,195
11/29/2015,19,180
11/29/2015,22,161
11/30/2015,1,142
11/30/2015,4,126
11/30/2015,7,110
11/30/2015,10,144
11/30/2015,13,178
11/30/2015,16,165
11/30/2015,19,152
11/30/2015,22,137
12/01/2015,1,122
12/01/2015,4,108
12/01/2015,7,94
12/01/2015,10,137
12/01/2015,13,180
12/01/2015,16,178
12/01/2015,19,176
12/01/2015,22,162
12/02/2015,1,148
12/02/2015,4,130
12/02/2015,7,112
12/02/2015,10,150
12/02/2015,13,188
12/02/2015,16,184
12/02/2015,19,180
12/02/2015,22,173
12/03/2015,1,166
12/03/2015,4,152
12/03/2015,7,138
12/03/2015,10,163
12/03/2015,13,188
12/03/2015,16,187
12/03/2015,19,186
12/03/2015,22,177
12/04/2015,1,168
12/04/2015,4,155
12/04/2015,7,142
12/04/2015,10,153
12/04/2015,13,164
12/04/2015,16,173
12/04/2015,19,182
12/04/2015,22,176
12/05/2015,1,170
12/05/2015,4,162
12/05/2015,7,154
12/05/2015,10,156
12/05/2015,13,158
12/05/2015,16,165
12/05/2015,19,172
12/05/2015,22,169
12/06/2015,1,166
12/06/2015,4,157
12/06/2015,7,148
12/06/2015,10,150
12/06/2015,13,152
12/06/2015,16,158
12/06/2015,19,164
12/06/2015,22,163
12/07/2015,1,162
12/07/2015,4,161
12/07/2015,7,160
12/07/2015,10,169
12/07/2015,13,178
12/07/2015,16,180
12/07/2015,19,182
12/07/2015,22,185
12/08/2015,1,188
12/08/2015,4,191
12/08/2015,7,194
12/08/2015,10,198
12/08/2015,13,202
12/08/2015,16,199
12/08/2015,19,196
12/08/2015,22,193
12/09/2015,1,190
12/09/2015,4,189
12/09/2015,7,188
12/09/2015,10,188
12/09/2015,13,188
12/09/2015,16,182
12/09/2015,19,176
12/09/2015,22,170
12/10/2015,1,164
12/10/2015,4,176
12/10/2015,7,188
12/10/2015,10,194
12/10/2015,13,200
12/10/2015,16,188
12/10/2015,19,176
12/10/2015,22,168
12/11/2015,1,160
12/11/2015,4,167
12/11/2015,7,174
12/11/2015,10,188
12/11/2015,13,202
12/11/2015,16,194
12/11/2015,19,186
12/11/2015,22,183
12/12/2015,1,180
12/12/2015,4,176
12/12/2015,7,172
12/12/2015,10,187
12/12/2015,13,202
12/12/2015,16,193
12/12/2015,19,184
12/12/2015,22,179
12/13/2015,1,174
12/13/2015,4,168
12/13/2015,7,162
12/13/2015,10,179
12/13/2015,13,196
12/13/2015,16,188
12/13/2015,19,180
12/13/2015,22,174
12/14/2015,1,168
12/14/2015,4,161
12/14/2015,7,154
12/14/2015,10,178
12/14/2015,13,202
12/14/2015,16,196
12/14/2015,19,190
12/14/2015,22,176
12/15/2015,1,162
12/15/2015,4,156
12/15/2015,7,150
12/15/2015,10,182
12/15/2015,13,214
12/15/2015,16,206
12/15/2015,19,198
12/15/2015,22,179
12/16/2015,1,160
12/16/2015,4,149
12/16/2015,7,138
12/16/2015,10,163
12/16/2015,13,188
12/16/2015,16,183
12/16/2015,19,178
12/16/2015,22,165
12/17/2015,1,152
12/17/2015,4,141
12/17/2015,7,130
12/17/2015,10,153
12/17/2015,13,176
12/17/2015,16,174
12/17/2015,19,172
12/17/2015,22,156
12/18/2015,1,140
12/18/2015,4,130
12/18/2015,7,120
12/18/2015,10,149
12/18/2015,13,178
12/18/2015,16,175
12/18/2015,19,172
12/18/2015,22,158
12/19/2015,1,144
12/19/2015,4,133
12/19/2015,7,122
12/19/2015,10,150
12/19/2015,13,178
12/19/2015,16,174
12/19/2015,19,170
12/19/2015,22,160
12/20/2015,1,150
12/20/2015,4,139
12/20/2015,7,128
12/20/2015,10,143
12/20/2015,13,158
12/20/2015,16,151
12/20/2015,19,144
12/20/2015,22,132
12/21/2015,1,120
12/21/2015,4,114
12/21/2015,7,108
12/21/2015,10,117
12/21/2015,13,126
12/21/2015,16,121
12/21/2015,19,116
12/21/2015,22,110
12/22/2015,1,104
12/22/2015,4,106
12/22/2015,7,108
12/22/2015,10,111
12/22/2015,13,114
12/22/2015,16,107
12/22/2015,19,100
12/22/2015,22,98
12/23/2015,1,96
12/23/2015,4,117
12/23/2015,7,138
12/23/2015,10,134
12/23/2015,13,130
12/23/2015,16,120
12/23/2015,19,110
12/23/2015,22,106
12/24/2015,1,102
12/24/2015,4,116
12/24/2015,7,130
12/24/2015,10,135
12/24/2015,13,140
12/24/2015,16,137
12/24/2015,19,134
12/24/2015,22,114.5
12/25/2015,1,95
12/25/2015,4,111.5
12/25/2015,7,128
12/25/2015,10,140
12/25/2015,13,152
12/25/2015,16,139
12/25/2015,19,126
12/25/2015,22,109
12/26/2015,1,92
12/26/2015,4,104
12/26/2015,7,116
12/26/2015,10,138
12/26/2015,13,160
12/26/2015,16,146
12/26/2015,19,132
12/26/2015,22,120
12/27/2015,1,108
12/27/2015,4,105
12/27/2015,7,102
12/27/2015,10,128
12/27/2015,13,154
12/27/2015,16,140
12/27/2015,19,126
12/27/2015,22,110
12/28/2015,1,94
12/28/2015,4,92
12/28/2015,7,90
12/28/2015,10,118
12/28/2015,13,146
12/28/2015,16,136
12/28/2015,19,126
12/28/2015,22,111
12/29/2015,1,96
12/29/2015,4,88
12/29/2015,7,80
12/29/2015,10,112
12/29/2015,13,144
12/29/2015,16,139
12/29/2015,19,134
12/29/2015,22,117
12/30/2015,1,100
12/30/2015,4,91
12/30/2015,7,82
12/30/2015,10,112
12/30/2015,13,142
12/30/2015,16,139
12/30/2015,19,136
12/30/2015,22,121
12/31/2015,1,106
12/31/2015,4,93
12/31/2015,7,80
12/31/2015,10,111
12/31/2015,13,142
12/31/2015,16,131
12/31/2015,19,120
12/31/2015,22,109
01/01/2016,1,98
01/01/2016,4,85
01/01/2016,7,72
01/01/2016,10,98
01/01/2016,13,124
01/01/2016,16,113
01/01/2016,19,102
01/01/2016,22,91
01/02/2016,1,80
01/02/2016,4,72
01/02/2016,7,64
01/02/2016,10,96
01/02/2016,13,128
01/02/2016,16,122
01/02/2016,19,116
01/02/2016,22,97
01/03/2016,1,78
01/03/2016,4,73
01/03/2016,7,68
01/03/2016,10,92
01/03/2016,13,116
01/03/2016,16,108
01/03/2016,19,100
01/03/2016,22,87
01/04/2016,1,74
01/04/2016,4,70
01/04/2016,7,66
01/04/2016,10,85
01/04/2016,13,104
01/04/2016,16,99
01/04/2016,19,94
01/04/2016,22,80
01/05/2016,1,66
01/05/2016,4,79
01/05/2016,7,92
01/05/2016,10,107
01/05/2016,13,122
01/05/2016,16,113
01/05/2016,19,104
01/05/2016,22,102
01/06/2016,1,100
01/06/2016,4,99
01/06/2016,7,98
01/06/2016,10,112
01/06/2016,13,126
01/06/2016,16,114
01/06/2016,19,102
01/06/2016,22,91
01/07/2016,1,80
01/07/2016,4,96
01/07/2016,7,112
01/07/2016,10,119
01/07/2016,13,126
01/07/2016,16,119
01/07/2016,19,112
01/07/2016,22,89
01/08/2016,1,66
01/08/2016,4,74
01/08/2016,7,82
01/08/2016,10,110
01/08/2016,13,138
01/08/2016,16,129
01/08/2016,19,120
01/08/2016,22,114
01/09/2016,1,108
01/09/2016,4,130
01/09/2016,7,152
01/09/2016,10,166
01/09/2016,13,180
01/09/2016,16,168
01/09/2016,19,156
01/09/2016,22,148
01/10/2016,1,140
01/10/2016,4,150
01/10/2016,7,160
01/10/2016,10,173
01/10/2016,13,186
01/10/2016,16,174
01/10/2016,19,162
01/10/2016,22,148
01/11/2016,1,134
01/11/2016,4,141
01/11/2016,7,148
01/11/2016,10,167
01/11/2016,13,186
01/11/2016,16,173
01/11/2016,19,160
01/11/2016,22,146
01/12/2016,1,132
01/12/2016,4,127
01/12/2016,7,122
01/12/2016,10,151
01/12/2016,13,180
01/12/2016,16,171
01/12/2016,19,162
01/12/2016,22,146
01/13/2016,1,130
01/13/2016,4,121
01/13/2016,7,112
01/13/2016,10,147
01/13/2016,13,182
01/13/2016,16,173
01/13/2016,19,164
01/13/2016,22,148
01/14/2016,1,132
01/14/2016,4,121
01/14/2016,7,110
01/14/2016,10,146
01/14/2016,13,182
01/14/2016,16,173
01/14/2016,19,164
01/14/2016,22,142
01/15/2016,1,120
01/15/2016,4,110
01/15/2016,7,100
01/15/2016,10,130
01/15/2016,13,160
01/15/2016,16,153
01/15/2016,19,146
01/15/2016,22,122
01/16/2016,1,98
01/16/2016,4,92
01/16/2016,7,86
01/16/2016,10,111
01/16/2016,13,136
01/16/2016,16,128
01/16/2016,19,120
01/16/2016,22,106
01/17/2016,1,92
01/17/2016,4,86
01/17/2016,7,80
01/17/2016,10,101
01/17/2016,13,122
01/17/2016,16,116
01/17/2016,19,110
01/17/2016,22,100
01/18/2016,1,90
01/18/2016,4,81
01/18/2016,7,72
01/18/2016,10,83
01/18/2016,13,94
01/18/2016,16,88
01/18/2016,19,82
01/18/2016,22,79
01/19/2016,1,76
01/19/2016,4,78
01/19/2016,7,94
01/19/2016,10,94
01/19/2016,13,92
01/19/2016,16,86
01/19/2016,19,80
01/19/2016,22,76
01/20/2016,1,78
01/20/2016,4,125
01/20/2016,7,160
01/20/2016,10,175
01/20/2016,13,178
01/20/2016,16,182
01/20/2016,19,182
01/20/2016,22,180
01/21/2016,1,188
01/21/2016,4,204
01/21/2016,7,224
01/21/2016,10,236
01/21/2016,13,238
01/21/2016,16,232
01/21/2016,19,224
01/21/2016,22,218
01/22/2016,1,214
01/22/2016,4,218
01/22/2016,7,232
01/22/2016,10,242
01/22/2016,13,242
01/22/2016,16,238
01/22/2016,19,232
01/22/2016,22,223
01/23/2016,1,216
01/23/2016,4,217
01/23/2016,7,228
01/23/2016,10,243
01/23/2016,13,246
01/23/2016,16,240
01/23/2016,19,234
01/23/2016,22,225
01/24/2016,1,218
01/24/2016,4,213
01/24/2016,7,222
01/24/2016,10,239
01/24/2016,13,252
01/24/2016,16,248
01/24/2016,19,244
01/24/2016,22,230
01/25/2016,1,222
01/25/2016,4,215
01/25/2016,7,224
01/25/2016,10,236
01/25/2016,13,242
01/25/2016,16,241
01/25/2016,19,236
01/25/2016,22,227
01/26/2016,1,216
01/26/2016,4,197
01/26/2016,7,178
01/26/2016,10,201
01/26/2016,13,204
01/26/2016,16,194
01/26/2016,19,180
01/26/2016,22,164
01/27/2016,1,142
01/27/2016,4,134
01/27/2016,7,126
01/27/2016,10,149
01/27/2016,13,172
01/27/2016,16,164
01/27/2016,19,156
01/27/2016,22,147
01/28/2016,1,138
01/28/2016,4,127
01/28/2016,7,116
01/28/2016,10,145
01/28/2016,13,174
01/28/2016,16,171
01/28/2016,19,168
01/28/2016,22,162
01/29/2016,1,156
01/29/2016,4,148
01/29/2016,7,140
01/29/2016,10,158
01/29/2016,13,176
01/29/2016,16,173
01/29/2016,19,170
01/29/2016,22,158
01/30/2016,1,146
01/30/2016,4,137
01/30/2016,7,128
01/30/2016,10,137
01/30/2016,13,146
01/30/2016,16,142
01/30/2016,19,138
01/30/2016,22,133
01/31/2016,1,128
01/31/2016,4,122
01/31/2016,7,116
01/31/2016,10,128
01/31/2016,13,140
01/31/2016,16,138
01/31/2016,19,136
01/31/2016,22,130
02/01/2016,1,124
02/01/2016,4,116
02/01/2016,7,112
02/01/2016,10,117
02/01/2016,13,122
02/01/2016,16,122
02/01/2016,19,122
02/01/2016,22,123
02/02/2016,1,128
02/02/2016,4,138
02/02/2016,7,150
02/02/2016,10,165
02/02/2016,13,166
02/02/2016,16,166
02/02/2016,19,166
02/02/2016,22,155
02/03/2016,1,146
02/03/2016,4,148
02/03/2016,7,160
02/03/2016,10,158
02/03/2016,13,158
02/03/2016,16,146
02/03/2016,19,136
02/03/2016,22,127
02/04/2016,1,124
02/04/2016,4,139
02/04/2016,7,154
02/04/2016,10,151
02/04/2016,13,148
02/04/2016,16,135
02/04/2016,19,122
02/04/2016,22,106
02/05/2016,1,90
02/05/2016,4,115
02/05/2016,7,140
02/05/2016,10,133
02/05/2016,13,126
02/05/2016,16,117
02/05/2016,19,108
02/05/2016,22,97
02/06/2016,1,86
02/06/2016,4,103
02/06/2016,7,120
02/06/2016,10,118
02/06/2016,13,116
02/06/2016,16,109
02/06/2016,19,102
02/06/2016,22,92
02/07/2016,1,82
02/07/2016,4,96
02/07/2016,7,110
02/07/2016,10,108
02/07/2016,13,106
02/07/2016,16,96
02/07/2016,19,86
02/07/2016,22,82
02/08/2016,1,78
02/08/2016,4,91
02/08/2016,7,104
02/08/2016,10,109
02/08/2016,13,114
02/08/2016,16,107
02/08/2016,19,100
02/08/2016,22,89
02/09/2016,1,78
02/09/2016,4,91
02/09/2016,7,104
02/09/2016,10,126
02/09/2016,13,148
02/09/2016,16,132
02/09/2016,19,116
02/09/2016,22,95
02/10/2016,1,74
02/10/2016,4,79
02/10/2016,7,84
02/10/2016,10,115
02/10/2016,13,146
02/10/2016,16,132
02/10/2016,19,118
02/10/2016,22,92
02/11/2016,1,66
02/11/2016,4,70
02/11/2016,7,74
02/11/2016,10,108
02/11/2016,13,142
02/11/2016,16,127
02/11/2016,19,112
02/11/2016,22,86
02/12/2016,1,60
02/12/2016,4,63
02/12/2016,7,66
02/12/2016,10,94
02/12/2016,13,122
02/12/2016,16,110
02/12/2016,19,98
02/12/2016,22,70
02/13/2016,1,42
02/13/2016,4,43
02/13/2016,7,44
02/13/2016,10,67
02/13/2016,13,90
02/13/2016,16,83
02/13/2016,19,76
02/13/2016,22,67
02/14/2016,1,58
02/14/2016,4,35
02/14/2016,7,24
02/14/2016,10,53
02/14/2016,13,74
02/14/2016,16,79
02/14/2016,19,94
02/14/2016,22,117
02/15/2016,1,132
02/15/2016,4,137
02/15/2016,7,140
02/15/2016,10,144
02/15/2016,13,152
02/15/2016,16,154
02/15/2016,19,154
02/15/2016,22,161
02/16/2016,1,172
02/16/2016,4,186
02/16/2016,7,202
02/16/2016,10,202
02/16/2016,13,204
02/16/2016,16,202
02/16/2016,19,196
02/16/2016,22,199
02/17/2016,1,206
02/17/2016,4,218
02/17/2016,7,226
02/17/2016,10,229
02/17/2016,13,226
02/17/2016,16,223
02/17/2016,19,216
02/17/2016,22,214
02/18/2016,1,220
02/18/2016,4,225
02/18/2016,7,236
02/18/2016,10,240
02/18/2016,13,240
02/18/2016,16,234
02/18/2016,19,228
02/18/2016,22,220
02/19/2016,1,224
02/19/2016,4,234
02/19/2016,7,246
02/19/2016,10,253
02/19/2016,13,254
02/19/2016,16,246
02/19/2016,19,238
02/19/2016,22,236
02/20/2016,1,232
02/20/2016,4,226
02/20/2016,7,224
02/20/2016,10,230
02/20/2016,13,224
02/20/2016,16,214
02/20/2016,19,196
02/20/2016,22,188
02/21/2016,1,184
02/21/2016,4,180
02/21/2016,7,180
02/21/2016,10,187
02/21/2016,13,194
02/21/2016,16,180
02/21/2016,19,166
02/21/2016,22,159
02/22/2016,1,152
02/22/2016,4,147
02/22/2016,7,142
02/22/2016,10,156
02/22/2016,13,170
02/22/2016,16,158
02/22/2016,19,146
02/22/2016,22,137
02/23/2016,1,128
02/23/2016,4,124
02/23/2016,7,120
02/23/2016,10,135
02/23/2016,13,150
02/23/2016,16,138
02/23/2016,19,126
02/23/2016,22,117
02/24/2016,1,108
02/24/2016,4,99
02/24/2016,7,90
02/24/2016,10,105
02/24/2016,13,120
02/24/2016,16,109
02/24/2016,19,98
02/24/2016,22,87
02/25/2016,1,76
02/25/2016,4,69
02/25/2016,7,62
02/25/2016,10,87
02/25/2016,13,112
02/25/2016,16,106
02/25/2016,19,100
02/25/2016,22,85
02/26/2016,1,70
02/26/2016,4,71
02/26/2016,7,72
02/26/2016,10,88
02/26/2016,13,104
02/26/2016,16,99
02/26/2016,19,94
02/26/2016,22,81
02/27/2016,1,68
02/27/2016,4,69
02/27/2016,7,70
02/27/2016,10,83
02/27/2016,13,96
02/27/2016,16,91
02/27/2016,19,86
02/27/2016,22,78
02/28/2016,1,70
02/28/2016,4,72
02/28/2016,7,74
02/28/2016,10,79
02/28/2016,13,84
02/28/2016,16,79
02/28/2016,19,74
02/28/2016,22,72
02/29/2016,1,70
02/29/2016,4,72
02/29/2016,7,74
02/29/2016,10,72
02/29/2016,13,70
02/29/2016,16,64
02/29/2016,19,58
02/29/2016,22,73
03/01/2016,1,88
03/01/2016,4,84
03/01/2016,7,80
03/01/2016,10,77
03/01/2016,13,74
03/01/2016,16,67
03/01/2016,19,60
03/01/2016,22,73
03/02/2016,1,86
03/02/2016,4,94
03/02/2016,7,102
03/02/2016,10,95
03/02/2016,13,88
03/02/2016,16,73
03/02/2016,19,58
03/02/2016,22,72
03/03/2016,1,86
03/03/2016,4,105
03/03/2016,7,124
03/03/2016,10,112
03/03/2016,13,100
03/03/2016,16,86
03/03/2016,19,72
03/03/2016,22,83
03/04/2016,1,94
03/04/2016,4,114
03/04/2016,7,134
03/04/2016,10,126
03/04/2016,13,118
03/04/2016,16,103
03/04/2016,19,88
03/04/2016,22,94
03/05/2016,1,100
03/05/2016,4,118
03/05/2016,7,136
03/05/2016,10,132
03/05/2016,13,128
03/05/2016,16,110
03/05/2016,19,92
03/05/2016,22,100
03/06/2016,1,108
03/06/2016,4,122
03/06/2016,7,136
03/06/2016,10,130
03/06/2016,13,124
03/06/2016,16,116
03/06/2016,19,108
03/06/2016,22,112
03/07/2016,1,116
03/07/2016,4,124
03/07/2016,7,132
03/07/2016,10,131
03/07/2016,13,130
03/07/2016,16,123
03/07/2016,19,116
03/07/2016,22,109
03/08/2016,1,102
03/08/2016,4,105
03/08/2016,7,108
03/08/2016,10,116
03/08/2016,13,124
03/08/2016,16,105
03/08/2016,19,86
03/08/2016,22,83
03/09/2016,1,80
03/09/2016,4,85
03/09/2016,7,90
03/09/2016,10,107
03/09/2016,13,124
03/09/2016,16,107
03/09/2016,19,90
03/09/2016,22,78
03/10/2016,1,66
03/10/2016,4,68
03/10/2016,7,70
03/10/2016,10,92
03/10/2016,13,114
03/10/2016,16,101
03/10/2016,19,88
03/10/2016,22,71
03/11/2016,1,54
03/11/2016,4,41
03/11/2016,7,28
03/11/2016,10,53
03/11/2016,13,78
03/11/2016,16,91
03/11/2016,19,104
03/11/2016,22,89
03/12/2016,1,74
03/12/2016,4,68
03/12/2016,7,62
03/12/2016,10,87
03/12/2016,13,112
03/12/2016,16,106
03/12/2016,19,100
03/12/2016,22,94
03/13/2016,1,88
03/13/2016,4,95
03/13/2016,7,102
03/13/2016,10,105
03/13/2016,13,108
03/13/2016,16,106
03/13/2016,19,104
03/13/2016,22,102
03/14/2016,1,100
03/14/2016,4,109
03/14/2016,7,118
03/14/2016,10,110
03/14/2016,13,102
03/14/2016,16,90
03/14/2016,19,78
03/14/2016,22,85
03/15/2016,1,92
03/15/2016,4,109
03/15/2016,7,126
03/15/2016,10,116
03/15/2016,13,106
03/15/2016,16,94
03/15/2016,19,82
03/15/2016,22,97
03/16/2016,1,112
03/16/2016,4,131
03/16/2016,7,150
03/16/2016,10,140
03/16/2016,13,130
03/16/2016,16,117
03/16/2016,19,104
03/16/2016,22,116
03/17/2016,1,128
03/17/2016,4,145
03/17/2016,7,162
03/17/2016,10,150
03/17/2016,13,138
03/17/2016,16,128
03/17/2016,19,118
03/17/2016,22,130
03/18/2016,1,142
03/18/2016,4,158
03/18/2016,7,174
03/18/2016,10,172
03/18/2016,13,170
03/18/2016,16,157
03/18/2016,19,144
03/18/2016,22,153
03/19/2016,1,162
03/19/2016,4,171
03/19/2016,7,180
03/19/2016,10,178
03/19/2016,13,176
03/19/2016,16,166
03/19/2016,19,156
03/19/2016,22,162
03/20/2016,1,168
03/20/2016,4,176
03/20/2016,7,184
03/20/2016,10,182
03/20/2016,13,180
03/20/2016,16,169
03/20/2016,19,158
03/20/2016,22,162
03/21/2016,1,166
03/21/2016,4,170
03/21/2016,7,174
03/21/2016,10,177
03/21/2016,13,180
03/21/2016,16,176
03/21/2016,19,172
03/21/2016,22,168
03/22/2016,1,164
03/22/2016,4,170
03/22/2016,7,176
03/22/2016,10,180
03/22/2016,13,184
03/22/2016,16,180
03/22/2016,19,176
03/22/2016,22,169
03/23/2016,1,162
03/23/2016,4,166
03/23/2016,7,170
03/23/2016,10,174
03/23/2016,13,178
03/23/2016,16,172
03/23/2016,19,166
03/23/2016,22,157
03/24/2016,1,148
03/24/2016,4,152
03/24/2016,7,156
03/24/2016,10,166
03/24/2016,13,176
03/24/2016,16,176
03/24/2016,19,176
03/24/2016,22,166
03/25/2016,1,156
03/25/2016,4,159
03/25/2016,7,162
03/25/2016,10,162
03/25/2016,13,162
03/25/2016,16,155
03/25/2016,19,148
03/25/2016,22,145
03/26/2016,1,142
03/26/2016,4,151
03/26/2016,7,160
03/26/2016,10,163
03/26/2016,13,166
03/26/2016,16,166
03/26/2016,19,166
03/26/2016,22,164
03/27/2016,1,162
03/27/2016,4,167
03/27/2016,7,172
03/27/2016,10,168
03/27/2016,13,164
03/27/2016,16,157
03/27/2016,19,150
03/27/2016,22,167
03/28/2016,1,184
03/28/2016,4,172
03/28/2016,7,160
03/28/2016,10,154
03/28/2016,13,148
03/28/2016,16,143
03/28/2016,19,138
03/28/2016,22,153
03/29/2016,1,168
03/29/2016,4,165
03/29/2016,7,162
03/29/2016,10,156
03/29/2016,13,150
03/29/2016,16,148
03/29/2016,19,146
03/29/2016,22,158
03/30/2016,1,170
03/30/2016,4,178
03/30/2016,7,186
03/30/2016,10,178
03/30/2016,13,170
03/30/2016,16,167
03/30/2016,19,164
03/30/2016,22,175
03/31/2016,1,186
03/31/2016,4,194
03/31/2016,7,202
03/31/2016,10,194
03/31/2016,13,186
03/31/2016,16,180
03/31/2016,19,174
03/31/2016,22,184
04/01/2016,1,194
04/01/2016,4,202
04/01/2016,7,210
04/01/2016,10,202
04/01/2016,13,194
04/01/2016,16,188
04/01/2016,19,182
04/01/2016,22,190
04/02/2016,1,198
04/02/2016,4,206
04/02/2016,7,214
04/02/2016,10,208
04/02/2016,13,202
04/02/2016,16,195
04/02/2016,19,188
04/02/2016,22,196
04/03/2016,1,204
04/03/2016,4,211
04/03/2016,7,218
04/03/2016,10,215
04/03/2016,13,212
04/03/2016,16,199
04/03/2016,19,186
04/03/2016,22,188
04/04/2016,1,190
04/04/2016,4,198
04/04/2016,7,206
04/04/2016,10,206
04/04/2016,13,206
04/04/2016,16,192
04/04/2016,19,178
04/04/2016,22,181
04/05/2016,1,184
04/05/2016,4,191
04/05/2016,7,198
04/05/2016,10,198
04/05/2016,13,198
04/05/2016,16,192
04/05/2016,19,186
04/05/2016,22,191
04/06/2016,1,196
04/06/2016,4,202
04/06/2016,7,208
04/06/2016,10,213
04/06/2016,13,218
04/06/2016,16,214
04/06/2016,19,210
04/06/2016,22,202
04/07/2016,1,194
04/07/2016,4,198
04/07/2016,7,202
04/07/2016,10,209
04/07/2016,13,216
04/07/2016,16,214
04/07/2016,19,212
04/07/2016,22,201
04/08/2016,1,190
04/08/2016,4,193
04/08/2016,7,196
04/08/2016,10,197
04/08/2016,13,198
04/08/2016,16,198
04/08/2016,19,198
04/08/2016,22,201
04/09/2016,1,204
04/09/2016,4,198
04/09/2016,7,192
04/09/2016,10,189
04/09/2016,13,186
04/09/2016,16,188
04/09/2016,19,190
04/09/2016,22,194
04/10/2016,1,198
04/10/2016,4,200
04/10/2016,7,202
04/10/2016,10,196
04/10/2016,13,190
04/10/2016,16,189
04/10/2016,19,188
04/10/2016,22,196
04/11/2016,1,204
04/11/2016,4,208
04/11/2016,7,212
04/11/2016,10,204
04/11/2016,13,196
04/11/2016,16,193
04/11/2016,19,190
04/11/2016,22,194
04/12/2016,1,198
04/12/2016,4,204
04/12/2016,7,210
04/12/2016,10,205
04/12/2016,13,200
04/12/2016,16,195
04/12/2016,19,190
04/12/2016,22,204
04/13/2016,1,218
04/13/2016,4,226
04/13/2016,7,234
04/13/2016,10,224
04/13/2016,13,214
04/13/2016,16,204
04/13/2016,19,194
04/13/2016,22,207
04/14/2016,1,220
04/14/2016,4,225
04/14/2016,7,230
04/14/2016,10,224
04/14/2016,13,218
04/14/2016,16,204
04/14/2016,19,190
04/14/2016,22,197
04/15/2016,1,204
04/15/2016,4,212
04/15/2016,7,220
04/15/2016,10,213
04/15/2016,13,206
04/15/2016,16,198
04/15/2016,19,190
04/15/2016,22,200
04/16/2016,1,210
04/16/2016,4,217
04/16/2016,7,224
04/16/2016,10,219
04/16/2016,13,214
04/16/2016,16,205
04/16/2016,19,196
04/16/2016,22,199
04/17/2016,1,202
04/17/2016,4,209
04/17/2016,7,216
04/17/2016,10,213
04/17/2016,13,210
04/17/2016,16,203
04/17/2016,19,196
04/17/2016,22,190
04/18/2016,1,184
04/18/2016,4,187
04/18/2016,7,190
04/18/2016,10,188
04/18/2016,13,186
04/18/2016,16,176
04/18/2016,19,166
04/18/2016,22,160
04/19/2016,1,154
04/19/2016,4,157
04/19/2016,7,160
04/19/2016,10,168
04/19/2016,13,176
04/19/2016,16,167
04/19/2016,19,158
04/19/2016,22,153
04/20/2016,1,148
04/20/2016,4,154
04/20/2016,7,160
04/20/2016,10,166
04/20/2016,13,172
04/20/2016,16,170
04/20/2016,19,168
04/20/2016,22,159
04/21/2016,1,150
04/21/2016,4,158
04/21/2016,7,166
04/21/2016,10,169
04/21/2016,13,172
04/21/2016,16,172
04/21/2016,19,172
04/21/2016,22,174
04/22/2016,1,176
04/22/2016,4,177
04/22/2016,7,178
04/22/2016,10,177
04/22/2016,13,176
04/22/2016,16,179
04/22/2016,19,182
04/22/2016,22,185
04/23/2016,1,188
04/23/2016,4,195
04/23/2016,7,202
04/23/2016,10,201
04/23/2016,13,200
04/23/2016,16,212
04/23/2016,19,224
04/23/2016,22,237
04/24/2016,1,250
04/24/2016,4,258
04/24/2016,7,266
04/24/2016,10,268
04/24/2016,13,264
04/24/2016,16,262
04/24/2016,19,258
04/24/2016,22,256
04/25/2016,1,276
04/25/2016,4,280
04/25/2016,7,262
04/25/2016,10,250
04/25/2016,13,228
04/25/2016,16,220
04/25/2016,19,214
04/25/2016,22,228
04/26/2016,1,240
04/26/2016,4,233
04/26/2016,7,226
04/26/2016,10,223
04/26/2016,13,220
04/26/2016,16,207
04/26/2016,19,194
04/26/2016,22,204
04/27/2016,1,214
04/27/2016,4,219
04/27/2016,7,224
04/27/2016,10,216
04/27/2016,13,208
04/27/2016,16,201
04/27/2016,19,194
04/27/2016,22,200
04/28/2016,1,206
04/28/2016,4,217
04/28/2016,7,228
04/28/2016,10,215
04/28/2016,13,202
04/28/2016,16,196
04/28/2016,19,190
04/28/2016,22,196
04/29/2016,1,202
04/29/2016,4,204
04/29/2016,7,206
04/29/2016,10,193
04/29/2016,13,180
04/29/2016,16,171
04/29/2016,19,162
04/29/2016,22,174
04/30/2016,1,186
04/30/2016,4,190
04/30/2016,7,194
04/30/2016,10,183
04/30/2016,13,172
04/30/2016,16,161
04/30/2016,19,150
04/30/2016,22,159
05/01/2016,1,168
05/01/2016,4,184
05/01/2016,7,200
05/01/2016,10,183
05/01/2016,13,166
05/01/2016,16,152
05/01/2016,19,138
05/01/2016,22,150
05/02/2016,1,162
05/02/2016,4,174
05/02/2016,7,186
05/02/2016,10,174
05/02/2016,13,162
05/02/2016,16,149
05/02/2016,19,136
05/02/2016,22,147
05/03/2016,1,158
05/03/2016,4,167
05/03/2016,7,176
05/03/2016,10,168
05/03/2016,13,160
05/03/2016,16,150
05/03/2016,19,140
05/03/2016,22,146
05/04/2016,1,152
05/04/2016,4,164
05/04/2016,7,176
05/04/2016,10,176
05/04/2016,13,176
05/04/2016,16,170
05/04/2016,19,164
05/04/2016,22,156
05/05/2016,1,148
05/05/2016,4,157
05/05/2016,7,166
05/05/2016,10,165
05/05/2016,13,164
05/05/2016,16,162
05/05/2016,19,160
05/05/2016,22,153
05/06/2016,1,146
05/06/2016,4,149
05/06/2016,7,152
05/06/2016,10,148
05/06/2016,13,144
05/06/2016,16,156
05/06/2016,19,168
05/06/2016,22,172
05/07/2016,1,176
05/07/2016,4,170
05/07/2016,7,164
05/07/2016,10,159
05/07/2016,13,154
05/07/2016,16,171
05/07/2016,19,188
05/07/2016,22,194
05/08/2016,1,200
05/08/2016,4,191
05/08/2016,7,182
05/08/2016,10,173
05/08/2016,13,164
05/08/2016,16,168
05/08/2016,19,172
05/08/2016,22,187
05/09/2016,1,202
05/09/2016,4,194
05/09/2016,7,186
05/09/2016,10,175
05/09/2016,13,164
05/09/2016,16,162
05/09/2016,19,160
05/09/2016,22,184
05/10/2016,1,208
05/10/2016,4,203
05/10/2016,7,198
05/10/2016,10,185
05/10/2016,13,172
05/10/2016,16,166
05/10/2016,19,160
05/10/2016,22,186
05/11/2016,1,212
05/11/2016,4,206
05/11/2016,7,200
05/11/2016,10,188
05/11/2016,13,176
05/11/2016,16,166
05/11/2016,19,156
05/11/2016,22,177
05/12/2016,1,198
05/12/2016,4,195
05/12/2016,7,192
05/12/2016,10,186
05/12/2016,13,180
05/12/2016,16,172
05/12/2016,19,164
05/12/2016,22,180
05/13/2016,1,196
05/13/2016,4,204
05/13/2016,7,212
05/13/2016,10,207
05/13/2016,13,202
05/13/2016,16,191
05/13/2016,19,180
05/13/2016,22,186
05/14/2016,1,192
05/14/2016,4,204
05/14/2016,7,216
05/14/2016,10,211
05/14/2016,13,206
05/14/2016,16,194
05/14/2016,19,182
05/14/2016,22,189
05/15/2016,1,196
05/15/2016,4,202
05/15/2016,7,208
05/15/2016,10,204
05/15/2016,13,200
05/15/2016,16,187
05/15/2016,19,174
05/15/2016,22,172
05/16/2016,1,170
05/16/2016,4,184
05/16/2016,7,198
05/16/2016,10,193
05/16/2016,13,188
05/16/2016,16,180
05/16/2016,19,172
05/16/2016,22,170
05/17/2016,1,168
05/17/2016,4,178
05/17/2016,7,188
05/17/2016,10,186
05/17/2016,13,184
05/17/2016,16,181
05/17/2016,19,178
05/17/2016,22,176
05/18/2016,1,174
05/18/2016,4,186
05/18/2016,7,198
05/18/2016,10,198
05/18/2016,13,198
05/18/2016,16,196
05/18/2016,19,194
05/18/2016,22,195
05/19/2016,1,196
05/19/2016,4,199
05/19/2016,7,202
05/19/2016,10,199
05/19/2016,13,196
05/19/2016,16,198
05/19/2016,19,200
05/19/2016,22,203
05/20/2016,1,206
05/20/2016,4,203
05/20/2016,7,200
05/20/2016,10,195
05/20/2016,13,190
05/20/2016,16,193
05/20/2016,19,196
05/20/2016,22,199
05/21/2016,1,202
05/21/2016,4,202
05/21/2016,7,202
05/21/2016,10,195
05/21/2016,13,188
05/21/2016,16,193
05/21/2016,19,198
05/21/2016,22,207
05/22/2016,1,216
05/22/2016,4,214
05/22/2016,7,212
05/22/2016,10,207
05/22/2016,13,202
05/22/2016,16,203
05/22/2016,19,204
05/22/2016,22,214
05/23/2016,1,224
05/23/2016,4,214
05/23/2016,7,204
05/23/2016,10,198
05/23/2016,13,192
05/23/2016,16,194
05/23/2016,19,196
05/23/2016,22,207
05/24/2016,1,218
05/24/2016,4,214
05/24/2016,7,210
05/24/2016,10,206
05/24/2016,13,202
05/24/2016,16,202
05/24/2016,19,202
05/24/2016,22,209
05/25/2016,1,216
05/25/2016,4,241
05/25/2016,7,266
05/25/2016,10,276
05/25/2016,13,278
05/25/2016,16,284
05/25/2016,19,292
05/25/2016,22,304
05/26/2016,1,322
05/26/2016,4,338
05/26/2016,7,354
05/26/2016,10,358
05/26/2016,13,358
05/26/2016,16,358
05/26/2016,19,358
05/26/2016,22,366
05/27/2016,1,380
05/27/2016,4,388
05/27/2016,7,390
05/27/2016,10,390
05/27/2016,13,390
05/27/2016,16,390
05/27/2016,19,392
05/27/2016,22,392
05/28/2016,1,398
05/28/2016,4,400
05/28/2016,7,406
05/28/2016,10,410
05/28/2016,13,410
05/28/2016,16,406
05/28/2016,19,404
05/28/2016,22,406
05/29/2016,1,408
05/29/2016,4,408
05/29/2016,7,412
05/29/2016,10,408
05/29/2016,13,402
05/29/2016,16,398
05/29/2016,19,390
05/29/2016,22,386
05/30/2016,1,382
05/30/2016,4,382
05/30/2016,7,378
05/30/2016,10,372
05/30/2016,13,364
05/30/2016,16,358
05/30/2016,19,352
05/30/2016,22,348
05/31/2016,1,348
05/31/2016,4,346
05/31/2016,7,352
05/31/2016,10,360
05/31/2016,13,348
05/31/2016,16,340
05/31/2016,19,334
05/31/2016,22,330
06/01/2016,1,330
06/01/2016,4,328
06/01/2016,7,326
06/01/2016,10,322
06/01/2016,13,318
06/01/2016,16,314
06/01/2016,19,310
06/01/2016,22,308
06/02/2016,1,306
06/02/2016,4,307
06/02/2016,7,308
06/02/2016,10,308
06/02/2016,13,308
06/02/2016,16,305
06/02/2016,19,302
06/02/2016,22,300
06/03/2016,1,298
06/03/2016,4,296
06/03/2016,7,294
06/03/2016,10,293
06/03/2016,13,292
06/03/2016,16,291
06/03/2016,19,290
06/03/2016,22,289
06/04/2016,1,288
06/04/2016,4,285
06/04/2016,7,282
06/04/2016,10,279
06/04/2016,13,276
06/04/2016,16,278
06/04/2016,19,280
06/04/2016,22,288
06/05/2016,1,296
06/05/2016,4,289
06/05/2016,7,282
06/05/2016,10,280
06/05/2016,13,278
06/05/2016,16,279
06/05/2016,19,280
06/05/2016,22,287
06/06/2016,1,294
06/06/2016,4,282
06/06/2016,7,270
06/06/2016,10,250
06/06/2016,13,230
06/06/2016,16,226
06/06/2016,19,222
06/06/2016,22,241
06/07/2016,1,260
06/07/2016,4,258
06/07/2016,7,256
06/07/2016,10,248
06/07/2016,13,240
06/07/2016,16,235
06/07/2016,19,230
06/07/2016,22,251
06/08/2016,1,272
06/08/2016,4,271
06/08/2016,7,270
06/08/2016,10,264
06/08/2016,13,258
06/08/2016,16,251
06/08/2016,19,244
06/08/2016,22,265
06/09/2016,1,286
06/09/2016,4,279
06/09/2016,7,272
06/09/2016,10,267
06/09/2016,13,262
06/09/2016,16,257
06/09/2016,19,252
06/09/2016,22,265
06/10/2016,1,278
06/10/2016,4,281
06/10/2016,7,284
06/10/2016,10,278
06/10/2016,13,272
06/10/2016,16,268
06/10/2016,19,264
06/10/2016,22,270
06/11/2016,1,276
06/11/2016,4,284
06/11/2016,7,292
06/11/2016,10,290
06/11/2016,13,288
06/11/2016,16,282
06/11/2016,19,276
06/11/2016,22,281
06/12/2016,1,286
06/12/2016,4,290
06/12/2016,7,294
06/12/2016,10,291
06/12/2016,13,288
06/12/2016,16,282
06/12/2016,19,276
06/12/2016,22,279
06/13/2016,1,282
06/13/2016,4,284
06/13/2016,7,286
06/13/2016,10,283
06/13/2016,13,280
06/13/2016,16,274
06/13/2016,19,268
06/13/2016,22,271
06/14/2016,1,274
06/14/2016,4,274
06/14/2016,7,274
06/14/2016,10,273
06/14/2016,13,272
06/14/2016,16,269
06/14/2016,19,266
06/14/2016,22,265
06/15/2016,1,264
06/15/2016,4,264
06/15/2016,7,264
06/15/2016,10,262
06/15/2016,13,260
06/15/2016,16,256
06/15/2016,19,252
06/15/2016,22,250
06/16/2016,1,248
06/16/2016,4,250
06/16/2016,7,252
06/16/2016,10,249
06/16/2016,13,246
06/16/2016,16,243
06/16/2016,19,240
06/16/2016,22,239
06/17/2016,1,238
06/17/2016,4,238
06/17/2016,7,238
06/17/2016,10,233
06/17/2016,13,228
06/17/2016,16,234
06/17/2016,19,240
06/17/2016,22,238
06/18/2016,1,236
06/18/2016,4,235
06/18/2016,7,234
06/18/2016,10,242
06/18/2016,13,250
06/18/2016,16,253
06/18/2016,19,256
06/18/2016,22,256
06/19/2016,1,256
06/19/2016,4,258
06/19/2016,7,260
06/19/2016,10,256
06/19/2016,13,252
06/19/2016,16,252
06/19/2016,19,252
06/19/2016,22,254
06/20/2016,1,256
06/20/2016,4,256
06/20/2016,7,256
06/20/2016,10,246
06/20/2016,13,236
06/20/2016,16,228
06/20/2016,19,220
06/20/2016,22,223
06/21/2016,1,226
06/21/2016,4,233
06/21/2016,7,240
06/21/2016,10,238
06/21/2016,13,236
06/21/2016,16,230
06/21/2016,19,224
06/21/2016,22,226
06/22/2016,1,228
06/22/2016,4,246
06/22/2016,7,264
06/22/2016,10,272
06/22/2016,13,280
06/22/2016,16,280
06/22/2016,19,280
06/22/2016,22,288
06/23/2016,1,296
06/23/2016,4,298
06/23/2016,7,300
06/23/2016,10,295
06/23/2016,13,290
06/23/2016,16,285
06/23/2016,19,280
06/23/2016,22,293
06/24/2016,1,306
06/24/2016,4,304
06/24/2016,7,302
06/24/2016,10,299
06/24/2016,13,296
06/24/2016,16,289
06/24/2016,19,282
06/24/2016,22,290
06/25/2016,1,298
06/25/2016,4,301
06/25/2016,7,304
06/25/2016,10,300
06/25/2016,13,296
06/25/2016,16,288
06/25/2016,19,280
06/25/2016,22,291
06/26/2016,1,302
06/26/2016,4,299
06/26/2016,7,296
06/26/2016,10,293
06/26/2016,13,290
06/26/2016,16,283
06/26/2016,19,276
06/26/2016,22,285
06/27/2016,1,294
06/27/2016,4,293
06/27/2016,7,292
06/27/2016,10,284
06/27/2016,13,276
06/27/2016,16,268
06/27/2016,19,260
06/27/2016,22,270
06/28/2016,1,280
06/28/2016,4,276
06/28/2016,7,272
06/28/2016,10,271
06/28/2016,13,270
06/28/2016,16,266
06/28/2016,19,262
06/28/2016,22,274
06/29/2016,1,286
06/29/2016,4,280
06/29/2016,7,274
06/29/2016,10,271
06/29/2016,13,268
06/29/2016,16,264
06/29/2016,19,260
06/29/2016,22,271
06/30/2016,1,282
06/30/2016,4,273
06/30/2016,7,264
06/30/2016,10,245
06/30/2016,13,226
06/30/2016,16,226
06/30/2016,19,226
06/30/2016,22,233
07/01/2016,1,240
07/01/2016,4,231
07/01/2016,7,222
07/01/2016,10,213
07/01/2016,13,204
07/01/2016,16,213
07/01/2016,19,222
07/01/2016,22,224
07/02/2016,1,226
07/02/2016,4,223
07/02/2016,7,220
07/02/2016,10,219
07/02/2016,13,218
07/02/2016,16,234
07/02/2016,19,250
07/02/2016,22,251
07/03/2016,1,252
07/03/2016,4,261
07/03/2016,7,270
07/03/2016,10,272
07/03/2016,13,274
07/03/2016,16,280
07/03/2016,19,286
07/03/2016,22,296
07/04/2016,1,306
07/04/2016,4,303
07/04/2016,7,300
07/04/2016,10,290
07/04/2016,13,280
07/04/2016,16,272
07/04/2016,19,264
07/04/2016,22,272
07/05/2016,1,280
07/05/2016,4,276
07/05/2016,7,272
07/05/2016,10,268
07/05/2016,13,264
07/05/2016,16,260
07/05/2016,19,256
07/05/2016,22,263
07/06/2016,1,270
07/06/2016,4,278
07/06/2016,7,286
07/06/2016,10,279
07/06/2016,13,272
07/06/2016,16,264
07/06/2016,19,256
07/06/2016,22,265
07/07/2016,1,274
07/07/2016,4,278
07/07/2016,7,282
07/07/2016,10,273
07/07/2016,13,264
07/07/2016,16,256
07/07/2016,19,248
07/07/2016,22,254
07/08/2016,1,260
07/08/2016,4,274
07/08/2016,7,288
07/08/2016,10,294
07/08/2016,13,300
07/08/2016,16,298
07/08/2016,19,296
07/08/2016,22,293
07/09/2016,1,290
07/09/2016,4,308
07/09/2016,7,326
07/09/2016,10,333
07/09/2016,13,340
07/09/2016,16,325
07/09/2016,19,310
07/09/2016,22,308
07/10/2016,1,306
07/10/2016,4,304
07/10/2016,7,302
07/10/2016,10,295
07/10/2016,13,288
07/10/2016,16,279
07/10/2016,19,270
07/10/2016,22,267
07/11/2016,1,264
07/11/2016,4,262
07/11/2016,7,260
07/11/2016,10,250
07/11/2016,13,240
07/11/2016,16,237
07/11/2016,19,234
07/11/2016,22,232
07/12/2016,1,230
07/12/2016,4,240
07/12/2016,7,250
07/12/2016,10,254
07/12/2016,13,258
07/12/2016,16,258
07/12/2016,19,258
07/12/2016,22,258
07/13/2016,1,258
07/13/2016,4,260
07/13/2016,7,262
07/13/2016,10,259
07/13/2016,13,256
07/13/2016,16,253
07/13/2016,19,250
07/13/2016,22,250
07/14/2016,1,250
07/14/2016,4,253
07/14/2016,7,256
07/14/2016,10,254
07/14/2016,13,252
07/14/2016,16,252
07/14/2016,19,252
07/14/2016,22,255
07/15/2016,1,258
07/15/2016,4,258
07/15/2016,7,258
07/15/2016,10,256
07/15/2016,13,254
07/15/2016,16,257
07/15/2016,19,260
07/15/2016,22,265
07/16/2016,1,270
07/16/2016,4,272
07/16/2016,7,274
07/16/2016,10,274
07/16/2016,13,274
07/16/2016,16,282
07/16/2016,19,290
07/16/2016,22,300
07/17/2016,1,310
07/17/2016,4,311
07/17/2016,7,312
07/17/2016,10,309
07/17/2016,13,306
07/17/2016,16,306
07/17/2016,19,306
07/17/2016,22,308
07/18/2016,1,310
07/18/2016,4,302
07/18/2016,7,294
07/18/2016,10,284
07/18/2016,13,274
07/18/2016,16,276
07/18/2016,19,278
07/18/2016,22,282
07/19/2016,1,286
07/19/2016,4,282
07/19/2016,7,278
07/19/2016,10,273
07/19/2016,13,268
07/19/2016,16,274
07/19/2016,19,280
07/19/2016,22,288
07/20/2016,1,296
07/20/2016,4,287
07/20/2016,7,278
07/20/2016,10,271.5
07/20/2016,13,265
07/20/2016,16,267
07/20/2016,19,269
07/20/2016,22,285
07/21/2016,1,301
07/21/2016,4,291
07/21/2016,7,281
07/21/2016,10,283
07/21/2016,13,285
07/21/2016,16,286
07/21/2016,19,287
07/21/2016,22,292
07/22/2016,1,297
07/22/2016,4,291
07/22/2016,7,285
07/22/2016,10,275.5
07/22/2016,13,266
07/22/2016,16,267.5
07/22/2016,19,269
07/22/2016,22,275
07/23/2016,1,281
07/23/2016,4,274.5
07/23/2016,7,268
07/23/2016,10,256
07/23/2016,13,244
07/23/2016,16,239.5
07/23/2016,19,235
07/23/2016,22,248
07/24/2016,1,261
07/24/2016,4,254.5
07/24/2016,7,248
07/24/2016,10,238
07/24/2016,13,228
07/24/2016,16,224
07/24/2016,19,220
07/24/2016,22,220
07/25/2016,1,220
07/25/2016,4,211
07/25/2016,7,202
07/25/2016,10,190
07/25/2016,13,178
07/25/2016,16,169
07/25/2016,19,160
07/25/2016,22,167
07/26/2016,1,174
07/26/2016,4,181
07/26/2016,7,188
07/26/2016,10,187
07/26/2016,13,186
07/26/2016,16,185
07/26/2016,19,184
07/26/2016,22,197.5
07/27/2016,1,211
07/27/2016,4,215
07/27/2016,7,219
07/27/2016,10,220
07/27/2016,13,221
07/27/2016,16,222
07/27/2016,19,223
07/27/2016,22,235
07/28/2016,1,247
07/28/2016,4,265
07/28/2016,7,298
07/28/2016,10,287
07/28/2016,13,275
07/28/2016,16,262
07/28/2016,19,250
07/28/2016,22,241
07/29/2016,1,236
07/29/2016,4,237
07/29/2016,7,238
07/29/2016,10,248
07/29/2016,13,258
07/29/2016,16,277.5
07/29/2016,19,297
07/29/2016,22,319
07/30/2016,1,341
07/30/2016,4,366
07/30/2016,7,389
07/30/2016,10,409
07/30/2016,13,421
07/30/2016,16,435
07/30/2016,19,453
07/30/2016,22,463
07/31/2016,1,467
07/31/2016,4,468
07/31/2016,7,467
07/31/2016,10,464
07/31/2016,13,456
07/31/2016,16,447
07/31/2016,19,442
07/31/2016,22,437
08/01/2016,1,430
08/01/2016,4,421.5
08/01/2016,7,413
08/01/2016,10,403
08/01/2016,13,393
08/01/2016,16,390
08/01/2016,19,387
08/01/2016,22,388.5
08/02/2016,1,390
08/02/2016,4,386
08/02/2016,7,382
08/02/2016,10,375
08/02/2016,13,368
08/02/2016,16,366.5
08/02/2016,19,365
08/02/2016,22,368.5
08/03/2016,1,372
08/03/2016,4,368.5
08/03/2016,7,365
08/03/2016,10,356.5
08/03/2016,13,348
08/03/2016,16,341
08/03/2016,19,334
08/03/2016,22,334
08/04/2016,1,334
08/04/2016,4,326.5
08/04/2016,7,319
08/04/2016,10,309
08/04/2016,13,299
08/04/2016,16,294
08/04/2016,19,289
08/04/2016,22,296
08/05/2016,1,303
08/05/2016,4,300
08/05/2016,7,297
08/05/2016,10,294
08/05/2016,13,291
08/05/2016,16,291
08/05/2016,19,291
08/05/2016,22,304
08/06/2016,1,317
08/06/2016,4,327
08/06/2016,7,337
08/06/2016,10,346
08/06/2016,13,355
08/06/2016,16,363
08/06/2016,19,370
08/06/2016,22,384
08/07/2016,1,396
08/07/2016,4,404
08/07/2016,7,412
08/07/2016,10,414
08/07/2016,13,414
08/07/2016,16,412
08/07/2016,19,411
08/07/2016,22,411
08/08/2016,1,409
08/08/2016,4,407
08/08/2016,7,405
08/08/2016,10,398.5
08/08/2016,13,392
08/08/2016,16,384
08/08/2016,19,376
08/08/2016,22,374
08/09/2016,1,372
08/09/2016,4,371
08/09/2016,7,370
08/09/2016,10,368
08/09/2016,13,366
08/09/2016,16,361.5
08/09/2016,19,357
08/09/2016,22,356
08/10/2016,1,355
08/10/2016,4,355
08/10/2016,7,355
08/10/2016,10,354
08/10/2016,13,353
08/10/2016,16,352
08/10/2016,19,351
08/10/2016,22,350.5
08/11/2016,1,350
08/11/2016,4,351.5
08/11/2016,7,353
08/11/2016,10,354
08/11/2016,13,355
08/11/2016,16,356.5
08/11/2016,19,358
08/11/2016,22,359.5
08/12/2016,1,361
08/12/2016,4,363
08/12/2016,7,365
08/12/2016,10,365
08/12/2016,13,365
08/12/2016,16,367.5
08/12/2016,19,370
08/12/2016,22,372
08/13/2016,1,374
08/13/2016,4,374
08/13/2016,7,374
08/13/2016,10,374.5
08/13/2016,13,375
08/13/2016,16,379.5
08/13/2016,19,384
08/13/2016,22,389.5
08/14/2016,1,395
08/14/2016,4,396.5
08/14/2016,7,398
08/14/2016,10,397.5
08/14/2016,13,397
08/14/2016,16,404
08/14/2016,19,411
08/14/2016,22,416
08/15/2016,1,421
08/15/2016,4,422
08/15/2016,7,423
08/15/2016,10,423
08/15/2016,13,423
08/15/2016,16,426.5
08/15/2016,19,430
08/15/2016,22,435
08/16/2016,1,440
08/16/2016,4,446
08/16/2016,7,448
08/16/2016,10,447
08/16/2016,13,441
08/16/2016,16,436
08/16/2016,19,435
08/16/2016,22,437
08/17/2016,1,437
08/17/2016,4,435.5
08/17/2016,7,434
08/17/2016,10,430.5
08/17/2016,13,427
08/17/2016,16,424.5
08/17/2016,19,422
08/17/2016,22,424.5
08/18/2016,1,427
08/18/2016,4,425.5
08/18/2016,7,424
08/18/2016,10,420.5
08/18/2016,13,417
08/18/2016,16,413.5
08/18/2016,19,410
08/18/2016,22,419.5
08/19/2016,1,429
08/19/2016,4,429
08/19/2016,7,429
08/19/2016,10,424
08/19/2016,13,422
08/19/2016,16,428
08/19/2016,19,434
08/19/2016,22,444
08/20/2016,1,454
08/20/2016,4,460
08/20/2016,7,469
08/20/2016,10,479
08/20/2016,13,501
08/20/2016,16,538
08/20/2016,19,568
08/20/2016,22,597
08/21/2016,1,622
08/21/2016,4,644
08/21/2016,7,660
08/21/2016,10,670
08/21/2016,13,674
08/21/2016,16,685
08/21/2016,19,684
08/21/2016,22,683
08/22/2016,1,679
08/22/2016,4,673
08/22/2016,7,666
08/22/2016,10,655
08/22/2016,13,643
08/22/2016,16,628
08/22/2016,19,615
08/22/2016,22,605
08/23/2016,1,595
08/23/2016,4,588
08/23/2016,7,581
08/23/2016,10,575
08/23/2016,13,568
08/23/2016,16,561
08/23/2016,19,553
08/23/2016,22,548
08/24/2016,1,543
08/24/2016,4,538
08/24/2016,7,534
08/24/2016,10,530
08/24/2016,13,524
08/24/2016,16,517
08/24/2016,19,511
08/24/2016,22,504
08/25/2016,1,499
08/25/2016,4,493.5
08/25/2016,7,488
08/25/2016,10,483
08/25/2016,13,478
08/25/2016,16,472.5
08/25/2016,19,467
08/25/2016,22,461
08/26/2016,1,455
08/26/2016,4,448.5
08/26/2016,7,442
08/26/2016,10,437
08/26/2016,13,432
08/26/2016,16,428.5
08/26/2016,19,425
08/26/2016,22,420
08/27/2016,1,415
08/27/2016,4,408.5
08/27/2016,7,402
08/27/2016,10,389
08/27/2016,13,376
08/27/2016,16,373
08/27/2016,19,370
08/27/2016,22,365
08/28/2016,1,360
08/28/2016,4,364
08/28/2016,7,368
08/28/2016,10,366
08/28/2016,13,364
08/28/2016,16,363
08/28/2016,19,362
08/28/2016,22,361
08/29/2016,1,360
08/29/2016,4,352
08/29/2016,7,344
08/29/2016,10,333
08/29/2016,13,322
08/29/2016,16,320
08/29/2016,19,318
08/29/2016,22,327
08/30/2016,1,336
08/30/2016,4,329
08/30/2016,7,322
08/30/2016,10,317
08/30/2016,13,312
08/30/2016,16,313.5
08/30/2016,19,315
08/30/2016,22,318.5
08/31/2016,1,322
08/31/2016,4,318.5
08/31/2016,7,315
08/31/2016,10,309
08/31/2016,13,303
08/31/2016,16,303.5
08/31/2016,19,304
08/31/2016,22,310
09/01/2016,1,316
09/01/2016,4,314.5
09/01/2016,7,313
09/01/2016,10,306.5
09/01/2016,13,300
09/01/2016,16,295.5
09/01/2016,19,291
09/01/2016,22,295.5
09/02/2016,1,300
09/02/2016,4,298.5
09/02/2016,7,297
09/02/2016,10,291
09/02/2016,13,285
09/02/2016,16,281
09/02/2016,19,277
09/02/2016,22,278.5
09/03/2016,1,280
09/03/2016,4,273
09/03/2016,7,266
09/03/2016,10,255.5
09/03/2016,13,245
09/03/2016,16,237.5
09/03/2016,19,230
09/03/2016,22,234.5
09/04/2016,1,239
09/04/2016,4,243.5
09/04/2016,7,248
09/04/2016,10,246
09/04/2016,13,244
09/04/2016,16,239
09/04/2016,19,234
09/04/2016,22,235
09/05/2016,1,236
09/05/2016,4,240
09/05/2016,7,244
09/05/2016,10,235
09/05/2016,13,226
09/05/2016,16,220
09/05/2016,19,214
09/05/2016,22,214
09/06/2016,1,214
09/06/2016,4,216
09/06/2016,7,218
09/06/2016,10,223
09/06/2016,13,228
09/06/2016,16,223.5
09/06/2016,19,219
09/06/2016,22,216
09/07/2016,1,213
09/07/2016,4,211
09/07/2016,7,209
09/07/2016,10,213.5
09/07/2016,13,218
09/07/2016,16,215
09/07/2016,19,212
09/07/2016,22,209.5
09/08/2016,1,207
09/08/2016,4,205
09/08/2016,7,203
09/08/2016,10,215.5
09/08/2016,13,228
09/08/2016,16,239.5
09/08/2016,19,251
09/08/2016,22,258.5
09/09/2016,1,266
09/09/2016,4,269.5
09/09/2016,7,273
09/09/2016,10,276
09/09/2016,13,279
09/09/2016,16,278
09/09/2016,19,277
09/09/2016,22,274
09/10/2016,1,271
09/10/2016,4,267.5
09/10/2016,7,264
09/10/2016,10,264.5
09/10/2016,13,265
09/10/2016,16,265.5
09/10/2016,19,266
09/10/2016,22,261
09/11/2016,1,256
09/11/2016,4,247.5
09/11/2016,7,239
09/11/2016,10,237.5
09/11/2016,13,236
09/11/2016,16,245.5
09/11/2016,19,255
09/11/2016,22,256.5
09/12/2016,1,258
09/12/2016,4,254
09/12/2016,7,250
09/12/2016,10,247.5
09/12/2016,13,245
09/12/2016,16,255.5
09/12/2016,19,266
09/12/2016,22,265.5
09/13/2016,1,265
09/13/2016,4,260.5
09/13/2016,7,256
09/13/2016,10,255
09/13/2016,13,254
09/13/2016,16,267.5
09/13/2016,19,281
09/13/2016,22,283.5
09/14/2016,1,286
09/14/2016,4,281.5
09/14/2016,7,277
09/14/2016,10,271
09/14/2016,13,265
09/14/2016,16,271
09/14/2016,19,277
09/14/2016,22,276.5
09/15/2016,1,276
09/15/2016,4,266.5
09/15/2016,7,257
09/15/2016,10,247
09/15/2016,13,237
09/15/2016,16,243
09/15/2016,19,249
09/15/2016,22,251.5
09/16/2016,1,254
09/16/2016,4,246.5
09/16/2016,7,239
09/16/2016,10,231.5
09/16/2016,13,224
09/16/2016,16,228.5
09/16/2016,19,233
09/16/2016,22,242
09/17/2016,1,251
09/17/2016,4,249
09/17/2016,7,247
09/17/2016,10,241.5
09/17/2016,13,236
09/17/2016,16,235.5
09/17/2016,19,235
09/17/2016,22,241.5
09/18/2016,1,248
09/18/2016,4,248
09/18/2016,7,248
09/18/2016,10,243.5
09/18/2016,13,239
09/18/2016,16,234
09/18/2016,19,229
09/18/2016,22,230.5
09/19/2016,1,232
09/19/2016,4,232.5
09/19/2016,7,233
09/19/2016,10,231.5
09/19/2016,13,230
09/19/2016,16,227.5
09/19/2016,19,225
09/19/2016,22,227.5
09/20/2016,1,230
09/20/2016,4,235.5
09/20/2016,7,241
09/20/2016,10,245
09/20/2016,13,249
09/20/2016,16,247
09/20/2016,19,245
09/20/2016,22,244
09/21/2016,1,243
09/21/2016,4,245.5
09/21/2016,7,248
09/21/2016,10,256
09/21/2016,13,264
09/21/2016,16,260
09/21/2016,19,256
09/21/2016,22,251
09/22/2016,1,246
09/22/2016,4,243
09/22/2016,7,240
09/22/2016,10,250.5
09/22/2016,13,261
09/22/2016,16,257.5
09/22/2016,19,254
09/22/2016,22,249
09/23/2016,1,244
09/23/2016,4,241.5
09/23/2016,7,239
09/23/2016,10,255
09/23/2016,13,271
09/23/2016,16,280
09/23/2016,19,289
09/23/2016,22,290
09/24/2016,1,291
09/24/2016,4,288
09/24/2016,7,285
09/24/2016,10,293.5
09/24/2016,13,302
09/24/2016,16,310
09/24/2016,19,318
09/24/2016,22,314.5
09/25/2016,1,311
09/25/2016,4,302.5
09/25/2016,7,294
09/25/2016,10,289.5
09/25/2016,13,285
09/25/2016,16,288
09/25/2016,19,291
09/25/2016,22,279.5
09/26/2016,1,268
09/26/2016,4,252.5
09/26/2016,7,237
09/26/2016,10,227
09/26/2016,13,217
09/26/2016,16,231
09/26/2016,19,245
09/26/2016,22,238
09/27/2016,1,231
09/27/2016,4,220.5
09/27/2016,7,210
09/27/2016,10,203
09/27/2016,13,196
09/27/2016,16,211.5
09/27/2016,19,227
09/27/2016,22,225
09/28/2016,1,223
09/28/2016,4,214
09/28/2016,7,205
09/28/2016,10,199.5
09/28/2016,13,194
09/28/2016,16,206.5
09/28/2016,19,219
09/28/2016,22,221
09/29/2016,1,223
09/29/2016,4,217
09/29/2016,7,211
09/29/2016,10,203.5
09/29/2016,13,196
09/29/2016,16,201.5
09/29/2016,19,207
09/29/2016,22,209
09/30/2016,1,211
09/30/2016,4,206.5
09/30/2016,7,202
09/30/2016,10,195
09/30/2016,13,188
09/30/2016,16,191.5
09/30/2016,19,195
09/30/2016,22,196.5
10/01/2016,1,198
10/01/2016,4,195.5
10/01/2016,7,193
10/01/2016,10,186.5
10/01/2016,13,180
10/01/2016,16,177.5
10/01/2016,19,175
10/01/2016,22,174.5
10/02/2016,1,174
10/02/2016,4,173.5
10/02/2016,7,173
10/02/2016,10,167.5
10/02/2016,13,162
10/02/2016,16,156.5
10/02/2016,19,151
10/02/2016,22,149
10/03/2016,1,147
10/03/2016,4,154
10/03/2016,7,161
10/03/2016,10,161
10/03/2016,13,161
10/03/2016,16,157.5
10/03/2016,19,154
10/03/2016,22,151
10/04/2016,1,148
10/04/2016,4,158.5
10/04/2016,7,169
10/04/2016,10,174
10/04/2016,13,179
10/04/2016,16,174
10/04/2016,19,169
10/04/2016,22,165.5
10/05/2016,1,162
10/05/2016,4,168.5
10/05/2016,7,175
10/05/2016,10,190.5
10/05/2016,13,206
10/05/2016,16,202.5
10/05/2016,19,199
10/05/2016,22,194
10/06/2016,1,189
10/06/2016,4,187.5
10/06/2016,7,186
10/06/2016,10,200.5
10/06/2016,13,215
10/06/2016,16,209.5
10/06/2016,19,204
10/06/2016,22,197.5
10/07/2016,1,191
10/07/2016,4,184.5
10/07/2016,7,178
10/07/2016,10,194
10/07/2016,13,210
10/07/2016,16,206.5
10/07/2016,19,203
10/07/2016,22,194
10/08/2016,1,185
10/08/2016,4,177
10/08/2016,7,169
10/08/2016,10,188
10/08/2016,13,207
10/08/2016,16,203.5
10/08/2016,19,200
10/08/2016,22,189.5
10/09/2016,1,179
10/09/2016,4,168
10/09/2016,7,157
10/09/2016,10,174
10/09/2016,13,191
10/09/2016,16,194.5
10/09/2016,19,198
10/09/2016,22,187
10/10/2016,1,176
10/10/2016,4,163
10/10/2016,7,150
10/10/2016,10,163.5
10/10/2016,13,177
10/10/2016,16,191.5
10/10/2016,19,206
10/10/2016,22,198.5
10/11/2016,1,191
10/11/2016,4,183
10/11/2016,7,175
10/11/2016,10,186
10/11/2016,13,197
10/11/2016,16,215.5
10/11/2016,19,234
10/11/2016,22,225.5
10/12/2016,1,217
10/12/2016,4,201
10/12/2016,7,185
10/12/2016,10,178.5
10/12/2016,13,172
10/12/2016,16,189
10/12/2016,19,206
10/12/2016,22,193
10/13/2016,1,180
10/13/2016,4,165
10/13/2016,7,150
10/13/2016,10,142
10/13/2016,13,134
10/13/2016,16,159.5
10/13/2016,19,185
10/13/2016,22,177.5
10/14/2016,1,170
10/14/2016,4,154
10/14/2016,7,138
10/14/2016,10,127
10/14/2016,13,116
10/14/2016,16,145
10/14/2016,19,174
10/14/2016,22,166
10/15/2016,1,158
10/15/2016,4,146.5
10/15/2016,7,135
10/15/2016,10,126
10/15/2016,13,117
10/15/2016,16,142.5
10/15/2016,19,168
10/15/2016,22,160
10/16/2016,1,152
10/16/2016,4,143
10/16/2016,7,134
10/16/2016,10,121.5
10/16/2016,13,109
10/16/2016,16,120.5
10/16/2016,19,132
10/16/2016,22,126
10/17/2016,1,120
10/17/2016,4,124.5
10/17/2016,7,129
10/17/2016,10,119
10/17/2016,13,109
10/17/2016,16,107
10/17/2016,19,105
10/17/2016,22,101.5
10/18/2016,1,98
10/18/2016,4,128
10/18/2016,7,158
10/18/2016,10,151.5
10/18/2016,13,145
10/18/2016,16,129.5
10/18/2016,19,114
10/18/2016,22,102
10/19/2016,1,90
10/19/2016,4,102
10/19/2016,7,114
10/19/2016,10,128
10/19/2016,13,142
10/19/2016,16,127
10/19/2016,19,112
10/19/2016,22,102
10/20/2016,1,92
10/20/2016,4,99
10/20/2016,7,106
10/20/2016,10,141
10/20/2016,13,176
10/20/2016,16,164
10/20/2016,19,149
10/20/2016,22,131
10/21/2016,1,112
10/21/2016,4,93
10/21/2016,7,100
10/21/2016,10,152
10/21/2016,13,177
10/21/2016,16,166
10/21/2016,19,150
10/21/2016,22,130
10/22/2016,1,110
10/22/2016,4,91
10/22/2016,7,82
10/22/2016,10,135
10/22/2016,13,175
10/22/2016,16,183
10/22/2016,19,168
10/22/2016,22,148
10/23/2016,1,127
10/23/2016,4,106
10/23/2016,7,88
10/23/2016,10,116
10/23/2016,13,160
10/23/2016,16,185
10/23/2016,19,171
10/23/2016,22,150
10/24/2016,1,127
10/24/2016,4,108
10/24/2016,7,86
10/24/2016,10,76
10/24/2016,13,125
10/24/2016,16,160
10/24/2016,19,164
10/24/2016,22,145
10/25/2016,1,124
10/25/2016,4,103
10/25/2016,7,80
10/25/2016,10,72
10/25/2016,13,109
10/25/2016,16,147
10/25/2016,19,159
10/25/2016,22,143
10/26/2016,1,126
10/26/2016,4,106
10/26/2016,7,86
10/26/2016,10,76
10/26/2016,13,90
10/26/2016,16,129
10/26/2016,19,144
10/26/2016,22,133
10/27/2016,1,117
10/27/2016,4,102
10/27/2016,7,84
10/27/2016,10,72
10/27/2016,13,88
10/27/2016,16,126
10/27/2016,19,139
10/27/2016,22,129
10/28/2016,1,118
10/28/2016,4,108
10/28/2016,7,98
10/28/2016,10,93
10/28/2016,13,88
10/28/2016,16,116
10/28/2016,19,134
10/28/2016,22,128
10/29/2016,1,119
10/29/2016,4,111
10/29/2016,7,103
10/29/2016,10,94.5
10/29/2016,13,86
10/29/2016,16,92
10/29/2016,19,98
10/29/2016,22,92
10/30/2016,1,86
10/30/2016,4,104.5
10/30/2016,7,123
10/30/2016,10,104
10/30/2016,13,85
10/30/2016,16,82.5
10/30/2016,19,80
10/30/2016,22,76
10/31/2016,1,72
10/31/2016,4,85
10/31/2016,7,98
10/31/2016,10,107
10/31/2016,13,116
10/31/2016,16,103.5
10/31/2016,19,91
10/31/2016,22,76.5
11/01/2016,1,62
11/01/2016,4,69
11/01/2016,7,76
11/01/2016,10,107
11/01/2016,13,138
11/01/2016,16,121.5
11/01/2016,19,105
11/01/2016,22,89.5
11/02/2016,1,74
11/02/2016,4,102.5
11/02/2016,7,131
11/02/2016,10,137.5
11/02/2016,13,144
11/02/2016,16,128
11/02/2016,19,112
11/02/2016,22,93.5
11/03/2016,1,75
11/03/2016,4,97
11/03/2016,7,119
11/03/2016,10,159
11/03/2016,13,163
11/03/2016,16,146
11/03/2016,19,129
11/03/2016,22,111
11/04/2016,1,91
11/04/2016,4,75
11/04/2016,7,121
11/04/2016,10,165
11/04/2016,13,175
11/04/2016,16,159
11/04/2016,19,138
11/04/2016,22,118
11/05/2016,1,97
11/05/2016,4,77
11/05/2016,7,97
11/05/2016,10,147
11/05/2016,13,173
11/05/2016,16,162
11/05/2016,19,143
11/05/2016,22,122
11/06/2016,1,101
11/06/2016,4,81
11/06/2016,7,77
11/06/2016,10,134
11/06/2016,13,165
11/06/2016,16,165
11/06/2016,19,147
11/06/2016,22,127
11/07/2016,1,105
11/07/2016,4,85
11/07/2016,7,72
11/07/2016,10,121
11/07/2016,13,158
11/07/2016,16,168
11/07/2016,19,153
11/07/2016,22,132
11/08/2016,1,113
11/08/2016,4,95
11/08/2016,7,80
11/08/2016,10,113
11/08/2016,13,155
11/08/2016,16,173
11/08/2016,19,163
11/08/2016,22,146
11/09/2016,1,126
11/09/2016,4,105
11/09/2016,7,87
11/09/2016,10,84
11/09/2016,13,120
11/09/2016,16,144
11/09/2016,19,141
11/09/2016,22,125
11/10/2016,1,107
11/10/2016,4,105
11/10/2016,7,77
11/10/2016,10,71
11/10/2016,13,105
11/10/2016,16,132
11/10/2016,19,137
11/10/2016,22,127
11/11/2016,1,115
11/11/2016,4,105
11/11/2016,7,101
11/11/2016,10,105
11/11/2016,13,139
11/11/2016,16,176
11/11/2016,19,184
11/11/2016,22,182
11/12/2016,1,175
11/12/2016,4,171
11/12/2016,7,170
11/12/2016,10,170
11/12/2016,13,178
11/12/2016,16,198
11/12/2016,19,205
11/12/2016,22,205
11/13/2016,1,203
11/13/2016,4,201
11/13/2016,7,199
11/13/2016,10,195
11/13/2016,13,193
11/13/2016,16,196
11/13/2016,19,198
11/13/2016,22,194
11/14/2016,1,190
11/14/2016,4,198
11/14/2016,7,205
11/14/2016,10,206
11/14/2016,13,203
11/14/2016,16,199
11/14/2016,19,198
11/14/2016,22,190
11/15/2016,1,186
11/15/2016,4,204.5
11/15/2016,7,223
11/15/2016,10,223
11/15/2016,13,223
11/15/2016,16,214.5
11/15/2016,19,206
11/15/2016,22,195.5
11/16/2016,1,185
11/16/2016,4,199.5
11/16/2016,7,214
11/16/2016,10,223
11/16/2016,13,232
11/16/2016,16,222.5
11/16/2016,19,213
11/16/2016,22,201
11/17/2016,1,189
11/17/2016,4,197
11/17/2016,7,205
11/17/2016,10,222
11/17/2016,13,239
11/17/2016,16,229.5
11/17/2016,19,220
11/17/2016,22,207
11/18/2016,1,194
11/18/2016,4,194
11/18/2016,7,194
11/18/2016,10,223
11/18/2016,13,252
11/18/2016,16,241
11/18/2016,19,230
11/18/2016,22,216.5
11/19/2016,1,203
11/19/2016,4,193.5
11/19/2016,7,184
11/19/2016,10,212.5
11/19/2016,13,241
11/19/2016,16,236.5
11/19/2016,19,232
11/19/2016,22,218
11/20/2016,1,204
11/20/2016,4,191
11/20/2016,7,179
11/20/2016,10,199
11/20/2016,13,228
11/20/2016,16,234
11/20/2016,19,228
11/20/2016,22,213
11/21/2016,1,199
11/21/2016,4,184
11/21/2016,7,172
11/21/2016,10,182
11/21/2016,13,209
11/21/2016,16,221
11/21/2016,19,215
11/21/2016,22,204
11/22/2016,1,192
11/22/2016,4,181
11/22/2016,7,171
11/22/2016,10,171
11/22/2016,13,197
11/22/2016,16,212
11/22/2016,19,210
11/22/2016,22,200
11/23/2016,1,188
11/23/2016,4,174
11/23/2016,7,160
11/23/2016,10,154
11/23/2016,13,170
11/23/2016,16,184
11/23/2016,19,184
11/23/2016,22,171
11/24/2016,1,157
11/24/2016,4,145.5
11/24/2016,7,134
11/24/2016,10,135.5
11/24/2016,13,137
11/24/2016,16,145.5
11/24/2016,19,154
11/24/2016,22,151.5
11/25/2016,1,149
11/25/2016,4,147.5
11/25/2016,7,146
11/25/2016,10,152.5
11/25/2016,13,159
11/25/2016,16,162
11/25/2016,19,165
11/25/2016,22,160
11/26/2016,1,155
11/26/2016,4,155
11/26/2016,7,155
11/26/2016,10,155.5
11/26/2016,13,156
11/26/2016,16,153
11/26/2016,19,150
11/26/2016,22,142
11/27/2016,1,134
11/27/2016,4,140.5
11/27/2016,7,147
11/27/2016,10,152
11/27/2016,13,157
11/27/2016,16,157
11/27/2016,19,157
11/27/2016,22,152
11/28/2016,1,147
11/28/2016,4,166
11/28/2016,7,185
11/28/2016,10,183.5
11/28/2016,13,182
11/28/2016,16,169.5
11/28/2016,19,157
11/28/2016,22,151
11/29/2016,1,145
11/29/2016,4,162.5
11/29/2016,7,180
11/29/2016,10,184.5
11/29/2016,13,189
11/29/2016,16,177.5
11/29/2016,19,166
11/29/2016,22,152.5
11/30/2016,1,139
11/30/2016,4,158
11/30/2016,7,177
11/30/2016,10,186
11/30/2016,13,195
11/30/2016,16,182.5
11/30/2016,19,170
11/30/2016,22,155
12/01/2016,1,140
12/01/2016,4,131
12/01/2016,7,163
12/01/2016,10,191
12/01/2016,13,189
12/01/2016,16,178
12/01/2016,19,166
12/01/2016,22,153
12/02/2016,1,140
12/02/2016,4,131
12/02/2016,7,159
12/02/2016,10,194
12/02/2016,13,200
12/02/2016,16,187
12/02/2016,19,170
12/02/2016,22,153
12/03/2016,1,136
12/03/2016,4,120
12/03/2016,7,145
12/03/2016,10,187
12/03/2016,13,203
12/03/2016,16,191
12/03/2016,19,175
12/03/2016,22,158
12/04/2016,1,141
12/04/2016,4,126
12/04/2016,7,139
12/04/2016,10,183
12/04/2016,13,201
12/04/2016,16,190
12/04/2016,19,172
12/04/2016,22,151
12/05/2016,1,130
12/05/2016,4,110
12/05/2016,7,103
12/05/2016,10,148
12/05/2016,13,175
12/05/2016,16,166
12/05/2016,19,147
12/05/2016,22,116
12/06/2016,1,91
12/06/2016,4,87
12/06/2016,7,61
12/06/2016,10,114
12/06/2016,13,147
12/06/2016,16,153
12/06/2016,19,136
12/06/2016,22,118
12/07/2016,1,99
12/07/2016,4,83
12/07/2016,7,72
12/07/2016,10,113
12/07/2016,13,153
12/07/2016,16,166
12/07/2016,19,154
12/07/2016,22,136
12/08/2016,1,117
12/08/2016,4,98
12/08/2016,7,83
12/08/2016,10,108
12/08/2016,13,140
12/08/2016,16,153
12/08/2016,19,143
12/08/2016,22,128
12/09/2016,1,113
12/09/2016,4,98
12/09/2016,7,88
12/09/2016,10,102
12/09/2016,13,134
12/09/2016,16,144
12/09/2016,19,135
12/09/2016,22,125
12/10/2016,1,114
12/10/2016,4,103
12/10/2016,7,96
12/10/2016,10,92
12/10/2016,13,126
12/10/2016,16,125
12/10/2016,19,112
12/10/2016,22,98
12/11/2016,1,88
12/11/2016,4,85
12/11/2016,7,84
12/11/2016,10,101
12/11/2016,13,111
12/11/2016,16,112
12/11/2016,19,103
12/11/2016,22,94
12/12/2016,1,93
12/12/2016,4,127
12/12/2016,7,140
12/12/2016,10,137
12/12/2016,13,128
12/12/2016,16,116
12/12/2016,19,103
12/12/2016,22,87
12/13/2016,1,83
12/13/2016,4,135
12/13/2016,7,170
12/13/2016,10,171
12/13/2016,13,160
12/13/2016,16,144
12/13/2016,19,127
12/13/2016,22,107
12/14/2016,1,91
12/14/2016,4,115
12/14/2016,7,161
12/14/2016,10,183
12/14/2016,13,169
12/14/2016,16,150
12/14/2016,19,129
12/14/2016,22,108
12/15/2016,1,89
12/15/2016,4,88
12/15/2016,7,142
12/15/2016,10,176
12/15/2016,13,171
12/15/2016,16,152
12/15/2016,19,131
12/15/2016,22,109
12/16/2016,1,88
12/16/2016,4,76
12/16/2016,7,129
12/16/2016,10,175
12/16/2016,13,185
12/16/2016,16,166
12/16/2016,19,149
12/16/2016,22,131
12/17/2016,1,113
12/17/2016,4,99
12/17/2016,7,134
12/17/2016,10,184
12/17/2016,13,211
12/17/2016,16,193
12/17/2016,19,173
12/17/2016,22,151
12/18/2016,1,131
12/18/2016,4,113
12/18/2016,7,122
12/18/2016,10,173
12/18/2016,13,204
12/18/2016,16,192
12/18/2016,19,172
12/18/2016,22,152
12/19/2016,1,130
12/19/2016,4,109
12/19/2016,7,99
12/19/2016,10,145
12/19/2016,13,180
12/19/2016,16,178
12/19/2016,19,159
12/19/2016,22,138
12/20/2016,1,118
12/20/2016,4,98
12/20/2016,7,85
12/20/2016,10,124
12/20/2016,13,159
12/20/2016,16,169
12/20/2016,19,156
12/20/2016,22,141
12/21/2016,1,124
12/21/2016,4,109
12/21/2016,7,95
12/21/2016,10,120
12/21/2016,13,151
12/21/2016,16,158
12/21/2016,19,150
12/21/2016,22,139
12/22/2016,1,130
12/22/2016,4,121
12/22/2016,7,113
12/22/2016,10,125
12/22/2016,13,150
12/22/2016,16,150
12/22/2016,19,141
12/22/2016,22,131
12/23/2016,1,123
12/23/2016,4,116.5
12/23/2016,7,110
12/23/2016,10,125
12/23/2016,13,140
12/23/2016,16,136
12/23/2016,19,132
12/23/2016,22,123
12/24/2016,1,114
12/24/2016,4,113.5
12/24/2016,7,113
12/24/2016,10,125.5
12/24/2016,13,138
12/24/2016,16,131.5
12/24/2016,19,125
12/24/2016,22,116.5
12/25/2016,1,108
12/25/2016,4,122.5
12/25/2016,7,137
12/25/2016,10,145
12/25/2016,13,144
12/25/2016,16,134
12/25/2016,19,120
12/25/2016,22,105
12/26/2016,1,95
12/26/2016,4,126
12/26/2016,7,154
12/26/2016,10,161
12/26/2016,13,148
12/26/2016,16,134
12/26/2016,19,116
12/26/2016,22,98
12/27/2016,1,83
12/27/2016,4,106
12/27/2016,7,137
12/27/2016,10,144
12/27/2016,13,131
12/27/2016,16,114
12/27/2016,19,95
12/27/2016,22,77
12/28/2016,1,60
12/28/2016,4,72
12/28/2016,7,116
12/28/2016,10,147
12/28/2016,13,141
12/28/2016,16,122
12/28/2016,19,105
12/28/2016,22,86
12/29/2016,1,69
12/29/2016,4,75
12/29/2016,7,125
12/29/2016,10,154
12/29/2016,13,150
12/29/2016,16,134
12/29/2016,19,115
12/29/2016,22,96
12/30/2016,1,82
12/30/2016,4,84
12/30/2016,7,137
12/30/2016,10,173
12/30/2016,13,173
12/30/2016,16,152
12/30/2016,19,134
12/30/2016,22,113
12/31/2016,1,93
12/31/2016,4,79
12/31/2016,7,125
12/31/2016,10,162
12/31/2016,13,172
12/31/2016,16,153
12/31/2016,19,133
12/31/2016,22,112
01/01/2017,1,92
01/01/2017,4,75
01/01/2017,7,110
01/01/2017,10,151
01/01/2017,13,165
01/01/2017,16,144
01/01/2017,19,122
01/01/2017,22,99
01/02/2017,1,78
01/02/2017,4,58
01/02/2017,7,79
01/02/2017,10,128
01/02/2017,13,154
01/02/2017,16,143
01/02/2017,19,123
01/02/2017,22,102
01/03/2017,1,82
01/03/2017,4,63
01/03/2017,7,72
01/03/2017,10,123
01/03/2017,13,152
01/03/2017,16,149
01/03/2017,19,132
01/03/2017,22,114
01/04/2017,1,95
01/04/2017,4,77
01/04/2017,7,70
01/04/2017,10,118
01/04/2017,13,145
01/04/2017,16,149
01/04/2017,19,135
01/04/2017,22,116
01/05/2017,1,98
01/05/2017,4,82
01/05/2017,7,72
01/05/2017,10,112
01/05/2017,13,137
01/05/2017,16,140
01/05/2017,19,127
01/05/2017,22,110
01/06/2017,1,96
01/06/2017,4,80
01/06/2017,7,70
01/06/2017,10,98
01/06/2017,13,122
01/06/2017,16,118
01/06/2017,19,108
01/06/2017,22,96
01/07/2017,1,82
01/07/2017,4,70
01/07/2017,7,62
01/07/2017,10,88
01/07/2017,13,110
01/07/2017,16,101
01/07/2017,19,93
01/07/2017,22,85
01/08/2017,1,79
01/08/2017,4,77
01/08/2017,7,77
01/08/2017,10,95
01/08/2017,13,112
01/08/2017,16,115
01/08/2017,19,115
01/08/2017,22,121
01/09/2017,1,132
01/09/2017,4,157
01/09/2017,7,175
01/09/2017,10,187.5
01/09/2017,13,194
01/09/2017,16,195.5
01/09/2017,19,196
01/09/2017,22,194.5
01/10/2017,1,196
01/10/2017,4,213
01/10/2017,7,232
01/10/2017,10,241
01/10/2017,13,241
01/10/2017,16,237.5
01/10/2017,19,231
01/10/2017,22,223.5
01/11/2017,1,218
01/11/2017,4,226.5
01/11/2017,7,246
01/11/2017,10,257.5
01/11/2017,13,258
01/11/2017,16,250
01/11/2017,19,241
01/11/2017,22,232
01/12/2017,1,222
01/12/2017,4,228.5
01/12/2017,7,249
01/12/2017,10,266.5
01/12/2017,13,267
01/12/2017,16,262.5
01/12/2017,19,256
01/12/2017,22,249
01/13/2017,1,243
01/13/2017,4,241
01/13/2017,7,253
01/13/2017,10,270.5
01/13/2017,13,276
01/13/2017,16,274.5
01/13/2017,19,267
01/13/2017,22,260.5
01/14/2017,1,253
01/14/2017,4,243
01/14/2017,7,247
01/14/2017,10,264
01/14/2017,13,270
01/14/2017,16,260.5
01/14/2017,19,247
01/14/2017,22,231
01/15/2017,1,213
01/15/2017,4,196.5
01/15/2017,7,193
01/15/2017,10,212.5
01/15/2017,13,223
01/15/2017,16,212
01/15/2017,19,195
01/15/2017,22,175
01/16/2017,1,155
01/16/2017,4,136
01/16/2017,7,128
01/16/2017,10,159
01/16/2017,13,178
01/16/2017,16,170
01/16/2017,19,155
01/16/2017,22,135
01/17/2017,1,116
01/17/2017,4,98
01/17/2017,7,98
01/17/2017,10,138
01/17/2017,13,156
01/17/2017,16,154
01/17/2017,19,137
01/17/2017,22,120
01/18/2017,1,101
01/18/2017,4,83
01/18/2017,7,75
01/18/2017,10,117
01/18/2017,13,137
01/18/2017,16,134
01/18/2017,19,121
01/18/2017,22,105
01/19/2017,1,90
01/19/2017,4,72
01/19/2017,7,64
01/19/2017,10,103
01/19/2017,13,124
01/19/2017,16,122
01/19/2017,19,111
01/19/2017,22,100
01/20/2017,1,89
01/20/2017,4,77
01/20/2017,7,70
01/20/2017,10,97
01/20/2017,13,113
01/20/2017,16,105
01/20/2017,19,95
01/20/2017,22,86
01/21/2017,1,81
01/21/2017,4,84.5
01/21/2017,7,88
01/21/2017,10,105
01/21/2017,13,122
01/21/2017,16,120.5
01/21/2017,19,119
01/21/2017,22,123
01/22/2017,1,127
01/22/2017,4,143
01/22/2017,7,159
01/22/2017,10,174.5
01/22/2017,13,183
01/22/2017,16,186
01/22/2017,19,185
01/22/2017,22,185
01/23/2017,1,188
01/23/2017,4,201
01/23/2017,7,216
01/23/2017,10,222.5
01/23/2017,13,223
01/23/2017,16,218.5
01/23/2017,19,213
01/23/2017,22,205.5
01/24/2017,1,202
01/24/2017,4,210
01/24/2017,7,223
01/24/2017,10,232.5
01/24/2017,13,233
01/24/2017,16,229
01/24/2017,19,224
01/24/2017,22,218.5
01/25/2017,1,214
01/25/2017,4,222.5
01/25/2017,7,237
01/25/2017,10,247
01/25/2017,13,247
01/25/2017,16,243.5
01/25/2017,19,236
01/25/2017,22,226.5
01/26/2017,1,219
01/26/2017,4,222
01/26/2017,7,236
01/26/2017,10,245.5
01/26/2017,13,243
01/26/2017,16,231.5
01/26/2017,19,217
01/26/2017,22,198.5
01/27/2017,1,180
01/27/2017,4,171
01/27/2017,7,190
01/27/2017,10,201
01/27/2017,13,192
01/27/2017,16,173
01/27/2017,19,152
01/27/2017,22,128
01/28/2017,1,105
01/28/2017,4,91
01/28/2017,7,134
01/28/2017,10,163
01/28/2017,13,159
01/28/2017,16,139
01/28/2017,19,118
01/28/2017,22,97
01/29/2017,1,75
01/29/2017,4,59
01/29/2017,7,108
01/29/2017,10,146
01/29/2017,13,151
01/29/2017,16,131
01/29/2017,19,111
01/29/2017,22,88
01/30/2017,1,68
01/30/2017,4,49
01/30/2017,7,83
01/30/2017,10,127
01/30/2017,13,144
01/30/2017,16,125
01/30/2017,19,108
01/30/2017,22,87
01/31/2017,1,67
01/31/2017,4,49
01/31/2017,7,66
01/31/2017,10,116
01/31/2017,13,137
01/31/2017,16,125
01/31/2017,19,109
01/31/2017,22,90
02/01/2017,1,69
02/01/2017,4,50
02/01/2017,7,61
02/01/2017,10,110
02/01/2017,13,132
02/01/2017,16,125
02/01/2017,19,110
02/01/2017,22,93
02/02/2017,1,74
02/02/2017,4,54
02/02/2017,7,60
02/02/2017,10,108
02/02/2017,13,127
02/02/2017,16,120
02/02/2017,19,107
02/02/2017,22,93
02/03/2017,1,75
02/03/2017,4,59
02/03/2017,7,56
02/03/2017,10,101
02/03/2017,13,119
02/03/2017,16,110
02/03/2017,19,103
02/03/2017,22,97
02/04/2017,1,86
02/04/2017,4,75
02/04/2017,7,70
02/04/2017,10,100
02/04/2017,13,108
02/04/2017,16,105
02/04/2017,19,106
02/04/2017,22,114
02/05/2017,1,125
02/05/2017,4,131
02/05/2017,7,137
02/05/2017,10,151
02/05/2017,13,159
02/05/2017,16,163
02/05/2017,19,165
02/05/2017,22,171
02/06/2017,1,184
02/06/2017,4,196
02/06/2017,7,205
02/06/2017,10,210.5
02/06/2017,13,211
02/06/2017,16,208.5
02/06/2017,19,205
02/06/2017,22,204.5
02/07/2017,1,211
02/07/2017,4,224.5
02/07/2017,7,237
02/07/2017,10,243.5
02/07/2017,13,241
02/07/2017,16,237.5
02/07/2017,19,231
02/07/2017,22,224.5
02/08/2017,1,222
02/08/2017,4,236
02/08/2017,7,253
02/08/2017,10,256
02/08/2017,13,250
02/08/2017,16,239
02/08/2017,19,224
02/08/2017,22,211
02/09/2017,1,199
02/09/2017,4,203
02/09/2017,7,219
02/09/2017,10,221
02/09/2017,13,210
02/09/2017,16,197.5
02/09/2017,19,185
02/09/2017,22,173.5
02/10/2017,1,165
02/10/2017,4,173.5
02/10/2017,7,208
02/10/2017,10,231
02/10/2017,13,232
02/10/2017,16,226
02/10/2017,19,218
02/10/2017,22,208
02/11/2017,1,203
02/11/2017,4,203.5
02/11/2017,7,223
02/11/2017,10,245
02/11/2017,13,252
02/11/2017,16,247
02/11/2017,19,239
02/11/2017,22,229
02/12/2017,1,217
02/12/2017,4,205
02/12/2017,7,208
02/12/2017,10,220.5
02/12/2017,13,218
02/12/2017,16,200.5
02/12/2017,19,181
02/12/2017,22,158.5
02/13/2017,1,136
02/13/2017,4,116
02/13/2017,7,122
02/13/2017,10,150
02/13/2017,13,157
02/13/2017,16,141
02/13/2017,19,123
02/13/2017,22,104
02/14/2017,1,83
02/14/2017,4,66
02/14/2017,7,77
02/14/2017,10,116
02/14/2017,13,127
02/14/2017,16,119
02/14/2017,19,106
02/14/2017,22,90
02/15/2017,1,74
02/15/2017,4,58
02/15/2017,7,66
02/15/2017,10,106
02/15/2017,13,118
02/15/2017,16,115
02/15/2017,19,108
02/15/2017,22,98
02/16/2017,1,85
02/16/2017,4,73
02/16/2017,7,74
02/16/2017,10,108
02/16/2017,13,113
02/16/2017,16,106
02/16/2017,19,101
02/16/2017,22,97
02/17/2017,1,85
02/17/2017,4,73
02/17/2017,7,69
02/17/2017,10,81.5
02/17/2017,13,94
02/17/2017,16,88.5
02/17/2017,19,83
02/17/2017,22,84.5
02/18/2017,1,86
02/18/2017,4,82
02/18/2017,7,78
02/18/2017,10,81.5
02/18/2017,13,85
02/18/2017,16,75.5
02/18/2017,19,66
02/18/2017,22,74.5
02/19/2017,1,83
02/19/2017,4,80.5
02/19/2017,7,78
02/19/2017,10,74.5
02/19/2017,13,71
02/19/2017,16,58
02/19/2017,19,45
02/19/2017,22,67.5
02/20/2017,1,90
02/20/2017,4,100.5
02/20/2017,7,111
02/20/2017,10,102
02/20/2017,13,93
02/20/2017,16,74.5
02/20/2017,19,56
02/20/2017,22,70
02/21/2017,1,84
02/21/2017,4,107.5
02/21/2017,7,131
02/21/2017,10,122.5
02/21/2017,13,114
02/21/2017,16,95.5
02/21/2017,19,77
02/21/2017,22,73
02/22/2017,1,69
02/22/2017,4,99.5
02/22/2017,7,130
02/22/2017,10,124.5
02/22/2017,13,119
02/22/2017,16,101
02/22/2017,19,83
02/22/2017,22,73.5
02/23/2017,1,64
02/23/2017,4,108
02/23/2017,7,141
02/23/2017,10,156
02/23/2017,13,144
02/23/2017,16,126
02/23/2017,19,108
02/23/2017,22,89
02/24/2017,1,75
02/24/2017,4,98
02/24/2017,7,133
02/24/2017,10,141
02/24/2017,13,131
02/24/2017,16,114
02/24/2017,19,96
02/24/2017,22,76
02/25/2017,1,63
02/25/2017,4,79
02/25/2017,7,120
02/25/2017,10,141
02/25/2017,13,131
02/25/2017,16,115
02/25/2017,19,97
02/25/2017,22,76
02/26/2017,1,59
02/26/2017,4,71
02/26/2017,7,118
02/26/2017,10,142
02/26/2017,13,130
02/26/2017,16,109
02/26/2017,19,86
02/26/2017,22,65
02/27/2017,1,45
02/27/2017,4,43
02/27/2017,7,99
02/27/2017,10,128
02/27/2017,13,127
02/27/2017,16,105
02/27/2017,19,84
02/27/2017,22,64
02/28/2017,1,44
02/28/2017,4,33
02/28/2017,7,83
02/28/2017,10,119
02/28/2017,13,128
02/28/2017,16,114
02/28/2017,19,99
02/28/2017,22,83
03/01/2017,1,63
03/01/2017,4,46
03/01/2017,7,72
03/01/2017,10,108
03/01/2017,13,118
03/01/2017,16,109
03/01/2017,19,98
03/01/2017,22,86
03/02/2017,1,70
03/02/2017,4,58
03/02/2017,7,60
03/02/2017,10,92
03/02/2017,13,99
03/02/2017,16,96
03/02/2017,19,96
03/02/2017,22,92
03/03/2017,1,80
03/03/2017,4,65
03/03/2017,7,59
03/03/2017,10,79
03/03/2017,13,76
03/03/2017,16,73
03/03/2017,19,84
03/03/2017,22,100
03/04/2017,1,91
03/04/2017,4,80
03/04/2017,7,69
03/04/2017,10,71
03/04/2017,13,66
03/04/2017,16,58
03/04/2017,19,74
03/04/2017,22,109
03/05/2017,1,114
03/05/2017,4,99
03/05/2017,7,86
03/05/2017,10,76
03/05/2017,13,64
03/05/2017,16,48
03/05/2017,19,38
03/05/2017,22,83
03/06/2017,1,112
03/06/2017,4,110
03/06/2017,7,102
03/06/2017,10,84
03/06/2017,13,64
03/06/2017,16,43
03/06/2017,19,25
03/06/2017,22,40
03/07/2017,1,85
03/07/2017,4,111
03/07/2017,7,120
03/07/2017,10,105
03/07/2017,13,88
03/07/2017,16,68
03/07/2017,19,50
03/07/2017,22,41
03/08/2017,1,80
03/08/2017,4,116
03/08/2017,7,137
03/08/2017,10,127
03/08/2017,13,109
03/08/2017,16,88
03/08/2017,19,68
03/08/2017,22,51
03/09/2017,1,65
03/09/2017,4,111
03/09/2017,7,145
03/09/2017,10,144
03/09/2017,13,125
03/09/2017,16,105
03/09/2017,19,86
03/09/2017,22,64
03/10/2017,1,54
03/10/2017,4,98
03/10/2017,7,136
03/10/2017,10,149
03/10/2017,13,132
03/10/2017,16,113
03/10/2017,19,95
03/10/2017,22,80
03/11/2017,1,76
03/11/2017,4,100
03/11/2017,7,120
03/11/2017,10,138
03/11/2017,13,130
03/11/2017,16,118
03/11/2017,19,104
03/11/2017,22,82
03/12/2017,1,64
03/12/2017,4,86
03/12/2017,7,112
03/12/2017,10,128
03/12/2017,13,136
03/12/2017,16,122
03/12/2017,19,108
03/12/2017,22,94
03/13/2017,1,76
03/13/2017,4,88
03/13/2017,7,102
03/13/2017,10,126
03/13/2017,13,138
03/13/2017,16,130
03/13/2017,19,112
03/13/2017,22,96
03/14/2017,1,80
03/14/2017,4,82
03/14/2017,7,90
03/14/2017,10,110
03/14/2017,13,118
03/14/2017,16,116
03/14/2017,19,104
03/14/2017,22,92
03/15/2017,1,76
03/15/2017,4,71
03/15/2017,7,66
03/15/2017,10,89
03/15/2017,13,112
03/15/2017,16,107
03/15/2017,19,102
03/15/2017,22,87
03/16/2017,1,72
03/16/2017,4,66
03/16/2017,7,60
03/16/2017,10,76
03/16/2017,13,92
03/16/2017,16,90
03/16/2017,19,88
03/16/2017,22,83
03/17/2017,1,78
03/17/2017,4,80
03/17/2017,7,82
03/17/2017,10,77
03/17/2017,13,72
03/17/2017,16,80.5
03/17/2017,19,89
03/17/2017,22,101
03/18/2017,1,113
03/18/2017,4,101
03/18/2017,7,89
03/18/2017,10,78
03/18/2017,13,67
03/18/2017,16,64.5
03/18/2017,19,62
03/18/2017,22,89
03/19/2017,1,116
03/19/2017,4,104.5
03/19/2017,7,93
03/19/2017,10,78
03/19/2017,13,63
03/19/2017,16,51
03/19/2017,19,39
03/19/2017,22,78.5
03/20/2017,1,118
03/20/2017,4,110.5
03/20/2017,7,103
03/20/2017,10,87.5
03/20/2017,13,72
03/20/2017,16,54
03/20/2017,19,36
03/20/2017,22,71
03/21/2017,1,106
03/21/2017,4,120
03/21/2017,7,118
03/21/2017,10,105
03/21/2017,13,92
03/21/2017,16,77
03/21/2017,19,68
03/21/2017,22,69
03/22/2017,1,98
03/22/2017,4,118
03/22/2017,7,136
03/22/2017,10,129
03/22/2017,13,113
03/22/2017,16,98
03/22/2017,19,83
03/22/2017,22,70
03/23/2017,1,86
03/23/2017,4,120
03/23/2017,7,140
03/23/2017,10,131
03/23/2017,13,114
03/23/2017,16,97
03/23/2017,19,81
03/23/2017,22,66
03/24/2017,1,90
03/24/2017,4,129
03/24/2017,7,151
03/24/2017,10,149
03/24/2017,13,135
03/24/2017,16,119
03/24/2017,19,100
03/24/2017,22,83
03/25/2017,1,81
03/25/2017,4,119
03/25/2017,7,145
03/25/2017,10,143
03/25/2017,13,130
03/25/2017,16,113
03/25/2017,19,98
03/25/2017,22,82
03/26/2017,1,70
03/26/2017,4,99
03/26/2017,7,128
03/26/2017,10,131
03/26/2017,13,118
03/26/2017,16,102
03/26/2017,19,85
03/26/2017,22,70
03/27/2017,1,54
03/27/2017,4,73
03/27/2017,7,113
03/27/2017,10,132
03/27/2017,13,123
03/27/2017,16,108
03/27/2017,19,91
03/27/2017,22,75
03/28/2017,1,59
03/28/2017,4,62
03/28/2017,7,104
03/28/2017,10,119
03/28/2017,13,117
03/28/2017,16,110
03/28/2017,19,104
03/28/2017,22,90
03/29/2017,1,77
03/29/2017,4,68
03/29/2017,7,100
03/29/2017,10,113
03/29/2017,13,111
03/29/2017,16,110
03/29/2017,19,108
03/29/2017,22,103
03/30/2017,1,89
03/30/2017,4,85
03/30/2017,7,81
03/30/2017,10,86
03/30/2017,13,91
03/30/2017,16,106.5
03/30/2017,19,122
03/30/2017,22,119
03/31/2017,1,116
03/31/2017,4,105
03/31/2017,7,94
03/31/2017,10,88
03/31/2017,13,82
03/31/2017,16,96.5
03/31/2017,19,111
03/31/2017,22,117
04/01/2017,1,123
04/01/2017,4,108.5
04/01/2017,7,94
04/01/2017,10,80
04/01/2017,13,66
04/01/2017,16,72.5
04/01/2017,19,79
04/01/2017,22,113
04/02/2017,1,147
04/02/2017,4,137.5
04/02/2017,7,128
04/02/2017,10,115
04/02/2017,13,102
04/02/2017,16,95.5
04/02/2017,19,89
04/02/2017,22,126.5
04/03/2017,1,164
04/03/2017,4,159
04/03/2017,7,154
04/03/2017,10,138
04/03/2017,13,122
04/03/2017,16,107.5
04/03/2017,19,93
04/03/2017,22,126.5
04/04/2017,1,160
04/04/2017,4,171
04/04/2017,7,162
04/04/2017,10,147
04/04/2017,13,131
04/04/2017,16,115
04/04/2017,19,99
04/04/2017,22,107
04/05/2017,1,146
04/05/2017,4,171
04/05/2017,7,171
04/05/2017,10,157
04/05/2017,13,139
04/05/2017,16,120
04/05/2017,19,102
04/05/2017,22,90
04/06/2017,1,122
04/06/2017,4,155
04/06/2017,7,168
04/06/2017,10,155
04/06/2017,13,141
04/06/2017,16,122
04/06/2017,19,105
04/06/2017,22,90
04/07/2017,1,103
04/07/2017,4,140
04/07/2017,7,161
04/07/2017,10,156
04/07/2017,13,140
04/07/2017,16,123
04/07/2017,19,108
04/07/2017,22,93
04/08/2017,1,89
04/08/2017,4,127
04/08/2017,7,156
04/08/2017,10,163
04/08/2017,13,151
04/08/2017,16,139
04/08/2017,19,124
04/08/2017,22,110
04/09/2017,1,100
04/09/2017,4,121
04/09/2017,7,151
04/09/2017,10,160
04/09/2017,13,150
04/09/2017,16,141
04/09/2017,19,131
04/09/2017,22,120
04/10/2017,1,109
04/10/2017,4,113
04/10/2017,7,137
04/10/2017,10,144
04/10/2017,13,141
04/10/2017,16,135
04/10/2017,19,130
04/10/2017,22,119
04/11/2017,1,108
04/11/2017,4,110
04/11/2017,7,112
04/11/2017,10,112.5
04/11/2017,13,113
04/11/2017,16,120
04/11/2017,19,127
04/11/2017,22,120
04/12/2017,1,113
04/12/2017,4,109
04/12/2017,7,105
04/12/2017,10,103
04/12/2017,13,101
04/12/2017,16,113
04/12/2017,19,125
04/12/2017,22,122
04/13/2017,1,119
04/13/2017,4,111.5
04/13/2017,7,104
04/13/2017,10,97
04/13/2017,13,90
04/13/2017,16,107.5
04/13/2017,19,125
04/13/2017,22,128
04/14/2017,1,131
04/14/2017,4,121.5
04/14/2017,7,112
04/14/2017,10,104.5
04/14/2017,13,97
04/14/2017,16,113.5
04/14/2017,19,130
04/14/2017,22,144.5
04/15/2017,1,159
04/15/2017,4,151
04/15/2017,7,141
04/15/2017,10,132
04/15/2017,13,122
04/15/2017,16,107
04/15/2017,19,125
04/15/2017,22,155
04/16/2017,1,163
04/16/2017,4,155
04/16/2017,7,144
04/16/2017,10,130
04/16/2017,13,115
04/16/2017,16,104
04/16/2017,19,100
04/16/2017,22,126
04/17/2017,1,148
04/17/2017,4,142
04/17/2017,7,134
04/17/2017,10,120
04/17/2017,13,102
04/17/2017,16,86
04/17/2017,19,76
04/17/2017,22,113
04/18/2017,1,137
04/18/2017,4,142
04/18/2017,7,132
04/18/2017,10,122
04/18/2017,13,111
04/18/2017,16,100
04/18/2017,19,95
04/18/2017,22,120
04/19/2017,1,144
04/19/2017,4,154
04/19/2017,7,166
04/19/2017,10,157
04/19/2017,13,147
04/19/2017,16,136
04/19/2017,19,125
04/19/2017,22,132
04/20/2017,1,159
04/20/2017,4,166.5
04/20/2017,7,174
04/20/2017,10,164
04/20/2017,13,154
04/20/2017,16,143
04/20/2017,19,132
04/20/2017,22,141.5
04/21/2017,1,151
04/21/2017,4,164
04/21/2017,7,177
04/21/2017,10,168
04/21/2017,13,159
04/21/2017,16,148.5
04/21/2017,19,138
04/21/2017,22,144.5
04/22/2017,1,151
04/22/2017,4,168.5
04/22/2017,7,186
04/22/2017,10,176.5
04/22/2017,13,167
04/22/2017,16,155.5
04/22/2017,19,144
04/22/2017,22,138
04/23/2017,1,132
04/23/2017,4,152.5
04/23/2017,7,173
04/23/2017,10,166
04/23/2017,13,159
04/23/2017,16,145
04/23/2017,19,131
04/23/2017,22,121
04/24/2017,1,111
04/24/2017,4,130.5
04/24/2017,7,150
04/24/2017,10,146
04/24/2017,13,142
04/24/2017,16,133.5
04/24/2017,19,125
04/24/2017,22,118
04/25/2017,1,111
04/25/2017,4,128
04/25/2017,7,145
04/25/2017,10,144.5
04/25/2017,13,144
04/25/2017,16,140
04/25/2017,19,136
04/25/2017,22,129
04/26/2017,1,122
04/26/2017,4,128
04/26/2017,7,134
04/26/2017,10,133.5
04/26/2017,13,133
04/26/2017,16,137.5
04/26/2017,19,142
04/26/2017,22,138
04/27/2017,1,134
04/27/2017,4,131
04/27/2017,7,128
04/27/2017,10,125.5
04/27/2017,13,123
04/27/2017,16,142.5
04/27/2017,19,162
04/27/2017,22,160.5
04/28/2017,1,159
04/28/2017,4,151
04/28/2017,7,143
04/28/2017,10,135.5
04/28/2017,13,128
04/28/2017,16,145.5
04/28/2017,19,163
04/28/2017,22,174.5
04/29/2017,1,186
04/29/2017,4,176
04/29/2017,7,167
04/29/2017,10,155
04/29/2017,13,146
04/29/2017,16,134
04/29/2017,19,156
04/29/2017,22,190
04/30/2017,1,197
04/30/2017,4,187
04/30/2017,7,176
04/30/2017,10,164
04/30/2017,13,150
04/30/2017,16,140
04/30/2017,19,138
04/30/2017,22,181
05/01/2017,1,199
05/01/2017,4,190.5
05/01/2017,7,182
05/01/2017,10,167
05/01/2017,13,152
05/01/2017,16,140
05/01/2017,19,128
05/01/2017,22,160.5
05/02/2017,1,193
05/02/2017,4,187.5
05/02/2017,7,182
05/02/2017,10,165
05/02/2017,13,148
05/02/2017,16,133.5
05/02/2017,19,119
05/02/2017,22,146
05/03/2017,1,173
05/03/2017,4,186
05/03/2017,7,177
05/03/2017,10,164
05/03/2017,13,147
05/03/2017,16,132
05/03/2017,19,120
05/03/2017,22,123
05/04/2017,1,163
05/04/2017,4,189
05/04/2017,7,190
05/04/2017,10,181
05/04/2017,13,180
05/04/2017,16,220
05/04/2017,19,171
05/04/2017,22,169
05/05/2017,1,163
05/05/2017,4,184
05/05/2017,7,184
05/05/2017,10,180
05/05/2017,13,169
05/05/2017,16,160
05/05/2017,19,152
05/05/2017,22,147
05/06/2017,1,183
05/06/2017,4,186.5
05/06/2017,7,190
05/06/2017,10,180
05/06/2017,13,170
05/06/2017,16,161
05/06/2017,19,152
05/06/2017,22,152
05/07/2017,1,152
05/07/2017,4,162
05/07/2017,7,172
05/07/2017,10,169
05/07/2017,13,166
05/07/2017,16,158
05/07/2017,19,150
05/07/2017,22,145
05/08/2017,1,140
05/08/2017,4,147.5
05/08/2017,7,155
05/08/2017,10,153
05/08/2017,13,151
05/08/2017,16,149
05/08/2017,19,147
05/08/2017,22,143.5
05/09/2017,1,140
05/09/2017,4,141.5
05/09/2017,7,143
05/09/2017,10,138.5
05/09/2017,13,134
05/09/2017,16,142
05/09/2017,19,150
05/09/2017,22,151
05/10/2017,1,152
05/10/2017,4,147.5
05/10/2017,7,143
05/10/2017,10,138.5
05/10/2017,13,134
05/10/2017,16,148
05/10/2017,19,162
05/10/2017,22,163
05/11/2017,1,164
05/11/2017,4,160
05/11/2017,7,156
05/11/2017,10,151.5
05/11/2017,13,147
05/11/2017,16,157
05/11/2017,19,167
05/11/2017,22,173.5
05/12/2017,1,180
05/12/2017,4,174
05/12/2017,7,168
05/12/2017,10,163
05/12/2017,13,158
05/12/2017,16,161.5
05/12/2017,19,165
05/12/2017,22,171.5
05/13/2017,1,178
05/13/2017,4,176.5
05/13/2017,7,175
05/13/2017,10,167.5
05/13/2017,13,160
05/13/2017,16,154
05/13/2017,19,148
05/13/2017,22,168
05/14/2017,1,188
05/14/2017,4,184
05/14/2017,7,180
05/14/2017,10,171
05/14/2017,13,162
05/14/2017,16,153
05/14/2017,19,144
05/14/2017,22,168
05/15/2017,1,192
05/15/2017,4,187
05/15/2017,7,182
05/15/2017,10,173
05/15/2017,13,164
05/15/2017,16,154
05/15/2017,19,144
05/15/2017,22,168
05/16/2017,1,192
05/16/2017,4,187
05/16/2017,7,182
05/16/2017,10,172.5
05/16/2017,13,163
05/16/2017,16,157
05/16/2017,19,151
05/16/2017,22,173.5
05/17/2017,1,196
05/17/2017,4,196.5
05/17/2017,7,197
05/17/2017,10,186
05/17/2017,13,175
05/17/2017,16,165.5
05/17/2017,19,156
05/17/2017,22,171
05/18/2017,1,186
05/18/2017,4,189
05/18/2017,7,192
05/18/2017,10,179
05/18/2017,13,166
05/18/2017,16,157
05/18/2017,19,148
05/18/2017,22,167
05/19/2017,1,186
05/19/2017,4,189.5
05/19/2017,7,193
05/19/2017,10,182.5
05/19/2017,13,172
05/19/2017,16,161.5
05/19/2017,19,151
05/19/2017,22,169.5
05/20/2017,1,188
05/20/2017,4,196
05/20/2017,7,204
05/20/2017,10,192
05/20/2017,13,180
05/20/2017,16,172.5
05/20/2017,19,165
05/20/2017,22,175.5
05/21/2017,1,186
05/21/2017,4,199.5
05/21/2017,7,213
05/21/2017,10,206.5
05/21/2017,13,200
05/21/2017,16,194
05/21/2017,19,188
05/21/2017,22,190
05/22/2017,1,192
05/22/2017,4,204
05/22/2017,7,216
05/22/2017,10,210
05/22/2017,13,204
05/22/2017,16,197
05/22/2017,19,190
05/22/2017,22,186
05/23/2017,1,182
05/23/2017,4,190
05/23/2017,7,198
05/23/2017,10,197
05/23/2017,13,196
05/23/2017,16,194
05/23/2017,19,192
05/23/2017,22,190.5
05/24/2017,1,189
05/24/2017,4,194.5
05/24/2017,7,200
05/24/2017,10,200
05/24/2017,13,200
05/24/2017,16,203.5
05/24/2017,19,207
05/24/2017,22,210
05/25/2017,1,213
05/25/2017,4,216.5
05/25/2017,7,220
05/25/2017,10,214.5
05/25/2017,13,209
05/25/2017,16,219.5
05/25/2017,19,230
05/25/2017,22,231
05/26/2017,1,232
05/26/2017,4,230
05/26/2017,7,228
05/26/2017,10,219
05/26/2017,13,210
05/26/2017,16,217
05/26/2017,19,224
05/26/2017,22,229
05/27/2017,1,234
05/27/2017,4,229
05/27/2017,7,224
05/27/2017,10,216
05/27/2017,13,208
05/27/2017,16,211
05/27/2017,19,214
05/27/2017,22,219
05/28/2017,1,224
05/28/2017,4,232
05/28/2017,7,240
05/28/2017,10,233
05/28/2017,13,226
05/28/2017,16,219
05/28/2017,19,212
05/28/2017,22,217
05/29/2017,1,222
05/29/2017,4,235
05/29/2017,7,248
05/29/2017,10,236.5
05/29/2017,13,225
05/29/2017,16,218.5
05/29/2017,19,212
05/29/2017,22,237.5
05/30/2017,1,263
05/30/2017,4,256.5
05/30/2017,7,250
05/30/2017,10,239.5
05/30/2017,13,229
05/30/2017,16,222.5
05/30/2017,19,216
05/30/2017,22,238
05/31/2017,1,260
05/31/2017,4,261
05/31/2017,7,262
05/31/2017,10,251.5
05/31/2017,13,241
05/31/2017,16,231.5
05/31/2017,19,222
05/31/2017,22,236
06/01/2017,1,250
06/01/2017,4,253
06/01/2017,7,256
06/01/2017,10,247.5
06/01/2017,13,239
06/01/2017,16,231.5
06/01/2017,19,224
06/01/2017,22,230.5
06/02/2017,1,237
06/02/2017,4,241
06/02/2017,7,245
06/02/2017,10,236
06/02/2017,13,227
06/02/2017,16,219
06/02/2017,19,211
06/02/2017,22,213.5
06/03/2017,1,216
06/03/2017,4,220.5
06/03/2017,7,225
06/03/2017,10,219.5
06/03/2017,13,214
06/03/2017,16,207
06/03/2017,19,200
06/03/2017,22,200.5
06/04/2017,1,201
06/04/2017,4,206.5
06/04/2017,7,212
06/04/2017,10,209
06/04/2017,13,206
06/04/2017,16,201.5
06/04/2017,19,197
06/04/2017,22,198.5
06/05/2017,1,200
06/05/2017,4,202
06/05/2017,7,204
06/05/2017,10,199.5
06/05/2017,13,195
06/05/2017,16,192.5
06/05/2017,19,190
06/05/2017,22,189.5
06/06/2017,1,189
06/06/2017,4,189
06/06/2017,7,189
06/06/2017,10,187.5
06/06/2017,13,186
06/06/2017,16,190.5
06/06/2017,19,195
06/06/2017,22,195
06/07/2017,1,195
06/07/2017,4,195.5
06/07/2017,7,196
06/07/2017,10,192
06/07/2017,13,188
06/07/2017,16,198
06/07/2017,19,208
06/07/2017,22,212.5
06/08/2017,1,217
06/08/2017,4,214.5
06/08/2017,7,212
06/08/2017,10,207
06/08/2017,13,202
06/08/2017,16,213
06/08/2017,19,224
06/08/2017,22,230
06/09/2017,1,236
06/09/2017,4,232
06/09/2017,7,228
06/09/2017,10,220.5
06/09/2017,13,213
06/09/2017,16,218.5
06/09/2017,19,224
06/09/2017,22,233
06/10/2017,1,242
06/10/2017,4,235.5
06/10/2017,7,229
06/10/2017,10,219.5
06/10/2017,13,210
06/10/2017,16,212
06/10/2017,19,214
06/10/2017,22,224.5
06/11/2017,1,235
06/11/2017,4,227.5
06/11/2017,7,220
06/11/2017,10,209
06/11/2017,13,198
06/11/2017,16,198
06/11/2017,19,198
06/11/2017,22,213
06/12/2017,1,228
06/12/2017,4,220
06/12/2017,7,212
06/12/2017,10,201
06/12/2017,13,190
06/12/2017,16,187
06/12/2017,19,184
06/12/2017,22,206.5
06/13/2017,1,229
06/13/2017,4,222.5
06/13/2017,7,216
06/13/2017,10,208.5
06/13/2017,13,201
06/13/2017,16,198
06/13/2017,19,195
06/13/2017,22,216.5
06/14/2017,1,238
06/14/2017,4,237
06/14/2017,7,236
06/14/2017,10,230
06/14/2017,13,224
06/14/2017,16,216
06/14/2017,19,208
06/14/2017,22,224
06/15/2017,1,240
06/15/2017,4,242
06/15/2017,7,244
06/15/2017,10,236
06/15/2017,13,228
06/15/2017,16,224
06/15/2017,19,220
06/15/2017,22,234
06/16/2017,1,248
06/16/2017,4,254
06/16/2017,7,260
06/16/2017,10,255
06/16/2017,13,250
06/16/2017,16,245
06/16/2017,19,240
06/16/2017,22,250
06/17/2017,1,260
06/17/2017,4,265
06/17/2017,7,270
06/17/2017,10,267
06/17/2017,13,264
06/17/2017,16,256
06/17/2017,19,248
06/17/2017,22,254
06/18/2017,1,260
06/18/2017,4,262
06/18/2017,7,264
06/18/2017,10,259.5
06/18/2017,13,255
06/18/2017,16,249.5
06/18/2017,19,244
06/18/2017,22,248
06/19/2017,1,252
06/19/2017,4,256
06/19/2017,7,260
06/19/2017,10,256.5
06/19/2017,13,253
06/19/2017,16,247.5
06/19/2017,19,242
06/19/2017,22,242
06/20/2017,1,242
06/20/2017,4,243
06/20/2017,7,244
06/20/2017,10,242.5
06/20/2017,13,241
06/20/2017,16,241.5
06/20/2017,19,242
06/20/2017,22,246
06/21/2017,1,250
06/21/2017,4,254
06/21/2017,7,258
06/21/2017,10,259
06/21/2017,13,260
06/21/2017,16,262.5
06/21/2017,19,265
06/21/2017,22,268
06/22/2017,1,271
06/22/2017,4,271
06/22/2017,7,271
06/22/2017,10,270
06/22/2017,13,269
06/22/2017,16,275.5
06/22/2017,19,282
06/22/2017,22,285.5
06/23/2017,1,289
06/23/2017,4,290.5
06/23/2017,7,292
06/23/2017,10,290
06/23/2017,13,288
06/23/2017,16,294
06/23/2017,19,300
06/23/2017,22,306
06/24/2017,1,312
06/24/2017,4,306
06/24/2017,7,300
06/24/2017,10,294
06/24/2017,13,288
06/24/2017,16,293
06/24/2017,19,298
06/24/2017,22,306
06/25/2017,1,314
06/25/2017,4,308
06/25/2017,7,302
06/25/2017,10,296.5
06/25/2017,13,291
06/25/2017,16,291
06/25/2017,19,291
06/25/2017,22,302.5
06/26/2017,1,314
06/26/2017,4,310
06/26/2017,7,306
06/26/2017,10,300
06/26/2017,13,294
06/26/2017,16,293
06/26/2017,19,292
06/26/2017,22,304.5
06/27/2017,1,317
06/27/2017,4,319
06/27/2017,7,321
06/27/2017,10,319.5
06/27/2017,13,318
06/27/2017,16,320
06/27/2017,19,322
06/27/2017,22,338
06/28/2017,1,354
06/28/2017,4,368
06/28/2017,7,372
06/28/2017,10,369
06/28/2017,13,371
06/28/2017,16,368
06/28/2017,19,368
06/28/2017,22,375
06/29/2017,1,392
06/29/2017,4,403
06/29/2017,7,412
06/29/2017,10,407
06/29/2017,13,398
06/29/2017,16,414
06/29/2017,19,414
06/29/2017,22,417
06/30/2017,1,425
06/30/2017,4,434
06/30/2017,7,440
06/30/2017,10,444
06/30/2017,13,446
06/30/2017,16,450
06/30/2017,19,450
06/30/2017,22,449
07/01/2017,1,450
07/01/2017,4,451
07/01/2017,7,451
07/01/2017,10,444
07/01/2017,13,441
07/01/2017,16,431
07/01/2017,19,426
07/01/2017,22,417
07/02/2017,1,416
07/02/2017,4,414
07/02/2017,7,412
07/02/2017,10,406
07/02/2017,13,399
07/02/2017,16,393
07/02/2017,19,386
07/02/2017,22,379
07/03/2017,1,373
07/03/2017,4,369
07/03/2017,7,364
07/03/2017,10,358
07/03/2017,13,354
07/03/2017,16,348
07/03/2017,19,346
07/03/2017,22,346
07/04/2017,1,348
07/04/2017,4,350
07/04/2017,7,352
07/04/2017,10,352
07/04/2017,13,352
07/04/2017,16,355
07/04/2017,19,358
07/04/2017,22,367
07/05/2017,1,376
07/05/2017,4,386
07/05/2017,7,398
07/05/2017,10,409
07/05/2017,13,422
07/05/2017,16,432
07/05/2017,19,444
07/05/2017,22,459
07/06/2017,1,466
07/06/2017,4,476
07/06/2017,7,482
07/06/2017,10,484
07/06/2017,13,481
07/06/2017,16,477
07/06/2017,19,477
07/06/2017,22,477
07/07/2017,1,477
07/07/2017,4,477
07/07/2017,7,474
07/07/2017,10,474
07/07/2017,13,473
07/07/2017,16,470
07/07/2017,19,476
07/07/2017,22,480
07/08/2017,1,482
07/08/2017,4,482
07/08/2017,7,482
07/08/2017,10,480
07/08/2017,13,477
07/08/2017,16,473
07/08/2017,19,478
07/08/2017,22,482
07/09/2017,1,484
07/09/2017,4,486
07/09/2017,7,486
07/09/2017,10,482
07/09/2017,13,478
07/09/2017,16,470
07/09/2017,19,467
07/09/2017,22,464
07/10/2017,1,466
07/10/2017,4,464
07/10/2017,7,460
07/10/2017,10,455
07/10/2017,13,448
07/10/2017,16,441
07/10/2017,19,439
07/10/2017,22,444
07/11/2017,1,450
07/11/2017,4,454
07/11/2017,7,456
07/11/2017,10,456
07/11/2017,13,450
07/11/2017,16,443
07/11/2017,19,440
07/11/2017,22,444
07/12/2017,1,450
07/12/2017,4,457
07/12/2017,7,463
07/12/2017,10,462
07/12/2017,13,460
07/12/2017,16,461
07/12/2017,19,464
07/12/2017,22,474
07/13/2017,1,489
07/13/2017,4,503
07/13/2017,7,516
07/13/2017,10,523
07/13/2017,13,525
07/13/2017,16,526
07/13/2017,19,528
07/13/2017,22,533
07/14/2017,1,539
07/14/2017,4,547
07/14/2017,7,550
07/14/2017,10,548
07/14/2017,13,542
07/14/2017,16,536
07/14/2017,19,532
07/14/2017,22,532
07/15/2017,1,532
07/15/2017,4,536
07/15/2017,7,538
07/15/2017,10,534
07/15/2017,13,525
07/15/2017,16,518
07/15/2017,19,510
07/15/2017,22,506
07/16/2017,1,502
07/16/2017,4,502
07/16/2017,7,504
07/16/2017,10,498
07/16/2017,13,492
07/16/2017,16,484
07/16/2017,19,476
07/16/2017,22,470
07/17/2017,1,466
07/17/2017,4,463
07/17/2017,7,460
07/17/2017,10,459
07/17/2017,13,465
07/17/2017,16,461
07/17/2017,19,455
07/17/2017,22,454
07/18/2017,1,457
07/18/2017,4,464
07/18/2017,7,485
07/18/2017,10,504
07/18/2017,13,525
07/18/2017,16,544
07/18/2017,19,563
07/18/2017,22,581
07/19/2017,1,595
07/19/2017,4,608
07/19/2017,7,618
07/19/2017,10,624
07/19/2017,13,629
07/19/2017,16,634
07/19/2017,19,639
07/19/2017,22,640
07/20/2017,1,643
07/20/2017,4,644
07/20/2017,7,645
07/20/2017,10,645
07/20/2017,13,644.6666667
07/20/2017,16,643.6666667
07/20/2017,19,644
07/20/2017,22,646
07/21/2017,1,646
07/21/2017,4,648
07/21/2017,7,649
07/21/2017,10,649
07/21/2017,13,649
07/21/2017,16,652
07/21/2017,19,656.6666667
07/21/2017,22,662.5
07/22/2017,1,670
07/22/2017,4,673.6666667
07/22/2017,7,681
07/22/2017,10,685.3333333
07/22/2017,13,691
07/22/2017,16,699.6666667
07/22/2017,19,710.6666667
07/22/2017,22,725.5
07/23/2017,1,740
07/23/2017,4,745.3333333
07/23/2017,7,752.3333333
07/23/2017,10,757
07/23/2017,13,761
07/23/2017,16,762.6666667
07/23/2017,19,764.6666667
07/23/2017,22,768.75
07/24/2017,1,770
07/24/2017,4,771
07/24/2017,7,769.6666667
07/24/2017,10,766.6666667
07/24/2017,13,762.6666667
07/24/2017,16,758.6666667
07/24/2017,19,754.3333333
07/24/2017,22,752.75
07/25/2017,1,750
07/25/2017,4,746.3333333
07/25/2017,7,739
07/25/2017,10,730
07/25/2017,13,720.6666667
07/25/2017,16,710
07/25/2017,19,701.6666667
07/25/2017,22,697.25
07/26/2017,1,696
07/26/2017,4,695
07/26/2017,7,693.3333333
07/26/2017,10,689.6666667
07/26/2017,13,683.3333333
07/26/2017,16,676
07/26/2017,19,670
07/26/2017,22,664
07/27/2017,1,658
07/27/2017,4,652
07/27/2017,7,642
07/27/2017,10,633
07/27/2017,13,619
07/27/2017,16,606
07/27/2017,19,594
07/27/2017,22,582
07/28/2017,1,572
07/28/2017,4,560
07/28/2017,7,548
07/28/2017,10,534
07/28/2017,13,521
07/28/2017,16,507
07/28/2017,19,493
07/28/2017,22,482
07/29/2017,1,474
07/29/2017,4,465
07/29/2017,7,455
07/29/2017,10,446
07/29/2017,13,434
07/29/2017,16,424
07/29/2017,19,413
07/29/2017,22,402
07/30/2017,1,396
07/30/2017,4,391
07/30/2017,7,388
07/30/2017,10,380
07/30/2017,13,382
07/30/2017,16,382
07/30/2017,19,382
07/30/2017,22,382
07/31/2017,1,382
07/31/2017,4,382
07/31/2017,7,382
07/31/2017,10,369
07/31/2017,13,356
07/31/2017,16,344
07/31/2017,19,332
07/31/2017,22,332
08/01/2017,1,332
08/01/2017,4,330
08/01/2017,7,328
08/01/2017,10,327
08/01/2017,13,326
08/01/2017,16,323
08/01/2017,19,320
08/01/2017,22,321
08/02/2017,1,322
08/02/2017,4,322
08/02/2017,7,322
08/02/2017,10,319
08/02/2017,13,316
08/02/2017,16,318
08/02/2017,19,320
08/02/2017,22,321
08/03/2017,1,322
08/03/2017,4,320
08/03/2017,7,318
08/03/2017,10,314
08/03/2017,13,310
08/03/2017,16,315
08/03/2017,19,320
08/03/2017,22,322
08/04/2017,1,324
08/04/2017,4,320
08/04/2017,7,316
08/04/2017,10,314
08/04/2017,13,312
08/04/2017,16,316
08/04/2017,19,320
08/04/2017,22,325
08/05/2017,1,330
08/05/2017,4,329
08/05/2017,7,328
08/05/2017,10,326
08/05/2017,13,324
08/05/2017,16,330
08/05/2017,19,336
08/05/2017,22,347
08/06/2017,1,358
08/06/2017,4,362
08/06/2017,7,366
08/06/2017,10,366
08/06/2017,13,366
08/06/2017,16,374
08/06/2017,19,382
08/06/2017,22,389.5
08/07/2017,1,397
08/07/2017,4,399.5
08/07/2017,7,402
08/07/2017,10,404
08/07/2017,13,406
08/07/2017,16,408
08/07/2017,19,410
08/07/2017,22,416.5
08/08/2017,1,423
08/08/2017,4,426
08/08/2017,7,424
08/08/2017,10,420
08/08/2017,13,414
08/08/2017,16,406
08/08/2017,19,400
08/08/2017,22,398
08/09/2017,1,395
08/09/2017,4,389.5
08/09/2017,7,384
08/09/2017,10,375.5
08/09/2017,13,367
08/09/2017,16,360.5
08/09/2017,19,354
08/09/2017,22,354
08/10/2017,1,354
08/10/2017,4,350
08/10/2017,7,346
08/10/2017,10,342
08/10/2017,13,338
08/10/2017,16,331
08/10/2017,19,324
08/10/2017,22,324
08/11/2017,1,324
08/11/2017,4,323
08/11/2017,7,322
08/11/2017,10,318
08/11/2017,13,314
08/11/2017,16,312
08/11/2017,19,310
08/11/2017,22,316
08/12/2017,1,322
08/12/2017,4,326
08/12/2017,7,330
08/12/2017,10,335
08/12/2017,13,340
08/12/2017,16,346
08/12/2017,19,352
08/12/2017,22,358.5
08/13/2017,1,365
08/13/2017,4,373
08/13/2017,7,380
08/13/2017,10,390
08/13/2017,13,396
08/13/2017,16,400
08/13/2017,19,402
08/13/2017,22,404
08/14/2017,1,406
08/14/2017,4,406
08/14/2017,7,408
08/14/2017,10,408
08/14/2017,13,410
08/14/2017,16,410
08/14/2017,19,410
08/14/2017,22,410
08/15/2017,1,410
08/15/2017,4,412
08/15/2017,7,414
08/15/2017,10,415
08/15/2017,13,416
08/15/2017,16,416
08/15/2017,19,416
08/15/2017,22,416
08/16/2017,1,416
08/16/2017,4,418
08/16/2017,7,420
08/16/2017,10,423
08/16/2017,13,426
08/16/2017,16,433
08/16/2017,19,440
08/16/2017,22,447
08/17/2017,1,454
08/17/2017,4,460
08/17/2017,7,466
08/17/2017,10,472
08/17/2017,13,480
08/17/2017,16,490
08/17/2017,19,502
08/17/2017,22,514
08/18/2017,1,524
08/18/2017,4,532
08/18/2017,7,540
08/18/2017,10,550
08/18/2017,13,558
08/18/2017,16,574
08/18/2017,19,588
08/18/2017,22,610
08/19/2017,1,630
08/19/2017,4,656
08/19/2017,7,680
08/19/2017,10,696
08/19/2017,13,696
08/19/2017,16,702
08/19/2017,19,712
08/19/2017,22,720
08/20/2017,1,728
08/20/2017,4,728
08/20/2017,7,728
08/20/2017,10,720
08/20/2017,13,714
08/20/2017,16,704
08/20/2017,19,700
08/20/2017,22,698
08/21/2017,1,694
08/21/2017,4,686
08/21/2017,7,674
08/21/2017,10,664
08/21/2017,13,658
08/21/2017,16,646
08/21/2017,19,638
08/21/2017,22,632
08/22/2017,1,628
08/22/2017,4,620
08/22/2017,7,610
08/22/2017,10,598
08/22/2017,13,586
08/22/2017,16,570
08/22/2017,19,554
08/22/2017,22,542
08/23/2017,1,534
08/23/2017,4,526
08/23/2017,7,516
08/23/2017,10,502
08/23/2017,13,494
08/23/2017,16,482
08/23/2017,19,468
08/23/2017,22,462
08/24/2017,1,458
08/24/2017,4,466
08/24/2017,7,474
08/24/2017,10,478
08/24/2017,13,484
08/24/2017,16,488
08/24/2017,19,494
08/24/2017,22,504
08/25/2017,1,514
08/25/2017,4,522
08/25/2017,7,530
08/25/2017,10,536
08/25/2017,13,542
08/25/2017,16,548
08/25/2017,19,556
08/25/2017,22,566
08/26/2017,1,578
08/26/2017,4,594
08/26/2017,7,612
08/26/2017,10,630
08/26/2017,13,652
08/26/2017,16,668
08/26/2017,19,680
08/26/2017,22,692
08/27/2017,1,708
08/27/2017,4,724
08/27/2017,7,742
08/27/2017,10,764
08/27/2017,13,772
08/27/2017,16,782
08/27/2017,19,790
08/27/2017,22,796
08/28/2017,1,804
08/28/2017,4,808
08/28/2017,7,808
08/28/2017,10,808
08/28/2017,13,808
08/28/2017,16,806
08/28/2017,19,800
08/28/2017,22,788
08/29/2017,1,774
08/29/2017,4,760
08/29/2017,7,738
08/29/2017,10,720
08/29/2017,13,704
08/29/2017,16,690
08/29/2017,19,678
08/29/2017,22,674
08/30/2017,1,670
08/30/2017,4,670
08/30/2017,7,658
08/30/2017,10,650
08/30/2017,13,640
08/30/2017,16,638
08/30/2017,19,634
08/30/2017,22,632
08/31/2017,1,630
08/31/2017,4,626
08/31/2017,7,624
08/31/2017,10,622
08/31/2017,13,618
08/31/2017,16,616
08/31/2017,19,616
08/31/2017,22,616
09/01/2017,1,616
09/01/2017,4,613
09/01/2017,7,610
09/01/2017,10,604
09/01/2017,13,598
09/01/2017,16,594
09/01/2017,19,590
09/01/2017,22,588
09/02/2017,1,586
09/02/2017,4,582
09/02/2017,7,578
09/02/2017,10,572
09/02/2017,13,566
09/02/2017,16,559
09/02/2017,19,552
09/02/2017,22,549
09/03/2017,1,546
09/03/2017,4,538
09/03/2017,7,530
09/03/2017,10,517
09/03/2017,13,504
09/03/2017,16,495
09/03/2017,19,486
09/03/2017,22,483
09/04/2017,1,480
09/04/2017,4,478
09/04/2017,7,476
09/04/2017,10,474
09/04/2017,13,472
09/04/2017,16,471
09/04/2017,19,470
09/04/2017,22,474
09/05/2017,1,478
09/05/2017,4,482
09/05/2017,7,486
09/05/2017,10,492
09/05/2017,13,498
09/05/2017,16,509
09/05/2017,19,520
09/05/2017,22,527
09/06/2017,1,534
09/06/2017,4,540
09/06/2017,7,546
09/06/2017,10,546
09/06/2017,13,546
09/06/2017,16,543
09/06/2017,19,540
09/06/2017,22,538
09/07/2017,1,536
09/07/2017,4,534
09/07/2017,7,532
09/07/2017,10,528
09/07/2017,13,524
09/07/2017,16,523
09/07/2017,19,522
09/07/2017,22,522
09/08/2017,1,522
09/08/2017,4,529
09/08/2017,7,536
09/08/2017,10,545
09/08/2017,13,554
09/08/2017,16,557
09/08/2017,19,560
09/08/2017,22,563
09/09/2017,1,566
09/09/2017,4,572
09/09/2017,7,578
09/09/2017,10,582
09/09/2017,13,586
09/09/2017,16,590
09/09/2017,19,594
09/09/2017,22,601
09/10/2017,1,608
09/10/2017,4,618
09/10/2017,7,628
09/10/2017,10,636
09/10/2017,13,644
09/10/2017,16,656
09/10/2017,19,668
09/10/2017,22,680
09/11/2017,1,690
09/11/2017,4,700
09/11/2017,7,708
09/11/2017,10,714
09/11/2017,13,722
09/11/2017,16,730
09/11/2017,19,736
09/11/2017,22,740
09/12/2017,1,744
09/12/2017,4,748
09/12/2017,7,756
09/12/2017,10,762
09/12/2017,13,768
09/12/2017,16,774
09/12/2017,19,776
09/12/2017,22,776
09/13/2017,1,776
09/13/2017,4,776
09/13/2017,7,776
09/13/2017,10,776
09/13/2017,13,776
09/13/2017,16,776
09/13/2017,19,772
09/13/2017,22,768
09/14/2017,1,764
09/14/2017,4,760
09/14/2017,7,758
09/14/2017,10,756
09/14/2017,13,752
09/14/2017,16,748
09/14/2017,19,746
09/14/2017,22,746
09/15/2017,1,744
09/15/2017,4,742
09/15/2017,7,738
09/15/2017,10,732
09/15/2017,13,728
09/15/2017,16,724
09/15/2017,19,722
09/15/2017,22,718
09/16/2017,1,712
09/16/2017,4,706
09/16/2017,7,698
09/16/2017,10,692
09/16/2017,13,684
09/16/2017,16,676
09/16/2017,19,672
09/16/2017,22,668
09/17/2017,1,662
09/17/2017,4,660
09/17/2017,7,654
09/17/2017,10,646
09/17/2017,13,640
09/17/2017,16,636
09/17/2017,19,632
09/17/2017,22,628
09/18/2017,1,624
09/18/2017,4,620
09/18/2017,7,610
09/18/2017,10,600
09/18/2017,13,586
09/18/2017,16,574
09/18/2017,19,556
09/18/2017,22,550
09/19/2017,1,542
09/19/2017,4,531
09/19/2017,7,520
09/19/2017,10,510
09/19/2017,13,500
09/19/2017,16,490
09/19/2017,19,480
09/19/2017,22,470
09/20/2017,1,460
09/20/2017,4,455
09/20/2017,7,450
09/20/2017,10,442
09/20/2017,13,434
09/20/2017,16,428
09/20/2017,19,422
09/20/2017,22,422
09/21/2017,1,422
09/21/2017,4,424
09/21/2017,7,426
09/21/2017,10,426
09/21/2017,13,426
09/21/2017,16,423
09/21/2017,19,420
09/21/2017,22,419
09/22/2017,1,418
09/22/2017,4,418
09/22/2017,7,418
09/22/2017,10,416
09/22/2017,13,414
09/22/2017,16,412
09/22/2017,19,410
09/22/2017,22,408
09/23/2017,1,406
09/23/2017,4,403
09/23/2017,7,400
09/23/2017,10,399
09/23/2017,13,398
09/23/2017,16,397
09/23/2017,19,396
09/23/2017,22,395
09/24/2017,1,394
09/24/2017,4,392
09/24/2017,7,390
09/24/2017,10,390
09/24/2017,13,390
09/24/2017,16,387
09/24/2017,19,384
09/24/2017,22,380
09/25/2017,1,376
09/25/2017,4,372
09/25/2017,7,368
09/25/2017,10,368
09/25/2017,13,368
09/25/2017,16,366
09/25/2017,19,364
09/25/2017,22,361
09/26/2017,1,358
09/26/2017,4,355
09/26/2017,7,352
09/26/2017,10,355
09/26/2017,13,358
09/26/2017,16,359
09/26/2017,19,360
09/26/2017,22,358
09/27/2017,1,356
09/27/2017,4,354
09/27/2017,7,352
09/27/2017,10,354
09/27/2017,13,356
09/27/2017,16,359
09/27/2017,19,362
09/27/2017,22,365
09/28/2017,1,368
09/28/2017,4,368
09/28/2017,7,368
09/28/2017,10,368
09/28/2017,13,368
09/28/2017,16,369
09/28/2017,19,370
09/28/2017,22,369
09/29/2017,1,368
09/29/2017,4,362
09/29/2017,7,356
09/29/2017,10,356
09/29/2017,13,356
09/29/2017,16,358
09/29/2017,19,360
09/29/2017,22,358
09/30/2017,1,356
09/30/2017,4,348
09/30/2017,7,340
09/30/2017,10,337
09/30/2017,13,334
09/30/2017,16,337
09/30/2017,19,340
09/30/2017,22,338
10/01/2017,1,336
10/01/2017,4,332
10/01/2017,7,328
10/01/2017,10,325
10/01/2017,13,322
10/01/2017,16,327
10/01/2017,19,332
10/01/2017,22,332
10/02/2017,1,332
10/02/2017,4,331
10/02/2017,7,330
10/02/2017,10,321
10/02/2017,13,312
10/02/2017,16,313
10/02/2017,19,314
10/02/2017,22,313
10/03/2017,1,312
10/03/2017,4,310
10/03/2017,7,308
10/03/2017,10,307
10/03/2017,13,306
10/03/2017,16,307
10/03/2017,19,308
10/03/2017,22,314
10/04/2017,1,320
10/04/2017,4,320
10/04/2017,7,320
10/04/2017,10,320
10/04/2017,13,320
10/04/2017,16,324
10/04/2017,19,328
10/04/2017,22,333
10/05/2017,1,338
10/05/2017,4,334
10/05/2017,7,330
10/05/2017,10,327
10/05/2017,13,324
10/05/2017,16,327
10/05/2017,19,330
10/05/2017,22,335
10/06/2017,1,340
10/06/2017,4,340
10/06/2017,7,340
10/06/2017,10,338
10/06/2017,13,336
10/06/2017,16,334
10/06/2017,19,332
10/06/2017,22,332
10/07/2017,1,332
10/07/2017,4,330
10/07/2017,7,328
10/07/2017,10,325
10/07/2017,13,322
10/07/2017,16,319
10/07/2017,19,316
10/07/2017,22,316
10/08/2017,1,316
10/08/2017,4,318
10/08/2017,7,320
10/08/2017,10,322
10/08/2017,13,324
10/08/2017,16,324
10/08/2017,19,324
10/08/2017,22,322
10/09/2017,1,320
10/09/2017,4,321
10/09/2017,7,322
10/09/2017,10,326
10/09/2017,13,330
10/09/2017,16,327
10/09/2017,19,324
10/09/2017,22,321
10/10/2017,1,318
10/10/2017,4,316
10/10/2017,7,314
10/10/2017,10,329
10/10/2017,13,344
10/10/2017,16,350
10/10/2017,19,356
10/10/2017,22,354
10/11/2017,1,352
10/11/2017,4,360
10/11/2017,7,368
10/11/2017,10,426
10/11/2017,13,500
10/11/2017,16,620
10/11/2017,19,694
10/11/2017,22,740
10/12/2017,1,800
10/12/2017,4,820.6666667
10/12/2017,7,846
10/12/2017,10,867.3333333
10/12/2017,13,881.3333333
10/12/2017,16,887.3333333
10/12/2017,19,891.3333333
10/12/2017,22,886
10/13/2017,1,872
10/13/2017,4,860
10/13/2017,7,840
10/13/2017,10,822
10/13/2017,13,804
10/13/2017,16,788
10/13/2017,19,776
10/13/2017,22,758
10/14/2017,1,754
10/14/2017,4,732
10/14/2017,7,708
10/14/2017,10,690
10/14/2017,13,678
10/14/2017,16,666
10/14/2017,19,654
10/14/2017,22,644
10/15/2017,1,632
10/15/2017,4,618
10/15/2017,7,604
10/15/2017,10,590
10/15/2017,13,576
10/15/2017,16,564
10/15/2017,19,554
10/15/2017,22,546
10/16/2017,1,538
10/16/2017,4,532
10/16/2017,7,520
10/16/2017,10,504
10/16/2017,13,490
10/16/2017,16,481
10/16/2017,19,472
10/16/2017,22,466
10/17/2017,1,460
10/17/2017,4,448
10/17/2017,7,436
10/17/2017,10,423
10/17/2017,13,410
10/17/2017,16,404
10/17/2017,19,398
10/17/2017,22,392
10/18/2017,1,386
10/18/2017,4,381
10/18/2017,7,376
10/18/2017,10,368
10/18/2017,13,360
10/18/2017,16,358
10/18/2017,19,356
10/18/2017,22,355
10/19/2017,1,354
10/19/2017,4,353
10/19/2017,7,352
10/19/2017,10,348
10/19/2017,13,344
10/19/2017,16,341
10/19/2017,19,338
10/19/2017,22,337
10/20/2017,1,336
10/20/2017,4,336
10/20/2017,7,336
10/20/2017,10,335
10/20/2017,13,334
10/20/2017,16,332
10/20/2017,19,330
10/20/2017,22,327
10/21/2017,1,324
10/21/2017,4,324
10/21/2017,7,324
10/21/2017,10,324
10/21/2017,13,324
10/21/2017,16,320.5
10/21/2017,19,317
10/21/2017,22,313.5
10/22/2017,1,310
10/22/2017,4,313.5
10/22/2017,7,317
10/22/2017,10,320.5
10/22/2017,13,324
10/22/2017,16,320
10/22/2017,19,316
10/22/2017,22,312
10/23/2017,1,308
10/23/2017,4,307
10/23/2017,7,306
10/23/2017,10,311
10/23/2017,13,316
10/23/2017,16,312
10/23/2017,19,308
10/23/2017,22,302
10/24/2017,1,296
10/24/2017,4,294
10/24/2017,7,292
10/24/2017,10,302
10/24/2017,13,312
10/24/2017,16,311
10/24/2017,19,310
10/24/2017,22,302
10/25/2017,1,294
10/25/2017,4,292
10/25/2017,7,290
10/25/2017,10,295
10/25/2017,13,300
10/25/2017,16,306
10/25/2017,19,312
10/25/2017,22,303
10/26/2017,1,294
10/26/2017,4,288
10/26/2017,7,282
10/26/2017,10,288
10/26/2017,13,294
10/26/2017,16,294
10/26/2017,19,294
10/26/2017,22,287
10/27/2017,1,280
10/27/2017,4,273
10/27/2017,7,266
10/27/2017,10,273
10/27/2017,13,280
10/27/2017,16,282
10/27/2017,19,284
10/27/2017,22,279
10/28/2017,1,274
10/28/2017,4,268
10/28/2017,7,262
10/28/2017,10,270
10/28/2017,13,278
10/28/2017,16,285
10/28/2017,19,292
10/28/2017,22,287
10/29/2017,1,282
10/29/2017,4,275
10/29/2017,7,268
10/29/2017,10,271.5
10/29/2017,13,275
10/29/2017,16,284.5
10/29/2017,19,294
10/29/2017,22,288
10/30/2017,1,282
10/30/2017,4,273
10/30/2017,7,264
10/30/2017,10,262
10/30/2017,13,260
10/30/2017,16,265
10/30/2017,19,270
10/30/2017,22,268
10/31/2017,1,266
10/31/2017,4,262
10/31/2017,7,258
10/31/2017,10,258
10/31/2017,13,258
10/31/2017,16,272
10/31/2017,19,286
10/31/2017,22,284
11/01/2017,1,282
11/01/2017,4,276
11/01/2017,7,270
11/01/2017,10,267
11/01/2017,13,264
11/01/2017,16,271
11/01/2017,19,278
11/01/2017,22,275
11/02/2017,1,272
11/02/2017,4,265
11/02/2017,7,258
11/02/2017,10,254
11/02/2017,13,250
11/02/2017,16,253
11/02/2017,19,256
11/02/2017,22,252
11/03/2017,1,248
11/03/2017,4,246
11/03/2017,7,244
11/03/2017,10,237
11/03/2017,13,230
11/03/2017,16,228
11/03/2017,19,226
11/03/2017,22,221
11/04/2017,1,216
11/04/2017,4,216
11/04/2017,7,216
11/04/2017,10,219
11/04/2017,13,222
11/04/2017,16,220
11/04/2017,19,218
11/04/2017,22,215
11/05/2017,1,212
11/05/2017,4,222
11/05/2017,7,232
11/05/2017,10,232
11/05/2017,13,232
11/05/2017,16,223
11/05/2017,19,214
11/05/2017,22,209
11/06/2017,1,204
11/06/2017,4,217
11/06/2017,7,230
11/06/2017,10,227
11/06/2017,13,224
11/06/2017,16,222
11/06/2017,19,220
11/06/2017,22,216
11/07/2017,1,212
11/07/2017,4,218
11/07/2017,7,224
11/07/2017,10,235
11/07/2017,13,246
11/07/2017,16,236
11/07/2017,19,226
11/07/2017,22,215
11/08/2017,1,204
11/08/2017,4,198
11/08/2017,7,192
11/08/2017,10,216
11/08/2017,13,240
11/08/2017,16,237
11/08/2017,19,234
11/08/2017,22,218
11/09/2017,1,202
11/09/2017,4,194
11/09/2017,7,186
11/09/2017,10,212
11/09/2017,13,238
11/09/2017,16,234
11/09/2017,19,230
11/09/2017,22,223
11/10/2017,1,216
11/10/2017,4,207
11/10/2017,7,198
11/10/2017,10,216
11/10/2017,13,234
11/10/2017,16,243
11/10/2017,19,252
11/10/2017,22,234
11/11/2017,1,216
11/11/2017,4,202
11/11/2017,7,188
11/11/2017,10,204
11/11/2017,13,220
11/11/2017,16,233
11/11/2017,19,246
11/11/2017,22,230
11/12/2017,1,214
11/12/2017,4,199
11/12/2017,7,184
11/12/2017,10,193
11/12/2017,13,202
11/12/2017,16,219
11/12/2017,19,236
11/12/2017,22,226
11/13/2017,1,216
11/13/2017,4,195
11/13/2017,7,174
11/13/2017,10,180
11/13/2017,13,186
11/13/2017,16,203
11/13/2017,19,220
11/13/2017,22,214
11/14/2017,1,208
11/14/2017,4,199
11/14/2017,7,190
11/14/2017,10,186
11/14/2017,13,182
11/14/2017,16,192
11/14/2017,19,202
11/14/2017,22,198
11/15/2017,1,194
11/15/2017,4,186
11/15/2017,7,178
11/15/2017,10,173
11/15/2017,13,168
11/15/2017,16,174
11/15/2017,19,180
11/15/2017,22,175
11/16/2017,1,170
11/16/2017,4,170
11/16/2017,7,170
11/16/2017,10,167.5
11/16/2017,13,165
11/16/2017,16,164.5
11/16/2017,19,164
11/16/2017,22,162
11/17/2017,1,160
11/17/2017,4,169
11/17/2017,7,178
11/17/2017,10,175
11/17/2017,13,172
11/17/2017,16,169
11/17/2017,19,166
11/17/2017,22,163
11/18/2017,1,160
11/18/2017,4,179
11/18/2017,7,198
11/18/2017,10,196
11/18/2017,13,194
11/18/2017,16,185
11/18/2017,19,176
11/18/2017,22,168
11/19/2017,1,160
11/19/2017,4,172
11/19/2017,7,184
11/19/2017,10,188
11/19/2017,13,192
11/19/2017,16,186
11/19/2017,19,180
11/19/2017,22,171
11/20/2017,1,162
11/20/2017,4,173
11/20/2017,7,184
11/20/2017,10,195
11/20/2017,13,206
11/20/2017,16,193
11/20/2017,19,180
11/20/2017,22,166
11/21/2017,1,152
11/21/2017,4,160
11/21/2017,7,168
11/21/2017,10,186
11/21/2017,13,204
11/21/2017,16,193
11/21/2017,19,182
11/21/2017,22,167
11/22/2017,1,152
11/22/2017,4,151
11/22/2017,7,150
11/22/2017,10,170
11/22/2017,13,190
11/22/2017,16,175
11/22/2017,19,160
11/22/2017,22,144
11/23/2017,1,128
11/23/2017,4,125
11/23/2017,7,122
11/23/2017,10,151
11/23/2017,13,180
11/23/2017,16,169
11/23/2017,19,158
11/23/2017,22,139
11/24/2017,1,120
11/24/2017,4,110
11/24/2017,7,100
11/24/2017,10,130
11/24/2017,13,160
11/24/2017,16,151
11/24/2017,19,142
11/24/2017,22,124
11/25/2017,1,106
11/25/2017,4,93
11/25/2017,7,80
11/25/2017,10,117
11/25/2017,13,154
11/25/2017,16,148
11/25/2017,19,142
11/25/2017,22,124
11/26/2017,1,106
11/26/2017,4,92
11/26/2017,7,78
11/26/2017,10,111
11/26/2017,13,144
11/26/2017,16,145
11/26/2017,19,146
11/26/2017,22,131
11/27/2017,1,116
11/27/2017,4,103
11/27/2017,7,90
11/27/2017,10,118
11/27/2017,13,146
11/27/2017,16,150
11/27/2017,19,154
11/27/2017,22,139
11/28/2017,1,124
11/28/2017,4,112
11/28/2017,7,100
11/28/2017,10,122
11/28/2017,13,144
11/28/2017,16,151
11/28/2017,19,158
11/28/2017,22,147
11/29/2017,1,136
11/29/2017,4,127
11/29/2017,7,118
11/29/2017,10,133
11/29/2017,13,148
11/29/2017,16,153
11/29/2017,19,158
11/29/2017,22,146
11/30/2017,1,134
11/30/2017,4,125
11/30/2017,7,116
11/30/2017,10,119
11/30/2017,13,122
11/30/2017,16,124
11/30/2017,19,126
11/30/2017,22,116
12/01/2017,1,106
12/01/2017,4,103
12/01/2017,7,100
12/01/2017,10,103
12/01/2017,13,106
12/01/2017,16,109
12/01/2017,19,112
12/01/2017,22,110
12/02/2017,1,108
12/02/2017,4,128
12/02/2017,7,148
12/02/2017,10,147
12/02/2017,13,146
12/02/2017,16,140
12/02/2017,19,134
12/02/2017,22,129
12/03/2017,1,124
12/03/2017,4,156
12/03/2017,7,188
12/03/2017,10,185
12/03/2017,13,182
12/03/2017,16,169
12/03/2017,19,156
12/03/2017,22,143
12/04/2017,1,130
12/04/2017,4,153
12/04/2017,7,176
12/04/2017,10,175
12/04/2017,13,174
12/04/2017,16,158
12/04/2017,19,142
12/04/2017,22,123
12/05/2017,1,104
12/05/2017,4,130
12/05/2017,7,156
12/05/2017,10,165
12/05/2017,13,174
12/05/2017,16,155
12/05/2017,19,136
12/05/2017,22,117
12/06/2017,1,98
12/06/2017,4,86
12/06/2017,7,138
12/06/2017,10,184
12/06/2017,13,194
12/06/2017,16,174
12/06/2017,19,152
12/06/2017,22,130
12/07/2017,1,110
12/07/2017,4,96
12/07/2017,7,128
12/07/2017,10,182
12/07/2017,13,210
12/07/2017,16,192
12/07/2017,19,172
12/07/2017,22,150
12/08/2017,1,130
12/08/2017,4,110
12/08/2017,7,110
12/08/2017,10,162
12/08/2017,13,196
12/08/2017,16,186
12/08/2017,19,168
12/08/2017,22,144
12/09/2017,1,122
12/09/2017,4,102
12/09/2017,7,92
12/09/2017,10,134
12/09/2017,13,172
12/09/2017,16,180
12/09/2017,19,160
12/09/2017,22,140
12/10/2017,1,124
12/10/2017,4,106
12/10/2017,7,90
12/10/2017,10,117
12/10/2017,13,158
12/10/2017,16,178
12/10/2017,19,160
12/10/2017,22,140
12/11/2017,1,121
12/11/2017,4,100
12/11/2017,7,82
12/11/2017,10,88
12/11/2017,13,122
12/11/2017,16,136
12/11/2017,19,130
12/11/2017,22,116
12/12/2017,1,100
12/12/2017,4,88
12/12/2017,7,76
12/12/2017,10,113
12/12/2017,13,116
12/12/2017,16,128
12/12/2017,19,124
12/12/2017,22,112
12/13/2017,1,101
12/13/2017,4,92
12/13/2017,7,88
12/13/2017,10,94
12/13/2017,13,118
12/13/2017,16,128
12/13/2017,19,122
12/13/2017,22,112
12/14/2017,1,108
12/14/2017,4,110
12/14/2017,7,112
12/14/2017,10,115
12/14/2017,13,118
12/14/2017,16,111
12/14/2017,19,104
12/14/2017,22,95.5
12/15/2017,1,87
12/15/2017,4,108.5
12/15/2017,7,130
12/15/2017,10,131
12/15/2017,13,132
12/15/2017,16,121
12/15/2017,19,110
12/15/2017,22,97
12/16/2017,1,84
12/16/2017,4,109
12/16/2017,7,134
12/16/2017,10,134
12/16/2017,13,134
12/16/2017,16,121
12/16/2017,19,108
12/16/2017,22,93
12/17/2017,1,78
12/17/2017,4,102
12/17/2017,7,126
12/17/2017,10,129
12/17/2017,13,132
12/17/2017,16,117
12/17/2017,19,102
12/17/2017,22,85
12/18/2017,1,68
12/18/2017,4,99
12/18/2017,7,130
12/18/2017,10,135
12/18/2017,13,140
12/18/2017,16,122
12/18/2017,19,104
12/18/2017,22,86
12/19/2017,1,68
12/19/2017,4,95
12/19/2017,7,122
12/19/2017,10,135
12/19/2017,13,148
12/19/2017,16,129
12/19/2017,19,110
12/19/2017,22,91
12/20/2017,1,72
12/20/2017,4,64
12/20/2017,7,112
12/20/2017,10,148
12/20/2017,13,156
12/20/2017,16,138
12/20/2017,19,120
12/20/2017,22,100
12/21/2017,1,86
12/21/2017,4,74
12/21/2017,7,114
12/21/2017,10,154
12/21/2017,13,170
12/21/2017,16,154
12/21/2017,19,136
12/21/2017,22,116
12/22/2017,1,98
12/22/2017,4,82
12/22/2017,7,118
12/22/2017,10,164
12/22/2017,13,182
12/22/2017,16,170
12/22/2017,19,154
12/22/2017,22,136
12/23/2017,1,118
12/23/2017,4,102
12/23/2017,7,112
12/23/2017,10,156
12/23/2017,13,180
12/23/2017,16,170
12/23/2017,19,150
12/23/2017,22,130
12/24/2017,1,114
12/24/2017,4,96
12/24/2017,7,90
12/24/2017,10,126
12/24/2017,13,150
12/24/2017,16,152
12/24/2017,19,142
12/24/2017,22,126
12/25/2017,1,114
12/25/2017,4,102
12/25/2017,7,98
12/25/2017,10,128
12/25/2017,13,154
12/25/2017,16,162
12/25/2017,19,154
12/25/2017,22,144
12/26/2017,1,132
12/26/2017,4,120
12/26/2017,7,112
12/26/2017,10,130
12/26/2017,13,158
12/26/2017,16,166
12/26/2017,19,158
12/26/2017,22,146
12/27/2017,1,136
12/27/2017,4,129
12/27/2017,7,122
12/27/2017,10,142
12/27/2017,13,162
12/27/2017,16,162
12/27/2017,19,162
12/27/2017,22,154
12/28/2017,1,146
12/28/2017,4,144
12/28/2017,7,142
12/28/2017,10,150
12/28/2017,13,158
12/28/2017,16,157
12/28/2017,19,156
12/28/2017,22,151
12/29/2017,1,146
12/29/2017,4,148
12/29/2017,7,150
12/29/2017,10,155
12/29/2017,13,160
12/29/2017,16,158
12/29/2017,19,156
12/29/2017,22,150
12/30/2017,1,144
12/30/2017,4,148
12/30/2017,7,152
12/30/2017,10,154
12/30/2017,13,156
12/30/2017,16,145
12/30/2017,19,134
12/30/2017,22,123
12/31/2017,1,112
12/31/2017,4,131
12/31/2017,7,150
12/31/2017,10,144
12/31/2017,13,138
12/31/2017,16,127
12/31/2017,19,116
12/31/2017,22,116
