Hero,Appeared With
"LITTLE, ABNER","PRINCESS ZANDA, BLACK PANTHER/T'CHAL, CARNIVORE/COUNT ANDR"
PRINCESS ZANDA,"BLACK PANTHER/T'CHAL, LITTLE, ABNER, CARNIVORE/COUNT ANDR"
BLACK PANTHER/T'CHAL,"PRINCESS ZANDA, NIGHT THRASHER/DUANE, KNIGHT ERRANT/MATSON, MR. FANTASTIC/REED R, JUBILEE/JUBILATION L, IRON MAN/TONY STARK , STORM/ORORO MUNROE S, OBLIVION, JOCASTA, MOON KNIGHT/MARC SPE, LITTLE, ABNER, PUNISHER II/FRANK CA, GALACTUS/GALAN, CERISE II [SHI'AR], ANDROMEDA/ANDROMEDA , DAZZLER II/ALLISON B, THUNDERSTRIKE/ERIC K, CARNIVORE/COUNT ANDR, DEATHLOK III/MICHAEL, INFINITY II, MOONDRAGON/HEATHER D, LORD CHAOS, HULK/DR. ROBERT BRUC, SILVER SURFER/NORRIN, WASP/JANET VAN DYNE , NOVA/RICHARD RIDER, ANGEL/WARREN KENNETH, SPEEDBALL/ROBBIE BAL, WONDER MAN/SIMON WIL, CAPTAIN BRITAIN/BRIA, TIGRA/GREER NELSON, CAPTAIN AMERICA, SHADOWCAT/KATHERINE , MARVEL GIRL/JEAN GRE, BLACK WIDOW/NATASHA , ANT-MAN/DR. HENRY J., MEGGAN, ICEMAN/ROBERT BOBBY , UATU, VISION , PSYLOCKE/ELISABETH B, HERCULES [GREEK GOD], SCARLET WITCH/WANDA , INVISIBLE WOMAN/SUE , JARVIS, EDWIN , THING/BENJAMIN J. GR, KISMET/J'RIDIA STARD, MASTER ORDER, BEAST/HENRY &HANK& P, ETERNITY/ADAM QADMON, CYCLOPS/SCOTT SUMMER, WOLVERINE/LOGAN , SHE-HULK/JENNIFER WA, ICON/DR. U'MBAYA A'K, THOMAS, COMMANDER DA, HAWK, IRON MAN IV/JAMES R., DEATH, GHOST RIDER III/DAN , LOCKHEED, STINGER II/, NIGHTCRAWLER/KURT WA, IN-BETWEENER, THOR/DR. DONALD BLAK"
"STEELE, SIMON/WOLFGA","ERWIN, CLYTEMNESTRA, IRON MAN/TONY STARK , RAVEN, SABBATH II/EL, FORTUNE, DOMINIC, IRON MAN IV/JAMES R."
"FORTUNE, DOMINIC","ERWIN, CLYTEMNESTRA, IRON MAN/TONY STARK , RAVEN, SABBATH II/EL, IRON MAN IV/JAMES R., STEELE, SIMON/WOLFGA"
"ERWIN, CLYTEMNESTRA","CABE, BETHANY, SCORPIO II, IRON MAN/TONY STARK , ARIES II/GROVER RAYM, GEMINI/JOSHUA LINK, FORTUNE, DOMINIC, BROTHERS GRIMM II/BA, ERWIN, MORLEY, VIRGO/ELAINE MCLAUGH, FURY, COL. NICHOLAS , CAPRICORN/WILLARD WE, PISCES/NOAH PERRICON, RAVEN, SABBATH II/EL, STANE, OBADIAH, STEELE, SIMON/WOLFGA, AQUARIUS II/, LIVING LASER/ARTHUR , SAGITTARIUS/HARLAN V, MORLEY, VIBRO/DR. FRANCIS VI, TAURUS/CORNELIUS VAN, LIBRA/GUSTAV BRANDT, LEO/DANIEL RADFORD, IRON MAN IV/JAMES R., CANCER/JACK KLEVENO"
IRON MAN/TONY STARK ,"RADIOACTIVE MAN/DR. , ZARRKO, ARTHUR, DR. OCTOPUS/OTTO OCT, CASE, COL. PRESTON, MOCKINGBIRD/DR. BARB, ANDROMEDA/ANDROMEDA , BROTHERS GRIMM II/BA, VULTURE/ADRIAN TOOME, VIRGO/ELAINE MCLAUGH, CARPENTER, LARRY, DAREDEVIL/MATT MURDO, PARKER, MAY, MOONDRAGON/HEATHER D, CAGE, LUKE/CARL LUCA, RODGERS, MARIANNE, HARDY, MORGAN MACNEI, HUMAN TORCH/JOHNNY S, KRISTOFF/KRISTOFF VE, LIVING LASER/ARTHUR , EGGHEAD/PROF. ELIHAS, UATU, MORLEY, IONELLO, JASON, PSYLOCKE/ELISABETH B, KLINE, MR., LIBRA/GUSTAV BRANDT, MASTER ORDER, GRASP, KLAW/ULYSSES KLAW, BEAST/HENRY &HANK& P, SHE-HULK/JENNIFER WA, LEO/DANIEL RADFORD, GHOST RIDER III/DAN , STINGER II/, ZIMMER, ABE, CABE, BETHANY, SCORPIO II, COLLINS, DEMITRIUS, OBLIVION, ARIES II/GROVER RAYM, ARBOGAST, BAMBI, DIAMOND, CHUCKY, GALACTUS/GALAN, FORTUNE, DOMINIC, VOLLA, TERRAX II/TYROS, SPYMASTER/JAKE JORDA, THUNDERSTRIKE/ERIC K, CAPRICORN/WILLARD WE, SANDMAN/WILLIAM BAKE, KINCAID, DR. JANE FO, SILVER SURFER/NORRIN, RAVEN, SABBATH II/EL, STANE, OBADIAH, ANGEL/WARREN KENNETH, FAIRMONT, AMANDA MAN, COOPER, DR. VALERIE, SUPER-ADAPTOID/ALESS, FIREBRAND/GARY GILBE, WONDER MAN/SIMON WIL, TIGRA/GREER NELSON, BROMWELL, DR., GHOST RIDER II/JOHNN, ERWIN, CLYTEMNESTRA, GHOST, CHAIN, SAGITTARIUS/HARLAN V, SITWELL, JASPER, ICEMAN/ROBERT BOBBY , HOGAN, VIRGINIA PEPP, CLEMSON, MIKE, WONG, SLASHER, SCARLET WITCH/WANDA , KISMET/J'RIDIA STARD, DESTROYER III, ETERNITY/ADAM QADMON, CYCLOPS/SCOTT SUMMER, NIGHT PHANTOM II, WHITE DRAGON, STARR, TRIXIE TRISH, MAJESTON ZELIA, DEMITRIUS, BLACK PANTHER/T'CHAL, QUICKSILVER/PIETRO M, NIGHT THRASHER/DUANE, CARPENTER, RACHEL, MOON KNIGHT/MARC SPE, JOCASTA, PUNISHER II/FRANK CA, LOKI [ASGARDIAN], BRADLEY, HANK, DRAX/ARTHUR DOUGLAS, ERWIN, MORLEY, GREEN GOBLIN/NORMAN , FURY, COL. NICHOLAS , SUNDOWN/DR. DAVE LOW, SUB-MARINER/NAMOR MA, INFINITY II, SONIC, LORD CHAOS, PISCES/NOAH PERRICON, HULK/DR. ROBERT BRUC, GUARDSMAN/KEVIN O'BR, STANKOWICZ, FABIAN, MCKEEVER, TINY, BYRD, SEN. HARRINGTO, SPEEDBALL/ROBBIE BAL, WATSON, ANNA, PERRIKUS, ANT-MAN/DR. HENRY J., MANDARIN, LEEDS, NED, VISION , VIBRO/DR. FRANCIS VI, MOLECULE MAN/OWEN RE, TAURUS/CORNELIUS VAN, JAMESON, J. JONAH, INVISIBLE WOMAN/SUE , THOMPSON, EUGENE FLA, THING/BENJAMIN J. GR, KINCAID, DR. KEITH, SPIDER-WOMAN II/JULI, DR. DOOM/VICTOR VON , WOLVERINE/LOGAN , HAWK, KRAVEN THE HUNTER/SE, FAIRMONT, HANNAH, IN-BETWEENER, BLACK WIDOW/NATASHA , CANCER/JACK KLEVENO, CRANDAL, BEN, MR. FANTASTIC/REED R, JUBILEE/JUBILATION L, SIF, STORM/ORORO MUNROE S, GEMINI/JOSHUA LINK, DAZZLER II/ALLISON B, OSBORN, LIZ ALLAN, DR. STRANGE/STEPHEN , DEATHLOK III/MICHAEL, HELA [ASGARDIAN], WASP/JANET VAN DYNE , NOVA/RICHARD RIDER, ADVA, SOUTHERN, CANDY, STEELE, SIMON/WOLFGA, CAPTAIN AMERICA, AQUARIUS II/, MARVEL GIRL/JEAN GRE, HERCULES [GREEK GOD], LEEDS, BETTY BRANT, JARVIS, EDWIN , IRON MAN IV/JAMES R., SPIDER-MAN/PETER PAR, DEATH, HOGAN, HAROLD J. HAP, THOR/DR. DONALD BLAK"
IRON MAN IV/JAMES R.,"ZIMMER, ABE, CABE, BETHANY, RADIOACTIVE MAN/DR. , SCORPIO II, JOSEPH, SHEVA, CARPENTER, RACHEL, IRON MAN/TONY STARK , KNIGHT ERRANT/MATSON, ARIES II/GROVER RAYM, GEMINI/JOSHUA LINK, FORTUNE, DOMINIC, CERISE II [SHI'AR], MANTONE, JORGE, BROTHERS GRIMM II/BA, SPYMASTER/JAKE JORDA, ERWIN, MORLEY, VIRGO/ELAINE MCLAUGH, CARPENTER, LARRY, FURY, COL. NICHOLAS , CAPRICORN/WILLARD WE, SONIC, PISCES/NOAH PERRICON, SEGAR, OWEN, RAVEN, SABBATH II/EL, STANE, OBADIAH, COOPER, DR. VALERIE, STEELE, SIMON/WOLFGA, CAPTAIN BRITAIN/BRIA, CAPTAIN AMERICA, AQUARIUS II/, SHADOWCAT/KATHERINE , LIVING LASER/ARTHUR , ERWIN, CLYTEMNESTRA, RHODES, MR., GHOST, CHAIN, SAGITTARIUS/HARLAN V, MANDARIN, LOCOMOTIVE BREATH/LA, MEGGAN, HOGAN, VIRGINIA PEPP, CLEMSON, MIKE, MORLEY, VIBRO/DR. FRANCIS VI, TAURUS/CORNELIUS VAN, LIBRA/GUSTAV BRANDT, SANCTION/AARON, GRASP, RAMIREZ, ALMA, SPIDER-WOMAN II/JULI, LACOSTE, RAE, GUNSHIP/CARY ROUNTRE, ICON/DR. U'MBAYA A'K, LEO/DANIEL RADFORD, THOMAS, COMMANDER DA, HAWK, LOCKHEED, HOGAN, HAROLD J. HAP, BLACK PANTHER/T'CHAL, NIGHTCRAWLER/KURT WA, CANCER/JACK KLEVENO"
"RAVEN, SABBATH II/EL","ERWIN, CLYTEMNESTRA, IRON MAN/TONY STARK , FORTUNE, DOMINIC, IRON MAN IV/JAMES R., STEELE, SIMON/WOLFGA"
CARNIVORE/COUNT ANDR,"PRINCESS ZANDA, LITTLE, ABNER, BLACK PANTHER/T'CHAL"
GHOST,"IRON MAN IV/JAMES R., ZIMMER, ABE, IRON MAN/TONY STARK "
"ZIMMER, ABE","IRON MAN IV/JAMES R., GHOST, IRON MAN/TONY STARK "
FU MANCHU,"TARR, BLACK JACK, SHANG-CHI, MAN-THING/THEODORE T, SMITH, SIR DENIS NAY"
"TARR, BLACK JACK","WU, LEIKO, SHANG-CHI, SMITH, SIR DENIS NAY, STARSHINE II/BRANDY , FU MANCHU, JACKSON, STEVE, MAN-THING/THEODORE T, RESTON, CLIVE, ROM, SPACEKNIGHT, DOCTOR DREDD"
"SMITH, SIR DENIS NAY","WU, LEIKO, SHANG-CHI, TARR, BLACK JACK, STARSHINE II/BRANDY , FU MANCHU, JACKSON, STEVE, MAN-THING/THEODORE T, RESTON, CLIVE, ROM, SPACEKNIGHT, DOCTOR DREDD"
SHANG-CHI,"WU, LEIKO, TARR, BLACK JACK, SMITH, SIR DENIS NAY, STARSHINE II/BRANDY , FU MANCHU, JACKSON, STEVE, MAN-THING/THEODORE T, RESTON, CLIVE, ROM, SPACEKNIGHT, DOCTOR DREDD"
STARSHINE II/BRANDY ,"TARR, BLACK JACK, SHANG-CHI, DESTINY II/IRENE ADL, TORPEDO III/BROCK JO, JONES, TAMMY ANNE, ROGUE /, SUB-MARINER/NAMOR MA, SMITH, SIR DENIS NAY, CLARK, JOHN, KILLBURN, MACK, RESTON, CLIVE, VASHTI, CLARK, SARAH, HYBRID/JAMES JIMMY M, MYSTIQUE/RAVEN DARKH, ROM, SPACEKNIGHT, JONES, NELL, JONES, DANIEL DANNY, JONES, LORRAINE LORR, WU, LEIKO, JACKSON, STEVE, DOCTOR DREDD"
"ROM, SPACEKNIGHT","TARR, BLACK JACK, SHANG-CHI, DESTINY II/IRENE ADL, TORPEDO III/BROCK JO, AVALANCHE/DOMINIC PE, BLOB/FRED J. DUKES, JONES, TAMMY ANNE, PYRO/ALLERDYCE JOHNN, ROGUE /, SUB-MARINER/NAMOR MA, SMITH, SIR DENIS NAY, CLARK, JOHN, KILLBURN, MACK, STARSHINE II/BRANDY , RESTON, CLIVE, VASHTI, SEAWEED MAN, CLARK, SARAH, HYBRID/JAMES JIMMY M, MYSTIQUE/RAVEN DARKH, JONES, NELL, JONES, DANIEL DANNY, JONES, LORRAINE LORR, WU, LEIKO, JACKSON, STEVE, DOCTOR DREDD"
MAN-THING/THEODORE T,"TARR, BLACK JACK, FU MANCHU, SHANG-CHI, SMITH, SIR DENIS NAY"
"WU, LEIKO","TARR, BLACK JACK, SHANG-CHI, SMITH, SIR DENIS NAY, STARSHINE II/BRANDY , JACKSON, STEVE, RESTON, CLIVE, ROM, SPACEKNIGHT, DOCTOR DREDD"
DOCTOR DREDD,"TARR, BLACK JACK, SHANG-CHI, SMITH, SIR DENIS NAY, STARSHINE II/BRANDY , WU, LEIKO, JACKSON, STEVE, RESTON, CLIVE, ROM, SPACEKNIGHT"
"RESTON, CLIVE","TARR, BLACK JACK, SHANG-CHI, SMITH, SIR DENIS NAY, STARSHINE II/BRANDY , WU, LEIKO, JACKSON, STEVE, ROM, SPACEKNIGHT, DOCTOR DREDD"
"JACKSON, STEVE","TARR, BLACK JACK, SHANG-CHI, DESTINY II/IRENE ADL, TORPEDO III/BROCK JO, JONES, TAMMY ANNE, ROGUE /, SMITH, SIR DENIS NAY, CLARK, JOHN, KILLBURN, MACK, STARSHINE II/BRANDY , RESTON, CLIVE, CLARK, SARAH, HYBRID/JAMES JIMMY M, MYSTIQUE/RAVEN DARKH, ROM, SPACEKNIGHT, JONES, NELL, JONES, DANIEL DANNY, JONES, LORRAINE LORR, WU, LEIKO, DOCTOR DREDD"
MYSTIQUE/RAVEN DARKH,"DESTINY II/IRENE ADL, JONES, DANIEL DANNY, TORPEDO III/BROCK JO, JONES, LORRAINE LORR, AVALANCHE/DOMINIC PE, KILLBURN, MACK, BLOB/FRED J. DUKES, HYBRID/JAMES JIMMY M, JONES, TAMMY ANNE, STARSHINE II/BRANDY , PYRO/ALLERDYCE JOHNN, JACKSON, STEVE, ROM, SPACEKNIGHT, ROGUE /"
BLOB/FRED J. DUKES,"DESTINY II/IRENE ADL, PROFESSOR X/CHARLES , SUPREME ONE, TORPEDO III/BROCK JO, BEAST/HENRY &HANK& P, MARVEL GIRL/JEAN GRE, CYCLOPS/SCOTT SUMMER, AVALANCHE/DOMINIC PE, ICEMAN/ROBERT BOBBY , HYBRID/JAMES JIMMY M, MYSTIQUE/RAVEN DARKH, ANGEL/WARREN KENNETH, PYRO/ALLERDYCE JOHNN, UNUS THE UNTOUCHABLE, LUCIFER, ROM, SPACEKNIGHT, ROGUE /"
TORPEDO III/BROCK JO,"DESTINY II/IRENE ADL, JONES, DANIEL DANNY, JONES, LORRAINE LORR, CLARK, SARAH, CLARK, JOHN, JONES, NELL, AVALANCHE/DOMINIC PE, KILLBURN, MACK, HYBRID/JAMES JIMMY M, MYSTIQUE/RAVEN DARKH, BLOB/FRED J. DUKES, JONES, TAMMY ANNE, STARSHINE II/BRANDY , PYRO/ALLERDYCE JOHNN, JACKSON, STEVE, ROM, SPACEKNIGHT, ROGUE /"
PYRO/ALLERDYCE JOHNN,"DESTINY II/IRENE ADL, TORPEDO III/BROCK JO, AVALANCHE/DOMINIC PE, HYBRID/JAMES JIMMY M, MYSTIQUE/RAVEN DARKH, BLOB/FRED J. DUKES, ROM, SPACEKNIGHT, ROGUE /"
AVALANCHE/DOMINIC PE,"DESTINY II/IRENE ADL, TORPEDO III/BROCK JO, HYBRID/JAMES JIMMY M, MYSTIQUE/RAVEN DARKH, BLOB/FRED J. DUKES, PYRO/ALLERDYCE JOHNN, ROM, SPACEKNIGHT, ROGUE /"
ROGUE /,"MAJOR DOMO, DESTINY II/IRENE ADL, HAWKSHAW, TORPEDO III/BROCK JO, STORM/ORORO MUNROE S, MALICE IV, AVALANCHE/DOMINIC PE, MAGIK/ILLYANA RASPUT, BLOB/FRED J. DUKES, JONES, TAMMY ANNE, MOREAU, PHILLIP, GATEWAY, DAZZLER II/ALLISON B, PYRO/ALLERDYCE JOHNN, MOJO, S'YM, MAGNETO/MAGNUS/ERIC , CONOVER, REV. WILLIA, LONGSHOT, MR. SINISTER/NATHAN , SUMMERS, MADELYNE MA, TILBY, TRISH/PATRICI, KILLBURN, MACK, GAMBIT/REMY LEBEAU , MOREAU, DAVID, HAVOK/ALEX SUMMERS , STARSHINE II/BRANDY , CANNONBALL II/SAM GU, CONOVER, HANNAH, PIPELINE/CORMICK GRI, QUARK, N'ASTIRH, WOLFSBANE/RAHNE SINC, WARLOCK III, MAGOG II, MARVEL GIRL/JEAN GRE, MIRAGE II/DANIELLE M, COLOSSUS II/PETER RA, HYBRID/JAMES JIMMY M, MYSTIQUE/RAVEN DARKH, FORGE, GOG III, PSYLOCKE/ELISABETH B, ROM, SPACEKNIGHT, PUNCHOUT, WIPEOUT, SUNSPOT/ROBERTO DACO, JONES, DANIEL DANNY, ARIZE, RANSOME, JENNIFER AM, JONES, LORRAINE LORR, WOLVERINE/LOGAN , CYCLOPS/SCOTT SUMMER, BEAST/HENRY &HANK& P, SUMMERS, NATHAN CHRI, POLARIS/LORNA DANE, JACKSON, STEVE, PROFESSOR X/CHARLES "
DESTINY II/IRENE ADL,"JONES, DANIEL DANNY, TORPEDO III/BROCK JO, JONES, LORRAINE LORR, AVALANCHE/DOMINIC PE, KILLBURN, MACK, HYBRID/JAMES JIMMY M, MYSTIQUE/RAVEN DARKH, BLOB/FRED J. DUKES, JONES, TAMMY ANNE, STARSHINE II/BRANDY , PYRO/ALLERDYCE JOHNN, JACKSON, STEVE, ROM, SPACEKNIGHT, ROGUE /"
HYBRID/JAMES JIMMY M,"DESTINY II/IRENE ADL, JONES, DANIEL DANNY, TORPEDO III/BROCK JO, JONES, LORRAINE LORR, CLARK, SARAH, JONES, NELL, CLARK, JOHN, AVALANCHE/DOMINIC PE, KILLBURN, MACK, BLOB/FRED J. DUKES, MYSTIQUE/RAVEN DARKH, STARSHINE II/BRANDY , JONES, TAMMY ANNE, PYRO/ALLERDYCE JOHNN, JACKSON, STEVE, ROM, SPACEKNIGHT, ROGUE /"
"CLARK, SARAH","JONES, DANIEL DANNY, TORPEDO III/BROCK JO, JONES, LORRAINE LORR, CLARK, JOHN, KILLBURN, MACK, HYBRID/JAMES JIMMY M, STARSHINE II/BRANDY , JONES, TAMMY ANNE, JACKSON, STEVE, ROM, SPACEKNIGHT, JONES, NELL"
"KILLBURN, MACK","DESTINY II/IRENE ADL, JONES, DANIEL DANNY, TORPEDO III/BROCK JO, ROGUE /, JONES, LORRAINE LORR, CLARK, SARAH, CLARK, JOHN, HYBRID/JAMES JIMMY M, JONES, TAMMY ANNE, STARSHINE II/BRANDY , MYSTIQUE/RAVEN DARKH, JACKSON, STEVE, ROM, SPACEKNIGHT, JONES, NELL"
"JONES, TAMMY ANNE","DESTINY II/IRENE ADL, JONES, DANIEL DANNY, TORPEDO III/BROCK JO, ROGUE /, JONES, LORRAINE LORR, CLARK, SARAH, CLARK, JOHN, KILLBURN, MACK, HYBRID/JAMES JIMMY M, STARSHINE II/BRANDY , MYSTIQUE/RAVEN DARKH, JACKSON, STEVE, ROM, SPACEKNIGHT, JONES, NELL"
"JONES, LORRAINE LORR","DESTINY II/IRENE ADL, JONES, DANIEL DANNY, TORPEDO III/BROCK JO, ROGUE /, CLARK, SARAH, CLARK, JOHN, KILLBURN, MACK, HYBRID/JAMES JIMMY M, STARSHINE II/BRANDY , JONES, TAMMY ANNE, MYSTIQUE/RAVEN DARKH, JACKSON, STEVE, ROM, SPACEKNIGHT, JONES, NELL"
"JONES, NELL","JONES, DANIEL DANNY, TORPEDO III/BROCK JO, JONES, LORRAINE LORR, CLARK, SARAH, CLARK, JOHN, KILLBURN, MACK, HYBRID/JAMES JIMMY M, STARSHINE II/BRANDY , JONES, TAMMY ANNE, JACKSON, STEVE, ROM, SPACEKNIGHT"
"JONES, DANIEL DANNY","DESTINY II/IRENE ADL, TORPEDO III/BROCK JO, ROGUE /, JONES, LORRAINE LORR, CLARK, SARAH, CLARK, JOHN, KILLBURN, MACK, HYBRID/JAMES JIMMY M, STARSHINE II/BRANDY , JONES, TAMMY ANNE, MYSTIQUE/RAVEN DARKH, JACKSON, STEVE, ROM, SPACEKNIGHT, JONES, NELL"
"CLARK, JOHN","JONES, DANIEL DANNY, TORPEDO III/BROCK JO, JONES, LORRAINE LORR, CLARK, SARAH, KILLBURN, MACK, HYBRID/JAMES JIMMY M, STARSHINE II/BRANDY , JONES, TAMMY ANNE, JACKSON, STEVE, ROM, SPACEKNIGHT, JONES, NELL"
SUB-MARINER/NAMOR MA,"U-MAN/MERRANO, KRIEGHUND, COL., MR. FANTASTIC/REED R, HUMAN TORCH ANDROID/, IRON MAN/TONY STARK , SPITFIRE/LADY JACQUE, GREEN GOBLIN/NORMAN , WHIZZER/ROBERT L. FR, TORO/TOM RAYMOND, OSBORN, LIZ ALLAN, UNION JACK II/BRIAN , PRENTISS, BETTY DEAN, UNION JACK/LORD MONT, DR. STRANGE/STEPHEN , DAREDEVIL/MATT MURDO, PATRIOT/JEFF MACE, SUNDOWN/DR. DAVE LOW, PARKER, MAY, FITZPATRICK, WILL, THIN MAN/BRUCE DICKS, BARON BLOOD/JOHN FAL, HULK/DR. ROBERT BRUC, WASP/JANET VAN DYNE , DRACULA/VLAD TEPES, HUMAN TORCH/JOHNNY S, BANNER, BETTY ROSS T, STARSHINE II/BRANDY , MCKEEVER, TINY, ANGEL/WARREN KENNETH, CHURCHILL, SIR WINST, DEAN, BETTY, MISS AMERICA/MADELIN, CAPTAIN AMERICA, SEAWEED MAN, GEORGE, DAVID LLOYD, MARVEL GIRL/JEAN GRE, RED RAVEN, ANT-MAN/DR. HENRY J., BUCKY/BUCKY BARNES, BARON STRUCKER/WOLFG, ICEMAN/ROBERT BOBBY , WONG, JACK FROST/, JAMESON, J. JONAH, IONELLO, JASON, ROM, SPACEKNIGHT, LEEDS, BETTY BRANT, BOOMERANG/FRED MYERS, INVISIBLE WOMAN/SUE , THOMPSON, EUGENE FLA, JONES, RICHARD MILHO, RED SKULL/JOHANN SCH, HORTON, PROFESSOR PH, THING/BENJAMIN J. GR, BEAST/HENRY &HANK& P, CYCLOPS/SCOTT SUMMER, BLUE DIAMOND/PROFESS, TALBOT, GLENN, SPIDER-MAN/PETER PAR, ROSS, GEN. THADDEUS , VASHTI, HOGAN, HAROLD J. HAP, THOR/DR. DONALD BLAK"
VASHTI,"SEAWEED MAN, STARSHINE II/BRANDY , SUB-MARINER/NAMOR MA, ROM, SPACEKNIGHT"
SEAWEED MAN,"VASHTI, SUB-MARINER/NAMOR MA, ROM, SPACEKNIGHT"
NOVA/RICHARD RIDER,"NIGHT THRASHER/DUANE, MR. FANTASTIC/REED R, JUBILEE/JUBILATION L, IRON MAN/TONY STARK , STORM/ORORO MUNROE S, OBLIVION, NAMORITA/NITA PRENTI, PUNISHER II/FRANK CA, GALACTUS/GALAN, ANDROMEDA/ANDROMEDA , FIRESTAR/ANGELICA JO, THUNDERSTRIKE/ERIC K, DEATHLOK III/MICHAEL, INFINITY II, LORD CHAOS, HULK/DR. ROBERT BRUC, SILVER SURFER/NORRIN, JUSTICE II/VANCE AST, ANGEL/WARREN KENNETH, THUNDERBALL/DR. ELIO, SPEEDBALL/ROBBIE BAL, WONDER MAN/SIMON WIL, CAPTAIN AMERICA, MARVEL GIRL/JEAN GRE, UATU, VISION , PSYLOCKE/ELISABETH B, SCARLET WITCH/WANDA , INVISIBLE WOMAN/SUE , THING/BENJAMIN J. GR, MASTER ORDER, KISMET/J'RIDIA STARD, BEAST/HENRY &HANK& P, ETERNITY/ADAM QADMON, CYCLOPS/SCOTT SUMMER, WOLVERINE/LOGAN , SHE-HULK/JENNIFER WA, SPIDER-MAN/PETER PAR, DEATH, GHOST RIDER III/DAN , BLACK PANTHER/T'CHAL, IN-BETWEENER"
FIRESTAR/ANGELICA JO,"NIGHT THRASHER/DUANE, HULK/DR. ROBERT BRUC, NAMORITA/NITA PRENTI, HINDSIGHT LAD/CARLTO, TURBO II (A)/MICHIKO, SPIDER-MAN CLONE/BEN, NOVA/RICHARD RIDER, SPIDER-MAN/PETER PAR, JUSTICE II/VANCE AST, SPEEDBALL II/DARRION, THUNDERBALL/DR. ELIO, SPEEDBALL/ROBBIE BAL, GEE/ALEX POWER, WATSON-PARKER, MARY "
THUNDERBALL/DR. ELIO,"NIGHT THRASHER/DUANE, PARKER, MAY, HULK/DR. ROBERT BRUC, NAMORITA/NITA PRENTI, FIRESTAR/ANGELICA JO, NOVA/RICHARD RIDER, SPIDER-MAN/PETER PAR, FROG-MAN II/EUGENE P, LUBENSKI, NATE, SPEEDBALL/ROBBIE BAL, WATSON, ANNA, WATSON-PARKER, MARY "
NAMORITA/NITA PRENTI,"NIGHT THRASHER/DUANE, HULK/DR. ROBERT BRUC, FIRESTAR/ANGELICA JO, NOVA/RICHARD RIDER, SPIDER-MAN/PETER PAR, JUSTICE II/VANCE AST, THUNDERBALL/DR. ELIO, SPEEDBALL/ROBBIE BAL"
SPEEDBALL/ROBBIE BAL,"NIGHT THRASHER/DUANE, MR. FANTASTIC/REED R, JUBILEE/JUBILATION L, IRON MAN/TONY STARK , STORM/ORORO MUNROE S, OBLIVION, NAMORITA/NITA PRENTI, PUNISHER II/FRANK CA, GALACTUS/GALAN, ANDROMEDA/ANDROMEDA , FIRESTAR/ANGELICA JO, THUNDERSTRIKE/ERIC K, DEATHLOK III/MICHAEL, INFINITY II, LORD CHAOS, HULK/DR. ROBERT BRUC, SILVER SURFER/NORRIN, NOVA/RICHARD RIDER, JUSTICE II/VANCE AST, ANGEL/WARREN KENNETH, THUNDERBALL/DR. ELIO, WONDER MAN/SIMON WIL, CAPTAIN AMERICA, MARVEL GIRL/JEAN GRE, UATU, VISION , PSYLOCKE/ELISABETH B, SCARLET WITCH/WANDA , INVISIBLE WOMAN/SUE , MASTER ORDER, KISMET/J'RIDIA STARD, THING/BENJAMIN J. GR, BEAST/HENRY &HANK& P, ETERNITY/ADAM QADMON, WOLVERINE/LOGAN , CYCLOPS/SCOTT SUMMER, SHE-HULK/JENNIFER WA, SPIDER-MAN/PETER PAR, DEATH, GHOST RIDER III/DAN , BLACK PANTHER/T'CHAL, IN-BETWEENER"
HULK/DR. ROBERT BRUC,"DEVIL-SLAYER/ERIC SI, MAD VIKING/KNUT CAIN, ANDROMEDA/ANDROMEDA , FIRELORD/PYREUS KRIL, DAREDEVIL/MATT MURDO, LOCKJAW [INHUMAN], PARKER, MAY, RED GUARDIAN III/DR., HUMAN TORCH/JOHNNY S, ANALYZER, CLEA, TRITON, MASTERMIND/JASON WYN, PIP/PRINCE GOFERN, UATU, DR. DRUID/ANTHONY LU, WILSON, JIM, IONELLO, JASON, PSYLOCKE/ELISABETH B, MASTER ORDER, BEAST/HENRY &HANK& P, SHE-HULK/JENNIFER WA, GHOST RIDER III/DAN , MAN-BEAST, ARMBRUSTER, COLONEL , OBLIVION, NORRISS, SISTER BARB, GALACTUS/GALAN, CRYSTAL [INHUMAN], THUNDERSTRIKE/ERIC K, SILVER SURFER/NORRIN, ANGEL/WARREN KENNETH, WONDER MAN/SIMON WIL, ICEMAN/ROBERT BOBBY , KARNAK [INHUMAN], WONG, SCARLET WITCH/WANDA , BOOMERANG/FRED MYERS, KISMET/J'RIDIA STARD, ETERNITY/ADAM QADMON, CYCLOPS/SCOTT SUMMER, MONTANA, DOLLAR BILL, BLACK PANTHER/T'CHAL, QUICKSILVER/PIETRO M, NIGHT THRASHER/DUANE, IRON MAN/TONY STARK , NAMORITA/NITA PRENTI, WARLOCK II/ADAM WARL, PUNISHER II/FRANK CA, LOKI [ASGARDIAN], DRAX/ARTHUR DOUGLAS, BRICKFORD, CLAY, GREEN GOBLIN/NORMAN , HELLCAT/PATSY WALKER, SUNDOWN/DR. DAVE LOW, SUB-MARINER/NAMOR MA, INFINITY II, LORD CHAOS, ROBERTS, TED, MCKEEVER, TINY, SPEEDBALL/ROBBIE BAL, ANT-MAN/DR. HENRY J., COBALT MAN, VISION , JAMESON, J. JONAH, INVISIBLE WOMAN/SUE , THOMPSON, EUGENE FLA, NIGHTHAWK II/KYLE RI, THING/BENJAMIN J. GR, BLACK BOLT/BLACKANTO, CERBERUS, MISSING LINK, WOLVERINE/LOGAN , JUGGERNAUT/CAIN MARK, ABOMINATION/EMIL BLO, PROFESSOR X/CHARLES , IN-BETWEENER, MR. FANTASTIC/REED R, JUBILEE/JUBILATION L, STORM/ORORO MUNROE S, FIRESTAR/ANGELICA JO, OSBORN, LIZ ALLAN, DR. STRANGE/STEPHEN , DEATHLOK III/MICHAEL, HELA [ASGARDIAN], WASP/JANET VAN DYNE , NOVA/RICHARD RIDER, BANNER, BETTY ROSS T, JUSTICE II/VANCE AST, CORBEAU, DR. PETER, THUNDERBALL/DR. ELIO, RINTRAH, CAPTAIN AMERICA, OX, MARVEL GIRL/JEAN GRE, GORGON [INHUMAN], DELPHI, LEEDS, BETTY BRANT, JONES, RICHARD MILHO, TALBOT, GLENN, RHINO, SPIDER-MAN/PETER PAR, ROSS, GEN. THADDEUS , DEATH, HOGAN, HAROLD J. HAP, FANCY DAN, THOR/DR. DONALD BLAK"
NIGHT THRASHER/DUANE,"MR. FANTASTIC/REED R, JUBILEE/JUBILATION L, IRON MAN/TONY STARK , STORM/ORORO MUNROE S, OBLIVION, NAMORITA/NITA PRENTI, PUNISHER II/FRANK CA, GALACTUS/GALAN, ANDROMEDA/ANDROMEDA , FIRESTAR/ANGELICA JO, THUNDERSTRIKE/ERIC K, DEATHLOK III/MICHAEL, INFINITY II, LORD CHAOS, HULK/DR. ROBERT BRUC, SILVER SURFER/NORRIN, NOVA/RICHARD RIDER, JUSTICE II/VANCE AST, ANGEL/WARREN KENNETH, THUNDERBALL/DR. ELIO, SPEEDBALL/ROBBIE BAL, WONDER MAN/SIMON WIL, CAPTAIN AMERICA, MARVEL GIRL/JEAN GRE, UATU, VISION , PSYLOCKE/ELISABETH B, SCARLET WITCH/WANDA , INVISIBLE WOMAN/SUE , THING/BENJAMIN J. GR, MASTER ORDER, KISMET/J'RIDIA STARD, BEAST/HENRY &HANK& P, ETERNITY/ADAM QADMON, CYCLOPS/SCOTT SUMMER, WOLVERINE/LOGAN , SHE-HULK/JENNIFER WA, SPIDER-MAN/PETER PAR, DEATH, GHOST RIDER III/DAN , BLACK PANTHER/T'CHAL, IN-BETWEENER"
SPIDER-MAN/PETER PAR,"DR. OCTOPUS/OTTO OCT, FORTUNATO, GIACOMO J, TURBO II (A)/MICHIKO, ROSENTHAL, BERNIE, BOUNTY II, VULTURE/ADRIAN TOOME, JACK, DAREDEVIL/MATT MURDO, PARKER, MAY, GREEN GOBLIN III/BAR, MUGGINS, MAMIE, HUMAN TORCH/JOHNNY S, BULLSEYE II/BENJAMIN, SILVERMANE/SILVIO MA, DOLMAN, MORGAN, UATU, PULASKI, JOSEPHINE J, BLADE, WARD, SEN. STEWART, IONELLO, JASON, TOKKOTS, SHIFFMAN, MAXIE, BEAST/HENRY &HANK& P, ZELDA, RINGMASTER/MAYNARD T, LUBENSKI, NATE, STACY, PAUL, STACY, CAPT. GEORGE, RICHARDS, FRANKLIN B, PROUST, PAUL, BEYONDER, TOMBSTONE/LONNIE THO, SHA SHAN, BLOODY MARY, COLLINS, DEMITRIUS, DIAMOND, CHUCKY, HOCHBERG, ROGER, CANNONBALL/JACK PULV, MASTERS, ALICIA REIS, SLOAN, DR., SANDMAN/WILLIAM BAKE, KINCAID, DR. JANE FO, VULTURE II/BLACKIE D, GRANT, GLORIA GLORY, MAXWELL, MORRIS, ANGEL/WARREN KENNETH, KINGPIN/WILSON FISK, CHAMELEON/DMITRI SME, GEE/ALEX POWER, WATSON-PARKER, MARY , MCCORMICK, BARRY, BROMWELL, DR., STACY, ARTHUR, MYSTERIO/QUENTIN BEC, KINGSLEY, DANIEL, TREVANE, DET. CONNOR, ICEMAN/ROBERT BOBBY , HOBGOBLIN III/LEFTY , BUCKNER, GRANT, LIZARD/DR. CURTIS CO, WONG, JACKAL/MILES WARREN, SCARLET WITCH/WANDA , OVERRIDE/DR. GREGORY, STACY, GWEN (CLONE), STUNNER/ANGELINA BRA, CYCLOPS/SCOTT SUMMER, MONTANA, BIG MAN/FREDERICK FO, EVANS, DORIS, BANNON, LANCE, ELLIS, KEN, MAJESTON ZELIA, KWAN, TERRY, QUICKSILVER/PIETRO M, NIGHT THRASHER/DUANE, ROBERTSON, JOE, JAMESON, MARLA MADIS, PAGE, KAREN, TOWER, BLAKE, IRON MAN/TONY STARK , GAMBONNO, LUIGI, WARREN, MR., NAMORITA/NITA PRENTI, TRAINER, DR. SEWARD, PUNISHER II/FRANK CA, GREEN GOBLIN IV/PHIL, GREEN GOBLIN/NORMAN , THORSON, DR. WALTER, GLADIATOR II, GAMBONNO, ERNESTO, SUNDOWN/DR. DAVE LOW, SUB-MARINER/NAMOR MA, HULK/DR. ROBERT BRUC, ROBERTS, TED, MCKEEVER, TINY, SPEEDBALL/ROBBIE BAL, WATSON, ANNA, STACY, JILL, PERRIKUS, HINDSIGHT LAD/CARLTO, ANT-MAN/DR. HENRY J., URICH, BEN, VENOM/EDDIE BROCK, SPEEDBALL II/DARRION, LEEDS, NED, GRIM HUNTER/KRAVINOF, JAMESON, J. JONAH, THOMPSON, EUGENE FLA, KAINE, INVISIBLE WOMAN/SUE , THING/BENJAMIN J. GR, KINCAID, DR. KEITH, OSBORN, HARRY, MORBIUS/DR. MICHAEL , SPIDER-MAN CLONE/BEN, THINKER, MIMIC/CALVIN RANKIN, GUARDIAN IV, FROG-MAN II/EUGENE P, KRAVEN THE HUNTER/SE, FAIRMONT, HANNAH, LOCKER, MR., STACY, GWEN, PUPPET MASTER/PHILLI, PROFESSOR X/CHARLES , ANDERSON, BAXTER, MR. FANTASTIC/REED R, BLACK CAT/FELICIA HA, FIRESTAR/ANGELICA JO, OSBORN, LIZ ALLAN, DR. STRANGE/STEPHEN , D'SPAYRE, LUMLEY, JUDY, WASP/JANET VAN DYNE , NOVA/RICHARD RIDER, JUSTICE II/VANCE AST, ADVA, NELSON, FRANKLIN FOG, THUNDERBALL/DR. ELIO, FOREIGNER/RAFAEL BAS, TARANTULA/ANTON MIGU, CAPTAIN AMERICA, CAPUTO, DR. JULIA, OX, MARVEL GIRL/JEAN GRE, HITMAN/LT. BURT KENY, LIGHTMASTER/EDWARD L, LEEDS, BETTY BRANT, BYRNES, GAYLE WATSON, CALDRONE, JAVIER, BRUTO THE STRONGMAN/, CANTOR, VERA, WHITE TIGER/HECTOR A, SPIDERCIDE, TRAVELLER, DR. JUDAS, HOBGOBLIN II/RODERIC, HOGAN, HAROLD J. HAP, HYDROMAN/MORRIE BENC, RAVEN, LT. JACOB, FANCY DAN, THOR/DR. DONALD BLAK"
JUSTICE II/VANCE AST,"NIGHT THRASHER/DUANE, HULK/DR. ROBERT BRUC, NAMORITA/NITA PRENTI, FIRESTAR/ANGELICA JO, HINDSIGHT LAD/CARLTO, SPIDER-MAN CLONE/BEN, TURBO II (A)/MICHIKO, NOVA/RICHARD RIDER, SPEEDBALL II/DARRION, SPIDER-MAN/PETER PAR, SPEEDBALL/ROBBIE BAL, GEE/ALEX POWER, WATSON-PARKER, MARY "
TIGRA/GREER NELSON,"QUICKSILVER/PIETRO M, MR. FANTASTIC/REED R, MOON KNIGHT/MARC SPE, IRON MAN/TONY STARK , JOCASTA, GALACTUS/GALAN, MOCKINGBIRD/DR. BARB, DAZZLER II/ALLISON B, MOONDRAGON/HEATHER D, LORD CHAOS, SILVER SURFER/NORRIN, WASP/JANET VAN DYNE , HUMAN TORCH/JOHNNY S, ANGEL/WARREN KENNETH, SOUTHERN, CANDY, WONDER MAN/SIMON WIL, CAPTAIN AMERICA, GHOST RIDER II/JOHNN, BLACK WIDOW/NATASHA , ANT-MAN/DR. HENRY J., ICEMAN/ROBERT BOBBY , VISION , MOLECULE MAN/OWEN RE, HERCULES [GREEK GOD], SCARLET WITCH/WANDA , INVISIBLE WOMAN/SUE , JARVIS, EDWIN , THING/BENJAMIN J. GR, BEAST/HENRY &HANK& P, HAWK, BLACK PANTHER/T'CHAL, THOR/DR. DONALD BLAK"
WASP/JANET VAN DYNE ,"QUICKSILVER/PIETRO M, STARFOX/EROS, D'ANGELO, LIEUTENANT, MR. FANTASTIC/REED R, MOON KNIGHT/MARC SPE, IRON MAN/TONY STARK , DR. OCTOPUS/OTTO OCT, MANIPULATOR/, JOCASTA, ARBOGAST, BAMBI, MAD VIKING/KNUT CAIN, GALACTUS/GALAN, MOCKINGBIRD/DR. BARB, LOKI [ASGARDIAN], DRAX/ARTHUR DOUGLAS, DAZZLER II/ALLISON B, MASTERS, ALICIA REIS, GREEN GOBLIN/NORMAN , VULTURE/ADRIAN TOOME, OSBORN, LIZ ALLAN, DR. STRANGE/STEPHEN , SANDMAN/WILLIAM BAKE, DAREDEVIL/MATT MURDO, SUNDOWN/DR. DAVE LOW, PARKER, MAY, SUB-MARINER/NAMOR MA, MOONDRAGON/HEATHER D, LORD CHAOS, SILVER SURFER/NORRIN, HULK/DR. ROBERT BRUC, HARDY, MORGAN MACNEI, STANKOWICZ, FABIAN, HUMAN TORCH/JOHNNY S, MCKEEVER, TINY, ANGEL/WARREN KENNETH, SOUTHERN, CANDY, WONDER MAN/SIMON WIL, WATSON, ANNA, TIGRA/GREER NELSON, CAPTAIN AMERICA, BROMWELL, DR., GHOST RIDER II/JOHNN, MARVEL GIRL/JEAN GRE, BLACK WIDOW/NATASHA , EGGHEAD/PROF. ELIHAS, ANT-MAN/DR. HENRY J., ICEMAN/ROBERT BOBBY , DELPHI, LEEDS, NED, NOVA II/FRANKIE RAYE, VISION , WONG, JAMESON, J. JONAH, IONELLO, JASON, HERCULES [GREEK GOD], LEEDS, BETTY BRANT, SCARLET WITCH/WANDA , ANNIHILUS, INVISIBLE WOMAN/SUE , JARVIS, EDWIN , THOMPSON, EUGENE FLA, THING/BENJAMIN J. GR, STINGER II/, BEAST/HENRY &HANK& P, CYCLOPS/SCOTT SUMMER, SHE-HULK/JENNIFER WA, HAWK, SPIDER-MAN/PETER PAR, KRAVEN THE HUNTER/SE, STARR, TRIXIE TRISH, RICHARDS, FRANKLIN B, CAPTAIN MARVEL II/MO, HOGAN, HAROLD J. HAP, BLACK PANTHER/T'CHAL, THOR/DR. DONALD BLAK"
GALACTUS/GALAN,"QUICKSILVER/PIETRO M, NIGHT THRASHER/DUANE, STARFOX/EROS, MR. FANTASTIC/REED R, JUBILEE/JUBILATION L, IRON MAN/TONY STARK , STORM/ORORO MUNROE S, OBLIVION, GRIMM, JAKE, PUNISHER II/FRANK CA, MOCKINGBIRD/DR. BARB, ANDROMEDA/ANDROMEDA , MASTERS, ALICIA REIS, THUNDERSTRIKE/ERIC K, DEATHLOK III/MICHAEL, INFINITY II, LORD CHAOS, SILVER SURFER/NORRIN, WASP/JANET VAN DYNE , HULK/DR. ROBERT BRUC, HUMAN TORCH/JOHNNY S, NOVA/RICHARD RIDER, ANGEL/WARREN KENNETH, ANELLE, SPEEDBALL/ROBBIE BAL, WONDER MAN/SIMON WIL, TIGRA/GREER NELSON, CAPTAIN AMERICA, MARVEL GIRL/JEAN GRE, UATU, NOVA II/FRANKIE RAYE, VISION , PSYLOCKE/ELISABETH B, ANNIHILUS, SCARLET WITCH/WANDA , INVISIBLE WOMAN/SUE , THING/BENJAMIN J. GR, MASTER ORDER, KISMET/J'RIDIA STARD, BEAST/HENRY &HANK& P, ETERNITY/ADAM QADMON, CYCLOPS/SCOTT SUMMER, WOLVERINE/LOGAN , SHE-HULK/JENNIFER WA, HAWK, DEATH, GHOST RIDER III/DAN , RICHARDS, FRANKLIN B, CAPTAIN MARVEL II/MO, BLACK PANTHER/T'CHAL, IN-BETWEENER, THOR/DR. DONALD BLAK"
MOCKINGBIRD/DR. BARB,"QUICKSILVER/PIETRO M, BATROC/GEORGES BATRO, LORD CHAOS, IRON MAN/TONY STARK , SILVER SURFER/NORRIN, WASP/JANET VAN DYNE , MACHETE/FERDINAND LO, ZARAN/MAXIMILLIAN ZA, GALACTUS/GALAN, HAWK, TRICKSHOT, SILVER SABLE, SWORDSMAN/JACQUES DU, TIGRA/GREER NELSON, SCARLET WITCH/WANDA "
SILVER SURFER/NORRIN,"QUICKSILVER/PIETRO M, NIGHT THRASHER/DUANE, MR. FANTASTIC/REED R, JUBILEE/JUBILATION L, IRON MAN/TONY STARK , STORM/ORORO MUNROE S, OBLIVION, SILVER DAGGER/ISAIAH, WARLOCK II/ADAM WARL, PUNISHER II/FRANK CA, GALACTUS/GALAN, MOCKINGBIRD/DR. BARB, EMPRESS S'BYLL [SKRU, OBLITERATOR [ELDER], ANDROMEDA/ANDROMEDA , DR. STRANGE/STEPHEN , THUNDERSTRIKE/ERIC K, DEATHLOK III/MICHAEL, BARON BLOOD II/VICTO, SUPREME INTELLIGENCE, INFINITY II, SUPER SKRULL/KL'RT, LORD CHAOS, HULK/DR. ROBERT BRUC, WASP/JANET VAN DYNE , MIDNIGHT/M'NAI, AGAMOTTO, HUMAN TORCH/JOHNNY S, NOVA/RICHARD RIDER, ANGEL/WARREN KENNETH, SPEEDBALL/ROBBIE BAL, WONDER MAN/SIMON WIL, RINTRAH, TIGRA/GREER NELSON, CAPTAIN AMERICA, CLEA, MARVEL GIRL/JEAN GRE, PIP/PRINCE GOFERN, UATU, CHANG, IMEI, NOVA II/FRANKIE RAYE, VISION , MOLECULE MAN/OWEN RE, PSYLOCKE/ELISABETH B, CONTEMPLATOR/TATH KI, SCARLET WITCH/WANDA , INVISIBLE WOMAN/SUE , JARVIS, EDWIN , BLESSING, MORGANA, THING/BENJAMIN J. GR, MASTER ORDER, KISMET/J'RIDIA STARD, DR. DOOM/VICTOR VON , BEAST/HENRY &HANK& P, ETERNITY/ADAM QADMON, CYCLOPS/SCOTT SUMMER, WOLVERINE/LOGAN , SHE-HULK/JENNIFER WA, SHALLA BAL II, RONAN THE ACCUSER [K, REPTYL, HAWK, DEATH, STRANGER, GHOST RIDER III/DAN , BLACK PANTHER/T'CHAL, IN-BETWEENER, THOR/DR. DONALD BLAK"
HAWK,"QUICKSILVER/PIETRO M, CARPENTER, RACHEL, IRON MAN/TONY STARK , MOON KNIGHT/MARC SPE, SIF, JOCASTA, MACHETE/FERDINAND LO, COLLINS, DEMITRIUS, LOKI [ASGARDIAN], GALACTUS/GALAN, MOCKINGBIRD/DR. BARB, CASE, COL. PRESTON, VOLLA, BRADLEY, HANK, DAZZLER II/ALLISON B, CARPENTER, LARRY, THOR/DR. DONALD BLAK, SANDMAN/WILLIAM BAKE, KINCAID, DR. JANE FO, HELA [ASGARDIAN], SONIC, LORD CHAOS, MOONDRAGON/HEATHER D, SILVER SURFER/NORRIN, WASP/JANET VAN DYNE , ANGEL/WARREN KENNETH, FAIRMONT, AMANDA MAN, COOPER, DR. VALERIE, WONDER MAN/SIMON WIL, SWORDSMAN/JACQUES DU, TIGRA/GREER NELSON, CAPTAIN AMERICA, PERRIKUS, BATROC/GEORGES BATRO, PEREGRINE, LE/FRANCK, ZARAN/MAXIMILLIAN ZA, CHAIN, ANT-MAN/DR. HENRY J., ICEMAN/ROBERT BOBBY , SILVER SABLE, CLEMSON, MIKE, VISION , HERCULES [GREEK GOD], SCARLET WITCH/WANDA , JARVIS, EDWIN , GRASP, SPIDER-WOMAN II/JULI, BEAST/HENRY &HANK& P, DESTROYER III, RED SKULL II/ALBERT , IRON MAN IV/JAMES R., TRICKSHOT, FAIRMONT, HANNAH, BLACK PANTHER/T'CHAL, BLACK WIDOW/NATASHA "
LORD CHAOS,"QUICKSILVER/PIETRO M, NIGHT THRASHER/DUANE, ARCANNA/ARCANNA JONE, MR. FANTASTIC/REED R, JUBILEE/JUBILATION L, IRON MAN/TONY STARK , STORM/ORORO MUNROE S, OBLIVION, MAELSTROM/MALCOLM ST, PUNISHER II/FRANK CA, GALACTUS/GALAN, MOCKINGBIRD/DR. BARB, EON, ANDROMEDA/ANDROMEDA , DR. STRANGE/STEPHEN , THUNDERSTRIKE/ERIC K, DEATHLOK III/MICHAEL, KRONOS, INFINITY II, GARFIELD, MURRAY, MOONDRAGON/HEATHER D, RED GUARDIAN III/DR., SILVER SURFER/NORRIN, WASP/JANET VAN DYNE , HULK/DR. ROBERT BRUC, WHIZZER II/STANLEY S, NOVA/RICHARD RIDER, ANGEL/WARREN KENNETH, SERGEI, SPEEDBALL/ROBBIE BAL, WONDER MAN/SIMON WIL, TIGRA/GREER NELSON, CAPTAIN AMERICA, QUASAR III/WENDELL V, HYPERION, MARVEL GIRL/JEAN GRE, POWER PRINCESS/ZARDA, BALLANTINE, KAYLA, GARGOYLE II/ISAAC CH, UATU, JACK OF HEARTS/JACK , VISION , PSYLOCKE/ELISABETH B, SHAPE, SCARLET WITCH/WANDA , INVISIBLE WOMAN/SUE , LADY LARK/LINDA LEWI, TANAKA, KENJIRO, MASTER ORDER, KISMET/J'RIDIA STARD, THING/BENJAMIN J. GR, MAKKARI/MIKE KHARY/I, BEAST/HENRY &HANK& P, ETERNITY/ADAM QADMON, CYCLOPS/SCOTT SUMMER, WOLVERINE/LOGAN , SHE-HULK/JENNIFER WA, DR. SPECTRUM/JOSEPH , HAWK, DEATH, GHOST RIDER III/DAN , BLACK PANTHER/T'CHAL, IN-BETWEENER"
SCARLET WITCH/WANDA ,"CASE, COL. PRESTON, MOCKINGBIRD/DR. BARB, ANDROMEDA/ANDROMEDA , FIRELORD/PYREUS KRIL, MOONDRAGON/HEATHER D, TOPAZ, HUMAN TORCH/JOHNNY S, ANELLE, CLEA, WOLFE, SARA, PIP/PRINCE GOFERN, UATU, DR. DRUID/ANTHONY LU, GAMORA, PSYLOCKE/ELISABETH B, MASTER ORDER, BEAST/HENRY &HANK& P, SHE-HULK/JENNIFER WA, ZELDA, GHOST RIDER III/DAN , RICHARDS, FRANKLIN B, STINGER II/, STARFOX/EROS, COLLINS, DEMITRIUS, OBLIVION, GALACTUS/GALAN, VOLLA, MASTERS, ALICIA REIS, THUNDERSTRIKE/ERIC K, KINCAID, DR. JANE FO, BARON BLOOD II/VICTO, SILVER SURFER/NORRIN, ANGEL/WARREN KENNETH, FAIRMONT, AMANDA MAN, WONDER MAN/SIMON WIL, TIGRA/GREER NELSON, ICEMAN/ROBERT BOBBY , WONG, KISMET/J'RIDIA STARD, DESTROYER III, ETERNITY/ADAM QADMON, CYCLOPS/SCOTT SUMMER, BLACK PANTHER/T'CHAL, QUICKSILVER/PIETRO M, NIGHT THRASHER/DUANE, MOON KNIGHT/MARC SPE, IRON MAN/TONY STARK , JOCASTA, WARLOCK II/ADAM WARL, PUNISHER II/FRANK CA, LOKI [ASGARDIAN], BRADLEY, HANK, DRAX/ARTHUR DOUGLAS, INFINITY II, LORD CHAOS, HULK/DR. ROBERT BRUC, ROBERTS, TED, SPEEDBALL/ROBBIE BAL, PERRIKUS, ANT-MAN/DR. HENRY J., CHANG, IMEI, NOVA II/FRANKIE RAYE, VISION , INVISIBLE WOMAN/SUE , BLESSING, MORGANA, THING/BENJAMIN J. GR, DR. DOOM/VICTOR VON , CERBERUS, WOLVERINE/LOGAN , HAWK, MIMIC/CALVIN RANKIN, FAIRMONT, HANNAH, CAPTAIN MARVEL II/MO, PUPPET MASTER/PHILLI, PROFESSOR X/CHARLES , IN-BETWEENER, BLACK WIDOW/NATASHA , MR. FANTASTIC/REED R, JUBILEE/JUBILATION L, SIF, STORM/ORORO MUNROE S, GRIMM, JAKE, DAZZLER II/ALLISON B, DR. STRANGE/STEPHEN , DEATHLOK III/MICHAEL, HELA [ASGARDIAN], WASP/JANET VAN DYNE , NOVA/RICHARD RIDER, RINTRAH, CAPTAIN AMERICA, MARVEL GIRL/JEAN GRE, HERCULES [GREEK GOD], ANNIHILUS, JARVIS, EDWIN , CANTOR, VERA, SPIDER-MAN/PETER PAR, DEATH, THOR/DR. DONALD BLAK"
QUICKSILVER/PIETRO M,"ARCANNA/ARCANNA JONE, IRON MAN/TONY STARK , RUNNER, GALACTUS/GALAN, MOCKINGBIRD/DR. BARB, CRYSTAL [INHUMAN], EON, WHIZZER III/JAMES SA, BLACK RACER/, LOCKJAW [INHUMAN], LORD CHAOS, SILVER SURFER/NORRIN, WASP/JANET VAN DYNE , HULK/DR. ROBERT BRUC, FLASH/BARRY ALLEN/BU, ROBERTS, TED, WHIZZER II/STANLEY S, BANNER, BETTY ROSS T, ANGEL/WARREN KENNETH, TIGRA/GREER NELSON, TRITON, QUASAR III/WENDELL V, HYPERION, MARVEL GIRL/JEAN GRE, GORGON [INHUMAN], POWER PRINCESS/ZARDA, BALLANTINE, KAYLA, ICEMAN/ROBERT BOBBY , KARNAK [INHUMAN], SHAPE, SCARLET WITCH/WANDA , TANAKA, KENJIRO, LADY LARK/LINDA LEWI, BLACK BOLT/BLACKANTO, MAKKARI/MIKE KHARY/I, CANTOR, VERA, BEAST/HENRY &HANK& P, CYCLOPS/SCOTT SUMMER, DR. SPECTRUM/JOSEPH , HAWK, MIMIC/CALVIN RANKIN, SPIDER-MAN/PETER PAR, SUPER SABRE/MARTIN F, CAPTAIN MARVEL II/MO, PUPPET MASTER/PHILLI, PROFESSOR X/CHARLES , ZELDA"
UATU,"NIGHT THRASHER/DUANE, MR. FANTASTIC/REED R, JUBILEE/JUBILATION L, IRON MAN/TONY STARK , STORM/ORORO MUNROE S, OBLIVION, VIBRAXAS/N'KANO, PUNISHER II/FRANK CA, GALACTUS/GALAN, BLACK CAT/FELICIA HA, ANT-MAN II/SCOTT HAR, ANDROMEDA/ANDROMEDA , THUNDERSTRIKE/ERIC K, DEATHLOK III/MICHAEL, INFINITY II, LORD CHAOS, SILVER SURFER/NORRIN, HULK/DR. ROBERT BRUC, HUMAN TORCH/JOHNNY S, NOVA/RICHARD RIDER, ANGEL/WARREN KENNETH, WONDER MAN/SIMON WIL, SPEEDBALL/ROBBIE BAL, KRISTOFF/KRISTOFF VE, CAPTAIN AMERICA, WATSON-PARKER, MARY , MARVEL GIRL/JEAN GRE, HUNTARA/MARY ELIZABE, RICHARDS, NATHANIEL, VISION , JAMESON, J. JONAH, PSYLOCKE/ELISABETH B, SCARLET WITCH/WANDA , INVISIBLE WOMAN/SUE , PSI-LORD/FRANKLIN BE, MASTER ORDER, KISMET/J'RIDIA STARD, THING/BENJAMIN J. GR, DEVLOR, BEAST/HENRY &HANK& P, ETERNITY/ADAM QADMON, WOLVERINE/LOGAN , CYCLOPS/SCOTT SUMMER, SHE-HULK/JENNIFER WA, SPIDER-MAN/PETER PAR, LYJA LAZERFIST [SKRU, DEATH, GHOST RIDER III/DAN , BLACK PANTHER/T'CHAL, IN-BETWEENER"
CAPTAIN AMERICA,"CARTER, SHARON, ZARRKO, ARTHUR, KNIGHT ERRANT/MATSON, DR. OCTOPUS/OTTO OCT, HUMAN TORCH ANDROID/, CASE, COL. PRESTON, HUNTER, LANCE, ROSENTHAL, BERNIE, CERISE II [SHI'AR], ANDROMEDA/ANDROMEDA , PROTOCIDE/PRIVATE CL, VULTURE/ADRIAN TOOME, DAREDEVIL/MATT MURDO, PARKER, MAY, THIN MAN/BRUCE DICKS, MOONDRAGON/HEATHER D, RODGERS, MARIANNE, HARDY, MORGAN MACNEI, HUMAN TORCH/JOHNNY S, RAMIREZ, JAVIER, CHURCHILL, SIR WINST, KRISTOFF/KRISTOFF VE, EGGHEAD/PROF. ELIHAS, UATU, IONELLO, JASON, PSYLOCKE/ELISABETH B, KLINE, MR., MASTER ORDER, KLAW/ULYSSES KLAW, BEAST/HENRY &HANK& P, SHE-HULK/JENNIFER WA, THOMAS, COMMANDER DA, GHOST RIDER III/DAN , RICHARDS, FRANKLIN B, STINGER II/, STARFOX/EROS, COLLINS, DEMITRIUS, OBLIVION, ARBOGAST, BAMBI, GALACTUS/GALAN, VOLLA, TERRAX II/TYROS, NIGHTMARE/EDVARD HAB, MASTERS, ALICIA REIS, SHANNA/SHANNA O'HARA, UNION JACK II/BRIAN , UNION JACK/LORD MONT, THUNDERSTRIKE/ERIC K, SANDMAN/WILLIAM BAKE, KINCAID, DR. JANE FO, SILVER SURFER/NORRIN, KA-ZAR/KEVIN PLUNDER, ANGEL/WARREN KENNETH, FAIRMONT, AMANDA MAN, WONDER MAN/SIMON WIL, TIGRA/GREER NELSON, BROMWELL, DR., GHOST RIDER II/JOHNN, ICEMAN/ROBERT BOBBY , WONG, SCARLET WITCH/WANDA , KISMET/J'RIDIA STARD, HORTON, PROFESSOR PH, RAMIREZ, ALMA, DESTROYER III, ETERNITY/ADAM QADMON, CYCLOPS/SCOTT SUMMER, NIGHT PHANTOM II, STARR, TRIXIE TRISH, LOCKHEED, JACK FROST/, BLACK PANTHER/T'CHAL, NIGHT THRASHER/DUANE, U-MAN/MERRANO, KRIEGHUND, COL., MANNING, DR., MOON KNIGHT/MARC SPE, IRON MAN/TONY STARK , JOCASTA, PUNISHER II/FRANK CA, LOKI [ASGARDIAN], BRADLEY, HANK, FERRARI, CONNIE, DRAX/ARTHUR DOUGLAS, GREEN GOBLIN/NORMAN , WHIZZER/ROBERT L. FR, FURY, COL. NICHOLAS , PRENTISS, BETTY DEAN, GLADIATOR II, SUNDOWN/DR. DAVE LOW, SUB-MARINER/NAMOR MA, FITZPATRICK, WILL, INFINITY II, GUARDSMAN/KEVIN O'BR, LORD CHAOS, HULK/DR. ROBERT BRUC, STANKOWICZ, FABIAN, DRACULA/VLAD TEPES, MCKEEVER, TINY, SPEEDBALL/ROBBIE BAL, DEAN, BETTY, WATSON, ANNA, GEORGE, DAVID LLOYD, PERRIKUS, SHADOWCAT/KATHERINE , CALLAGHAN, JAMES, ANT-MAN/DR. HENRY J., MEGGAN, LEEDS, NED, NOVA II/FRANKIE RAYE, VISION , JAMESON, J. JONAH, MOLECULE MAN/OWEN RE, INVISIBLE WOMAN/SUE , THOMPSON, EUGENE FLA, THING/BENJAMIN J. GR, RED SKULL/JOHANN SCH, DR. DOOM/VICTOR VON , WOLVERINE/LOGAN , ICON/DR. U'MBAYA A'K, HAWK, KRAVEN THE HUNTER/SE, FAIRMONT, HANNAH, CAPTAIN MARVEL II/MO, NIGHTCRAWLER/KURT WA, IN-BETWEENER, BLACK WIDOW/NATASHA , MR. FANTASTIC/REED R, JUBILEE/JUBILATION L, SIF, STORM/ORORO MUNROE S, ZABU, SPITFIRE/LADY JACQUE, DAZZLER II/ALLISON B, CHAKARA, MADAN, TORO/TOM RAYMOND, BILLUPS, AGENT, OSBORN, LIZ ALLAN, DR. STRANGE/STEPHEN , DEATHLOK III/MICHAEL, PATRIOT/JEFF MACE, BRADDOCK, JAMES JR. , BARON BLOOD/JOHN FAL, HELA [ASGARDIAN], MOSLEY, WARDEN, WASP/JANET VAN DYNE , NOVA/RICHARD RIDER, SOUTHERN, CANDY, CAPTAIN BRITAIN/BRIA, MISS AMERICA/MADELIN, DUGAN, TIMOTHY ALOYI, MARVEL GIRL/JEAN GRE, BATROC/GEORGES BATRO, RED RAVEN, BUCKY/BUCKY BARNES, BARON STRUCKER/WOLFG, MANIPULATOR/, HERCULES [GREEK GOD], LEEDS, BETTY BRANT, ANNIHILUS, CHAKARA, KANU, JARVIS, EDWIN , COUNT NEFARIA, LUCHI, BLUE DIAMOND/PROFESS, PLUNDER, ADAM KYLE M, SPIDER-MAN/PETER PAR, IRON MAN IV/JAMES R., DEATH, HOGAN, HAROLD J. HAP, THOR/DR. DONALD BLAK"
THUNDERSTRIKE/ERIC K,"NIGHT THRASHER/DUANE, MR. FANTASTIC/REED R, JUBILEE/JUBILATION L, IRON MAN/TONY STARK , STORM/ORORO MUNROE S, OBLIVION, PUNISHER II/FRANK CA, GALACTUS/GALAN, ANDROMEDA/ANDROMEDA , DEATHLOK III/MICHAEL, INFINITY II, LORD CHAOS, HULK/DR. ROBERT BRUC, SILVER SURFER/NORRIN, NOVA/RICHARD RIDER, ANGEL/WARREN KENNETH, SPEEDBALL/ROBBIE BAL, WONDER MAN/SIMON WIL, CAPTAIN AMERICA, MARVEL GIRL/JEAN GRE, UATU, VISION , PSYLOCKE/ELISABETH B, SCARLET WITCH/WANDA , INVISIBLE WOMAN/SUE , THING/BENJAMIN J. GR, MASTER ORDER, KISMET/J'RIDIA STARD, BEAST/HENRY &HANK& P, ETERNITY/ADAM QADMON, CYCLOPS/SCOTT SUMMER, WOLVERINE/LOGAN , SHE-HULK/JENNIFER WA, DEATH, GHOST RIDER III/DAN , BLACK PANTHER/T'CHAL, IN-BETWEENER"
WONDER MAN/SIMON WIL,"NIGHT THRASHER/DUANE, MR. FANTASTIC/REED R, JUBILEE/JUBILATION L, IRON MAN/TONY STARK , STORM/ORORO MUNROE S, OBLIVION, MOON KNIGHT/MARC SPE, JOCASTA, PHOENIX III/RACHEL S, PUNISHER II/FRANK CA, GALACTUS/GALAN, REJECT/RAN-SAK [DEVI, WIDGET, STINGER II/, EON, ANDROMEDA/ANDROMEDA , DAZZLER II/ALLISON B, THOR/DR. DONALD BLAK, USAGENT/CAPTAIN JOHN, THUNDERSTRIKE/ERIC K, DEATHLOK III/MICHAEL, MODRED THE MYSTIC, INFINITY II, MOONDRAGON/HEATHER D, LORD CHAOS, HULK/DR. ROBERT BRUC, SILVER SURFER/NORRIN, WASP/JANET VAN DYNE , NOVA/RICHARD RIDER, ANGEL/WARREN KENNETH, TUTINAX, SPEEDBALL/ROBBIE BAL, CAPTAIN BRITAIN/BRIA, TIGRA/GREER NELSON, CAPTAIN AMERICA, QUASAR III/WENDELL V, MARVEL GIRL/JEAN GRE, ANT-MAN/DR. HENRY J., BALLANTINE, KAYLA, KRO [DEVIANT], MEGGAN, ICEMAN/ROBERT BOBBY , UATU, VISION , MANIPULATOR/, PSYLOCKE/ELISABETH B, HERCULES [GREEK GOD], SCARLET WITCH/WANDA , BLOOD BROTHERS, INVISIBLE WOMAN/SUE , JARVIS, EDWIN , TANAKA, KENJIRO, THING/BENJAMIN J. GR, MASTER ORDER, KISMET/J'RIDIA STARD, MAKKARI/MIKE KHARY/I, BEAST/HENRY &HANK& P, ETERNITY/ADAM QADMON, CYCLOPS/SCOTT SUMMER, WOLVERINE/LOGAN , SHE-HULK/JENNIFER WA, HAWK, DEATH, GHOST RIDER III/DAN , ELO, MASTER ELO, BLACK PANTHER/T'CHAL, NIGHTCRAWLER/KURT WA, IN-BETWEENER, BLACK WIDOW/NATASHA "
DEATHLOK III/MICHAEL,"NIGHT THRASHER/DUANE, MR. FANTASTIC/REED R, JUBILEE/JUBILATION L, IRON MAN/TONY STARK , STORM/ORORO MUNROE S, OBLIVION, PUNISHER II/FRANK CA, GALACTUS/GALAN, ANDROMEDA/ANDROMEDA , THUNDERSTRIKE/ERIC K, INFINITY II, LORD CHAOS, HULK/DR. ROBERT BRUC, SILVER SURFER/NORRIN, NOVA/RICHARD RIDER, ANGEL/WARREN KENNETH, SPEEDBALL/ROBBIE BAL, WONDER MAN/SIMON WIL, CAPTAIN AMERICA, MARVEL GIRL/JEAN GRE, UATU, VISION , PSYLOCKE/ELISABETH B, SCARLET WITCH/WANDA , INVISIBLE WOMAN/SUE , THING/BENJAMIN J. GR, MASTER ORDER, KISMET/J'RIDIA STARD, BEAST/HENRY &HANK& P, ETERNITY/ADAM QADMON, CYCLOPS/SCOTT SUMMER, WOLVERINE/LOGAN , SHE-HULK/JENNIFER WA, DEATH, GHOST RIDER III/DAN , BLACK PANTHER/T'CHAL, IN-BETWEENER"
OBLIVION,"NIGHT THRASHER/DUANE, MR. FANTASTIC/REED R, JUBILEE/JUBILATION L, IRON MAN/TONY STARK , STORM/ORORO MUNROE S, PUNISHER II/FRANK CA, GALACTUS/GALAN, ANDROMEDA/ANDROMEDA , THUNDERSTRIKE/ERIC K, DEATHLOK III/MICHAEL, INFINITY II, LORD CHAOS, HULK/DR. ROBERT BRUC, SILVER SURFER/NORRIN, NOVA/RICHARD RIDER, ANGEL/WARREN KENNETH, SPEEDBALL/ROBBIE BAL, WONDER MAN/SIMON WIL, CAPTAIN AMERICA, MARVEL GIRL/JEAN GRE, UATU, VISION , PSYLOCKE/ELISABETH B, SCARLET WITCH/WANDA , INVISIBLE WOMAN/SUE , THING/BENJAMIN J. GR, MASTER ORDER, KISMET/J'RIDIA STARD, BEAST/HENRY &HANK& P, ETERNITY/ADAM QADMON, CYCLOPS/SCOTT SUMMER, WOLVERINE/LOGAN , SHE-HULK/JENNIFER WA, DEATH, GHOST RIDER III/DAN , BLACK PANTHER/T'CHAL, IN-BETWEENER"
WOLVERINE/LOGAN ,"HAWKSHAW, ANDROMEDA/ANDROMEDA , S'YM, ROGUE /, N'ASTIRH, VANISHER, UATU, PSYLOCKE/ELISABETH B, MASTER ORDER, ARIZE, BEAST/HENRY &HANK& P, RANSOME, JENNIFER AM, SHE-HULK/JENNIFER WA, GHOST RIDER III/DAN , OBLIVION, MALICE IV, GALACTUS/GALAN, THUNDERSTRIKE/ERIC K, MAGNETO/MAGNUS/ERIC , CONOVER, REV. WILLIA, MR. SINISTER/NATHAN , SILVER SURFER/NORRIN, HAVOK/ALEX SUMMERS , ANGEL/WARREN KENNETH, WONDER MAN/SIMON WIL, WARLOCK III, MAGOG II, FORGE, GOG III, SCARLET WITCH/WANDA , WIPEOUT, KISMET/J'RIDIA STARD, ETERNITY/ADAM QADMON, CYCLOPS/SCOTT SUMMER, BLACK PANTHER/T'CHAL, NIGHT THRASHER/DUANE, IRON MAN/TONY STARK , MAGIK/ILLYANA RASPUT, PUNISHER II/FRANK CA, INFINITY II, LORD CHAOS, HULK/DR. ROBERT BRUC, SUMMERS, MADELYNE MA, TILBY, TRISH/PATRICI, MOREAU, DAVID, PIPELINE/CORMICK GRI, CONOVER, HANNAH, SPEEDBALL/ROBBIE BAL, WOLFSBANE/RAHNE SINC, MIRAGE II/DANIELLE M, VISION , INVISIBLE WOMAN/SUE , SUNSPOT/ROBERTO DACO, THING/BENJAMIN J. GR, NIGHTCRAWLER/KURT WA, PROFESSOR X/CHARLES , IN-BETWEENER, MAJOR DOMO, MR. FANTASTIC/REED R, JUBILEE/JUBILATION L, STORM/ORORO MUNROE S, GATEWAY, DAZZLER II/ALLISON B, MOJO, DEATHLOK III/MICHAEL, LONGSHOT, GAMBIT/REMY LEBEAU , NOVA/RICHARD RIDER, CANNONBALL II/SAM GU, QUARK, CAPTAIN AMERICA, MARVEL GIRL/JEAN GRE, COLOSSUS II/PETER RA, HERCULES [GREEK GOD], PUNCHOUT, SUMMERS, NATHAN CHRI, DEATH, POLARIS/LORNA DANE, MOREAU, PHILLIP"
SHE-HULK/JENNIFER WA,"NIGHT THRASHER/DUANE, STARFOX/EROS, MR. FANTASTIC/REED R, JUBILEE/JUBILATION L, IRON MAN/TONY STARK , STORM/ORORO MUNROE S, OBLIVION, PUNISHER II/FRANK CA, GALACTUS/GALAN, ANDROMEDA/ANDROMEDA , MASTERS, ALICIA REIS, THUNDERSTRIKE/ERIC K, DEATHLOK III/MICHAEL, INFINITY II, LORD CHAOS, HULK/DR. ROBERT BRUC, SILVER SURFER/NORRIN, WASP/JANET VAN DYNE , HUMAN TORCH/JOHNNY S, NOVA/RICHARD RIDER, ANGEL/WARREN KENNETH, SPEEDBALL/ROBBIE BAL, WONDER MAN/SIMON WIL, CAPTAIN AMERICA, MARVEL GIRL/JEAN GRE, UATU, NOVA II/FRANKIE RAYE, VISION , PSYLOCKE/ELISABETH B, ANNIHILUS, SCARLET WITCH/WANDA , INVISIBLE WOMAN/SUE , THING/BENJAMIN J. GR, MASTER ORDER, KISMET/J'RIDIA STARD, BEAST/HENRY &HANK& P, ETERNITY/ADAM QADMON, CYCLOPS/SCOTT SUMMER, WOLVERINE/LOGAN , DEATH, GHOST RIDER III/DAN , RICHARDS, FRANKLIN B, CAPTAIN MARVEL II/MO, BLACK PANTHER/T'CHAL, IN-BETWEENER, THOR/DR. DONALD BLAK"
VISION ,"NIGHT THRASHER/DUANE, STARFOX/EROS, MR. FANTASTIC/REED R, JUBILEE/JUBILATION L, IRON MAN/TONY STARK , STORM/ORORO MUNROE S, OBLIVION, JOCASTA, MOON KNIGHT/MARC SPE, GRIMM, JAKE, PUNISHER II/FRANK CA, GALACTUS/GALAN, ANDROMEDA/ANDROMEDA , DAZZLER II/ALLISON B, MASTERS, ALICIA REIS, THUNDERSTRIKE/ERIC K, DEATHLOK III/MICHAEL, INFINITY II, MOONDRAGON/HEATHER D, LORD CHAOS, HULK/DR. ROBERT BRUC, SILVER SURFER/NORRIN, WASP/JANET VAN DYNE , HUMAN TORCH/JOHNNY S, NOVA/RICHARD RIDER, ANGEL/WARREN KENNETH, ANELLE, SPEEDBALL/ROBBIE BAL, WONDER MAN/SIMON WIL, TIGRA/GREER NELSON, CAPTAIN AMERICA, MARVEL GIRL/JEAN GRE, BLACK WIDOW/NATASHA , ANT-MAN/DR. HENRY J., ICEMAN/ROBERT BOBBY , UATU, NOVA II/FRANKIE RAYE, PSYLOCKE/ELISABETH B, HERCULES [GREEK GOD], SCARLET WITCH/WANDA , ANNIHILUS, INVISIBLE WOMAN/SUE , JARVIS, EDWIN , STINGER II/, THING/BENJAMIN J. GR, MASTER ORDER, KISMET/J'RIDIA STARD, BEAST/HENRY &HANK& P, ETERNITY/ADAM QADMON, CYCLOPS/SCOTT SUMMER, WOLVERINE/LOGAN , SHE-HULK/JENNIFER WA, HAWK, DEATH, GHOST RIDER III/DAN , RICHARDS, FRANKLIN B, CAPTAIN MARVEL II/MO, BLACK PANTHER/T'CHAL, IN-BETWEENER, THOR/DR. DONALD BLAK"
PSYLOCKE/ELISABETH B,"HAWKSHAW, HUNTER, LANCE, ANDROMEDA/ANDROMEDA , S'YM, ROGUE /, N'ASTIRH, UATU, MASTER ORDER, ARIZE, BEAST/HENRY &HANK& P, RANSOME, JENNIFER AM, SHE-HULK/JENNIFER WA, GHOST RIDER III/DAN , TANNER, JACKO, OBLIVION, MALICE IV, GALACTUS/GALAN, THUNDERSTRIKE/ERIC K, MAGNETO/MAGNUS/ERIC , CONOVER, REV. WILLIA, MR. SINISTER/NATHAN , FRASER, DET. KATE, SILVER SURFER/NORRIN, HAVOK/ALEX SUMMERS , ANGEL/WARREN KENNETH, WONDER MAN/SIMON WIL, WARLOCK III, MAGOG II, FORGE, GOG III, SCARLET WITCH/WANDA , WIPEOUT, KISMET/J'RIDIA STARD, ETERNITY/ADAM QADMON, CYCLOPS/SCOTT SUMMER, BLACK PANTHER/T'CHAL, NIGHT THRASHER/DUANE, IRON MAN/TONY STARK , MAGIK/ILLYANA RASPUT, PUNISHER II/FRANK CA, FURY, COL. NICHOLAS , INFINITY II, LORD CHAOS, HULK/DR. ROBERT BRUC, SUMMERS, MADELYNE MA, TILBY, TRISH/PATRICI, MOREAU, DAVID, PIPELINE/CORMICK GRI, CONOVER, HANNAH, SPEEDBALL/ROBBIE BAL, WOLFSBANE/RAHNE SINC, CALLAGHAN, JAMES, MIRAGE II/DANIELLE M, VISION , INVISIBLE WOMAN/SUE , SUNSPOT/ROBERTO DACO, THING/BENJAMIN J. GR, RED SKULL/JOHANN SCH, WOLVERINE/LOGAN , PROFESSOR X/CHARLES , IN-BETWEENER, MAJOR DOMO, MR. FANTASTIC/REED R, JUBILEE/JUBILATION L, STORM/ORORO MUNROE S, GATEWAY, DAZZLER II/ALLISON B, DR. SYNNE, MOJO, DEATHLOK III/MICHAEL, BRADDOCK, JAMES JR. , LONGSHOT, GAMBIT/REMY LEBEAU , NOVA/RICHARD RIDER, CANNONBALL II/SAM GU, QUARK, CAPTAIN BRITAIN/BRIA, CAPTAIN AMERICA, MARVEL GIRL/JEAN GRE, COLOSSUS II/PETER RA, ROSS, COURTNEY, PUNCHOUT, SUMMERS, NATHAN CHRI, DEATH, POLARIS/LORNA DANE, MOREAU, PHILLIP"
MARVEL GIRL/JEAN GRE,"EL TIGRE, ARISHEM [CELESTIAL], ZIRAN, ANDROMEDA/ANDROMEDA , ROGUE /, DAREDEVIL/MATT MURDO, HENDERSHOOT, COLONEL, PARKER, MAY, LOCUST, HUMAN TORCH/JOHNNY S, SCARECROW/EBENEZER L, UATU, WILSON, JIM, IONELLO, JASON, PSYLOCKE/ELISABETH B, MASTER ORDER, BEAST/HENRY &HANK& P, GAMMENON [CELESTIAL], SHE-HULK/JENNIFER WA, GHOST RIDER III/DAN , ARMBRUSTER, COLONEL , KUKULCAN/VIRAKO/QUET, OBLIVION, GALACTUS/GALAN, FREDERICKS, GENERAL, THOR/DR. DONALD BLAK, THUNDERSTRIKE/ERIC K, SILVER SURFER/NORRIN, EEL/LEOPOLD STRYKE, HAVOK/ALEX SUMMERS , ANGEL/WARREN KENNETH, SUPER-ADAPTOID/ALESS, UNUS THE UNTOUCHABLE, WONDER MAN/SIMON WIL, OGRE, ICEMAN/ROBERT BOBBY , WONG, SCARLET WITCH/WANDA , LUCIFER, KISMET/J'RIDIA STARD, ETERNITY/ADAM QADMON, CYCLOPS/SCOTT SUMMER, UNICORN/MYLOS MASARY, BLACK PANTHER/T'CHAL, QUICKSILVER/PIETRO M, NIGHT THRASHER/DUANE, IRON MAN/TONY STARK , PUNISHER II/FRANK CA, BLOB/FRED J. DUKES, GREEN GOBLIN/NORMAN , SUPREME ONE, SUNDOWN/DR. DAVE LOW, SUB-MARINER/NAMOR MA, PLANTMAN/SAM SMITHER, INFINITY II, LORD CHAOS, HULK/DR. ROBERT BRUC, SUMMERS, MADELYNE MA, TILBY, TRISH/PATRICI, ROBERTS, TED, MCKEEVER, TINY, BANSHEE/SEAN CASSIDY, SPEEDBALL/ROBBIE BAL, ANT-MAN/DR. HENRY J., VISION , JAMESON, J. JONAH, INVISIBLE WOMAN/SUE , THOMPSON, EUGENE FLA, THING/BENJAMIN J. GR, WOLVERINE/LOGAN , JUGGERNAUT/CAIN MARK, MIMIC/CALVIN RANKIN, PUPPET MASTER/PHILLI, PROFESSOR X/CHARLES , IN-BETWEENER, MR. FANTASTIC/REED R, JUBILEE/JUBILATION L, STORM/ORORO MUNROE S, PORCUPINE/ALEX GENTR, GATEWAY, DAZZLER II/ALLISON B, OSBORN, LIZ ALLAN, DR. STRANGE/STEPHEN , DEATHLOK III/MICHAEL, LONGSHOT, TOLOC, WASP/JANET VAN DYNE , NOVA/RICHARD RIDER, CORBEAU, DR. PETER, BANNER, BETTY ROSS T, CAPTAIN AMERICA, RAMON, COLOSSUS II/PETER RA, PENANCE/MONET ST. CR, LEEDS, BETTY BRANT, ONE ABOVE ALL [CELES, COUNT NEFARIA, LUCHI, CANTOR, VERA, DOMINUS, ROSS, GEN. THADDEUS , POLARIS/LORNA DANE, DEATH, SUMMERS, NATHAN CHRI, SPIDER-MAN/PETER PAR, HOGAN, HAROLD J. HAP, ZELDA"
STORM/ORORO MUNROE S,"HAWKSHAW, ANDROMEDA/ANDROMEDA , S'YM, ROGUE /, N'ASTIRH, VANISHER, UATU, PSYLOCKE/ELISABETH B, MASTER ORDER, BEAST/HENRY &HANK& P, RANSOME, JENNIFER AM, SHE-HULK/JENNIFER WA, GHOST RIDER III/DAN , OBLIVION, MALICE IV, GALACTUS/GALAN, THUNDERSTRIKE/ERIC K, MAGNETO/MAGNUS/ERIC , CONOVER, REV. WILLIA, MR. SINISTER/NATHAN , SILVER SURFER/NORRIN, HAVOK/ALEX SUMMERS , KAUR, BENAZIR, ANGEL/WARREN KENNETH, WONDER MAN/SIMON WIL, WARLOCK III, BISHOP /, KINE, BENEDICT, SCARLET WITCH/WANDA , WIPEOUT, KISMET/J'RIDIA STARD, ETERNITY/ADAM QADMON, CYCLOPS/SCOTT SUMMER, BLACK PANTHER/T'CHAL, NIGHT THRASHER/DUANE, IRON MAN/TONY STARK , MAGIK/ILLYANA RASPUT, PUNISHER II/FRANK CA, INFINITY II, LORD CHAOS, HULK/DR. ROBERT BRUC, SUMMERS, MADELYNE MA, TILBY, TRISH/PATRICI, MOREAU, DAVID, PAYGE, REEVA, PIPELINE/CORMICK GRI, CONOVER, HANNAH, SPEEDBALL/ROBBIE BAL, WOLFSBANE/RAHNE SINC, SHAW, SHINOBI, MIRAGE II/DANIELLE M, VISION , INVISIBLE WOMAN/SUE , SUNSPOT/ROBERTO DACO, THING/BENJAMIN J. GR, WOLVERINE/LOGAN , NIGHTCRAWLER/KURT WA, PROFESSOR X/CHARLES , IN-BETWEENER, MR. FANTASTIC/REED R, JUBILEE/JUBILATION L, GATEWAY, DAZZLER II/ALLISON B, DEATHLOK III/MICHAEL, LONGSHOT, GAMBIT/REMY LEBEAU , NOVA/RICHARD RIDER, CANNONBALL II/SAM GU, CAPTAIN AMERICA, MARVEL GIRL/JEAN GRE, COLOSSUS II/PETER RA, JARVIS, EDWIN , PUNCHOUT, POLARIS/LORNA DANE, DEATH, SUMMERS, NATHAN CHRI, MOREAU, PHILLIP"
ETERNITY/ADAM QADMON,"NIGHT THRASHER/DUANE, MR. FANTASTIC/REED R, JUBILEE/JUBILATION L, IRON MAN/TONY STARK , STORM/ORORO MUNROE S, OBLIVION, WARLOCK II/ADAM WARL, PUNISHER II/FRANK CA, GALACTUS/GALAN, ANDROMEDA/ANDROMEDA , DR. STRANGE/STEPHEN , THUNDERSTRIKE/ERIC K, DEATHLOK III/MICHAEL, BARON BLOOD II/VICTO, INFINITY II, TOPAZ, LORD CHAOS, HULK/DR. ROBERT BRUC, SILVER SURFER/NORRIN, NOVA/RICHARD RIDER, ANGEL/WARREN KENNETH, SPEEDBALL/ROBBIE BAL, WONDER MAN/SIMON WIL, RINTRAH, CAPTAIN AMERICA, CLEA, WOLFE, SARA, MARVEL GIRL/JEAN GRE, PIP/PRINCE GOFERN, UATU, CHANG, IMEI, DR. DRUID/ANTHONY LU, VISION , WONG, GAMORA, PSYLOCKE/ELISABETH B, SCARLET WITCH/WANDA , INVISIBLE WOMAN/SUE , BLESSING, MORGANA, THING/BENJAMIN J. GR, MASTER ORDER, KISMET/J'RIDIA STARD, BEAST/HENRY &HANK& P, CYCLOPS/SCOTT SUMMER, WOLVERINE/LOGAN , SHE-HULK/JENNIFER WA, DEATH, GHOST RIDER III/DAN , BLACK PANTHER/T'CHAL, IN-BETWEENER"
KISMET/J'RIDIA STARD,"NIGHT THRASHER/DUANE, MR. FANTASTIC/REED R, JUBILEE/JUBILATION L, IRON MAN/TONY STARK , STORM/ORORO MUNROE S, OBLIVION, PUNISHER II/FRANK CA, GALACTUS/GALAN, ANDROMEDA/ANDROMEDA , THUNDERSTRIKE/ERIC K, DEATHLOK III/MICHAEL, INFINITY II, LORD CHAOS, HULK/DR. ROBERT BRUC, SILVER SURFER/NORRIN, NOVA/RICHARD RIDER, ANGEL/WARREN KENNETH, SPEEDBALL/ROBBIE BAL, WONDER MAN/SIMON WIL, CAPTAIN AMERICA, MARVEL GIRL/JEAN GRE, UATU, VISION , PSYLOCKE/ELISABETH B, SCARLET WITCH/WANDA , INVISIBLE WOMAN/SUE , THING/BENJAMIN J. GR, MASTER ORDER, BEAST/HENRY &HANK& P, ETERNITY/ADAM QADMON, CYCLOPS/SCOTT SUMMER, WOLVERINE/LOGAN , SHE-HULK/JENNIFER WA, DEATH, GHOST RIDER III/DAN , BLACK PANTHER/T'CHAL, IN-BETWEENER"
IN-BETWEENER,"NIGHT THRASHER/DUANE, MR. FANTASTIC/REED R, JUBILEE/JUBILATION L, IRON MAN/TONY STARK , STORM/ORORO MUNROE S, OBLIVION, PUNISHER II/FRANK CA, GALACTUS/GALAN, ANDROMEDA/ANDROMEDA , THUNDERSTRIKE/ERIC K, DEATHLOK III/MICHAEL, INFINITY II, LORD CHAOS, HULK/DR. ROBERT BRUC, SILVER SURFER/NORRIN, NOVA/RICHARD RIDER, ANGEL/WARREN KENNETH, SPEEDBALL/ROBBIE BAL, WONDER MAN/SIMON WIL, CAPTAIN AMERICA, MARVEL GIRL/JEAN GRE, UATU, VISION , PSYLOCKE/ELISABETH B, SCARLET WITCH/WANDA , INVISIBLE WOMAN/SUE , THING/BENJAMIN J. GR, MASTER ORDER, KISMET/J'RIDIA STARD, BEAST/HENRY &HANK& P, ETERNITY/ADAM QADMON, CYCLOPS/SCOTT SUMMER, WOLVERINE/LOGAN , SHE-HULK/JENNIFER WA, DEATH, GHOST RIDER III/DAN , BLACK PANTHER/T'CHAL"
MR. FANTASTIC/REED R,"DR. OCTOPUS/OTTO OCT, ROSENTHAL, BERNIE, ANDROMEDA/ANDROMEDA , VULTURE/ADRIAN TOOME, INTERLOPER, DAREDEVIL/MATT MURDO, PARKER, MAY, MOONDRAGON/HEATHER D, HUMAN TORCH/JOHNNY S, ANELLE, UATU, IONELLO, JASON, PSYLOCKE/ELISABETH B, MASTER ORDER, BEAST/HENRY &HANK& P, SHE-HULK/JENNIFER WA, GHOST RIDER III/DAN , RICHARDS, FRANKLIN B, BEYONDER, STARFOX/EROS, OBLIVION, NORRISS, SISTER BARB, GALACTUS/GALAN, MASTERS, ALICIA REIS, THUNDERSTRIKE/ERIC K, SANDMAN/WILLIAM BAKE, SILVER SURFER/NORRIN, ANGEL/WARREN KENNETH, WONDER MAN/SIMON WIL, TIGRA/GREER NELSON, BROMWELL, DR., GARGOYLE II/ISAAC CH, ICEMAN/ROBERT BOBBY , WONG, SCARLET WITCH/WANDA , KISMET/J'RIDIA STARD, ETERNITY/ADAM QADMON, CYCLOPS/SCOTT SUMMER, DRAGON OF THE MOON, BLACK PANTHER/T'CHAL, NIGHT THRASHER/DUANE, IRON MAN/TONY STARK , PUNISHER II/FRANK CA, GREEN GOBLIN/NORMAN , GLADIATOR II, SUNDOWN/DR. DAVE LOW, SUB-MARINER/NAMOR MA, INFINITY II, LORD CHAOS, HULK/DR. ROBERT BRUC, MCKEEVER, TINY, SPEEDBALL/ROBBIE BAL, WATSON, ANNA, ANT-MAN/DR. HENRY J., LEEDS, NED, NOVA II/FRANKIE RAYE, VISION , JAMESON, J. JONAH, MOLECULE MAN/OWEN RE, INVISIBLE WOMAN/SUE , THOMPSON, EUGENE FLA, THING/BENJAMIN J. GR, WOLVERINE/LOGAN , KRAVEN THE HUNTER/SE, CAPTAIN MARVEL II/MO, IN-BETWEENER, JUBILEE/JUBILATION L, STORM/ORORO MUNROE S, GRIMM, JAKE, OSBORN, LIZ ALLAN, MANSLAUGHTER, DR. STRANGE/STEPHEN , DEATHLOK III/MICHAEL, WASP/JANET VAN DYNE , NOVA/RICHARD RIDER, SOUTHERN, CANDY, CAPTAIN AMERICA, MARVEL GIRL/JEAN GRE, ANNIHILUS, LEEDS, BETTY BRANT, JARVIS, EDWIN , SPIDER-MAN/PETER PAR, DEATH, HOGAN, HAROLD J. HAP, THOR/DR. DONALD BLAK"
ANGEL/WARREN KENNETH,"EL TIGRE, ARISHEM [CELESTIAL], ZIRAN, ANDROMEDA/ANDROMEDA , INTERLOPER, DAREDEVIL/MATT MURDO, HENDERSHOOT, COLONEL, PARKER, MAY, MOONDRAGON/HEATHER D, LOCUST, HUMAN TORCH/JOHNNY S, SCARECROW/EBENEZER L, UATU, IONELLO, JASON, PSYLOCKE/ELISABETH B, MASTER ORDER, BEAST/HENRY &HANK& P, GAMMENON [CELESTIAL], SHE-HULK/JENNIFER WA, ZELDA, GHOST RIDER III/DAN , BEYONDER, KUKULCAN/VIRAKO/QUET, OBLIVION, NORRISS, SISTER BARB, WORTHINGTON, WARREN , GALACTUS/GALAN, FREDERICKS, GENERAL, THUNDERSTRIKE/ERIC K, SILVER SURFER/NORRIN, EEL/LEOPOLD STRYKE, KAUR, BENAZIR, SUPER-ADAPTOID/ALESS, UNUS THE UNTOUCHABLE, WONDER MAN/SIMON WIL, OGRE, TIGRA/GREER NELSON, GHOST RIDER II/JOHNN, BISHOP /, KINE, BENEDICT, GARGOYLE II/ISAAC CH, ICEMAN/ROBERT BOBBY , WONG, SCARLET WITCH/WANDA , LUCIFER, KISMET/J'RIDIA STARD, ETERNITY/ADAM QADMON, CYCLOPS/SCOTT SUMMER, DRAGON OF THE MOON, UNICORN/MYLOS MASARY, BLACK PANTHER/T'CHAL, QUICKSILVER/PIETRO M, NIGHT THRASHER/DUANE, MOON KNIGHT/MARC SPE, IRON MAN/TONY STARK , JOCASTA, PUNISHER II/FRANK CA, BLOB/FRED J. DUKES, GREEN GOBLIN/NORMAN , SUPREME ONE, SUNDOWN/DR. DAVE LOW, SUB-MARINER/NAMOR MA, PLANTMAN/SAM SMITHER, INFINITY II, LORD CHAOS, HULK/DR. ROBERT BRUC, ROBERTS, TED, PAYGE, REEVA, MCKEEVER, TINY, BANSHEE/SEAN CASSIDY, SPEEDBALL/ROBBIE BAL, SHAW, SHINOBI, CLOUD, ANT-MAN/DR. HENRY J., VISION , JAMESON, J. JONAH, INVISIBLE WOMAN/SUE , THOMPSON, EUGENE FLA, THING/BENJAMIN J. GR, WOLVERINE/LOGAN , HAWK, MIMIC/CALVIN RANKIN, PUPPET MASTER/PHILLI, PROFESSOR X/CHARLES , BLACK WIDOW/NATASHA , WORTHINGTON, KATHRYN, IN-BETWEENER, MR. FANTASTIC/REED R, JUBILEE/JUBILATION L, STAR THIEF II, STORM/ORORO MUNROE S, PORCUPINE/ALEX GENTR, KUBIK, DAZZLER II/ALLISON B, OSBORN, LIZ ALLAN, MANSLAUGHTER, DR. STRANGE/STEPHEN , DEATHLOK III/MICHAEL, TOLOC, WASP/JANET VAN DYNE , GAMBIT/REMY LEBEAU , NOVA/RICHARD RIDER, SOUTHERN, CANDY, CAPTAIN AMERICA, MARVEL GIRL/JEAN GRE, RAMON, PENANCE/MONET ST. CR, HERCULES [GREEK GOD], LEEDS, BETTY BRANT, JARVIS, EDWIN , ONE ABOVE ALL [CELES, COUNT NEFARIA, LUCHI, CANTOR, VERA, DOMINUS, SPIDER-MAN/PETER PAR, SUMMERS, NATHAN CHRI, DEATH, HOGAN, HAROLD J. HAP, THOR/DR. DONALD BLAK"
DEATH,"NIGHT THRASHER/DUANE, MR. FANTASTIC/REED R, JUBILEE/JUBILATION L, IRON MAN/TONY STARK , STORM/ORORO MUNROE S, OBLIVION, GRIMM, JAKE, PUNISHER II/FRANK CA, GALACTUS/GALAN, ANDROMEDA/ANDROMEDA , THUNDERSTRIKE/ERIC K, DEATHLOK III/MICHAEL, INFINITY II, LORD CHAOS, HULK/DR. ROBERT BRUC, SILVER SURFER/NORRIN, HUMAN TORCH/JOHNNY S, NOVA/RICHARD RIDER, ANGEL/WARREN KENNETH, ANELLE, SPEEDBALL/ROBBIE BAL, WONDER MAN/SIMON WIL, CAPTAIN AMERICA, MARVEL GIRL/JEAN GRE, UATU, NOVA II/FRANKIE RAYE, VISION , PSYLOCKE/ELISABETH B, SCARLET WITCH/WANDA , INVISIBLE WOMAN/SUE , THING/BENJAMIN J. GR, MASTER ORDER, KISMET/J'RIDIA STARD, BEAST/HENRY &HANK& P, ETERNITY/ADAM QADMON, CYCLOPS/SCOTT SUMMER, WOLVERINE/LOGAN , SHE-HULK/JENNIFER WA, GHOST RIDER III/DAN , RICHARDS, FRANKLIN B, BLACK PANTHER/T'CHAL, IN-BETWEENER"
MASTER ORDER,"NIGHT THRASHER/DUANE, MR. FANTASTIC/REED R, JUBILEE/JUBILATION L, IRON MAN/TONY STARK , STORM/ORORO MUNROE S, OBLIVION, PUNISHER II/FRANK CA, GALACTUS/GALAN, ANDROMEDA/ANDROMEDA , THUNDERSTRIKE/ERIC K, DEATHLOK III/MICHAEL, INFINITY II, LORD CHAOS, HULK/DR. ROBERT BRUC, SILVER SURFER/NORRIN, NOVA/RICHARD RIDER, ANGEL/WARREN KENNETH, SPEEDBALL/ROBBIE BAL, WONDER MAN/SIMON WIL, CAPTAIN AMERICA, MARVEL GIRL/JEAN GRE, UATU, VISION , PSYLOCKE/ELISABETH B, SCARLET WITCH/WANDA , INVISIBLE WOMAN/SUE , THING/BENJAMIN J. GR, KISMET/J'RIDIA STARD, BEAST/HENRY &HANK& P, ETERNITY/ADAM QADMON, CYCLOPS/SCOTT SUMMER, WOLVERINE/LOGAN , SHE-HULK/JENNIFER WA, DEATH, GHOST RIDER III/DAN , BLACK PANTHER/T'CHAL, IN-BETWEENER"
JUBILEE/JUBILATION L,"NIGHT THRASHER/DUANE, MR. FANTASTIC/REED R, IRON MAN/TONY STARK , STORM/ORORO MUNROE S, OBLIVION, PUNISHER II/FRANK CA, GALACTUS/GALAN, ANDROMEDA/ANDROMEDA , THUNDERSTRIKE/ERIC K, DEATHLOK III/MICHAEL, INFINITY II, LORD CHAOS, HULK/DR. ROBERT BRUC, SILVER SURFER/NORRIN, GAMBIT/REMY LEBEAU , NOVA/RICHARD RIDER, PAYGE, REEVA, KAUR, BENAZIR, ANGEL/WARREN KENNETH, WONDER MAN/SIMON WIL, SPEEDBALL/ROBBIE BAL, CAPTAIN AMERICA, SHAW, SHINOBI, PROFESSOR X/CHARLES , MARVEL GIRL/JEAN GRE, BISHOP /, KINE, BENEDICT, UATU, VISION , PSYLOCKE/ELISABETH B, SCARLET WITCH/WANDA , INVISIBLE WOMAN/SUE , JARVIS, EDWIN , THING/BENJAMIN J. GR, KISMET/J'RIDIA STARD, MASTER ORDER, BEAST/HENRY &HANK& P, ETERNITY/ADAM QADMON, CYCLOPS/SCOTT SUMMER, WOLVERINE/LOGAN , SHE-HULK/JENNIFER WA, DEATH, GHOST RIDER III/DAN , BLACK PANTHER/T'CHAL, IN-BETWEENER"
THING/BENJAMIN J. GR,"DR. OCTOPUS/OTTO OCT, ROSENTHAL, BERNIE, ALRAUNE, MARLENE, ANT-MAN II/SCOTT HAR, ANDROMEDA/ANDROMEDA , VULTURE/ADRIAN TOOME, DAREDEVIL/MATT MURDO, PARKER, MAY, FRENCHIE/JEAN-PAUL D, GARVIN, GEARS, HUMAN TORCH/JOHNNY S, ANELLE, KRISTOFF/KRISTOFF VE, UATU, IONELLO, JASON, PSYLOCKE/ELISABETH B, MASTER ORDER, BEAST/HENRY &HANK& P, SHE-HULK/JENNIFER WA, LYJA LAZERFIST [SKRU, GHOST RIDER III/DAN , RICHARDS, FRANKLIN B, ULTRON, STARFOX/EROS, COLLINS, DEMITRIUS, OBLIVION, DIAMOND, CHUCKY, GALACTUS/GALAN, MASTERS, ALICIA REIS, THUNDERSTRIKE/ERIC K, SANDMAN/WILLIAM BAKE, KINCAID, DR. JANE FO, SILVER SURFER/NORRIN, ANGEL/WARREN KENNETH, WONDER MAN/SIMON WIL, TIGRA/GREER NELSON, BROMWELL, DR., LIVING MUMMY, ICEMAN/ROBERT BOBBY , RICHARDS, NATHANIEL, MACHINE MAN/X-51, WONG, SCARLET WITCH/WANDA , PSI-LORD/FRANKLIN BE, KISMET/J'RIDIA STARD, ETERNITY/ADAM QADMON, CYCLOPS/SCOTT SUMMER, MAJESTON ZELIA, BLACK PANTHER/T'CHAL, SPAULDING, PETER, NIGHT THRASHER/DUANE, MOON KNIGHT/MARC SPE, IRON MAN/TONY STARK , JOCASTA, PUNISHER II/FRANK CA, GREEN GOBLIN/NORMAN , GLADIATOR II, SUNDOWN/DR. DAVE LOW, SUB-MARINER/NAMOR MA, INFINITY II, LORD CHAOS, HULK/DR. ROBERT BRUC, MCKEEVER, TINY, SPEEDBALL/ROBBIE BAL, WATSON, ANNA, PERRIKUS, HUNTARA/MARY ELIZABE, ANT-MAN/DR. HENRY J., LEEDS, NED, NOVA II/FRANKIE RAYE, VISION , JAMESON, J. JONAH, MOLECULE MAN/OWEN RE, INVISIBLE WOMAN/SUE , THOMPSON, EUGENE FLA, KINCAID, DR. KEITH, DEVLOR, WOLVERINE/LOGAN , KRAVEN THE HUNTER/SE, FAIRMONT, HANNAH, CAPTAIN MARVEL II/MO, IN-BETWEENER, MR. FANTASTIC/REED R, JUBILEE/JUBILATION L, VIBRAXAS/N'KANO, STORM/ORORO MUNROE S, GRIMM, JAKE, OSBORN, LIZ ALLAN, DR. STRANGE/STEPHEN , DEATHLOK III/MICHAEL, WASP/JANET VAN DYNE , NOVA/RICHARD RIDER, ADVA, CAPTAIN AMERICA, MARVEL GIRL/JEAN GRE, ANNIHILUS, LEEDS, BETTY BRANT, JARVIS, EDWIN , SPIDER-MAN/PETER PAR, DEATH, HOGAN, HAROLD J. HAP, THOR/DR. DONALD BLAK"
INVISIBLE WOMAN/SUE ,"DR. OCTOPUS/OTTO OCT, ROSENTHAL, BERNIE, ANT-MAN II/SCOTT HAR, ANDROMEDA/ANDROMEDA , VULTURE/ADRIAN TOOME, DAREDEVIL/MATT MURDO, PARKER, MAY, HUMAN TORCH/JOHNNY S, ANELLE, KRISTOFF/KRISTOFF VE, UATU, IONELLO, JASON, PSYLOCKE/ELISABETH B, MASTER ORDER, BEAST/HENRY &HANK& P, SHE-HULK/JENNIFER WA, LYJA LAZERFIST [SKRU, GHOST RIDER III/DAN , RICHARDS, FRANKLIN B, STARFOX/EROS, OBLIVION, GALACTUS/GALAN, MASTERS, ALICIA REIS, THUNDERSTRIKE/ERIC K, SANDMAN/WILLIAM BAKE, SILVER SURFER/NORRIN, ANGEL/WARREN KENNETH, WONDER MAN/SIMON WIL, TIGRA/GREER NELSON, BROMWELL, DR., ICEMAN/ROBERT BOBBY , RICHARDS, NATHANIEL, WONG, SCARLET WITCH/WANDA , PSI-LORD/FRANKLIN BE, KISMET/J'RIDIA STARD, ETERNITY/ADAM QADMON, CYCLOPS/SCOTT SUMMER, BLACK PANTHER/T'CHAL, NIGHT THRASHER/DUANE, IRON MAN/TONY STARK , PUNISHER II/FRANK CA, GREEN GOBLIN/NORMAN , GLADIATOR II, SUNDOWN/DR. DAVE LOW, SUB-MARINER/NAMOR MA, INFINITY II, LORD CHAOS, HULK/DR. ROBERT BRUC, MCKEEVER, TINY, SPEEDBALL/ROBBIE BAL, WATSON, ANNA, HUNTARA/MARY ELIZABE, ANT-MAN/DR. HENRY J., LEEDS, NED, NOVA II/FRANKIE RAYE, VISION , JAMESON, J. JONAH, MOLECULE MAN/OWEN RE, THOMPSON, EUGENE FLA, THING/BENJAMIN J. GR, DEVLOR, WOLVERINE/LOGAN , KRAVEN THE HUNTER/SE, CAPTAIN MARVEL II/MO, IN-BETWEENER, MR. FANTASTIC/REED R, JUBILEE/JUBILATION L, VIBRAXAS/N'KANO, STORM/ORORO MUNROE S, GRIMM, JAKE, OSBORN, LIZ ALLAN, DR. STRANGE/STEPHEN , DEATHLOK III/MICHAEL, WASP/JANET VAN DYNE , NOVA/RICHARD RIDER, CAPTAIN AMERICA, MARVEL GIRL/JEAN GRE, ANNIHILUS, LEEDS, BETTY BRANT, JARVIS, EDWIN , SPIDER-MAN/PETER PAR, DEATH, HOGAN, HAROLD J. HAP, THOR/DR. DONALD BLAK"
INFINITY II,"NIGHT THRASHER/DUANE, MR. FANTASTIC/REED R, JUBILEE/JUBILATION L, IRON MAN/TONY STARK , STORM/ORORO MUNROE S, OBLIVION, PUNISHER II/FRANK CA, GALACTUS/GALAN, ANDROMEDA/ANDROMEDA , THUNDERSTRIKE/ERIC K, DEATHLOK III/MICHAEL, LORD CHAOS, HULK/DR. ROBERT BRUC, SILVER SURFER/NORRIN, NOVA/RICHARD RIDER, ANGEL/WARREN KENNETH, WONDER MAN/SIMON WIL, SPEEDBALL/ROBBIE BAL, CAPTAIN AMERICA, MARVEL GIRL/JEAN GRE, UATU, VISION , PSYLOCKE/ELISABETH B, SCARLET WITCH/WANDA , INVISIBLE WOMAN/SUE , MASTER ORDER, KISMET/J'RIDIA STARD, THING/BENJAMIN J. GR, BEAST/HENRY &HANK& P, ETERNITY/ADAM QADMON, CYCLOPS/SCOTT SUMMER, WOLVERINE/LOGAN , SHE-HULK/JENNIFER WA, DEATH, GHOST RIDER III/DAN , BLACK PANTHER/T'CHAL, IN-BETWEENER"
PUNISHER II/FRANK CA,"NIGHT THRASHER/DUANE, MR. FANTASTIC/REED R, JUBILEE/JUBILATION L, IRON MAN/TONY STARK , STORM/ORORO MUNROE S, OBLIVION, GALACTUS/GALAN, ANDROMEDA/ANDROMEDA , THUNDERSTRIKE/ERIC K, DEATHLOK III/MICHAEL, INFINITY II, LORD CHAOS, HULK/DR. ROBERT BRUC, SILVER SURFER/NORRIN, NOVA/RICHARD RIDER, ANGEL/WARREN KENNETH, WONDER MAN/SIMON WIL, SPEEDBALL/ROBBIE BAL, WATSON, ANNA, CAPTAIN AMERICA, WATSON-PARKER, MARY , MARVEL GIRL/JEAN GRE, UATU, VISION , PSYLOCKE/ELISABETH B, SCARLET WITCH/WANDA , JACKAL/MILES WARREN, INVISIBLE WOMAN/SUE , KAINE, MASTER ORDER, KISMET/J'RIDIA STARD, THING/BENJAMIN J. GR, BEAST/HENRY &HANK& P, ETERNITY/ADAM QADMON, CYCLOPS/SCOTT SUMMER, WOLVERINE/LOGAN , SHE-HULK/JENNIFER WA, SPIDER-MAN/PETER PAR, DEATH, GHOST RIDER III/DAN , BLACK PANTHER/T'CHAL, IN-BETWEENER"
ANDROMEDA/ANDROMEDA ,"NIGHT THRASHER/DUANE, MR. FANTASTIC/REED R, JUBILEE/JUBILATION L, IRON MAN/TONY STARK , STORM/ORORO MUNROE S, OBLIVION, NORRISS, SISTER BARB, STAR THIEF II, PUNISHER II/FRANK CA, GALACTUS/GALAN, KUBIK, INTERLOPER, MANSLAUGHTER, THUNDERSTRIKE/ERIC K, DEATHLOK III/MICHAEL, INFINITY II, MOONDRAGON/HEATHER D, LORD CHAOS, SILVER SURFER/NORRIN, HULK/DR. ROBERT BRUC, HUMAN TORCH/JOHNNY S, NOVA/RICHARD RIDER, ANGEL/WARREN KENNETH, WONDER MAN/SIMON WIL, SPEEDBALL/ROBBIE BAL, SOUTHERN, CANDY, CAPTAIN AMERICA, MARVEL GIRL/JEAN GRE, CLOUD, GARGOYLE II/ISAAC CH, ICEMAN/ROBERT BOBBY , UATU, VISION , PSYLOCKE/ELISABETH B, SCARLET WITCH/WANDA , INVISIBLE WOMAN/SUE , MASTER ORDER, KISMET/J'RIDIA STARD, THING/BENJAMIN J. GR, BEAST/HENRY &HANK& P, ETERNITY/ADAM QADMON, CYCLOPS/SCOTT SUMMER, WOLVERINE/LOGAN , SHE-HULK/JENNIFER WA, DRAGON OF THE MOON, DEATH, GHOST RIDER III/DAN , BEYONDER, BLACK PANTHER/T'CHAL, IN-BETWEENER"
BEAST/HENRY &HANK& P,"EL TIGRE, ARISHEM [CELESTIAL], ZIRAN, ANDROMEDA/ANDROMEDA , INTERLOPER, ROGUE /, DAREDEVIL/MATT MURDO, HENDERSHOOT, COLONEL, PARKER, MAY, MOONDRAGON/HEATHER D, LOCUST, HUMAN TORCH/JOHNNY S, SCARECROW/EBENEZER L, UATU, IONELLO, JASON, PSYLOCKE/ELISABETH B, MASTER ORDER, ARIZE, GAMMENON [CELESTIAL], SHE-HULK/JENNIFER WA, ZELDA, GHOST RIDER III/DAN , BEYONDER, STINGER II/, KUKULCAN/VIRAKO/QUET, OBLIVION, NORRISS, SISTER BARB, GALACTUS/GALAN, FREDERICKS, GENERAL, THUNDERSTRIKE/ERIC K, SILVER SURFER/NORRIN, EEL/LEOPOLD STRYKE, KAUR, BENAZIR, ANGEL/WARREN KENNETH, SUPER-ADAPTOID/ALESS, UNUS THE UNTOUCHABLE, WONDER MAN/SIMON WIL, OGRE, TIGRA/GREER NELSON, MAGOG II, BISHOP /, KINE, BENEDICT, GARGOYLE II/ISAAC CH, ICEMAN/ROBERT BOBBY , FORGE, WONG, GOG III, SCARLET WITCH/WANDA , LUCIFER, KISMET/J'RIDIA STARD, ETERNITY/ADAM QADMON, CYCLOPS/SCOTT SUMMER, DRAGON OF THE MOON, UNICORN/MYLOS MASARY, BLACK PANTHER/T'CHAL, QUICKSILVER/PIETRO M, NIGHT THRASHER/DUANE, MOON KNIGHT/MARC SPE, IRON MAN/TONY STARK , JOCASTA, PUNISHER II/FRANK CA, BLOB/FRED J. DUKES, GREEN GOBLIN/NORMAN , SUPREME ONE, SUNDOWN/DR. DAVE LOW, SUB-MARINER/NAMOR MA, PLANTMAN/SAM SMITHER, INFINITY II, LORD CHAOS, HULK/DR. ROBERT BRUC, ROBERTS, TED, PAYGE, REEVA, MCKEEVER, TINY, BANSHEE/SEAN CASSIDY, SPEEDBALL/ROBBIE BAL, SHAW, SHINOBI, CLOUD, ANT-MAN/DR. HENRY J., VISION , JAMESON, J. JONAH, INVISIBLE WOMAN/SUE , THOMPSON, EUGENE FLA, THING/BENJAMIN J. GR, WOLVERINE/LOGAN , HAWK, MIMIC/CALVIN RANKIN, PUPPET MASTER/PHILLI, PROFESSOR X/CHARLES , IN-BETWEENER, BLACK WIDOW/NATASHA , MAJOR DOMO, MR. FANTASTIC/REED R, JUBILEE/JUBILATION L, STAR THIEF II, STORM/ORORO MUNROE S, PORCUPINE/ALEX GENTR, KUBIK, DAZZLER II/ALLISON B, OSBORN, LIZ ALLAN, MANSLAUGHTER, MOJO, DR. STRANGE/STEPHEN , DEATHLOK III/MICHAEL, TOLOC, WASP/JANET VAN DYNE , GAMBIT/REMY LEBEAU , NOVA/RICHARD RIDER, QUARK, SOUTHERN, CANDY, CAPTAIN AMERICA, MARVEL GIRL/JEAN GRE, RAMON, PENANCE/MONET ST. CR, MANIPULATOR/, HERCULES [GREEK GOD], LEEDS, BETTY BRANT, JARVIS, EDWIN , ONE ABOVE ALL [CELES, COUNT NEFARIA, LUCHI, CANTOR, VERA, DOMINUS, SPIDER-MAN/PETER PAR, SUMMERS, NATHAN CHRI, DEATH, HOGAN, HAROLD J. HAP, THOR/DR. DONALD BLAK"
GHOST RIDER III/DAN ,"NIGHT THRASHER/DUANE, MR. FANTASTIC/REED R, JUBILEE/JUBILATION L, IRON MAN/TONY STARK , STORM/ORORO MUNROE S, OBLIVION, PUNISHER II/FRANK CA, GALACTUS/GALAN, ANDROMEDA/ANDROMEDA , THUNDERSTRIKE/ERIC K, DEATHLOK III/MICHAEL, INFINITY II, LORD CHAOS, SILVER SURFER/NORRIN, HULK/DR. ROBERT BRUC, NOVA/RICHARD RIDER, ANGEL/WARREN KENNETH, WONDER MAN/SIMON WIL, SPEEDBALL/ROBBIE BAL, CAPTAIN AMERICA, MARVEL GIRL/JEAN GRE, UATU, VISION , PSYLOCKE/ELISABETH B, SCARLET WITCH/WANDA , INVISIBLE WOMAN/SUE , MASTER ORDER, KISMET/J'RIDIA STARD, THING/BENJAMIN J. GR, BEAST/HENRY &HANK& P, ETERNITY/ADAM QADMON, CYCLOPS/SCOTT SUMMER, WOLVERINE/LOGAN , SHE-HULK/JENNIFER WA, DEATH, BLACK PANTHER/T'CHAL, IN-BETWEENER"
CYCLOPS/SCOTT SUMMER,"EL TIGRE, ARISHEM [CELESTIAL], ZIRAN, ANDROMEDA/ANDROMEDA , ROGUE /, DAREDEVIL/MATT MURDO, HENDERSHOOT, COLONEL, PARKER, MAY, LOCUST, HUMAN TORCH/JOHNNY S, SCARECROW/EBENEZER L, VANISHER, UATU, PULASKI, JOSEPHINE J, WILSON, JIM, IONELLO, JASON, PSYLOCKE/ELISABETH B, MASTER ORDER, SHIFFMAN, MAXIE, ARIZE, BEAST/HENRY &HANK& P, GAMMENON [CELESTIAL], SHE-HULK/JENNIFER WA, GHOST RIDER III/DAN , ARMBRUSTER, COLONEL , KUKULCAN/VIRAKO/QUET, OBLIVION, GALACTUS/GALAN, FREDERICKS, GENERAL, THOR/DR. DONALD BLAK, THUNDERSTRIKE/ERIC K, SILVER SURFER/NORRIN, EEL/LEOPOLD STRYKE, HAVOK/ALEX SUMMERS , ANGEL/WARREN KENNETH, KINGPIN/WILSON FISK, SUPER-ADAPTOID/ALESS, UNUS THE UNTOUCHABLE, WONDER MAN/SIMON WIL, OGRE, MAGOG II, ICEMAN/ROBERT BOBBY , FORGE, WONG, GOG III, SCARLET WITCH/WANDA , LUCIFER, KISMET/J'RIDIA STARD, ETERNITY/ADAM QADMON, UNICORN/MYLOS MASARY, BLACK PANTHER/T'CHAL, QUICKSILVER/PIETRO M, NIGHT THRASHER/DUANE, IRON MAN/TONY STARK , PUNISHER II/FRANK CA, BLOB/FRED J. DUKES, GREEN GOBLIN/NORMAN , SUPREME ONE, SUNDOWN/DR. DAVE LOW, SUB-MARINER/NAMOR MA, PLANTMAN/SAM SMITHER, INFINITY II, LORD CHAOS, HULK/DR. ROBERT BRUC, SUMMERS, MADELYNE MA, TILBY, TRISH/PATRICI, ROBERTS, TED, MCKEEVER, TINY, BANSHEE/SEAN CASSIDY, SPEEDBALL/ROBBIE BAL, ANT-MAN/DR. HENRY J., VISION , JAMESON, J. JONAH, INVISIBLE WOMAN/SUE , THOMPSON, EUGENE FLA, THING/BENJAMIN J. GR, WOLVERINE/LOGAN , JUGGERNAUT/CAIN MARK, MIMIC/CALVIN RANKIN, PUPPET MASTER/PHILLI, PROFESSOR X/CHARLES , IN-BETWEENER, MAJOR DOMO, NIGHTCRAWLER/KURT WA, MR. FANTASTIC/REED R, JUBILEE/JUBILATION L, STORM/ORORO MUNROE S, PORCUPINE/ALEX GENTR, GATEWAY, DAZZLER II/ALLISON B, OSBORN, LIZ ALLAN, MOJO, DR. STRANGE/STEPHEN , DEATHLOK III/MICHAEL, LONGSHOT, TOLOC, WASP/JANET VAN DYNE , GAMBIT/REMY LEBEAU , NOVA/RICHARD RIDER, CORBEAU, DR. PETER, BANNER, BETTY ROSS T, QUARK, CAPTAIN AMERICA, MARVEL GIRL/JEAN GRE, RAMON, COLOSSUS II/PETER RA, PENANCE/MONET ST. CR, LEEDS, BETTY BRANT, ONE ABOVE ALL [CELES, COUNT NEFARIA, LUCHI, CANTOR, VERA, DOMINUS, ROSS, GEN. THADDEUS , POLARIS/LORNA DANE, DEATH, SPIDER-MAN/PETER PAR, SUMMERS, NATHAN CHRI, HOGAN, HAROLD J. HAP, ZELDA"
LIVING LASER/ARTHUR ,"IRON MAN IV/JAMES R., CABE, BETHANY, ERWIN, CLYTEMNESTRA, IRON MAN/TONY STARK "
"CABE, BETHANY","IRON MAN IV/JAMES R., LIVING LASER/ARTHUR , ERWIN, CLYTEMNESTRA, IRON MAN/TONY STARK "
SPYMASTER/JAKE JORDA,"IRON MAN IV/JAMES R., HOGAN, HAROLD J. HAP, HOGAN, VIRGINIA PEPP, IRON MAN/TONY STARK "
"HOGAN, VIRGINIA PEPP","IRON MAN/TONY STARK , RODGERS, MARIANNE, SUPER-ADAPTOID/ALESS, IRON MAN IV/JAMES R., SPYMASTER/JAKE JORDA, HOGAN, HAROLD J. HAP"
"HOGAN, HAROLD J. HAP","MR. FANTASTIC/REED R, IRON MAN/TONY STARK , SPYMASTER/JAKE JORDA, GREEN GOBLIN/NORMAN , OSBORN, LIZ ALLAN, DR. STRANGE/STEPHEN , DAREDEVIL/MATT MURDO, SUNDOWN/DR. DAVE LOW, PARKER, MAY, SUB-MARINER/NAMOR MA, HULK/DR. ROBERT BRUC, WASP/JANET VAN DYNE , HUMAN TORCH/JOHNNY S, MCKEEVER, TINY, ANGEL/WARREN KENNETH, CAPTAIN AMERICA, MARVEL GIRL/JEAN GRE, ANT-MAN/DR. HENRY J., ICEMAN/ROBERT BOBBY , HOGAN, VIRGINIA PEPP, WONG, JAMESON, J. JONAH, IONELLO, JASON, LEEDS, BETTY BRANT, INVISIBLE WOMAN/SUE , THOMPSON, EUGENE FLA, THING/BENJAMIN J. GR, BEAST/HENRY &HANK& P, CYCLOPS/SCOTT SUMMER, IRON MAN IV/JAMES R., SPIDER-MAN/PETER PAR, THOR/DR. DONALD BLAK"
BATROC/GEORGES BATRO,"CARTER, SHARON, ZARAN/MAXIMILLIAN ZA, MACHETE/FERDINAND LO, MOCKINGBIRD/DR. BARB, HAWK, SILVER SABLE, CAPTAIN AMERICA"
"CARTER, SHARON","JARVIS, EDWIN , COUNT NEFARIA, LUCHI, MANNING, DR., DUGAN, TIMOTHY ALOYI, BATROC/GEORGES BATRO, RAMIREZ, ALMA, ZABU, SHANNA/SHANNA O'HARA, PLUNDER, ADAM KYLE M, KA-ZAR/KEVIN PLUNDER, FERRARI, CONNIE, RAMIREZ, JAVIER, FURY, COL. NICHOLAS , NIGHTMARE/EDVARD HAB, PROTOCIDE/PRIVATE CL, BILLUPS, AGENT, THOR/DR. DONALD BLAK, CAPTAIN AMERICA"
KARNILLA [ASGARDIAN],"ENCHANTRESS/AMORA/HE, LOKI [ASGARDIAN], NIGHTMARE/EDVARD HAB, HEIMDALL [ASGARDIAN]"
HEIMDALL [ASGARDIAN],"ENCHANTRESS/AMORA/HE, LOKI [ASGARDIAN], KARNILLA [ASGARDIAN], NIGHTMARE/EDVARD HAB"
ENCHANTRESS/AMORA/HE,"LOKI [ASGARDIAN], KARNILLA [ASGARDIAN], NIGHTMARE/EDVARD HAB, HEIMDALL [ASGARDIAN]"
LOKI [ASGARDIAN],"SIF, CASE, COL. PRESTON, COLLINS, DEMITRIUS, IRON MAN/TONY STARK , MAD VIKING/KNUT CAIN, BRADLEY, HANK, VOLLA, NIGHTMARE/EDVARD HAB, KINCAID, DR. JANE FO, HELA [ASGARDIAN], HULK/DR. ROBERT BRUC, WASP/JANET VAN DYNE , KARNILLA [ASGARDIAN], FAIRMONT, AMANDA MAN, CAPTAIN AMERICA, PERRIKUS, ENCHANTRESS/AMORA/HE, ANT-MAN/DR. HENRY J., DELPHI, HEIMDALL [ASGARDIAN], SCARLET WITCH/WANDA , DESTROYER III, HAWK, FAIRMONT, HANNAH, THOR/DR. DONALD BLAK"
NIGHTMARE/EDVARD HAB,"CARTER, SHARON, LOKI [ASGARDIAN], PHOBOS, NOX, DR. STRANGE/STEPHEN , D'SPAYRE, KARNILLA [ASGARDIAN], RINTRAH, DEIMOS, CAPTAIN AMERICA, CLEA, DUGAN, TIMOTHY ALOYI, WOLFE, SARA, SCARECROW II, ENCHANTRESS/AMORA/HE, CHANG, IMEI, HEIMDALL [ASGARDIAN], WONG, FEAR EATER/KKALLAKKU, LURKING UNKNOWN, DWELLER IN DARKNESS"
ZANIAC/BRAD WOLFE,THOR/DR. DONALD BLAK
THOR/DR. DONALD BLAK,"CARTER, SHARON, DR. OCTOPUS/OTTO OCT, CASE, COL. PRESTON, PROTOCIDE/PRIVATE CL, VULTURE/ADRIAN TOOME, DAREDEVIL/MATT MURDO, PARKER, MAY, MOONDRAGON/HEATHER D, HARDY, MORGAN MACNEI, HUMAN TORCH/JOHNNY S, RAMIREZ, JAVIER, EGGHEAD/PROF. ELIHAS, IONELLO, JASON, TOKKOTS, BEAST/HENRY &HANK& P, SHE-HULK/JENNIFER WA, RICHARDS, FRANKLIN B, STINGER II/, STARFOX/EROS, COLLINS, DEMITRIUS, DIAMOND, CHUCKY, ARBOGAST, BAMBI, GALACTUS/GALAN, VOLLA, MASTERS, ALICIA REIS, SANDMAN/WILLIAM BAKE, KINCAID, DR. JANE FO, GRANT, GLORIA GLORY, SILVER SURFER/NORRIN, ANGEL/WARREN KENNETH, FAIRMONT, AMANDA MAN, WONDER MAN/SIMON WIL, TIGRA/GREER NELSON, BROMWELL, DR., MCCORMICK, BARRY, GHOST RIDER II/JOHNN, ICEMAN/ROBERT BOBBY , WONG, SCARLET WITCH/WANDA , DESTROYER III, CYCLOPS/SCOTT SUMMER, STARR, TRIXIE TRISH, MAJESTON ZELIA, BLACK PANTHER/T'CHAL, MOON KNIGHT/MARC SPE, IRON MAN/TONY STARK , JOCASTA, LOKI [ASGARDIAN], BRADLEY, HANK, FERRARI, CONNIE, DRAX/ARTHUR DOUGLAS, GREEN GOBLIN/NORMAN , FURY, COL. NICHOLAS , SUNDOWN/DR. DAVE LOW, SUB-MARINER/NAMOR MA, HULK/DR. ROBERT BRUC, ZANIAC/BRAD WOLFE, STANKOWICZ, FABIAN, MCKEEVER, TINY, WATSON, ANNA, PERRIKUS, ANT-MAN/DR. HENRY J., LEEDS, NED, NOVA II/FRANKIE RAYE, VISION , JAMESON, J. JONAH, MOLECULE MAN/OWEN RE, INVISIBLE WOMAN/SUE , THOMPSON, EUGENE FLA, THING/BENJAMIN J. GR, KINCAID, DR. KEITH, HAWK, KRAVEN THE HUNTER/SE, FAIRMONT, HANNAH, CAPTAIN MARVEL II/MO, BLACK WIDOW/NATASHA , MR. FANTASTIC/REED R, SIF, DAZZLER II/ALLISON B, BILLUPS, AGENT, OSBORN, LIZ ALLAN, DR. STRANGE/STEPHEN , HELA [ASGARDIAN], WASP/JANET VAN DYNE , ADVA, SOUTHERN, CANDY, CAPTAIN AMERICA, MARVEL GIRL/JEAN GRE, HERCULES [GREEK GOD], LEEDS, BETTY BRANT, ANNIHILUS, JARVIS, EDWIN , COUNT NEFARIA, LUCHI, SPIDER-MAN/PETER PAR, HOGAN, HAROLD J. HAP"
SONIC,"GRASP, SPIDER-WOMAN II/JULI, CARPENTER, RACHEL, IRON MAN/TONY STARK , CHAIN, HAWK, IRON MAN IV/JAMES R., CLEMSON, MIKE, COOPER, DR. VALERIE, CARPENTER, LARRY"
CHAIN,"GRASP, SPIDER-WOMAN II/JULI, SONIC, IRON MAN/TONY STARK , CARPENTER, RACHEL, HAWK, IRON MAN IV/JAMES R., COOPER, DR. VALERIE, CLEMSON, MIKE, CARPENTER, LARRY"
SPIDER-WOMAN II/JULI,"GRASP, SONIC, IRON MAN/TONY STARK , CARPENTER, RACHEL, CHAIN, HAWK, IRON MAN IV/JAMES R., COOPER, DR. VALERIE, CLEMSON, MIKE, CARPENTER, LARRY"
"CARPENTER, RACHEL","GRASP, SPIDER-WOMAN II/JULI, SONIC, IRON MAN/TONY STARK , CHAIN, HAWK, IRON MAN IV/JAMES R., COOPER, DR. VALERIE, CLEMSON, MIKE, CARPENTER, LARRY"
GRASP,"SPIDER-WOMAN II/JULI, SONIC, CARPENTER, RACHEL, IRON MAN/TONY STARK , CHAIN, HAWK, IRON MAN IV/JAMES R., COOPER, DR. VALERIE, CLEMSON, MIKE, CARPENTER, LARRY"
"CLEMSON, MIKE","GRASP, SPIDER-WOMAN II/JULI, SONIC, CARPENTER, RACHEL, IRON MAN/TONY STARK , CHAIN, HAWK, IRON MAN IV/JAMES R., COOPER, DR. VALERIE, CARPENTER, LARRY"
"COOPER, DR. VALERIE","GRASP, SPIDER-WOMAN II/JULI, SONIC, CARPENTER, RACHEL, IRON MAN/TONY STARK , CHAIN, HAWK, IRON MAN IV/JAMES R., CLEMSON, MIKE, CARPENTER, LARRY"
"CARPENTER, LARRY","GRASP, SPIDER-WOMAN II/JULI, SONIC, IRON MAN/TONY STARK , CARPENTER, RACHEL, CHAIN, HAWK, IRON MAN IV/JAMES R., CLEMSON, MIKE, COOPER, DR. VALERIE"
RED GUARDIAN III/DR.,"DEVIL-SLAYER/ERIC SI, ARCANNA/ARCANNA JONE, MAELSTROM/MALCOLM ST, NORRISS, SISTER BARB, EON, HELLCAT/PATSY WALKER, DR. STRANGE/STEPHEN , SHANGA, OVERMIND/GROM, KRONOS, GARFIELD, MURRAY, MOONDRAGON/HEATHER D, LORD CHAOS, HULK/DR. ROBERT BRUC, JAKAR, WHIZZER II/STANLEY S, HAYWIRE/, SERGEI, CHARM, QUASAR III/WENDELL V, HYPERION, POWER PRINCESS/ZARDA, EGO-PRIME, BALLANTINE, KAYLA, GARGOYLE II/ISAAC CH, 4-D MAN/MERCURIO, JACK OF HEARTS/JACK , BI-BEAST II, SHAPE, DRAGONFLY/VERONICA D, TANAKA, KENJIRO, LADY LARK/LINDA LEWI, NIGHTHAWK II/KYLE RI, MAKKARI/MIKE KHARY/I, BEAUTY, TRUTH, DR. SPECTRUM/JOSEPH , DOLLAR BILL, STARDUST/T'URIN G'AR, STRANGER"
DR. STRANGE/STEPHEN ,"FRANKENSURFER/BORGO, DEVIL-SLAYER/ERIC SI, FIRELORD/PYREUS KRIL, DAREDEVIL/MATT MURDO, PARKER, MAY, TOPAZ, MOONDRAGON/HEATHER D, RED GUARDIAN III/DR., AGAMOTTO, HUMAN TORCH/JOHNNY S, SERGEI, CLEA, WOLFE, SARA, SCARECROW II, PIP/PRINCE GOFERN, DR. DRUID/ANTHONY LU, CLEOPATRA, JACK OF HEARTS/JACK , GAMORA, IONELLO, JASON, MAKKARI/MIKE KHARY/I, BEAST/HENRY &HANK& P, DR. SPECTRUM/JOSEPH , LURKING UNKNOWN, SATANNISH, NORRISS, SISTER BARB, NOX, NIGHTMARE/EDVARD HAB, BARON BLOOD II/VICTO, KRONOS, GARFIELD, MURRAY, CAESAR, JULIUS, SILVER SURFER/NORRIN, WHIZZER II/STANLEY S, ANGEL/WARREN KENNETH, VON FRANKENSTEIN, BA, QUASAR III/WENDELL V, GARGOYLE II/ISAAC CH, ICEMAN/ROBERT BOBBY , WONG, MEPHISTO, SHAPE, SCARLET WITCH/WANDA , TANAKA, KENJIRO, ETERNITY/ADAM QADMON, CYCLOPS/SCOTT SUMMER, DOLLAR BILL, DWELLER IN DARKNESS, ARCANNA/ARCANNA JONE, MAELSTROM/MALCOLM ST, IRON MAN/TONY STARK , WARLOCK II/ADAM WARL, THANOS, PHOBOS, DRAX/ARTHUR DOUGLAS, GREEN GOBLIN/NORMAN , HELLCAT/PATSY WALKER, SUNDOWN/DR. DAVE LOW, SUB-MARINER/NAMOR MA, LORD CHAOS, HULK/DR. ROBERT BRUC, DRACULA/VLAD TEPES, MCKEEVER, TINY, ZOTA, ANT-MAN/DR. HENRY J., CHANG, IMEI, JAMESON, J. JONAH, BLESSING, MORGANA, INVISIBLE WOMAN/SUE , NIGHTHAWK II/KYLE RI, THING/BENJAMIN J. GR, FEAR EATER/KKALLAKKU, DR. DOOM/VICTOR VON , CERBERUS, THOMPSON, EUGENE FLA, MR. FANTASTIC/REED R, SILVER DAGGER/ISAIAH, UMAR, EON, OSBORN, LIZ ALLAN, D'SPAYRE, HELA [ASGARDIAN], WASP/JANET VAN DYNE , RINTRAH, MEPHISTA, DEIMOS, CAPTAIN AMERICA, HYPERION, MARVEL GIRL/JEAN GRE, POWER PRINCESS/ZARDA, BALLANTINE, KAYLA, LEEDS, BETTY BRANT, LADY LARK/LINDA LEWI, SPIDER-MAN/PETER PAR, HOGAN, HAROLD J. HAP, THOR/DR. DONALD BLAK"
DOLLAR BILL,"NIGHTHAWK II/KYLE RI, DEVIL-SLAYER/ERIC SI, RED GUARDIAN III/DR., HULK/DR. ROBERT BRUC, NORRISS, SISTER BARB, HELLCAT/PATSY WALKER, DR. STRANGE/STEPHEN "
HELLCAT/PATSY WALKER,"NIGHTHAWK II/KYLE RI, DEVIL-SLAYER/ERIC SI, RED GUARDIAN III/DR., HULK/DR. ROBERT BRUC, NORRISS, SISTER BARB, DOLLAR BILL, DR. STRANGE/STEPHEN "
NIGHTHAWK II/KYLE RI,"DEVIL-SLAYER/ERIC SI, RED GUARDIAN III/DR., HULK/DR. ROBERT BRUC, NORRISS, SISTER BARB, DOLLAR BILL, HELLCAT/PATSY WALKER, DR. STRANGE/STEPHEN "
DEVIL-SLAYER/ERIC SI,"NIGHTHAWK II/KYLE RI, RED GUARDIAN III/DR., HULK/DR. ROBERT BRUC, NORRISS, SISTER BARB, DOLLAR BILL, HELLCAT/PATSY WALKER, DR. STRANGE/STEPHEN "
"NORRISS, SISTER BARB","DEVIL-SLAYER/ERIC SI, STAR THIEF II, MR. FANTASTIC/REED R, KUBIK, ANDROMEDA/ANDROMEDA , HELLCAT/PATSY WALKER, INTERLOPER, MANSLAUGHTER, DR. STRANGE/STEPHEN , MOONDRAGON/HEATHER D, RED GUARDIAN III/DR., HULK/DR. ROBERT BRUC, HUMAN TORCH/JOHNNY S, ANGEL/WARREN KENNETH, SOUTHERN, CANDY, CLOUD, GARGOYLE II/ISAAC CH, ICEMAN/ROBERT BOBBY , NIGHTHAWK II/KYLE RI, BEAST/HENRY &HANK& P, DRAGON OF THE MOON, DOLLAR BILL, BEYONDER"
"BANNER, BETTY ROSS T","QUICKSILVER/PIETRO M, WARLOCK II/ADAM WARL, CRYSTAL [INHUMAN], BRICKFORD, CLAY, LOCKJAW [INHUMAN], SUB-MARINER/NAMOR MA, HULK/DR. ROBERT BRUC, ROBERTS, TED, CORBEAU, DR. PETER, ANALYZER, TRITON, MARVEL GIRL/JEAN GRE, GORGON [INHUMAN], MASTERMIND/JASON WYN, KARNAK [INHUMAN], COBALT MAN, WILSON, JIM, JONES, RICHARD MILHO, BOOMERANG/FRED MYERS, BLACK BOLT/BLACKANTO, CYCLOPS/SCOTT SUMMER, JUGGERNAUT/CAIN MARK, MISSING LINK, ABOMINATION/EMIL BLO, TALBOT, GLENN, RHINO, ROSS, GEN. THADDEUS , MAN-BEAST, ARMBRUSTER, COLONEL , PROFESSOR X/CHARLES "
"ROSS, GEN. THADDEUS ","WARLOCK II/ADAM WARL, BRICKFORD, CLAY, SUB-MARINER/NAMOR MA, HULK/DR. ROBERT BRUC, ROBERTS, TED, BANNER, BETTY ROSS T, CORBEAU, DR. PETER, ANALYZER, MARVEL GIRL/JEAN GRE, MASTERMIND/JASON WYN, WILSON, JIM, COBALT MAN, JONES, RICHARD MILHO, BOOMERANG/FRED MYERS, CYCLOPS/SCOTT SUMMER, JUGGERNAUT/CAIN MARK, MISSING LINK, ABOMINATION/EMIL BLO, TALBOT, GLENN, RHINO, MAN-BEAST, ARMBRUSTER, COLONEL , PROFESSOR X/CHARLES "
COBALT MAN,"HULK/DR. ROBERT BRUC, MASTERMIND/JASON WYN, ROBERTS, TED, BANNER, BETTY ROSS T, ROSS, GEN. THADDEUS , ARMBRUSTER, COLONEL "
MASTERMIND/JASON WYN,"HULK/DR. ROBERT BRUC, ROBERTS, TED, BANNER, BETTY ROSS T, ROSS, GEN. THADDEUS , COBALT MAN, ARMBRUSTER, COLONEL "
"ROBERTS, TED","QUICKSILVER/PIETRO M, KUKULCAN/VIRAKO/QUET, EL TIGRE, TOLOC, HULK/DR. ROBERT BRUC, LOCUST, BANNER, BETTY ROSS T, ANGEL/WARREN KENNETH, BANSHEE/SEAN CASSIDY, OGRE, MARVEL GIRL/JEAN GRE, RAMON, MASTERMIND/JASON WYN, ICEMAN/ROBERT BOBBY , COBALT MAN, SCARLET WITCH/WANDA , CANTOR, VERA, BEAST/HENRY &HANK& P, CYCLOPS/SCOTT SUMMER, ROSS, GEN. THADDEUS , MIMIC/CALVIN RANKIN, SPIDER-MAN/PETER PAR, ARMBRUSTER, COLONEL , PUPPET MASTER/PHILLI, PROFESSOR X/CHARLES , ZELDA"
"ARMBRUSTER, COLONEL ","MARVEL GIRL/JEAN GRE, HULK/DR. ROBERT BRUC, MASTERMIND/JASON WYN, JUGGERNAUT/CAIN MARK, ABOMINATION/EMIL BLO, CYCLOPS/SCOTT SUMMER, ROBERTS, TED, RHINO, BANNER, BETTY ROSS T, ROSS, GEN. THADDEUS , CORBEAU, DR. PETER, WILSON, JIM, COBALT MAN, MISSING LINK, BRICKFORD, CLAY, PROFESSOR X/CHARLES "
GORGON [INHUMAN],"QUICKSILVER/PIETRO M, LOCKJAW [INHUMAN], TRITON, BLACK BOLT/BLACKANTO, HULK/DR. ROBERT BRUC, BANNER, BETTY ROSS T, CRYSTAL [INHUMAN], KARNAK [INHUMAN]"
LOCKJAW [INHUMAN],"QUICKSILVER/PIETRO M, TRITON, BLACK BOLT/BLACKANTO, GORGON [INHUMAN], HULK/DR. ROBERT BRUC, BANNER, BETTY ROSS T, CRYSTAL [INHUMAN], KARNAK [INHUMAN]"
CRYSTAL [INHUMAN],"QUICKSILVER/PIETRO M, TRITON, BLACK BOLT/BLACKANTO, LOCKJAW [INHUMAN], GORGON [INHUMAN], HULK/DR. ROBERT BRUC, BANNER, BETTY ROSS T, KARNAK [INHUMAN]"
BLACK BOLT/BLACKANTO,"QUICKSILVER/PIETRO M, TRITON, LOCKJAW [INHUMAN], GORGON [INHUMAN], HULK/DR. ROBERT BRUC, BANNER, BETTY ROSS T, CRYSTAL [INHUMAN], KARNAK [INHUMAN]"
TRITON,"QUICKSILVER/PIETRO M, LOCKJAW [INHUMAN], BLACK BOLT/BLACKANTO, GORGON [INHUMAN], HULK/DR. ROBERT BRUC, BANNER, BETTY ROSS T, CRYSTAL [INHUMAN], KARNAK [INHUMAN]"
KARNAK [INHUMAN],"QUICKSILVER/PIETRO M, LOCKJAW [INHUMAN], BLACK BOLT/BLACKANTO, TRITON, GORGON [INHUMAN], HULK/DR. ROBERT BRUC, BANNER, BETTY ROSS T, CRYSTAL [INHUMAN]"
WARLOCK II/ADAM WARL,"SILVER DAGGER/ISAIAH, DR. STRANGE/STEPHEN , BARON BLOOD II/VICTO, TOPAZ, HULK/DR. ROBERT BRUC, SILVER SURFER/NORRIN, AGAMOTTO, BANNER, BETTY ROSS T, ANALYZER, RINTRAH, CLEA, WOLFE, SARA, PIP/PRINCE GOFERN, DR. DRUID/ANTHONY LU, CHANG, IMEI, WONG, GAMORA, SCARLET WITCH/WANDA , BLESSING, MORGANA, DR. DOOM/VICTOR VON , ETERNITY/ADAM QADMON, ROSS, GEN. THADDEUS , MAN-BEAST"
ANALYZER,"HULK/DR. ROBERT BRUC, WARLOCK II/ADAM WARL, ROSS, GEN. THADDEUS , BANNER, BETTY ROSS T, MAN-BEAST"
MAN-BEAST,"HULK/DR. ROBERT BRUC, WARLOCK II/ADAM WARL, ROSS, GEN. THADDEUS , BANNER, BETTY ROSS T, ANALYZER"
ABOMINATION/EMIL BLO,"HULK/DR. ROBERT BRUC, RHINO, ROSS, GEN. THADDEUS , BANNER, BETTY ROSS T, WILSON, JIM, ARMBRUSTER, COLONEL "
RHINO,"HULK/DR. ROBERT BRUC, ABOMINATION/EMIL BLO, BANNER, BETTY ROSS T, ROSS, GEN. THADDEUS , WILSON, JIM, ARMBRUSTER, COLONEL "
"WILSON, JIM","MARVEL GIRL/JEAN GRE, HULK/DR. ROBERT BRUC, CYCLOPS/SCOTT SUMMER, JUGGERNAUT/CAIN MARK, ABOMINATION/EMIL BLO, RHINO, BANNER, BETTY ROSS T, ROSS, GEN. THADDEUS , CORBEAU, DR. PETER, ARMBRUSTER, COLONEL , PROFESSOR X/CHARLES "
JUGGERNAUT/CAIN MARK,"MARVEL GIRL/JEAN GRE, CYCLOPS/SCOTT SUMMER, HULK/DR. ROBERT BRUC, CORBEAU, DR. PETER, BANNER, BETTY ROSS T, ROSS, GEN. THADDEUS , WILSON, JIM, ARMBRUSTER, COLONEL , PROFESSOR X/CHARLES "
PROFESSOR X/CHARLES ,"QUICKSILVER/PIETRO M, MAJOR DOMO, KUKULCAN/VIRAKO/QUET, EL TIGRE, JUBILEE/JUBILATION L, STORM/ORORO MUNROE S, PORCUPINE/ALEX GENTR, FREDERICKS, GENERAL, BLOB/FRED J. DUKES, SUPREME ONE, MOJO, ROGUE /, HENDERSHOOT, COLONEL, PLANTMAN/SAM SMITHER, TOLOC, HULK/DR. ROBERT BRUC, LOCUST, EEL/LEOPOLD STRYKE, ROBERTS, TED, CORBEAU, DR. PETER, BANNER, BETTY ROSS T, GAMBIT/REMY LEBEAU , ANGEL/WARREN KENNETH, KAUR, BENAZIR, BANSHEE/SEAN CASSIDY, SCARECROW/EBENEZER L, SUPER-ADAPTOID/ALESS, UNUS THE UNTOUCHABLE, QUARK, OGRE, MAGOG II, SHAW, SHINOBI, MARVEL GIRL/JEAN GRE, RAMON, BISHOP /, KINE, BENEDICT, ICEMAN/ROBERT BOBBY , PENANCE/MONET ST. CR, FORGE, WILSON, JIM, GOG III, PSYLOCKE/ELISABETH B, LUCIFER, SCARLET WITCH/WANDA , JARVIS, EDWIN , COUNT NEFARIA, LUCHI, CANTOR, VERA, ARIZE, BEAST/HENRY &HANK& P, CYCLOPS/SCOTT SUMMER, JUGGERNAUT/CAIN MARK, WOLVERINE/LOGAN , DOMINUS, ROSS, GEN. THADDEUS , MIMIC/CALVIN RANKIN, SPIDER-MAN/PETER PAR, UNICORN/MYLOS MASARY, ARMBRUSTER, COLONEL , PAYGE, REEVA, PUPPET MASTER/PHILLI, ZELDA"
"CORBEAU, DR. PETER","MARVEL GIRL/JEAN GRE, HULK/DR. ROBERT BRUC, JUGGERNAUT/CAIN MARK, CYCLOPS/SCOTT SUMMER, ROSS, GEN. THADDEUS , BANNER, BETTY ROSS T, WILSON, JIM, ARMBRUSTER, COLONEL , PROFESSOR X/CHARLES "
"BRICKFORD, CLAY","HULK/DR. ROBERT BRUC, MISSING LINK, BANNER, BETTY ROSS T, ROSS, GEN. THADDEUS , ARMBRUSTER, COLONEL "
MISSING LINK,"HULK/DR. ROBERT BRUC, BANNER, BETTY ROSS T, ROSS, GEN. THADDEUS , BRICKFORD, CLAY, ARMBRUSTER, COLONEL "
"STACY, PAUL","STACY, ARTHUR, PARKER, MAY, VENOM/EDDIE BROCK, SPIDER-MAN/PETER PAR, STACY, JILL"
VENOM/EDDIE BROCK,"STACY, ARTHUR, PARKER, MAY, SPIDER-MAN/PETER PAR, STACY, PAUL, STACY, JILL"
"PARKER, MAY","DR. OCTOPUS/OTTO OCT, VULTURE/ADRIAN TOOME, JACK, DAREDEVIL/MATT MURDO, GREEN GOBLIN III/BAR, HUMAN TORCH/JOHNNY S, BULLSEYE II/BENJAMIN, RAVEN, LT. JACOB, SILVERMANE/SILVIO MA, MORGAN, PULASKI, JOSEPHINE J, WARD, SEN. STEWART, IONELLO, JASON, TOKKOTS, SHIFFMAN, MAXIE, BEAST/HENRY &HANK& P, RINGMASTER/MAYNARD T, LUBENSKI, NATE, STACY, PAUL, SHA SHAN, TOMBSTONE/LONNIE THO, CANNONBALL/JACK PULV, SANDMAN/WILLIAM BAKE, GRANT, GLORIA GLORY, ANGEL/WARREN KENNETH, KINGPIN/WILSON FISK, CHAMELEON/DMITRI SME, WATSON-PARKER, MARY , MCCORMICK, BARRY, BROMWELL, DR., STACY, ARTHUR, MYSTERIO/QUENTIN BEC, TREVANE, DET. CONNOR, ICEMAN/ROBERT BOBBY , LIZARD/DR. CURTIS CO, WONG, JACKAL/MILES WARREN, CYCLOPS/SCOTT SUMMER, MONTANA, BIG MAN/FREDERICK FO, EVANS, DORIS, ELLIS, KEN, ROBERTSON, JOE, PAGE, KAREN, GAMBONNO, LUIGI, IRON MAN/TONY STARK , WARREN, MR., GREEN GOBLIN/NORMAN , GAMBONNO, ERNESTO, SUNDOWN/DR. DAVE LOW, SUB-MARINER/NAMOR MA, HULK/DR. ROBERT BRUC, MCKEEVER, TINY, WATSON, ANNA, STACY, JILL, ANT-MAN/DR. HENRY J., VENOM/EDDIE BROCK, LEEDS, NED, GRIM HUNTER/KRAVINOF, JAMESON, J. JONAH, THOMPSON, EUGENE FLA, KAINE, INVISIBLE WOMAN/SUE , THING/BENJAMIN J. GR, OSBORN, HARRY, SPIDER-MAN CLONE/BEN, MORBIUS/DR. MICHAEL , GUARDIAN IV, FROG-MAN II/EUGENE P, KRAVEN THE HUNTER/SE, FAIRMONT, HANNAH, MR. FANTASTIC/REED R, OSBORN, LIZ ALLAN, DR. STRANGE/STEPHEN , WASP/JANET VAN DYNE , NELSON, FRANKLIN FOG, THUNDERBALL/DR. ELIO, FOREIGNER/RAFAEL BAS, TARANTULA/ANTON MIGU, CAPTAIN AMERICA, CAPUTO, DR. JULIA, OX, MARVEL GIRL/JEAN GRE, LIGHTMASTER/EDWARD L, LEEDS, BETTY BRANT, BYRNES, GAYLE WATSON, SPIDER-MAN/PETER PAR, SPIDERCIDE, BRUTO THE STRONGMAN/, HOGAN, HAROLD J. HAP, FANCY DAN, THOR/DR. DONALD BLAK"
"STACY, ARTHUR","THOMPSON, EUGENE FLA, PARKER, MAY, DR. OCTOPUS/OTTO OCT, VENOM/EDDIE BROCK, SPIDER-MAN/PETER PAR, STACY, PAUL, BULLSEYE II/BENJAMIN, KINGPIN/WILSON FISK, WARD, SEN. STEWART, LEEDS, BETTY BRANT, STACY, JILL, WATSON-PARKER, MARY "
"STACY, JILL","THOMPSON, EUGENE FLA, STACY, ARTHUR, PARKER, MAY, ROBERTSON, JOE, DR. OCTOPUS/OTTO OCT, FORTUNATO, GIACOMO J, MORBIUS/DR. MICHAEL , VENOM/EDDIE BROCK, SPIDER-MAN/PETER PAR, STACY, PAUL, KINGPIN/WILSON FISK, BULLSEYE II/BENJAMIN, BLADE, WARD, SEN. STEWART, LEEDS, BETTY BRANT, WATSON-PARKER, MARY "
BLADE,"ROBERTSON, JOE, FORTUNATO, GIACOMO J, MORBIUS/DR. MICHAEL , SPIDER-MAN/PETER PAR, KINGPIN/WILSON FISK, LEEDS, BETTY BRANT, STACY, JILL"
"ROBERTSON, JOE","FORTUNATO, GIACOMO J, TRAINER, DR. SEWARD, JACK, PARKER, MAY, GREEN GOBLIN III/BAR, GRANT, GLORIA GLORY, KINGPIN/WILSON FISK, WATSON, ANNA, STACY, JILL, WATSON-PARKER, MARY , TARANTULA/ANTON MIGU, SILVERMANE/SILVIO MA, TREVANE, DET. CONNOR, LIGHTMASTER/EDWARD L, BUCKNER, GRANT, LIZARD/DR. CURTIS CO, BLADE, JAMESON, J. JONAH, LEEDS, BETTY BRANT, KAINE, THOMPSON, EUGENE FLA, STUNNER/ANGELINA BRA, OSBORN, HARRY, MORBIUS/DR. MICHAEL , SPIDER-MAN CLONE/BEN, SPIDER-MAN/PETER PAR, GUARDIAN IV, SPIDERCIDE, KRAVEN THE HUNTER/SE, ELLIS, KEN, RAVEN, LT. JACOB, SHA SHAN"
"FORTUNATO, GIACOMO J","ROBERTSON, JOE, MORBIUS/DR. MICHAEL , SPIDER-MAN/PETER PAR, KINGPIN/WILSON FISK, BLADE, LEEDS, BETTY BRANT, STACY, JILL"
MORBIUS/DR. MICHAEL ,"THOMPSON, EUGENE FLA, ROBERTSON, JOE, PARKER, MAY, FORTUNATO, GIACOMO J, GRANT, GLORIA GLORY, SHA SHAN, SPIDER-MAN/PETER PAR, MORGAN, KINGPIN/WILSON FISK, BLADE, WATSON, ANNA, LEEDS, BETTY BRANT, STACY, JILL, WATSON-PARKER, MARY "
"LEEDS, BETTY BRANT","DR. OCTOPUS/OTTO OCT, FORTUNATO, GIACOMO J, VULTURE/ADRIAN TOOME, DAREDEVIL/MATT MURDO, PARKER, MAY, HUMAN TORCH/JOHNNY S, BULLSEYE II/BENJAMIN, RAVEN, LT. JACOB, DOLMAN, BLADE, WARD, SEN. STEWART, IONELLO, JASON, BEAST/HENRY &HANK& P, RINGMASTER/MAYNARD T, STACY, CAPT. GEORGE, TOMBSTONE/LONNIE THO, CANNONBALL/JACK PULV, SANDMAN/WILLIAM BAKE, VULTURE II/BLACKIE D, MAXWELL, MORRIS, ANGEL/WARREN KENNETH, KINGPIN/WILSON FISK, CHAMELEON/DMITRI SME, WATSON-PARKER, MARY , BROMWELL, DR., STACY, ARTHUR, MYSTERIO/QUENTIN BEC, TREVANE, DET. CONNOR, ICEMAN/ROBERT BOBBY , HOBGOBLIN III/LEFTY , BUCKNER, GRANT, WONG, JACKAL/MILES WARREN, OVERRIDE/DR. GREGORY, STUNNER/ANGELINA BRA, CYCLOPS/SCOTT SUMMER, BIG MAN/FREDERICK FO, MONTANA, EVANS, DORIS, ELLIS, KEN, KWAN, TERRY, ROBERTSON, JOE, PAGE, KAREN, TOWER, BLAKE, IRON MAN/TONY STARK , GAMBONNO, LUIGI, WARREN, MR., TRAINER, DR. SEWARD, GREEN GOBLIN/NORMAN , THORSON, DR. WALTER, GAMBONNO, ERNESTO, SUNDOWN/DR. DAVE LOW, SUB-MARINER/NAMOR MA, HULK/DR. ROBERT BRUC, MCKEEVER, TINY, WATSON, ANNA, STACY, JILL, ANT-MAN/DR. HENRY J., URICH, BEN, LEEDS, NED, GRIM HUNTER/KRAVINOF, JAMESON, J. JONAH, THOMPSON, EUGENE FLA, KAINE, INVISIBLE WOMAN/SUE , THING/BENJAMIN J. GR, OSBORN, HARRY, MORBIUS/DR. MICHAEL , SPIDER-MAN CLONE/BEN, KRAVEN THE HUNTER/SE, STACY, GWEN, MR. FANTASTIC/REED R, OSBORN, LIZ ALLAN, DR. STRANGE/STEPHEN , LUMLEY, JUDY, WASP/JANET VAN DYNE , NELSON, FRANKLIN FOG, CAPTAIN AMERICA, OX, MARVEL GIRL/JEAN GRE, BYRNES, GAYLE WATSON, CALDRONE, JAVIER, SPIDER-MAN/PETER PAR, SPIDERCIDE, HOBGOBLIN II/RODERIC, BRUTO THE STRONGMAN/, HOGAN, HAROLD J. HAP, FANCY DAN, THOR/DR. DONALD BLAK"
KINGPIN/WILSON FISK,"ROBERTSON, JOE, JAMESON, MARLA MADIS, DR. OCTOPUS/OTTO OCT, FORTUNATO, GIACOMO J, OSBORN, LIZ ALLAN, PARKER, MAY, GRANT, GLORIA GLORY, MCKEEVER, TINY, BULLSEYE II/BENJAMIN, WATSON, ANNA, STACY, JILL, WATSON-PARKER, MARY , TARANTULA/ANTON MIGU, STACY, ARTHUR, KINGSLEY, DANIEL, LIGHTMASTER/EDWARD L, PULASKI, JOSEPHINE J, LIZARD/DR. CURTIS CO, BLADE, JAMESON, J. JONAH, IONELLO, JASON, WARD, SEN. STEWART, LEEDS, BETTY BRANT, THOMPSON, EUGENE FLA, SHIFFMAN, MAXIE, CYCLOPS/SCOTT SUMMER, OSBORN, HARRY, MORBIUS/DR. MICHAEL , SPIDER-MAN/PETER PAR, KRAVEN THE HUNTER/SE, HOBGOBLIN II/RODERIC, BEYONDER"
"GARTH, DONNA",ZOMBIE/SIMON GARTH
ZOMBIE/SIMON GARTH,"GARTH, DONNA"
"WATSON-PARKER, MARY ","DR. OCTOPUS/OTTO OCT, TURBO II (A)/MICHIKO, VULTURE/ADRIAN TOOME, JACK, PARKER, MAY, GREEN GOBLIN III/BAR, MUGGINS, MAMIE, BULLSEYE II/BENJAMIN, SILVERMANE/SILVIO MA, DOLMAN, MORGAN, UATU, WARD, SEN. STEWART, LUBENSKI, NATE, PROUST, PAUL, BEYONDER, TOMBSTONE/LONNIE THO, SHA SHAN, HOCHBERG, ROGER, SLOAN, DR., GRANT, GLORIA GLORY, MAXWELL, MORRIS, KINGPIN/WILSON FISK, GEE/ALEX POWER, STACY, ARTHUR, KINGSLEY, DANIEL, TREVANE, DET. CONNOR, ICEMAN/ROBERT BOBBY , HOBGOBLIN III/LEFTY , BUCKNER, GRANT, LIZARD/DR. CURTIS CO, JACKAL/MILES WARREN, OVERRIDE/DR. GREGORY, STACY, GWEN (CLONE), STUNNER/ANGELINA BRA, BANNON, LANCE, ELLIS, KEN, KWAN, TERRY, ROBERTSON, JOE, JAMESON, MARLA MADIS, TOWER, BLAKE, TRAINER, DR. SEWARD, PUNISHER II/FRANK CA, GREEN GOBLIN IV/PHIL, THORSON, DR. WALTER, WATSON, ANNA, STACY, JILL, HINDSIGHT LAD/CARLTO, URICH, BEN, SPEEDBALL II/DARRION, GRIM HUNTER/KRAVINOF, JAMESON, J. JONAH, THOMPSON, EUGENE FLA, KAINE, OSBORN, HARRY, SPIDER-MAN CLONE/BEN, THINKER, MORBIUS/DR. MICHAEL , GUARDIAN IV, FROG-MAN II/EUGENE P, LOCKER, MR., BLACK CAT/FELICIA HA, FIRESTAR/ANGELICA JO, OSBORN, LIZ ALLAN, D'SPAYRE, LUMLEY, JUDY, JUSTICE II/VANCE AST, THUNDERBALL/DR. ELIO, FOREIGNER/RAFAEL BAS, TARANTULA/ANTON MIGU, HITMAN/LT. BURT KENY, LIGHTMASTER/EDWARD L, LEEDS, BETTY BRANT, BYRNES, GAYLE WATSON, CALDRONE, JAVIER, SPIDER-MAN/PETER PAR, SPIDERCIDE, TRAVELLER, DR. JUDAS, HOBGOBLIN II/RODERIC, RAVEN, LT. JACOB"
"WATSON, ANNA","ROBERTSON, JOE, DR. OCTOPUS/OTTO OCT, TOWER, BLAKE, IRON MAN/TONY STARK , MR. FANTASTIC/REED R, WARREN, MR., PUNISHER II/FRANK CA, GREEN GOBLIN/NORMAN , VULTURE/ADRIAN TOOME, OSBORN, LIZ ALLAN, SANDMAN/WILLIAM BAKE, JACK, DAREDEVIL/MATT MURDO, PARKER, MAY, GREEN GOBLIN III/BAR, GRANT, GLORIA GLORY, WASP/JANET VAN DYNE , HUMAN TORCH/JOHNNY S, THUNDERBALL/DR. ELIO, KINGPIN/WILSON FISK, CHAMELEON/DMITRI SME, FOREIGNER/RAFAEL BAS, WATSON-PARKER, MARY , TARANTULA/ANTON MIGU, BROMWELL, DR., CAPTAIN AMERICA, ANT-MAN/DR. HENRY J., SILVERMANE/SILVIO MA, LIGHTMASTER/EDWARD L, MORGAN, LEEDS, NED, LIZARD/DR. CURTIS CO, JAMESON, J. JONAH, LEEDS, BETTY BRANT, JACKAL/MILES WARREN, KAINE, THOMPSON, EUGENE FLA, INVISIBLE WOMAN/SUE , THING/BENJAMIN J. GR, STUNNER/ANGELINA BRA, OSBORN, HARRY, SPIDER-MAN CLONE/BEN, MORBIUS/DR. MICHAEL , SPIDER-MAN/PETER PAR, GUARDIAN IV, TRAVELLER, DR. JUDAS, FROG-MAN II/EUGENE P, LUBENSKI, NATE, BANNON, LANCE, KRAVEN THE HUNTER/SE, LOCKER, MR., RAVEN, LT. JACOB, SHA SHAN, THOR/DR. DONALD BLAK"
"SPAULDING, PETER","ULTRON, THING/BENJAMIN J. GR, GARVIN, GEARS, JOCASTA, MACHINE MAN/X-51"
MACHINE MAN/X-51,"ULTRON, THING/BENJAMIN J. GR, GARVIN, GEARS, JOCASTA, SPAULDING, PETER"
JOCASTA,"ULTRON, MOON KNIGHT/MARC SPE, IRON MAN/TONY STARK , DAZZLER II/ALLISON B, THOR/DR. DONALD BLAK, MOONDRAGON/HEATHER D, GARVIN, GEARS, WASP/JANET VAN DYNE , ANGEL/WARREN KENNETH, WONDER MAN/SIMON WIL, TIGRA/GREER NELSON, CAPTAIN AMERICA, ANT-MAN/DR. HENRY J., ICEMAN/ROBERT BOBBY , VISION , MACHINE MAN/X-51, HERCULES [GREEK GOD], SCARLET WITCH/WANDA , JARVIS, EDWIN , THING/BENJAMIN J. GR, BEAST/HENRY &HANK& P, HAWK, BLACK PANTHER/T'CHAL, SPAULDING, PETER, BLACK WIDOW/NATASHA "
"GARVIN, GEARS","ULTRON, THING/BENJAMIN J. GR, JOCASTA, MACHINE MAN/X-51, SPAULDING, PETER"
ULTRON,"THING/BENJAMIN J. GR, GARVIN, GEARS, JOCASTA, MACHINE MAN/X-51, SPAULDING, PETER"
"CALDRONE, JAVIER","OVERRIDE/DR. GREGORY, THOMPSON, EUGENE FLA, LUMLEY, JUDY, URICH, BEN, MAXWELL, MORRIS, DOLMAN, ICEMAN/ROBERT BOBBY , SPIDER-MAN/PETER PAR, JAMESON, J. JONAH, THORSON, DR. WALTER, KWAN, TERRY, LEEDS, BETTY BRANT, WATSON-PARKER, MARY "
"JAMESON, J. JONAH","DR. OCTOPUS/OTTO OCT, VULTURE/ADRIAN TOOME, JACK, DAREDEVIL/MATT MURDO, PARKER, MAY, GREEN GOBLIN III/BAR, HUMAN TORCH/JOHNNY S, RAVEN, LT. JACOB, SILVERMANE/SILVIO MA, DOLMAN, UATU, IONELLO, JASON, TOKKOTS, BEAST/HENRY &HANK& P, RINGMASTER/MAYNARD T, STACY, CAPT. GEORGE, BEYONDER, CANNONBALL/JACK PULV, SANDMAN/WILLIAM BAKE, VULTURE II/BLACKIE D, GRANT, GLORIA GLORY, MAXWELL, MORRIS, ANGEL/WARREN KENNETH, KINGPIN/WILSON FISK, CHAMELEON/DMITRI SME, WATSON-PARKER, MARY , MCCORMICK, BARRY, BROMWELL, DR., MYSTERIO/QUENTIN BEC, KINGSLEY, DANIEL, TREVANE, DET. CONNOR, ICEMAN/ROBERT BOBBY , HOBGOBLIN III/LEFTY , BUCKNER, GRANT, LIZARD/DR. CURTIS CO, WONG, JACKAL/MILES WARREN, OVERRIDE/DR. GREGORY, STUNNER/ANGELINA BRA, CYCLOPS/SCOTT SUMMER, BIG MAN/FREDERICK FO, MONTANA, EVANS, DORIS, ELLIS, KEN, KWAN, TERRY, ROBERTSON, JOE, JAMESON, MARLA MADIS, PAGE, KAREN, TOWER, BLAKE, IRON MAN/TONY STARK , GAMBONNO, LUIGI, WARREN, MR., TRAINER, DR. SEWARD, GREEN GOBLIN/NORMAN , THORSON, DR. WALTER, GAMBONNO, ERNESTO, SUNDOWN/DR. DAVE LOW, SUB-MARINER/NAMOR MA, HULK/DR. ROBERT BRUC, MCKEEVER, TINY, WATSON, ANNA, ANT-MAN/DR. HENRY J., URICH, BEN, LEEDS, NED, THOMPSON, EUGENE FLA, KAINE, INVISIBLE WOMAN/SUE , THING/BENJAMIN J. GR, OSBORN, HARRY, SPIDER-MAN CLONE/BEN, GUARDIAN IV, KRAVEN THE HUNTER/SE, FAIRMONT, HANNAH, STACY, GWEN, MR. FANTASTIC/REED R, BLACK CAT/FELICIA HA, OSBORN, LIZ ALLAN, DR. STRANGE/STEPHEN , LUMLEY, JUDY, WASP/JANET VAN DYNE , NELSON, FRANKLIN FOG, TARANTULA/ANTON MIGU, CAPTAIN AMERICA, OX, MARVEL GIRL/JEAN GRE, LIGHTMASTER/EDWARD L, LEEDS, BETTY BRANT, CALDRONE, JAVIER, SPIDER-MAN/PETER PAR, SPIDERCIDE, HOBGOBLIN II/RODERIC, BRUTO THE STRONGMAN/, HOGAN, HAROLD J. HAP, FANCY DAN, THOR/DR. DONALD BLAK"
DOLMAN,"THOMPSON, EUGENE FLA, CALDRONE, JAVIER, OVERRIDE/DR. GREGORY, LUMLEY, JUDY, MAXWELL, MORRIS, URICH, BEN, SPIDER-MAN/PETER PAR, ICEMAN/ROBERT BOBBY , JAMESON, J. JONAH, THORSON, DR. WALTER, KWAN, TERRY, LEEDS, BETTY BRANT, WATSON-PARKER, MARY "
"URICH, BEN","THOMPSON, EUGENE FLA, CALDRONE, JAVIER, OVERRIDE/DR. GREGORY, SLOAN, DR., LUMLEY, JUDY, MAXWELL, MORRIS, BLACK CAT/FELICIA HA, DOLMAN, SPIDER-MAN/PETER PAR, ICEMAN/ROBERT BOBBY , BANNON, LANCE, HOCHBERG, ROGER, LIZARD/DR. CURTIS CO, JAMESON, J. JONAH, THORSON, DR. WALTER, KWAN, TERRY, LEEDS, BETTY BRANT, WATSON-PARKER, MARY "
"KWAN, TERRY","THOMPSON, EUGENE FLA, CALDRONE, JAVIER, OVERRIDE/DR. GREGORY, LUMLEY, JUDY, MAXWELL, MORRIS, URICH, BEN, DOLMAN, SPIDER-MAN/PETER PAR, ICEMAN/ROBERT BOBBY , JAMESON, J. JONAH, THORSON, DR. WALTER, LEEDS, BETTY BRANT, WATSON-PARKER, MARY "
OVERRIDE/DR. GREGORY,"THOMPSON, EUGENE FLA, CALDRONE, JAVIER, LUMLEY, JUDY, MAXWELL, MORRIS, URICH, BEN, DOLMAN, SPIDER-MAN/PETER PAR, ICEMAN/ROBERT BOBBY , JAMESON, J. JONAH, THORSON, DR. WALTER, KWAN, TERRY, LEEDS, BETTY BRANT, WATSON-PARKER, MARY "
ICEMAN/ROBERT BOBBY ,"EL TIGRE, ARISHEM [CELESTIAL], ZIRAN, ANDROMEDA/ANDROMEDA , INTERLOPER, DAREDEVIL/MATT MURDO, HENDERSHOOT, COLONEL, PARKER, MAY, MOONDRAGON/HEATHER D, LOCUST, HUMAN TORCH/JOHNNY S, SCARECROW/EBENEZER L, DOLMAN, IONELLO, JASON, BEAST/HENRY &HANK& P, GAMMENON [CELESTIAL], ZELDA, BEYONDER, KUKULCAN/VIRAKO/QUET, D'ANGELO, LIEUTENANT, NORRISS, SISTER BARB, FREDERICKS, GENERAL, MAXWELL, MORRIS, EEL/LEOPOLD STRYKE, ANGEL/WARREN KENNETH, SUPER-ADAPTOID/ALESS, UNUS THE UNTOUCHABLE, WONDER MAN/SIMON WIL, OGRE, TIGRA/GREER NELSON, WATSON-PARKER, MARY , GARGOYLE II/ISAAC CH, WONG, SCARLET WITCH/WANDA , LUCIFER, OVERRIDE/DR. GREGORY, CYCLOPS/SCOTT SUMMER, DRAGON OF THE MOON, UNICORN/MYLOS MASARY, BLACK PANTHER/T'CHAL, KWAN, TERRY, QUICKSILVER/PIETRO M, MOON KNIGHT/MARC SPE, IRON MAN/TONY STARK , JOCASTA, BLOB/FRED J. DUKES, GREEN GOBLIN/NORMAN , THORSON, DR. WALTER, SUPREME ONE, SUNDOWN/DR. DAVE LOW, SUB-MARINER/NAMOR MA, PLANTMAN/SAM SMITHER, HULK/DR. ROBERT BRUC, ROBERTS, TED, MCKEEVER, TINY, BANSHEE/SEAN CASSIDY, CLOUD, ANT-MAN/DR. HENRY J., URICH, BEN, VISION , JAMESON, J. JONAH, THOMPSON, EUGENE FLA, INVISIBLE WOMAN/SUE , THING/BENJAMIN J. GR, HAWK, MIMIC/CALVIN RANKIN, PUPPET MASTER/PHILLI, PROFESSOR X/CHARLES , BLACK WIDOW/NATASHA , STAR THIEF II, MR. FANTASTIC/REED R, PORCUPINE/ALEX GENTR, KUBIK, DAZZLER II/ALLISON B, OSBORN, LIZ ALLAN, MANSLAUGHTER, DR. STRANGE/STEPHEN , TOLOC, LUMLEY, JUDY, WASP/JANET VAN DYNE , SOUTHERN, CANDY, CAPTAIN AMERICA, MARVEL GIRL/JEAN GRE, RAMON, PENANCE/MONET ST. CR, HERCULES [GREEK GOD], LEEDS, BETTY BRANT, CALDRONE, JAVIER, JARVIS, EDWIN , ONE ABOVE ALL [CELES, COUNT NEFARIA, LUCHI, CANTOR, VERA, DOMINUS, SPIDER-MAN/PETER PAR, SUMMERS, NATHAN CHRI, HOGAN, HAROLD J. HAP, THOR/DR. DONALD BLAK"
"THOMPSON, EUGENE FLA","ROBERTSON, JOE, DR. OCTOPUS/OTTO OCT, MR. FANTASTIC/REED R, IRON MAN/TONY STARK , WARREN, MR., GREEN GOBLIN/NORMAN , VULTURE/ADRIAN TOOME, OSBORN, LIZ ALLAN, THORSON, DR. WALTER, DR. STRANGE/STEPHEN , SANDMAN/WILLIAM BAKE, JACK, DAREDEVIL/MATT MURDO, SUNDOWN/DR. DAVE LOW, PARKER, MAY, SUB-MARINER/NAMOR MA, GRANT, GLORIA GLORY, LUMLEY, JUDY, HULK/DR. ROBERT BRUC, MAXWELL, MORRIS, WASP/JANET VAN DYNE , HUMAN TORCH/JOHNNY S, MCKEEVER, TINY, ANGEL/WARREN KENNETH, KINGPIN/WILSON FISK, BULLSEYE II/BENJAMIN, CHAMELEON/DMITRI SME, WATSON, ANNA, STACY, JILL, WATSON-PARKER, MARY , TARANTULA/ANTON MIGU, CAPTAIN AMERICA, STACY, ARTHUR, CAPUTO, DR. JULIA, BROMWELL, DR., MYSTERIO/QUENTIN BEC, MARVEL GIRL/JEAN GRE, OX, FANCY DAN, HITMAN/LT. BURT KENY, ANT-MAN/DR. HENRY J., URICH, BEN, TREVANE, DET. CONNOR, DOLMAN, ICEMAN/ROBERT BOBBY , LIGHTMASTER/EDWARD L, MORGAN, LEEDS, NED, PULASKI, JOSEPHINE J, WONG, JAMESON, J. JONAH, WARD, SEN. STEWART, IONELLO, JASON, LEEDS, BETTY BRANT, JACKAL/MILES WARREN, OVERRIDE/DR. GREGORY, CALDRONE, JAVIER, KAINE, THING/BENJAMIN J. GR, SHIFFMAN, MAXIE, INVISIBLE WOMAN/SUE , BEAST/HENRY &HANK& P, CYCLOPS/SCOTT SUMMER, MONTANA, BIG MAN/FREDERICK FO, SPIDER-MAN CLONE/BEN, MORBIUS/DR. MICHAEL , EVANS, DORIS, SPIDER-MAN/PETER PAR, SPIDERCIDE, KRAVEN THE HUNTER/SE, HOGAN, HAROLD J. HAP, RAVEN, LT. JACOB, KWAN, TERRY, SHA SHAN, THOR/DR. DONALD BLAK"
"THORSON, DR. WALTER","OVERRIDE/DR. GREGORY, CALDRONE, JAVIER, THOMPSON, EUGENE FLA, LUMLEY, JUDY, MAXWELL, MORRIS, URICH, BEN, DOLMAN, ICEMAN/ROBERT BOBBY , SPIDER-MAN/PETER PAR, JAMESON, J. JONAH, KWAN, TERRY, LEEDS, BETTY BRANT, WATSON-PARKER, MARY "
"MAXWELL, MORRIS","OVERRIDE/DR. GREGORY, CALDRONE, JAVIER, THOMPSON, EUGENE FLA, LUMLEY, JUDY, URICH, BEN, DOLMAN, ICEMAN/ROBERT BOBBY , SPIDER-MAN/PETER PAR, JAMESON, J. JONAH, THORSON, DR. WALTER, KWAN, TERRY, LEEDS, BETTY BRANT, WATSON-PARKER, MARY "
"LUMLEY, JUDY","OVERRIDE/DR. GREGORY, CALDRONE, JAVIER, THOMPSON, EUGENE FLA, URICH, BEN, MAXWELL, MORRIS, DOLMAN, ICEMAN/ROBERT BOBBY , SPIDER-MAN/PETER PAR, JAMESON, J. JONAH, THORSON, DR. WALTER, KWAN, TERRY, LEEDS, BETTY BRANT, WATSON-PARKER, MARY "
"GRANT, GLORIA GLORY","ROBERTSON, JOE, PARKER, MAY, GREEN GOBLIN III/BAR, KINGPIN/WILSON FISK, WATSON, ANNA, WATSON-PARKER, MARY , MCCORMICK, BARRY, TARANTULA/ANTON MIGU, SILVERMANE/SILVIO MA, LIGHTMASTER/EDWARD L, MORGAN, LIZARD/DR. CURTIS CO, JAMESON, J. JONAH, THOMPSON, EUGENE FLA, TOKKOTS, OSBORN, HARRY, MORBIUS/DR. MICHAEL , SPIDER-MAN/PETER PAR, KRAVEN THE HUNTER/SE, FAIRMONT, HANNAH, SHA SHAN, THOR/DR. DONALD BLAK"
"FAIRMONT, HANNAH","SIF, CASE, COL. PRESTON, COLLINS, DEMITRIUS, IRON MAN/TONY STARK , DIAMOND, CHUCKY, LOKI [ASGARDIAN], BRADLEY, HANK, VOLLA, KINCAID, DR. JANE FO, PARKER, MAY, HELA [ASGARDIAN], GRANT, GLORIA GLORY, ADVA, FAIRMONT, AMANDA MAN, CAPTAIN AMERICA, MCCORMICK, BARRY, PERRIKUS, JAMESON, J. JONAH, SCARLET WITCH/WANDA , TOKKOTS, THING/BENJAMIN J. GR, KINCAID, DR. KEITH, DESTROYER III, HAWK, SPIDER-MAN/PETER PAR, MAJESTON ZELIA, THOR/DR. DONALD BLAK"
"MCCORMICK, BARRY","PARKER, MAY, TOKKOTS, GRANT, GLORIA GLORY, SPIDER-MAN/PETER PAR, FAIRMONT, HANNAH, JAMESON, J. JONAH, THOR/DR. DONALD BLAK"
TOKKOTS,"MCCORMICK, BARRY, PARKER, MAY, GRANT, GLORIA GLORY, SPIDER-MAN/PETER PAR, FAIRMONT, HANNAH, JAMESON, J. JONAH, THOR/DR. DONALD BLAK"
STAR THIEF II,"CLOUD, BEAST/HENRY &HANK& P, NORRISS, SISTER BARB, GARGOYLE II/ISAAC CH, KUBIK, ICEMAN/ROBERT BOBBY , ANGEL/WARREN KENNETH, ANDROMEDA/ANDROMEDA , MANSLAUGHTER"
GARGOYLE II/ISAAC CH,"ARCANNA/ARCANNA JONE, STAR THIEF II, MR. FANTASTIC/REED R, MAELSTROM/MALCOLM ST, NORRISS, SISTER BARB, KUBIK, EON, ANDROMEDA/ANDROMEDA , INTERLOPER, MANSLAUGHTER, DR. STRANGE/STEPHEN , KRONOS, GARFIELD, MURRAY, MOONDRAGON/HEATHER D, LORD CHAOS, RED GUARDIAN III/DR., WHIZZER II/STANLEY S, HUMAN TORCH/JOHNNY S, ANGEL/WARREN KENNETH, SERGEI, SOUTHERN, CANDY, QUASAR III/WENDELL V, HYPERION, CLOUD, POWER PRINCESS/ZARDA, BALLANTINE, KAYLA, ICEMAN/ROBERT BOBBY , JACK OF HEARTS/JACK , SHAPE, TANAKA, KENJIRO, LADY LARK/LINDA LEWI, MAKKARI/MIKE KHARY/I, BEAST/HENRY &HANK& P, DRAGON OF THE MOON, DR. SPECTRUM/JOSEPH , BEYONDER"
KUBIK,"STAR THIEF II, CLOUD, BEAST/HENRY &HANK& P, NORRISS, SISTER BARB, GARGOYLE II/ISAAC CH, ICEMAN/ROBERT BOBBY , ANGEL/WARREN KENNETH, ANDROMEDA/ANDROMEDA , MANSLAUGHTER"
CLOUD,"STAR THIEF II, BEAST/HENRY &HANK& P, NORRISS, SISTER BARB, GARGOYLE II/ISAAC CH, KUBIK, ICEMAN/ROBERT BOBBY , ANGEL/WARREN KENNETH, ANDROMEDA/ANDROMEDA , MANSLAUGHTER"
MANSLAUGHTER,"STAR THIEF II, MOONDRAGON/HEATHER D, CLOUD, BEAST/HENRY &HANK& P, MR. FANTASTIC/REED R, NORRISS, SISTER BARB, DRAGON OF THE MOON, GARGOYLE II/ISAAC CH, KUBIK, ICEMAN/ROBERT BOBBY , HUMAN TORCH/JOHNNY S, ANGEL/WARREN KENNETH, ANDROMEDA/ANDROMEDA , BEYONDER, SOUTHERN, CANDY, INTERLOPER"
"SOUTHERN, CANDY","MR. FANTASTIC/REED R, IRON MAN/TONY STARK , NORRISS, SISTER BARB, ANDROMEDA/ANDROMEDA , INTERLOPER, MANSLAUGHTER, MOONDRAGON/HEATHER D, WASP/JANET VAN DYNE , HUMAN TORCH/JOHNNY S, ANGEL/WARREN KENNETH, TIGRA/GREER NELSON, CAPTAIN AMERICA, GHOST RIDER II/JOHNN, ANT-MAN/DR. HENRY J., GARGOYLE II/ISAAC CH, ICEMAN/ROBERT BOBBY , JARVIS, EDWIN , BEAST/HENRY &HANK& P, DRAGON OF THE MOON, BEYONDER, THOR/DR. DONALD BLAK"
INTERLOPER,"MR. FANTASTIC/REED R, MOONDRAGON/HEATHER D, BEAST/HENRY &HANK& P, NORRISS, SISTER BARB, DRAGON OF THE MOON, GARGOYLE II/ISAAC CH, HUMAN TORCH/JOHNNY S, ICEMAN/ROBERT BOBBY , ANGEL/WARREN KENNETH, ANDROMEDA/ANDROMEDA , BEYONDER, SOUTHERN, CANDY, MANSLAUGHTER"
MOONDRAGON/HEATHER D,"PHOENIX III/RACHEL S, TEN FOR, ANDROMEDA/ANDROMEDA , INTERLOPER, RED GUARDIAN III/DR., JAKAR, HUMAN TORCH/JOHNNY S, SERGEI, CHARM, JACK OF HEARTS/JACK , MAKKARI/MIKE KHARY/I, BEAST/HENRY &HANK& P, BEAUTY, ROCKET RACCOON, DR. SPECTRUM/JOSEPH , BEYONDER, MASTER ELO, NORRISS, SISTER BARB, USAGENT/CAPTAIN JOHN, DIAMONDHEAD/DYKER, KRONOS, GARFIELD, MURRAY, WHIZZER II/STANLEY S, ANGEL/WARREN KENNETH, WONDER MAN/SIMON WIL, TIGRA/GREER NELSON, QUASAR III/WENDELL V, EGO-PRIME, GARGOYLE II/ISAAC CH, ICEMAN/ROBERT BOBBY , BI-BEAST II, SHAPE, SCARLET WITCH/WANDA , TANAKA, KENJIRO, DRAGON OF THE MOON, ELO, MODRED THE MYSTIC, BLACK PANTHER/T'CHAL, ARCANNA/ARCANNA JONE, MOON KNIGHT/MARC SPE, IRON MAN/TONY STARK , MAELSTROM/MALCOLM ST, JOCASTA, DRAX/ARTHUR DOUGLAS, SHANGA, LORD CHAOS, ANT-MAN/DR. HENRY J., KRO [DEVIANT], MEGGAN, VISION , DRAGONFLY/VERONICA D, TRUTH, HAWK, STARDUST/T'URIN G'AR, STRANGER, NIGHTCRAWLER/KURT WA, BLACK WIDOW/NATASHA , MR. FANTASTIC/REED R, REJECT/RAN-SAK [DEVI, WIDGET, EON, DAZZLER II/ALLISON B, MANSLAUGHTER, DR. STRANGE/STEPHEN , OVERMIND/GROM, WASP/JANET VAN DYNE , HAYWIRE/, TUTINAX, SOUTHERN, CANDY, CAPTAIN BRITAIN/BRIA, CAPTAIN AMERICA, HYPERION, POWER PRINCESS/ZARDA, BALLANTINE, KAYLA, 4-D MAN/MERCURIO, HERCULES [GREEK GOD], BLOOD BROTHERS, JARVIS, EDWIN , LADY LARK/LINDA LEWI, KRAKOA, THOR/DR. DONALD BLAK"
DRAGON OF THE MOON,"MR. FANTASTIC/REED R, MOONDRAGON/HEATHER D, BEAST/HENRY &HANK& P, NORRISS, SISTER BARB, GARGOYLE II/ISAAC CH, HUMAN TORCH/JOHNNY S, ICEMAN/ROBERT BOBBY , ANGEL/WARREN KENNETH, ANDROMEDA/ANDROMEDA , BEYONDER, SOUTHERN, CANDY, INTERLOPER, MANSLAUGHTER"
HUMAN TORCH/JOHNNY S,"STARFOX/EROS, MR. FANTASTIC/REED R, VIBRAXAS/N'KANO, IRON MAN/TONY STARK , DR. OCTOPUS/OTTO OCT, GRIMM, JAKE, NORRISS, SISTER BARB, ROSENTHAL, BERNIE, GALACTUS/GALAN, ANT-MAN II/SCOTT HAR, ANDROMEDA/ANDROMEDA , MASTERS, ALICIA REIS, GREEN GOBLIN/NORMAN , VULTURE/ADRIAN TOOME, INTERLOPER, MANSLAUGHTER, GLADIATOR II, DR. STRANGE/STEPHEN , OSBORN, LIZ ALLAN, DAREDEVIL/MATT MURDO, SANDMAN/WILLIAM BAKE, SUNDOWN/DR. DAVE LOW, PARKER, MAY, SUB-MARINER/NAMOR MA, MOONDRAGON/HEATHER D, SILVER SURFER/NORRIN, WASP/JANET VAN DYNE , HULK/DR. ROBERT BRUC, MCKEEVER, TINY, ANGEL/WARREN KENNETH, ANELLE, SOUTHERN, CANDY, WATSON, ANNA, KRISTOFF/KRISTOFF VE, TIGRA/GREER NELSON, CAPTAIN AMERICA, BROMWELL, DR., MARVEL GIRL/JEAN GRE, HUNTARA/MARY ELIZABE, ANT-MAN/DR. HENRY J., GARGOYLE II/ISAAC CH, ICEMAN/ROBERT BOBBY , UATU, RICHARDS, NATHANIEL, LEEDS, NED, NOVA II/FRANKIE RAYE, VISION , WONG, JAMESON, J. JONAH, MOLECULE MAN/OWEN RE, IONELLO, JASON, LEEDS, BETTY BRANT, ANNIHILUS, SCARLET WITCH/WANDA , INVISIBLE WOMAN/SUE , JARVIS, EDWIN , PSI-LORD/FRANKLIN BE, THING/BENJAMIN J. GR, DEVLOR, THOMPSON, EUGENE FLA, BEAST/HENRY &HANK& P, CYCLOPS/SCOTT SUMMER, EVANS, DORIS, SHE-HULK/JENNIFER WA, DRAGON OF THE MOON, LYJA LAZERFIST [SKRU, SPIDER-MAN/PETER PAR, KRAVEN THE HUNTER/SE, DEATH, RICHARDS, FRANKLIN B, BEYONDER, CAPTAIN MARVEL II/MO, HOGAN, HAROLD J. HAP, THOR/DR. DONALD BLAK"
BEYONDER,"JAMESON, MARLA MADIS, MR. FANTASTIC/REED R, NORRISS, SISTER BARB, ANDROMEDA/ANDROMEDA , INTERLOPER, MANSLAUGHTER, OSBORN, LIZ ALLAN, MOONDRAGON/HEATHER D, HUMAN TORCH/JOHNNY S, ANGEL/WARREN KENNETH, KINGPIN/WILSON FISK, SOUTHERN, CANDY, WATSON-PARKER, MARY , KINGSLEY, DANIEL, GARGOYLE II/ISAAC CH, ICEMAN/ROBERT BOBBY , JAMESON, J. JONAH, BEAST/HENRY &HANK& P, OSBORN, HARRY, DRAGON OF THE MOON, SPIDER-MAN/PETER PAR, HOBGOBLIN II/RODERIC"
DR. OCTOPUS/OTTO OCT,"MR. FANTASTIC/REED R, IRON MAN/TONY STARK , GREEN GOBLIN/NORMAN , VULTURE/ADRIAN TOOME, OSBORN, LIZ ALLAN, SANDMAN/WILLIAM BAKE, DAREDEVIL/MATT MURDO, PARKER, MAY, WASP/JANET VAN DYNE , HUMAN TORCH/JOHNNY S, BULLSEYE II/BENJAMIN, KINGPIN/WILSON FISK, WATSON, ANNA, STACY, JILL, CAPTAIN AMERICA, BROMWELL, DR., WATSON-PARKER, MARY , STACY, ARTHUR, ANT-MAN/DR. HENRY J., LEEDS, NED, JAMESON, J. JONAH, WARD, SEN. STEWART, LEEDS, BETTY BRANT, THOMPSON, EUGENE FLA, INVISIBLE WOMAN/SUE , THING/BENJAMIN J. GR, SPIDER-MAN/PETER PAR, KRAVEN THE HUNTER/SE, THOR/DR. DONALD BLAK"
"WARD, SEN. STEWART","THOMPSON, EUGENE FLA, STACY, ARTHUR, PARKER, MAY, DR. OCTOPUS/OTTO OCT, SPIDER-MAN/PETER PAR, BULLSEYE II/BENJAMIN, KINGPIN/WILSON FISK, LEEDS, BETTY BRANT, STACY, JILL, WATSON-PARKER, MARY "
BULLSEYE II/BENJAMIN,"THOMPSON, EUGENE FLA, STACY, ARTHUR, PARKER, MAY, DR. OCTOPUS/OTTO OCT, SPIDER-MAN/PETER PAR, KINGPIN/WILSON FISK, WARD, SEN. STEWART, LEEDS, BETTY BRANT, STACY, JILL, WATSON-PARKER, MARY "
MISTER HYDE/CALVIN Z,"ASP II/CLEO, RATTLER, COACHWHIP, COBRA/KLAUS VORHEES, ANACONDA/BLANCHE SIT, BLACK MAMBA/TANYA SE, COPPERHEAD III/DAVIS, ROCK PYTHON, BLACK RACER/, BOOMSLANG/, BUSHMASTER II/QUINCY, PUFF ADDER, FER DE LANCE/TERESA"
COACHWHIP,"ASP II/CLEO, RATTLER, MISTER HYDE/CALVIN Z, ANACONDA/BLANCHE SIT, COBRA/KLAUS VORHEES, COPPERHEAD III/DAVIS, BLACK MAMBA/TANYA SE, ROCK PYTHON, BLACK RACER/, BOOMSLANG/, BUSHMASTER II/QUINCY, PUFF ADDER, FER DE LANCE/TERESA"
COBRA/KLAUS VORHEES,"ASP II/CLEO, RATTLER, MISTER HYDE/CALVIN Z, COACHWHIP, ANACONDA/BLANCHE SIT, COPPERHEAD III/DAVIS, BLACK MAMBA/TANYA SE, ROCK PYTHON, BLACK RACER/, BOOMSLANG/, BUSHMASTER II/QUINCY, PUFF ADDER, FER DE LANCE/TERESA"
ASP II/CLEO,"RATTLER, MISTER HYDE/CALVIN Z, COACHWHIP, ANACONDA/BLANCHE SIT, COBRA/KLAUS VORHEES, COPPERHEAD III/DAVIS, BLACK MAMBA/TANYA SE, ROCK PYTHON, BLACK RACER/, BOOMSLANG/, BUSHMASTER II/QUINCY, PUFF ADDER, FER DE LANCE/TERESA"
BUSHMASTER II/QUINCY,"ASP II/CLEO, RATTLER, MISTER HYDE/CALVIN Z, COACHWHIP, ANACONDA/BLANCHE SIT, COBRA/KLAUS VORHEES, COPPERHEAD III/DAVIS, BLACK MAMBA/TANYA SE, ROCK PYTHON, BLACK RACER/, BOOMSLANG/, PUFF ADDER, FER DE LANCE/TERESA"
FER DE LANCE/TERESA,"ASP II/CLEO, RATTLER, MISTER HYDE/CALVIN Z, COACHWHIP, ANACONDA/BLANCHE SIT, COBRA/KLAUS VORHEES, COPPERHEAD III/DAVIS, BLACK MAMBA/TANYA SE, ROCK PYTHON, BLACK RACER/, BOOMSLANG/, BUSHMASTER II/QUINCY, PUFF ADDER"
BLACK MAMBA/TANYA SE,"ASP II/CLEO, RATTLER, MISTER HYDE/CALVIN Z, COACHWHIP, ANACONDA/BLANCHE SIT, COBRA/KLAUS VORHEES, COPPERHEAD III/DAVIS, ROCK PYTHON, BLACK RACER/, BOOMSLANG/, BUSHMASTER II/QUINCY, PUFF ADDER, FER DE LANCE/TERESA"
BLACK RACER/,"QUICKSILVER/PIETRO M, RATTLER, ARCANNA/ARCANNA JONE, ANACONDA/BLANCHE SIT, BLACK MAMBA/TANYA SE, RUNNER, ROCK PYTHON, EON, WHIZZER III/JAMES SA, FER DE LANCE/TERESA, ASP II/CLEO, COACHWHIP, COBRA/KLAUS VORHEES, FLASH/BARRY ALLEN/BU, WHIZZER II/STANLEY S, BOOMSLANG/, QUASAR III/WENDELL V, HYPERION, POWER PRINCESS/ZARDA, COPPERHEAD III/DAVIS, BALLANTINE, KAYLA, PUFF ADDER, SHAPE, TANAKA, KENJIRO, LADY LARK/LINDA LEWI, MISTER HYDE/CALVIN Z, MAKKARI/MIKE KHARY/I, DR. SPECTRUM/JOSEPH , SUPER SABRE/MARTIN F, BUSHMASTER II/QUINCY, CAPTAIN MARVEL II/MO"
ROCK PYTHON,"ASP II/CLEO, RATTLER, MISTER HYDE/CALVIN Z, COACHWHIP, ANACONDA/BLANCHE SIT, COBRA/KLAUS VORHEES, COPPERHEAD III/DAVIS, BLACK MAMBA/TANYA SE, BLACK RACER/, BOOMSLANG/, BUSHMASTER II/QUINCY, PUFF ADDER, FER DE LANCE/TERESA"
ANACONDA/BLANCHE SIT,"ASP II/CLEO, RATTLER, MISTER HYDE/CALVIN Z, COACHWHIP, COBRA/KLAUS VORHEES, COPPERHEAD III/DAVIS, BLACK MAMBA/TANYA SE, ROCK PYTHON, BLACK RACER/, BOOMSLANG/, BUSHMASTER II/QUINCY, PUFF ADDER, FER DE LANCE/TERESA"
PUFF ADDER,"ASP II/CLEO, RATTLER, MISTER HYDE/CALVIN Z, COACHWHIP, COBRA/KLAUS VORHEES, ANACONDA/BLANCHE SIT, COPPERHEAD III/DAVIS, BLACK MAMBA/TANYA SE, ROCK PYTHON, BLACK RACER/, BUSHMASTER II/QUINCY, BOOMSLANG/, FER DE LANCE/TERESA"
BOOMSLANG/,"ASP II/CLEO, RATTLER, MISTER HYDE/CALVIN Z, COACHWHIP, COBRA/KLAUS VORHEES, ANACONDA/BLANCHE SIT, COPPERHEAD III/DAVIS, BLACK MAMBA/TANYA SE, ROCK PYTHON, BLACK RACER/, BUSHMASTER II/QUINCY, PUFF ADDER, FER DE LANCE/TERESA"
RATTLER,"ASP II/CLEO, MISTER HYDE/CALVIN Z, COACHWHIP, COBRA/KLAUS VORHEES, ANACONDA/BLANCHE SIT, COPPERHEAD III/DAVIS, BLACK MAMBA/TANYA SE, ROCK PYTHON, BLACK RACER/, BOOMSLANG/, BUSHMASTER II/QUINCY, PUFF ADDER, FER DE LANCE/TERESA"
COPPERHEAD III/DAVIS,"ASP II/CLEO, RATTLER, MISTER HYDE/CALVIN Z, COACHWHIP, COBRA/KLAUS VORHEES, ANACONDA/BLANCHE SIT, BLACK MAMBA/TANYA SE, ROCK PYTHON, BLACK RACER/, BOOMSLANG/, BUSHMASTER II/QUINCY, PUFF ADDER, FER DE LANCE/TERESA"
"MOREAU, DAVID","WIPEOUT, LONGSHOT, RANSOME, JENNIFER AM, STORM/ORORO MUNROE S, WOLVERINE/LOGAN , SUMMERS, MADELYNE MA, COLOSSUS II/PETER RA, HAVOK/ALEX SUMMERS , DAZZLER II/ALLISON B, MOREAU, PHILLIP, PSYLOCKE/ELISABETH B, ROGUE /"
"RANSOME, JENNIFER AM","HAWKSHAW, WIPEOUT, LONGSHOT, PUNCHOUT, STORM/ORORO MUNROE S, SUMMERS, MADELYNE MA, WOLVERINE/LOGAN , COLOSSUS II/PETER RA, MOREAU, DAVID, HAVOK/ALEX SUMMERS , GATEWAY, PIPELINE/CORMICK GRI, DAZZLER II/ALLISON B, MOREAU, PHILLIP, PSYLOCKE/ELISABETH B, ROGUE /"
"MOREAU, PHILLIP","WIPEOUT, LONGSHOT, RANSOME, JENNIFER AM, STORM/ORORO MUNROE S, SUMMERS, MADELYNE MA, WOLVERINE/LOGAN , COLOSSUS II/PETER RA, MOREAU, DAVID, HAVOK/ALEX SUMMERS , DAZZLER II/ALLISON B, PSYLOCKE/ELISABETH B, ROGUE /"
HAVOK/ALEX SUMMERS ,"HAWKSHAW, STORM/ORORO MUNROE S, MALICE IV, MAGIK/ILLYANA RASPUT, GATEWAY, DAZZLER II/ALLISON B, S'YM, ROGUE /, MAGNETO/MAGNUS/ERIC , CONOVER, REV. WILLIA, LONGSHOT, MR. SINISTER/NATHAN , SUMMERS, MADELYNE MA, TILBY, TRISH/PATRICI, MOREAU, DAVID, CANNONBALL II/SAM GU, PIPELINE/CORMICK GRI, CONOVER, HANNAH, N'ASTIRH, WOLFSBANE/RAHNE SINC, WARLOCK III, MARVEL GIRL/JEAN GRE, MIRAGE II/DANIELLE M, COLOSSUS II/PETER RA, PSYLOCKE/ELISABETH B, PUNCHOUT, WIPEOUT, SUNSPOT/ROBERTO DACO, RANSOME, JENNIFER AM, WOLVERINE/LOGAN , CYCLOPS/SCOTT SUMMER, POLARIS/LORNA DANE, SUMMERS, NATHAN CHRI, MOREAU, PHILLIP"
WIPEOUT,"LONGSHOT, RANSOME, JENNIFER AM, STORM/ORORO MUNROE S, SUMMERS, MADELYNE MA, WOLVERINE/LOGAN , COLOSSUS II/PETER RA, MOREAU, DAVID, HAVOK/ALEX SUMMERS , DAZZLER II/ALLISON B, MOREAU, PHILLIP, PSYLOCKE/ELISABETH B, ROGUE /"
DAZZLER II/ALLISON B,"HAWKSHAW, MOON KNIGHT/MARC SPE, IRON MAN/TONY STARK , STORM/ORORO MUNROE S, JOCASTA, MALICE IV, MAGIK/ILLYANA RASPUT, GATEWAY, THOR/DR. DONALD BLAK, S'YM, ROGUE /, MAGNETO/MAGNUS/ERIC , CONOVER, REV. WILLIA, LONGSHOT, MR. SINISTER/NATHAN , MOONDRAGON/HEATHER D, SUMMERS, MADELYNE MA, WASP/JANET VAN DYNE , TILBY, TRISH/PATRICI, MOREAU, DAVID, HAVOK/ALEX SUMMERS , CANNONBALL II/SAM GU, PIPELINE/CORMICK GRI, CONOVER, HANNAH, ANGEL/WARREN KENNETH, N'ASTIRH, WONDER MAN/SIMON WIL, WOLFSBANE/RAHNE SINC, WARLOCK III, CAPTAIN AMERICA, TIGRA/GREER NELSON, MARVEL GIRL/JEAN GRE, ANT-MAN/DR. HENRY J., MIRAGE II/DANIELLE M, COLOSSUS II/PETER RA, ICEMAN/ROBERT BOBBY , VISION , PSYLOCKE/ELISABETH B, HERCULES [GREEK GOD], SCARLET WITCH/WANDA , PUNCHOUT, WIPEOUT, SUNSPOT/ROBERTO DACO, JARVIS, EDWIN , RANSOME, JENNIFER AM, BEAST/HENRY &HANK& P, WOLVERINE/LOGAN , CYCLOPS/SCOTT SUMMER, HAWK, SUMMERS, NATHAN CHRI, POLARIS/LORNA DANE, MOREAU, PHILLIP, BLACK PANTHER/T'CHAL, BLACK WIDOW/NATASHA "
LONGSHOT,"HAWKSHAW, STORM/ORORO MUNROE S, MALICE IV, MAGIK/ILLYANA RASPUT, GATEWAY, DAZZLER II/ALLISON B, S'YM, ROGUE /, MAGNETO/MAGNUS/ERIC , CONOVER, REV. WILLIA, MR. SINISTER/NATHAN , SUMMERS, MADELYNE MA, TILBY, TRISH/PATRICI, MOREAU, DAVID, HAVOK/ALEX SUMMERS , CANNONBALL II/SAM GU, PIPELINE/CORMICK GRI, CONOVER, HANNAH, N'ASTIRH, WOLFSBANE/RAHNE SINC, WARLOCK III, MARVEL GIRL/JEAN GRE, MIRAGE II/DANIELLE M, COLOSSUS II/PETER RA, PSYLOCKE/ELISABETH B, PUNCHOUT, WIPEOUT, SUNSPOT/ROBERTO DACO, RANSOME, JENNIFER AM, WOLVERINE/LOGAN , CYCLOPS/SCOTT SUMMER, SUMMERS, NATHAN CHRI, POLARIS/LORNA DANE, MOREAU, PHILLIP"
"SUMMERS, MADELYNE MA","HAWKSHAW, STORM/ORORO MUNROE S, MALICE IV, MAGIK/ILLYANA RASPUT, GATEWAY, DAZZLER II/ALLISON B, S'YM, ROGUE /, MAGNETO/MAGNUS/ERIC , CONOVER, REV. WILLIA, LONGSHOT, MR. SINISTER/NATHAN , TILBY, TRISH/PATRICI, MOREAU, DAVID, HAVOK/ALEX SUMMERS , CANNONBALL II/SAM GU, PIPELINE/CORMICK GRI, CONOVER, HANNAH, N'ASTIRH, WOLFSBANE/RAHNE SINC, WARLOCK III, MARVEL GIRL/JEAN GRE, MIRAGE II/DANIELLE M, COLOSSUS II/PETER RA, PSYLOCKE/ELISABETH B, PUNCHOUT, WIPEOUT, SUNSPOT/ROBERTO DACO, RANSOME, JENNIFER AM, WOLVERINE/LOGAN , CYCLOPS/SCOTT SUMMER, POLARIS/LORNA DANE, SUMMERS, NATHAN CHRI, MOREAU, PHILLIP"
COLOSSUS II/PETER RA,"HAWKSHAW, STORM/ORORO MUNROE S, MALICE IV, MAGIK/ILLYANA RASPUT, GATEWAY, DAZZLER II/ALLISON B, S'YM, ROGUE /, MAGNETO/MAGNUS/ERIC , CONOVER, REV. WILLIA, LONGSHOT, MR. SINISTER/NATHAN , SUMMERS, MADELYNE MA, TILBY, TRISH/PATRICI, MOREAU, DAVID, HAVOK/ALEX SUMMERS , CANNONBALL II/SAM GU, PIPELINE/CORMICK GRI, CONOVER, HANNAH, N'ASTIRH, WOLFSBANE/RAHNE SINC, VANISHER, WARLOCK III, MARVEL GIRL/JEAN GRE, MIRAGE II/DANIELLE M, PSYLOCKE/ELISABETH B, PUNCHOUT, WIPEOUT, SUNSPOT/ROBERTO DACO, RANSOME, JENNIFER AM, WOLVERINE/LOGAN , CYCLOPS/SCOTT SUMMER, POLARIS/LORNA DANE, SUMMERS, NATHAN CHRI, MOREAU, PHILLIP, NIGHTCRAWLER/KURT WA"
MALICE IV,"LONGSHOT, MR. SINISTER/NATHAN , STORM/ORORO MUNROE S, WOLVERINE/LOGAN , SUMMERS, MADELYNE MA, COLOSSUS II/PETER RA, POLARIS/LORNA DANE, SUMMERS, NATHAN CHRI, HAVOK/ALEX SUMMERS , DAZZLER II/ALLISON B, N'ASTIRH, PSYLOCKE/ELISABETH B, ROGUE /"
"SUMMERS, NATHAN CHRI","STORM/ORORO MUNROE S, ARISHEM [CELESTIAL], MALICE IV, ZIRAN, GILBERTI, ROSE, DAZZLER II/ALLISON B, ROGUE /, LONGSHOT, MR. SINISTER/NATHAN , SUMMERS, MADELYNE MA, BRICKMAN, SEN. MILES, HAVOK/ALEX SUMMERS , MASTER MOLD II, ANGEL/WARREN KENNETH, MASTER MOLD III, DOMINO III/BEATRICE/, N'ASTIRH, KRAGG, GEN., STILT-MAN/WILBUR DAY, MARVEL GIRL/JEAN GRE, COLOSSUS II/PETER RA, ICEMAN/ROBERT BOBBY , MERRYWEATHER, IRENE, BLOCKADE/DEXTER PARI, PSYLOCKE/ELISABETH B, BLAQUESMITH, ONE ABOVE ALL [CELES, BRIDGE, GEORGE WASHI, GAMMENON [CELESTIAL], BEAST/HENRY &HANK& P, WOLVERINE/LOGAN , CYCLOPS/SCOTT SUMMER, POLARIS/LORNA DANE, HYDROMAN/MORRIE BENC, CREED, GRAYDON"
POLARIS/LORNA DANE,"LONGSHOT, MR. SINISTER/NATHAN , MARVEL GIRL/JEAN GRE, STORM/ORORO MUNROE S, WOLVERINE/LOGAN , SUMMERS, MADELYNE MA, MALICE IV, CYCLOPS/SCOTT SUMMER, TILBY, TRISH/PATRICI, COLOSSUS II/PETER RA, HAVOK/ALEX SUMMERS , SUMMERS, NATHAN CHRI, GATEWAY, DAZZLER II/ALLISON B, N'ASTIRH, PSYLOCKE/ELISABETH B, ROGUE /"
MR. SINISTER/NATHAN ,"LONGSHOT, STORM/ORORO MUNROE S, WOLVERINE/LOGAN , SUMMERS, MADELYNE MA, MALICE IV, COLOSSUS II/PETER RA, HAVOK/ALEX SUMMERS , SUMMERS, NATHAN CHRI, POLARIS/LORNA DANE, DAZZLER II/ALLISON B, N'ASTIRH, PSYLOCKE/ELISABETH B, ROGUE /"
N'ASTIRH,"LONGSHOT, MR. SINISTER/NATHAN , STORM/ORORO MUNROE S, WOLVERINE/LOGAN , SUMMERS, MADELYNE MA, MALICE IV, COLOSSUS II/PETER RA, HAVOK/ALEX SUMMERS , SUMMERS, NATHAN CHRI, POLARIS/LORNA DANE, DAZZLER II/ALLISON B, PSYLOCKE/ELISABETH B, ROGUE /"
GATEWAY,"HAWKSHAW, STORM/ORORO MUNROE S, MAGIK/ILLYANA RASPUT, DAZZLER II/ALLISON B, S'YM, ROGUE /, MAGNETO/MAGNUS/ERIC , CONOVER, REV. WILLIA, LONGSHOT, SUMMERS, MADELYNE MA, TILBY, TRISH/PATRICI, HAVOK/ALEX SUMMERS , CANNONBALL II/SAM GU, PIPELINE/CORMICK GRI, CONOVER, HANNAH, WOLFSBANE/RAHNE SINC, WARLOCK III, MARVEL GIRL/JEAN GRE, MIRAGE II/DANIELLE M, COLOSSUS II/PETER RA, PSYLOCKE/ELISABETH B, PUNCHOUT, SUNSPOT/ROBERTO DACO, RANSOME, JENNIFER AM, CYCLOPS/SCOTT SUMMER, WOLVERINE/LOGAN , POLARIS/LORNA DANE"
"TILBY, TRISH/PATRICI","CONOVER, REV. WILLIA, LONGSHOT, MARVEL GIRL/JEAN GRE, STORM/ORORO MUNROE S, WOLVERINE/LOGAN , SUMMERS, MADELYNE MA, CYCLOPS/SCOTT SUMMER, COLOSSUS II/PETER RA, POLARIS/LORNA DANE, HAVOK/ALEX SUMMERS , GATEWAY, CONOVER, HANNAH, DAZZLER II/ALLISON B, PSYLOCKE/ELISABETH B, S'YM, ROGUE /"
"CONOVER, REV. WILLIA","LONGSHOT, STORM/ORORO MUNROE S, WOLVERINE/LOGAN , SUMMERS, MADELYNE MA, TILBY, TRISH/PATRICI, COLOSSUS II/PETER RA, HAVOK/ALEX SUMMERS , GATEWAY, CONOVER, HANNAH, DAZZLER II/ALLISON B, PSYLOCKE/ELISABETH B, S'YM, ROGUE /"
"CONOVER, HANNAH","CONOVER, REV. WILLIA, LONGSHOT, STORM/ORORO MUNROE S, WOLVERINE/LOGAN , SUMMERS, MADELYNE MA, TILBY, TRISH/PATRICI, COLOSSUS II/PETER RA, HAVOK/ALEX SUMMERS , GATEWAY, DAZZLER II/ALLISON B, PSYLOCKE/ELISABETH B, S'YM, ROGUE /"
WOLFSBANE/RAHNE SINC,"MAGNETO/MAGNUS/ERIC , SUNSPOT/ROBERTO DACO, LONGSHOT, ROGUE /, STORM/ORORO MUNROE S, SUMMERS, MADELYNE MA, WOLVERINE/LOGAN , MAGIK/ILLYANA RASPUT, MIRAGE II/DANIELLE M, COLOSSUS II/PETER RA, HAVOK/ALEX SUMMERS , CANNONBALL II/SAM GU, GATEWAY, DAZZLER II/ALLISON B, PSYLOCKE/ELISABETH B, S'YM, WARLOCK III"
WARLOCK III,"MAGNETO/MAGNUS/ERIC , SUNSPOT/ROBERTO DACO, LONGSHOT, STORM/ORORO MUNROE S, WOLVERINE/LOGAN , SUMMERS, MADELYNE MA, MAGIK/ILLYANA RASPUT, MIRAGE II/DANIELLE M, PSYLOCKE/ELISABETH B, COLOSSUS II/PETER RA, HAVOK/ALEX SUMMERS , CANNONBALL II/SAM GU, GATEWAY, DAZZLER II/ALLISON B, WOLFSBANE/RAHNE SINC, S'YM, ROGUE /"
SUNSPOT/ROBERTO DACO,"MAGNETO/MAGNUS/ERIC , LONGSHOT, STORM/ORORO MUNROE S, WOLVERINE/LOGAN , SUMMERS, MADELYNE MA, MAGIK/ILLYANA RASPUT, WARLOCK III, MIRAGE II/DANIELLE M, PSYLOCKE/ELISABETH B, COLOSSUS II/PETER RA, HAVOK/ALEX SUMMERS , CANNONBALL II/SAM GU, GATEWAY, DAZZLER II/ALLISON B, WOLFSBANE/RAHNE SINC, S'YM, ROGUE /"
MAGIK/ILLYANA RASPUT,"MAGNETO/MAGNUS/ERIC , SUNSPOT/ROBERTO DACO, LONGSHOT, STORM/ORORO MUNROE S, WOLVERINE/LOGAN , SUMMERS, MADELYNE MA, WARLOCK III, MIRAGE II/DANIELLE M, PSYLOCKE/ELISABETH B, COLOSSUS II/PETER RA, HAVOK/ALEX SUMMERS , CANNONBALL II/SAM GU, GATEWAY, DAZZLER II/ALLISON B, WOLFSBANE/RAHNE SINC, S'YM, ROGUE /"
MAGNETO/MAGNUS/ERIC ,"SUNSPOT/ROBERTO DACO, LONGSHOT, ROGUE /, STORM/ORORO MUNROE S, WOLVERINE/LOGAN , SUMMERS, MADELYNE MA, MAGIK/ILLYANA RASPUT, MIRAGE II/DANIELLE M, PSYLOCKE/ELISABETH B, COLOSSUS II/PETER RA, HAVOK/ALEX SUMMERS , CANNONBALL II/SAM GU, GATEWAY, DAZZLER II/ALLISON B, WOLFSBANE/RAHNE SINC, WARLOCK III"
CANNONBALL II/SAM GU,"MAGNETO/MAGNUS/ERIC , SUNSPOT/ROBERTO DACO, LONGSHOT, ROGUE /, STORM/ORORO MUNROE S, WOLVERINE/LOGAN , SUMMERS, MADELYNE MA, MAGIK/ILLYANA RASPUT, MIRAGE II/DANIELLE M, PSYLOCKE/ELISABETH B, COLOSSUS II/PETER RA, HAVOK/ALEX SUMMERS , GATEWAY, DAZZLER II/ALLISON B, WOLFSBANE/RAHNE SINC, S'YM, WARLOCK III"
MIRAGE II/DANIELLE M,"MAGNETO/MAGNUS/ERIC , SUNSPOT/ROBERTO DACO, LONGSHOT, ROGUE /, STORM/ORORO MUNROE S, WOLVERINE/LOGAN , SUMMERS, MADELYNE MA, MAGIK/ILLYANA RASPUT, PSYLOCKE/ELISABETH B, COLOSSUS II/PETER RA, HAVOK/ALEX SUMMERS , CANNONBALL II/SAM GU, GATEWAY, DAZZLER II/ALLISON B, WOLFSBANE/RAHNE SINC, S'YM, WARLOCK III"
S'YM,"STORM/ORORO MUNROE S, MAGIK/ILLYANA RASPUT, GATEWAY, DAZZLER II/ALLISON B, ROGUE /, CONOVER, REV. WILLIA, LONGSHOT, SUMMERS, MADELYNE MA, TILBY, TRISH/PATRICI, HAVOK/ALEX SUMMERS , CANNONBALL II/SAM GU, CONOVER, HANNAH, WOLFSBANE/RAHNE SINC, WARLOCK III, MIRAGE II/DANIELLE M, COLOSSUS II/PETER RA, PSYLOCKE/ELISABETH B, SUNSPOT/ROBERTO DACO, WOLVERINE/LOGAN "
"GRIFFITH, D.W.","MACE, CAGE, LUKE/CARL LUCA"
MACE,"CAGE, LUKE/CARL LUCA, GRIFFITH, D.W."
"CAGE, LUKE/CARL LUCA","MACE, IRON MAN/TONY STARK , GRIFFITH, D.W."
PIPELINE/CORMICK GRI,"HAWKSHAW, PUNCHOUT, LONGSHOT, RANSOME, JENNIFER AM, STORM/ORORO MUNROE S, SUMMERS, MADELYNE MA, WOLVERINE/LOGAN , COLOSSUS II/PETER RA, HAVOK/ALEX SUMMERS , GATEWAY, DAZZLER II/ALLISON B, PSYLOCKE/ELISABETH B, ROGUE /"
PUNCHOUT,"HAWKSHAW, LONGSHOT, RANSOME, JENNIFER AM, STORM/ORORO MUNROE S, SUMMERS, MADELYNE MA, WOLVERINE/LOGAN , COLOSSUS II/PETER RA, HAVOK/ALEX SUMMERS , GATEWAY, PIPELINE/CORMICK GRI, DAZZLER II/ALLISON B, PSYLOCKE/ELISABETH B, ROGUE /"
HAWKSHAW,"PUNCHOUT, LONGSHOT, RANSOME, JENNIFER AM, STORM/ORORO MUNROE S, WOLVERINE/LOGAN , SUMMERS, MADELYNE MA, COLOSSUS II/PETER RA, HAVOK/ALEX SUMMERS , GATEWAY, PIPELINE/CORMICK GRI, DAZZLER II/ALLISON B, PSYLOCKE/ELISABETH B, ROGUE /"
MOLECULE MAN/OWEN RE,"INVISIBLE WOMAN/SUE , JARVIS, EDWIN , THING/BENJAMIN J. GR, MR. FANTASTIC/REED R, IRON MAN/TONY STARK , SILVER SURFER/NORRIN, CAPTAIN AMERICA, HUMAN TORCH/JOHNNY S, TIGRA/GREER NELSON, THOR/DR. DONALD BLAK"
"JARVIS, EDWIN ","CARTER, SHARON, MR. FANTASTIC/REED R, MOON KNIGHT/MARC SPE, IRON MAN/TONY STARK , JUBILEE/JUBILATION L, STORM/ORORO MUNROE S, JOCASTA, ARBOGAST, BAMBI, FERRARI, CONNIE, DRAX/ARTHUR DOUGLAS, DAZZLER II/ALLISON B, PROTOCIDE/PRIVATE CL, BILLUPS, AGENT, FURY, COL. NICHOLAS , MOONDRAGON/HEATHER D, SILVER SURFER/NORRIN, WASP/JANET VAN DYNE , HARDY, MORGAN MACNEI, STANKOWICZ, FABIAN, HUMAN TORCH/JOHNNY S, RAMIREZ, JAVIER, GAMBIT/REMY LEBEAU , PAYGE, REEVA, ANGEL/WARREN KENNETH, KAUR, BENAZIR, SOUTHERN, CANDY, WONDER MAN/SIMON WIL, TIGRA/GREER NELSON, CAPTAIN AMERICA, SHAW, SHINOBI, GHOST RIDER II/JOHNN, BLACK WIDOW/NATASHA , BISHOP /, EGGHEAD/PROF. ELIHAS, ANT-MAN/DR. HENRY J., KINE, BENEDICT, ICEMAN/ROBERT BOBBY , VISION , MANIPULATOR/, MOLECULE MAN/OWEN RE, HERCULES [GREEK GOD], SCARLET WITCH/WANDA , INVISIBLE WOMAN/SUE , STINGER II/, THING/BENJAMIN J. GR, COUNT NEFARIA, LUCHI, BEAST/HENRY &HANK& P, HAWK, STARR, TRIXIE TRISH, BLACK PANTHER/T'CHAL, PROFESSOR X/CHARLES , THOR/DR. DONALD BLAK"
GHOST RIDER II/JOHNN,"JARVIS, EDWIN , IRON MAN/TONY STARK , CAPTAIN AMERICA, WASP/JANET VAN DYNE , ANT-MAN/DR. HENRY J., ANGEL/WARREN KENNETH, SOUTHERN, CANDY, TIGRA/GREER NELSON, THOR/DR. DONALD BLAK"
ANT-MAN/DR. HENRY J.,"D'ANGELO, LIEUTENANT, MR. FANTASTIC/REED R, MOON KNIGHT/MARC SPE, IRON MAN/TONY STARK , DR. OCTOPUS/OTTO OCT, JOCASTA, ARBOGAST, BAMBI, LOKI [ASGARDIAN], MAD VIKING/KNUT CAIN, DAZZLER II/ALLISON B, GREEN GOBLIN/NORMAN , VULTURE/ADRIAN TOOME, OSBORN, LIZ ALLAN, DR. STRANGE/STEPHEN , SANDMAN/WILLIAM BAKE, DAREDEVIL/MATT MURDO, SUNDOWN/DR. DAVE LOW, PARKER, MAY, SUB-MARINER/NAMOR MA, MOONDRAGON/HEATHER D, HULK/DR. ROBERT BRUC, WASP/JANET VAN DYNE , STANKOWICZ, FABIAN, HUMAN TORCH/JOHNNY S, MCKEEVER, TINY, ANGEL/WARREN KENNETH, WONDER MAN/SIMON WIL, SOUTHERN, CANDY, WATSON, ANNA, TIGRA/GREER NELSON, CAPTAIN AMERICA, BROMWELL, DR., GHOST RIDER II/JOHNN, MARVEL GIRL/JEAN GRE, BLACK WIDOW/NATASHA , EGGHEAD/PROF. ELIHAS, ICEMAN/ROBERT BOBBY , DELPHI, LEEDS, NED, VISION , WONG, JAMESON, J. JONAH, IONELLO, JASON, HERCULES [GREEK GOD], LEEDS, BETTY BRANT, SCARLET WITCH/WANDA , THOMPSON, EUGENE FLA, JARVIS, EDWIN , INVISIBLE WOMAN/SUE , THING/BENJAMIN J. GR, STINGER II/, BEAST/HENRY &HANK& P, CYCLOPS/SCOTT SUMMER, HAWK, SPIDER-MAN/PETER PAR, KRAVEN THE HUNTER/SE, STARR, TRIXIE TRISH, HOGAN, HAROLD J. HAP, BLACK PANTHER/T'CHAL, THOR/DR. DONALD BLAK"
"ARBOGAST, BAMBI","JARVIS, EDWIN , IRON MAN/TONY STARK , CAPTAIN AMERICA, EGGHEAD/PROF. ELIHAS, WASP/JANET VAN DYNE , ANT-MAN/DR. HENRY J., STANKOWICZ, FABIAN, STARR, TRIXIE TRISH, THOR/DR. DONALD BLAK"
EGGHEAD/PROF. ELIHAS,"JARVIS, EDWIN , IRON MAN/TONY STARK , CAPTAIN AMERICA, WASP/JANET VAN DYNE , ANT-MAN/DR. HENRY J., ARBOGAST, BAMBI, STANKOWICZ, FABIAN, STARR, TRIXIE TRISH, THOR/DR. DONALD BLAK"
"STARR, TRIXIE TRISH","JARVIS, EDWIN , IRON MAN/TONY STARK , CAPTAIN AMERICA, WASP/JANET VAN DYNE , ANT-MAN/DR. HENRY J., ARBOGAST, BAMBI, EGGHEAD/PROF. ELIHAS, STANKOWICZ, FABIAN, THOR/DR. DONALD BLAK"
"STANKOWICZ, FABIAN","JARVIS, EDWIN , IRON MAN/TONY STARK , CAPTAIN AMERICA, EGGHEAD/PROF. ELIHAS, ARBOGAST, BAMBI, WASP/JANET VAN DYNE , ANT-MAN/DR. HENRY J., STARR, TRIXIE TRISH, THOR/DR. DONALD BLAK"
HERCULES [GREEK GOD],"MOON KNIGHT/MARC SPE, IRON MAN/TONY STARK , JOCASTA, DAZZLER II/ALLISON B, THOR/DR. DONALD BLAK, MOONDRAGON/HEATHER D, WASP/JANET VAN DYNE , ANGEL/WARREN KENNETH, WONDER MAN/SIMON WIL, TIGRA/GREER NELSON, CAPTAIN AMERICA, ANT-MAN/DR. HENRY J., ICEMAN/ROBERT BOBBY , VISION , SCARLET WITCH/WANDA , JARVIS, EDWIN , BEAST/HENRY &HANK& P, WOLVERINE/LOGAN , HAWK, BLACK PANTHER/T'CHAL, BLACK WIDOW/NATASHA "
BLACK WIDOW/NATASHA ,"MOON KNIGHT/MARC SPE, IRON MAN/TONY STARK , JOCASTA, DAZZLER II/ALLISON B, MOONDRAGON/HEATHER D, WASP/JANET VAN DYNE , ANGEL/WARREN KENNETH, WONDER MAN/SIMON WIL, TIGRA/GREER NELSON, CAPTAIN AMERICA, ANT-MAN/DR. HENRY J., ICEMAN/ROBERT BOBBY , VISION , HERCULES [GREEK GOD], SCARLET WITCH/WANDA , JARVIS, EDWIN , BEAST/HENRY &HANK& P, HAWK, BLACK PANTHER/T'CHAL, THOR/DR. DONALD BLAK"
MOON KNIGHT/MARC SPE,"JESTER/JONATHAN POWE, IRON MAN/TONY STARK , JOCASTA, SAMUELS, ALRAUNE, MARLENE, DAZZLER II/ALLISON B, MASTERS, ALICIA REIS, THOR/DR. DONALD BLAK, DAREDEVIL/MATT MURDO, BUSHMAN, RAOUL, LANDERS, RAY, FRENCHIE/JEAN-PAUL D, MOONDRAGON/HEATHER D, WASP/JANET VAN DYNE , ANGEL/WARREN KENNETH, WONDER MAN/SIMON WIL, TIGRA/GREER NELSON, CAPTAIN AMERICA, ANT-MAN/DR. HENRY J., NEDDA, ICEMAN/ROBERT BOBBY , VISION , LANDERS, GENA, HERCULES [GREEK GOD], SCARLET WITCH/WANDA , JARVIS, EDWIN , THING/BENJAMIN J. GR, BEAST/HENRY &HANK& P, LANDERS, RICKY, CRAWLEY, BETRAND, HAWK, MANOLIS, LT. NICK, BLACK PANTHER/T'CHAL, BLACK WIDOW/NATASHA "
DRAX/ARTHUR DOUGLAS,"CLEA, JARVIS, EDWIN , HELA [ASGARDIAN], MOONDRAGON/HEATHER D, IRON MAN/TONY STARK , CERBERUS, HULK/DR. ROBERT BRUC, WASP/JANET VAN DYNE , SCARLET WITCH/WANDA , PIP/PRINCE GOFERN, DR. DRUID/ANTHONY LU, RINTRAH, THOR/DR. DONALD BLAK, DR. STRANGE/STEPHEN , FIRELORD/PYREUS KRIL, CAPTAIN AMERICA"
"HARDY, MORGAN MACNEI","JARVIS, EDWIN , IRON MAN/TONY STARK , WASP/JANET VAN DYNE , THOR/DR. DONALD BLAK, CAPTAIN AMERICA"
SPIDER-MAN CLONE/BEN,"ROBERTSON, JOE, TOWER, BLAKE, TURBO II (A)/MICHIKO, TRAINER, DR. SEWARD, BLACK CAT/FELICIA HA, GREEN GOBLIN IV/PHIL, FIRESTAR/ANGELICA JO, D'SPAYRE, JACK, PARKER, MAY, JUSTICE II/VANCE AST, WATSON, ANNA, GEE/ALEX POWER, WATSON-PARKER, MARY , CAPUTO, DR. JULIA, HINDSIGHT LAD/CARLTO, TREVANE, DET. CONNOR, SPEEDBALL II/DARRION, GRIM HUNTER/KRAVINOF, BUCKNER, GRANT, JAMESON, J. JONAH, LEEDS, BETTY BRANT, JACKAL/MILES WARREN, BYRNES, GAYLE WATSON, KAINE, THOMPSON, EUGENE FLA, STACY, GWEN (CLONE), STUNNER/ANGELINA BRA, GREGOR, SPIDER-MAN/PETER PAR, SPIDERCIDE, GUARDIAN IV, TRAVELLER, DR. JUDAS, ELLIS, KEN, PROUST, PAUL, LOCKER, MR., RAVEN, LT. JACOB, TOMBSTONE/LONNIE THO"
KAINE,"ROBERTSON, JOE, TOWER, BLAKE, TRAINER, DR. SEWARD, PUNISHER II/FRANK CA, JACK, PARKER, MAY, WATSON, ANNA, WATSON-PARKER, MARY , CAPUTO, DR. JULIA, TREVANE, DET. CONNOR, GRIM HUNTER/KRAVINOF, BUCKNER, GRANT, JAMESON, J. JONAH, LEEDS, BETTY BRANT, JACKAL/MILES WARREN, BYRNES, GAYLE WATSON, THOMPSON, EUGENE FLA, STUNNER/ANGELINA BRA, SPIDER-MAN CLONE/BEN, GREGOR, SPIDER-MAN/PETER PAR, SPIDERCIDE, GUARDIAN IV, TRAVELLER, DR. JUDAS, ELLIS, KEN, LOCKER, MR., RAVEN, LT. JACOB, TOMBSTONE/LONNIE THO"
GREGOR,"KAINE, SPIDER-MAN CLONE/BEN, TREVANE, DET. CONNOR, GRIM HUNTER/KRAVINOF, RAVEN, LT. JACOB"
"RAVEN, LT. JACOB","ROBERTSON, JOE, TOWER, BLAKE, TRAINER, DR. SEWARD, JACK, PARKER, MAY, WATSON, ANNA, WATSON-PARKER, MARY , CAPUTO, DR. JULIA, TREVANE, DET. CONNOR, GRIM HUNTER/KRAVINOF, BUCKNER, GRANT, JAMESON, J. JONAH, LEEDS, BETTY BRANT, JACKAL/MILES WARREN, KAINE, THOMPSON, EUGENE FLA, STUNNER/ANGELINA BRA, SPIDER-MAN CLONE/BEN, GREGOR, SPIDER-MAN/PETER PAR, SPIDERCIDE, GUARDIAN IV, TRAVELLER, DR. JUDAS, ELLIS, KEN, LOCKER, MR."
"TREVANE, DET. CONNOR","ROBERTSON, JOE, TRAINER, DR. SEWARD, JACK, PARKER, MAY, WATSON-PARKER, MARY , CAPUTO, DR. JULIA, GRIM HUNTER/KRAVINOF, BUCKNER, GRANT, JAMESON, J. JONAH, LEEDS, BETTY BRANT, JACKAL/MILES WARREN, KAINE, THOMPSON, EUGENE FLA, STUNNER/ANGELINA BRA, SPIDER-MAN CLONE/BEN, GREGOR, SPIDER-MAN/PETER PAR, SPIDERCIDE, ELLIS, KEN, RAVEN, LT. JACOB"
GRIM HUNTER/KRAVINOF,"KAINE, WATSON-PARKER, MARY , PARKER, MAY, SPIDER-MAN CLONE/BEN, TREVANE, DET. CONNOR, GREGOR, SPIDER-MAN/PETER PAR, ELLIS, KEN, RAVEN, LT. JACOB, LEEDS, BETTY BRANT, TOMBSTONE/LONNIE THO, BYRNES, GAYLE WATSON"
"ELLIS, KEN","KAINE, WATSON-PARKER, MARY , PARKER, MAY, ROBERTSON, JOE, STUNNER/ANGELINA BRA, TRAINER, DR. SEWARD, SPIDER-MAN CLONE/BEN, TREVANE, DET. CONNOR, SPIDER-MAN/PETER PAR, SPIDERCIDE, GRIM HUNTER/KRAVINOF, BUCKNER, GRANT, JAMESON, J. JONAH, RAVEN, LT. JACOB, LEEDS, BETTY BRANT, TOMBSTONE/LONNIE THO, BYRNES, GAYLE WATSON"
"BYRNES, GAYLE WATSON","KAINE, PARKER, MAY, SPIDER-MAN CLONE/BEN, SPIDER-MAN/PETER PAR, ELLIS, KEN, GRIM HUNTER/KRAVINOF, LEEDS, BETTY BRANT, TOMBSTONE/LONNIE THO, WATSON-PARKER, MARY "
TOMBSTONE/LONNIE THO,"KAINE, PARKER, MAY, BYRNES, GAYLE WATSON, SPIDER-MAN CLONE/BEN, SPIDER-MAN/PETER PAR, ELLIS, KEN, GRIM HUNTER/KRAVINOF, LEEDS, BETTY BRANT, WATSON-PARKER, MARY "
SPIDERCIDE,"THOMPSON, EUGENE FLA, KAINE, PARKER, MAY, CAPUTO, DR. JULIA, ROBERTSON, JOE, STUNNER/ANGELINA BRA, TRAINER, DR. SEWARD, SPIDER-MAN CLONE/BEN, TREVANE, DET. CONNOR, SPIDER-MAN/PETER PAR, LEEDS, BETTY BRANT, ELLIS, KEN, BUCKNER, GRANT, JAMESON, J. JONAH, RAVEN, LT. JACOB, JACKAL/MILES WARREN, JACK, WATSON-PARKER, MARY "
JACKAL/MILES WARREN,"PUNISHER II/FRANK CA, GREEN GOBLIN/NORMAN , VULTURE/ADRIAN TOOME, JACK, PARKER, MAY, VULTURE II/BLACKIE D, WATSON, ANNA, WATSON-PARKER, MARY , CAPUTO, DR. JULIA, TREVANE, DET. CONNOR, JAMESON, J. JONAH, LEEDS, BETTY BRANT, THOMPSON, EUGENE FLA, KAINE, OSBORN, HARRY, SPIDER-MAN CLONE/BEN, SPIDER-MAN/PETER PAR, SPIDERCIDE, STACY, CAPT. GEORGE, RAVEN, LT. JACOB, STACY, GWEN"
JACK,"THOMPSON, EUGENE FLA, KAINE, PARKER, MAY, CAPUTO, DR. JULIA, ROBERTSON, JOE, SPIDER-MAN CLONE/BEN, TREVANE, DET. CONNOR, SPIDER-MAN/PETER PAR, SPIDERCIDE, GUARDIAN IV, WATSON, ANNA, RAVEN, LT. JACOB, JAMESON, J. JONAH, JACKAL/MILES WARREN, WATSON-PARKER, MARY "
"CAPUTO, DR. JULIA","THOMPSON, EUGENE FLA, KAINE, PARKER, MAY, SPIDER-MAN CLONE/BEN, TREVANE, DET. CONNOR, SPIDER-MAN/PETER PAR, SPIDERCIDE, JACK, RAVEN, LT. JACOB, JACKAL/MILES WARREN"
GUARDIAN IV,"KAINE, ROBERTSON, JOE, PARKER, MAY, SPIDER-MAN CLONE/BEN, SPIDER-MAN/PETER PAR, WATSON, ANNA, RAVEN, LT. JACOB, JAMESON, J. JONAH, JACK, WATSON-PARKER, MARY "
GREEN GOBLIN IV/PHIL,"SPIDER-MAN/PETER PAR, STACY, GWEN (CLONE), SPIDER-MAN CLONE/BEN, WATSON-PARKER, MARY "
"STACY, GWEN (CLONE)","SPIDER-MAN/PETER PAR, GREEN GOBLIN IV/PHIL, SPIDER-MAN CLONE/BEN, WATSON-PARKER, MARY "
"BUCKNER, GRANT","KAINE, ROBERTSON, JOE, STUNNER/ANGELINA BRA, TRAINER, DR. SEWARD, SPIDER-MAN CLONE/BEN, TREVANE, DET. CONNOR, SPIDER-MAN/PETER PAR, SPIDERCIDE, ELLIS, KEN, JAMESON, J. JONAH, RAVEN, LT. JACOB, LEEDS, BETTY BRANT, WATSON-PARKER, MARY "
STUNNER/ANGELINA BRA,"KAINE, ROBERTSON, JOE, TOWER, BLAKE, TRAINER, DR. SEWARD, SPIDER-MAN CLONE/BEN, TREVANE, DET. CONNOR, WATSON, ANNA, SPIDER-MAN/PETER PAR, SPIDERCIDE, TRAVELLER, DR. JUDAS, ELLIS, KEN, BUCKNER, GRANT, LOCKER, MR., JAMESON, J. JONAH, RAVEN, LT. JACOB, LEEDS, BETTY BRANT, WATSON-PARKER, MARY "
"TRAINER, DR. SEWARD","KAINE, ROBERTSON, JOE, STUNNER/ANGELINA BRA, SPIDER-MAN CLONE/BEN, TREVANE, DET. CONNOR, SPIDER-MAN/PETER PAR, SPIDERCIDE, ELLIS, KEN, BUCKNER, GRANT, JAMESON, J. JONAH, RAVEN, LT. JACOB, LEEDS, BETTY BRANT, WATSON-PARKER, MARY "
"TRAVELLER, DR. JUDAS","KAINE, TOWER, BLAKE, STUNNER/ANGELINA BRA, SPIDER-MAN CLONE/BEN, SPIDER-MAN/PETER PAR, LOCKER, MR., WATSON, ANNA, RAVEN, LT. JACOB, WATSON-PARKER, MARY "
"TOWER, BLAKE","KAINE, STUNNER/ANGELINA BRA, SPIDER-MAN CLONE/BEN, SPIDER-MAN/PETER PAR, HOBGOBLIN III/LEFTY , TRAVELLER, DR. JUDAS, JAMESON, J. JONAH, HOBGOBLIN II/RODERIC, LOCKER, MR., WATSON, ANNA, RAVEN, LT. JACOB, LEEDS, BETTY BRANT, WATSON-PARKER, MARY "
"LOCKER, MR.","KAINE, TOWER, BLAKE, STUNNER/ANGELINA BRA, SPIDER-MAN CLONE/BEN, SPIDER-MAN/PETER PAR, TRAVELLER, DR. JUDAS, WATSON, ANNA, RAVEN, LT. JACOB, WATSON-PARKER, MARY "
HINDSIGHT LAD/CARLTO,"TURBO II (A)/MICHIKO, SPIDER-MAN CLONE/BEN, SPEEDBALL II/DARRION, SPIDER-MAN/PETER PAR, JUSTICE II/VANCE AST, FIRESTAR/ANGELICA JO, GEE/ALEX POWER, WATSON-PARKER, MARY "
SPEEDBALL II/DARRION,"HINDSIGHT LAD/CARLTO, TURBO II (A)/MICHIKO, SPIDER-MAN CLONE/BEN, SPIDER-MAN/PETER PAR, JUSTICE II/VANCE AST, FIRESTAR/ANGELICA JO, GEE/ALEX POWER, WATSON-PARKER, MARY "
GEE/ALEX POWER,"HINDSIGHT LAD/CARLTO, TURBO II (A)/MICHIKO, SPIDER-MAN CLONE/BEN, SPEEDBALL II/DARRION, SPIDER-MAN/PETER PAR, JUSTICE II/VANCE AST, FIRESTAR/ANGELICA JO, WATSON-PARKER, MARY "
TURBO II (A)/MICHIKO,"HINDSIGHT LAD/CARLTO, SPIDER-MAN CLONE/BEN, SPEEDBALL II/DARRION, SPIDER-MAN/PETER PAR, JUSTICE II/VANCE AST, FIRESTAR/ANGELICA JO, GEE/ALEX POWER, WATSON-PARKER, MARY "
BLACK CAT/FELICIA HA,"BLOODY MARY, HOCHBERG, ROGER, BOUNTY II, OSBORN, LIZ ALLAN, SLOAN, DR., D'SPAYRE, WATSON-PARKER, MARY , URICH, BEN, HOBGOBLIN III/LEFTY , UATU, LIZARD/DR. CURTIS CO, JAMESON, J. JONAH, OSBORN, HARRY, SPIDER-MAN CLONE/BEN, SPIDER-MAN/PETER PAR, BANNON, LANCE, HOBGOBLIN II/RODERIC, PROUST, PAUL, HYDROMAN/MORRIE BENC, ANDERSON, BAXTER"
D'SPAYRE,"BLACK CAT/FELICIA HA, PHOBOS, NOX, NIGHTMARE/EDVARD HAB, DR. STRANGE/STEPHEN , RINTRAH, DEIMOS, WATSON-PARKER, MARY , CLEA, WOLFE, SARA, SCARECROW II, CHANG, IMEI, WONG, FEAR EATER/KKALLAKKU, SPIDER-MAN CLONE/BEN, SPIDER-MAN/PETER PAR, LURKING UNKNOWN, PROUST, PAUL, DWELLER IN DARKNESS"
"PROUST, PAUL","SPIDER-MAN CLONE/BEN, BLACK CAT/FELICIA HA, SPIDER-MAN/PETER PAR, D'SPAYRE, WATSON-PARKER, MARY "
MACHETE/FERDINAND LO,"BATROC/GEORGES BATRO, ZARAN/MAXIMILLIAN ZA, HAWK, MOCKINGBIRD/DR. BARB, SILVER SABLE"
ZARAN/MAXIMILLIAN ZA,"BATROC/GEORGES BATRO, MACHETE/FERDINAND LO, MOCKINGBIRD/DR. BARB, HAWK, SILVER SABLE"
SILVER SABLE,"BATROC/GEORGES BATRO, PEREGRINE, LE/FRANCK, ZARAN/MAXIMILLIAN ZA, MACHETE/FERDINAND LO, RED SKULL II/ALBERT , MOCKINGBIRD/DR. BARB, HAWK, TRICKSHOT, SANDMAN/WILLIAM BAKE"
TRICKSHOT,"SWORDSMAN/JACQUES DU, HAWK, SILVER SABLE, MOCKINGBIRD/DR. BARB"
SWORDSMAN/JACQUES DU,"TRICKSHOT, HAWK, MOCKINGBIRD/DR. BARB"
SANDMAN/WILLIAM BAKE,"DR. OCTOPUS/OTTO OCT, MR. FANTASTIC/REED R, IRON MAN/TONY STARK , GREEN GOBLIN/NORMAN , VULTURE/ADRIAN TOOME, OSBORN, LIZ ALLAN, DAREDEVIL/MATT MURDO, PARKER, MAY, WASP/JANET VAN DYNE , HUMAN TORCH/JOHNNY S, WATSON, ANNA, CAPTAIN AMERICA, BROMWELL, DR., PEREGRINE, LE/FRANCK, ANT-MAN/DR. HENRY J., LEEDS, NED, SILVER SABLE, JAMESON, J. JONAH, LEEDS, BETTY BRANT, THOMPSON, EUGENE FLA, INVISIBLE WOMAN/SUE , THING/BENJAMIN J. GR, RED SKULL II/ALBERT , HAWK, SPIDER-MAN/PETER PAR, KRAVEN THE HUNTER/SE, THOR/DR. DONALD BLAK"
"PEREGRINE, LE/FRANCK","SILVER SABLE, SANDMAN/WILLIAM BAKE, RED SKULL II/ALBERT , HAWK"
RED SKULL II/ALBERT ,"SILVER SABLE, SANDMAN/WILLIAM BAKE, PEREGRINE, LE/FRANCK, HAWK"
GUDRUN [ASGARDIAN],"VIZIER, HOGUN [ASGARDIAN], ODIN [ASGARDIAN], VOLSTAGG, FANDRAL [ASGARDIAN]"
VOLSTAGG,"VIZIER, HOGUN [ASGARDIAN], ODIN [ASGARDIAN], GUDRUN [ASGARDIAN], FANDRAL [ASGARDIAN]"
HOGUN [ASGARDIAN],"VIZIER, ODIN [ASGARDIAN], GUDRUN [ASGARDIAN], VOLSTAGG, FANDRAL [ASGARDIAN]"
FANDRAL [ASGARDIAN],"VIZIER, HOGUN [ASGARDIAN], ODIN [ASGARDIAN], GUDRUN [ASGARDIAN], VOLSTAGG"
VIZIER,"HOGUN [ASGARDIAN], ODIN [ASGARDIAN], GUDRUN [ASGARDIAN], VOLSTAGG, FANDRAL [ASGARDIAN]"
ODIN [ASGARDIAN],"VIZIER, HOGUN [ASGARDIAN], GUDRUN [ASGARDIAN], VOLSTAGG, FANDRAL [ASGARDIAN]"
DOMINO III/BEATRICE/,"BLAQUESMITH, SUMMERS, NATHAN CHRI, MERRYWEATHER, IRENE, BLOCKADE/DEXTER PARI, HYDROMAN/MORRIE BENC, STILT-MAN/WILBUR DAY"
HYDROMAN/MORRIE BENC,"BLAQUESMITH, BLOODY MARY, ANDERSON, BAXTER, BLACK CAT/FELICIA HA, SPIDER-MAN/PETER PAR, SUMMERS, NATHAN CHRI, BOUNTY II, BLOCKADE/DEXTER PARI, MERRYWEATHER, IRENE, DOMINO III/BEATRICE/, STILT-MAN/WILBUR DAY"
STILT-MAN/WILBUR DAY,"BLAQUESMITH, SUMMERS, NATHAN CHRI, BLOCKADE/DEXTER PARI, MERRYWEATHER, IRENE, DOMINO III/BEATRICE/, HYDROMAN/MORRIE BENC"
BLOCKADE/DEXTER PARI,"BLAQUESMITH, SUMMERS, NATHAN CHRI, MERRYWEATHER, IRENE, HYDROMAN/MORRIE BENC, DOMINO III/BEATRICE/, STILT-MAN/WILBUR DAY"
"MERRYWEATHER, IRENE","BLAQUESMITH, SUMMERS, NATHAN CHRI, BLOCKADE/DEXTER PARI, HYDROMAN/MORRIE BENC, DOMINO III/BEATRICE/, STILT-MAN/WILBUR DAY"
BLAQUESMITH,"SUMMERS, NATHAN CHRI, BLOCKADE/DEXTER PARI, HYDROMAN/MORRIE BENC, DOMINO III/BEATRICE/, MERRYWEATHER, IRENE, STILT-MAN/WILBUR DAY"
"WORTHINGTON, KATHRYN","ANGEL/WARREN KENNETH, WORTHINGTON, WARREN "
"WORTHINGTON, WARREN ","WORTHINGTON, KATHRYN, ANGEL/WARREN KENNETH"
VULTURE/ADRIAN TOOME,"MR. FANTASTIC/REED R, DR. OCTOPUS/OTTO OCT, IRON MAN/TONY STARK , GREEN GOBLIN/NORMAN , OSBORN, LIZ ALLAN, SANDMAN/WILLIAM BAKE, DAREDEVIL/MATT MURDO, PARKER, MAY, VULTURE II/BLACKIE D, WASP/JANET VAN DYNE , HUMAN TORCH/JOHNNY S, WATSON, ANNA, FOREIGNER/RAFAEL BAS, WATSON-PARKER, MARY , BROMWELL, DR., CAPTAIN AMERICA, HITMAN/LT. BURT KENY, ANT-MAN/DR. HENRY J., MORGAN, LEEDS, NED, JAMESON, J. JONAH, LEEDS, BETTY BRANT, JACKAL/MILES WARREN, THOMPSON, EUGENE FLA, INVISIBLE WOMAN/SUE , THING/BENJAMIN J. GR, OSBORN, HARRY, SPIDER-MAN/PETER PAR, BANNON, LANCE, KRAVEN THE HUNTER/SE, LUBENSKI, NATE, STACY, CAPT. GEORGE, STACY, GWEN, SHA SHAN, THOR/DR. DONALD BLAK"
VULTURE II/BLACKIE D,"OSBORN, HARRY, SPIDER-MAN/PETER PAR, STACY, CAPT. GEORGE, GREEN GOBLIN/NORMAN , VULTURE/ADRIAN TOOME, JAMESON, J. JONAH, STACY, GWEN, LEEDS, BETTY BRANT, JACKAL/MILES WARREN"
"OSBORN, HARRY","ROBERTSON, JOE, JAMESON, MARLA MADIS, BLACK CAT/FELICIA HA, GREEN GOBLIN/NORMAN , VULTURE/ADRIAN TOOME, OSBORN, LIZ ALLAN, SLOAN, DR., PARKER, MAY, GREEN GOBLIN III/BAR, VULTURE II/BLACKIE D, GRANT, GLORIA GLORY, KINGPIN/WILSON FISK, WATSON, ANNA, WATSON-PARKER, MARY , KINGSLEY, DANIEL, SILVERMANE/SILVIO MA, HOBGOBLIN III/LEFTY , JAMESON, J. JONAH, LEEDS, BETTY BRANT, JACKAL/MILES WARREN, SPIDER-MAN/PETER PAR, STACY, CAPT. GEORGE, HOBGOBLIN II/RODERIC, BEYONDER, STACY, GWEN"
"STACY, CAPT. GEORGE","VULTURE II/BLACKIE D, OSBORN, HARRY, SPIDER-MAN/PETER PAR, GREEN GOBLIN/NORMAN , VULTURE/ADRIAN TOOME, JAMESON, J. JONAH, STACY, GWEN, LEEDS, BETTY BRANT, JACKAL/MILES WARREN"
"STACY, GWEN","VULTURE II/BLACKIE D, OSBORN, HARRY, SPIDER-MAN/PETER PAR, STACY, CAPT. GEORGE, GREEN GOBLIN/NORMAN , VULTURE/ADRIAN TOOME, JAMESON, J. JONAH, LEEDS, BETTY BRANT, JACKAL/MILES WARREN"
GREEN GOBLIN/NORMAN ,"MR. FANTASTIC/REED R, DR. OCTOPUS/OTTO OCT, IRON MAN/TONY STARK , VULTURE/ADRIAN TOOME, OSBORN, LIZ ALLAN, DR. STRANGE/STEPHEN , SANDMAN/WILLIAM BAKE, DAREDEVIL/MATT MURDO, SUNDOWN/DR. DAVE LOW, PARKER, MAY, SUB-MARINER/NAMOR MA, VULTURE II/BLACKIE D, HULK/DR. ROBERT BRUC, WASP/JANET VAN DYNE , HUMAN TORCH/JOHNNY S, MCKEEVER, TINY, ANGEL/WARREN KENNETH, WATSON, ANNA, CAPTAIN AMERICA, BROMWELL, DR., OX, MARVEL GIRL/JEAN GRE, ANT-MAN/DR. HENRY J., ICEMAN/ROBERT BOBBY , LEEDS, NED, WONG, JAMESON, J. JONAH, IONELLO, JASON, LEEDS, BETTY BRANT, JACKAL/MILES WARREN, INVISIBLE WOMAN/SUE , THOMPSON, EUGENE FLA, THING/BENJAMIN J. GR, BEAST/HENRY &HANK& P, CYCLOPS/SCOTT SUMMER, OSBORN, HARRY, EVANS, DORIS, MONTANA, SPIDER-MAN/PETER PAR, KRAVEN THE HUNTER/SE, STACY, CAPT. GEORGE, HOGAN, HAROLD J. HAP, STACY, GWEN, FANCY DAN, THOR/DR. DONALD BLAK"
SILVERMANE/SILVIO MA,"ROBERTSON, JOE, GREEN GOBLIN III/BAR, PARKER, MAY, GRANT, GLORIA GLORY, OSBORN, HARRY, WATSON, ANNA, SPIDER-MAN/PETER PAR, JAMESON, J. JONAH, WATSON-PARKER, MARY "
GREEN GOBLIN III/BAR,"ROBERTSON, JOE, PARKER, MAY, GRANT, GLORIA GLORY, OSBORN, HARRY, WATSON, ANNA, SILVERMANE/SILVIO MA, SPIDER-MAN/PETER PAR, JAMESON, J. JONAH, WATSON-PARKER, MARY "
"PULASKI, JOSEPHINE J","THOMPSON, EUGENE FLA, PARKER, MAY, SHIFFMAN, MAXIE, CYCLOPS/SCOTT SUMMER, SPIDER-MAN/PETER PAR, MCKEEVER, TINY, KINGPIN/WILSON FISK, OSBORN, LIZ ALLAN, IONELLO, JASON"
"SHIFFMAN, MAXIE","THOMPSON, EUGENE FLA, PARKER, MAY, CYCLOPS/SCOTT SUMMER, SPIDER-MAN/PETER PAR, MCKEEVER, TINY, PULASKI, JOSEPHINE J, KINGPIN/WILSON FISK, OSBORN, LIZ ALLAN, IONELLO, JASON"
"OSBORN, LIZ ALLAN","JAMESON, MARLA MADIS, MR. FANTASTIC/REED R, DR. OCTOPUS/OTTO OCT, IRON MAN/TONY STARK , WARREN, MR., BLACK CAT/FELICIA HA, GREEN GOBLIN/NORMAN , VULTURE/ADRIAN TOOME, SLOAN, DR., DR. STRANGE/STEPHEN , SANDMAN/WILLIAM BAKE, DAREDEVIL/MATT MURDO, SUNDOWN/DR. DAVE LOW, PARKER, MAY, SUB-MARINER/NAMOR MA, HULK/DR. ROBERT BRUC, WASP/JANET VAN DYNE , HUMAN TORCH/JOHNNY S, MCKEEVER, TINY, ANGEL/WARREN KENNETH, KINGPIN/WILSON FISK, CHAMELEON/DMITRI SME, WATSON, ANNA, WATSON-PARKER, MARY , CAPTAIN AMERICA, BROMWELL, DR., MYSTERIO/QUENTIN BEC, OX, KINGSLEY, DANIEL, MARVEL GIRL/JEAN GRE, ANT-MAN/DR. HENRY J., HOBGOBLIN III/LEFTY , ICEMAN/ROBERT BOBBY , LEEDS, NED, PULASKI, JOSEPHINE J, WONG, JAMESON, J. JONAH, IONELLO, JASON, LEEDS, BETTY BRANT, THOMPSON, EUGENE FLA, INVISIBLE WOMAN/SUE , THING/BENJAMIN J. GR, SHIFFMAN, MAXIE, BEAST/HENRY &HANK& P, CYCLOPS/SCOTT SUMMER, OSBORN, HARRY, BIG MAN/FREDERICK FO, MONTANA, EVANS, DORIS, SPIDER-MAN/PETER PAR, KRAVEN THE HUNTER/SE, HOBGOBLIN II/RODERIC, BEYONDER, HOGAN, HAROLD J. HAP, FANCY DAN, THOR/DR. DONALD BLAK"
"MCKEEVER, TINY","MR. FANTASTIC/REED R, IRON MAN/TONY STARK , GREEN GOBLIN/NORMAN , OSBORN, LIZ ALLAN, DR. STRANGE/STEPHEN , DAREDEVIL/MATT MURDO, SUNDOWN/DR. DAVE LOW, PARKER, MAY, SUB-MARINER/NAMOR MA, HULK/DR. ROBERT BRUC, WASP/JANET VAN DYNE , HUMAN TORCH/JOHNNY S, ANGEL/WARREN KENNETH, KINGPIN/WILSON FISK, CAPTAIN AMERICA, MARVEL GIRL/JEAN GRE, ANT-MAN/DR. HENRY J., ICEMAN/ROBERT BOBBY , PULASKI, JOSEPHINE J, WONG, JAMESON, J. JONAH, IONELLO, JASON, LEEDS, BETTY BRANT, THOMPSON, EUGENE FLA, INVISIBLE WOMAN/SUE , THING/BENJAMIN J. GR, SHIFFMAN, MAXIE, BEAST/HENRY &HANK& P, CYCLOPS/SCOTT SUMMER, SPIDER-MAN/PETER PAR, HOGAN, HAROLD J. HAP, THOR/DR. DONALD BLAK"
"IONELLO, JASON","MR. FANTASTIC/REED R, IRON MAN/TONY STARK , GREEN GOBLIN/NORMAN , OSBORN, LIZ ALLAN, DR. STRANGE/STEPHEN , DAREDEVIL/MATT MURDO, SUNDOWN/DR. DAVE LOW, PARKER, MAY, SUB-MARINER/NAMOR MA, HULK/DR. ROBERT BRUC, WASP/JANET VAN DYNE , HUMAN TORCH/JOHNNY S, MCKEEVER, TINY, ANGEL/WARREN KENNETH, KINGPIN/WILSON FISK, CAPTAIN AMERICA, MARVEL GIRL/JEAN GRE, ANT-MAN/DR. HENRY J., ICEMAN/ROBERT BOBBY , PULASKI, JOSEPHINE J, WONG, JAMESON, J. JONAH, LEEDS, BETTY BRANT, THOMPSON, EUGENE FLA, INVISIBLE WOMAN/SUE , THING/BENJAMIN J. GR, SHIFFMAN, MAXIE, BEAST/HENRY &HANK& P, CYCLOPS/SCOTT SUMMER, SPIDER-MAN/PETER PAR, HOGAN, HAROLD J. HAP, THOR/DR. DONALD BLAK"
GLADIATOR II,"INVISIBLE WOMAN/SUE , THING/BENJAMIN J. GR, MR. FANTASTIC/REED R, ROSENTHAL, BERNIE, HUMAN TORCH/JOHNNY S, SPIDER-MAN/PETER PAR, RICHARDS, FRANKLIN B, MASTERS, ALICIA REIS, CAPTAIN AMERICA"
"RICHARDS, FRANKLIN B","STARFOX/EROS, MR. FANTASTIC/REED R, GRIMM, JAKE, ROSENTHAL, BERNIE, GALACTUS/GALAN, MASTERS, ALICIA REIS, GLADIATOR II, DAREDEVIL/MATT MURDO, WASP/JANET VAN DYNE , HUMAN TORCH/JOHNNY S, ANELLE, CAPTAIN AMERICA, NOVA II/FRANKIE RAYE, VISION , ANNIHILUS, SCARLET WITCH/WANDA , INVISIBLE WOMAN/SUE , THING/BENJAMIN J. GR, SHE-HULK/JENNIFER WA, SPIDER-MAN/PETER PAR, DEATH, CAPTAIN MARVEL II/MO, THOR/DR. DONALD BLAK"
ARISHEM [CELESTIAL],"ONE ABOVE ALL [CELES, MARVEL GIRL/JEAN GRE, BEAST/HENRY &HANK& P, GAMMENON [CELESTIAL], CYCLOPS/SCOTT SUMMER, ZIRAN, ICEMAN/ROBERT BOBBY , SUMMERS, NATHAN CHRI, ANGEL/WARREN KENNETH"
ZIRAN,"ONE ABOVE ALL [CELES, MARVEL GIRL/JEAN GRE, BEAST/HENRY &HANK& P, GAMMENON [CELESTIAL], CYCLOPS/SCOTT SUMMER, ARISHEM [CELESTIAL], ICEMAN/ROBERT BOBBY , SUMMERS, NATHAN CHRI, ANGEL/WARREN KENNETH"
GAMMENON [CELESTIAL],"ONE ABOVE ALL [CELES, MARVEL GIRL/JEAN GRE, BEAST/HENRY &HANK& P, CYCLOPS/SCOTT SUMMER, ARISHEM [CELESTIAL], ZIRAN, ICEMAN/ROBERT BOBBY , SUMMERS, NATHAN CHRI, ANGEL/WARREN KENNETH"
ONE ABOVE ALL [CELES,"MARVEL GIRL/JEAN GRE, BEAST/HENRY &HANK& P, GAMMENON [CELESTIAL], CYCLOPS/SCOTT SUMMER, ARISHEM [CELESTIAL], ZIRAN, ICEMAN/ROBERT BOBBY , SUMMERS, NATHAN CHRI, ANGEL/WARREN KENNETH"
WONG,"MR. FANTASTIC/REED R, IRON MAN/TONY STARK , WARLOCK II/ADAM WARL, PHOBOS, NOX, UMAR, NIGHTMARE/EDVARD HAB, GREEN GOBLIN/NORMAN , OSBORN, LIZ ALLAN, DR. STRANGE/STEPHEN , D'SPAYRE, DAREDEVIL/MATT MURDO, SUNDOWN/DR. DAVE LOW, BARON BLOOD II/VICTO, SUB-MARINER/NAMOR MA, PARKER, MAY, TOPAZ, HULK/DR. ROBERT BRUC, WASP/JANET VAN DYNE , HUMAN TORCH/JOHNNY S, MCKEEVER, TINY, ANGEL/WARREN KENNETH, RINTRAH, DEIMOS, CAPTAIN AMERICA, CLEA, WOLFE, SARA, MARVEL GIRL/JEAN GRE, ANT-MAN/DR. HENRY J., PIP/PRINCE GOFERN, ICEMAN/ROBERT BOBBY , DR. DRUID/ANTHONY LU, CHANG, IMEI, GAMORA, JAMESON, J. JONAH, IONELLO, JASON, LEEDS, BETTY BRANT, SCARLET WITCH/WANDA , BLESSING, MORGANA, INVISIBLE WOMAN/SUE , THOMPSON, EUGENE FLA, THING/BENJAMIN J. GR, FEAR EATER/KKALLAKKU, BEAST/HENRY &HANK& P, ETERNITY/ADAM QADMON, CYCLOPS/SCOTT SUMMER, SPIDER-MAN/PETER PAR, DWELLER IN DARKNESS, HOGAN, HAROLD J. HAP, THOR/DR. DONALD BLAK"
CLEA,"SILVER DAGGER/ISAIAH, WARLOCK II/ADAM WARL, THANOS, PHOBOS, NOX, DRAX/ARTHUR DOUGLAS, UMAR, NIGHTMARE/EDVARD HAB, FIRELORD/PYREUS KRIL, DR. STRANGE/STEPHEN , D'SPAYRE, BARON BLOOD II/VICTO, HELA [ASGARDIAN], TOPAZ, CAESAR, JULIUS, HULK/DR. ROBERT BRUC, SILVER SURFER/NORRIN, AGAMOTTO, RINTRAH, MEPHISTA, DEIMOS, ZOTA, WOLFE, SARA, SCARECROW II, PIP/PRINCE GOFERN, DR. DRUID/ANTHONY LU, CHANG, IMEI, CLEOPATRA, WONG, GAMORA, MEPHISTO, SCARLET WITCH/WANDA , BLESSING, MORGANA, FEAR EATER/KKALLAKKU, DR. DOOM/VICTOR VON , CERBERUS, ETERNITY/ADAM QADMON, LURKING UNKNOWN, SATANNISH, DWELLER IN DARKNESS"
UMAR,"CLEA, WONG, DR. STRANGE/STEPHEN "
"ALRAUNE, MARLENE","JESTER/JONATHAN POWE, FRENCHIE/JEAN-PAUL D, LANDERS, RAY, MOON KNIGHT/MARC SPE, THING/BENJAMIN J. GR, LANDERS, RICKY, CRAWLEY, BETRAND, NEDDA, SAMUELS, MANOLIS, LT. NICK, BUSHMAN, RAOUL, MASTERS, ALICIA REIS, LANDERS, GENA, DAREDEVIL/MATT MURDO"
JESTER/JONATHAN POWE,"FRENCHIE/JEAN-PAUL D, MOON KNIGHT/MARC SPE, CRAWLEY, BETRAND, NEDDA, ALRAUNE, MARLENE, MANOLIS, LT. NICK, LANDERS, GENA, DAREDEVIL/MATT MURDO"
DAREDEVIL/MATT MURDO,"JESTER/JONATHAN POWE, MR. FANTASTIC/REED R, MOON KNIGHT/MARC SPE, IRON MAN/TONY STARK , DR. OCTOPUS/OTTO OCT, GAMBONNO, LUIGI, PAGE, KAREN, ALRAUNE, MARLENE, CANNONBALL/JACK PULV, MASTERS, ALICIA REIS, GREEN GOBLIN/NORMAN , VULTURE/ADRIAN TOOME, OSBORN, LIZ ALLAN, DR. STRANGE/STEPHEN , SANDMAN/WILLIAM BAKE, GAMBONNO, ERNESTO, SUNDOWN/DR. DAVE LOW, PARKER, MAY, SUB-MARINER/NAMOR MA, FRENCHIE/JEAN-PAUL D, HULK/DR. ROBERT BRUC, WASP/JANET VAN DYNE , HUMAN TORCH/JOHNNY S, MCKEEVER, TINY, ANGEL/WARREN KENNETH, NELSON, FRANKLIN FOG, WATSON, ANNA, CAPTAIN AMERICA, BROMWELL, DR., MARVEL GIRL/JEAN GRE, ANT-MAN/DR. HENRY J., NEDDA, ICEMAN/ROBERT BOBBY , LEEDS, NED, LANDERS, GENA, JAMESON, J. JONAH, WONG, IONELLO, JASON, LEEDS, BETTY BRANT, ANNIHILUS, THOMPSON, EUGENE FLA, INVISIBLE WOMAN/SUE , THING/BENJAMIN J. GR, BEAST/HENRY &HANK& P, CYCLOPS/SCOTT SUMMER, CRAWLEY, BETRAND, RINGMASTER/MAYNARD T, SPIDER-MAN/PETER PAR, MANOLIS, LT. NICK, KRAVEN THE HUNTER/SE, RICHARDS, FRANKLIN B, BRUTO THE STRONGMAN/, HOGAN, HAROLD J. HAP, THOR/DR. DONALD BLAK"
NEDDA,"JESTER/JONATHAN POWE, FRENCHIE/JEAN-PAUL D, LANDERS, RAY, MOON KNIGHT/MARC SPE, LANDERS, RICKY, CRAWLEY, BETRAND, SAMUELS, ALRAUNE, MARLENE, MANOLIS, LT. NICK, BUSHMAN, RAOUL, LANDERS, GENA, DAREDEVIL/MATT MURDO"
"LANDERS, GENA","JESTER/JONATHAN POWE, FRENCHIE/JEAN-PAUL D, LANDERS, RAY, MOON KNIGHT/MARC SPE, LANDERS, RICKY, CRAWLEY, BETRAND, NEDDA, SAMUELS, ALRAUNE, MARLENE, MANOLIS, LT. NICK, BUSHMAN, RAOUL, DAREDEVIL/MATT MURDO"
"CRAWLEY, BETRAND","JESTER/JONATHAN POWE, FRENCHIE/JEAN-PAUL D, LANDERS, RAY, MOON KNIGHT/MARC SPE, LANDERS, RICKY, NEDDA, SAMUELS, ALRAUNE, MARLENE, MANOLIS, LT. NICK, BUSHMAN, RAOUL, LANDERS, GENA, DAREDEVIL/MATT MURDO"
"MANOLIS, LT. NICK","JESTER/JONATHAN POWE, FRENCHIE/JEAN-PAUL D, MOON KNIGHT/MARC SPE, CRAWLEY, BETRAND, NEDDA, ALRAUNE, MARLENE, LANDERS, GENA, DAREDEVIL/MATT MURDO"
FRENCHIE/JEAN-PAUL D,"JESTER/JONATHAN POWE, LANDERS, RAY, THING/BENJAMIN J. GR, MOON KNIGHT/MARC SPE, LANDERS, RICKY, CRAWLEY, BETRAND, NEDDA, SAMUELS, ALRAUNE, MARLENE, MANOLIS, LT. NICK, BUSHMAN, RAOUL, MASTERS, ALICIA REIS, LANDERS, GENA, DAREDEVIL/MATT MURDO"
"BUSHMAN, RAOUL","LANDERS, RAY, FRENCHIE/JEAN-PAUL D, MOON KNIGHT/MARC SPE, LANDERS, RICKY, CRAWLEY, BETRAND, NEDDA, SAMUELS, ALRAUNE, MARLENE, LANDERS, GENA"
"LANDERS, RICKY","LANDERS, RAY, FRENCHIE/JEAN-PAUL D, MOON KNIGHT/MARC SPE, CRAWLEY, BETRAND, NEDDA, SAMUELS, ALRAUNE, MARLENE, LANDERS, GENA, BUSHMAN, RAOUL"
SAMUELS,"LANDERS, RAY, FRENCHIE/JEAN-PAUL D, MOON KNIGHT/MARC SPE, LANDERS, RICKY, CRAWLEY, BETRAND, NEDDA, ALRAUNE, MARLENE, LANDERS, GENA, BUSHMAN, RAOUL"
"LANDERS, RAY","FRENCHIE/JEAN-PAUL D, MOON KNIGHT/MARC SPE, LANDERS, RICKY, CRAWLEY, BETRAND, NEDDA, SAMUELS, ALRAUNE, MARLENE, LANDERS, GENA, BUSHMAN, RAOUL"
"MASTERS, ALICIA REIS","STARFOX/EROS, MR. FANTASTIC/REED R, MOON KNIGHT/MARC SPE, ROSENTHAL, BERNIE, GALACTUS/GALAN, ALRAUNE, MARLENE, GLADIATOR II, DAREDEVIL/MATT MURDO, FRENCHIE/JEAN-PAUL D, WASP/JANET VAN DYNE , HUMAN TORCH/JOHNNY S, CAPTAIN AMERICA, LIVING MUMMY, NOVA II/FRANKIE RAYE, VISION , ANNIHILUS, SCARLET WITCH/WANDA , INVISIBLE WOMAN/SUE , THING/BENJAMIN J. GR, SHE-HULK/JENNIFER WA, SPIDER-MAN/PETER PAR, RICHARDS, FRANKLIN B, CAPTAIN MARVEL II/MO, THOR/DR. DONALD BLAK"
FEAR EATER/KKALLAKKU,"CLEA, WONG, WOLFE, SARA, SCARECROW II, PHOBOS, DEIMOS, NOX, LURKING UNKNOWN, CHANG, IMEI, NIGHTMARE/EDVARD HAB, RINTRAH, DWELLER IN DARKNESS, DR. STRANGE/STEPHEN , D'SPAYRE"
LURKING UNKNOWN,"CLEA, FEAR EATER/KKALLAKKU, WOLFE, SARA, SCARECROW II, NOX, NIGHTMARE/EDVARD HAB, RINTRAH, DWELLER IN DARKNESS, DR. STRANGE/STEPHEN , D'SPAYRE"
"WOLFE, SARA","WARLOCK II/ADAM WARL, PHOBOS, NOX, NIGHTMARE/EDVARD HAB, DR. STRANGE/STEPHEN , D'SPAYRE, BARON BLOOD II/VICTO, TOPAZ, RINTRAH, DEIMOS, CLEA, SCARECROW II, PIP/PRINCE GOFERN, DR. DRUID/ANTHONY LU, CHANG, IMEI, WONG, GAMORA, SCARLET WITCH/WANDA , BLESSING, MORGANA, FEAR EATER/KKALLAKKU, ETERNITY/ADAM QADMON, LURKING UNKNOWN, DWELLER IN DARKNESS"
DWELLER IN DARKNESS,"CLEA, FEAR EATER/KKALLAKKU, WOLFE, SARA, WONG, SCARECROW II, PHOBOS, DEIMOS, NOX, LURKING UNKNOWN, CHANG, IMEI, NIGHTMARE/EDVARD HAB, RINTRAH, DR. STRANGE/STEPHEN , D'SPAYRE"
SCARECROW II,"CLEA, FEAR EATER/KKALLAKKU, WOLFE, SARA, NOX, LURKING UNKNOWN, NIGHTMARE/EDVARD HAB, RINTRAH, DWELLER IN DARKNESS, DR. STRANGE/STEPHEN , D'SPAYRE"
NOX,"CLEA, FEAR EATER/KKALLAKKU, WOLFE, SARA, WONG, SCARECROW II, PHOBOS, DEIMOS, LURKING UNKNOWN, CHANG, IMEI, NIGHTMARE/EDVARD HAB, RINTRAH, DWELLER IN DARKNESS, DR. STRANGE/STEPHEN , D'SPAYRE"
RINTRAH,"SILVER DAGGER/ISAIAH, WARLOCK II/ADAM WARL, PHOBOS, NOX, DRAX/ARTHUR DOUGLAS, NIGHTMARE/EDVARD HAB, FIRELORD/PYREUS KRIL, DR. STRANGE/STEPHEN , D'SPAYRE, BARON BLOOD II/VICTO, HELA [ASGARDIAN], TOPAZ, HULK/DR. ROBERT BRUC, SILVER SURFER/NORRIN, AGAMOTTO, MEPHISTA, DEIMOS, CLEA, WOLFE, SARA, SCARECROW II, PIP/PRINCE GOFERN, DR. DRUID/ANTHONY LU, CHANG, IMEI, WONG, GAMORA, MEPHISTO, SCARLET WITCH/WANDA , BLESSING, MORGANA, FEAR EATER/KKALLAKKU, DR. DOOM/VICTOR VON , CERBERUS, ETERNITY/ADAM QADMON, LURKING UNKNOWN, SATANNISH, DWELLER IN DARKNESS"
PHOBOS,"CLEA, FEAR EATER/KKALLAKKU, WOLFE, SARA, DEIMOS, NOX, CHANG, IMEI, NIGHTMARE/EDVARD HAB, WONG, DWELLER IN DARKNESS, RINTRAH, DR. STRANGE/STEPHEN , D'SPAYRE"
DEIMOS,"CLEA, FEAR EATER/KKALLAKKU, WOLFE, SARA, PHOBOS, NOX, CHANG, IMEI, NIGHTMARE/EDVARD HAB, WONG, DWELLER IN DARKNESS, RINTRAH, DR. STRANGE/STEPHEN , D'SPAYRE"
"CHANG, IMEI","WARLOCK II/ADAM WARL, PHOBOS, NOX, NIGHTMARE/EDVARD HAB, DR. STRANGE/STEPHEN , D'SPAYRE, BARON BLOOD II/VICTO, TOPAZ, SILVER SURFER/NORRIN, RINTRAH, DEIMOS, CLEA, WOLFE, SARA, PIP/PRINCE GOFERN, DR. DRUID/ANTHONY LU, WONG, GAMORA, SCARLET WITCH/WANDA , BLESSING, MORGANA, FEAR EATER/KKALLAKKU, ETERNITY/ADAM QADMON, DWELLER IN DARKNESS"
TOPAZ,"BLESSING, MORGANA, CLEA, BARON BLOOD II/VICTO, WONG, WOLFE, SARA, ETERNITY/ADAM QADMON, MEPHISTA, WARLOCK II/ADAM WARL, PIP/PRINCE GOFERN, DR. DRUID/ANTHONY LU, CHANG, IMEI, SATANNISH, RINTRAH, GAMORA, MEPHISTO, DR. STRANGE/STEPHEN , SCARLET WITCH/WANDA "
DR. DRUID/ANTHONY LU,"WARLOCK II/ADAM WARL, THANOS, DRAX/ARTHUR DOUGLAS, FIRELORD/PYREUS KRIL, DR. STRANGE/STEPHEN , BARON BLOOD II/VICTO, HELA [ASGARDIAN], TOPAZ, CAESAR, JULIUS, HULK/DR. ROBERT BRUC, RINTRAH, ZINOVIEV, IVAN, VALKIN, ZOTA, CLEA, MOLE MAN/HARVEY RUPE, WOLFE, SARA, KRO [DEVIANT], PIP/PRINCE GOFERN, ZAWADI, CHANG, IMEI, CLEOPATRA, BLOODSTONE/ULYSSES B, WONG, GAMORA, GROTTU, SCARLET WITCH/WANDA , BLESSING, MORGANA, GORGILLA, MAKKARI/MIKE KHARY/I, DR. DOOM/VICTOR VON , CERBERUS, GIGANTUS, ETERNITY/ADAM QADMON"
BARON BLOOD II/VICTO,"SILVER DAGGER/ISAIAH, WARLOCK II/ADAM WARL, DR. STRANGE/STEPHEN , TOPAZ, SILVER SURFER/NORRIN, AGAMOTTO, RINTRAH, MEPHISTA, CLEA, WOLFE, SARA, PIP/PRINCE GOFERN, DR. DRUID/ANTHONY LU, CHANG, IMEI, WONG, GAMORA, MEPHISTO, SCARLET WITCH/WANDA , BLESSING, MORGANA, DR. DOOM/VICTOR VON , ETERNITY/ADAM QADMON, SATANNISH"
"BLESSING, MORGANA","SILVER DAGGER/ISAIAH, WARLOCK II/ADAM WARL, DR. STRANGE/STEPHEN , BARON BLOOD II/VICTO, TOPAZ, SILVER SURFER/NORRIN, AGAMOTTO, RINTRAH, MEPHISTA, CLEA, WOLFE, SARA, PIP/PRINCE GOFERN, DR. DRUID/ANTHONY LU, CHANG, IMEI, WONG, GAMORA, MEPHISTO, SCARLET WITCH/WANDA , DR. DOOM/VICTOR VON , ETERNITY/ADAM QADMON, SATANNISH"
PIP/PRINCE GOFERN,"SILVER DAGGER/ISAIAH, WARLOCK II/ADAM WARL, THANOS, DRAX/ARTHUR DOUGLAS, FIRELORD/PYREUS KRIL, DR. STRANGE/STEPHEN , BARON BLOOD II/VICTO, HELA [ASGARDIAN], TOPAZ, CAESAR, JULIUS, HULK/DR. ROBERT BRUC, SILVER SURFER/NORRIN, AGAMOTTO, RINTRAH, ZOTA, CLEA, WOLFE, SARA, DR. DRUID/ANTHONY LU, CHANG, IMEI, CLEOPATRA, WONG, GAMORA, SCARLET WITCH/WANDA , BLESSING, MORGANA, DR. DOOM/VICTOR VON , CERBERUS, ETERNITY/ADAM QADMON"
GAMORA,"CLEA, BLESSING, MORGANA, BARON BLOOD II/VICTO, WONG, WOLFE, SARA, TOPAZ, ETERNITY/ADAM QADMON, WARLOCK II/ADAM WARL, PIP/PRINCE GOFERN, DR. DRUID/ANTHONY LU, CHANG, IMEI, RINTRAH, DR. STRANGE/STEPHEN , SCARLET WITCH/WANDA "
FRANKENSURFER/BORGO,"VON FRANKENSTEIN, BA, DR. STRANGE/STEPHEN , DRACULA/VLAD TEPES"
"VON FRANKENSTEIN, BA","FRANKENSURFER/BORGO, DR. STRANGE/STEPHEN , DRACULA/VLAD TEPES"
DRACULA/VLAD TEPES,"FRANKENSURFER/BORGO, SUB-MARINER/NAMOR MA, BARON BLOOD/JOHN FAL, HUMAN TORCH ANDROID/, BUCKY/BUCKY BARNES, UNION JACK/LORD MONT, SPITFIRE/LADY JACQUE, TORO/TOM RAYMOND, VON FRANKENSTEIN, BA, DR. STRANGE/STEPHEN , CAPTAIN AMERICA"
DR. DOOM/VICTOR VON ,"CLEA, BLESSING, MORGANA, BARON BLOOD II/VICTO, ZARRKO, ARTHUR, IRON MAN/TONY STARK , SILVER DAGGER/ISAIAH, SILVER SURFER/NORRIN, AGAMOTTO, WARLOCK II/ADAM WARL, PIP/PRINCE GOFERN, TERRAX II/TYROS, DR. DRUID/ANTHONY LU, RINTRAH, KRISTOFF/KRISTOFF VE, DR. STRANGE/STEPHEN , SCARLET WITCH/WANDA , CAPTAIN AMERICA"
CERBERUS,"CLEA, HELA [ASGARDIAN], HULK/DR. ROBERT BRUC, PIP/PRINCE GOFERN, DRAX/ARTHUR DOUGLAS, DR. DRUID/ANTHONY LU, FIRELORD/PYREUS KRIL, RINTRAH, DR. STRANGE/STEPHEN , SCARLET WITCH/WANDA "
HELA [ASGARDIAN],"SIF, IRON MAN/TONY STARK , CASE, COL. PRESTON, COLLINS, DEMITRIUS, LOKI [ASGARDIAN], BRADLEY, HANK, VOLLA, DRAX/ARTHUR DOUGLAS, FIRELORD/PYREUS KRIL, DR. STRANGE/STEPHEN , KINCAID, DR. JANE FO, HULK/DR. ROBERT BRUC, FAIRMONT, AMANDA MAN, RINTRAH, CAPTAIN AMERICA, CLEA, PERRIKUS, PIP/PRINCE GOFERN, DR. DRUID/ANTHONY LU, SCARLET WITCH/WANDA , CERBERUS, DESTROYER III, HAWK, FAIRMONT, HANNAH, THOR/DR. DONALD BLAK"
FIRELORD/PYREUS KRIL,"CLEA, HELA [ASGARDIAN], CERBERUS, HULK/DR. ROBERT BRUC, PIP/PRINCE GOFERN, DRAX/ARTHUR DOUGLAS, DR. DRUID/ANTHONY LU, RINTRAH, DR. STRANGE/STEPHEN , SCARLET WITCH/WANDA "
AGAMOTTO,"BLESSING, MORGANA, CLEA, BARON BLOOD II/VICTO, DR. DOOM/VICTOR VON , SILVER DAGGER/ISAIAH, SILVER SURFER/NORRIN, WARLOCK II/ADAM WARL, PIP/PRINCE GOFERN, RINTRAH, DR. STRANGE/STEPHEN "
SILVER DAGGER/ISAIAH,"BLESSING, MORGANA, CLEA, BARON BLOOD II/VICTO, DR. DOOM/VICTOR VON , SILVER SURFER/NORRIN, WARLOCK II/ADAM WARL, AGAMOTTO, PIP/PRINCE GOFERN, RINTRAH, DR. STRANGE/STEPHEN "
"CAESAR, JULIUS","CLEA, THANOS, PIP/PRINCE GOFERN, DR. DRUID/ANTHONY LU, CLEOPATRA, DR. STRANGE/STEPHEN , ZOTA"
ZOTA,"CLEA, CAESAR, JULIUS, THANOS, PIP/PRINCE GOFERN, DR. DRUID/ANTHONY LU, CLEOPATRA, DR. STRANGE/STEPHEN "
THANOS,"CLEA, CAESAR, JULIUS, PIP/PRINCE GOFERN, DR. DRUID/ANTHONY LU, CLEOPATRA, DR. STRANGE/STEPHEN , ZOTA"
CLEOPATRA,"CLEA, CAESAR, JULIUS, THANOS, PIP/PRINCE GOFERN, DR. DRUID/ANTHONY LU, DR. STRANGE/STEPHEN , ZOTA"
MEPHISTA,"CLEA, BLESSING, MORGANA, BARON BLOOD II/VICTO, TOPAZ, SATANNISH, RINTRAH, MEPHISTO, DR. STRANGE/STEPHEN "
MEPHISTO,"CLEA, BLESSING, MORGANA, BARON BLOOD II/VICTO, TOPAZ, MEPHISTA, SATANNISH, RINTRAH, DR. STRANGE/STEPHEN "
SATANNISH,"CLEA, BLESSING, MORGANA, BARON BLOOD II/VICTO, TOPAZ, MEPHISTA, RINTRAH, MEPHISTO, DR. STRANGE/STEPHEN "
"SLOAN, DR.","OSBORN, HARRY, THINKER, MUGGINS, MAMIE, BLACK CAT/FELICIA HA, URICH, BEN, HOBGOBLIN III/LEFTY , SPIDER-MAN/PETER PAR, BANNON, LANCE, HOCHBERG, ROGER, HOBGOBLIN II/RODERIC, LIZARD/DR. CURTIS CO, OSBORN, LIZ ALLAN, WATSON-PARKER, MARY "
HOBGOBLIN III/LEFTY ,"TOWER, BLAKE, OSBORN, HARRY, BLACK CAT/FELICIA HA, SPIDER-MAN/PETER PAR, JAMESON, J. JONAH, HOBGOBLIN II/RODERIC, OSBORN, LIZ ALLAN, SLOAN, DR., LEEDS, BETTY BRANT, WATSON-PARKER, MARY "
HOBGOBLIN II/RODERIC,"JAMESON, MARLA MADIS, KINGSLEY, DANIEL, TOWER, BLAKE, OSBORN, HARRY, BLACK CAT/FELICIA HA, SPIDER-MAN/PETER PAR, HOBGOBLIN III/LEFTY , JAMESON, J. JONAH, KINGPIN/WILSON FISK, BEYONDER, OSBORN, LIZ ALLAN, SLOAN, DR., LEEDS, BETTY BRANT, WATSON-PARKER, MARY "
FROG-MAN II/EUGENE P,"PARKER, MAY, SPIDER-MAN/PETER PAR, LUBENSKI, NATE, THUNDERBALL/DR. ELIO, WATSON, ANNA, WATSON-PARKER, MARY "
"LUBENSKI, NATE","PARKER, MAY, SPIDER-MAN/PETER PAR, FROG-MAN II/EUGENE P, FOREIGNER/RAFAEL BAS, THUNDERBALL/DR. ELIO, VULTURE/ADRIAN TOOME, WATSON, ANNA, WATSON-PARKER, MARY "
FOREIGNER/RAFAEL BAS,"PARKER, MAY, SPIDER-MAN/PETER PAR, BANNON, LANCE, LUBENSKI, NATE, VULTURE/ADRIAN TOOME, WATSON, ANNA, WATSON-PARKER, MARY "
"BANNON, LANCE","WATSON, ANNA, THINKER, MUGGINS, MAMIE, BLACK CAT/FELICIA HA, SPIDER-MAN/PETER PAR, URICH, BEN, HOCHBERG, ROGER, LIZARD/DR. CURTIS CO, VULTURE/ADRIAN TOOME, FOREIGNER/RAFAEL BAS, SLOAN, DR., WATSON-PARKER, MARY "
"MUGGINS, MAMIE","THINKER, SPIDER-MAN/PETER PAR, BANNON, LANCE, SLOAN, DR., WATSON-PARKER, MARY "
THINKER,"MUGGINS, MAMIE, SPIDER-MAN/PETER PAR, BANNON, LANCE, SLOAN, DR., WATSON-PARKER, MARY "
"HOCHBERG, ROGER","URICH, BEN, BLACK CAT/FELICIA HA, SPIDER-MAN/PETER PAR, BANNON, LANCE, LIZARD/DR. CURTIS CO, SLOAN, DR., WATSON-PARKER, MARY "
LIZARD/DR. CURTIS CO,"PARKER, MAY, ROBERTSON, JOE, GRANT, GLORIA GLORY, TARANTULA/ANTON MIGU, URICH, BEN, BLACK CAT/FELICIA HA, LIGHTMASTER/EDWARD L, SPIDER-MAN/PETER PAR, BANNON, LANCE, KRAVEN THE HUNTER/SE, HOCHBERG, ROGER, KINGPIN/WILSON FISK, WATSON, ANNA, SLOAN, DR., JAMESON, J. JONAH, WATSON-PARKER, MARY "
"KINGSLEY, DANIEL","JAMESON, MARLA MADIS, OSBORN, HARRY, SPIDER-MAN/PETER PAR, KINGPIN/WILSON FISK, HOBGOBLIN II/RODERIC, BEYONDER, OSBORN, LIZ ALLAN, JAMESON, J. JONAH, WATSON-PARKER, MARY "
"JAMESON, MARLA MADIS","KINGSLEY, DANIEL, OSBORN, HARRY, SPIDER-MAN/PETER PAR, KINGPIN/WILSON FISK, HOBGOBLIN II/RODERIC, BEYONDER, OSBORN, LIZ ALLAN, JAMESON, J. JONAH, WATSON-PARKER, MARY "
"COUNT NEFARIA, LUCHI","CARTER, SHARON, MANNING, DR., ZABU, PORCUPINE/ALEX GENTR, FERRARI, CONNIE, FREDERICKS, GENERAL, PROTOCIDE/PRIVATE CL, BILLUPS, AGENT, SHANNA/SHANNA O'HARA, THOR/DR. DONALD BLAK, FURY, COL. NICHOLAS , HENDERSHOOT, COLONEL, PLANTMAN/SAM SMITHER, EEL/LEOPOLD STRYKE, KA-ZAR/KEVIN PLUNDER, RAMIREZ, JAVIER, ANGEL/WARREN KENNETH, SCARECROW/EBENEZER L, CAPTAIN AMERICA, MARVEL GIRL/JEAN GRE, ICEMAN/ROBERT BOBBY , PENANCE/MONET ST. CR, JARVIS, EDWIN , CANTOR, VERA, BEAST/HENRY &HANK& P, CYCLOPS/SCOTT SUMMER, PLUNDER, ADAM KYLE M, UNICORN/MYLOS MASARY, PROFESSOR X/CHARLES , ZELDA"
PLANTMAN/SAM SMITHER,"HENDERSHOOT, COLONEL, COUNT NEFARIA, LUCHI, CANTOR, VERA, MARVEL GIRL/JEAN GRE, BEAST/HENRY &HANK& P, CYCLOPS/SCOTT SUMMER, PORCUPINE/ALEX GENTR, EEL/LEOPOLD STRYKE, ICEMAN/ROBERT BOBBY , FREDERICKS, GENERAL, PENANCE/MONET ST. CR, ANGEL/WARREN KENNETH, UNICORN/MYLOS MASARY, SCARECROW/EBENEZER L, PROFESSOR X/CHARLES , ZELDA"
SCARECROW/EBENEZER L,"HENDERSHOOT, COLONEL, COUNT NEFARIA, LUCHI, PLANTMAN/SAM SMITHER, CANTOR, VERA, MARVEL GIRL/JEAN GRE, BEAST/HENRY &HANK& P, CYCLOPS/SCOTT SUMMER, PORCUPINE/ALEX GENTR, EEL/LEOPOLD STRYKE, ICEMAN/ROBERT BOBBY , FREDERICKS, GENERAL, PENANCE/MONET ST. CR, ANGEL/WARREN KENNETH, UNICORN/MYLOS MASARY, PROFESSOR X/CHARLES , ZELDA"
ZELDA,"QUICKSILVER/PIETRO M, PORCUPINE/ALEX GENTR, PLANTMAN/SAM SMITHER, EEL/LEOPOLD STRYKE, ROBERTS, TED, ANGEL/WARREN KENNETH, SCARECROW/EBENEZER L, MARVEL GIRL/JEAN GRE, ICEMAN/ROBERT BOBBY , SCARLET WITCH/WANDA , COUNT NEFARIA, LUCHI, CANTOR, VERA, BEAST/HENRY &HANK& P, CYCLOPS/SCOTT SUMMER, MIMIC/CALVIN RANKIN, SPIDER-MAN/PETER PAR, UNICORN/MYLOS MASARY, PUPPET MASTER/PHILLI, PROFESSOR X/CHARLES "
EEL/LEOPOLD STRYKE,"HENDERSHOOT, COLONEL, COUNT NEFARIA, LUCHI, PLANTMAN/SAM SMITHER, CANTOR, VERA, MARVEL GIRL/JEAN GRE, BEAST/HENRY &HANK& P, CYCLOPS/SCOTT SUMMER, PORCUPINE/ALEX GENTR, ICEMAN/ROBERT BOBBY , FREDERICKS, GENERAL, PENANCE/MONET ST. CR, ANGEL/WARREN KENNETH, UNICORN/MYLOS MASARY, SCARECROW/EBENEZER L, PROFESSOR X/CHARLES , ZELDA"
"CANTOR, VERA","QUICKSILVER/PIETRO M, PORCUPINE/ALEX GENTR, PLANTMAN/SAM SMITHER, EEL/LEOPOLD STRYKE, ROBERTS, TED, ANGEL/WARREN KENNETH, SCARECROW/EBENEZER L, MARVEL GIRL/JEAN GRE, ICEMAN/ROBERT BOBBY , SCARLET WITCH/WANDA , COUNT NEFARIA, LUCHI, BEAST/HENRY &HANK& P, CYCLOPS/SCOTT SUMMER, MIMIC/CALVIN RANKIN, SPIDER-MAN/PETER PAR, UNICORN/MYLOS MASARY, PUPPET MASTER/PHILLI, PROFESSOR X/CHARLES , ZELDA"
PORCUPINE/ALEX GENTR,"HENDERSHOOT, COLONEL, COUNT NEFARIA, LUCHI, PLANTMAN/SAM SMITHER, CANTOR, VERA, MARVEL GIRL/JEAN GRE, BEAST/HENRY &HANK& P, CYCLOPS/SCOTT SUMMER, EEL/LEOPOLD STRYKE, ICEMAN/ROBERT BOBBY , FREDERICKS, GENERAL, PENANCE/MONET ST. CR, ANGEL/WARREN KENNETH, UNICORN/MYLOS MASARY, SCARECROW/EBENEZER L, PROFESSOR X/CHARLES , ZELDA"
UNICORN/MYLOS MASARY,"HENDERSHOOT, COLONEL, COUNT NEFARIA, LUCHI, PLANTMAN/SAM SMITHER, CANTOR, VERA, MARVEL GIRL/JEAN GRE, BEAST/HENRY &HANK& P, CYCLOPS/SCOTT SUMMER, PORCUPINE/ALEX GENTR, EEL/LEOPOLD STRYKE, ICEMAN/ROBERT BOBBY , FREDERICKS, GENERAL, PENANCE/MONET ST. CR, ANGEL/WARREN KENNETH, SCARECROW/EBENEZER L, PROFESSOR X/CHARLES , ZELDA"
"HENDERSHOOT, COLONEL","COUNT NEFARIA, LUCHI, PLANTMAN/SAM SMITHER, MARVEL GIRL/JEAN GRE, BEAST/HENRY &HANK& P, CYCLOPS/SCOTT SUMMER, PORCUPINE/ALEX GENTR, EEL/LEOPOLD STRYKE, ICEMAN/ROBERT BOBBY , FREDERICKS, GENERAL, PENANCE/MONET ST. CR, ANGEL/WARREN KENNETH, UNICORN/MYLOS MASARY, SCARECROW/EBENEZER L, PROFESSOR X/CHARLES "
"FREDERICKS, GENERAL","HENDERSHOOT, COLONEL, COUNT NEFARIA, LUCHI, PLANTMAN/SAM SMITHER, MARVEL GIRL/JEAN GRE, BEAST/HENRY &HANK& P, CYCLOPS/SCOTT SUMMER, PORCUPINE/ALEX GENTR, EEL/LEOPOLD STRYKE, ICEMAN/ROBERT BOBBY , PENANCE/MONET ST. CR, ANGEL/WARREN KENNETH, UNICORN/MYLOS MASARY, SCARECROW/EBENEZER L, PROFESSOR X/CHARLES "
PENANCE/MONET ST. CR,"HENDERSHOOT, COLONEL, COUNT NEFARIA, LUCHI, PLANTMAN/SAM SMITHER, MARVEL GIRL/JEAN GRE, BEAST/HENRY &HANK& P, CYCLOPS/SCOTT SUMMER, PORCUPINE/ALEX GENTR, EEL/LEOPOLD STRYKE, FREDERICKS, GENERAL, ICEMAN/ROBERT BOBBY , ANGEL/WARREN KENNETH, UNICORN/MYLOS MASARY, SCARECROW/EBENEZER L, PROFESSOR X/CHARLES "
SUPREME ONE,"PROFESSOR X/CHARLES , MARVEL GIRL/JEAN GRE, BEAST/HENRY &HANK& P, CYCLOPS/SCOTT SUMMER, DOMINUS, ICEMAN/ROBERT BOBBY , BLOB/FRED J. DUKES, ANGEL/WARREN KENNETH, UNUS THE UNTOUCHABLE, LUCIFER"
LUCIFER,"MARVEL GIRL/JEAN GRE, BEAST/HENRY &HANK& P, CYCLOPS/SCOTT SUMMER, DOMINUS, ICEMAN/ROBERT BOBBY , BLOB/FRED J. DUKES, ANGEL/WARREN KENNETH, UNUS THE UNTOUCHABLE, SUPREME ONE, PROFESSOR X/CHARLES "
UNUS THE UNTOUCHABLE,"MARVEL GIRL/JEAN GRE, BEAST/HENRY &HANK& P, CYCLOPS/SCOTT SUMMER, ICEMAN/ROBERT BOBBY , BLOB/FRED J. DUKES, ANGEL/WARREN KENNETH, SUPREME ONE, LUCIFER, PROFESSOR X/CHARLES "
DOMINUS,"MARVEL GIRL/JEAN GRE, BEAST/HENRY &HANK& P, CYCLOPS/SCOTT SUMMER, ICEMAN/ROBERT BOBBY , ANGEL/WARREN KENNETH, SUPREME ONE, LUCIFER, PROFESSOR X/CHARLES "
MIMIC/CALVIN RANKIN,"QUICKSILVER/PIETRO M, KUKULCAN/VIRAKO/QUET, EL TIGRE, TOLOC, ROBERTS, TED, ANGEL/WARREN KENNETH, BANSHEE/SEAN CASSIDY, SUPER-ADAPTOID/ALESS, OGRE, MARVEL GIRL/JEAN GRE, RAMON, ICEMAN/ROBERT BOBBY , SCARLET WITCH/WANDA , CANTOR, VERA, BEAST/HENRY &HANK& P, CYCLOPS/SCOTT SUMMER, SPIDER-MAN/PETER PAR, PUPPET MASTER/PHILLI, PROFESSOR X/CHARLES , ZELDA"
KUKULCAN/VIRAKO/QUET,"EL TIGRE, MARVEL GIRL/JEAN GRE, BEAST/HENRY &HANK& P, RAMON, CYCLOPS/SCOTT SUMMER, TOLOC, ROBERTS, TED, ICEMAN/ROBERT BOBBY , MIMIC/CALVIN RANKIN, ANGEL/WARREN KENNETH, PROFESSOR X/CHARLES "
TOLOC,"KUKULCAN/VIRAKO/QUET, EL TIGRE, MARVEL GIRL/JEAN GRE, BEAST/HENRY &HANK& P, RAMON, CYCLOPS/SCOTT SUMMER, ROBERTS, TED, ICEMAN/ROBERT BOBBY , MIMIC/CALVIN RANKIN, ANGEL/WARREN KENNETH, PROFESSOR X/CHARLES "
RAMON,"KUKULCAN/VIRAKO/QUET, EL TIGRE, MARVEL GIRL/JEAN GRE, BEAST/HENRY &HANK& P, TOLOC, CYCLOPS/SCOTT SUMMER, ROBERTS, TED, ICEMAN/ROBERT BOBBY , MIMIC/CALVIN RANKIN, ANGEL/WARREN KENNETH, PROFESSOR X/CHARLES "
EL TIGRE,"KUKULCAN/VIRAKO/QUET, MARVEL GIRL/JEAN GRE, TOLOC, RAMON, CYCLOPS/SCOTT SUMMER, BEAST/HENRY &HANK& P, ROBERTS, TED, MIMIC/CALVIN RANKIN, ICEMAN/ROBERT BOBBY , ANGEL/WARREN KENNETH, PROFESSOR X/CHARLES "
PUPPET MASTER/PHILLI,"QUICKSILVER/PIETRO M, PROFESSOR X/CHARLES , CANTOR, VERA, MARVEL GIRL/JEAN GRE, BEAST/HENRY &HANK& P, CYCLOPS/SCOTT SUMMER, ROBERTS, TED, ICEMAN/ROBERT BOBBY , SPIDER-MAN/PETER PAR, MIMIC/CALVIN RANKIN, ANGEL/WARREN KENNETH, SCARLET WITCH/WANDA , ZELDA"
LOCUST,"MARVEL GIRL/JEAN GRE, BEAST/HENRY &HANK& P, CYCLOPS/SCOTT SUMMER, ROBERTS, TED, ICEMAN/ROBERT BOBBY , ANGEL/WARREN KENNETH, PROFESSOR X/CHARLES "
BANSHEE/SEAN CASSIDY,"MARVEL GIRL/JEAN GRE, BEAST/HENRY &HANK& P, CYCLOPS/SCOTT SUMMER, ROBERTS, TED, MIMIC/CALVIN RANKIN, ICEMAN/ROBERT BOBBY , ANGEL/WARREN KENNETH, OGRE, PROFESSOR X/CHARLES "
OGRE,"MARVEL GIRL/JEAN GRE, BEAST/HENRY &HANK& P, CYCLOPS/SCOTT SUMMER, ROBERTS, TED, MIMIC/CALVIN RANKIN, ICEMAN/ROBERT BOBBY , ANGEL/WARREN KENNETH, BANSHEE/SEAN CASSIDY, PROFESSOR X/CHARLES "
SUPER-ADAPTOID/ALESS,"MARVEL GIRL/JEAN GRE, BEAST/HENRY &HANK& P, RODGERS, MARIANNE, CYCLOPS/SCOTT SUMMER, IRON MAN/TONY STARK , MIMIC/CALVIN RANKIN, ICEMAN/ROBERT BOBBY , ANGEL/WARREN KENNETH, HOGAN, VIRGINIA PEPP, PROFESSOR X/CHARLES "
LIVING MUMMY,"THING/BENJAMIN J. GR, MASTERS, ALICIA REIS"
HUMAN TORCH ANDROID/,"U-MAN/MERRANO, KRIEGHUND, COL., SPITFIRE/LADY JACQUE, WHIZZER/ROBERT L. FR, TORO/TOM RAYMOND, UNION JACK II/BRIAN , PRENTISS, BETTY DEAN, UNION JACK/LORD MONT, PATRIOT/JEFF MACE, SUB-MARINER/NAMOR MA, FITZPATRICK, WILL, THIN MAN/BRUCE DICKS, BARON BLOOD/JOHN FAL, DRACULA/VLAD TEPES, CHURCHILL, SIR WINST, DEAN, BETTY, MISS AMERICA/MADELIN, CAPTAIN AMERICA, GEORGE, DAVID LLOYD, RED RAVEN, BUCKY/BUCKY BARNES, BARON STRUCKER/WOLFG, RED SKULL/JOHANN SCH, HORTON, PROFESSOR PH, BLUE DIAMOND/PROFESS, JACK FROST/"
BUCKY/BUCKY BARNES,"U-MAN/MERRANO, KRIEGHUND, COL., HUMAN TORCH ANDROID/, SPITFIRE/LADY JACQUE, WHIZZER/ROBERT L. FR, TORO/TOM RAYMOND, UNION JACK/LORD MONT, PATRIOT/JEFF MACE, SUB-MARINER/NAMOR MA, THIN MAN/BRUCE DICKS, BARON BLOOD/JOHN FAL, DRACULA/VLAD TEPES, CHURCHILL, SIR WINST, DEAN, BETTY, MISS AMERICA/MADELIN, CAPTAIN AMERICA, GEORGE, DAVID LLOYD, RED RAVEN, RED SKULL/JOHANN SCH, BLUE DIAMOND/PROFESS, JACK FROST/"
"DEAN, BETTY","U-MAN/MERRANO, SUB-MARINER/NAMOR MA, HUMAN TORCH ANDROID/, BUCKY/BUCKY BARNES, CHURCHILL, SIR WINST, TORO/TOM RAYMOND, CAPTAIN AMERICA"
U-MAN/MERRANO,"SUB-MARINER/NAMOR MA, HUMAN TORCH ANDROID/, BUCKY/BUCKY BARNES, CHURCHILL, SIR WINST, TORO/TOM RAYMOND, DEAN, BETTY, CAPTAIN AMERICA"
"CHURCHILL, SIR WINST","U-MAN/MERRANO, SUB-MARINER/NAMOR MA, HUMAN TORCH ANDROID/, BUCKY/BUCKY BARNES, TORO/TOM RAYMOND, DEAN, BETTY, CAPTAIN AMERICA"
TORO/TOM RAYMOND,"U-MAN/MERRANO, KRIEGHUND, COL., HUMAN TORCH ANDROID/, SPITFIRE/LADY JACQUE, WHIZZER/ROBERT L. FR, UNION JACK II/BRIAN , PRENTISS, BETTY DEAN, UNION JACK/LORD MONT, PATRIOT/JEFF MACE, SUB-MARINER/NAMOR MA, FITZPATRICK, WILL, THIN MAN/BRUCE DICKS, BARON BLOOD/JOHN FAL, DRACULA/VLAD TEPES, CHURCHILL, SIR WINST, DEAN, BETTY, MISS AMERICA/MADELIN, CAPTAIN AMERICA, GEORGE, DAVID LLOYD, RED RAVEN, BUCKY/BUCKY BARNES, BARON STRUCKER/WOLFG, RED SKULL/JOHANN SCH, HORTON, PROFESSOR PH, BLUE DIAMOND/PROFESS, JACK FROST/"
SPITFIRE/LADY JACQUE,"WHIZZER/ROBERT L. FR, GEORGE, DAVID LLOYD, SUB-MARINER/NAMOR MA, RED SKULL/JOHANN SCH, HORTON, PROFESSOR PH, FITZPATRICK, WILL, HUMAN TORCH ANDROID/, BARON BLOOD/JOHN FAL, DRACULA/VLAD TEPES, BARON STRUCKER/WOLFG, BUCKY/BUCKY BARNES, UNION JACK/LORD MONT, TORO/TOM RAYMOND, UNION JACK II/BRIAN , PRENTISS, BETTY DEAN, CAPTAIN AMERICA"
WHIZZER/ROBERT L. FR,"KRIEGHUND, COL., HUMAN TORCH ANDROID/, SPITFIRE/LADY JACQUE, TORO/TOM RAYMOND, UNION JACK II/BRIAN , PRENTISS, BETTY DEAN, PATRIOT/JEFF MACE, SUB-MARINER/NAMOR MA, FITZPATRICK, WILL, THIN MAN/BRUCE DICKS, MISS AMERICA/MADELIN, CAPTAIN AMERICA, RED RAVEN, BARON STRUCKER/WOLFG, BUCKY/BUCKY BARNES, RED SKULL/JOHANN SCH, HORTON, PROFESSOR PH, BLUE DIAMOND/PROFESS, JACK FROST/"
RED SKULL/JOHANN SCH,"KRIEGHUND, COL., HUMAN TORCH ANDROID/, HUNTER, LANCE, SPITFIRE/LADY JACQUE, WHIZZER/ROBERT L. FR, TORO/TOM RAYMOND, UNION JACK II/BRIAN , PRENTISS, BETTY DEAN, FURY, COL. NICHOLAS , PATRIOT/JEFF MACE, BRADDOCK, JAMES JR. , SUB-MARINER/NAMOR MA, FITZPATRICK, WILL, THIN MAN/BRUCE DICKS, CAPTAIN BRITAIN/BRIA, MISS AMERICA/MADELIN, CAPTAIN AMERICA, CALLAGHAN, JAMES, RED RAVEN, BARON STRUCKER/WOLFG, BUCKY/BUCKY BARNES, PSYLOCKE/ELISABETH B, HORTON, PROFESSOR PH, BLUE DIAMOND/PROFESS, JACK FROST/"
BARON STRUCKER/WOLFG,"WHIZZER/ROBERT L. FR, SUB-MARINER/NAMOR MA, HORTON, PROFESSOR PH, FITZPATRICK, WILL, RED SKULL/JOHANN SCH, HUMAN TORCH ANDROID/, SPITFIRE/LADY JACQUE, TORO/TOM RAYMOND, UNION JACK II/BRIAN , PRENTISS, BETTY DEAN, CAPTAIN AMERICA"
"PRENTISS, BETTY DEAN","WHIZZER/ROBERT L. FR, SUB-MARINER/NAMOR MA, HORTON, PROFESSOR PH, FITZPATRICK, WILL, RED SKULL/JOHANN SCH, HUMAN TORCH ANDROID/, BARON STRUCKER/WOLFG, SPITFIRE/LADY JACQUE, TORO/TOM RAYMOND, UNION JACK II/BRIAN , CAPTAIN AMERICA"
"HORTON, PROFESSOR PH","WHIZZER/ROBERT L. FR, SUB-MARINER/NAMOR MA, FITZPATRICK, WILL, RED SKULL/JOHANN SCH, HUMAN TORCH ANDROID/, BARON STRUCKER/WOLFG, SPITFIRE/LADY JACQUE, TORO/TOM RAYMOND, UNION JACK II/BRIAN , PRENTISS, BETTY DEAN, CAPTAIN AMERICA"
"FITZPATRICK, WILL","WHIZZER/ROBERT L. FR, SUB-MARINER/NAMOR MA, RED SKULL/JOHANN SCH, HORTON, PROFESSOR PH, HUMAN TORCH ANDROID/, BARON STRUCKER/WOLFG, SPITFIRE/LADY JACQUE, TORO/TOM RAYMOND, UNION JACK II/BRIAN , PRENTISS, BETTY DEAN, CAPTAIN AMERICA"
UNION JACK II/BRIAN ,"WHIZZER/ROBERT L. FR, SUB-MARINER/NAMOR MA, RED SKULL/JOHANN SCH, HORTON, PROFESSOR PH, FITZPATRICK, WILL, HUMAN TORCH ANDROID/, BARON STRUCKER/WOLFG, SPITFIRE/LADY JACQUE, TORO/TOM RAYMOND, PRENTISS, BETTY DEAN, CAPTAIN AMERICA"
JACK FROST/,"KRIEGHUND, COL., PATRIOT/JEFF MACE, SUB-MARINER/NAMOR MA, THIN MAN/BRUCE DICKS, RED SKULL/JOHANN SCH, WHIZZER/ROBERT L. FR, HUMAN TORCH ANDROID/, RED RAVEN, BLUE DIAMOND/PROFESS, BUCKY/BUCKY BARNES, TORO/TOM RAYMOND, MISS AMERICA/MADELIN, CAPTAIN AMERICA"
MISS AMERICA/MADELIN,"PATRIOT/JEFF MACE, KRIEGHUND, COL., RED SKULL/JOHANN SCH, SUB-MARINER/NAMOR MA, THIN MAN/BRUCE DICKS, TORO/TOM RAYMOND, HUMAN TORCH ANDROID/, RED RAVEN, BLUE DIAMOND/PROFESS, BUCKY/BUCKY BARNES, WHIZZER/ROBERT L. FR, JACK FROST/, MISS AMERICA/MADELIN, CAPTAIN AMERICA"
THIN MAN/BRUCE DICKS,"PATRIOT/JEFF MACE, KRIEGHUND, COL., RED SKULL/JOHANN SCH, SUB-MARINER/NAMOR MA, TORO/TOM RAYMOND, HUMAN TORCH ANDROID/, RED RAVEN, BLUE DIAMOND/PROFESS, BUCKY/BUCKY BARNES, WHIZZER/ROBERT L. FR, JACK FROST/, MISS AMERICA/MADELIN, CAPTAIN AMERICA"
RED RAVEN,"PATRIOT/JEFF MACE, KRIEGHUND, COL., RED SKULL/JOHANN SCH, SUB-MARINER/NAMOR MA, TORO/TOM RAYMOND, THIN MAN/BRUCE DICKS, HUMAN TORCH ANDROID/, BLUE DIAMOND/PROFESS, BUCKY/BUCKY BARNES, WHIZZER/ROBERT L. FR, JACK FROST/, MISS AMERICA/MADELIN, CAPTAIN AMERICA"
"KRIEGHUND, COL.","PATRIOT/JEFF MACE, RED SKULL/JOHANN SCH, SUB-MARINER/NAMOR MA, TORO/TOM RAYMOND, THIN MAN/BRUCE DICKS, HUMAN TORCH ANDROID/, RED RAVEN, BLUE DIAMOND/PROFESS, BUCKY/BUCKY BARNES, WHIZZER/ROBERT L. FR, JACK FROST/, MISS AMERICA/MADELIN, CAPTAIN AMERICA"
PATRIOT/JEFF MACE,"KRIEGHUND, COL., RED SKULL/JOHANN SCH, THIN MAN/BRUCE DICKS, TORO/TOM RAYMOND, SUB-MARINER/NAMOR MA, HUMAN TORCH ANDROID/, RED RAVEN, BLUE DIAMOND/PROFESS, BUCKY/BUCKY BARNES, WHIZZER/ROBERT L. FR, JACK FROST/, MISS AMERICA/MADELIN, CAPTAIN AMERICA"
BLUE DIAMOND/PROFESS,"KRIEGHUND, COL., PATRIOT/JEFF MACE, SUB-MARINER/NAMOR MA, THIN MAN/BRUCE DICKS, RED SKULL/JOHANN SCH, WHIZZER/ROBERT L. FR, HUMAN TORCH ANDROID/, RED RAVEN, BUCKY/BUCKY BARNES, TORO/TOM RAYMOND, JACK FROST/, MISS AMERICA/MADELIN, CAPTAIN AMERICA"
UNION JACK/LORD MONT,"GEORGE, DAVID LLOYD, SUB-MARINER/NAMOR MA, BARON BLOOD/JOHN FAL, HUMAN TORCH ANDROID/, DRACULA/VLAD TEPES, BUCKY/BUCKY BARNES, SPITFIRE/LADY JACQUE, TORO/TOM RAYMOND, CAPTAIN AMERICA"
BARON BLOOD/JOHN FAL,"GEORGE, DAVID LLOYD, SUB-MARINER/NAMOR MA, HUMAN TORCH ANDROID/, DRACULA/VLAD TEPES, BUCKY/BUCKY BARNES, SPITFIRE/LADY JACQUE, TORO/TOM RAYMOND, UNION JACK/LORD MONT, CAPTAIN AMERICA"
ZAWADI,"GORGILLA, MOLE MAN/HARVEY RUPE, MAKKARI/MIKE KHARY/I, VALKIN, GIGANTUS, KRO [DEVIANT], DR. DRUID/ANTHONY LU, BLOODSTONE/ULYSSES B, GROTTU, ZINOVIEV, IVAN"
BLOODSTONE/ULYSSES B,"GORGILLA, MOLE MAN/HARVEY RUPE, MAKKARI/MIKE KHARY/I, VALKIN, GIGANTUS, KRO [DEVIANT], ZAWADI, DR. DRUID/ANTHONY LU, GROTTU, ZINOVIEV, IVAN"
GORGILLA,"MOLE MAN/HARVEY RUPE, MAKKARI/MIKE KHARY/I, VALKIN, GIGANTUS, KRO [DEVIANT], ZAWADI, DR. DRUID/ANTHONY LU, BLOODSTONE/ULYSSES B, GROTTU, ZINOVIEV, IVAN"
GROTTU,"GORGILLA, MOLE MAN/HARVEY RUPE, MAKKARI/MIKE KHARY/I, ZAWADI, DR. DRUID/ANTHONY LU, BLOODSTONE/ULYSSES B"
MOLE MAN/HARVEY RUPE,"GORGILLA, MAKKARI/MIKE KHARY/I, VALKIN, GIGANTUS, KRO [DEVIANT], ZAWADI, DR. DRUID/ANTHONY LU, BLOODSTONE/ULYSSES B, GROTTU, ZINOVIEV, IVAN"
MAKKARI/MIKE KHARY/I,"QUICKSILVER/PIETRO M, ARCANNA/ARCANNA JONE, REJECT/RAN-SAK [DEVI, MAELSTROM/MALCOLM ST, PHOENIX III/RACHEL S, TEN FOR, RUNNER, WIDGET, EON, BLACK RACER/, WHIZZER III/JAMES SA, USAGENT/CAPTAIN JOHN, DR. STRANGE/STEPHEN , DIAMONDHEAD/DYKER, SHANGA, OVERMIND/GROM, KRONOS, GARFIELD, MURRAY, MOONDRAGON/HEATHER D, LORD CHAOS, RED GUARDIAN III/DR., JAKAR, WHIZZER II/STANLEY S, HAYWIRE/, FLASH/BARRY ALLEN/BU, TUTINAX, SERGEI, WONDER MAN/SIMON WIL, VALKIN, ZINOVIEV, IVAN, CHARM, CAPTAIN BRITAIN/BRIA, MOLE MAN/HARVEY RUPE, QUASAR III/WENDELL V, HYPERION, POWER PRINCESS/ZARDA, EGO-PRIME, BALLANTINE, KAYLA, KRO [DEVIANT], GARGOYLE II/ISAAC CH, MEGGAN, ZAWADI, DR. DRUID/ANTHONY LU, BLOODSTONE/ULYSSES B, 4-D MAN/MERCURIO, JACK OF HEARTS/JACK , GROTTU, BI-BEAST II, SHAPE, DRAGONFLY/VERONICA D, BLOOD BROTHERS, GORGILLA, LADY LARK/LINDA LEWI, TANAKA, KENJIRO, GIGANTUS, BEAUTY, TRUTH, ROCKET RACCOON, DR. SPECTRUM/JOSEPH , STARDUST/T'URIN G'AR, KRAKOA, STRANGER, ELO, SUPER SABRE/MARTIN F, CAPTAIN MARVEL II/MO, MASTER ELO, MODRED THE MYSTIC, NIGHTCRAWLER/KURT WA"
"ZINOVIEV, IVAN","GORGILLA, MOLE MAN/HARVEY RUPE, MAKKARI/MIKE KHARY/I, KRO [DEVIANT], ZAWADI, DR. DRUID/ANTHONY LU, BLOODSTONE/ULYSSES B, VALKIN"
KRO [DEVIANT],"REJECT/RAN-SAK [DEVI, EON, MOONDRAGON/HEATHER D, TUTINAX, WONDER MAN/SIMON WIL, VALKIN, ZINOVIEV, IVAN, MOLE MAN/HARVEY RUPE, QUASAR III/WENDELL V, BALLANTINE, KAYLA, ZAWADI, DR. DRUID/ANTHONY LU, BLOODSTONE/ULYSSES B, BLOOD BROTHERS, GORGILLA, TANAKA, KENJIRO, MAKKARI/MIKE KHARY/I, GIGANTUS, ELO, MASTER ELO"
VALKIN,"GORGILLA, MOLE MAN/HARVEY RUPE, MAKKARI/MIKE KHARY/I, KRO [DEVIANT], ZAWADI, DR. DRUID/ANTHONY LU, BLOODSTONE/ULYSSES B, ZINOVIEV, IVAN"
GIGANTUS,"GORGILLA, MOLE MAN/HARVEY RUPE, MAKKARI/MIKE KHARY/I, KRO [DEVIANT], ZAWADI, DR. DRUID/ANTHONY LU, BLOODSTONE/ULYSSES B"
"GEORGE, DAVID LLOYD","SUB-MARINER/NAMOR MA, BARON BLOOD/JOHN FAL, HUMAN TORCH ANDROID/, BUCKY/BUCKY BARNES, SPITFIRE/LADY JACQUE, TORO/TOM RAYMOND, UNION JACK/LORD MONT, CAPTAIN AMERICA"
"DELGADO, FATHER","MAYHEM/DET. BRIGID O, DAGGER/TANDY BOWEN, CLOAK/TYRONE JOHNSON"
CLOAK/TYRONE JOHNSON,"MAYHEM/DET. BRIGID O, DELGADO, FATHER, DAGGER/TANDY BOWEN"
MAYHEM/DET. BRIGID O,"DELGADO, FATHER, DAGGER/TANDY BOWEN, CLOAK/TYRONE JOHNSON"
DAGGER/TANDY BOWEN,"MAYHEM/DET. BRIGID O, DELGADO, FATHER, CLOAK/TYRONE JOHNSON"
HEATER DELIGHT,STARFOX/EROS
STARFOX/EROS,"INVISIBLE WOMAN/SUE , THING/BENJAMIN J. GR, MR. FANTASTIC/REED R, HEATER DELIGHT, WASP/JANET VAN DYNE , SHE-HULK/JENNIFER WA, GALACTUS/GALAN, HUMAN TORCH/JOHNNY S, RICHARDS, FRANKLIN B, MASTERS, ALICIA REIS, NOVA II/FRANKIE RAYE, VISION , CAPTAIN MARVEL II/MO, THOR/DR. DONALD BLAK, ANNIHILUS, SCARLET WITCH/WANDA , CAPTAIN AMERICA"
RADIOACTIVE MAN/DR. ,"IRON MAN IV/JAMES R., MANDARIN, IRON MAN/TONY STARK "
MANDARIN,"IRON MAN IV/JAMES R., RADIOACTIVE MAN/DR. , IRON MAN/TONY STARK "
TAURUS/CORNELIUS VAN,"AQUARIUS II/, SCORPIO II, ERWIN, CLYTEMNESTRA, IRON MAN/TONY STARK , CANCER/JACK KLEVENO, PISCES/NOAH PERRICON, ARIES II/GROVER RAYM, SAGITTARIUS/HARLAN V, LEO/DANIEL RADFORD, GEMINI/JOSHUA LINK, IRON MAN IV/JAMES R., ERWIN, MORLEY, VIRGO/ELAINE MCLAUGH, CAPRICORN/WILLARD WE, LIBRA/GUSTAV BRANDT"
"ERWIN, MORLEY","SCORPIO II, IRON MAN/TONY STARK , ARIES II/GROVER RAYM, GEMINI/JOSHUA LINK, BROTHERS GRIMM II/BA, VIRGO/ELAINE MCLAUGH, FURY, COL. NICHOLAS , CAPRICORN/WILLARD WE, PISCES/NOAH PERRICON, STANE, OBADIAH, AQUARIUS II/, ERWIN, CLYTEMNESTRA, SAGITTARIUS/HARLAN V, MORLEY, VIBRO/DR. FRANCIS VI, TAURUS/CORNELIUS VAN, LIBRA/GUSTAV BRANDT, LEO/DANIEL RADFORD, IRON MAN IV/JAMES R., CANCER/JACK KLEVENO"
SIF,"PERRIKUS, KINCAID, DR. JANE FO, HELA [ASGARDIAN], CASE, COL. PRESTON, COLLINS, DEMITRIUS, DESTROYER III, IRON MAN/TONY STARK , CAPTAIN AMERICA, LOKI [ASGARDIAN], HAWK, BRADLEY, HANK, VOLLA, FAIRMONT, AMANDA MAN, FAIRMONT, HANNAH, SCARLET WITCH/WANDA , THOR/DR. DONALD BLAK"
VOLLA,"KINCAID, DR. JANE FO, PERRIKUS, HELA [ASGARDIAN], SIF, IRON MAN/TONY STARK , DESTROYER III, COLLINS, DEMITRIUS, CASE, COL. PRESTON, LOKI [ASGARDIAN], HAWK, BRADLEY, HANK, FAIRMONT, AMANDA MAN, FAIRMONT, HANNAH, THOR/DR. DONALD BLAK, SCARLET WITCH/WANDA , CAPTAIN AMERICA"
"CASE, COL. PRESTON","KINCAID, DR. JANE FO, PERRIKUS, HELA [ASGARDIAN], SIF, IRON MAN/TONY STARK , DESTROYER III, COLLINS, DEMITRIUS, LOKI [ASGARDIAN], HAWK, BRADLEY, HANK, VOLLA, FAIRMONT, AMANDA MAN, FAIRMONT, HANNAH, THOR/DR. DONALD BLAK, SCARLET WITCH/WANDA , CAPTAIN AMERICA"
PERRIKUS,"SIF, IRON MAN/TONY STARK , COLLINS, DEMITRIUS, CASE, COL. PRESTON, DIAMOND, CHUCKY, LOKI [ASGARDIAN], BRADLEY, HANK, VOLLA, KINCAID, DR. JANE FO, HELA [ASGARDIAN], ADVA, FAIRMONT, AMANDA MAN, CAPTAIN AMERICA, SCARLET WITCH/WANDA , THING/BENJAMIN J. GR, KINCAID, DR. KEITH, DESTROYER III, HAWK, SPIDER-MAN/PETER PAR, MAJESTON ZELIA, FAIRMONT, HANNAH, THOR/DR. DONALD BLAK"
"BRADLEY, HANK","KINCAID, DR. JANE FO, PERRIKUS, HELA [ASGARDIAN], SIF, IRON MAN/TONY STARK , DESTROYER III, COLLINS, DEMITRIUS, CASE, COL. PRESTON, LOKI [ASGARDIAN], HAWK, VOLLA, FAIRMONT, AMANDA MAN, FAIRMONT, HANNAH, THOR/DR. DONALD BLAK, SCARLET WITCH/WANDA , CAPTAIN AMERICA"
"COLLINS, DEMITRIUS","SIF, IRON MAN/TONY STARK , CASE, COL. PRESTON, DIAMOND, CHUCKY, LOKI [ASGARDIAN], BRADLEY, HANK, VOLLA, KINCAID, DR. JANE FO, HELA [ASGARDIAN], ADVA, FAIRMONT, AMANDA MAN, CAPTAIN AMERICA, PERRIKUS, SCARLET WITCH/WANDA , THING/BENJAMIN J. GR, KINCAID, DR. KEITH, DESTROYER III, HAWK, SPIDER-MAN/PETER PAR, MAJESTON ZELIA, FAIRMONT, HANNAH, THOR/DR. DONALD BLAK"
"KINCAID, DR. JANE FO","SIF, IRON MAN/TONY STARK , CASE, COL. PRESTON, COLLINS, DEMITRIUS, DIAMOND, CHUCKY, LOKI [ASGARDIAN], BRADLEY, HANK, VOLLA, HELA [ASGARDIAN], ADVA, FAIRMONT, AMANDA MAN, CAPTAIN AMERICA, PERRIKUS, SCARLET WITCH/WANDA , THING/BENJAMIN J. GR, KINCAID, DR. KEITH, DESTROYER III, HAWK, SPIDER-MAN/PETER PAR, MAJESTON ZELIA, FAIRMONT, HANNAH, THOR/DR. DONALD BLAK"
DESTROYER III,"PERRIKUS, KINCAID, DR. JANE FO, HELA [ASGARDIAN], SIF, IRON MAN/TONY STARK , CASE, COL. PRESTON, COLLINS, DEMITRIUS, LOKI [ASGARDIAN], BRADLEY, HANK, HAWK, VOLLA, FAIRMONT, AMANDA MAN, FAIRMONT, HANNAH, THOR/DR. DONALD BLAK, SCARLET WITCH/WANDA , CAPTAIN AMERICA"
"FAIRMONT, AMANDA MAN","PERRIKUS, KINCAID, DR. JANE FO, HELA [ASGARDIAN], SIF, CASE, COL. PRESTON, COLLINS, DEMITRIUS, DESTROYER III, IRON MAN/TONY STARK , LOKI [ASGARDIAN], BRADLEY, HANK, HAWK, VOLLA, FAIRMONT, HANNAH, THOR/DR. DONALD BLAK, SCARLET WITCH/WANDA , CAPTAIN AMERICA"
"FURY, COL. NICHOLAS ","CARTER, SHARON, IRON MAN/TONY STARK , HUNTER, LANCE, FERRARI, CONNIE, PROTOCIDE/PRIVATE CL, ERWIN, MORLEY, BILLUPS, AGENT, BRADDOCK, JAMES JR. , GUARDSMAN/KEVIN O'BR, RODGERS, MARIANNE, RAMIREZ, JAVIER, CAPTAIN BRITAIN/BRIA, CAPTAIN AMERICA, AQUARIUS II/, ERWIN, CLYTEMNESTRA, CALLAGHAN, JAMES, PSYLOCKE/ELISABETH B, JARVIS, EDWIN , COUNT NEFARIA, LUCHI, RED SKULL/JOHANN SCH, IRON MAN IV/JAMES R., WHITE DRAGON, THOR/DR. DONALD BLAK"
AQUARIUS II/,"TAURUS/CORNELIUS VAN, SCORPIO II, ERWIN, CLYTEMNESTRA, IRON MAN/TONY STARK , CANCER/JACK KLEVENO, PISCES/NOAH PERRICON, ARIES II/GROVER RAYM, SAGITTARIUS/HARLAN V, LEO/DANIEL RADFORD, GEMINI/JOSHUA LINK, IRON MAN IV/JAMES R., ERWIN, MORLEY, VIRGO/ELAINE MCLAUGH, FURY, COL. NICHOLAS , CAPRICORN/WILLARD WE, LIBRA/GUSTAV BRANDT"
LEO/DANIEL RADFORD,"AQUARIUS II/, SCORPIO II, ERWIN, CLYTEMNESTRA, IRON MAN/TONY STARK , PISCES/NOAH PERRICON, ARIES II/GROVER RAYM, SAGITTARIUS/HARLAN V, GEMINI/JOSHUA LINK, IRON MAN IV/JAMES R., ERWIN, MORLEY, VIRGO/ELAINE MCLAUGH, TAURUS/CORNELIUS VAN, CAPRICORN/WILLARD WE, LIBRA/GUSTAV BRANDT, CANCER/JACK KLEVENO"
VIRGO/ELAINE MCLAUGH,"AQUARIUS II/, SCORPIO II, ERWIN, CLYTEMNESTRA, IRON MAN/TONY STARK , PISCES/NOAH PERRICON, ARIES II/GROVER RAYM, SAGITTARIUS/HARLAN V, LEO/DANIEL RADFORD, GEMINI/JOSHUA LINK, IRON MAN IV/JAMES R., ERWIN, MORLEY, TAURUS/CORNELIUS VAN, CAPRICORN/WILLARD WE, LIBRA/GUSTAV BRANDT, CANCER/JACK KLEVENO"
ARIES II/GROVER RAYM,"AQUARIUS II/, SCORPIO II, ERWIN, CLYTEMNESTRA, IRON MAN/TONY STARK , PISCES/NOAH PERRICON, SAGITTARIUS/HARLAN V, LEO/DANIEL RADFORD, GEMINI/JOSHUA LINK, IRON MAN IV/JAMES R., ERWIN, MORLEY, VIRGO/ELAINE MCLAUGH, TAURUS/CORNELIUS VAN, CAPRICORN/WILLARD WE, LIBRA/GUSTAV BRANDT, CANCER/JACK KLEVENO"
SCORPIO II,"AQUARIUS II/, ERWIN, CLYTEMNESTRA, IRON MAN/TONY STARK , PISCES/NOAH PERRICON, ARIES II/GROVER RAYM, SAGITTARIUS/HARLAN V, LEO/DANIEL RADFORD, GEMINI/JOSHUA LINK, IRON MAN IV/JAMES R., ERWIN, MORLEY, VIRGO/ELAINE MCLAUGH, TAURUS/CORNELIUS VAN, CAPRICORN/WILLARD WE, LIBRA/GUSTAV BRANDT, CANCER/JACK KLEVENO"
PISCES/NOAH PERRICON,"AQUARIUS II/, SCORPIO II, ERWIN, CLYTEMNESTRA, IRON MAN/TONY STARK , ARIES II/GROVER RAYM, SAGITTARIUS/HARLAN V, LEO/DANIEL RADFORD, GEMINI/JOSHUA LINK, IRON MAN IV/JAMES R., ERWIN, MORLEY, VIRGO/ELAINE MCLAUGH, TAURUS/CORNELIUS VAN, CAPRICORN/WILLARD WE, LIBRA/GUSTAV BRANDT, CANCER/JACK KLEVENO"
GEMINI/JOSHUA LINK,"AQUARIUS II/, SCORPIO II, ERWIN, CLYTEMNESTRA, IRON MAN/TONY STARK , PISCES/NOAH PERRICON, ARIES II/GROVER RAYM, SAGITTARIUS/HARLAN V, LEO/DANIEL RADFORD, IRON MAN IV/JAMES R., ERWIN, MORLEY, VIRGO/ELAINE MCLAUGH, TAURUS/CORNELIUS VAN, CAPRICORN/WILLARD WE, LIBRA/GUSTAV BRANDT, CANCER/JACK KLEVENO"
CANCER/JACK KLEVENO,"AQUARIUS II/, SCORPIO II, ERWIN, CLYTEMNESTRA, IRON MAN/TONY STARK , PISCES/NOAH PERRICON, ARIES II/GROVER RAYM, SAGITTARIUS/HARLAN V, LEO/DANIEL RADFORD, GEMINI/JOSHUA LINK, IRON MAN IV/JAMES R., ERWIN, MORLEY, VIRGO/ELAINE MCLAUGH, TAURUS/CORNELIUS VAN, CAPRICORN/WILLARD WE, LIBRA/GUSTAV BRANDT"
SAGITTARIUS/HARLAN V,"AQUARIUS II/, SCORPIO II, ERWIN, CLYTEMNESTRA, IRON MAN/TONY STARK , PISCES/NOAH PERRICON, CANCER/JACK KLEVENO, ARIES II/GROVER RAYM, LEO/DANIEL RADFORD, GEMINI/JOSHUA LINK, IRON MAN IV/JAMES R., ERWIN, MORLEY, VIRGO/ELAINE MCLAUGH, TAURUS/CORNELIUS VAN, CAPRICORN/WILLARD WE, LIBRA/GUSTAV BRANDT"
LIBRA/GUSTAV BRANDT,"AQUARIUS II/, SCORPIO II, ERWIN, CLYTEMNESTRA, IRON MAN/TONY STARK , PISCES/NOAH PERRICON, ARIES II/GROVER RAYM, SAGITTARIUS/HARLAN V, LEO/DANIEL RADFORD, GEMINI/JOSHUA LINK, IRON MAN IV/JAMES R., ERWIN, MORLEY, VIRGO/ELAINE MCLAUGH, TAURUS/CORNELIUS VAN, CAPRICORN/WILLARD WE, CANCER/JACK KLEVENO"
CAPRICORN/WILLARD WE,"AQUARIUS II/, SCORPIO II, ERWIN, CLYTEMNESTRA, IRON MAN/TONY STARK , PISCES/NOAH PERRICON, ARIES II/GROVER RAYM, SAGITTARIUS/HARLAN V, LEO/DANIEL RADFORD, GEMINI/JOSHUA LINK, IRON MAN IV/JAMES R., ERWIN, MORLEY, VIRGO/ELAINE MCLAUGH, TAURUS/CORNELIUS VAN, LIBRA/GUSTAV BRANDT, CANCER/JACK KLEVENO"
VIBRO/DR. FRANCIS VI,"ERWIN, CLYTEMNESTRA, IRON MAN/TONY STARK , IRON MAN IV/JAMES R., BROTHERS GRIMM II/BA, ERWIN, MORLEY, MORLEY"
BROTHERS GRIMM II/BA,"ERWIN, CLYTEMNESTRA, IRON MAN/TONY STARK , IRON MAN IV/JAMES R., ERWIN, MORLEY, VIBRO/DR. FRANCIS VI"
MORLEY,"ERWIN, CLYTEMNESTRA, IRON MAN/TONY STARK , IRON MAN IV/JAMES R., ERWIN, MORLEY, VIBRO/DR. FRANCIS VI"
"STANE, OBADIAH","IRON MAN IV/JAMES R., ERWIN, CLYTEMNESTRA, IRON MAN/TONY STARK , ERWIN, MORLEY"
MASTER MOLD II,"BRIDGE, GEORGE WASHI, BRICKMAN, SEN. MILES, GILBERTI, ROSE, SUMMERS, NATHAN CHRI, MASTER MOLD III, KRAGG, GEN., CREED, GRAYDON"
MASTER MOLD III,"BRIDGE, GEORGE WASHI, BRICKMAN, SEN. MILES, GILBERTI, ROSE, MASTER MOLD II, SUMMERS, NATHAN CHRI, KRAGG, GEN., CREED, GRAYDON"
"GILBERTI, ROSE","BRIDGE, GEORGE WASHI, BRICKMAN, SEN. MILES, MASTER MOLD II, SUMMERS, NATHAN CHRI, MASTER MOLD III, KRAGG, GEN., CREED, GRAYDON"
"CREED, GRAYDON","BRIDGE, GEORGE WASHI, BRICKMAN, SEN. MILES, GILBERTI, ROSE, MASTER MOLD II, SUMMERS, NATHAN CHRI, MASTER MOLD III, KRAGG, GEN."
"BRIDGE, GEORGE WASHI","BRICKMAN, SEN. MILES, GILBERTI, ROSE, MASTER MOLD II, SUMMERS, NATHAN CHRI, MASTER MOLD III, KRAGG, GEN., CREED, GRAYDON"
"KRAGG, GEN.","BRIDGE, GEORGE WASHI, BRICKMAN, SEN. MILES, GILBERTI, ROSE, MASTER MOLD II, SUMMERS, NATHAN CHRI, MASTER MOLD III, CREED, GRAYDON"
"BRICKMAN, SEN. MILES","BRIDGE, GEORGE WASHI, GILBERTI, ROSE, MASTER MOLD II, SUMMERS, NATHAN CHRI, MASTER MOLD III, KRAGG, GEN., CREED, GRAYDON"
MAJESTON ZELIA,"PERRIKUS, KINCAID, DR. JANE FO, THING/BENJAMIN J. GR, KINCAID, DR. KEITH, COLLINS, DEMITRIUS, IRON MAN/TONY STARK , DIAMOND, CHUCKY, SPIDER-MAN/PETER PAR, ADVA, FAIRMONT, HANNAH, THOR/DR. DONALD BLAK"
ADVA,"PERRIKUS, KINCAID, DR. JANE FO, THING/BENJAMIN J. GR, KINCAID, DR. KEITH, COLLINS, DEMITRIUS, IRON MAN/TONY STARK , DIAMOND, CHUCKY, SPIDER-MAN/PETER PAR, MAJESTON ZELIA, FAIRMONT, HANNAH, THOR/DR. DONALD BLAK"
"DIAMOND, CHUCKY","PERRIKUS, KINCAID, DR. JANE FO, THING/BENJAMIN J. GR, KINCAID, DR. KEITH, COLLINS, DEMITRIUS, IRON MAN/TONY STARK , SPIDER-MAN/PETER PAR, ADVA, MAJESTON ZELIA, FAIRMONT, HANNAH, THOR/DR. DONALD BLAK"
"KINCAID, DR. KEITH","PERRIKUS, KINCAID, DR. JANE FO, THING/BENJAMIN J. GR, COLLINS, DEMITRIUS, IRON MAN/TONY STARK , DIAMOND, CHUCKY, SPIDER-MAN/PETER PAR, ADVA, MAJESTON ZELIA, FAIRMONT, HANNAH, THOR/DR. DONALD BLAK"
"FERRARI, CONNIE","CHAKARA, KANU, JARVIS, EDWIN , CARTER, SHARON, COUNT NEFARIA, LUCHI, MOSLEY, WARDEN, CAPTAIN AMERICA, RAMIREZ, JAVIER, CHAKARA, MADAN, PROTOCIDE/PRIVATE CL, BILLUPS, AGENT, FURY, COL. NICHOLAS , THOR/DR. DONALD BLAK"
"CHAKARA, KANU","FERRARI, CONNIE, MOSLEY, WARDEN, CHAKARA, MADAN, CAPTAIN AMERICA"
"CHAKARA, MADAN","CHAKARA, KANU, MOSLEY, WARDEN, FERRARI, CONNIE, CAPTAIN AMERICA"
"MOSLEY, WARDEN","CHAKARA, KANU, CHAKARA, MADAN, FERRARI, CONNIE, CAPTAIN AMERICA"
KLAW/ULYSSES KLAW,"ZABU, IRON MAN/TONY STARK , KA-ZAR/KEVIN PLUNDER, CAPTAIN AMERICA"
LYJA LAZERFIST [SKRU,"INVISIBLE WOMAN/SUE , PSI-LORD/FRANKLIN BE, THING/BENJAMIN J. GR, DEVLOR, VIBRAXAS/N'KANO, HUNTARA/MARY ELIZABE, HUMAN TORCH/JOHNNY S, ANT-MAN II/SCOTT HAR, UATU, RICHARDS, NATHANIEL, KRISTOFF/KRISTOFF VE"
DEVLOR,"PSI-LORD/FRANKLIN BE, INVISIBLE WOMAN/SUE , THING/BENJAMIN J. GR, VIBRAXAS/N'KANO, HUNTARA/MARY ELIZABE, HUMAN TORCH/JOHNNY S, LYJA LAZERFIST [SKRU, ANT-MAN II/SCOTT HAR, UATU, RICHARDS, NATHANIEL, KRISTOFF/KRISTOFF VE"
VIBRAXAS/N'KANO,"PSI-LORD/FRANKLIN BE, INVISIBLE WOMAN/SUE , THING/BENJAMIN J. GR, DEVLOR, HUNTARA/MARY ELIZABE, HUMAN TORCH/JOHNNY S, LYJA LAZERFIST [SKRU, ANT-MAN II/SCOTT HAR, UATU, RICHARDS, NATHANIEL, KRISTOFF/KRISTOFF VE"
"RICHARDS, NATHANIEL","PSI-LORD/FRANKLIN BE, INVISIBLE WOMAN/SUE , THING/BENJAMIN J. GR, DEVLOR, VIBRAXAS/N'KANO, HUNTARA/MARY ELIZABE, HUMAN TORCH/JOHNNY S, LYJA LAZERFIST [SKRU, ANT-MAN II/SCOTT HAR, UATU, KRISTOFF/KRISTOFF VE"
PSI-LORD/FRANKLIN BE,"INVISIBLE WOMAN/SUE , THING/BENJAMIN J. GR, DEVLOR, VIBRAXAS/N'KANO, HUNTARA/MARY ELIZABE, HUMAN TORCH/JOHNNY S, LYJA LAZERFIST [SKRU, ANT-MAN II/SCOTT HAR, UATU, RICHARDS, NATHANIEL, KRISTOFF/KRISTOFF VE"
ANT-MAN II/SCOTT HAR,"INVISIBLE WOMAN/SUE , PSI-LORD/FRANKLIN BE, THING/BENJAMIN J. GR, DEVLOR, VIBRAXAS/N'KANO, HUNTARA/MARY ELIZABE, HUMAN TORCH/JOHNNY S, LYJA LAZERFIST [SKRU, UATU, RICHARDS, NATHANIEL, KRISTOFF/KRISTOFF VE"
KRISTOFF/KRISTOFF VE,"INVISIBLE WOMAN/SUE , PSI-LORD/FRANKLIN BE, ZARRKO, ARTHUR, THING/BENJAMIN J. GR, DEVLOR, VIBRAXAS/N'KANO, DR. DOOM/VICTOR VON , IRON MAN/TONY STARK , HUNTARA/MARY ELIZABE, HUMAN TORCH/JOHNNY S, LYJA LAZERFIST [SKRU, ANT-MAN II/SCOTT HAR, UATU, RICHARDS, NATHANIEL, TERRAX II/TYROS, CAPTAIN AMERICA"
HUNTARA/MARY ELIZABE,"INVISIBLE WOMAN/SUE , PSI-LORD/FRANKLIN BE, THING/BENJAMIN J. GR, DEVLOR, VIBRAXAS/N'KANO, HUMAN TORCH/JOHNNY S, LYJA LAZERFIST [SKRU, ANT-MAN II/SCOTT HAR, UATU, RICHARDS, NATHANIEL, KRISTOFF/KRISTOFF VE"
WHITE TIGER/HECTOR A,SPIDER-MAN/PETER PAR
SHA SHAN,"THOMPSON, EUGENE FLA, WATSON-PARKER, MARY , ROBERTSON, JOE, PARKER, MAY, GRANT, GLORIA GLORY, HITMAN/LT. BURT KENY, MORBIUS/DR. MICHAEL , LIGHTMASTER/EDWARD L, SPIDER-MAN/PETER PAR, MORGAN, VULTURE/ADRIAN TOOME, WATSON, ANNA, TARANTULA/ANTON MIGU"
TARANTULA/ANTON MIGU,"THOMPSON, EUGENE FLA, ROBERTSON, JOE, PARKER, MAY, GRANT, GLORIA GLORY, LIGHTMASTER/EDWARD L, SPIDER-MAN/PETER PAR, KRAVEN THE HUNTER/SE, LIZARD/DR. CURTIS CO, KINGPIN/WILSON FISK, WATSON, ANNA, JAMESON, J. JONAH, SHA SHAN, WATSON-PARKER, MARY "
LIGHTMASTER/EDWARD L,"THOMPSON, EUGENE FLA, ROBERTSON, JOE, PARKER, MAY, GRANT, GLORIA GLORY, TARANTULA/ANTON MIGU, SPIDER-MAN/PETER PAR, KRAVEN THE HUNTER/SE, LIZARD/DR. CURTIS CO, KINGPIN/WILSON FISK, WATSON, ANNA, JAMESON, J. JONAH, SHA SHAN, WATSON-PARKER, MARY "
KRAVEN THE HUNTER/SE,"ROBERTSON, JOE, DR. OCTOPUS/OTTO OCT, MR. FANTASTIC/REED R, IRON MAN/TONY STARK , WARREN, MR., GREEN GOBLIN/NORMAN , VULTURE/ADRIAN TOOME, OSBORN, LIZ ALLAN, SANDMAN/WILLIAM BAKE, DAREDEVIL/MATT MURDO, PARKER, MAY, GRANT, GLORIA GLORY, WASP/JANET VAN DYNE , HUMAN TORCH/JOHNNY S, KINGPIN/WILSON FISK, CHAMELEON/DMITRI SME, WATSON, ANNA, CAPTAIN AMERICA, BROMWELL, DR., TARANTULA/ANTON MIGU, ANT-MAN/DR. HENRY J., LIGHTMASTER/EDWARD L, LEEDS, NED, LIZARD/DR. CURTIS CO, JAMESON, J. JONAH, LEEDS, BETTY BRANT, THOMPSON, EUGENE FLA, INVISIBLE WOMAN/SUE , THING/BENJAMIN J. GR, SPIDER-MAN/PETER PAR, THOR/DR. DONALD BLAK"
MORGAN,"THOMPSON, EUGENE FLA, PARKER, MAY, GRANT, GLORIA GLORY, HITMAN/LT. BURT KENY, MORBIUS/DR. MICHAEL , SPIDER-MAN/PETER PAR, VULTURE/ADRIAN TOOME, WATSON, ANNA, SHA SHAN, WATSON-PARKER, MARY "
HITMAN/LT. BURT KENY,"THOMPSON, EUGENE FLA, MORGAN, SPIDER-MAN/PETER PAR, VULTURE/ADRIAN TOOME, SHA SHAN, WATSON-PARKER, MARY "
"KLINE, MR.","CRANDAL, BEN, GUARDSMAN/KEVIN O'BR, IRON MAN/TONY STARK , RODGERS, MARIANNE, SITWELL, JASPER, NIGHT PHANTOM II, BYRD, SEN. HARRINGTO, DEMITRIUS, SLASHER, CAPTAIN AMERICA"
"CRANDAL, BEN","GUARDSMAN/KEVIN O'BR, IRON MAN/TONY STARK , RODGERS, MARIANNE, SITWELL, JASPER, BYRD, SEN. HARRINGTO, DEMITRIUS, SLASHER, KLINE, MR."
GUARDSMAN/KEVIN O'BR,"CRANDAL, BEN, IRON MAN/TONY STARK , RODGERS, MARIANNE, NIGHT PHANTOM II, WHITE DRAGON, FURY, COL. NICHOLAS , KLINE, MR., CAPTAIN AMERICA"
"RODGERS, MARIANNE","CRANDAL, BEN, GUARDSMAN/KEVIN O'BR, IRON MAN/TONY STARK , SITWELL, JASPER, NIGHT PHANTOM II, FURY, COL. NICHOLAS , WHITE DRAGON, BYRD, SEN. HARRINGTO, HOGAN, VIRGINIA PEPP, FIREBRAND/GARY GILBE, DEMITRIUS, SUPER-ADAPTOID/ALESS, SLASHER, KLINE, MR., CAPTAIN AMERICA"
"SITWELL, JASPER","RODGERS, MARIANNE, CRANDAL, BEN, KLINE, MR., IRON MAN/TONY STARK "
SLASHER,"CRANDAL, BEN, IRON MAN/TONY STARK , RODGERS, MARIANNE, BYRD, SEN. HARRINGTO, DEMITRIUS, KLINE, MR."
DEMITRIUS,"CRANDAL, BEN, IRON MAN/TONY STARK , RODGERS, MARIANNE, BYRD, SEN. HARRINGTO, SLASHER, KLINE, MR."
"BYRD, SEN. HARRINGTO","CRANDAL, BEN, IRON MAN/TONY STARK , RODGERS, MARIANNE, DEMITRIUS, SLASHER, KLINE, MR."
WHITE DRAGON,"RODGERS, MARIANNE, FURY, COL. NICHOLAS , GUARDSMAN/KEVIN O'BR, IRON MAN/TONY STARK "
NIGHT PHANTOM II,"GUARDSMAN/KEVIN O'BR, IRON MAN/TONY STARK , RODGERS, MARIANNE, KLINE, MR., CAPTAIN AMERICA"
KA-ZAR/KEVIN PLUNDER,"CARTER, SHARON, COUNT NEFARIA, LUCHI, MANNING, DR., PROTOCIDE/PRIVATE CL, KLAW/ULYSSES KLAW, ZABU, PLUNDER, ADAM KYLE M, SHANNA/SHANNA O'HARA, BILLUPS, AGENT, CAPTAIN AMERICA"
"BILLUPS, AGENT","CARTER, SHARON, JARVIS, EDWIN , COUNT NEFARIA, LUCHI, MANNING, DR., PROTOCIDE/PRIVATE CL, ZABU, PLUNDER, ADAM KYLE M, KA-ZAR/KEVIN PLUNDER, FERRARI, CONNIE, RAMIREZ, JAVIER, FURY, COL. NICHOLAS , SHANNA/SHANNA O'HARA, THOR/DR. DONALD BLAK, CAPTAIN AMERICA"
PROTOCIDE/PRIVATE CL,"CARTER, SHARON, JARVIS, EDWIN , COUNT NEFARIA, LUCHI, MANNING, DR., ZABU, PLUNDER, ADAM KYLE M, KA-ZAR/KEVIN PLUNDER, FERRARI, CONNIE, RAMIREZ, JAVIER, FURY, COL. NICHOLAS , SHANNA/SHANNA O'HARA, BILLUPS, AGENT, THOR/DR. DONALD BLAK, CAPTAIN AMERICA"
ZABU,"CARTER, SHARON, COUNT NEFARIA, LUCHI, MANNING, DR., PROTOCIDE/PRIVATE CL, KLAW/ULYSSES KLAW, PLUNDER, ADAM KYLE M, KA-ZAR/KEVIN PLUNDER, SHANNA/SHANNA O'HARA, BILLUPS, AGENT, CAPTAIN AMERICA"
"PLUNDER, ADAM KYLE M","CARTER, SHARON, COUNT NEFARIA, LUCHI, MANNING, DR., PROTOCIDE/PRIVATE CL, ZABU, KA-ZAR/KEVIN PLUNDER, SHANNA/SHANNA O'HARA, BILLUPS, AGENT, CAPTAIN AMERICA"
"MANNING, DR.","CARTER, SHARON, COUNT NEFARIA, LUCHI, PROTOCIDE/PRIVATE CL, ZABU, PLUNDER, ADAM KYLE M, KA-ZAR/KEVIN PLUNDER, SHANNA/SHANNA O'HARA, BILLUPS, AGENT, CAPTAIN AMERICA"
SHANNA/SHANNA O'HARA,"CARTER, SHARON, COUNT NEFARIA, LUCHI, MANNING, DR., ZABU, PLUNDER, ADAM KYLE M, KA-ZAR/KEVIN PLUNDER, PROTOCIDE/PRIVATE CL, BILLUPS, AGENT, CAPTAIN AMERICA"
FIREBRAND/GARY GILBE,"RODGERS, MARIANNE, IRON MAN/TONY STARK "
"RAMIREZ, JAVIER","CARTER, SHARON, JARVIS, EDWIN , COUNT NEFARIA, LUCHI, RAMIREZ, ALMA, CAPTAIN AMERICA, FERRARI, CONNIE, RAMIREZ, ROSA, PROTOCIDE/PRIVATE CL, BILLUPS, AGENT, FURY, COL. NICHOLAS , THOR/DR. DONALD BLAK"
DAYTRIPPER/AMANDA SE,NIGHTCRAWLER/KURT WA
NIGHTCRAWLER/KURT WA,"KNIGHT ERRANT/MATSON, PHOENIX III/RACHEL S, STORM/ORORO MUNROE S, WIDGET, CERISE II [SHI'AR], USAGENT/CAPTAIN JOHN, MOONDRAGON/HEATHER D, WONDER MAN/SIMON WIL, CAPTAIN BRITAIN/BRIA, VANISHER, CAPTAIN AMERICA, SHADOWCAT/KATHERINE , QUASAR III/WENDELL V, BALLANTINE, KAYLA, MEGGAN, COLOSSUS II/PETER RA, BLACK PANTHER/T'CHAL, TANAKA, KENJIRO, MAKKARI/MIKE KHARY/I, WOLVERINE/LOGAN , CYCLOPS/SCOTT SUMMER, THOMAS, COMMANDER DA, ICON/DR. U'MBAYA A'K, IRON MAN IV/JAMES R., LOCKHEED, DAYTRIPPER/AMANDA SE, MODRED THE MYSTIC"
GOG III,"MAGOG II, MAJOR DOMO, PROFESSOR X/CHARLES , ARIZE, BEAST/HENRY &HANK& P, MOJO, CYCLOPS/SCOTT SUMMER, WOLVERINE/LOGAN , GAMBIT/REMY LEBEAU , FORGE, QUARK, PSYLOCKE/ELISABETH B, ROGUE /"
MAGOG II,"MAJOR DOMO, ARIZE, BEAST/HENRY &HANK& P, ROGUE /, WOLVERINE/LOGAN , CYCLOPS/SCOTT SUMMER, GAMBIT/REMY LEBEAU , PSYLOCKE/ELISABETH B, FORGE, QUARK, GOG III, MOJO, PROFESSOR X/CHARLES "
ARIZE,"MAJOR DOMO, MAGOG II, BEAST/HENRY &HANK& P, ROGUE /, WOLVERINE/LOGAN , CYCLOPS/SCOTT SUMMER, GAMBIT/REMY LEBEAU , PSYLOCKE/ELISABETH B, FORGE, QUARK, GOG III, MOJO, PROFESSOR X/CHARLES "
QUARK,"MAJOR DOMO, MAGOG II, ARIZE, BEAST/HENRY &HANK& P, ROGUE /, WOLVERINE/LOGAN , CYCLOPS/SCOTT SUMMER, GAMBIT/REMY LEBEAU , PSYLOCKE/ELISABETH B, FORGE, GOG III, MOJO, PROFESSOR X/CHARLES "
MOJO,"MAJOR DOMO, MAGOG II, ARIZE, BEAST/HENRY &HANK& P, ROGUE /, WOLVERINE/LOGAN , CYCLOPS/SCOTT SUMMER, GAMBIT/REMY LEBEAU , FORGE, QUARK, GOG III, PSYLOCKE/ELISABETH B, PROFESSOR X/CHARLES "
GAMBIT/REMY LEBEAU ,"MAJOR DOMO, JUBILEE/JUBILATION L, STORM/ORORO MUNROE S, MOJO, ROGUE /, PAYGE, REEVA, KAUR, BENAZIR, ANGEL/WARREN KENNETH, QUARK, MAGOG II, SHAW, SHINOBI, BISHOP /, KINE, BENEDICT, FORGE, GOG III, PSYLOCKE/ELISABETH B, JARVIS, EDWIN , ARIZE, BEAST/HENRY &HANK& P, WOLVERINE/LOGAN , CYCLOPS/SCOTT SUMMER, PROFESSOR X/CHARLES "
MAJOR DOMO,"MAGOG II, PROFESSOR X/CHARLES , ARIZE, BEAST/HENRY &HANK& P, WOLVERINE/LOGAN , MOJO, CYCLOPS/SCOTT SUMMER, GAMBIT/REMY LEBEAU , FORGE, QUARK, GOG III, PSYLOCKE/ELISABETH B, ROGUE /"
FORGE,"MAGOG II, MAJOR DOMO, PROFESSOR X/CHARLES , ARIZE, BEAST/HENRY &HANK& P, MOJO, CYCLOPS/SCOTT SUMMER, WOLVERINE/LOGAN , GAMBIT/REMY LEBEAU , QUARK, GOG III, PSYLOCKE/ELISABETH B, ROGUE /"
"SHAW, SHINOBI","JARVIS, EDWIN , JUBILEE/JUBILATION L, BEAST/HENRY &HANK& P, BISHOP /, STORM/ORORO MUNROE S, KINE, BENEDICT, GAMBIT/REMY LEBEAU , PAYGE, REEVA, KAUR, BENAZIR, ANGEL/WARREN KENNETH, PROFESSOR X/CHARLES "
BISHOP /,"SHAW, SHINOBI, JARVIS, EDWIN , JUBILEE/JUBILATION L, BEAST/HENRY &HANK& P, STORM/ORORO MUNROE S, KINE, BENEDICT, GAMBIT/REMY LEBEAU , PAYGE, REEVA, KAUR, BENAZIR, ANGEL/WARREN KENNETH, PROFESSOR X/CHARLES "
"KINE, BENEDICT","SHAW, SHINOBI, JARVIS, EDWIN , JUBILEE/JUBILATION L, BEAST/HENRY &HANK& P, STORM/ORORO MUNROE S, BISHOP /, GAMBIT/REMY LEBEAU , PAYGE, REEVA, KAUR, BENAZIR, ANGEL/WARREN KENNETH, PROFESSOR X/CHARLES "
"PAYGE, REEVA","SHAW, SHINOBI, JARVIS, EDWIN , JUBILEE/JUBILATION L, BEAST/HENRY &HANK& P, STORM/ORORO MUNROE S, BISHOP /, KINE, BENEDICT, GAMBIT/REMY LEBEAU , KAUR, BENAZIR, ANGEL/WARREN KENNETH, PROFESSOR X/CHARLES "
"KAUR, BENAZIR","SHAW, SHINOBI, JARVIS, EDWIN , JUBILEE/JUBILATION L, BEAST/HENRY &HANK& P, STORM/ORORO MUNROE S, BISHOP /, KINE, BENEDICT, GAMBIT/REMY LEBEAU , PAYGE, REEVA, ANGEL/WARREN KENNETH, PROFESSOR X/CHARLES "
"VAUGHAN, MRS.","QUASAR III/WENDELL V, BALLANTINE, KAYLA, UNBEING/BILLY BETELH, VAUGHAN, GAYLE, BETELHEIM, NORMA, ORIGIN/PHYLLIS TWOMB"
"BETELHEIM, NORMA","QUASAR III/WENDELL V, BALLANTINE, KAYLA, UNBEING/BILLY BETELH, VAUGHAN, MRS., VAUGHAN, GAYLE, ORIGIN/PHYLLIS TWOMB"
QUASAR III/WENDELL V,"QUICKSILVER/PIETRO M, ARCANNA/ARCANNA JONE, REJECT/RAN-SAK [DEVI, MAELSTROM/MALCOLM ST, MINERVA [KREE], CAPTAIN MARVEL II/MO, TEN FOR, RUNNER, PHOENIX III/RACHEL S, WIDGET, VAUGHAN, GAYLE, EON, BLACK RACER/, WHIZZER III/JAMES SA, HALFLIFE, USAGENT/CAPTAIN JOHN, DR. STRANGE/STEPHEN , DIAMONDHEAD/DYKER, OVERMIND/GROM, SHANGA, KRONOS, GARFIELD, MURRAY, MOONDRAGON/HEATHER D, LORD CHAOS, RED GUARDIAN III/DR., JAKAR, WHIZZER II/STANLEY S, HAYWIRE/, FLASH/BARRY ALLEN/BU, TUTINAX, SERGEI, WONDER MAN/SIMON WIL, CHARM, CAPTAIN BRITAIN/BRIA, HYPERION, POWER PRINCESS/ZARDA, EGO-PRIME, BALLANTINE, KAYLA, ATLAS, KRO [DEVIANT], UNBEING/BILLY BETELH, GARGOYLE II/ISAAC CH, MEGGAN, BETELHEIM, NORMA, 4-D MAN/MERCURIO, JACK OF HEARTS/JACK , BI-BEAST II, SHAPE, DRAGONFLY/VERONICA D, BLOOD BROTHERS, TANAKA, KENJIRO, LADY LARK/LINDA LEWI, MAKKARI/MIKE KHARY/I, BEAUTY, TRUTH, ROCKET RACCOON, DR. SPECTRUM/JOSEPH , VAUGHAN, MRS., STARDUST/T'URIN G'AR, KRAKOA, STRANGER, ELO, SUPER SABRE/MARTIN F, ORIGIN/PHYLLIS TWOMB, MASTER ELO, MODRED THE MYSTIC, NIGHTCRAWLER/KURT WA"
ORIGIN/PHYLLIS TWOMB,"QUASAR III/WENDELL V, BALLANTINE, KAYLA, UNBEING/BILLY BETELH, VAUGHAN, MRS., VAUGHAN, GAYLE, BETELHEIM, NORMA"
"VAUGHAN, GAYLE","QUASAR III/WENDELL V, BALLANTINE, KAYLA, UNBEING/BILLY BETELH, VAUGHAN, MRS., BETELHEIM, NORMA, ORIGIN/PHYLLIS TWOMB"
"BALLANTINE, KAYLA","QUICKSILVER/PIETRO M, ARCANNA/ARCANNA JONE, REJECT/RAN-SAK [DEVI, MAELSTROM/MALCOLM ST, MINERVA [KREE], CAPTAIN MARVEL II/MO, PHOENIX III/RACHEL S, RUNNER, WIDGET, VAUGHAN, GAYLE, EON, BLACK RACER/, WHIZZER III/JAMES SA, HALFLIFE, USAGENT/CAPTAIN JOHN, DR. STRANGE/STEPHEN , SHANGA, OVERMIND/GROM, KRONOS, GARFIELD, MURRAY, MOONDRAGON/HEATHER D, LORD CHAOS, RED GUARDIAN III/DR., JAKAR, WHIZZER II/STANLEY S, HAYWIRE/, FLASH/BARRY ALLEN/BU, TUTINAX, SERGEI, WONDER MAN/SIMON WIL, CHARM, CAPTAIN BRITAIN/BRIA, QUASAR III/WENDELL V, HYPERION, POWER PRINCESS/ZARDA, EGO-PRIME, ATLAS, KRO [DEVIANT], UNBEING/BILLY BETELH, GARGOYLE II/ISAAC CH, MEGGAN, BETELHEIM, NORMA, 4-D MAN/MERCURIO, JACK OF HEARTS/JACK , BI-BEAST II, SHAPE, DRAGONFLY/VERONICA D, BLOOD BROTHERS, TANAKA, KENJIRO, LADY LARK/LINDA LEWI, MAKKARI/MIKE KHARY/I, BEAUTY, TRUTH, ROCKET RACCOON, DR. SPECTRUM/JOSEPH , VAUGHAN, MRS., STARDUST/T'URIN G'AR, KRAKOA, STRANGER, ELO, SUPER SABRE/MARTIN F, ORIGIN/PHYLLIS TWOMB, MASTER ELO, MODRED THE MYSTIC, NIGHTCRAWLER/KURT WA"
UNBEING/BILLY BETELH,"QUASAR III/WENDELL V, BALLANTINE, KAYLA, VAUGHAN, MRS., VAUGHAN, GAYLE, BETELHEIM, NORMA, ORIGIN/PHYLLIS TWOMB"
WHIZZER II/STANLEY S,"QUICKSILVER/PIETRO M, ARCANNA/ARCANNA JONE, MAELSTROM/MALCOLM ST, TEN FOR, RUNNER, EON, BLACK RACER/, WHIZZER III/JAMES SA, DR. STRANGE/STEPHEN , DIAMONDHEAD/DYKER, OVERMIND/GROM, SHANGA, KRONOS, GARFIELD, MURRAY, MOONDRAGON/HEATHER D, LORD CHAOS, RED GUARDIAN III/DR., JAKAR, FLASH/BARRY ALLEN/BU, HAYWIRE/, SERGEI, CHARM, QUASAR III/WENDELL V, HYPERION, POWER PRINCESS/ZARDA, EGO-PRIME, BALLANTINE, KAYLA, GARGOYLE II/ISAAC CH, 4-D MAN/MERCURIO, JACK OF HEARTS/JACK , BI-BEAST II, SHAPE, DRAGONFLY/VERONICA D, TANAKA, KENJIRO, LADY LARK/LINDA LEWI, MAKKARI/MIKE KHARY/I, TRUTH, BEAUTY, ROCKET RACCOON, DR. SPECTRUM/JOSEPH , STARDUST/T'URIN G'AR, KRAKOA, STRANGER, SUPER SABRE/MARTIN F, CAPTAIN MARVEL II/MO"
ARCANNA/ARCANNA JONE,"QUICKSILVER/PIETRO M, MAELSTROM/MALCOLM ST, TEN FOR, RUNNER, EON, WHIZZER III/JAMES SA, BLACK RACER/, DR. STRANGE/STEPHEN , DIAMONDHEAD/DYKER, SHANGA, OVERMIND/GROM, KRONOS, GARFIELD, MURRAY, MOONDRAGON/HEATHER D, LORD CHAOS, RED GUARDIAN III/DR., JAKAR, WHIZZER II/STANLEY S, HAYWIRE/, FLASH/BARRY ALLEN/BU, SERGEI, CHARM, QUASAR III/WENDELL V, HYPERION, POWER PRINCESS/ZARDA, EGO-PRIME, BALLANTINE, KAYLA, GARGOYLE II/ISAAC CH, 4-D MAN/MERCURIO, JACK OF HEARTS/JACK , BI-BEAST II, SHAPE, DRAGONFLY/VERONICA D, TANAKA, KENJIRO, LADY LARK/LINDA LEWI, MAKKARI/MIKE KHARY/I, BEAUTY, TRUTH, ROCKET RACCOON, DR. SPECTRUM/JOSEPH , STARDUST/T'URIN G'AR, KRAKOA, STRANGER, SUPER SABRE/MARTIN F, CAPTAIN MARVEL II/MO"
KRONOS,"ARCANNA/ARCANNA JONE, MAELSTROM/MALCOLM ST, EON, DR. STRANGE/STEPHEN , GARFIELD, MURRAY, MOONDRAGON/HEATHER D, LORD CHAOS, RED GUARDIAN III/DR., WHIZZER II/STANLEY S, SERGEI, QUASAR III/WENDELL V, HYPERION, POWER PRINCESS/ZARDA, BALLANTINE, KAYLA, GARGOYLE II/ISAAC CH, JACK OF HEARTS/JACK , SHAPE, TANAKA, KENJIRO, LADY LARK/LINDA LEWI, MAKKARI/MIKE KHARY/I, DR. SPECTRUM/JOSEPH "
EON,"QUICKSILVER/PIETRO M, ARCANNA/ARCANNA JONE, REJECT/RAN-SAK [DEVI, MAELSTROM/MALCOLM ST, MINERVA [KREE], TEN FOR, RUNNER, BLACK RACER/, WHIZZER III/JAMES SA, HALFLIFE, DR. STRANGE/STEPHEN , DIAMONDHEAD/DYKER, OVERMIND/GROM, KRONOS, GARFIELD, MURRAY, MOONDRAGON/HEATHER D, LORD CHAOS, RED GUARDIAN III/DR., FLASH/BARRY ALLEN/BU, WHIZZER II/STANLEY S, HAYWIRE/, TUTINAX, SERGEI, WONDER MAN/SIMON WIL, QUASAR III/WENDELL V, HYPERION, POWER PRINCESS/ZARDA, BALLANTINE, KAYLA, ATLAS, KRO [DEVIANT], GARGOYLE II/ISAAC CH, 4-D MAN/MERCURIO, JACK OF HEARTS/JACK , BI-BEAST II, SHAPE, DRAGONFLY/VERONICA D, BLOOD BROTHERS, TANAKA, KENJIRO, LADY LARK/LINDA LEWI, MAKKARI/MIKE KHARY/I, DR. SPECTRUM/JOSEPH , STARDUST/T'URIN G'AR, STRANGER, ELO, SUPER SABRE/MARTIN F, CAPTAIN MARVEL II/MO, MASTER ELO"
DR. SPECTRUM/JOSEPH ,"QUICKSILVER/PIETRO M, ARCANNA/ARCANNA JONE, MAELSTROM/MALCOLM ST, TEN FOR, RUNNER, EON, BLACK RACER/, WHIZZER III/JAMES SA, DR. STRANGE/STEPHEN , DIAMONDHEAD/DYKER, SHANGA, OVERMIND/GROM, KRONOS, GARFIELD, MURRAY, MOONDRAGON/HEATHER D, LORD CHAOS, RED GUARDIAN III/DR., JAKAR, WHIZZER II/STANLEY S, HAYWIRE/, FLASH/BARRY ALLEN/BU, SERGEI, CHARM, QUASAR III/WENDELL V, HYPERION, POWER PRINCESS/ZARDA, EGO-PRIME, BALLANTINE, KAYLA, GARGOYLE II/ISAAC CH, 4-D MAN/MERCURIO, JACK OF HEARTS/JACK , BI-BEAST II, SHAPE, DRAGONFLY/VERONICA D, TANAKA, KENJIRO, LADY LARK/LINDA LEWI, MAKKARI/MIKE KHARY/I, BEAUTY, TRUTH, ROCKET RACCOON, STARDUST/T'URIN G'AR, KRAKOA, STRANGER, SUPER SABRE/MARTIN F, CAPTAIN MARVEL II/MO"
"TANAKA, KENJIRO","QUICKSILVER/PIETRO M, ARCANNA/ARCANNA JONE, REJECT/RAN-SAK [DEVI, MAELSTROM/MALCOLM ST, MINERVA [KREE], PHOENIX III/RACHEL S, RUNNER, WIDGET, EON, BLACK RACER/, WHIZZER III/JAMES SA, HALFLIFE, USAGENT/CAPTAIN JOHN, DR. STRANGE/STEPHEN , SHANGA, OVERMIND/GROM, KRONOS, GARFIELD, MURRAY, MOONDRAGON/HEATHER D, LORD CHAOS, RED GUARDIAN III/DR., JAKAR, WHIZZER II/STANLEY S, HAYWIRE/, FLASH/BARRY ALLEN/BU, TUTINAX, SERGEI, WONDER MAN/SIMON WIL, CHARM, CAPTAIN BRITAIN/BRIA, QUASAR III/WENDELL V, HYPERION, POWER PRINCESS/ZARDA, EGO-PRIME, BALLANTINE, KAYLA, ATLAS, KRO [DEVIANT], GARGOYLE II/ISAAC CH, MEGGAN, 4-D MAN/MERCURIO, JACK OF HEARTS/JACK , BI-BEAST II, SHAPE, DRAGONFLY/VERONICA D, BLOOD BROTHERS, LADY LARK/LINDA LEWI, MAKKARI/MIKE KHARY/I, BEAUTY, TRUTH, ROCKET RACCOON, DR. SPECTRUM/JOSEPH , STARDUST/T'URIN G'AR, KRAKOA, STRANGER, ELO, SUPER SABRE/MARTIN F, CAPTAIN MARVEL II/MO, MASTER ELO, MODRED THE MYSTIC, NIGHTCRAWLER/KURT WA"
LADY LARK/LINDA LEWI,"QUICKSILVER/PIETRO M, ARCANNA/ARCANNA JONE, MAELSTROM/MALCOLM ST, TEN FOR, RUNNER, EON, BLACK RACER/, WHIZZER III/JAMES SA, DR. STRANGE/STEPHEN , DIAMONDHEAD/DYKER, OVERMIND/GROM, SHANGA, KRONOS, GARFIELD, MURRAY, MOONDRAGON/HEATHER D, LORD CHAOS, RED GUARDIAN III/DR., JAKAR, WHIZZER II/STANLEY S, HAYWIRE/, FLASH/BARRY ALLEN/BU, SERGEI, CHARM, QUASAR III/WENDELL V, HYPERION, POWER PRINCESS/ZARDA, EGO-PRIME, BALLANTINE, KAYLA, GARGOYLE II/ISAAC CH, 4-D MAN/MERCURIO, JACK OF HEARTS/JACK , BI-BEAST II, SHAPE, DRAGONFLY/VERONICA D, TANAKA, KENJIRO, MAKKARI/MIKE KHARY/I, TRUTH, BEAUTY, ROCKET RACCOON, DR. SPECTRUM/JOSEPH , STARDUST/T'URIN G'AR, KRAKOA, STRANGER, SUPER SABRE/MARTIN F, CAPTAIN MARVEL II/MO"
"GARFIELD, MURRAY","ARCANNA/ARCANNA JONE, MAELSTROM/MALCOLM ST, EON, DR. STRANGE/STEPHEN , KRONOS, MOONDRAGON/HEATHER D, LORD CHAOS, RED GUARDIAN III/DR., WHIZZER II/STANLEY S, SERGEI, QUASAR III/WENDELL V, HYPERION, POWER PRINCESS/ZARDA, BALLANTINE, KAYLA, GARGOYLE II/ISAAC CH, JACK OF HEARTS/JACK , SHAPE, TANAKA, KENJIRO, LADY LARK/LINDA LEWI, MAKKARI/MIKE KHARY/I, DR. SPECTRUM/JOSEPH "
SHAPE,"QUICKSILVER/PIETRO M, ARCANNA/ARCANNA JONE, MAELSTROM/MALCOLM ST, RUNNER, EON, BLACK RACER/, WHIZZER III/JAMES SA, DR. STRANGE/STEPHEN , OVERMIND/GROM, SHANGA, KRONOS, GARFIELD, MURRAY, MOONDRAGON/HEATHER D, LORD CHAOS, RED GUARDIAN III/DR., JAKAR, WHIZZER II/STANLEY S, HAYWIRE/, FLASH/BARRY ALLEN/BU, SERGEI, CHARM, QUASAR III/WENDELL V, HYPERION, POWER PRINCESS/ZARDA, EGO-PRIME, BALLANTINE, KAYLA, GARGOYLE II/ISAAC CH, 4-D MAN/MERCURIO, JACK OF HEARTS/JACK , BI-BEAST II, DRAGONFLY/VERONICA D, TANAKA, KENJIRO, LADY LARK/LINDA LEWI, MAKKARI/MIKE KHARY/I, TRUTH, BEAUTY, DR. SPECTRUM/JOSEPH , STARDUST/T'URIN G'AR, STRANGER, SUPER SABRE/MARTIN F, CAPTAIN MARVEL II/MO"
HYPERION,"QUICKSILVER/PIETRO M, ARCANNA/ARCANNA JONE, MAELSTROM/MALCOLM ST, TEN FOR, RUNNER, EON, BLACK RACER/, WHIZZER III/JAMES SA, DR. STRANGE/STEPHEN , DIAMONDHEAD/DYKER, OVERMIND/GROM, SHANGA, KRONOS, GARFIELD, MURRAY, MOONDRAGON/HEATHER D, LORD CHAOS, RED GUARDIAN III/DR., JAKAR, WHIZZER II/STANLEY S, HAYWIRE/, FLASH/BARRY ALLEN/BU, SERGEI, CHARM, QUASAR III/WENDELL V, POWER PRINCESS/ZARDA, EGO-PRIME, BALLANTINE, KAYLA, GARGOYLE II/ISAAC CH, 4-D MAN/MERCURIO, JACK OF HEARTS/JACK , BI-BEAST II, SHAPE, DRAGONFLY/VERONICA D, TANAKA, KENJIRO, LADY LARK/LINDA LEWI, MAKKARI/MIKE KHARY/I, TRUTH, BEAUTY, ROCKET RACCOON, DR. SPECTRUM/JOSEPH , STARDUST/T'URIN G'AR, KRAKOA, STRANGER, SUPER SABRE/MARTIN F, CAPTAIN MARVEL II/MO"
SERGEI,"ARCANNA/ARCANNA JONE, MAELSTROM/MALCOLM ST, EON, DR. STRANGE/STEPHEN , OVERMIND/GROM, SHANGA, KRONOS, GARFIELD, MURRAY, MOONDRAGON/HEATHER D, LORD CHAOS, RED GUARDIAN III/DR., JAKAR, WHIZZER II/STANLEY S, HAYWIRE/, CHARM, QUASAR III/WENDELL V, HYPERION, POWER PRINCESS/ZARDA, EGO-PRIME, BALLANTINE, KAYLA, GARGOYLE II/ISAAC CH, 4-D MAN/MERCURIO, JACK OF HEARTS/JACK , BI-BEAST II, SHAPE, DRAGONFLY/VERONICA D, TANAKA, KENJIRO, LADY LARK/LINDA LEWI, MAKKARI/MIKE KHARY/I, TRUTH, BEAUTY, DR. SPECTRUM/JOSEPH , STARDUST/T'URIN G'AR, STRANGER"
MAELSTROM/MALCOLM ST,"ARCANNA/ARCANNA JONE, EON, DR. STRANGE/STEPHEN , KRONOS, GARFIELD, MURRAY, MOONDRAGON/HEATHER D, LORD CHAOS, RED GUARDIAN III/DR., WHIZZER II/STANLEY S, SERGEI, QUASAR III/WENDELL V, HYPERION, POWER PRINCESS/ZARDA, BALLANTINE, KAYLA, GARGOYLE II/ISAAC CH, JACK OF HEARTS/JACK , SHAPE, TANAKA, KENJIRO, LADY LARK/LINDA LEWI, MAKKARI/MIKE KHARY/I, DR. SPECTRUM/JOSEPH "
JACK OF HEARTS/JACK ,"ARCANNA/ARCANNA JONE, MAELSTROM/MALCOLM ST, EON, DR. STRANGE/STEPHEN , OVERMIND/GROM, KRONOS, GARFIELD, MURRAY, MOONDRAGON/HEATHER D, LORD CHAOS, RED GUARDIAN III/DR., WHIZZER II/STANLEY S, SERGEI, QUASAR III/WENDELL V, HYPERION, POWER PRINCESS/ZARDA, EGO-PRIME, BALLANTINE, KAYLA, GARGOYLE II/ISAAC CH, SHAPE, TANAKA, KENJIRO, LADY LARK/LINDA LEWI, MAKKARI/MIKE KHARY/I, ROCKET RACCOON, DR. SPECTRUM/JOSEPH , KRAKOA, STRANGER"
POWER PRINCESS/ZARDA,"QUICKSILVER/PIETRO M, ARCANNA/ARCANNA JONE, MAELSTROM/MALCOLM ST, TEN FOR, RUNNER, EON, WHIZZER III/JAMES SA, BLACK RACER/, DR. STRANGE/STEPHEN , DIAMONDHEAD/DYKER, SHANGA, OVERMIND/GROM, KRONOS, GARFIELD, MURRAY, MOONDRAGON/HEATHER D, LORD CHAOS, RED GUARDIAN III/DR., JAKAR, WHIZZER II/STANLEY S, HAYWIRE/, FLASH/BARRY ALLEN/BU, SERGEI, CHARM, QUASAR III/WENDELL V, HYPERION, EGO-PRIME, BALLANTINE, KAYLA, GARGOYLE II/ISAAC CH, 4-D MAN/MERCURIO, JACK OF HEARTS/JACK , BI-BEAST II, SHAPE, DRAGONFLY/VERONICA D, TANAKA, KENJIRO, LADY LARK/LINDA LEWI, MAKKARI/MIKE KHARY/I, BEAUTY, TRUTH, ROCKET RACCOON, DR. SPECTRUM/JOSEPH , STARDUST/T'URIN G'AR, KRAKOA, STRANGER, SUPER SABRE/MARTIN F, CAPTAIN MARVEL II/MO"
"LACOSTE, RAE","SANCTION/AARON, JOSEPH, SHEVA, RHODES, MR., SEGAR, OWEN, GUNSHIP/CARY ROUNTRE, LOCOMOTIVE BREATH/LA, IRON MAN IV/JAMES R., MANTONE, JORGE"
"RHODES, MR.","SANCTION/AARON, JOSEPH, SHEVA, LACOSTE, RAE, SEGAR, OWEN, GUNSHIP/CARY ROUNTRE, LOCOMOTIVE BREATH/LA, IRON MAN IV/JAMES R., MANTONE, JORGE"
LOCOMOTIVE BREATH/LA,"SANCTION/AARON, JOSEPH, SHEVA, RHODES, MR., LACOSTE, RAE, SEGAR, OWEN, GUNSHIP/CARY ROUNTRE, IRON MAN IV/JAMES R., MANTONE, JORGE"
GUNSHIP/CARY ROUNTRE,"SANCTION/AARON, JOSEPH, SHEVA, RHODES, MR., LACOSTE, RAE, SEGAR, OWEN, LOCOMOTIVE BREATH/LA, IRON MAN IV/JAMES R., MANTONE, JORGE"
"JOSEPH, SHEVA","SANCTION/AARON, RHODES, MR., LACOSTE, RAE, SEGAR, OWEN, GUNSHIP/CARY ROUNTRE, LOCOMOTIVE BREATH/LA, IRON MAN IV/JAMES R., MANTONE, JORGE"
"MANTONE, JORGE","SANCTION/AARON, JOSEPH, SHEVA, RHODES, MR., LACOSTE, RAE, SEGAR, OWEN, GUNSHIP/CARY ROUNTRE, LOCOMOTIVE BREATH/LA, IRON MAN IV/JAMES R."
SANCTION/AARON,"JOSEPH, SHEVA, RHODES, MR., LACOSTE, RAE, SEGAR, OWEN, GUNSHIP/CARY ROUNTRE, LOCOMOTIVE BREATH/LA, IRON MAN IV/JAMES R., MANTONE, JORGE"
"SEGAR, OWEN","SANCTION/AARON, JOSEPH, SHEVA, RHODES, MR., LACOSTE, RAE, GUNSHIP/CARY ROUNTRE, LOCOMOTIVE BREATH/LA, IRON MAN IV/JAMES R., MANTONE, JORGE"
DRAGONFLY/VERONICA D,"ARCANNA/ARCANNA JONE, TEN FOR, EON, DIAMONDHEAD/DYKER, SHANGA, OVERMIND/GROM, MOONDRAGON/HEATHER D, RED GUARDIAN III/DR., JAKAR, WHIZZER II/STANLEY S, HAYWIRE/, SERGEI, CHARM, QUASAR III/WENDELL V, HYPERION, POWER PRINCESS/ZARDA, EGO-PRIME, BALLANTINE, KAYLA, 4-D MAN/MERCURIO, BI-BEAST II, SHAPE, TANAKA, KENJIRO, LADY LARK/LINDA LEWI, MAKKARI/MIKE KHARY/I, BEAUTY, TRUTH, DR. SPECTRUM/JOSEPH , STARDUST/T'URIN G'AR, STRANGER"
OVERMIND/GROM,"ARCANNA/ARCANNA JONE, TEN FOR, EON, DIAMONDHEAD/DYKER, SHANGA, MOONDRAGON/HEATHER D, RED GUARDIAN III/DR., JAKAR, WHIZZER II/STANLEY S, HAYWIRE/, SERGEI, CHARM, QUASAR III/WENDELL V, HYPERION, POWER PRINCESS/ZARDA, EGO-PRIME, BALLANTINE, KAYLA, 4-D MAN/MERCURIO, JACK OF HEARTS/JACK , BI-BEAST II, SHAPE, DRAGONFLY/VERONICA D, TANAKA, KENJIRO, LADY LARK/LINDA LEWI, MAKKARI/MIKE KHARY/I, BEAUTY, TRUTH, ROCKET RACCOON, DR. SPECTRUM/JOSEPH , STARDUST/T'URIN G'AR, KRAKOA, STRANGER"
4-D MAN/MERCURIO,"ARCANNA/ARCANNA JONE, TEN FOR, EON, DIAMONDHEAD/DYKER, SHANGA, OVERMIND/GROM, MOONDRAGON/HEATHER D, RED GUARDIAN III/DR., JAKAR, WHIZZER II/STANLEY S, HAYWIRE/, SERGEI, CHARM, QUASAR III/WENDELL V, HYPERION, POWER PRINCESS/ZARDA, EGO-PRIME, BALLANTINE, KAYLA, BI-BEAST II, SHAPE, DRAGONFLY/VERONICA D, TANAKA, KENJIRO, LADY LARK/LINDA LEWI, MAKKARI/MIKE KHARY/I, BEAUTY, TRUTH, DR. SPECTRUM/JOSEPH , STARDUST/T'URIN G'AR, STRANGER"
BI-BEAST II,"ARCANNA/ARCANNA JONE, TEN FOR, EON, DIAMONDHEAD/DYKER, SHANGA, OVERMIND/GROM, MOONDRAGON/HEATHER D, RED GUARDIAN III/DR., JAKAR, WHIZZER II/STANLEY S, HAYWIRE/, SERGEI, CHARM, QUASAR III/WENDELL V, HYPERION, POWER PRINCESS/ZARDA, EGO-PRIME, BALLANTINE, KAYLA, 4-D MAN/MERCURIO, SHAPE, DRAGONFLY/VERONICA D, TANAKA, KENJIRO, LADY LARK/LINDA LEWI, MAKKARI/MIKE KHARY/I, BEAUTY, TRUTH, DR. SPECTRUM/JOSEPH , STARDUST/T'URIN G'AR, STRANGER"
EGO-PRIME,"ARCANNA/ARCANNA JONE, SHANGA, OVERMIND/GROM, MOONDRAGON/HEATHER D, RED GUARDIAN III/DR., JAKAR, WHIZZER II/STANLEY S, HAYWIRE/, SERGEI, CHARM, QUASAR III/WENDELL V, HYPERION, POWER PRINCESS/ZARDA, BALLANTINE, KAYLA, 4-D MAN/MERCURIO, JACK OF HEARTS/JACK , BI-BEAST II, SHAPE, DRAGONFLY/VERONICA D, TANAKA, KENJIRO, LADY LARK/LINDA LEWI, MAKKARI/MIKE KHARY/I, BEAUTY, TRUTH, ROCKET RACCOON, DR. SPECTRUM/JOSEPH , STARDUST/T'URIN G'AR, KRAKOA, STRANGER"
STRANGER,"ARCANNA/ARCANNA JONE, TEN FOR, EMPRESS S'BYLL [SKRU, EON, DIAMONDHEAD/DYKER, SHANGA, OVERMIND/GROM, SUPREME INTELLIGENCE, MOONDRAGON/HEATHER D, SUPER SKRULL/KL'RT, RED GUARDIAN III/DR., SILVER SURFER/NORRIN, MIDNIGHT/M'NAI, JAKAR, WHIZZER II/STANLEY S, HAYWIRE/, SERGEI, CHARM, QUASAR III/WENDELL V, HYPERION, POWER PRINCESS/ZARDA, EGO-PRIME, BALLANTINE, KAYLA, 4-D MAN/MERCURIO, JACK OF HEARTS/JACK , BI-BEAST II, DRAGONFLY/VERONICA D, SHAPE, CONTEMPLATOR/TATH KI, TANAKA, KENJIRO, LADY LARK/LINDA LEWI, MAKKARI/MIKE KHARY/I, BEAUTY, TRUTH, ROCKET RACCOON, SHALLA BAL II, DR. SPECTRUM/JOSEPH , REPTYL, STARDUST/T'URIN G'AR, KRAKOA"
JAKAR,"ARCANNA/ARCANNA JONE, SHANGA, OVERMIND/GROM, MOONDRAGON/HEATHER D, RED GUARDIAN III/DR., WHIZZER II/STANLEY S, HAYWIRE/, SERGEI, CHARM, QUASAR III/WENDELL V, HYPERION, POWER PRINCESS/ZARDA, EGO-PRIME, BALLANTINE, KAYLA, 4-D MAN/MERCURIO, BI-BEAST II, DRAGONFLY/VERONICA D, SHAPE, TANAKA, KENJIRO, LADY LARK/LINDA LEWI, MAKKARI/MIKE KHARY/I, BEAUTY, TRUTH, DR. SPECTRUM/JOSEPH , STARDUST/T'URIN G'AR, STRANGER"
SHANGA,"ARCANNA/ARCANNA JONE, OVERMIND/GROM, MOONDRAGON/HEATHER D, RED GUARDIAN III/DR., JAKAR, WHIZZER II/STANLEY S, HAYWIRE/, SERGEI, CHARM, QUASAR III/WENDELL V, HYPERION, POWER PRINCESS/ZARDA, EGO-PRIME, BALLANTINE, KAYLA, 4-D MAN/MERCURIO, BI-BEAST II, DRAGONFLY/VERONICA D, SHAPE, TANAKA, KENJIRO, LADY LARK/LINDA LEWI, MAKKARI/MIKE KHARY/I, BEAUTY, TRUTH, DR. SPECTRUM/JOSEPH , STARDUST/T'URIN G'AR, STRANGER"
CHARM,"ARCANNA/ARCANNA JONE, OVERMIND/GROM, SHANGA, MOONDRAGON/HEATHER D, RED GUARDIAN III/DR., JAKAR, WHIZZER II/STANLEY S, HAYWIRE/, SERGEI, QUASAR III/WENDELL V, HYPERION, POWER PRINCESS/ZARDA, EGO-PRIME, BALLANTINE, KAYLA, 4-D MAN/MERCURIO, BI-BEAST II, DRAGONFLY/VERONICA D, SHAPE, TANAKA, KENJIRO, LADY LARK/LINDA LEWI, MAKKARI/MIKE KHARY/I, BEAUTY, TRUTH, DR. SPECTRUM/JOSEPH , STARDUST/T'URIN G'AR, STRANGER"
TRUTH,"ARCANNA/ARCANNA JONE, OVERMIND/GROM, SHANGA, MOONDRAGON/HEATHER D, RED GUARDIAN III/DR., JAKAR, WHIZZER II/STANLEY S, HAYWIRE/, SERGEI, CHARM, QUASAR III/WENDELL V, HYPERION, POWER PRINCESS/ZARDA, EGO-PRIME, BALLANTINE, KAYLA, 4-D MAN/MERCURIO, BI-BEAST II, DRAGONFLY/VERONICA D, SHAPE, TANAKA, KENJIRO, LADY LARK/LINDA LEWI, MAKKARI/MIKE KHARY/I, BEAUTY, DR. SPECTRUM/JOSEPH , STARDUST/T'URIN G'AR, STRANGER"
BEAUTY,"ARCANNA/ARCANNA JONE, OVERMIND/GROM, SHANGA, MOONDRAGON/HEATHER D, RED GUARDIAN III/DR., JAKAR, WHIZZER II/STANLEY S, HAYWIRE/, SERGEI, CHARM, QUASAR III/WENDELL V, HYPERION, POWER PRINCESS/ZARDA, EGO-PRIME, BALLANTINE, KAYLA, 4-D MAN/MERCURIO, BI-BEAST II, DRAGONFLY/VERONICA D, SHAPE, TANAKA, KENJIRO, LADY LARK/LINDA LEWI, MAKKARI/MIKE KHARY/I, TRUTH, DR. SPECTRUM/JOSEPH , STARDUST/T'URIN G'AR, STRANGER"
HAYWIRE/,"ARCANNA/ARCANNA JONE, EON, OVERMIND/GROM, SHANGA, MOONDRAGON/HEATHER D, RED GUARDIAN III/DR., JAKAR, WHIZZER II/STANLEY S, SERGEI, CHARM, QUASAR III/WENDELL V, HYPERION, POWER PRINCESS/ZARDA, EGO-PRIME, BALLANTINE, KAYLA, 4-D MAN/MERCURIO, BI-BEAST II, DRAGONFLY/VERONICA D, SHAPE, TANAKA, KENJIRO, LADY LARK/LINDA LEWI, MAKKARI/MIKE KHARY/I, TRUTH, BEAUTY, DR. SPECTRUM/JOSEPH , STARDUST/T'URIN G'AR, STRANGER"
STARDUST/T'URIN G'AR,"ARCANNA/ARCANNA JONE, TEN FOR, EON, DIAMONDHEAD/DYKER, OVERMIND/GROM, SHANGA, MOONDRAGON/HEATHER D, RED GUARDIAN III/DR., JAKAR, WHIZZER II/STANLEY S, HAYWIRE/, SERGEI, CHARM, QUASAR III/WENDELL V, HYPERION, POWER PRINCESS/ZARDA, EGO-PRIME, BALLANTINE, KAYLA, 4-D MAN/MERCURIO, BI-BEAST II, DRAGONFLY/VERONICA D, SHAPE, TANAKA, KENJIRO, LADY LARK/LINDA LEWI, MAKKARI/MIKE KHARY/I, TRUTH, BEAUTY, DR. SPECTRUM/JOSEPH , STRANGER"
ROCKET RACCOON,"TANAKA, KENJIRO, OVERMIND/GROM, LADY LARK/LINDA LEWI, QUASAR III/WENDELL V, MAKKARI/MIKE KHARY/I, HYPERION, MOONDRAGON/HEATHER D, POWER PRINCESS/ZARDA, ARCANNA/ARCANNA JONE, EGO-PRIME, BALLANTINE, KAYLA, DR. SPECTRUM/JOSEPH , WHIZZER II/STANLEY S, KRAKOA, STRANGER, JACK OF HEARTS/JACK "
KRAKOA,"TANAKA, KENJIRO, OVERMIND/GROM, LADY LARK/LINDA LEWI, QUASAR III/WENDELL V, ARCANNA/ARCANNA JONE, HYPERION, MOONDRAGON/HEATHER D, POWER PRINCESS/ZARDA, ROCKET RACCOON, MAKKARI/MIKE KHARY/I, EGO-PRIME, BALLANTINE, KAYLA, DR. SPECTRUM/JOSEPH , WHIZZER II/STANLEY S, STRANGER, JACK OF HEARTS/JACK "
TEN FOR,"OVERMIND/GROM, LADY LARK/LINDA LEWI, QUASAR III/WENDELL V, ARCANNA/ARCANNA JONE, HYPERION, MOONDRAGON/HEATHER D, POWER PRINCESS/ZARDA, MAKKARI/MIKE KHARY/I, DR. SPECTRUM/JOSEPH , WHIZZER II/STANLEY S, STARDUST/T'URIN G'AR, EON, STRANGER, 4-D MAN/MERCURIO, BI-BEAST II, DRAGONFLY/VERONICA D, DIAMONDHEAD/DYKER"
DIAMONDHEAD/DYKER,"OVERMIND/GROM, LADY LARK/LINDA LEWI, QUASAR III/WENDELL V, MAKKARI/MIKE KHARY/I, HYPERION, MOONDRAGON/HEATHER D, ARCANNA/ARCANNA JONE, POWER PRINCESS/ZARDA, TEN FOR, DR. SPECTRUM/JOSEPH , WHIZZER II/STANLEY S, STARDUST/T'URIN G'AR, EON, STRANGER, 4-D MAN/MERCURIO, BI-BEAST II, DRAGONFLY/VERONICA D"
FLASH/BARRY ALLEN/BU,"TANAKA, KENJIRO, LADY LARK/LINDA LEWI, QUICKSILVER/PIETRO M, QUASAR III/WENDELL V, MAKKARI/MIKE KHARY/I, HYPERION, ARCANNA/ARCANNA JONE, POWER PRINCESS/ZARDA, BALLANTINE, KAYLA, RUNNER, DR. SPECTRUM/JOSEPH , WHIZZER II/STANLEY S, EON, WHIZZER III/JAMES SA, BLACK RACER/, SUPER SABRE/MARTIN F, CAPTAIN MARVEL II/MO, SHAPE"
SUPER SABRE/MARTIN F,"TANAKA, KENJIRO, LADY LARK/LINDA LEWI, QUICKSILVER/PIETRO M, QUASAR III/WENDELL V, MAKKARI/MIKE KHARY/I, HYPERION, ARCANNA/ARCANNA JONE, POWER PRINCESS/ZARDA, BALLANTINE, KAYLA, RUNNER, DR. SPECTRUM/JOSEPH , WHIZZER II/STANLEY S, FLASH/BARRY ALLEN/BU, EON, WHIZZER III/JAMES SA, BLACK RACER/, CAPTAIN MARVEL II/MO, SHAPE"
WHIZZER III/JAMES SA,"TANAKA, KENJIRO, LADY LARK/LINDA LEWI, QUICKSILVER/PIETRO M, QUASAR III/WENDELL V, MAKKARI/MIKE KHARY/I, HYPERION, ARCANNA/ARCANNA JONE, POWER PRINCESS/ZARDA, BALLANTINE, KAYLA, RUNNER, DR. SPECTRUM/JOSEPH , WHIZZER II/STANLEY S, FLASH/BARRY ALLEN/BU, EON, BLACK RACER/, SUPER SABRE/MARTIN F, CAPTAIN MARVEL II/MO, SHAPE"
RUNNER,"QUICKSILVER/PIETRO M, TANAKA, KENJIRO, LADY LARK/LINDA LEWI, QUASAR III/WENDELL V, MAKKARI/MIKE KHARY/I, HYPERION, ARCANNA/ARCANNA JONE, POWER PRINCESS/ZARDA, BALLANTINE, KAYLA, DR. SPECTRUM/JOSEPH , WHIZZER II/STANLEY S, FLASH/BARRY ALLEN/BU, EON, BLACK RACER/, SUPER SABRE/MARTIN F, WHIZZER III/JAMES SA, CAPTAIN MARVEL II/MO, SHAPE"
CAPTAIN MARVEL II/MO,"QUICKSILVER/PIETRO M, STARFOX/EROS, ARCANNA/ARCANNA JONE, MR. FANTASTIC/REED R, RUNNER, GALACTUS/GALAN, BLACK RACER/, WHIZZER III/JAMES SA, EON, MASTERS, ALICIA REIS, WASP/JANET VAN DYNE , FLASH/BARRY ALLEN/BU, WHIZZER II/STANLEY S, HUMAN TORCH/JOHNNY S, CAPTAIN AMERICA, QUASAR III/WENDELL V, HYPERION, POWER PRINCESS/ZARDA, BALLANTINE, KAYLA, NOVA II/FRANKIE RAYE, VISION , SHAPE, ANNIHILUS, SCARLET WITCH/WANDA , TANAKA, KENJIRO, LADY LARK/LINDA LEWI, INVISIBLE WOMAN/SUE , THING/BENJAMIN J. GR, MAKKARI/MIKE KHARY/I, SHE-HULK/JENNIFER WA, DR. SPECTRUM/JOSEPH , RICHARDS, FRANKLIN B, SUPER SABRE/MARTIN F, THOR/DR. DONALD BLAK"
HALFLIFE,"TANAKA, KENJIRO, QUASAR III/WENDELL V, MINERVA [KREE], BALLANTINE, KAYLA, ATLAS, EON"
ATLAS,"TANAKA, KENJIRO, QUASAR III/WENDELL V, MINERVA [KREE], BALLANTINE, KAYLA, EON, HALFLIFE"
MINERVA [KREE],"TANAKA, KENJIRO, QUASAR III/WENDELL V, BALLANTINE, KAYLA, ATLAS, EON, HALFLIFE"
CAPTAIN BRITAIN/BRIA,"KNIGHT ERRANT/MATSON, PHOENIX III/RACHEL S, HUNTER, LANCE, WIDGET, CERISE II [SHI'AR], DR. SYNNE, FURY, COL. NICHOLAS , USAGENT/CAPTAIN JOHN, BRADDOCK, JAMES JR. , FRASER, DET. KATE, MOONDRAGON/HEATHER D, WONDER MAN/SIMON WIL, CAPTAIN AMERICA, SHADOWCAT/KATHERINE , QUASAR III/WENDELL V, CALLAGHAN, JAMES, BALLANTINE, KAYLA, MEGGAN, BLACK PANTHER/T'CHAL, PSYLOCKE/ELISABETH B, ROSS, COURTNEY, TANAKA, KENJIRO, RED SKULL/JOHANN SCH, MAKKARI/MIKE KHARY/I, ICON/DR. U'MBAYA A'K, THOMAS, COMMANDER DA, IRON MAN IV/JAMES R., TANNER, JACKO, LOCKHEED, MODRED THE MYSTIC, NIGHTCRAWLER/KURT WA"
USAGENT/CAPTAIN JOHN,"TANAKA, KENJIRO, QUASAR III/WENDELL V, MAKKARI/MIKE KHARY/I, MOONDRAGON/HEATHER D, PHOENIX III/RACHEL S, CAPTAIN BRITAIN/BRIA, BALLANTINE, KAYLA, MEGGAN, WIDGET, WONDER MAN/SIMON WIL, MODRED THE MYSTIC, NIGHTCRAWLER/KURT WA"
MEGGAN,"KNIGHT ERRANT/MATSON, PHOENIX III/RACHEL S, WIDGET, CERISE II [SHI'AR], USAGENT/CAPTAIN JOHN, MODRED THE MYSTIC, MOONDRAGON/HEATHER D, WONDER MAN/SIMON WIL, CAPTAIN BRITAIN/BRIA, CAPTAIN AMERICA, SHADOWCAT/KATHERINE , QUASAR III/WENDELL V, BALLANTINE, KAYLA, TANAKA, KENJIRO, MAKKARI/MIKE KHARY/I, ICON/DR. U'MBAYA A'K, THOMAS, COMMANDER DA, IRON MAN IV/JAMES R., LOCKHEED, BLACK PANTHER/T'CHAL, NIGHTCRAWLER/KURT WA"
WIDGET,"TANAKA, KENJIRO, QUASAR III/WENDELL V, MAKKARI/MIKE KHARY/I, MOONDRAGON/HEATHER D, PHOENIX III/RACHEL S, CAPTAIN BRITAIN/BRIA, BALLANTINE, KAYLA, MEGGAN, WONDER MAN/SIMON WIL, USAGENT/CAPTAIN JOHN, MODRED THE MYSTIC, NIGHTCRAWLER/KURT WA"
MODRED THE MYSTIC,"TANAKA, KENJIRO, QUASAR III/WENDELL V, MAKKARI/MIKE KHARY/I, MOONDRAGON/HEATHER D, PHOENIX III/RACHEL S, BALLANTINE, KAYLA, MEGGAN, WIDGET, WONDER MAN/SIMON WIL, USAGENT/CAPTAIN JOHN, CAPTAIN BRITAIN/BRIA, NIGHTCRAWLER/KURT WA"
PHOENIX III/RACHEL S,"TANAKA, KENJIRO, QUASAR III/WENDELL V, MAKKARI/MIKE KHARY/I, MODRED THE MYSTIC, MOONDRAGON/HEATHER D, BALLANTINE, KAYLA, MEGGAN, WIDGET, WONDER MAN/SIMON WIL, USAGENT/CAPTAIN JOHN, CAPTAIN BRITAIN/BRIA, NIGHTCRAWLER/KURT WA"
REJECT/RAN-SAK [DEVI,"TANAKA, KENJIRO, QUASAR III/WENDELL V, MAKKARI/MIKE KHARY/I, MOONDRAGON/HEATHER D, BALLANTINE, KAYLA, KRO [DEVIANT], EON, ELO, TUTINAX, WONDER MAN/SIMON WIL, MASTER ELO, BLOOD BROTHERS"
MASTER ELO,"TANAKA, KENJIRO, QUASAR III/WENDELL V, MAKKARI/MIKE KHARY/I, MOONDRAGON/HEATHER D, REJECT/RAN-SAK [DEVI, BALLANTINE, KAYLA, KRO [DEVIANT], EON, ELO, TUTINAX, WONDER MAN/SIMON WIL, BLOOD BROTHERS"
TUTINAX,"TANAKA, KENJIRO, QUASAR III/WENDELL V, MAKKARI/MIKE KHARY/I, MOONDRAGON/HEATHER D, REJECT/RAN-SAK [DEVI, BALLANTINE, KAYLA, KRO [DEVIANT], EON, ELO, WONDER MAN/SIMON WIL, MASTER ELO, BLOOD BROTHERS"
BLOOD BROTHERS,"TANAKA, KENJIRO, QUASAR III/WENDELL V, MAKKARI/MIKE KHARY/I, MOONDRAGON/HEATHER D, REJECT/RAN-SAK [DEVI, BALLANTINE, KAYLA, KRO [DEVIANT], EON, ELO, TUTINAX, WONDER MAN/SIMON WIL, MASTER ELO"
ELO,"TANAKA, KENJIRO, QUASAR III/WENDELL V, MAKKARI/MIKE KHARY/I, MOONDRAGON/HEATHER D, REJECT/RAN-SAK [DEVI, BALLANTINE, KAYLA, KRO [DEVIANT], EON, TUTINAX, WONDER MAN/SIMON WIL, MASTER ELO, BLOOD BROTHERS"
SUNDOWN/DR. DAVE LOW,"MR. FANTASTIC/REED R, IRON MAN/TONY STARK , GREEN GOBLIN/NORMAN , OSBORN, LIZ ALLAN, DR. STRANGE/STEPHEN , DAREDEVIL/MATT MURDO, PARKER, MAY, SUB-MARINER/NAMOR MA, HULK/DR. ROBERT BRUC, WASP/JANET VAN DYNE , HUMAN TORCH/JOHNNY S, MCKEEVER, TINY, ANGEL/WARREN KENNETH, CAPTAIN AMERICA, MARVEL GIRL/JEAN GRE, ANT-MAN/DR. HENRY J., ICEMAN/ROBERT BOBBY , WONG, JAMESON, J. JONAH, IONELLO, JASON, LEEDS, BETTY BRANT, THOMPSON, EUGENE FLA, INVISIBLE WOMAN/SUE , THING/BENJAMIN J. GR, BEAST/HENRY &HANK& P, CYCLOPS/SCOTT SUMMER, SPIDER-MAN/PETER PAR, HOGAN, HAROLD J. HAP, THOR/DR. DONALD BLAK"
VANISHER,"STORM/ORORO MUNROE S, WOLVERINE/LOGAN , CYCLOPS/SCOTT SUMMER, COLOSSUS II/PETER RA, NIGHTCRAWLER/KURT WA"
"D'ANGELO, LIEUTENANT","ICEMAN/ROBERT BOBBY , WASP/JANET VAN DYNE , ANT-MAN/DR. HENRY J."
NOVA II/FRANKIE RAYE,"STARFOX/EROS, MR. FANTASTIC/REED R, GRIMM, JAKE, GALACTUS/GALAN, OBLITERATOR [ELDER], MASTERS, ALICIA REIS, SILVER SURFER/NORRIN, WASP/JANET VAN DYNE , HUMAN TORCH/JOHNNY S, ANELLE, CAPTAIN AMERICA, VISION , ANNIHILUS, CONTEMPLATOR/TATH KI, SCARLET WITCH/WANDA , INVISIBLE WOMAN/SUE , THING/BENJAMIN J. GR, SHALLA BAL II, SHE-HULK/JENNIFER WA, DEATH, RICHARDS, FRANKLIN B, CAPTAIN MARVEL II/MO, THOR/DR. DONALD BLAK"
OBLITERATOR [ELDER],"SILVER SURFER/NORRIN, CONTEMPLATOR/TATH KI, NOVA II/FRANKIE RAYE, SHALLA BAL II"
SHALLA BAL II,"SUPREME INTELLIGENCE, RONAN THE ACCUSER [K, SUPER SKRULL/KL'RT, SILVER SURFER/NORRIN, MIDNIGHT/M'NAI, EMPRESS S'BYLL [SKRU, REPTYL, OBLITERATOR [ELDER], STRANGER, NOVA II/FRANKIE RAYE, CONTEMPLATOR/TATH KI"
CONTEMPLATOR/TATH KI,"SUPREME INTELLIGENCE, SUPER SKRULL/KL'RT, SILVER SURFER/NORRIN, SHALLA BAL II, MIDNIGHT/M'NAI, REPTYL, EMPRESS S'BYLL [SKRU, OBLITERATOR [ELDER], STRANGER, NOVA II/FRANKIE RAYE"
BOUNTY II,"BLOODY MARY, BLACK CAT/FELICIA HA, SPIDER-MAN/PETER PAR, HYDROMAN/MORRIE BENC, ANDERSON, BAXTER"
BLOODY MARY,"BLACK CAT/FELICIA HA, SPIDER-MAN/PETER PAR, BOUNTY II, HYDROMAN/MORRIE BENC, ANDERSON, BAXTER"
"ANDERSON, BAXTER","BLOODY MARY, BLACK CAT/FELICIA HA, SPIDER-MAN/PETER PAR, BOUNTY II, HYDROMAN/MORRIE BENC"
SUPER SKRULL/KL'RT,"SUPREME INTELLIGENCE, RONAN THE ACCUSER [K, SILVER SURFER/NORRIN, SHALLA BAL II, REPTYL, EMPRESS S'BYLL [SKRU, STRANGER, CONTEMPLATOR/TATH KI"
REPTYL,"SUPREME INTELLIGENCE, SUPER SKRULL/KL'RT, SILVER SURFER/NORRIN, SHALLA BAL II, MIDNIGHT/M'NAI, EMPRESS S'BYLL [SKRU, STRANGER, CONTEMPLATOR/TATH KI"
EMPRESS S'BYLL [SKRU,"SUPREME INTELLIGENCE, RONAN THE ACCUSER [K, SUPER SKRULL/KL'RT, SILVER SURFER/NORRIN, SHALLA BAL II, MIDNIGHT/M'NAI, REPTYL, STRANGER, CONTEMPLATOR/TATH KI"
RONAN THE ACCUSER [K,"SHALLA BAL II, SILVER SURFER/NORRIN, SUPER SKRULL/KL'RT, EMPRESS S'BYLL [SKRU"
MIDNIGHT/M'NAI,"SUPREME INTELLIGENCE, SHALLA BAL II, SILVER SURFER/NORRIN, REPTYL, EMPRESS S'BYLL [SKRU, STRANGER, CONTEMPLATOR/TATH KI"
SUPREME INTELLIGENCE,"SUPER SKRULL/KL'RT, SHALLA BAL II, SILVER SURFER/NORRIN, MIDNIGHT/M'NAI, REPTYL, EMPRESS S'BYLL [SKRU, STRANGER, CONTEMPLATOR/TATH KI"
"SWITZLER, BEVERLY",HOWARD THE DUCK
HOWARD THE DUCK,"SWITZLER, BEVERLY"
"HUNTER, LANCE","BRADDOCK, JAMES JR. , RED SKULL/JOHANN SCH, CALLAGHAN, JAMES, CAPTAIN BRITAIN/BRIA, FURY, COL. NICHOLAS , PSYLOCKE/ELISABETH B, CAPTAIN AMERICA"
"BRADDOCK, JAMES JR. ","RED SKULL/JOHANN SCH, CALLAGHAN, JAMES, CAPTAIN BRITAIN/BRIA, HUNTER, LANCE, DR. SYNNE, FURY, COL. NICHOLAS , PSYLOCKE/ELISABETH B, CAPTAIN AMERICA"
"CALLAGHAN, JAMES","BRADDOCK, JAMES JR. , RED SKULL/JOHANN SCH, HUNTER, LANCE, PSYLOCKE/ELISABETH B, FURY, COL. NICHOLAS , CAPTAIN BRITAIN/BRIA, CAPTAIN AMERICA"
DR. SYNNE,"BRADDOCK, JAMES JR. , FRASER, DET. KATE, CAPTAIN BRITAIN/BRIA, PSYLOCKE/ELISABETH B, TANNER, JACKO, ROSS, COURTNEY"
"ROSS, COURTNEY","FRASER, DET. KATE, CAPTAIN BRITAIN/BRIA, TANNER, JACKO, DR. SYNNE, PSYLOCKE/ELISABETH B"
"FRASER, DET. KATE","CAPTAIN BRITAIN/BRIA, ROSS, COURTNEY, TANNER, JACKO, DR. SYNNE, PSYLOCKE/ELISABETH B"
"TANNER, JACKO","FRASER, DET. KATE, CAPTAIN BRITAIN/BRIA, ROSS, COURTNEY, DR. SYNNE, PSYLOCKE/ELISABETH B"
BOOMERANG/FRED MYERS,"SUB-MARINER/NAMOR MA, HULK/DR. ROBERT BRUC, TALBOT, GLENN, ROSS, GEN. THADDEUS , BANNER, BETTY ROSS T, JONES, RICHARD MILHO"
"JONES, RICHARD MILHO","SUB-MARINER/NAMOR MA, HULK/DR. ROBERT BRUC, TALBOT, GLENN, BANNER, BETTY ROSS T, ROSS, GEN. THADDEUS , BOOMERANG/FRED MYERS"
"TALBOT, GLENN","SUB-MARINER/NAMOR MA, HULK/DR. ROBERT BRUC, BANNER, BETTY ROSS T, ROSS, GEN. THADDEUS , JONES, RICHARD MILHO, BOOMERANG/FRED MYERS"
MAD VIKING/KNUT CAIN,"HULK/DR. ROBERT BRUC, WASP/JANET VAN DYNE , ANT-MAN/DR. HENRY J., LOKI [ASGARDIAN], DELPHI"
DELPHI,"HULK/DR. ROBERT BRUC, WASP/JANET VAN DYNE , ANT-MAN/DR. HENRY J., MAD VIKING/KNUT CAIN, LOKI [ASGARDIAN]"
ANNIHILUS,"INVISIBLE WOMAN/SUE , STARFOX/EROS, THING/BENJAMIN J. GR, MR. FANTASTIC/REED R, CAPTAIN AMERICA, WASP/JANET VAN DYNE , SHE-HULK/JENNIFER WA, DAREDEVIL/MATT MURDO, GALACTUS/GALAN, HUMAN TORCH/JOHNNY S, RICHARDS, FRANKLIN B, MASTERS, ALICIA REIS, NOVA II/FRANKIE RAYE, VISION , CAPTAIN MARVEL II/MO, SCARLET WITCH/WANDA , THOR/DR. DONALD BLAK"
"LEEDS, NED","MR. FANTASTIC/REED R, DR. OCTOPUS/OTTO OCT, IRON MAN/TONY STARK , GREEN GOBLIN/NORMAN , VULTURE/ADRIAN TOOME, OSBORN, LIZ ALLAN, SANDMAN/WILLIAM BAKE, DAREDEVIL/MATT MURDO, PARKER, MAY, WASP/JANET VAN DYNE , HUMAN TORCH/JOHNNY S, WATSON, ANNA, CAPTAIN AMERICA, BROMWELL, DR., ANT-MAN/DR. HENRY J., JAMESON, J. JONAH, LEEDS, BETTY BRANT, THOMPSON, EUGENE FLA, INVISIBLE WOMAN/SUE , THING/BENJAMIN J. GR, SPIDER-MAN/PETER PAR, KRAVEN THE HUNTER/SE, THOR/DR. DONALD BLAK"
"BROMWELL, DR.","MR. FANTASTIC/REED R, DR. OCTOPUS/OTTO OCT, IRON MAN/TONY STARK , GREEN GOBLIN/NORMAN , VULTURE/ADRIAN TOOME, OSBORN, LIZ ALLAN, SANDMAN/WILLIAM BAKE, DAREDEVIL/MATT MURDO, PARKER, MAY, WASP/JANET VAN DYNE , HUMAN TORCH/JOHNNY S, WATSON, ANNA, CAPTAIN AMERICA, ANT-MAN/DR. HENRY J., LEEDS, NED, JAMESON, J. JONAH, LEEDS, BETTY BRANT, INVISIBLE WOMAN/SUE , THOMPSON, EUGENE FLA, THING/BENJAMIN J. GR, SPIDER-MAN/PETER PAR, KRAVEN THE HUNTER/SE, THOR/DR. DONALD BLAK"
"ROSENTHAL, BERNIE","INVISIBLE WOMAN/SUE , THING/BENJAMIN J. GR, MR. FANTASTIC/REED R, HUMAN TORCH/JOHNNY S, SPIDER-MAN/PETER PAR, RICHARDS, FRANKLIN B, MASTERS, ALICIA REIS, GLADIATOR II, CAPTAIN AMERICA"
ANELLE,"INVISIBLE WOMAN/SUE , THING/BENJAMIN J. GR, MR. FANTASTIC/REED R, GRIMM, JAKE, GALACTUS/GALAN, HUMAN TORCH/JOHNNY S, DEATH, RICHARDS, FRANKLIN B, NOVA II/FRANKIE RAYE, VISION , SCARLET WITCH/WANDA "
"GRIMM, JAKE","INVISIBLE WOMAN/SUE , THING/BENJAMIN J. GR, MR. FANTASTIC/REED R, GALACTUS/GALAN, HUMAN TORCH/JOHNNY S, DEATH, RICHARDS, FRANKLIN B, NOVA II/FRANKIE RAYE, ANELLE, VISION , SCARLET WITCH/WANDA "
MYSTERIO/QUENTIN BEC,"THOMPSON, EUGENE FLA, PARKER, MAY, SPIDER-MAN/PETER PAR, LEEDS, BETTY BRANT, OSBORN, LIZ ALLAN, JAMESON, J. JONAH"
BIG MAN/FREDERICK FO,"THOMPSON, EUGENE FLA, PARKER, MAY, OX, MONTANA, JAMESON, J. JONAH, SPIDER-MAN/PETER PAR, OSBORN, LIZ ALLAN, LEEDS, BETTY BRANT, FANCY DAN"
FANCY DAN,"THOMPSON, EUGENE FLA, PARKER, MAY, OX, HULK/DR. ROBERT BRUC, MONTANA, BIG MAN/FREDERICK FO, JAMESON, J. JONAH, SPIDER-MAN/PETER PAR, GREEN GOBLIN/NORMAN , OSBORN, LIZ ALLAN, LEEDS, BETTY BRANT"
MONTANA,"THOMPSON, EUGENE FLA, PARKER, MAY, OX, HULK/DR. ROBERT BRUC, BIG MAN/FREDERICK FO, JAMESON, J. JONAH, SPIDER-MAN/PETER PAR, GREEN GOBLIN/NORMAN , OSBORN, LIZ ALLAN, LEEDS, BETTY BRANT, FANCY DAN"
OX,"THOMPSON, EUGENE FLA, PARKER, MAY, HULK/DR. ROBERT BRUC, MONTANA, BIG MAN/FREDERICK FO, SPIDER-MAN/PETER PAR, JAMESON, J. JONAH, GREEN GOBLIN/NORMAN , OSBORN, LIZ ALLAN, LEEDS, BETTY BRANT, FANCY DAN"
TERRAX II/TYROS,"ZARRKO, ARTHUR, DR. DOOM/VICTOR VON , IRON MAN/TONY STARK , KRISTOFF/KRISTOFF VE, CAPTAIN AMERICA"
"ZARRKO, ARTHUR","DR. DOOM/VICTOR VON , IRON MAN/TONY STARK , TERRAX II/TYROS, KRISTOFF/KRISTOFF VE, CAPTAIN AMERICA"
CANNONBALL/JACK PULV,"PARKER, MAY, PAGE, KAREN, GAMBONNO, LUIGI, DAREDEVIL/MATT MURDO, RINGMASTER/MAYNARD T, SPIDER-MAN/PETER PAR, NELSON, FRANKLIN FOG, BRUTO THE STRONGMAN/, JAMESON, J. JONAH, LEEDS, BETTY BRANT, GAMBONNO, ERNESTO"
"GAMBONNO, ERNESTO","PARKER, MAY, PAGE, KAREN, GAMBONNO, LUIGI, RINGMASTER/MAYNARD T, SPIDER-MAN/PETER PAR, CANNONBALL/JACK PULV, NELSON, FRANKLIN FOG, BRUTO THE STRONGMAN/, JAMESON, J. JONAH, LEEDS, BETTY BRANT, DAREDEVIL/MATT MURDO"
"PAGE, KAREN","PARKER, MAY, GAMBONNO, ERNESTO, GAMBONNO, LUIGI, RINGMASTER/MAYNARD T, SPIDER-MAN/PETER PAR, CANNONBALL/JACK PULV, NELSON, FRANKLIN FOG, BRUTO THE STRONGMAN/, JAMESON, J. JONAH, LEEDS, BETTY BRANT, DAREDEVIL/MATT MURDO"
BRUTO THE STRONGMAN/,"PARKER, MAY, GAMBONNO, ERNESTO, PAGE, KAREN, GAMBONNO, LUIGI, RINGMASTER/MAYNARD T, SPIDER-MAN/PETER PAR, CANNONBALL/JACK PULV, NELSON, FRANKLIN FOG, JAMESON, J. JONAH, LEEDS, BETTY BRANT, DAREDEVIL/MATT MURDO"
RINGMASTER/MAYNARD T,"PARKER, MAY, GAMBONNO, ERNESTO, PAGE, KAREN, GAMBONNO, LUIGI, SPIDER-MAN/PETER PAR, CANNONBALL/JACK PULV, NELSON, FRANKLIN FOG, BRUTO THE STRONGMAN/, JAMESON, J. JONAH, LEEDS, BETTY BRANT, DAREDEVIL/MATT MURDO"
"GAMBONNO, LUIGI","PARKER, MAY, PAGE, KAREN, DAREDEVIL/MATT MURDO, RINGMASTER/MAYNARD T, SPIDER-MAN/PETER PAR, CANNONBALL/JACK PULV, NELSON, FRANKLIN FOG, BRUTO THE STRONGMAN/, JAMESON, J. JONAH, LEEDS, BETTY BRANT, GAMBONNO, ERNESTO"
"NELSON, FRANKLIN FOG","PARKER, MAY, PAGE, KAREN, GAMBONNO, LUIGI, DAREDEVIL/MATT MURDO, RINGMASTER/MAYNARD T, SPIDER-MAN/PETER PAR, CANNONBALL/JACK PULV, BRUTO THE STRONGMAN/, JAMESON, J. JONAH, LEEDS, BETTY BRANT, GAMBONNO, ERNESTO"
"EVANS, DORIS","THOMPSON, EUGENE FLA, PARKER, MAY, OSBORN, LIZ ALLAN, SPIDER-MAN/PETER PAR, HUMAN TORCH/JOHNNY S, GREEN GOBLIN/NORMAN , JAMESON, J. JONAH, LEEDS, BETTY BRANT"
"WARREN, MR.","THOMPSON, EUGENE FLA, PARKER, MAY, OSBORN, LIZ ALLAN, SPIDER-MAN/PETER PAR, KRAVEN THE HUNTER/SE, JAMESON, J. JONAH, CHAMELEON/DMITRI SME, WATSON, ANNA, LEEDS, BETTY BRANT"
CHAMELEON/DMITRI SME,"THOMPSON, EUGENE FLA, PARKER, MAY, WARREN, MR., WATSON, ANNA, OSBORN, LIZ ALLAN, SPIDER-MAN/PETER PAR, KRAVEN THE HUNTER/SE, JAMESON, J. JONAH, LEEDS, BETTY BRANT"
SHADOWCAT/KATHERINE ,"KNIGHT ERRANT/MATSON, CAPTAIN BRITAIN/BRIA, ICON/DR. U'MBAYA A'K, THOMAS, COMMANDER DA, MEGGAN, IRON MAN IV/JAMES R., CERISE II [SHI'AR], LOCKHEED, BLACK PANTHER/T'CHAL, NIGHTCRAWLER/KURT WA, CAPTAIN AMERICA"
LOCKHEED,"SHADOWCAT/KATHERINE , KNIGHT ERRANT/MATSON, THOMAS, COMMANDER DA, ICON/DR. U'MBAYA A'K, MEGGAN, CERISE II [SHI'AR], IRON MAN IV/JAMES R., BLACK PANTHER/T'CHAL, CAPTAIN BRITAIN/BRIA, NIGHTCRAWLER/KURT WA, CAPTAIN AMERICA"
KNIGHT ERRANT/MATSON,"SHADOWCAT/KATHERINE , THOMAS, COMMANDER DA, ICON/DR. U'MBAYA A'K, MEGGAN, CERISE II [SHI'AR], IRON MAN IV/JAMES R., BLACK PANTHER/T'CHAL, LOCKHEED, CAPTAIN BRITAIN/BRIA, NIGHTCRAWLER/KURT WA, CAPTAIN AMERICA"
ICON/DR. U'MBAYA A'K,"SHADOWCAT/KATHERINE , KNIGHT ERRANT/MATSON, THOMAS, COMMANDER DA, MEGGAN, CERISE II [SHI'AR], IRON MAN IV/JAMES R., BLACK PANTHER/T'CHAL, LOCKHEED, CAPTAIN BRITAIN/BRIA, NIGHTCRAWLER/KURT WA, CAPTAIN AMERICA"
"THOMAS, COMMANDER DA","SHADOWCAT/KATHERINE , KNIGHT ERRANT/MATSON, ICON/DR. U'MBAYA A'K, MEGGAN, CERISE II [SHI'AR], IRON MAN IV/JAMES R., BLACK PANTHER/T'CHAL, LOCKHEED, CAPTAIN BRITAIN/BRIA, NIGHTCRAWLER/KURT WA, CAPTAIN AMERICA"
CERISE II [SHI'AR],"SHADOWCAT/KATHERINE , KNIGHT ERRANT/MATSON, ICON/DR. U'MBAYA A'K, THOMAS, COMMANDER DA, MEGGAN, IRON MAN IV/JAMES R., BLACK PANTHER/T'CHAL, LOCKHEED, CAPTAIN BRITAIN/BRIA, NIGHTCRAWLER/KURT WA, CAPTAIN AMERICA"
AHAB/RORY CAMPBELL,SHADOWCAT 2013
SHADOWCAT 2013,AHAB/RORY CAMPBELL
MANIPULATOR/,"JARVIS, EDWIN , BEAST/HENRY &HANK& P, WASP/JANET VAN DYNE , WONDER MAN/SIMON WIL, CAPTAIN AMERICA"
STINGER II/,"JARVIS, EDWIN , BEAST/HENRY &HANK& P, IRON MAN/TONY STARK , CAPTAIN AMERICA, WASP/JANET VAN DYNE , ANT-MAN/DR. HENRY J., VISION , WONDER MAN/SIMON WIL, BLACK PANTHER/T'CHAL, SCARLET WITCH/WANDA , THOR/DR. DONALD BLAK"
"DUGAN, TIMOTHY ALOYI","CARTER, SHARON, NIGHTMARE/EDVARD HAB, CAPTAIN AMERICA"
"RAMIREZ, ALMA","CARTER, SHARON, RAMIREZ, MARTA, RAMIREZ, LUIS, RAMIREZ, JAVIER, IRON MAN IV/JAMES R., RAMIREZ, ROSA, BOLT, COUNCILMAN AND, OXNARD, PHIL, GENUARDI, MR., CAPTAIN AMERICA"
"GENUARDI, MR.","RAMIREZ, ALMA, RAMIREZ, ROSA"
"RAMIREZ, LUIS","RAMIREZ, ALMA, RAMIREZ, ROSA"
"RAMIREZ, MARTA","RAMIREZ, ALMA, RAMIREZ, ROSA"
"BOLT, COUNCILMAN AND","RAMIREZ, ALMA"
"OXNARD, PHIL","RAMIREZ, ALMA"
"RAMIREZ, ROSA","RAMIREZ, ALMA, RAMIREZ, MARTA, RAMIREZ, JAVIER, RAMIREZ, LUIS, GENUARDI, MR."
