Id,MSSubClass,LotFrontage,LotArea,Street,LotShape,LandContour,Utilities,LotConfig,LandSlope,Condition1,Condition2,HouseStyle,OverallQual,OverallCond,YearBuilt,YearRemodAdd,RoofStyle,RoofMatl,Exterior1st,MasVnrArea,ExterQual,ExterCond,Foundation,BsmtFinSF1,BsmtFinSF2,BsmtUnfSF,TotalBsmtSF,Heating,HeatingQC,CentralAir,1stFlrSF,2ndFlrSF,LowQualFinSF,GrLivArea,BsmtFullBath,BsmtHalfBath,FullBath,HalfBath,BedroomAbvGr,KitchenAbvGr,KitchenQual,TotRmsAbvGrd,Functional,Fireplaces,GarageYrBlt,GarageCars,GarageArea,PavedDrive,WoodDeckSF,OpenPorchSF,EnclosedPorch,3SsnPorch,ScreenPorch,PoolArea,MiscVal,MoSold,YrSold,SaleType,SaleCondition,SalePrice,LotFrontagenan,MasVnrAreanan,GarageYrBltnan
1,60,4.174387269895637,9.041921720351219,2,1,1,1,1,1,3,3,4,7,5,5,5,2,2,15,196.0,2,3,3,706,0,150,856,2,1,2,6.752270376141742,854,0,7.444248649496705,1,0,2,1,3,1,2,8,1,0,5.0,2,548,1,0,61,0,0,0,0,0,2,2008,1,1,12.247694320220994,0,0,0
2,20,4.382026634673881,9.169518377455928,2,1,1,1,4,1,2,3,1,6,8,31,31,2,2,9,0.0,3,3,2,978,0,284,1262,2,1,2,7.140453043101158,0,0,7.140453043101158,0,1,2,0,3,1,3,6,1,1,31.0,2,460,1,298,0,0,0,0,0,0,5,2007,1,1,12.109010932687042,0,0,0
3,60,4.219507705176107,9.328123407632566,2,2,1,1,1,1,3,3,4,7,5,7,6,2,2,15,162.0,2,3,3,486,0,434,920,2,1,2,6.824373670043086,866,0,7.487733761436444,1,0,2,1,3,1,2,6,1,1,7.0,2,608,1,0,42,0,0,0,0,0,9,2008,1,1,12.31716669303576,0,0,0
4,70,4.0943445622221,9.164296433474776,2,2,1,1,2,1,3,3,4,7,5,91,36,2,2,16,0.0,3,3,1,216,0,540,756,2,2,2,6.8679744089702925,756,0,7.448333860897476,1,0,1,0,3,1,2,7,1,1,8.0,3,642,1,0,35,272,0,0,0,0,2,2006,1,2,11.84939770159144,0,0,0
5,60,4.430816798843313,9.565213693968287,2,2,1,1,4,1,3,3,4,8,5,8,8,2,2,15,350.0,2,3,3,655,0,490,1145,2,1,2,7.0431599159883405,1053,0,7.6953031349635665,1,0,2,1,4,1,2,9,1,1,8.0,3,836,1,192,84,0,0,0,0,0,12,2008,1,1,12.429216196844383,0,0,0
6,50,4.442651256490317,9.55499334068759,2,2,1,1,1,1,3,3,2,5,5,16,14,2,2,15,0.0,3,3,6,732,0,64,796,2,1,2,6.679599185844383,566,0,7.216709486709457,1,0,1,1,1,1,3,5,1,0,16.0,2,480,1,40,30,0,320,0,0,700,10,2009,1,1,11.870599909242044,0,0,0
7,20,4.31748811353631,9.218705288307811,2,1,1,1,1,1,3,3,1,8,5,3,2,2,2,15,186.0,2,3,3,1369,0,317,1686,2,1,2,7.434847875211999,0,0,7.434847875211999,1,0,2,0,3,1,2,7,1,1,3.0,2,636,1,255,57,0,0,0,0,0,8,2007,1,1,12.634603026569334,0,0,0
8,60,4.23410650459726,9.247828816387175,2,2,1,1,2,1,6,3,4,7,6,36,36,2,2,7,240.0,3,3,2,859,32,216,1107,2,1,2,7.009408932708637,983,0,7.644919344958857,1,0,2,1,3,1,3,7,1,2,36.0,2,484,1,235,204,228,0,0,0,350,11,2009,1,1,12.206072645530174,1,0,0
9,50,3.9318256327243257,8.719317375506371,2,1,1,1,1,1,1,3,2,7,5,77,58,2,2,4,0.0,3,3,1,0,0,952,952,2,2,2,6.92951677076365,752,0,7.480992162869525,0,0,2,0,2,2,3,8,2,2,77.0,2,468,1,90,0,205,0,0,0,0,4,2008,1,2,11.77452020265869,0,0,0
10,190,3.912023005428146,8.911934336161426,2,1,1,1,2,1,1,1,3,5,6,69,58,2,2,9,0.0,3,3,1,851,0,140,991,2,1,2,6.981934677156389,0,0,6.981934677156389,1,0,1,0,2,2,3,5,1,2,69.0,1,205,1,0,4,0,0,0,0,0,1,2008,1,1,11.678439903447801,0,0,0
11,20,4.248495242049359,9.323669057283185,2,1,1,1,1,1,3,3,1,5,5,43,43,4,2,7,0.0,3,3,2,906,0,134,1040,2,1,2,6.946975992135418,0,0,6.946975992135418,1,0,1,0,3,1,3,5,1,0,43.0,1,384,1,0,0,0,0,0,0,0,2,2008,1,1,11.771436160121729,0,0,0
12,60,4.442651256490317,9.386308454797962,2,2,1,1,1,1,3,3,4,9,5,1,0,4,2,17,286.0,1,3,3,998,0,177,1175,2,1,2,7.074963197966044,1142,0,7.751045117971802,1,0,3,0,4,1,1,11,1,2,1.0,3,736,1,147,21,0,0,0,0,0,7,2006,4,6,12.751299696013497,0,0,0
13,20,4.23410650459726,9.470240063415512,2,3,1,1,1,1,3,3,1,5,6,46,46,4,2,7,0.0,3,3,2,737,0,175,912,2,3,2,6.815639990074331,0,0,6.815639990074331,1,0,1,0,2,1,3,4,1,0,46.0,1,352,1,140,0,0,0,176,0,0,9,2008,1,1,11.877568578558138,1,0,0
14,20,4.51085950651685,9.273502946933823,2,2,1,1,1,1,3,3,1,7,5,1,0,2,2,15,306.0,2,3,3,0,0,1494,1494,2,1,2,7.309212365692763,0,0,7.309212365692763,0,0,2,0,3,1,2,7,1,1,1.0,3,840,1,160,33,0,0,0,0,0,8,2007,4,6,12.540757571577291,0,0,0
15,20,4.23410650459726,9.298351249298896,2,2,1,1,2,1,3,3,1,6,5,48,48,4,2,9,212.0,3,3,2,733,0,520,1253,2,3,2,7.133295954896068,0,0,7.133295954896068,1,0,1,1,2,1,3,5,1,1,48.0,1,352,1,0,213,176,0,0,0,0,5,2008,1,1,11.964001084330445,1,0,0
16,45,3.9318256327243257,8.719317375506371,2,1,1,1,2,1,3,3,3,7,8,78,6,2,2,16,0.0,3,3,1,0,0,832,832,2,1,2,6.74993119378857,0,0,6.74993119378857,0,0,1,0,2,1,3,5,1,0,16.0,2,576,1,48,112,0,0,0,0,0,7,2007,1,1,11.790557201568507,0,0,0
17,20,4.23410650459726,9.327323087461798,2,2,1,1,3,1,3,3,1,6,7,40,40,2,2,16,180.0,3,3,2,578,0,426,1004,2,1,2,6.911747300251674,0,0,6.911747300251674,1,0,1,0,2,1,3,5,1,1,40.0,2,480,1,0,0,0,0,0,0,700,3,2010,1,1,11.911701584927597,1,0,0
18,90,4.276666119016055,9.286467732363734,2,1,1,1,1,1,3,3,1,4,5,39,39,2,2,9,0.0,3,3,4,0,0,0,0,2,3,2,7.16703787691222,0,0,7.16703787691222,0,0,2,0,2,2,3,6,1,0,39.0,2,516,1,0,0,0,0,0,0,500,10,2006,1,1,11.407564949312402,0,0,0
19,20,4.189654742026425,9.524786081697178,2,1,1,1,1,1,9,3,1,5,5,4,4,2,2,15,0.0,3,3,3,646,0,468,1114,2,1,2,7.01571242048723,0,0,7.01571242048723,1,0,1,1,3,1,2,6,1,0,4.0,2,576,1,0,102,0,0,0,0,0,6,2008,1,1,11.976659481202368,0,0,0
20,20,4.248495242049359,8.930626469173578,2,1,1,1,1,1,3,3,1,5,6,51,44,4,2,4,0.0,3,3,2,504,0,525,1029,2,3,2,7.199678345691172,0,0,7.199678345691172,0,0,1,0,3,1,3,6,2,0,51.0,1,294,1,0,0,0,0,0,0,0,5,2009,5,2,11.842229212112828,0,0,0
21,60,4.61512051684126,9.5620530240851,2,2,1,1,2,1,3,3,4,8,5,1,0,2,2,15,380.0,2,3,3,0,0,1158,1158,2,1,2,7.05444965813294,1218,0,7.773173680482536,0,0,3,1,4,1,2,9,1,1,1.0,3,853,1,240,154,0,0,0,0,0,11,2006,4,6,12.692503112461443,0,0,0
22,45,4.04305126783455,8.915835074176277,2,1,2,1,1,1,3,3,3,7,7,77,57,2,2,16,0.0,3,3,3,0,0,637,637,2,1,2,7.010311867307229,0,0,7.010311867307229,0,0,1,0,3,1,2,6,1,1,77.0,1,280,3,0,0,205,0,0,0,0,6,2007,1,1,11.845102777308561,0,0,0
23,20,4.31748811353631,9.184201714366488,2,1,1,1,1,1,3,3,1,8,5,6,6,4,2,15,281.0,2,3,3,0,0,1777,1777,2,1,2,7.492760300922379,0,0,7.492760300922379,0,0,2,0,3,1,2,7,1,1,6.0,2,534,1,171,159,0,0,0,0,0,9,2008,1,1,12.345834587905333,0,0,0
24,120,3.784189633918261,8.348537825386098,2,1,1,1,1,1,3,3,1,5,7,31,31,2,2,6,0.0,3,3,3,840,0,200,1040,2,3,2,6.966024187106113,0,0,6.966024187106113,1,0,1,0,3,1,3,6,1,1,31.0,2,572,1,100,110,0,0,0,0,0,6,2007,1,1,11.77452020265869,0,0,0
25,20,4.23410650459726,9.017483513266844,2,2,1,1,1,1,3,3,1,5,8,42,9,2,2,11,0.0,3,2,2,188,668,204,1060,2,1,2,6.966024187106113,0,0,6.966024187106113,1,0,1,0,3,1,2,6,1,1,42.0,1,270,1,406,90,0,0,0,0,0,5,2010,1,1,11.944707881395766,1,0,0
26,20,4.700480365792417,9.563107691083898,2,1,1,1,2,1,3,3,1,8,5,2,2,2,2,15,640.0,2,3,3,0,0,1566,1566,2,1,2,7.3777589082278725,0,0,7.3777589082278725,0,0,2,0,3,1,2,7,1,1,2.0,3,890,1,0,56,0,0,0,0,0,7,2009,1,1,12.454103912352162,0,0,0
27,20,4.0943445622221,8.881836305004146,2,1,1,1,2,1,3,3,1,5,7,59,10,2,2,16,0.0,3,3,2,234,486,180,900,2,3,2,6.802394763324311,0,0,6.802394763324311,0,1,1,0,3,1,2,5,1,0,5.0,2,576,1,222,32,0,0,0,0,0,5,2010,1,1,11.811547477460344,0,0,0
28,20,4.584967478670572,9.348187438668308,2,1,1,1,1,1,3,3,1,8,5,3,2,2,2,15,200.0,2,3,3,1218,0,486,1704,2,1,2,7.440733707389261,0,0,7.440733707389261,1,0,2,0,3,1,2,7,1,1,2.0,3,772,1,0,50,0,0,0,0,0,5,2010,1,1,12.631340380934517,0,0,0
29,20,3.8501476017100584,9.700207901150696,2,2,1,1,3,1,3,3,1,5,6,49,9,2,2,9,0.0,3,3,2,1277,0,207,1484,2,3,2,7.3777589082278725,0,0,7.3777589082278725,1,0,1,0,2,1,3,6,1,2,49.0,1,319,1,288,258,0,0,0,0,0,12,2006,1,1,12.24288661865289,0,0,0
30,30,4.0943445622221,8.752107198329362,2,2,1,1,1,1,2,4,1,4,6,81,58,2,2,9,0.0,3,3,1,0,0,520,520,2,4,1,6.253828811575473,0,0,6.253828811575473,0,0,1,0,1,1,4,4,1,0,88.0,1,240,1,49,0,87,0,0,0,0,5,2008,1,1,11.134589024250317,0,0,0
31,70,3.912023005428146,9.047821442478408,2,1,1,1,1,1,2,3,4,4,4,88,58,3,2,4,0.0,3,4,1,0,0,649,649,2,3,1,6.47543271670409,668,0,7.183111701743281,0,0,1,0,3,1,3,6,1,0,88.0,1,250,3,0,54,172,0,0,0,0,7,2008,1,1,10.596634733096073,0,0,0
32,20,4.23410650459726,9.052984561199976,2,2,1,1,3,1,3,3,1,5,6,42,2,2,2,7,0.0,3,3,2,0,0,1228,1228,2,2,2,7.113142108707088,0,0,7.113142108707088,0,0,1,1,3,1,2,6,1,0,42.0,1,271,1,0,65,0,0,0,0,0,6,2008,1,1,11.914047823644255,1,0,0
33,20,4.442651256490317,9.310095205113175,2,1,1,1,2,1,3,3,1,8,5,1,1,2,2,15,0.0,2,3,3,0,0,1234,1234,2,1,2,7.1180162044653335,0,0,7.1180162044653335,0,0,2,0,3,1,2,7,1,0,1.0,2,484,1,0,30,0,0,0,0,0,1,2008,1,1,12.100156419938624,0,0,0
34,20,4.248495242049359,9.26407069439715,2,2,1,1,1,1,3,3,1,5,5,51,51,4,2,4,0.0,3,3,2,1018,0,380,1398,2,2,2,7.438383530044307,0,0,7.438383530044307,0,1,1,1,4,1,2,6,1,1,51.0,2,447,1,0,38,0,0,0,0,0,4,2010,1,1,12.016726473799254,0,0,0
35,120,4.0943445622221,8.89740886527095,2,1,1,1,1,1,3,3,1,9,5,2,2,4,2,9,246.0,1,3,3,1153,0,408,1561,2,1,2,7.353081920515432,0,0,7.353081920515432,1,0,2,0,2,1,1,6,1,1,2.0,2,556,1,203,47,0,0,0,0,0,8,2007,1,1,12.533576212168626,0,0,0
36,60,4.68213122712422,9.504352368122833,2,1,1,1,1,1,3,3,4,8,5,2,1,2,2,15,132.0,2,3,3,0,0,1117,1117,2,1,2,7.0317412587631285,1320,0,7.804659297056102,0,0,3,1,4,1,2,9,1,1,2.0,3,691,1,113,32,0,0,0,0,0,9,2006,1,1,12.641096555879882,0,0,0
37,20,4.718498871295094,9.2927495082169,2,1,1,1,2,1,3,3,1,5,5,15,14,2,2,15,0.0,3,3,3,0,0,1097,1097,2,1,2,7.00033446027523,0,0,7.00033446027523,0,0,1,1,3,1,3,6,1,0,14.0,2,672,1,392,64,0,0,0,0,0,6,2009,1,1,11.884489021402711,0,0,0
38,20,4.30406509320417,9.05157907959124,2,1,1,1,1,1,3,3,1,5,6,55,19,4,2,16,650.0,3,3,2,1213,0,84,1297,2,2,2,7.167809184316444,0,0,7.167809184316444,0,1,1,0,3,1,3,5,1,1,55.0,2,498,1,0,0,0,0,0,0,0,10,2009,1,1,11.938193200374572,0,0,0
39,20,4.219507705176107,8.977398978181862,2,1,1,1,1,1,3,3,1,5,7,57,3,2,2,15,0.0,3,2,2,731,0,326,1057,2,3,2,6.963189985870238,0,0,6.963189985870238,1,0,1,0,3,1,2,5,1,0,57.0,1,246,1,0,52,0,0,0,0,0,1,2010,1,2,11.59910316121128,0,0,0
40,90,4.174387269895637,8.706159290928861,2,1,1,1,1,1,3,3,1,4,5,53,53,2,2,1,0.0,3,3,3,0,0,0,0,2,3,1,7.049254841255837,0,0,7.049254841255837,0,0,2,0,2,2,4,6,1,0,28.0,0,0,3,0,0,0,0,0,0,0,6,2008,1,3,11.314474526246391,0,0,1
41,20,4.430816798843313,9.066239028001926,2,1,1,1,1,1,3,3,1,6,5,41,41,2,2,16,101.0,3,3,2,643,0,445,1088,2,1,2,7.188412736496954,0,0,7.188412736496954,0,0,2,0,3,1,3,6,1,1,41.0,2,440,1,0,138,0,0,0,0,0,12,2006,1,2,11.982929094215963,0,0,0
42,20,4.74493212836325,9.735364715141987,2,1,1,1,1,1,3,3,1,5,6,48,48,2,2,15,0.0,3,2,2,967,0,383,1350,2,2,2,7.191429330036379,0,0,7.191429330036379,0,1,1,1,2,1,3,5,1,2,48.0,1,308,2,0,104,0,0,0,0,0,7,2007,1,1,12.043553716032399,0,0,0
43,85,4.23410650459726,9.124782483614537,2,2,1,1,3,1,3,3,7,5,7,24,24,2,2,7,0.0,3,3,2,747,93,0,840,2,2,2,6.784457062637643,0,0,6.784457062637643,1,0,1,0,2,1,2,5,1,0,24.0,2,504,1,240,0,0,0,0,0,0,12,2007,1,1,11.877568578558138,1,0,0
44,20,4.23410650459726,9.126958763037132,2,2,1,1,3,1,3,3,1,5,6,33,28,4,2,15,0.0,3,3,2,280,491,167,938,2,3,2,6.843749949006225,0,0,6.843749949006225,1,0,1,0,3,1,3,5,1,0,31.0,1,308,1,145,0,0,0,0,0,0,7,2008,1,1,11.777210959615614,1,0,0
45,20,4.248495242049359,8.980298078970817,2,1,1,1,1,1,3,3,1,5,6,47,47,2,2,4,0.0,3,3,2,179,506,465,1150,2,1,2,7.047517221357296,0,0,7.047517221357296,1,0,1,0,3,1,3,6,1,0,47.0,1,300,1,0,0,0,0,0,0,0,5,2006,1,1,11.856515169360305,0,0,0
46,120,4.110873864173311,8.943506132037239,2,1,1,1,1,1,3,3,1,9,5,5,5,4,2,9,412.0,1,3,3,456,0,1296,1752,2,1,2,7.468513271496337,0,0,7.468513271496337,1,0,2,0,2,1,1,6,1,1,5.0,2,576,1,196,82,0,0,0,0,0,2,2010,1,1,12.675763725937609,0,0,0
47,50,3.871201010907891,9.458917724547202,2,2,1,1,3,1,3,3,2,7,5,6,6,2,2,15,0.0,2,3,3,1351,0,83,1434,2,1,2,7.325148957955575,631,0,7.67275789664251,1,0,1,1,1,1,2,6,1,1,6.0,2,670,1,168,43,0,0,198,0,0,8,2009,1,2,12.387085012375499,0,0,0
48,20,4.430816798843313,9.314339961994667,2,1,1,1,1,1,3,3,1,8,5,1,1,2,2,15,0.0,2,3,3,24,0,1632,1656,2,1,2,7.412160334945205,0,0,7.412160334945205,0,0,2,0,3,1,2,7,1,0,1.0,3,826,1,0,146,0,0,0,0,0,7,2007,1,1,12.428015476267865,0,0,0
49,190,3.4965075614664802,8.40200678160712,2,1,1,1,1,1,3,3,4,4,5,89,1,2,2,9,0.0,3,3,1,0,0,736,736,2,2,2,6.601230118728877,716,0,7.280697195384741,0,0,2,0,2,3,3,8,1,0,29.0,0,0,3,0,0,102,0,0,0,0,6,2009,4,6,11.635143097694478,0,0,1
50,20,4.189654742026425,8.954415331137593,2,1,1,1,1,1,3,3,1,5,7,41,41,2,2,7,0.0,3,3,2,763,0,192,955,2,1,2,6.86171134048073,0,0,6.86171134048073,1,0,1,0,3,1,3,6,1,0,41.0,1,386,1,0,0,0,0,0,0,0,1,2007,1,1,11.751942365440728,0,0,0
51,60,4.23410650459726,9.537411412656335,2,3,1,1,2,1,3,3,4,6,6,10,10,2,2,15,0.0,3,3,3,182,0,612,794,2,2,2,6.677083461247136,676,0,7.293017679772782,0,1,2,0,3,1,3,6,1,0,10.0,2,388,1,0,75,0,0,0,0,0,7,2007,1,1,12.083905011555967,1,0,0
52,50,3.9512437185814275,8.738735461363474,2,1,1,1,1,1,3,3,2,6,6,72,56,2,2,16,0.0,3,3,3,0,0,816,816,2,3,2,6.704414354964107,0,360,7.069874128458572,0,0,1,0,3,1,3,6,1,1,21.0,2,528,1,112,0,0,0,0,0,400,9,2006,1,1,11.648330101976432,0,0,0
53,90,4.700480365792417,9.044521887281242,1,3,2,1,2,2,4,3,1,5,5,47,47,2,2,16,0.0,4,3,2,104,712,0,816,2,3,1,6.704414354964107,0,0,6.704414354964107,1,0,1,0,2,1,3,5,1,0,47.0,2,516,1,106,0,0,0,0,0,0,5,2010,1,1,11.608235644774552,0,0,0
54,20,4.219507705176107,10.825183649068833,2,2,4,1,1,1,3,3,1,9,5,25,19,2,8,17,0.0,2,3,2,1810,0,32,1842,2,2,2,7.518607216815252,0,0,7.518607216815252,2,0,0,1,0,1,2,5,1,1,25.0,3,894,1,857,72,0,0,0,0,0,11,2006,1,1,12.86099861326992,0,0,0
55,80,4.0943445622221,8.872627365918836,2,1,2,1,1,2,3,3,8,5,5,52,52,2,2,9,0.0,3,3,2,384,0,0,384,2,3,2,7.215239978730097,0,0,7.215239978730097,0,0,1,0,3,1,3,6,2,1,45.0,2,572,1,0,50,0,0,0,0,0,2,2007,1,1,11.77528972943772,0,0,0
56,20,4.605170185988092,9.227689010310796,2,2,1,1,1,1,3,3,1,6,5,44,44,2,2,7,272.0,3,3,2,490,0,935,1425,2,2,2,7.261927092702751,0,0,7.261927092702751,0,0,2,0,3,1,3,7,1,1,44.0,2,576,1,0,0,0,407,0,0,0,7,2008,1,1,12.103486056755072,0,0,0
57,160,3.1780538303479458,7.8804263442924,2,1,1,1,1,1,3,3,4,8,5,10,9,2,2,9,456.0,2,3,3,649,0,321,970,2,1,2,6.890609120147166,756,0,7.461065514354283,1,0,2,1,3,1,2,7,1,0,10.0,2,480,1,115,0,0,0,0,0,0,8,2009,1,2,12.058152515453552,0,0,0
58,60,4.48863636973214,9.36263218231844,2,2,1,1,2,1,3,3,4,7,5,2,2,2,2,15,0.0,2,3,3,0,0,860,860,2,1,2,6.756932389247553,860,0,7.450079569807499,0,0,2,1,3,1,2,7,1,0,2.0,2,565,1,0,70,0,0,0,0,0,8,2006,1,1,12.188417710291453,0,0,0
59,60,4.189654742026425,9.523836379320944,2,3,3,1,3,1,3,3,4,10,5,0,0,4,2,15,1031.0,1,3,3,0,0,1410,1410,2,1,2,7.262628600974241,1519,0,7.987864096085687,0,0,3,1,3,1,2,10,1,1,0.0,3,641,1,192,0,37,0,0,0,0,10,2006,4,6,12.991753427493052,0,0,0
60,20,4.0943445622221,8.881836305004146,2,1,2,1,1,1,3,3,1,5,7,36,36,2,2,7,0.0,3,3,2,632,0,148,780,2,1,2,6.659293919683638,0,0,6.659293919683638,0,0,1,0,2,1,3,4,1,0,35.0,1,352,1,196,0,0,0,0,0,0,1,2008,1,1,11.73526869611367,0,0,0
61,20,4.143134726391533,9.478227817099784,2,1,1,1,1,1,9,3,1,6,5,2,2,2,2,15,0.0,3,3,3,941,0,217,1158,2,1,2,7.05444965813294,0,0,7.05444965813294,1,0,1,1,3,1,2,5,1,0,0.0,2,576,1,0,50,0,0,0,0,0,5,2006,4,6,11.970350312009105,0,0,0
62,75,4.0943445622221,8.881836305004146,2,1,1,1,1,1,3,3,6,5,7,87,11,2,2,9,0.0,3,3,1,0,0,530,530,2,3,1,6.364750756851911,530,0,7.01301578963963,0,0,1,0,3,1,4,6,1,0,72.0,1,288,3,0,0,144,0,0,0,0,3,2007,1,1,11.522875795823397,0,0,0
63,120,3.784189633918261,8.770594329891145,2,2,1,1,1,1,3,3,1,8,5,1,1,2,2,15,178.0,2,3,3,24,0,1346,1370,2,1,2,7.222566018822171,0,0,7.222566018822171,0,0,2,0,2,1,2,6,1,1,1.0,2,484,1,120,49,0,0,0,0,0,10,2007,1,1,12.218495165528731,0,0,0
64,70,3.912023005428146,9.239899174217728,2,2,2,1,1,1,5,2,4,7,6,89,60,2,2,14,0.0,3,3,1,0,0,576,576,2,2,2,6.804614520062624,808,0,7.444248649496705,0,0,2,0,3,1,3,9,1,0,20.0,2,480,1,12,11,64,0,0,0,0,4,2010,1,1,11.84939770159144,0,0,0
65,60,4.23410650459726,9.14580185083861,2,1,1,1,1,1,3,3,4,7,5,12,11,2,2,15,573.0,3,3,3,739,0,318,1057,2,1,2,6.963189985870238,977,0,7.617759576608505,1,0,2,1,3,1,2,8,1,0,11.0,2,645,1,576,36,0,0,0,0,0,2,2009,1,1,12.299107511497363,1,0,0
66,60,4.330733340286331,9.16858043772795,2,1,1,1,1,1,3,3,4,8,5,3,2,2,2,15,344.0,2,3,3,0,0,1143,1143,2,1,2,7.04141166379481,1330,0,7.813187267521416,0,0,2,1,4,1,2,9,1,1,3.0,3,852,1,192,151,0,0,0,0,0,10,2007,1,1,12.666657052859417,0,0,0
67,20,4.23410650459726,9.898475010712584,2,1,1,1,1,1,7,3,1,7,5,40,21,2,2,11,287.0,3,3,2,912,0,1035,1947,2,3,2,7.699389406256737,0,0,7.699389406256737,1,0,2,0,3,1,3,7,2,1,40.0,2,576,1,301,0,0,0,0,0,0,7,2010,1,1,12.100712129872347,1,0,0
68,20,4.276666119016055,9.274722630905451,2,2,1,1,1,1,3,3,1,7,5,4,4,2,2,15,167.0,2,3,3,1013,0,440,1453,2,1,2,7.2991214627108,0,0,7.2991214627108,1,0,2,0,3,1,2,7,1,0,4.0,2,558,1,144,29,0,0,0,0,0,6,2007,1,1,12.328290278254423,0,0,0
69,30,3.8501476017100584,8.435549202375727,2,1,1,1,2,1,1,3,1,4,6,65,60,2,2,9,0.0,3,2,2,0,0,747,747,2,3,2,6.616065185132817,0,0,6.616065185132817,0,0,1,0,2,1,3,4,1,0,65.0,1,220,1,0,0,0,0,0,0,0,6,2010,1,1,11.289781913656018,0,0,0
70,50,4.394449154672439,9.654577374584886,2,1,1,1,2,1,3,3,2,7,4,53,53,2,2,4,0.0,2,3,2,603,0,701,1304,3,3,2,7.1731917424865985,983,0,7.734996194022781,0,0,2,0,3,1,3,7,1,1,53.0,2,667,1,0,21,114,0,0,0,0,7,2006,1,1,12.323855681186558,0,0,0
71,20,4.553876891600541,9.521568058002977,2,2,1,1,1,1,3,3,1,7,6,34,34,2,2,11,1115.0,3,2,2,1880,0,343,2223,2,1,2,7.706612913964197,0,0,7.706612913964197,1,0,2,0,3,1,3,8,1,2,34.0,2,516,1,300,0,0,0,0,0,0,2,2007,1,1,12.404923504275338,0,0,0
72,20,4.23410650459726,8.935771938669784,2,1,1,1,2,1,3,3,1,4,6,25,1,2,2,7,0.0,3,3,2,565,0,280,845,2,3,2,6.739336627357174,0,0,6.739336627357174,1,0,1,0,2,1,3,4,1,0,20.0,2,360,1,0,0,0,0,0,0,0,6,2007,1,1,11.771436160121729,0,0,0
73,60,4.30406509320417,9.224341891611996,2,2,1,1,2,1,3,3,4,7,5,11,11,2,2,15,40.0,3,3,3,0,0,832,832,2,2,2,6.785587645007929,833,0,7.4489161025442,0,0,2,1,3,1,3,7,1,1,11.0,2,427,1,0,94,0,0,291,0,0,12,2009,1,1,12.128111104060462,0,0,0
74,20,4.442651256490317,9.230142999272362,2,1,1,1,1,1,3,3,1,5,7,56,7,2,2,16,104.0,3,3,2,320,362,404,1086,2,2,2,6.990256500493881,0,0,6.990256500493881,1,0,1,0,3,1,3,6,1,0,21.0,2,490,1,0,0,0,0,0,0,0,5,2010,1,1,11.883799128308773,0,0,0
75,50,4.0943445622221,8.663887570567042,2,1,1,1,2,1,3,3,4,3,6,95,60,3,2,15,0.0,2,2,2,0,0,840,840,2,2,1,6.733401891837359,765,0,7.380879035564116,0,0,2,0,3,2,3,8,1,0,95.0,1,379,1,0,0,202,0,0,0,0,5,2010,1,1,11.584315461056901,0,0,0
76,180,3.044522437723423,7.3752557780097545,2,1,1,1,1,1,3,3,8,4,5,36,36,2,2,6,0.0,3,3,2,462,0,0,462,2,3,2,6.26530121273771,462,0,6.895682697747868,1,0,1,0,2,1,3,5,1,0,36.0,1,297,1,120,101,0,0,0,0,0,11,2009,1,1,11.418614785498987,0,0,0
77,20,4.23410650459726,9.044875932248651,2,2,1,1,1,1,3,3,1,4,7,52,52,2,2,15,0.0,3,3,2,228,0,724,952,2,1,2,6.858565034791365,0,0,6.858565034791365,0,0,1,0,2,1,3,4,1,0,52.0,1,283,1,0,0,0,0,0,0,0,4,2008,1,1,11.818570237796182,1,0,0
78,50,3.912023005428146,9.06357899058078,2,1,1,1,1,1,3,3,2,5,5,60,7,2,2,16,0.0,3,3,2,336,41,295,672,2,3,2,6.977281341630747,213,0,7.158513997329321,1,0,1,0,2,1,3,6,2,0,60.0,1,240,1,0,0,0,0,0,0,0,1,2008,1,1,11.751942365440728,0,0,0
79,90,4.276666119016055,9.285262298493443,2,1,1,1,1,1,3,3,1,4,5,42,42,4,2,7,0.0,3,3,2,0,0,1768,1768,2,3,1,7.477604243197589,0,0,7.477604243197589,0,0,2,0,4,2,3,8,1,0,30.0,0,0,1,0,0,0,0,0,0,0,4,2010,1,1,11.824079893607152,0,0,1
80,50,4.0943445622221,9.25339986143663,2,1,1,1,2,1,3,3,4,5,6,99,28,2,2,16,0.0,3,3,3,0,0,440,440,2,2,2,6.525029657843462,548,0,7.114769448366463,0,0,1,1,2,1,3,5,1,0,43.0,2,440,1,74,0,128,0,0,0,0,5,2009,1,1,11.608235644774552,0,0,0
81,60,4.605170185988092,9.472704636443673,2,1,1,1,2,1,3,3,4,6,6,41,41,2,2,15,576.0,3,2,2,448,0,448,896,2,3,2,7.074963197966044,960,0,7.669495251007694,0,0,2,1,4,1,2,8,1,1,41.0,1,509,1,0,72,0,0,252,0,0,6,2009,1,1,12.173032791451973,0,0,0
82,120,3.4657359027997265,8.411832675758411,2,1,1,1,4,1,3,3,1,6,5,8,8,4,2,15,443.0,3,2,3,1201,0,36,1237,2,1,2,7.198183577101943,0,0,7.198183577101943,1,0,2,0,2,1,3,5,1,0,8.0,2,405,1,0,199,0,0,0,0,0,3,2006,1,1,11.941455846009388,0,0,0
83,20,4.356708826689592,9.230731061623917,2,1,1,1,1,1,3,3,1,8,5,1,1,2,2,15,468.0,3,3,3,33,0,1530,1563,2,1,2,7.354362330421477,0,0,7.354362330421477,0,0,2,0,3,1,2,6,1,1,1.0,3,758,1,144,99,0,0,0,0,0,10,2008,1,1,12.409013489526863,0,0,0
84,20,4.382026634673881,9.092907275084087,2,2,1,1,1,1,3,3,1,5,5,47,47,2,2,9,66.0,3,3,2,0,0,1065,1065,2,2,2,6.970730078143525,0,0,6.970730078143525,0,0,1,1,3,1,3,6,1,0,33.0,2,461,1,74,0,0,0,0,0,0,7,2007,5,1,11.747997587149712,0,0,0
85,80,4.23410650459726,9.051344640485725,2,2,1,1,1,1,3,3,8,7,5,14,13,2,2,7,22.0,3,3,3,0,0,384,384,2,2,2,6.6895992691789665,670,0,7.295735072749282,0,0,2,1,3,1,3,7,1,1,14.0,2,400,1,120,72,0,0,0,0,700,5,2009,1,1,12.034691028774553,1,0,0
86,60,4.795790545596741,9.68402471906149,2,1,1,1,2,1,3,3,4,8,5,15,14,4,2,7,284.0,2,3,2,0,0,1288,1288,2,1,2,7.170888478512505,1116,0,7.790282380703483,0,0,2,1,4,1,2,9,1,1,15.0,2,462,1,127,82,0,0,0,0,0,4,2006,1,1,12.468436909997665,0,0,0
87,60,4.804021044733257,9.385217621880901,2,3,1,1,1,1,3,3,4,6,5,4,4,2,2,15,0.0,2,3,3,0,0,684,684,2,1,2,6.52795791762255,876,0,7.352441100243583,0,0,2,1,3,1,2,6,1,1,4.0,2,400,1,100,38,0,0,0,0,0,3,2009,1,1,12.066810578196666,0,0,0
88,160,3.6888794541139363,8.281723990411392,2,1,1,1,2,1,3,3,4,6,5,0,0,2,2,15,76.0,2,3,3,0,0,612,612,2,1,2,6.416732282512326,612,0,7.1098794630722715,0,0,2,1,2,1,2,4,1,0,0.0,2,528,1,0,234,0,0,0,0,0,6,2009,4,6,12.010665849187564,0,0,0
89,50,4.653960350157523,9.0442857876461,2,2,1,1,2,1,2,2,2,3,2,94,27,4,2,11,0.0,4,4,2,0,0,1013,1013,2,3,1,6.920671504248683,0,513,7.330405211844402,0,0,1,0,2,1,4,6,1,0,29.0,0,0,3,0,0,156,0,0,0,0,10,2009,9,2,11.350406535472453,0,0,1
90,20,4.0943445622221,8.995908761263994,2,1,1,1,1,1,3,3,1,4,5,13,12,2,2,15,0.0,3,3,3,588,0,402,990,2,1,2,6.897704943128636,0,0,6.897704943128636,1,0,1,0,3,1,3,5,1,0,27.0,0,0,1,0,0,0,0,0,0,0,8,2007,1,1,11.724805824005728,0,0,1
91,20,4.0943445622221,8.881836305004146,2,1,1,1,1,1,3,3,1,4,5,56,56,2,2,4,0.0,3,3,4,0,0,0,0,2,3,2,6.946975992135418,0,0,6.946975992135418,0,0,1,0,2,1,3,4,1,0,56.0,2,420,1,0,29,0,0,0,0,0,7,2006,1,1,11.607326140391713,0,0,0
92,20,4.442651256490317,9.047821442478408,2,1,1,1,1,1,3,3,1,5,3,45,45,4,2,7,203.0,3,3,2,600,0,635,1235,2,3,2,7.118826249062078,0,0,7.118826249062078,0,0,1,0,2,1,3,6,1,0,45.0,2,480,1,0,0,0,0,0,0,0,12,2006,1,2,11.498826540590727,0,0,0
93,30,4.382026634673881,9.500020447090638,2,2,3,1,1,1,3,3,1,5,7,88,3,2,2,16,0.0,3,2,1,713,0,163,876,2,1,2,6.871091294610546,0,0,6.871091294610546,1,0,1,0,2,1,3,5,1,0,88.0,2,432,1,0,0,44,0,0,0,0,8,2009,1,1,12.004568269319446,0,0,0
94,190,4.0943445622221,8.881836305004146,2,1,1,1,2,1,3,3,6,6,6,97,9,4,2,9,0.0,3,3,1,1046,0,168,1214,3,1,1,7.138866999945524,1031,0,7.736743682453495,0,1,2,0,4,2,3,9,1,1,107.0,2,506,1,0,0,0,0,99,0,0,11,2007,1,1,11.804848531679264,0,0,0
95,60,4.23410650459726,9.141740280483926,2,2,1,1,1,1,3,3,4,6,5,10,10,2,2,15,0.0,3,2,3,648,0,176,824,2,1,2,6.807934943699926,881,0,7.487733761436444,1,0,2,1,3,1,2,7,1,0,10.0,2,684,1,0,162,0,0,0,0,0,5,2007,1,1,12.229545001715316,0,0,0
96,60,4.23410650459726,9.186559843310778,2,3,1,1,2,1,3,3,4,6,8,16,16,2,2,15,68.0,1,2,3,310,0,370,680,2,2,2,6.522092798170152,790,0,7.293017679772782,0,0,2,1,3,1,3,6,1,1,16.0,2,420,1,232,63,0,0,0,0,480,4,2009,1,1,12.128111104060462,1,0,0
97,20,4.356708826689592,9.236397906295473,2,2,1,1,1,1,3,3,1,7,5,7,7,2,2,15,183.0,2,3,3,1162,0,426,1588,2,1,2,7.370230641807081,0,0,7.370230641807081,0,0,2,0,3,1,2,6,1,0,7.0,2,472,1,158,29,0,0,0,0,0,8,2006,1,1,12.273731294003989,0,0,0
98,20,4.290459441148391,9.298442820197728,2,1,3,1,1,1,3,3,1,4,5,42,42,4,2,7,48.0,3,3,2,520,0,440,960,2,3,2,6.866933284461882,0,0,6.866933284461882,1,0,1,0,3,1,3,6,1,0,42.0,1,432,2,120,0,0,0,0,0,0,5,2007,1,1,11.458997122944673,0,0,0
99,30,4.442651256490317,9.270964993792617,2,1,1,1,2,1,3,3,1,5,5,90,60,2,2,16,0.0,3,3,1,108,0,350,458,2,4,1,6.727431724850855,0,0,6.727431724850855,0,0,1,0,2,1,3,5,1,0,90.0,1,366,1,0,0,77,0,0,0,400,5,2010,5,2,11.326595886778735,0,0,0
100,20,4.343805421853684,9.139917907679637,2,2,1,1,1,1,3,3,1,4,5,51,51,2,2,11,0.0,3,3,2,569,0,381,950,2,4,2,7.110696122978827,0,0,7.110696122978827,1,0,1,1,3,1,3,6,1,0,30.0,0,0,1,352,0,0,0,0,0,400,1,2010,1,1,11.76718001130949,0,0,1
101,20,4.23410650459726,9.268892258925797,2,2,1,1,1,1,3,3,1,6,7,33,9,2,2,11,28.0,3,3,3,1200,0,410,1610,2,2,2,7.383989457978509,0,0,7.383989457978509,1,0,2,0,3,1,2,6,1,2,33.0,2,480,1,168,68,0,0,0,0,0,2,2010,1,1,12.230765258120545,1,0,0
102,60,4.343805421853684,9.127610724377186,2,1,1,1,1,1,3,3,4,6,5,25,25,2,2,7,336.0,2,3,2,0,0,741,741,2,3,2,6.884486652042782,755,0,7.4570320891223805,0,0,2,1,3,1,2,7,1,1,25.0,2,476,1,192,46,0,0,0,0,0,6,2010,1,1,12.089538829274222,0,0,0
103,90,4.1588830833596715,8.85623355614316,2,1,2,1,1,1,3,3,1,5,5,30,30,2,2,7,0.0,3,4,4,0,0,0,0,2,3,2,7.336285660021297,0,0,7.336285660021297,0,0,2,0,4,2,3,8,1,0,30.0,2,410,1,0,0,0,0,0,0,0,6,2009,1,4,11.686576205316552,0,0,0
104,20,4.543294782270004,9.249753374333018,2,2,1,1,2,1,3,3,1,7,5,1,1,2,2,15,0.0,3,3,3,0,0,1226,1226,2,1,2,7.111512116496157,0,0,7.111512116496157,0,0,2,0,3,1,2,6,1,0,1.0,3,740,1,0,36,0,0,0,0,0,5,2010,1,1,12.200557464842063,0,0,0
105,50,4.23410650459726,8.956479847999912,2,1,1,1,2,1,3,3,2,7,4,76,57,2,2,14,600.0,3,4,3,224,0,816,1040,2,1,2,7.111512116496157,592,0,7.505492274737424,0,0,1,1,4,1,3,7,1,2,56.0,1,240,1,0,0,0,0,184,0,0,6,2007,1,1,12.040608205802641,1,0,0
106,60,4.31748811353631,9.14580185083861,2,1,1,1,1,1,3,3,4,8,5,5,4,4,2,15,768.0,2,3,3,0,0,1053,1053,2,1,2,6.959398512133975,939,0,7.596894438144544,0,0,2,1,3,1,2,9,1,1,5.0,2,648,1,140,45,0,0,0,0,0,8,2008,1,1,12.429216196844383,0,0,0
107,30,4.0943445622221,9.287301413112312,2,1,1,1,1,1,3,3,1,4,7,122,12,5,2,15,0.0,3,3,1,0,0,641,641,2,2,2,6.953684210870537,0,0,6.953684210870537,0,0,1,0,2,1,3,6,1,0,53.0,1,273,3,0,0,0,0,0,0,450,8,2007,1,1,11.512925464970229,0,0,0
108,20,3.912023005428146,8.699514748210191,2,1,1,1,1,1,3,3,1,5,5,60,58,2,2,15,0.0,3,3,2,104,169,516,789,2,1,2,6.670766320845874,0,0,6.670766320845874,0,0,1,0,2,1,3,5,1,0,60.0,1,250,1,0,0,0,0,0,0,0,4,2008,1,6,11.652687407345388,0,0,0
109,50,4.442651256490317,9.047821442478408,2,1,1,1,2,1,1,3,2,5,7,88,2,2,2,6,0.0,3,3,2,0,0,793,793,3,3,1,6.904750769961838,520,0,7.324489979348532,0,0,2,0,3,1,4,7,1,0,27.0,0,0,3,0,0,144,0,0,0,0,8,2007,1,1,11.652687407345388,0,0,1
110,20,4.653960350157523,9.371693622333941,2,2,1,1,1,1,3,3,1,6,6,33,33,4,2,11,480.0,3,3,2,705,0,1139,1844,2,1,2,7.519692404116539,0,0,7.519692404116539,0,0,2,0,3,1,3,7,1,1,33.0,2,546,1,0,122,0,0,0,0,0,1,2010,5,1,12.154779351142624,0,0,0
111,50,4.31748811353631,9.161675199994901,2,1,1,1,1,1,3,3,2,6,4,52,34,2,2,16,0.0,3,3,2,444,0,550,994,2,2,2,7.103322062526113,639,0,7.5256399750415355,0,0,2,0,4,1,3,7,1,0,52.0,1,325,1,182,0,0,0,0,0,0,10,2006,1,1,11.82700601127654,0,0,0
112,80,4.23410650459726,8.955448122347393,2,2,1,1,1,1,3,3,8,7,5,10,10,2,2,15,0.0,3,3,3,250,0,134,384,2,1,2,6.651571873589727,656,0,7.265429723253953,0,0,2,1,3,1,3,7,1,1,10.0,2,400,1,180,0,0,0,0,0,0,4,2010,1,1,12.100712129872347,1,0,0
113,60,4.343805421853684,9.206834232646894,2,1,1,1,1,1,3,3,4,7,5,0,0,2,2,15,220.0,2,3,3,984,0,280,1264,2,1,2,7.156176637480615,1414,0,7.899524472032198,1,0,2,1,4,1,1,10,1,1,0.0,3,792,1,120,184,0,0,168,0,0,10,2007,4,6,12.858319703517948,0,0,0
114,20,4.23410650459726,9.95227771670556,2,1,2,1,2,1,3,3,1,6,5,54,54,4,2,16,184.0,3,2,2,35,869,905,1809,2,3,2,7.7226775164680035,0,0,7.7226775164680035,1,0,2,0,3,1,2,7,1,2,54.0,2,450,1,166,120,192,0,0,0,0,10,2007,5,2,12.287652632522597,1,0,0
115,70,4.110873864173311,8.889997357284841,2,2,1,1,1,2,3,3,4,6,8,62,5,3,2,16,0.0,3,3,2,774,150,104,1028,2,1,2,7.269616749608169,884,0,7.749322464660356,1,0,2,1,3,1,2,9,1,1,62.0,1,180,1,224,0,0,0,0,0,0,7,2007,1,1,12.46651198158808,0,0,0
116,160,3.5263605246161616,8.080237416216702,2,1,1,1,2,1,3,3,4,6,5,8,8,2,2,9,1129.0,3,3,3,419,0,310,729,2,2,2,6.591673732008658,729,0,7.284820912568604,0,0,2,1,2,1,3,5,1,1,8.0,2,440,1,0,32,0,0,0,0,0,6,2007,1,1,12.078239274020289,0,0,0
117,20,4.23410650459726,9.360138737064577,2,1,1,1,1,1,3,3,1,5,5,47,47,2,2,16,116.0,3,3,2,170,670,252,1092,2,3,2,6.9957661563048505,0,0,6.9957661563048505,0,1,1,0,3,1,3,6,1,1,47.0,1,288,1,0,20,144,0,0,0,0,9,2009,1,1,11.842229212112828,1,0,0
118,20,4.30406509320417,9.05204779298159,2,1,1,1,2,1,3,3,1,5,5,1,0,2,2,15,0.0,3,3,3,0,0,1125,1125,2,2,2,7.025538314638521,0,0,7.025538314638521,0,0,1,1,2,1,3,5,1,0,0.0,2,430,1,80,64,0,0,0,0,0,4,2007,4,6,11.951180395901384,0,0,0
119,60,4.499809670330265,9.423514392252901,2,1,1,1,2,1,3,3,4,7,5,20,20,4,2,11,0.0,3,3,3,1470,0,203,1673,2,2,2,7.4377951216719325,1523,0,8.07775756373692,1,0,3,0,5,1,2,11,1,2,20.0,3,594,1,367,0,0,0,0,0,0,5,2010,1,1,12.676076274775909,0,0,0
120,60,4.174387269895637,9.0432226489245,2,1,1,1,1,1,3,3,4,6,5,1,0,2,2,15,0.0,2,3,3,0,0,728,728,2,1,2,6.590301048196686,728,0,7.283448228756631,0,0,2,1,3,1,2,8,1,1,1.0,2,390,1,0,24,0,0,0,0,0,7,2006,4,6,12.007560729337492,0,0,0
121,80,4.23410650459726,9.973619774716505,2,2,4,1,3,3,3,3,8,6,5,37,37,1,4,11,0.0,3,3,2,938,0,0,938,2,1,2,6.895682697747868,0,0,6.895682697747868,1,0,1,0,1,1,3,4,1,2,37.0,2,540,1,0,130,0,130,0,0,0,10,2006,1,1,12.100712129872347,1,0,0
122,50,3.912023005428146,8.70946507906336,2,1,1,1,1,1,3,3,2,4,5,68,57,2,2,1,0.0,3,3,3,0,0,732,732,2,2,2,6.648984550024776,351,0,7.023758954738443,0,0,1,0,3,1,3,4,1,0,28.0,1,264,2,0,0,140,0,0,0,0,6,2007,1,1,11.512925464970229,0,0,0
123,20,4.31748811353631,9.155250405658222,2,1,1,1,2,1,3,3,1,6,7,50,50,4,2,9,135.0,3,2,2,570,0,510,1080,2,2,2,6.984716320118266,0,0,6.984716320118266,0,0,1,0,3,1,3,5,1,0,50.0,1,288,1,0,0,0,0,130,0,0,6,2008,1,1,11.820410164718188,0,0,0
124,120,4.007333185232471,8.973604867142505,2,1,1,1,1,1,3,3,1,6,5,15,15,2,2,11,0.0,2,3,3,300,0,899,1199,2,1,2,7.089243155027514,0,0,7.089243155027514,0,0,2,0,2,1,2,5,1,0,15.0,2,530,1,0,63,0,0,0,0,0,3,2008,1,1,11.94405831982697,0,0,0
125,20,3.871201010907891,9.743494841225237,2,2,1,1,3,1,3,3,1,6,5,30,11,2,2,7,0.0,3,2,2,0,0,1362,1362,2,3,2,7.368970402194793,0,0,7.368970402194793,0,0,2,0,3,1,3,7,1,1,30.0,2,435,1,192,0,0,0,0,0,0,1,2009,1,1,12.106252310247962,0,0,0
126,190,4.0943445622221,8.821732380934442,2,1,1,1,1,1,3,3,2,6,8,71,24,2,2,16,0.0,3,4,2,490,0,30,520,2,2,1,6.253828811575473,0,234,6.625392368007956,1,0,1,0,2,1,3,5,1,0,26.0,0,0,3,53,0,0,0,0,0,0,6,2006,1,1,11.344506813345266,0,0,1
127,120,4.23410650459726,8.502688505213357,2,2,1,1,1,1,3,3,1,6,5,31,31,2,2,11,0.0,3,3,2,120,0,958,1078,2,3,2,6.86484777797086,0,0,6.86484777797086,0,0,2,0,2,1,3,5,1,1,30.0,2,440,1,0,205,0,0,0,0,0,2,2007,1,1,11.759785542901755,1,0,0
128,45,4.007333185232471,8.38662882139512,2,2,2,1,1,1,2,3,3,5,7,77,57,2,2,17,0.0,3,2,1,116,0,556,672,2,1,2,6.733401891837359,0,0,6.733401891837359,0,0,1,0,3,1,3,5,1,1,27.0,0,0,3,0,0,0,0,0,0,0,6,2007,1,1,11.37366339763672,0,0,1
129,60,4.23410650459726,8.934586870389676,2,1,1,1,1,1,6,3,4,6,5,40,40,2,2,15,266.0,3,3,2,512,0,148,660,2,3,2,6.492239835020471,688,0,7.206377291472252,0,0,1,1,3,1,3,6,1,1,40.0,2,453,1,188,108,0,0,0,0,0,7,2006,1,1,11.951180395901384,0,0,0
130,20,4.23410650459726,9.101975347298058,2,1,1,1,1,1,3,3,1,5,7,48,15,2,2,11,85.0,3,3,2,567,28,413,1008,2,3,2,6.959398512133975,0,0,6.959398512133975,0,1,1,1,3,1,1,6,1,0,8.0,2,750,1,0,80,0,180,0,0,0,7,2006,1,2,11.918390573078392,0,0,0
131,60,4.477336814478207,9.560997243589352,2,1,1,1,2,1,3,3,4,7,6,40,40,2,2,9,309.0,3,3,2,445,0,479,924,2,1,2,7.103322062526113,941,0,7.676473646389156,0,0,2,1,4,1,2,8,1,2,40.0,2,487,1,105,66,0,0,0,0,0,5,2006,1,1,12.328290278254423,0,0,0
132,60,4.23410650459726,9.411156511406302,2,2,1,1,2,1,3,3,4,6,5,9,9,2,2,15,40.0,2,3,3,695,0,297,992,2,1,2,6.92951677076365,1032,0,7.627544390488503,1,0,2,1,3,1,2,7,1,1,9.0,2,390,1,24,48,0,0,0,0,0,7,2009,1,1,12.404923504275338,1,0,0
133,20,4.31748811353631,8.90761234131913,2,1,1,1,2,1,3,3,1,5,6,48,5,2,2,9,0.0,3,3,2,405,0,658,1063,2,2,2,7.190676034332207,0,0,7.190676034332207,1,0,1,0,3,1,2,7,1,0,33.0,2,624,1,0,0,0,0,0,0,0,7,2007,1,1,11.923378114589433,0,0,0
134,20,4.23410650459726,8.832441791585824,2,2,1,1,1,1,3,3,1,8,5,8,7,2,2,15,136.0,2,3,3,1005,0,262,1267,2,1,2,7.16703787691222,0,0,7.16703787691222,1,0,2,0,2,1,2,6,1,0,8.0,2,471,1,192,25,0,0,0,0,0,6,2009,1,1,12.301382825334498,1,0,0
135,20,4.356708826689592,9.24329147211587,2,2,1,1,1,1,3,3,1,5,6,38,13,2,2,11,0.0,3,3,2,570,0,891,1461,2,2,2,7.450660796211539,0,0,7.450660796211539,0,0,2,1,3,1,3,7,2,1,38.0,2,440,1,0,96,180,0,0,0,0,7,2006,1,1,12.100712129872347,0,0,0
136,20,4.382026634673881,9.249561085129464,2,1,1,1,1,1,3,3,1,7,6,38,38,4,2,11,288.0,3,3,3,0,0,1304,1304,2,2,2,7.427738840532894,0,0,7.427738840532894,0,0,2,0,3,1,3,7,1,1,38.0,2,530,1,98,0,0,0,0,0,0,5,2008,1,1,12.066810578196666,0,0,0
137,20,4.23410650459726,9.245224773829685,2,2,1,1,2,1,3,3,1,5,5,40,40,2,2,9,196.0,3,3,2,695,0,519,1214,2,3,2,7.101675971619444,0,0,7.101675971619444,0,0,2,0,3,1,3,5,1,1,40.0,1,318,1,0,111,0,0,0,0,0,7,2007,1,1,11.870599909242044,1,0,0
138,90,4.406719247264253,9.311994025702683,2,1,1,1,1,1,3,3,1,7,5,18,17,2,2,15,70.0,3,3,2,0,0,1907,1907,2,2,2,7.580189417944541,0,0,7.580189417944541,0,0,3,0,5,2,3,9,1,0,17.0,3,766,1,0,0,0,0,0,0,0,7,2006,1,5,12.049418835484797,0,0,0
139,60,4.290459441148391,9.112286431500795,2,2,1,1,1,1,3,3,4,8,5,9,8,2,2,15,320.0,2,3,3,668,0,336,1004,2,1,2,6.911747300251674,848,0,7.524021415206125,0,0,2,1,3,1,2,7,1,2,9.0,3,660,1,224,106,0,0,0,0,0,12,2008,1,1,12.345834587905333,0,0,0
140,60,4.174387269895637,9.643809676493944,2,2,1,1,1,1,3,3,4,6,5,12,12,2,2,15,0.0,3,3,3,821,0,107,928,2,1,2,6.833031732786201,836,0,7.475339236566737,1,0,2,1,3,1,2,7,1,0,12.0,2,470,1,276,99,0,0,0,0,0,8,2009,1,1,12.352335152508426,0,0,0
141,20,4.248495242049359,9.259130536145614,2,1,1,1,4,1,3,3,1,4,5,39,39,2,2,7,0.0,3,3,2,432,0,432,864,2,3,2,6.761572768804055,0,0,6.761572768804055,0,0,1,0,3,1,3,5,1,1,30.0,0,0,1,0,0,0,0,0,0,0,4,2010,8,1,11.652687407345388,0,0,1
142,20,4.356708826689592,9.36263218231844,2,1,1,1,1,1,3,3,1,7,5,1,1,2,2,15,0.0,2,3,3,1300,0,434,1734,2,1,2,7.458186157340487,0,0,7.458186157340487,1,0,2,0,3,1,2,7,1,0,1.0,2,660,1,160,24,0,0,0,0,0,1,2006,1,1,12.468436909997665,0,0,0
143,50,4.2626798770413155,9.050171619823361,2,1,1,1,2,1,1,3,2,5,4,58,58,2,2,4,0.0,3,4,2,507,0,403,910,2,4,2,6.813444599510896,475,0,7.233455418621439,0,0,2,0,4,1,3,6,1,0,10.0,2,720,1,0,0,0,0,0,0,0,6,2010,1,1,12.01974306733868,0,0,0
144,20,4.356708826689592,9.24329147211587,2,2,1,1,1,1,3,3,1,7,5,10,10,2,2,15,183.0,2,3,3,679,0,811,1490,2,1,2,7.313886831633462,0,0,7.313886831633462,1,0,2,0,3,1,2,6,1,0,10.0,2,577,1,144,29,0,0,0,0,0,6,2009,1,1,12.225875272826354,0,0,0
145,90,4.248495242049359,9.116029692504942,2,1,1,1,1,1,9,3,1,5,5,43,43,2,2,7,336.0,3,3,2,1332,0,396,1728,2,3,2,7.454719949364001,0,0,7.454719949364001,1,0,2,0,6,2,3,10,1,0,43.0,2,504,1,0,0,0,0,0,0,0,11,2006,8,2,11.736069016284437,0,0,0
146,160,3.1780538303479458,7.8328075165248645,2,1,1,1,1,1,3,3,4,6,5,2,0,2,2,15,50.0,2,3,3,0,0,970,970,2,1,2,6.877296071497429,739,0,7.443663683115591,0,0,2,0,3,1,2,7,5,0,2.0,2,380,1,0,40,0,0,0,0,0,4,2006,1,1,11.77528972943772,0,0,0
147,30,3.9318256327243257,8.719317375506371,2,1,1,1,2,1,3,3,1,5,7,78,16,2,2,16,0.0,3,3,1,209,0,506,715,2,3,2,6.774223886357614,0,0,6.774223886357614,1,0,1,0,2,1,3,5,1,0,78.0,1,180,1,48,0,0,0,0,0,0,11,2009,1,1,11.56171562913966,0,0,0
148,60,4.23410650459726,9.15957325492253,2,2,1,1,3,1,3,3,4,7,5,9,9,2,2,15,180.0,2,3,3,0,0,884,884,2,1,2,6.784457062637643,1151,0,7.618251097876695,0,0,2,1,3,1,2,8,1,1,9.0,2,434,1,144,48,0,0,0,0,0,5,2010,1,1,12.312682380588432,1,0,0
149,20,4.143134726391533,8.922658299524402,2,1,1,1,1,1,3,3,1,7,5,4,3,2,2,15,120.0,3,3,3,680,0,400,1080,2,1,2,6.984716320118266,0,0,6.984716320118266,1,0,1,0,3,1,2,6,1,0,28.0,0,0,1,0,0,0,0,0,0,0,4,2008,1,1,11.856515169360305,0,0,1
150,50,4.23410650459726,8.738735461363474,2,1,1,1,1,1,3,3,2,5,4,70,56,2,2,9,0.0,3,3,1,0,0,896,896,2,2,2,6.79794041297493,448,0,7.203405521083095,0,0,1,0,3,1,3,7,1,0,70.0,1,240,1,200,114,0,0,0,0,0,4,2006,1,1,11.652687407345388,1,0,0
151,20,4.787491742782046,9.245321340871428,2,1,1,1,2,1,3,3,1,5,6,32,32,2,2,7,0.0,3,3,2,716,0,253,969,2,3,2,6.876264611890766,0,0,6.876264611890766,0,0,1,1,3,1,3,5,1,0,32.0,2,440,1,0,0,0,0,0,0,0,1,2007,1,1,11.711776323715394,0,0,0
152,20,4.672828834461906,9.53899642739739,2,1,1,1,1,1,3,3,1,8,5,1,0,4,2,15,436.0,2,3,3,1400,0,310,1710,2,1,2,7.444248649496705,0,0,7.444248649496705,1,0,2,0,2,1,2,6,1,1,1.0,3,866,1,0,102,0,0,0,0,0,1,2008,4,6,12.827729194939907,0,0,0
153,60,4.23410650459726,9.602585141913492,2,2,1,1,3,1,3,3,4,6,5,35,35,2,2,7,252.0,3,3,2,416,0,409,825,2,2,2,7.00033446027523,896,0,7.597396320212795,0,0,2,1,4,1,3,8,1,1,35.0,2,495,1,0,66,0,0,0,0,0,6,2006,1,1,12.154779351142624,1,0,0
154,20,4.23410650459726,9.51044496442652,2,1,1,1,1,1,3,3,1,6,7,48,33,1,2,4,0.0,3,3,2,429,1080,93,1602,2,2,2,7.132497551660044,0,0,7.132497551660044,1,0,1,0,1,1,3,4,1,1,48.0,2,564,1,409,0,0,0,0,0,0,3,2008,1,1,12.367340793126296,1,0,0
155,30,4.430816798843313,9.336091577281744,2,1,1,1,2,1,3,3,1,6,5,83,56,2,2,16,0.0,3,3,1,0,0,1200,1200,2,3,2,7.090076835776092,0,0,7.090076835776092,0,0,1,0,4,1,3,7,1,0,83.0,1,312,1,0,0,228,0,0,0,0,3,2006,1,5,11.736069016284437,0,0,0
156,50,4.0943445622221,9.169518377455928,2,1,1,1,2,1,1,3,2,6,5,84,58,2,2,16,0.0,3,3,1,0,0,572,572,4,4,1,6.349138991379798,524,0,6.999422467507961,0,0,1,0,2,1,3,5,1,0,28.0,0,0,3,0,8,128,0,0,0,0,4,2008,1,1,11.27720313144916,0,0,1
157,20,4.0943445622221,8.881836305004146,2,1,1,1,1,1,3,3,1,5,7,56,56,4,2,16,0.0,3,3,2,0,0,0,0,2,3,2,6.946975992135418,0,0,6.946975992135418,0,0,1,0,2,1,3,5,1,0,56.0,2,625,1,0,0,0,0,0,0,0,6,2006,1,1,11.603679828238693,0,0,0
158,60,4.5217885770490405,9.392911897525345,2,1,1,1,2,1,3,3,4,8,5,1,0,2,2,15,84.0,2,3,3,0,0,774,774,2,1,2,6.651571873589727,1194,0,7.584773077612199,0,0,2,1,4,1,1,8,1,1,1.0,3,680,1,0,75,0,0,0,0,0,5,2010,4,6,12.504323669331189,0,0,0
159,60,4.605170185988092,9.437635294412868,2,1,1,1,2,1,3,3,4,7,5,6,5,2,2,15,0.0,2,3,3,222,0,769,991,2,1,2,6.898714534329988,956,0,7.5740450053721995,0,0,2,1,3,1,2,8,1,1,6.0,2,678,1,0,136,0,0,0,0,0,5,2010,1,1,12.448626590364206,0,0,0
160,60,4.897839799950911,9.87189368094495,2,2,3,1,2,1,3,3,4,7,5,1,0,2,2,15,456.0,2,3,3,57,0,1335,1392,2,1,2,7.238496840894365,1070,0,7.808729306744399,1,0,2,1,4,1,2,9,1,1,0.0,2,576,1,239,132,0,168,0,0,0,3,2006,4,6,12.676076274775909,0,0,0
161,20,4.23410650459726,9.316500567804573,2,2,1,1,3,1,3,3,1,6,6,24,24,2,2,11,0.0,3,3,3,660,0,572,1232,2,3,2,7.116394144093465,0,0,7.116394144093465,0,0,2,0,3,1,3,6,1,0,24.0,2,516,1,0,0,0,0,0,0,0,6,2008,1,1,11.998433280751929,1,0,0
162,60,4.700480365792417,9.52427481557203,2,2,1,1,1,1,3,3,4,9,5,5,4,2,2,15,664.0,2,3,3,1016,0,556,1572,2,1,2,7.360103972989152,1096,0,7.889084407035514,1,0,2,1,3,1,1,10,1,2,5.0,3,726,1,400,0,0,0,0,0,0,3,2008,1,1,12.929991484756872,0,0,0
163,20,4.553876891600541,9.40771473139643,2,1,1,1,2,1,3,3,1,7,5,5,5,2,2,15,226.0,2,3,3,1201,0,340,1541,2,1,2,7.340186835320115,0,0,7.340186835320115,0,0,2,0,3,1,2,7,1,1,5.0,2,532,1,0,70,0,0,0,0,0,5,2010,4,6,12.301382825334498,0,0,0
164,45,4.007333185232471,8.612503371220562,2,1,1,1,1,1,3,3,3,4,6,51,51,2,2,9,0.0,3,3,2,0,0,882,882,2,1,2,6.782192056006791,0,0,6.782192056006791,0,0,1,0,1,1,3,4,1,0,27.0,0,0,1,0,0,0,0,0,0,0,4,2007,1,1,11.544424132029599,0,0,1
165,40,3.6888794541139363,8.594154232552366,2,1,1,1,2,1,3,3,1,6,7,81,3,2,2,9,0.0,3,2,1,370,0,779,1149,2,2,2,7.046647277848756,467,0,7.38770923908104,0,0,2,0,3,1,2,5,1,0,81.0,1,216,1,0,0,183,0,0,0,0,10,2007,1,1,11.931635799828413,0,0,0
166,190,4.127134385045092,9.220884585851854,2,1,1,1,1,1,3,3,2,5,7,68,9,2,2,16,0.0,3,2,1,351,181,112,644,2,2,2,6.694562058521095,547,0,7.2115567333138015,1,0,2,0,4,2,3,6,1,0,28.0,0,0,1,140,0,0,0,0,0,0,9,2008,1,1,11.755871643580617,0,0,1
167,20,4.23410650459726,9.278746404640243,2,2,1,1,1,1,3,3,1,5,5,54,16,4,2,16,0.0,2,3,2,379,768,470,1617,2,1,2,7.532088143541722,0,0,7.532088143541722,1,0,1,0,2,1,3,7,1,3,54.0,1,303,1,476,0,0,0,142,0,0,11,2009,5,1,12.154779351142624,1,0,0
168,60,4.454347296253507,9.26501793326688,2,1,1,1,1,1,3,3,4,8,5,0,0,2,2,15,300.0,2,3,3,1288,0,294,1582,2,1,2,7.383989457978509,551,0,7.6783263565068856,1,0,1,1,3,1,1,8,1,1,0.0,3,789,1,178,120,0,0,0,0,0,11,2007,4,6,12.693498620467778,0,0,0
169,60,4.127134385045092,9.01724094201035,2,2,1,1,1,1,3,3,4,7,5,3,3,2,2,15,0.0,2,3,3,0,0,840,840,2,1,2,6.733401891837359,880,0,7.450079569807499,0,0,2,1,3,1,2,7,1,1,3.0,2,440,1,100,48,0,0,0,0,0,5,2007,1,1,12.119969946476761,0,0,0
170,20,4.23410650459726,9.721305985943088,2,2,1,1,2,1,3,3,1,8,6,25,25,4,7,11,653.0,2,3,2,0,0,1686,1686,2,3,2,7.442492722794441,0,0,7.442492722794441,0,0,2,1,2,1,3,6,1,1,25.0,2,511,1,574,64,0,0,0,0,0,1,2006,1,1,12.337100907936577,1,0,0
171,50,4.23410650459726,9.422058905620926,2,2,1,1,1,1,2,3,2,5,6,66,57,2,2,9,0.0,3,3,2,360,0,360,720,2,3,2,6.74993119378857,0,528,7.231287004327616,0,0,1,1,2,1,3,7,1,0,16.0,2,660,1,237,0,0,0,0,0,0,5,2007,1,1,11.763684183317412,1,0,0
172,20,4.948759890378168,10.366277727263562,2,2,1,1,2,1,3,3,1,6,5,50,50,4,2,4,112.0,3,3,2,639,0,441,1080,2,4,2,7.412160334945205,0,0,7.412160334945205,1,0,1,0,3,1,3,7,1,2,50.0,2,528,2,210,62,0,0,0,0,0,5,2010,1,1,12.2783933071098,0,0,0
173,160,3.784189633918261,8.576593534697684,2,2,1,1,1,1,3,3,4,7,7,19,19,2,2,7,0.0,2,2,3,495,215,354,1064,2,2,2,6.96979066990159,703,0,7.4770384723196965,1,0,2,0,2,1,2,5,1,1,19.0,2,504,1,441,35,0,0,0,0,0,6,2006,1,1,12.384218830913648,0,0,0
174,20,4.382026634673881,9.229848838364227,2,2,1,1,1,1,3,3,1,6,5,47,47,2,2,17,491.0,3,3,2,288,374,700,1362,2,3,2,7.216709486709457,0,0,7.216709486709457,1,0,1,1,3,1,3,6,1,1,47.0,2,504,1,0,20,0,0,0,0,0,6,2008,5,1,12.0015054797889,0,0,0
175,20,3.8501476017100584,9.426741242423,2,2,1,1,1,1,3,3,1,6,5,22,22,2,2,15,132.0,3,3,2,1398,208,0,1606,2,3,2,7.409136443920128,0,0,7.409136443920128,1,0,2,0,3,1,3,7,3,1,22.0,2,616,1,192,0,0,0,0,0,0,11,2008,1,1,12.122691036591123,0,0,0
176,20,4.430816798843313,9.442641861075158,2,1,1,1,2,1,3,3,1,6,7,57,6,2,2,17,0.0,3,3,2,477,0,725,1202,2,3,2,7.67693714581808,0,0,7.67693714581808,1,0,2,0,4,1,2,7,1,1,57.0,2,576,1,0,29,39,0,0,0,0,6,2007,1,1,12.400816722322686,0,0,0
177,60,4.574710978503383,9.213236175088209,2,2,1,1,2,1,3,3,4,6,5,19,18,2,2,11,268.0,2,3,3,831,0,320,1151,2,3,2,7.059617628291383,896,0,7.630461261783627,0,1,2,1,4,1,3,8,1,1,19.0,2,521,1,0,228,0,0,192,0,0,9,2007,1,1,12.259613412458204,0,0,0
178,50,4.23410650459726,9.521494800613105,2,1,1,1,1,1,3,3,2,5,5,48,48,2,2,9,0.0,2,2,2,57,441,554,1052,2,1,2,7.132497551660044,668,0,7.560080465021827,1,0,2,0,4,1,2,8,1,1,48.0,2,451,1,0,0,0,0,0,0,0,7,2006,1,1,12.058152515453552,1,0,0
179,20,4.143134726391533,9.765546451422905,2,2,1,1,3,1,3,3,1,9,5,1,0,4,2,15,748.0,1,3,3,1904,0,312,2216,2,1,2,7.711548979629146,0,0,7.711548979629146,1,0,2,0,1,1,1,9,1,1,0.0,3,1166,1,0,60,0,0,0,0,0,7,2009,4,6,13.1260306447518,0,0,0
180,30,4.0943445622221,9.050171619823361,2,1,1,1,1,1,3,3,1,5,6,84,1,2,2,16,0.0,2,3,2,0,0,968,968,2,3,2,6.875232087276577,0,0,6.875232087276577,0,0,1,0,2,1,3,5,1,0,72.0,2,480,3,0,0,184,0,0,0,0,7,2007,1,1,11.512925464970229,0,0,0
181,160,4.23410650459726,7.6577552711348655,2,1,1,1,1,1,3,3,4,6,5,7,7,2,2,9,456.0,2,3,3,436,0,320,756,2,1,2,6.645090969505644,756,0,7.329749689041512,0,0,2,1,3,1,2,5,1,1,7.0,2,440,1,0,0,0,0,0,0,0,6,2007,1,1,12.083905011555967,1,0,0
182,70,3.9889840465642745,8.934323331054905,2,1,1,1,1,1,3,3,4,7,6,86,56,2,2,14,0.0,3,3,1,352,0,441,793,2,2,2,6.803505257608338,901,0,7.496652438168283,0,0,1,1,4,1,3,9,1,1,86.0,1,216,1,0,0,40,0,0,0,0,7,2006,1,1,12.206572520571825,0,0,0
183,20,4.0943445622221,9.111624399037025,2,1,1,1,1,1,1,3,1,5,6,50,1,4,2,16,98.0,3,3,3,0,0,0,0,2,1,2,7.200424892944957,0,0,7.200424892944957,0,0,1,0,3,1,3,7,1,1,50.0,1,252,1,116,0,0,180,0,0,0,6,2007,1,1,11.695247021764184,0,0,0
184,50,4.143134726391533,9.343646739284408,2,1,1,1,1,1,3,3,2,7,5,5,5,2,2,15,0.0,3,3,3,0,0,1362,1362,2,1,2,7.216709486709457,720,0,7.641084249174914,0,0,2,1,3,1,2,6,4,0,5.0,2,484,3,280,238,0,0,0,0,0,6,2008,1,1,12.206072645530174,0,0,0
185,50,4.5217885770490405,8.914357274485015,2,2,1,1,1,1,5,2,2,5,8,98,15,2,2,1,0.0,3,3,3,0,0,504,504,2,2,2,6.841615476477592,316,0,7.132497551660044,0,0,1,0,3,1,3,5,1,0,20.0,2,576,1,104,0,0,0,0,0,0,6,2006,1,1,11.751942365440728,0,0,0
186,75,4.499809670330265,10.04107321548869,2,3,1,1,1,1,1,3,5,10,9,114,13,2,8,16,0.0,2,2,1,0,0,1107,1107,2,1,2,7.325148957955575,1518,572,8.190908881182514,0,0,2,1,4,1,1,12,1,2,13.0,3,840,1,0,260,0,0,410,0,0,6,2006,1,1,13.071070083016778,0,0,0
187,80,4.23410650459726,9.205026277152413,2,2,1,1,3,1,3,3,8,7,5,19,18,2,2,7,0.0,3,3,3,611,0,577,1188,2,1,2,7.104144092987527,0,0,7.104144092987527,1,0,2,0,3,1,2,6,1,0,19.0,2,497,1,168,27,0,0,0,0,0,6,2009,1,1,12.061046873479915,1,0,0
188,50,4.0943445622221,9.250522161609014,2,1,1,1,1,1,3,3,2,5,7,93,22,2,2,7,0.0,3,3,2,0,0,660,660,2,1,2,6.694562058521095,704,144,7.412160334945205,0,0,2,1,3,1,3,8,3,0,93.0,1,180,3,0,0,0,140,0,0,0,8,2009,1,1,11.813030057420567,0,0,0
189,90,4.1588830833596715,8.85623355614316,2,1,2,1,1,1,2,3,7,5,5,30,30,2,2,11,275.0,3,3,2,1086,0,0,1086,2,3,2,7.1098794630722715,0,0,7.1098794630722715,2,0,0,2,2,2,3,6,1,2,30.0,2,528,1,120,0,0,0,0,0,0,6,2009,1,4,11.940393392554734,0,0,0
190,120,3.713572066704308,8.5016733797582,2,1,1,1,1,1,3,3,1,8,5,7,6,2,2,6,0.0,2,3,3,1153,0,440,1593,2,1,2,7.373374309910049,0,0,7.373374309910049,1,0,1,1,0,1,1,5,1,1,7.0,2,682,1,0,120,0,0,224,0,0,8,2008,1,1,12.56374708980199,0,0,0
191,70,4.248495242049359,9.265775078864284,2,1,2,1,1,2,3,3,4,8,8,75,13,4,2,4,0.0,2,3,2,297,0,556,853,2,3,2,7.3453648404168685,1178,0,7.910957382845589,0,0,2,1,3,1,2,10,5,2,75.0,2,440,1,0,74,0,0,0,0,0,12,2007,1,1,12.66032791780777,0,0,0
192,60,4.23410650459726,8.918917979908679,2,2,1,1,3,1,3,3,4,7,9,35,3,2,2,7,138.0,3,3,2,626,0,99,725,2,2,2,6.586171654854675,754,0,7.2991214627108,1,0,1,1,4,1,2,7,1,0,35.0,2,484,1,0,32,0,0,0,0,0,6,2007,1,1,12.122691036591123,1,0,0
193,20,4.219507705176107,9.106866963499908,2,2,1,1,1,1,3,3,1,7,5,10,10,2,2,15,0.0,2,3,3,560,0,871,1431,2,1,2,7.266128779556451,0,0,7.266128779556451,1,0,2,0,3,1,2,6,1,0,10.0,2,666,1,0,35,0,0,0,0,0,9,2009,1,1,12.165250651009918,0,0,0
194,160,3.1780538303479458,7.8328075165248645,2,1,1,1,1,1,3,3,4,7,5,2,2,2,2,15,50.0,2,3,3,0,0,970,970,2,1,2,6.877296071497429,739,0,7.443663683115591,0,0,2,0,3,1,2,7,5,0,2.0,2,380,1,0,40,0,0,0,0,0,5,2006,1,1,11.77528972943772,0,0,0
195,20,4.0943445622221,8.87905466204227,2,2,1,1,1,1,3,3,1,5,7,36,36,4,2,7,0.0,3,3,2,390,0,474,864,2,3,2,6.761572768804055,0,0,6.761572768804055,0,0,1,0,3,1,3,5,1,0,19.0,1,352,1,0,0,0,0,0,0,0,5,2008,1,1,11.751942365440728,0,0,0
196,160,3.1780538303479458,7.731930721948486,2,1,1,1,4,1,3,3,4,6,6,33,33,2,2,11,0.0,3,3,2,566,0,289,855,2,3,2,6.75110146893676,601,0,7.283448228756631,0,0,2,1,3,1,3,7,1,1,33.0,2,440,1,87,0,0,0,0,0,0,7,2009,1,1,11.908340237224891,0,0,0
197,20,4.3694478524670215,9.150165648940114,2,1,1,1,1,1,3,3,1,7,5,0,0,4,2,6,205.0,1,3,3,1126,0,600,1726,2,1,2,7.453561871643373,0,0,7.453561871643373,1,0,2,0,3,1,1,8,1,1,0.0,3,786,1,171,138,0,0,266,0,0,9,2007,4,6,12.650348126203179,0,0,0
198,75,5.159055299214529,10.143252204866574,2,1,1,1,2,1,1,3,4,8,4,88,16,2,2,14,0.0,2,2,3,1036,184,140,1360,2,2,2,7.215239978730097,1360,392,8.043020885298283,1,1,2,0,4,1,2,8,1,1,88.0,2,795,1,0,16,552,0,0,512,0,3,2006,1,2,12.367340793126296,0,0,0
199,75,4.5217885770490405,8.616133139271142,2,1,1,1,2,1,3,3,5,6,6,97,59,2,2,16,0.0,3,3,2,0,0,755,755,2,1,2,6.834108738813838,929,371,7.709308333385869,0,0,1,0,5,1,3,8,1,0,29.0,0,0,1,0,198,30,0,0,0,0,7,2009,1,2,11.55214617812351,0,0,1
200,20,4.330733340286331,9.16858043772795,2,1,1,1,1,1,3,3,1,8,5,5,4,4,2,15,262.0,2,3,3,1088,0,625,1713,2,1,2,7.44600149832412,0,0,7.44600149832412,1,0,2,0,3,1,1,7,1,1,5.0,3,856,1,0,26,0,0,170,0,0,1,2009,1,1,12.524162674153336,0,0,0
201,20,4.382026634673881,9.05321861620397,2,1,1,1,2,1,3,3,1,4,5,7,6,2,2,15,0.0,3,3,3,0,0,1121,1121,2,1,2,7.02197642307216,0,0,7.02197642307216,0,0,2,0,2,1,3,5,1,0,7.0,2,440,1,132,64,0,0,0,0,0,3,2010,1,1,11.84939770159144,0,0,0
202,20,4.31748811353631,9.22276289197474,2,1,1,1,1,1,3,3,1,6,6,31,31,2,2,11,0.0,3,3,2,641,279,276,1196,2,3,2,7.153833801578843,0,0,7.153833801578843,0,1,2,0,3,1,3,6,1,2,28.0,2,473,1,238,83,0,0,0,0,0,2,2008,1,1,12.052338545588132,0,0,0
203,50,3.912023005428146,8.85366542803745,2,1,1,1,2,1,1,3,2,6,6,82,56,2,2,9,0.0,3,2,1,617,0,0,617,2,2,2,6.762729506931879,445,0,7.177782416195197,0,0,2,0,2,1,3,6,2,0,82.0,1,398,1,0,0,126,0,0,0,0,5,2006,5,1,11.626254150277232,0,0,0
204,120,4.23410650459726,8.39795910349254,2,1,1,1,1,1,3,3,1,6,5,4,4,2,2,15,205.0,2,3,3,662,0,186,848,2,1,2,6.742880635791903,0,0,6.742880635791903,1,0,1,0,1,1,2,3,1,1,4.0,2,420,1,149,0,0,0,0,0,0,1,2008,1,1,11.911701584927597,1,0,0
205,50,3.912023005428146,8.160518247477505,2,1,1,1,1,1,3,3,2,5,7,62,59,2,2,1,0.0,3,3,2,312,0,408,720,2,3,2,6.579251212010101,564,0,7.157735484249907,0,0,1,1,2,1,3,5,1,0,61.0,1,240,1,0,35,0,0,0,0,0,4,2009,1,1,11.608235644774552,0,0,0
206,20,4.59511985013459,9.380167531188448,2,1,1,1,2,1,3,3,1,7,5,19,19,2,2,7,0.0,3,3,3,0,0,1424,1424,2,1,2,7.273786317844895,0,0,7.273786317844895,0,0,2,0,3,1,3,5,1,0,19.0,2,500,1,0,34,0,508,0,0,0,5,2009,1,1,12.103486056755072,0,0,0
207,20,3.6888794541139363,9.523178364309082,2,2,1,1,3,1,9,3,1,5,5,45,45,2,2,7,0.0,3,2,2,0,0,1140,1140,2,3,2,7.4360278163518485,0,0,7.4360278163518485,0,0,1,1,3,1,3,8,3,1,45.0,1,349,1,0,30,0,0,0,0,0,3,2007,1,1,11.876873892875459,0,0,0
208,20,4.23410650459726,9.432923766431829,2,2,1,1,1,1,3,3,1,4,5,48,48,2,2,16,0.0,3,3,3,419,306,375,1100,2,3,2,7.003065458786462,0,0,7.003065458786462,1,0,1,0,3,1,3,6,1,1,48.0,1,312,1,355,0,0,0,0,0,0,4,2008,1,1,11.856515169360305,1,0,0
209,60,4.23410650459726,9.572480355345974,2,2,4,1,1,2,3,3,4,7,5,19,18,2,2,11,128.0,2,3,2,1065,0,92,1157,2,1,2,7.07326971745971,882,0,7.631431664576906,1,0,2,1,3,1,3,7,1,1,19.0,2,454,1,60,55,0,0,154,0,0,4,2007,1,1,12.531772785169476,1,0,0
210,20,4.31748811353631,9.017968479328726,2,1,1,1,1,1,3,3,1,6,7,44,44,4,2,7,260.0,3,3,2,787,0,305,1092,2,1,2,6.9957661563048505,0,0,6.9957661563048505,1,0,1,0,3,1,3,6,1,0,44.0,2,504,1,0,0,0,0,0,0,0,7,2008,1,1,11.884489021402711,0,0,0
211,30,4.204692619390966,8.631235907456897,2,1,1,1,1,1,3,3,1,5,6,83,58,2,2,14,0.0,3,3,2,468,0,396,864,2,3,1,6.761572768804055,0,0,6.761572768804055,1,0,1,0,2,1,3,5,1,0,28.0,0,0,1,0,0,96,0,0,0,0,4,2008,1,1,11.49272275765271,0,0,1
212,20,4.418840607796598,9.251482315307358,2,1,1,1,2,1,3,3,1,6,5,1,1,2,2,15,0.0,3,3,3,36,0,1176,1212,2,1,2,7.10002716662926,0,0,7.10002716662926,0,0,2,0,3,1,2,6,1,0,1.0,2,460,1,100,22,0,0,0,0,0,3,2010,1,1,12.133501952695338,0,0,0
213,60,4.276666119016055,9.064157861798101,2,1,1,1,1,1,3,3,4,7,5,0,0,2,2,15,0.0,3,3,3,822,0,78,900,2,1,2,6.837332814685591,920,0,7.524021415206125,1,0,2,1,3,1,2,7,1,1,0.0,2,644,1,168,108,0,0,0,0,0,7,2009,4,6,12.439871229831715,0,0,0
214,20,3.7612001156935624,9.515469358031684,2,3,1,1,3,1,3,3,1,5,5,11,11,2,2,15,0.0,3,3,3,716,0,274,990,2,1,2,6.897704943128636,0,0,6.897704943128636,0,1,1,0,3,1,3,5,1,0,10.0,2,576,1,224,0,0,0,0,0,0,7,2006,1,1,11.957611286231675,0,0,0
215,60,4.23410650459726,9.296518068217235,2,2,1,1,4,1,3,3,4,6,7,33,33,2,2,7,153.0,3,3,2,378,0,311,689,2,1,2,6.535241271013659,703,0,7.238496840894365,0,0,1,1,3,1,3,6,1,0,33.0,1,299,1,0,36,0,0,0,0,450,3,2010,1,1,11.993807212363148,1,0,0
216,20,4.276666119016055,9.211439767419483,2,2,1,1,1,1,3,3,1,5,6,49,10,2,2,7,64.0,3,3,2,360,0,710,1070,2,3,2,7.119635638017636,0,0,7.119635638017636,0,1,1,0,2,1,2,6,2,1,49.0,1,447,1,0,0,0,0,0,0,0,5,2006,1,1,11.80894766169701,0,0,0
217,20,4.174387269895637,9.041921720351219,2,1,1,1,1,1,3,3,1,7,5,4,4,2,2,15,266.0,2,3,3,946,0,490,1436,2,1,2,7.269616749608169,0,0,7.269616749608169,1,0,2,0,3,1,2,8,1,0,4.0,2,484,1,139,98,0,0,0,0,0,4,2008,1,1,12.254862809699606,0,0,0
218,70,4.04305126783455,9.200895913148184,2,1,1,1,1,1,3,3,4,4,4,81,56,2,2,9,0.0,3,3,2,0,0,686,686,2,4,1,6.697034247666484,518,0,7.191429330036379,0,0,1,0,3,1,3,8,1,0,66.0,1,210,1,0,172,60,0,0,0,0,9,2006,1,5,11.580584113444043,0,0,0
219,50,4.23410650459726,9.658864969544794,2,2,1,1,2,1,3,3,2,7,9,69,2,2,2,15,312.0,2,2,2,341,0,457,798,2,1,2,7.036148493750536,817,0,7.577633832602728,0,1,1,1,3,1,2,8,1,2,69.0,2,431,1,0,119,150,0,0,0,0,5,2008,1,1,12.649154617209645,1,0,0
220,120,3.7612001156935624,8.009695357742922,2,1,1,1,1,1,3,3,1,7,5,1,0,2,2,15,16.0,2,3,3,16,0,1232,1248,2,1,2,7.129297548929373,0,0,7.129297548929373,0,0,2,0,2,1,2,5,1,0,1.0,2,438,1,108,0,0,0,0,0,0,3,2006,4,6,12.0271851854705,0,0,0
221,20,4.290459441148391,9.103868127465667,2,2,1,1,1,1,3,3,1,7,5,0,0,2,2,15,0.0,2,3,3,0,0,1498,1498,2,1,2,7.311886164077165,0,0,7.311886164077165,0,0,2,0,2,1,2,5,1,0,0.0,2,675,1,351,33,0,0,0,0,0,4,2006,4,6,12.230277334226992,0,0,0
222,60,4.23410650459726,8.995660899074103,2,2,1,1,1,1,3,3,4,6,5,7,7,2,2,15,0.0,2,3,3,0,0,1010,1010,2,1,2,6.917705609835305,1257,0,7.726212650507529,0,0,2,1,4,1,2,8,1,1,7.0,2,390,1,120,46,0,0,0,0,0,12,2009,8,1,12.206072645530174,1,0,0
223,60,4.442651256490317,9.347926034928745,2,1,1,1,1,1,5,3,4,6,6,31,31,2,2,15,0.0,3,3,2,550,0,163,713,2,3,2,6.698268054115413,741,0,7.347299700743164,1,0,2,1,3,1,3,6,1,1,31.0,2,434,1,209,208,0,0,0,0,0,2,2006,1,1,12.100156419938624,0,0,0
224,20,4.248495242049359,9.259130536145614,2,1,1,1,4,1,3,3,1,4,6,38,38,2,2,7,0.0,3,3,2,524,180,160,864,2,2,2,6.761572768804055,0,0,6.761572768804055,0,0,1,0,2,1,3,4,1,0,20.0,2,576,1,216,0,0,0,0,0,0,3,2009,1,2,11.48246625748552,0,0,0
225,20,4.634728988229636,9.508368736482108,2,1,1,1,1,1,3,3,1,10,5,6,6,4,2,15,922.0,1,3,3,56,0,2336,2392,2,1,2,7.779885115070522,0,0,7.779885115070522,0,0,2,0,3,1,1,8,1,1,6.0,3,968,1,248,105,0,0,0,0,0,6,2009,1,1,12.864240107194092,0,0,0
226,160,3.044522437723423,7.426549072397305,2,1,1,1,1,1,3,3,4,5,5,38,38,2,2,7,142.0,3,3,2,0,0,630,630,2,3,2,6.4457198193855785,672,0,7.171656822768514,0,0,2,1,3,1,3,6,1,0,18.0,1,280,1,0,0,0,0,0,0,0,5,2009,5,2,11.626254150277232,0,0,0
227,60,4.406719247264253,9.205327830152639,2,2,1,1,1,1,3,3,4,7,5,12,12,2,2,15,290.0,2,3,3,565,0,638,1203,2,1,2,7.101675971619444,1306,0,7.832014180505469,0,0,2,1,4,1,2,9,1,1,12.0,3,721,1,224,114,0,0,0,0,0,6,2007,1,2,12.577636201962656,0,0,0
228,160,3.044522437723423,7.533158807455563,2,1,1,1,1,1,3,3,4,6,6,38,38,2,2,7,127.0,3,3,2,321,0,162,483,2,3,2,6.180016653652572,504,0,6.894670039433482,0,0,1,1,2,1,3,5,1,0,21.0,1,280,1,0,0,0,0,0,0,0,9,2008,1,1,11.571194373094205,0,0,0
229,20,4.248495242049359,9.050288983827956,2,1,1,1,4,1,2,3,1,5,5,43,43,2,2,7,0.0,3,3,2,842,0,70,912,2,3,2,6.815639990074331,0,0,6.815639990074331,0,0,1,0,3,1,3,5,1,1,36.0,1,336,1,0,0,0,0,0,0,0,5,2010,1,1,11.736069016284437,0,0,0
230,120,3.7612001156935624,8.065265208897733,2,1,1,1,1,1,3,3,1,7,5,4,3,2,2,15,16.0,2,3,3,16,0,1357,1373,2,1,2,7.349230824613334,0,0,7.349230824613334,0,0,2,0,2,1,2,7,1,1,4.0,2,430,1,143,20,0,0,0,0,0,5,2009,1,1,12.167851432709975,0,0,0
231,20,4.290459441148391,9.077951183930438,2,1,1,1,1,1,3,3,1,6,6,51,51,4,2,9,220.0,3,3,2,0,0,1194,1194,2,3,2,7.085064293952548,0,0,7.085064293952548,1,0,1,0,3,1,3,6,1,0,51.0,1,312,1,0,0,120,0,0,0,0,4,2010,1,1,11.904967552746252,0,0,0
232,60,5.159055299214529,9.624963417869113,2,2,1,1,1,1,3,3,4,8,5,14,13,2,2,15,506.0,2,3,3,689,0,773,1462,2,1,2,7.306531398939505,1304,0,7.935229539816907,1,0,2,1,4,1,1,9,1,1,14.0,3,810,1,0,146,202,0,0,0,0,7,2009,1,1,12.90669184092882,0,0,0
233,160,3.044522437723423,7.426549072397305,2,1,1,1,1,1,3,3,4,6,5,34,34,2,2,7,297.0,3,3,2,0,0,483,483,2,3,2,6.180016653652572,504,0,6.894670039433482,0,0,1,1,2,1,3,5,1,1,34.0,1,288,1,0,0,0,0,0,0,0,6,2006,1,1,11.456355113481834,0,0,0
234,20,4.31748811353631,9.273315171137572,2,1,1,1,2,1,3,3,1,5,6,34,34,2,2,7,0.0,3,3,2,182,712,0,894,2,3,2,6.795705775173514,0,0,6.795705775173514,1,0,1,0,3,1,3,5,1,0,34.0,1,308,1,365,0,0,0,0,0,0,2,2010,1,1,11.761346823468706,0,0,0
235,60,4.23410650459726,8.968396191198256,2,1,1,1,1,1,3,3,4,6,5,8,8,2,2,15,0.0,2,3,3,625,0,235,860,2,1,2,6.756932389247553,1100,0,7.580699752224563,1,0,2,1,4,1,2,8,1,2,8.0,2,440,1,288,48,0,0,0,0,0,5,2010,1,1,12.285345826424681,1,1,0
236,160,3.044522437723423,7.426549072397305,2,1,1,1,1,1,3,3,4,6,3,37,37,2,2,7,604.0,3,3,2,358,0,125,483,2,3,2,6.180016653652572,504,0,6.894670039433482,0,0,1,1,2,1,3,5,1,0,37.0,1,264,1,0,0,0,0,0,0,0,8,2008,1,1,11.401993904262946,0,0,0
237,20,4.174387269895637,9.079434102128383,2,1,1,1,4,1,3,3,1,7,5,6,6,2,2,15,98.0,2,3,3,24,0,1390,1414,2,1,2,7.254177846456518,0,0,7.254177846456518,0,0,2,0,3,1,2,6,1,0,6.0,2,494,1,132,105,0,0,0,0,0,5,2010,1,1,12.130810161029627,0,0,0
238,60,4.23410650459726,9.154087430425385,2,2,1,1,3,1,8,3,4,7,7,17,7,2,2,7,0.0,2,3,3,402,0,594,996,2,1,2,6.921658184151129,730,0,7.463936604468925,0,0,2,1,3,1,2,7,1,0,17.0,2,457,1,370,70,0,238,0,0,0,2,2010,1,1,12.178187442040638,1,0,0
239,20,4.532599493153256,9.395158808968725,2,1,1,1,1,1,3,3,1,8,5,0,0,4,2,15,254.0,1,3,3,0,0,1694,1694,2,1,2,7.434847875211999,0,0,7.434847875211999,0,0,2,0,3,1,2,7,1,0,0.0,3,818,1,168,228,0,0,0,0,0,12,2007,4,6,12.669806661762314,0,0,0
240,50,3.9512437185814275,9.075779878580487,2,1,1,1,1,1,3,3,2,6,4,65,60,2,2,15,0.0,3,3,2,94,0,641,735,2,3,2,6.682108597449809,689,0,7.304515946460155,0,0,1,1,3,1,3,7,1,1,61.0,1,220,1,0,140,0,0,0,0,0,4,2010,1,1,11.635143097694478,0,0,0
241,20,4.31748811353631,9.104979856318357,2,1,1,1,1,1,3,3,1,8,5,2,2,2,2,15,36.0,2,3,3,1078,0,488,1566,2,1,2,7.356279876550748,0,0,7.356279876550748,1,0,2,0,3,1,2,7,1,0,2.0,2,750,1,144,168,0,0,0,0,0,4,2010,1,1,12.478006361013815,0,0,0
242,30,3.6888794541139363,8.263590432617319,2,1,1,1,1,1,3,3,1,5,9,62,10,2,2,15,0.0,3,2,2,329,0,357,686,2,2,2,6.763884908562435,0,0,6.763884908562435,0,0,1,0,2,1,2,4,1,0,27.0,0,0,1,58,42,0,0,0,0,0,8,2007,1,1,11.612770799939945,0,0,1
243,50,4.143134726391533,8.517193191416238,2,1,1,1,2,1,3,3,2,5,4,106,56,2,2,16,0.0,3,3,1,0,0,540,540,2,2,1,6.790097235513905,551,0,7.272398392570047,0,0,1,0,3,1,3,6,1,0,66.0,1,352,1,0,0,77,0,0,0,0,4,2006,1,1,11.27720313144916,0,0,0
244,160,4.31748811353631,9.283776690049365,2,1,1,1,2,1,3,3,4,6,6,29,29,2,2,11,0.0,3,3,2,0,0,626,626,2,3,2,6.439350371100098,591,0,7.104144092987527,0,0,1,1,3,1,3,6,1,1,29.0,1,288,1,0,28,0,0,0,0,0,4,2009,1,1,11.695247021764184,0,0,0
245,60,4.23410650459726,9.091556835986216,2,2,1,1,1,1,3,3,4,7,5,16,8,2,2,15,0.0,2,3,3,695,0,253,948,2,1,2,7.108244139731541,888,0,7.6544432264701125,1,0,2,1,3,1,2,8,1,2,16.0,2,463,1,0,130,0,0,0,0,0,5,2010,1,1,12.230765258120545,1,0,0
246,20,4.382026634673881,9.249561085129464,2,1,1,1,1,1,3,3,1,7,5,18,18,2,2,16,102.0,3,3,2,929,0,916,1845,2,2,2,7.534762657037537,0,0,7.534762657037537,0,1,2,0,3,1,3,6,1,1,18.0,2,604,1,197,39,0,0,0,0,0,6,2006,1,1,12.394624752074764,0,0,0
247,190,4.23410650459726,9.12063445889169,2,1,1,1,1,1,3,3,4,6,8,96,56,2,2,1,0.0,3,4,5,0,0,1020,1020,2,2,1,6.811244378601294,1020,0,7.564238475170491,0,0,2,0,4,2,4,9,1,0,96.0,1,440,1,0,60,112,0,0,0,0,4,2006,1,1,11.827736204810263,0,0,0
248,20,4.31748811353631,9.333442569110167,2,1,1,1,1,1,3,3,1,6,5,52,52,4,2,16,0.0,3,3,2,0,0,1367,1367,2,1,2,7.226209010100671,0,0,7.226209010100671,0,0,1,0,2,1,3,5,1,1,52.0,2,451,1,0,30,0,0,0,0,0,6,2006,1,1,11.84939770159144,0,0,0
249,60,4.276666119016055,9.334061298965942,2,1,1,1,1,1,3,3,4,7,5,4,4,2,2,15,101.0,2,3,3,0,0,840,840,2,1,2,6.733401891837359,828,0,7.419380582918692,0,0,2,1,3,1,2,8,1,0,4.0,2,500,1,144,68,0,0,0,0,0,9,2007,1,1,12.100712129872347,0,0,0
250,50,4.23410650459726,11.976659481202368,2,3,4,1,3,3,3,3,2,6,7,49,1,2,2,16,472.0,2,3,2,697,0,747,1444,2,2,2,7.275172319452771,700,0,7.670428522190693,0,1,2,0,4,1,2,7,1,2,49.0,2,389,1,0,98,0,0,0,0,500,6,2007,1,1,12.531772785169476,1,0,0
251,30,4.007333185232471,8.584851839890053,2,2,1,1,1,1,3,3,1,3,2,70,44,2,2,16,0.0,3,5,2,0,0,728,728,2,1,2,7.174724309836376,0,0,7.174724309836376,0,0,1,0,3,1,4,6,4,0,30.0,0,0,1,263,0,0,0,0,0,450,5,2010,1,1,11.245046019814627,0,0,1
252,120,3.784189633918261,8.465899897028686,2,2,3,1,1,2,3,3,1,8,5,1,0,4,2,15,481.0,2,3,3,1573,0,0,1573,2,1,2,7.393263094763838,0,0,7.393263094763838,1,1,2,0,2,1,2,5,1,1,1.0,2,538,1,123,0,0,0,153,0,0,12,2007,1,5,12.367340793126296,0,0,0
253,60,4.174387269895637,9.031931152002144,2,2,1,1,1,1,3,3,4,6,5,4,4,2,2,15,0.0,2,3,3,0,0,798,798,2,1,2,6.682108597449809,842,0,7.402451520818244,0,0,2,1,3,1,2,6,1,0,4.0,2,520,1,138,45,0,0,0,0,0,12,2008,1,1,12.061046873479915,0,0,0
254,80,4.442651256490317,9.143131622282732,2,1,1,1,1,1,3,3,8,6,7,43,16,4,2,7,108.0,3,3,2,270,580,452,1302,2,1,2,7.171656822768514,0,0,7.171656822768514,0,1,2,0,3,1,2,7,2,0,43.0,1,309,1,333,0,0,0,0,0,0,10,2007,2,1,11.970350312009105,0,0,0
255,20,4.248495242049359,9.035986984831405,2,1,1,1,1,1,3,3,1,5,6,53,53,2,2,9,0.0,3,2,2,922,0,392,1314,2,3,2,7.1808311990445555,0,0,7.1808311990445555,1,0,1,0,3,1,3,5,1,0,53.0,1,294,1,250,0,0,0,0,0,0,6,2010,1,1,11.884489021402711,0,0,0
256,60,4.189654742026425,9.075436609511382,2,2,1,1,1,1,3,3,4,7,5,7,7,2,2,15,302.0,2,3,3,0,0,975,975,2,1,2,6.912742820493176,1286,0,7.736743682453495,0,0,2,1,4,1,2,8,1,1,7.0,2,429,1,192,0,0,0,0,0,0,2,2006,1,1,12.345834587905333,0,0,0
257,60,4.1588830833596715,9.081483749851179,2,2,1,1,1,1,3,3,4,6,5,5,5,2,2,15,0.0,2,3,3,503,0,361,864,2,1,2,6.761572768804055,864,0,7.454719949364001,0,0,2,1,3,1,2,7,1,0,5.0,2,673,1,216,56,0,0,0,0,0,5,2008,1,1,12.24288661865289,0,0,0
258,20,4.219507705176107,9.084096645401932,2,1,1,1,1,1,3,3,1,7,5,3,3,2,2,15,180.0,2,3,3,1334,0,270,1604,2,1,2,7.38025578842646,0,0,7.38025578842646,1,0,2,1,3,1,2,8,1,1,3.0,2,660,1,123,110,0,0,0,0,0,3,2009,1,2,12.301382825334498,0,0,0
259,60,4.382026634673881,9.428270356237505,2,1,1,1,1,1,3,3,4,7,5,7,7,2,2,15,172.0,2,3,3,361,0,602,963,2,1,2,6.870053411798126,829,0,7.491087593534876,0,0,2,1,3,1,2,7,1,1,7.0,2,564,1,0,96,0,245,0,0,0,5,2008,1,1,12.352335152508426,0,0,0
260,20,4.248495242049359,9.44951474036292,2,1,1,1,1,1,3,3,1,5,5,52,52,2,2,4,0.0,3,3,3,0,0,0,0,2,2,2,6.782192056006791,0,0,6.782192056006791,0,0,1,0,2,1,3,4,1,0,52.0,1,308,1,0,45,0,0,0,0,0,12,2008,1,1,11.48246625748552,0,0,0
261,80,4.787491742782046,9.867653099526912,2,1,1,1,2,1,1,3,8,6,5,47,47,2,2,16,399.0,3,3,2,672,690,0,1362,2,3,2,7.231287004327616,0,0,7.231287004327616,1,0,1,0,3,1,3,6,1,1,18.0,2,884,1,0,0,252,0,0,0,0,5,2009,1,1,12.078239274020289,0,0,0
262,60,4.23410650459726,9.168267595554275,2,2,1,1,1,1,3,3,4,8,5,0,0,2,2,6,270.0,2,3,3,0,0,1482,1482,2,1,2,7.301147805856032,1092,0,7.853216388156072,0,0,2,1,3,1,1,10,1,1,0.0,3,868,1,0,148,0,0,0,0,0,11,2007,4,6,12.528156144699286,0,0,0
263,80,4.477336814478207,9.044403844431551,2,2,1,1,2,1,3,3,8,6,7,29,11,2,2,7,46.0,3,3,2,506,0,0,506,2,3,2,7.10002716662926,0,0,7.10002716662926,1,0,1,0,3,1,3,6,1,1,28.0,2,492,1,292,12,0,0,0,0,0,7,2006,1,1,11.925035115797062,0,0,0
264,50,3.912023005428146,8.612503371220562,2,1,1,1,2,1,3,3,2,5,7,81,9,2,2,16,0.0,3,3,1,234,692,0,926,2,3,2,6.8308742346461795,0,390,7.182352111885263,1,0,1,0,3,1,3,6,1,0,36.0,2,484,1,0,0,0,0,0,0,0,4,2010,1,1,11.77528972943772,0,0,0
265,30,3.4011973816621555,8.562548893137034,2,4,2,1,1,1,1,3,1,5,5,83,4,2,2,16,0.0,3,3,1,0,0,680,680,2,2,1,6.638567789166521,0,0,6.638567789166521,0,0,1,0,2,1,3,4,1,0,43.0,2,504,3,0,0,0,0,0,0,0,6,2008,1,1,11.198214720130528,0,0,0
266,20,4.356708826689592,9.400133943608838,2,2,1,1,1,1,3,3,1,6,6,27,27,2,2,9,210.0,3,2,2,588,228,606,1422,2,3,2,7.259819610363186,0,0,7.259819610363186,0,0,2,0,3,1,2,7,1,1,27.0,2,576,1,276,0,0,0,0,0,0,6,2008,1,1,12.075394321888057,0,0,0
267,60,4.248495242049359,9.324293862052029,2,2,3,1,4,1,3,3,4,6,5,9,9,2,2,15,0.0,3,3,3,714,0,88,802,2,2,2,6.687108607866515,709,0,7.32052696227274,1,0,2,1,3,1,3,8,1,1,9.0,2,413,1,95,75,0,0,0,0,0,6,2006,1,1,12.128111104060462,0,0,0
268,75,4.0943445622221,9.035986984831405,2,1,2,1,1,2,3,3,5,5,8,69,11,2,2,16,0.0,3,3,3,378,0,342,720,2,1,2,6.9584483932976555,720,420,7.692569648067906,0,0,2,1,4,1,2,8,1,1,69.0,1,240,1,262,24,0,0,0,0,0,7,2008,1,1,12.097930486910471,0,0,0
269,30,4.2626798770413155,8.83927669058535,2,1,1,1,1,1,3,3,1,5,6,68,53,2,2,15,0.0,3,3,2,403,125,212,740,2,1,2,6.656726524178391,0,0,6.656726524178391,0,0,1,0,2,1,3,4,1,1,42.0,1,924,1,0,25,0,0,0,0,0,2,2008,1,1,11.699405031912846,0,0,0
270,20,4.23410650459726,8.976767625171433,2,2,1,1,2,1,3,3,1,6,7,31,31,4,2,7,174.0,3,2,2,751,0,392,1143,2,3,2,7.014814351275545,0,0,7.014814351275545,1,0,1,1,3,1,3,6,1,1,20.0,1,504,1,370,30,0,0,0,0,0,5,2007,1,1,11.904967552746252,1,0,0
271,60,4.430816798843313,9.280612424961515,2,1,1,1,1,1,3,3,4,8,5,0,0,2,2,15,0.0,2,3,3,0,0,1095,1095,2,2,2,6.9985096422506015,844,0,7.569927655242652,0,0,2,1,3,1,2,8,1,1,0.0,3,1053,1,192,51,0,0,0,0,0,8,2006,4,6,12.491251587763836,0,0,0
272,20,4.290459441148391,10.573980042531268,2,2,4,1,3,3,3,3,1,7,7,54,3,1,3,11,0.0,3,3,2,226,1063,96,1385,2,1,2,7.217443431696533,0,0,7.217443431696533,1,0,1,0,2,1,3,5,4,2,54.0,2,439,1,81,0,0,0,0,0,0,4,2008,1,1,12.394624752074764,0,0,0
273,60,4.5217885770490405,9.372799299673886,2,2,1,1,3,1,3,3,4,8,7,11,3,2,2,15,348.0,2,3,3,524,0,628,1152,2,1,2,7.059617628291383,1106,0,7.727535110475448,0,0,2,1,4,1,2,9,1,1,11.0,3,671,1,132,57,0,0,0,0,0,4,2010,1,1,12.577636201962656,0,0,0
274,20,4.382026634673881,9.169518377455928,2,1,1,1,1,1,2,3,1,6,6,51,21,4,2,16,183.0,3,3,2,620,620,0,1240,2,2,2,7.397561535524052,0,0,7.397561535524052,1,0,2,0,3,1,3,6,2,1,51.0,1,338,1,289,0,0,0,0,0,0,4,2009,1,1,11.842229212112828,0,0,0
275,20,4.330733340286331,9.025696119812583,2,1,1,1,2,1,3,3,1,5,7,25,25,2,2,7,0.0,3,3,2,546,0,270,816,2,3,2,6.704414354964107,0,0,6.704414354964107,0,0,1,0,2,1,3,5,1,0,25.0,1,264,1,168,0,0,0,0,0,0,6,2007,1,1,11.732060994886899,0,0,0
276,50,4.007333185232471,8.890685920281129,2,1,1,1,1,1,3,3,2,7,7,84,2,2,2,16,0.0,2,2,1,0,0,952,952,3,2,1,6.858565034791365,596,0,7.344719054149673,0,0,2,1,3,1,1,5,1,0,31.0,2,672,1,74,0,0,0,144,0,0,10,2009,1,1,12.230765258120545,0,0,0
277,20,4.859812404361672,9.126523885883072,2,2,1,1,1,1,3,3,1,7,5,7,7,2,2,15,0.0,2,3,3,0,0,1560,1560,2,1,2,7.352441100243583,0,0,7.352441100243583,0,0,2,0,3,1,2,7,1,0,7.0,2,573,1,100,150,0,0,0,0,0,4,2010,1,1,12.211060187041213,0,0,0
278,20,4.941642422609304,9.859431166339208,2,1,1,1,2,1,3,3,1,4,5,59,59,2,2,15,0.0,3,3,2,120,0,744,864,2,1,2,6.761572768804055,0,0,6.761572768804055,0,0,1,0,2,1,3,4,1,0,59.0,2,400,1,0,0,0,0,0,0,0,6,2010,1,1,11.856515169360305,0,0,0
279,20,4.672828834461906,9.578449693540579,2,1,1,1,1,1,3,3,1,9,5,1,0,2,2,6,315.0,1,3,3,0,0,2121,2121,2,1,2,7.659642954564682,0,0,7.659642954564682,0,0,2,1,3,1,1,8,1,1,0.0,3,732,1,124,98,0,0,142,0,0,5,2007,4,6,12.936751613811438,0,0,0
280,60,4.418840607796598,9.210840247017833,2,1,1,1,1,1,3,3,4,7,5,31,31,4,2,11,299.0,3,3,2,392,0,768,1160,2,1,2,7.052721049232323,866,0,7.611842399580417,0,0,2,1,4,1,3,8,1,1,31.0,2,505,1,288,117,0,0,0,0,0,3,2008,1,1,12.165250651009918,0,0,0
281,60,4.406719247264253,9.331406899955626,2,1,1,1,1,1,3,3,4,7,6,18,18,2,2,11,340.0,2,3,2,421,0,386,807,2,2,2,7.069023426578259,807,0,7.591861714889934,0,0,2,1,3,1,2,7,1,1,18.0,2,575,1,0,84,0,196,0,0,0,1,2007,1,1,12.339291489316397,0,0,0
282,20,4.0943445622221,8.881836305004146,2,1,1,1,1,1,3,3,1,6,5,0,0,2,2,15,68.0,2,3,3,905,0,357,1262,2,2,2,7.140453043101158,0,0,7.140453043101158,0,0,2,0,2,1,2,5,1,0,0.0,2,572,1,0,120,0,0,0,0,0,5,2006,4,6,12.128111104060462,0,0,0
283,120,3.5263605246161616,8.529714471969909,2,1,1,1,1,1,3,3,1,7,5,2,1,2,2,15,166.0,2,3,3,904,0,410,1314,2,1,2,7.1808311990445555,0,0,7.1808311990445555,1,0,2,0,2,1,2,6,1,1,1.0,2,626,1,172,62,0,0,0,0,0,4,2009,7,1,12.24288661865289,0,0,0
284,20,4.30406509320417,9.17076759685636,2,1,1,1,1,1,2,3,1,8,5,1,0,2,2,15,72.0,2,3,3,0,0,1468,1468,2,1,2,7.291656209174461,0,0,7.291656209174461,0,0,2,0,3,1,2,6,1,1,1.0,3,898,1,210,150,0,0,0,0,0,12,2009,4,6,12.407379502235209,0,0,0
285,120,3.912023005428146,8.988695696785708,2,1,1,1,1,1,3,3,1,6,5,15,15,2,2,11,0.0,2,3,3,430,0,1145,1575,2,2,2,7.362010551259734,0,0,7.362010551259734,1,0,2,0,2,1,2,5,1,0,15.0,2,529,1,0,0,52,0,0,0,0,7,2007,1,1,12.096257779522967,0,0,0
286,160,3.5553480614894135,8.35490952835879,2,2,1,1,1,1,3,3,4,7,5,1,0,2,2,9,0.0,2,3,3,0,0,625,625,2,1,2,6.437751649736401,625,0,7.1308988302963465,0,0,2,1,2,1,2,5,1,0,1.0,2,528,1,0,54,0,0,0,0,0,6,2007,4,6,12.011880916165731,0,0,0
287,50,4.343805421853684,9.188708071849069,2,2,2,1,1,1,3,3,2,6,7,44,25,2,2,16,0.0,3,3,2,600,0,312,912,2,3,2,6.98933526597456,649,0,7.458186157340487,0,0,1,1,3,1,2,7,1,1,44.0,2,440,1,0,0,0,0,128,0,0,6,2006,1,1,11.976659481202368,0,0,0
288,20,4.23410650459726,9.002701007197938,2,2,1,1,2,1,3,3,1,4,4,35,35,2,2,7,0.0,3,3,2,614,0,244,858,2,3,2,6.754604099487962,0,0,6.754604099487962,0,0,1,0,3,1,3,5,1,0,26.0,0,0,1,0,0,0,0,0,0,0,6,2006,1,1,11.385092093460344,1,0,1
289,20,4.23410650459726,9.19207456316929,2,2,1,1,1,1,3,3,1,5,5,43,43,2,2,9,31.0,3,2,2,450,0,432,882,2,3,2,6.802394763324311,0,0,6.802394763324311,0,0,1,0,3,1,3,5,1,0,40.0,1,280,1,0,0,0,0,0,0,0,2,2010,1,1,11.711776323715394,1,0,0
290,70,4.0943445622221,9.074520648833648,2,1,1,1,1,1,5,3,4,6,7,92,4,2,2,16,0.0,3,3,1,0,0,698,698,2,1,2,6.548219102762372,698,0,7.241366283322318,0,0,1,0,3,1,3,7,1,0,4.0,1,384,1,0,0,0,0,259,0,0,7,2007,1,1,11.941944326032129,0,0,0
291,60,4.787491742782046,9.655731072956666,2,1,1,1,1,1,3,3,4,8,5,0,0,2,2,15,0.0,2,3,3,0,0,1079,1079,2,1,2,6.983789965258135,840,0,7.5595594960077,0,0,2,1,3,1,2,8,1,1,0.0,2,685,1,0,51,0,0,0,0,0,7,2006,4,6,12.359780370124389,0,0,0
292,190,4.007333185232471,8.645938147306799,2,1,2,1,1,1,3,3,4,5,6,96,8,2,2,15,0.0,3,4,3,210,0,570,780,2,1,1,6.841615476477592,780,0,7.447751280047908,1,0,2,0,6,1,4,9,1,0,28.0,0,0,3,0,184,0,0,0,0,0,3,2008,1,1,11.819674600139235,0,0,1
293,50,4.0943445622221,9.34215779659637,2,1,1,1,1,1,3,3,2,5,4,60,1,2,2,16,0.0,3,3,2,292,0,476,768,2,2,2,7.045776576879511,568,0,7.447751280047908,0,0,1,1,3,1,3,8,3,1,60.0,1,281,1,0,0,0,0,160,0,0,1,2009,1,1,11.782952602183288,0,0,0
294,60,4.23410650459726,9.720705889909716,2,2,1,1,2,1,7,3,4,7,7,29,12,2,2,11,34.0,3,3,2,795,0,0,795,2,4,2,7.291656209174461,795,0,7.724446645633537,1,0,2,1,3,1,2,9,1,1,29.0,2,539,1,0,250,0,0,0,0,0,3,2006,1,1,12.367340793126296,1,0,0
295,20,4.382026634673881,9.169518377455928,2,1,1,1,1,1,3,3,1,6,5,56,56,4,2,7,238.0,3,3,2,1285,0,131,1416,2,3,2,7.404887575616125,0,0,7.404887575616125,1,0,1,0,3,1,3,7,1,2,56.0,2,418,1,110,0,0,0,0,0,0,10,2009,1,1,12.025749091398891,0,0,0
296,80,3.6109179126442243,8.979290649090876,2,2,1,1,3,1,3,3,8,6,6,22,22,2,2,7,0.0,3,3,2,819,0,184,1003,2,3,2,6.910750787961936,0,0,6.910750787961936,1,0,1,0,3,1,3,6,1,0,22.0,2,588,1,120,0,0,0,0,0,0,3,2006,1,1,11.867097278690842,0,0,0
297,50,4.31748811353631,9.52588077255636,2,1,1,1,1,1,3,3,2,5,5,57,57,2,2,16,0.0,3,3,2,420,0,490,910,2,3,2,6.813444599510896,648,0,7.351158226430694,0,0,1,1,4,1,3,6,1,0,57.0,1,282,1,289,0,0,0,0,0,0,6,2007,1,1,11.931635799828413,0,0,0
298,60,4.189654742026425,8.90910013492555,2,2,1,1,1,1,3,3,4,7,5,10,9,4,2,15,1600.0,2,3,3,649,0,326,975,2,1,2,6.882437470997847,975,0,7.575584651557793,0,0,2,1,3,1,2,7,1,1,10.0,2,576,1,0,10,0,0,198,0,0,6,2007,1,1,12.384218830913648,0,0,0
299,60,4.499809670330265,9.367344120785848,2,1,1,1,1,1,3,3,4,6,6,39,39,5,2,7,365.0,2,3,2,384,175,143,702,2,2,2,6.947937068614969,702,0,7.463363045520021,0,1,1,2,3,1,3,7,1,1,39.0,2,539,1,224,0,0,0,0,0,0,6,2007,1,1,12.072541252905651,0,0,0
300,20,4.382026634673881,9.546812608597396,2,1,1,1,1,1,3,3,1,6,8,59,5,2,2,7,0.0,3,2,2,0,0,1092,1092,2,1,2,7.049254841255837,0,0,7.049254841255837,0,1,1,0,3,1,2,6,1,1,59.0,1,300,1,0,36,0,0,0,0,0,8,2009,1,5,11.973509872299472,0,0,0
301,190,4.499809670330265,9.66459564425378,2,1,1,1,2,1,3,3,1,5,5,53,53,4,2,9,56.0,3,3,2,841,0,324,1165,2,3,2,7.197435354096591,0,0,7.197435354096591,1,0,1,0,2,1,3,5,1,2,53.0,1,375,1,0,0,0,0,0,0,0,6,2006,1,1,11.964001084330445,0,0,0
302,60,4.189654742026425,9.69437017295501,2,4,1,1,1,1,3,3,4,8,5,9,8,2,2,15,0.0,2,3,3,281,0,747,1028,2,1,2,7.098375638590786,1242,0,7.804659297056102,0,0,2,1,4,1,2,9,1,1,9.0,2,683,1,208,50,0,0,0,0,0,5,2007,1,1,12.495003937382387,0,0,0
303,20,4.770684624465665,9.525443040003957,2,2,1,1,2,1,3,3,1,7,5,5,4,2,2,15,150.0,2,3,3,0,0,1541,1541,2,1,2,7.340186835320115,0,0,7.340186835320115,0,0,2,0,3,1,2,6,1,1,5.0,3,843,1,468,81,0,0,0,0,0,1,2006,1,1,12.230765258120545,0,0,0
304,20,4.248495242049359,9.190137664658664,2,1,1,1,2,1,3,3,1,5,7,34,34,2,2,15,0.0,3,3,3,894,0,0,894,2,3,2,6.795705775173514,0,0,6.795705775173514,1,0,1,0,3,1,3,5,1,0,31.0,2,552,1,256,0,0,0,0,0,0,7,2006,1,2,11.917723684090689,0,0,0
305,75,4.465908118654584,9.8193447844237,2,1,1,1,1,1,3,3,5,7,9,128,6,2,2,6,0.0,3,3,1,0,0,1470,1470,2,1,2,7.423568444259167,1818,0,8.158516244806831,0,0,3,0,3,1,2,10,1,1,5.0,3,870,1,302,0,0,0,0,0,0,5,2008,1,1,12.594730635321957,0,0,0
306,20,4.382026634673881,9.248214024404264,2,1,1,1,1,1,3,3,1,8,5,3,2,2,2,6,246.0,2,3,3,1464,0,536,2000,2,1,2,7.600902459542082,0,0,7.600902459542082,1,0,2,0,3,1,2,8,1,0,3.0,3,888,1,168,0,0,0,0,0,0,7,2007,1,1,12.631013530138995,0,0,0
307,60,4.7535901911063645,9.508517181520606,2,1,1,1,1,1,2,3,4,7,5,17,16,2,2,7,246.0,2,3,2,700,0,0,700,2,2,2,7.022868086082641,1121,0,7.715569534520208,1,0,2,1,4,1,2,8,1,1,17.0,3,746,1,127,44,224,0,0,0,0,6,2007,1,1,12.323855681186558,0,0,0
308,50,4.23410650459726,8.977146484808472,2,2,1,1,1,1,1,3,2,6,7,88,58,2,2,9,0.0,3,4,2,0,0,319,319,2,3,2,6.942156705699469,371,0,7.2485040723706105,0,0,1,0,3,1,4,6,1,0,28.0,0,0,3,0,144,0,0,0,0,0,3,2008,1,1,11.401993904262946,1,0,1
309,30,4.23410650459726,9.420763358881013,2,2,1,1,1,1,3,3,1,4,5,69,59,2,2,15,0.0,3,3,2,262,0,599,861,2,1,2,6.7580945044277305,0,0,6.7580945044277305,0,0,1,0,1,1,3,4,1,0,48.0,2,539,1,158,0,0,0,0,0,0,3,2009,1,1,11.320553572322773,1,0,0
310,20,4.499809670330265,9.423675982299306,2,2,1,1,1,1,3,3,1,9,5,3,2,2,2,15,0.0,2,3,3,1274,0,622,1896,2,1,2,7.572502985020384,0,0,7.572502985020384,1,0,2,0,3,1,1,8,1,3,3.0,3,708,1,208,175,0,0,0,0,0,11,2006,1,1,12.793859310432293,0,0,0
311,60,4.23410650459726,8.947025655972697,2,2,1,1,1,1,3,3,4,6,5,13,12,2,2,7,112.0,3,3,3,518,0,179,697,2,2,2,6.546785410760524,804,0,7.313886831633462,0,0,2,1,3,1,2,6,1,1,13.0,2,420,1,190,63,0,0,0,0,0,5,2006,1,1,12.017330520933296,1,0,0
312,20,3.912023005428146,8.987196820661973,2,1,1,1,1,1,3,3,1,6,6,61,7,2,2,15,0.0,3,2,2,680,0,292,972,2,1,2,6.879355804460439,0,0,6.879355804460439,1,0,1,0,2,1,3,5,1,1,61.0,1,240,1,0,0,0,0,0,0,0,5,2009,1,1,11.790557201568507,0,0,0
313,190,4.174387269895637,8.961879012677683,2,1,1,1,1,1,1,3,2,5,7,67,56,2,2,9,0.0,3,3,2,507,0,286,793,2,3,2,6.675823221634848,325,0,7.0192966537150445,1,0,1,0,3,1,3,5,1,1,67.0,2,410,1,0,0,0,0,271,0,0,5,2006,1,1,11.694413341015606,0,0,0
314,20,5.0106352940962555,12.279532193216468,2,4,4,1,1,3,3,3,1,7,5,44,44,4,2,4,0.0,3,3,2,1236,820,80,2136,3,3,2,7.618742377670413,0,0,7.618742377670413,2,0,2,0,3,1,3,8,1,2,44.0,2,513,1,0,0,0,0,0,0,0,6,2009,1,1,12.834681304952548,0,0,0
315,70,4.0943445622221,9.169518377455928,2,1,1,1,1,1,3,3,4,7,7,81,16,2,2,16,0.0,3,3,1,16,0,712,728,2,1,2,6.723832440821209,809,0,7.403061091090091,0,1,1,1,3,1,1,6,1,1,81.0,2,546,1,0,0,234,0,0,0,0,8,2006,1,1,12.089538829274222,0,0,0
316,60,4.2626798770413155,8.961237781491876,2,2,1,1,1,1,3,3,4,7,5,5,4,2,2,15,0.0,2,3,3,425,0,291,716,2,1,2,6.573680166960646,716,0,7.266827347520591,1,0,2,1,3,1,2,6,1,1,5.0,2,432,1,100,51,0,0,0,0,0,7,2009,1,1,12.146853285870202,0,0,0
317,60,4.543294782270004,9.473089177882752,2,2,1,1,2,1,3,3,4,7,7,29,29,2,2,6,278.0,2,3,2,692,0,153,845,2,3,2,7.050122520269059,1200,0,7.763446388727362,1,0,2,1,4,1,1,10,1,1,26.0,2,484,1,288,195,0,0,0,0,0,8,2009,1,1,12.468436909997665,0,0,0
318,60,4.31748811353631,9.104979856318357,2,1,1,1,1,1,3,3,4,8,5,1,1,2,2,15,0.0,2,3,3,0,0,1088,1088,2,1,2,6.992096427415888,871,0,7.580189417944541,0,0,2,1,3,1,2,8,1,1,1.0,3,1025,1,208,46,0,0,0,0,0,12,2007,1,1,12.506177237980511,0,0,0
319,60,4.499809670330265,9.20029003612268,2,1,4,1,1,2,3,3,4,7,5,16,16,2,2,7,256.0,2,3,3,987,0,360,1347,2,1,2,7.22402480828583,1274,0,7.880804344674901,1,0,2,1,4,1,2,9,1,1,16.0,3,656,1,340,60,144,0,0,0,0,4,2009,1,1,12.468436909997665,0,0,0
320,80,4.23410650459726,9.55499334068759,2,1,1,1,1,1,3,3,8,7,5,29,29,2,2,11,225.0,3,3,2,1036,0,336,1372,2,3,2,7.294377299288821,0,0,7.294377299288821,1,0,2,0,3,1,3,6,1,2,29.0,2,588,1,233,48,0,0,0,0,0,6,2009,1,1,12.141534124392603,1,0,0
321,60,4.709530201312334,9.696401880595555,2,1,1,1,2,1,3,3,4,9,5,0,0,2,2,15,370.0,3,3,3,0,0,1249,1249,2,1,2,7.130098510125578,1347,0,7.86172707782398,0,0,3,1,4,1,2,9,1,0,0.0,3,840,1,240,154,0,0,0,0,0,9,2006,4,6,12.7444443677961,0,0,0
322,60,4.59511985013459,9.400878083541478,2,2,1,1,1,1,3,3,4,8,5,3,3,2,2,15,388.0,2,3,3,970,0,166,1136,2,1,2,7.035268599281097,1332,0,7.811163385025279,1,0,2,1,4,1,2,10,1,1,3.0,3,872,1,184,154,0,0,0,0,0,6,2007,1,1,12.777052192115912,0,0,0
323,60,4.454347296253507,9.24763615671988,2,2,1,1,1,1,3,3,4,7,5,21,20,2,2,11,172.0,2,3,2,28,1474,0,1502,2,1,2,7.347943823148687,1177,0,7.912056888179006,1,0,2,1,4,1,2,8,1,1,20.0,2,576,1,201,96,0,0,0,0,0,8,2007,1,1,12.614865543731012,0,0,0
324,20,3.8918202981106265,8.669055540725484,2,1,1,1,1,1,3,3,1,3,8,51,1,2,2,15,0.0,3,2,2,256,0,906,1162,2,1,2,7.0587581525186645,0,0,7.0587581525186645,1,0,1,0,3,1,3,6,1,0,51.0,1,220,1,142,98,0,0,0,0,0,7,2006,1,1,11.745425111208464,0,0,0
325,80,4.564348191467836,9.330343164370879,2,1,1,1,2,1,6,3,8,7,7,43,3,5,7,16,300.0,2,2,2,0,0,710,710,2,1,2,7.5485559791698735,1080,0,7.999007213243955,0,0,2,1,5,1,2,11,1,1,49.0,2,564,1,240,0,0,0,0,0,0,6,2010,1,1,12.396693005138824,0,0,0
326,45,3.912023005428146,8.517193191416238,2,1,1,1,1,1,9,3,3,5,6,66,57,2,2,9,0.0,3,3,2,116,0,604,720,2,5,1,6.688354713946762,0,0,6.688354713946762,0,0,1,0,2,1,3,5,1,0,66.0,2,360,1,0,0,244,0,0,0,0,12,2007,1,1,11.37366339763672,0,0,0
327,120,3.4657359027997265,9.291551627401006,2,2,1,1,3,1,3,3,1,8,5,15,15,2,2,4,0.0,2,3,3,1619,0,100,1719,2,1,2,7.449498005382849,0,0,7.449498005382849,2,0,1,1,1,1,2,6,1,2,15.0,2,473,1,122,30,0,0,0,0,0,5,2008,6,1,12.688498794774466,0,0,0
328,20,4.382026634673881,9.358760377094455,2,1,1,1,1,1,3,3,1,6,5,46,46,4,2,16,175.0,3,3,2,565,0,818,1383,2,3,2,7.232010331664759,0,0,7.232010331664759,0,0,1,1,3,1,3,7,1,0,46.0,1,292,1,0,45,0,0,0,0,0,4,2006,1,1,11.886211674714158,0,0,0
329,75,4.23410650459726,9.38328476695754,2,2,2,1,1,1,6,3,6,6,6,93,15,2,2,16,0.0,3,3,1,0,0,844,844,2,2,1,7.275864600546533,689,0,7.665753431861699,0,0,2,0,5,1,2,10,1,0,79.0,2,441,1,0,60,268,0,0,0,0,7,2009,1,1,12.27606501735021,1,0,0
330,70,4.0943445622221,8.764365720529808,2,1,1,1,2,1,3,3,4,5,5,89,59,2,2,16,0.0,3,3,3,0,0,596,596,2,3,1,6.39024066706535,596,0,7.083387847625295,0,0,1,0,3,1,3,6,1,0,89.0,1,189,3,0,0,137,0,0,0,0,7,2009,1,1,11.26446410567173,0,0,0
331,90,4.23410650459726,9.270870871716214,2,2,1,1,1,1,3,3,1,5,4,43,43,2,2,7,84.0,3,3,2,40,264,1424,1728,2,3,2,7.454719949364001,0,0,7.454719949364001,0,1,2,0,6,2,3,10,1,0,5.0,1,352,1,155,0,0,0,0,0,0,11,2007,1,1,11.686878772093667,1,0,0
332,20,4.248495242049359,9.008958312443486,2,1,1,1,1,1,3,3,1,5,6,49,15,2,2,16,0.0,3,3,2,846,0,210,1056,2,4,2,6.962243464266207,0,0,6.962243464266207,1,0,1,0,3,1,3,6,1,0,49.0,1,308,1,0,0,0,0,0,0,0,8,2007,1,1,11.842229212112828,0,0,0
333,20,4.442651256490317,9.273784544532717,2,2,1,1,1,1,3,3,1,8,5,6,5,2,2,15,296.0,2,3,3,1124,479,1603,3206,2,1,2,7.395721608602045,0,0,7.395721608602045,1,0,2,0,3,1,2,7,1,1,6.0,3,880,1,0,0,0,0,0,0,0,10,2009,1,1,12.556729517143344,0,0,0
334,120,4.07753744390572,9.011645501064283,2,1,1,1,5,1,3,3,1,7,5,4,4,2,2,15,146.0,2,3,3,720,0,638,1358,2,1,2,7.213768308118642,0,0,7.213768308118642,1,0,2,0,2,1,2,6,1,1,4.0,2,484,1,192,30,0,0,0,0,0,7,2008,1,1,12.240474072247506,0,0,0
335,60,4.07753744390572,9.109635667854551,2,2,1,1,1,1,3,3,4,6,5,10,10,2,2,15,0.0,3,3,3,828,0,115,943,2,2,2,6.849066282633458,695,0,7.401231264413015,1,0,2,1,3,1,3,7,1,2,10.0,2,472,1,100,38,0,0,0,0,0,7,2008,1,1,12.165250651009918,0,0,0
336,190,4.23410650459726,12.011638020852416,1,2,3,1,2,3,3,3,2,5,6,43,43,2,2,11,0.0,3,3,2,1249,147,103,1499,2,1,2,7.389563953677635,167,0,7.487733761436444,2,0,2,0,3,1,3,7,1,2,43.0,2,529,1,670,0,0,0,0,0,700,8,2008,1,1,12.341258918085241,1,0,0
337,20,4.454347296253507,9.557964480394498,2,2,3,1,2,1,3,3,1,9,5,2,1,4,2,15,200.0,2,3,3,1249,0,673,1922,2,1,2,7.561121589530238,0,0,7.561121589530238,1,0,2,0,3,1,2,8,1,1,2.0,3,676,1,178,51,0,0,0,0,0,7,2007,1,1,12.841129801965447,0,0,0
338,20,4.248495242049359,9.119868468812108,2,1,1,1,1,1,3,3,1,7,5,6,5,2,2,15,113.0,2,3,3,810,0,726,1536,2,1,2,7.336936913707618,0,0,7.336936913707618,1,0,2,0,3,1,2,7,1,0,6.0,2,532,1,192,74,0,0,0,0,0,12,2008,1,1,12.273731294003989,0,0,0
339,20,4.51085950651685,9.557116483735667,2,1,1,1,2,1,3,3,1,7,7,22,8,2,2,16,0.0,2,3,2,213,0,995,1208,2,1,2,7.390798521735676,0,0,7.390798521735676,1,0,2,0,3,1,2,8,1,0,22.0,2,440,1,108,45,0,0,0,0,400,5,2006,1,1,12.218495165528731,0,0,0
340,20,4.189654742026425,9.425451751593128,2,2,1,1,1,1,2,3,1,6,7,51,11,4,2,16,176.0,3,3,2,585,0,630,1215,2,3,2,7.102499355774649,0,0,7.102499355774649,0,0,1,0,3,1,3,6,1,0,51.0,1,297,1,0,0,0,0,234,0,0,6,2009,1,1,11.951180395901384,0,0,0
341,60,4.442651256490317,9.560363239834537,2,1,1,1,1,1,3,3,4,8,5,8,8,2,2,15,0.0,2,3,3,0,0,967,967,2,1,2,6.900730664045173,915,0,7.553810852008231,0,0,2,1,4,1,2,9,1,0,8.0,2,431,1,135,0,0,0,0,0,0,4,2010,1,1,12.220468525813907,0,0,0
342,20,4.0943445622221,9.035986984831405,2,1,1,1,1,1,2,3,1,4,4,59,59,2,2,16,0.0,4,4,2,0,0,721,721,2,2,2,6.734591659972948,0,0,6.734591659972948,0,0,1,0,2,1,3,4,1,0,59.0,1,294,3,250,0,24,0,0,0,0,9,2009,1,1,11.314474526246391,0,0,0
343,90,4.23410650459726,9.052984561199976,2,1,1,1,1,1,3,3,1,3,4,57,56,2,2,14,340.0,3,3,4,0,0,0,0,6,4,1,6.946975992135418,0,0,6.946975992135418,0,0,2,0,2,2,3,6,1,0,57.0,2,400,1,0,0,0,0,0,0,0,5,2006,1,1,11.379394072345706,1,0,0
344,120,4.143134726391533,9.08805973726735,2,2,1,1,1,1,3,3,1,9,5,3,3,4,2,9,616.0,1,3,3,28,0,1656,1684,2,1,2,7.428927194802272,0,0,7.428927194802272,0,0,2,0,2,1,1,6,1,1,3.0,2,564,1,495,72,0,0,0,0,0,7,2008,1,1,12.491251587763836,0,0,0
345,160,3.58351893845611,7.860185057472165,2,1,1,1,1,1,3,3,4,5,3,34,34,2,2,6,0.0,3,3,2,129,232,175,536,2,3,2,6.284134161070802,576,0,7.013915474810528,0,0,1,1,3,1,3,4,1,0,34.0,1,336,1,182,0,0,0,0,0,0,4,2010,1,1,11.350406535472453,0,0,0
346,50,4.174387269895637,8.769507120030227,2,1,1,1,1,1,5,3,2,6,5,67,56,2,2,9,0.0,3,3,1,0,0,972,972,2,2,2,6.879355804460439,605,0,7.3632795869630385,0,0,1,0,3,1,4,6,1,1,67.0,1,312,1,0,0,0,0,0,0,0,10,2006,1,1,11.850825253582627,0,0,0
347,20,4.23410650459726,9.455010553834672,2,2,1,1,3,1,3,3,1,6,8,47,9,4,2,9,0.0,3,2,2,498,0,460,958,2,3,2,6.86484777797086,0,0,6.86484777797086,0,0,1,0,2,1,3,5,1,0,47.0,1,301,1,0,0,0,0,0,0,15500,4,2007,1,1,11.928340903931561,1,0,0
348,20,4.23410650459726,9.775654181026242,2,2,1,1,1,1,3,3,1,6,5,49,49,2,2,16,30.0,3,3,2,1270,0,208,1478,2,1,2,7.298445101508147,0,0,7.298445101508147,1,0,2,0,3,1,3,6,1,2,49.0,2,498,1,0,40,0,0,0,0,0,12,2009,1,1,11.967180737247824,1,0,0
349,160,3.58351893845611,7.803026643632217,2,1,1,1,1,1,3,3,4,7,5,5,4,2,2,15,106.0,2,3,3,573,0,191,764,2,1,2,6.638567789166521,862,0,7.3938782901077555,1,0,2,1,2,1,2,6,1,0,5.0,2,474,1,0,27,0,0,0,0,0,10,2008,1,1,11.944707881395766,0,0,0
350,60,4.02535169073515,9.924808634239811,2,3,1,1,1,1,3,3,4,9,5,1,0,4,2,6,870.0,1,3,3,1410,0,438,1848,2,1,2,7.521859252201629,880,0,7.911324018963353,1,0,2,1,4,1,1,10,1,2,0.0,3,706,1,0,0,0,0,0,0,0,4,2006,4,6,12.988040814744458,0,0,0
351,120,4.219507705176107,8.964439833539357,2,2,1,1,1,1,3,3,1,9,5,0,0,4,2,9,362.0,1,3,3,0,0,1869,1869,2,1,2,7.533158807455563,0,0,7.533158807455563,0,0,2,0,2,1,1,6,1,1,0.0,2,617,1,210,54,0,0,0,0,0,12,2007,4,6,12.669998467265833,0,0,0
352,120,4.23410650459726,8.569975376855206,2,2,4,1,1,2,3,3,1,7,5,20,20,2,2,16,0.0,3,3,3,1082,0,371,1453,2,2,2,7.2813856635702825,0,0,7.2813856635702825,1,0,1,1,2,1,2,6,1,1,20.0,2,445,1,0,80,0,0,184,0,0,12,2006,1,2,12.154779351142624,1,0,0
353,50,4.0943445622221,9.114269903225448,2,1,1,1,1,1,1,3,2,5,6,67,58,2,2,15,0.0,3,3,2,236,380,0,616,2,3,1,6.423246963533519,495,0,7.01301578963963,0,1,1,0,3,1,3,5,1,0,67.0,1,200,1,48,0,0,0,0,0,0,3,2008,7,1,11.461632170582678,0,0,0
354,30,4.0943445622221,9.050171619823361,2,1,1,1,1,1,3,3,1,6,8,82,7,2,2,15,0.0,3,2,1,0,0,624,624,2,2,2,6.579251212010101,0,0,6.579251212010101,0,0,1,0,2,1,3,5,1,0,5.0,2,484,1,106,0,0,0,0,0,0,5,2010,1,1,11.570250531589497,0,0,0
355,50,4.0943445622221,9.035986984831405,2,1,2,1,1,1,3,3,2,6,5,66,6,2,2,16,0.0,3,3,2,388,0,552,940,2,1,2,7.083387847625295,403,0,7.374629015218945,0,0,1,0,2,1,3,6,1,2,66.0,1,240,1,0,0,108,0,0,0,0,6,2006,1,1,11.84939770159144,0,0,0
356,20,4.653960350157523,9.328034514792826,2,3,1,1,1,1,3,3,1,6,5,12,12,2,2,15,0.0,2,2,3,334,544,322,1200,2,1,2,7.090076835776092,0,0,7.090076835776092,1,0,2,0,3,1,2,6,1,0,12.0,2,521,1,0,26,0,0,0,0,0,8,2007,1,1,12.086725887897607,0,0,0
357,20,4.23410650459726,9.13216259091216,2,2,1,1,1,1,3,3,1,6,6,17,17,2,2,7,106.0,3,3,3,560,0,598,1158,2,2,2,7.062191632286556,0,0,7.062191632286556,1,0,2,0,3,1,2,6,1,0,17.0,2,400,1,120,26,0,0,0,0,0,7,2009,1,1,12.061046873479915,1,0,0
358,120,3.784189633918261,8.348537825386098,2,1,1,1,1,1,3,3,1,5,5,31,31,2,2,6,0.0,3,3,3,874,0,268,1142,2,3,2,7.040536390215956,0,0,7.040536390215956,1,0,1,1,3,1,3,6,1,1,31.0,2,528,1,536,90,0,0,0,0,0,8,2007,1,1,11.805595078933049,0,0,0
359,80,4.5217885770490405,8.84361509218395,2,2,1,1,1,1,3,3,8,5,4,48,48,4,2,16,120.0,3,3,2,300,294,468,1062,2,1,2,7.20934025660291,0,0,7.20934025660291,0,1,1,0,3,1,2,6,3,0,48.0,1,288,1,168,0,294,0,0,0,0,7,2006,1,2,11.77528972943772,0,0,0
360,60,4.356708826689592,9.39357817555449,2,2,1,1,3,1,3,3,4,8,5,8,8,2,2,15,530.0,2,3,3,956,0,130,1086,2,1,2,6.990256500493881,838,0,7.562161631225652,1,0,2,1,3,1,2,7,1,1,8.0,2,592,1,208,75,0,0,374,0,0,6,2006,1,1,12.542544882151386,0,0,0
361,85,4.23410650459726,8.927977461002001,2,2,1,1,3,1,3,3,7,6,6,29,29,2,2,15,0.0,3,3,2,773,0,115,888,2,1,2,6.815639990074331,0,0,6.815639990074331,1,0,1,0,2,1,3,5,1,1,29.0,2,470,1,0,0,0,0,192,0,0,6,2007,1,1,11.957611286231675,1,0,0
362,50,4.23410650459726,9.120853205474647,2,1,1,1,1,1,3,3,2,5,5,68,26,2,2,9,0.0,3,3,2,399,0,484,883,2,2,2,6.895682697747868,517,0,7.316548177182976,1,0,1,0,3,1,3,8,1,0,68.0,1,240,3,0,0,0,0,0,0,0,7,2008,1,1,11.884489021402711,1,0,0
363,85,4.1588830833596715,8.895766604056085,2,1,1,1,2,1,3,3,7,7,5,6,6,2,2,7,500.0,2,3,4,0,0,0,0,2,1,2,6.20455776256869,1427,0,7.561121589530238,0,0,3,0,4,1,2,7,1,1,6.0,2,672,1,0,0,177,0,0,0,0,7,2009,9,1,12.198544379109382,0,0,0
364,160,3.044522437723423,7.426549072397305,2,1,1,1,1,1,3,3,4,6,8,37,2,2,2,7,510.0,3,3,2,162,0,321,483,2,2,2,6.180016653652572,504,0,6.894670039433482,0,0,1,1,2,1,2,5,1,0,37.0,1,264,1,250,0,0,0,0,0,0,5,2009,1,1,11.678439903447801,0,0,0
365,60,4.23410650459726,9.84161214881804,2,2,1,1,4,1,3,3,4,6,5,30,30,2,2,7,120.0,3,3,3,712,0,84,796,2,3,2,6.672032945461067,784,0,7.3613754289773485,1,0,2,1,3,1,3,6,1,1,30.0,2,566,1,306,111,0,0,0,0,0,7,2006,1,1,12.154779351142624,1,0,0
366,70,4.07753744390572,9.27706400401909,2,1,1,1,1,1,3,3,4,5,7,89,12,4,2,15,0.0,3,2,2,456,0,216,672,2,2,2,6.51025834052315,672,0,7.203405521083095,0,0,1,0,3,1,3,6,1,0,45.0,1,468,1,0,128,218,0,0,0,0,7,2009,1,1,11.898187865760873,0,0,0
367,20,4.23410650459726,9.159047077588632,2,2,1,1,1,1,3,3,1,6,5,46,46,2,2,11,247.0,3,3,2,609,0,785,1394,2,2,2,7.2399325913204695,0,0,7.2399325913204695,1,0,1,1,3,1,3,6,1,2,46.0,2,514,1,0,76,0,0,185,0,0,7,2009,1,1,11.976659481202368,1,0,0
368,80,4.61512051684126,9.121509158269568,2,2,1,1,2,1,3,3,8,6,5,46,46,2,6,11,305.0,3,3,2,371,0,728,1099,2,2,2,7.266128779556451,0,0,7.266128779556451,0,1,1,0,3,1,3,6,1,1,46.0,1,296,1,64,110,0,0,0,0,0,12,2008,1,1,12.013700752882718,0,0,0
369,20,4.356708826689592,8.961879012677683,2,1,1,1,1,1,3,3,1,5,6,56,56,2,2,7,200.0,3,3,3,540,0,728,1268,2,2,2,7.145196134997171,0,0,7.145196134997171,0,0,1,0,2,1,3,7,1,1,56.0,1,244,1,0,98,0,0,0,0,0,3,2010,1,1,11.790557201568507,0,0,0
370,20,4.23410650459726,9.193194213141211,2,2,1,1,2,1,3,3,1,5,7,51,4,2,2,16,0.0,3,2,2,72,258,733,1063,2,1,2,7.160069207596127,0,0,7.160069207596127,1,0,1,0,3,1,2,7,1,1,13.0,2,576,1,364,17,0,0,182,0,0,3,2010,1,1,11.99535161421452,1,0,0
371,60,4.23410650459726,9.002208578282412,2,2,1,1,1,1,3,3,4,6,5,6,6,2,2,15,0.0,3,3,3,0,0,953,953,2,1,2,6.859614903654202,711,0,7.416979621381154,0,0,2,1,3,1,3,7,1,1,6.0,2,460,1,100,40,0,0,0,0,0,1,2006,1,1,12.05757263721173,1,0,0
372,50,4.382026634673881,9.748002649695733,2,1,1,1,1,1,2,3,2,4,4,49,49,2,2,17,0.0,3,3,2,0,0,0,0,2,3,2,7.02108396428914,468,0,7.370230641807081,0,0,2,0,4,1,3,7,3,1,17.0,2,680,3,0,59,0,0,0,0,0,7,2008,1,1,11.808813773969108,0,0,0
373,120,3.912023005428146,8.878358040627822,2,1,1,1,1,1,3,3,1,6,5,26,26,2,2,11,0.0,3,3,2,623,121,0,744,2,3,2,6.62273632394984,0,0,6.62273632394984,1,0,1,0,2,1,3,4,1,0,26.0,1,264,1,353,0,0,0,90,0,0,2,2010,1,1,11.736069016284437,0,0,0
374,20,4.3694478524670215,9.271811694064283,2,1,1,1,1,1,3,3,1,5,6,56,56,2,2,9,0.0,3,3,3,428,180,0,608,2,3,2,7.1846291527173145,0,0,7.1846291527173145,1,0,1,0,3,1,3,5,3,0,56.0,1,270,1,66,0,0,0,0,0,0,11,2009,1,1,11.719939634354555,0,0,0
375,60,4.174387269895637,9.011889433252344,2,1,1,1,1,1,3,3,4,7,5,4,3,2,2,15,0.0,2,3,3,0,0,847,847,2,1,2,6.741700694652055,1081,0,7.564238475170491,0,0,2,1,4,1,2,8,1,1,4.0,2,434,1,100,48,0,0,0,0,0,7,2007,1,1,12.299107511497363,0,0,0
376,30,4.23410650459726,9.212338374638856,2,2,4,1,1,3,3,3,1,1,1,87,59,2,2,16,0.0,4,4,1,350,0,333,683,2,2,1,6.806829360392176,0,0,6.806829360392176,1,0,0,1,1,1,4,4,5,0,29.0,0,0,1,0,0,0,0,0,0,0,3,2009,1,1,11.018629143155449,1,0,1
377,85,4.04305126783455,9.087720658428273,2,2,1,1,3,1,3,3,7,5,5,10,10,2,2,15,0.0,2,3,3,298,0,572,870,2,1,2,6.81783057145415,0,0,6.81783057145415,0,0,1,0,2,1,3,5,1,0,8.0,2,576,1,0,0,0,0,0,0,0,7,2006,1,1,11.904967552746252,0,0,0
378,60,4.624972813284271,9.318566777047053,2,2,1,1,2,1,3,3,4,8,5,3,2,2,2,6,0.0,2,3,3,0,0,1580,1580,2,1,2,7.365180126021013,886,0,7.81035268372429,0,0,3,0,4,1,2,8,1,1,3.0,2,610,1,159,214,0,0,0,0,0,12,2007,1,1,12.736700896592344,0,0,0
379,20,4.477336814478207,9.34084218004034,2,1,1,1,2,1,3,3,1,9,2,0,0,4,2,15,350.0,2,3,3,1445,0,411,1856,2,1,2,7.526178913346146,0,0,7.526178913346146,1,0,1,1,1,1,1,8,1,1,0.0,3,834,1,113,0,0,0,0,0,0,6,2010,4,6,12.885202034321916,0,0,0
380,60,4.0943445622221,9.002454823050954,2,2,1,1,1,1,5,3,4,6,5,9,9,2,2,15,16.0,3,3,3,0,0,982,982,2,1,2,6.914730892718563,793,0,7.495541943884256,0,0,2,1,3,1,3,7,1,1,9.0,2,463,1,100,63,0,0,0,0,0,6,2009,1,1,12.095141084822892,0,0,0
381,50,3.912023005428146,8.517193191416238,2,1,1,1,1,1,3,3,2,5,6,86,60,2,2,4,0.0,3,3,1,218,0,808,1026,2,3,2,6.933423025730715,665,0,7.43307534889858,0,0,2,0,3,1,2,6,1,1,86.0,1,308,1,0,0,242,0,0,0,0,5,2010,1,1,11.751942365440728,0,0,0
382,20,4.0943445622221,8.881836305004146,2,1,1,1,1,1,3,3,1,7,5,0,0,2,2,15,0.0,2,3,3,0,0,1293,1293,2,1,2,7.170888478512505,0,0,7.170888478512505,1,0,2,0,2,1,2,5,1,1,0.0,2,572,1,216,121,0,0,0,0,0,8,2006,4,6,12.142866569626381,0,0,0
383,60,4.3694478524670215,9.131838143821225,2,2,1,1,1,1,3,3,4,7,5,1,1,2,2,15,0.0,2,3,3,0,0,939,939,2,1,2,6.844815479208263,858,0,7.493873886783559,0,0,2,1,3,1,2,8,1,0,1.0,2,639,1,144,53,0,0,0,0,0,4,2007,1,1,12.271392111650817,0,0,0
384,45,4.0943445622221,9.104979856318357,2,1,1,1,2,1,3,3,3,6,3,81,59,2,2,16,0.0,3,3,1,0,0,784,784,2,3,1,6.664409020350408,0,0,6.664409020350408,0,0,1,0,2,1,3,5,1,0,59.0,2,360,3,0,0,91,0,0,0,0,10,2009,1,1,11.238488619268468,0,0,0
385,60,4.23410650459726,10.880064025283644,2,3,4,1,2,2,2,3,4,6,5,15,15,2,2,7,0.0,2,3,3,985,0,595,1580,2,1,2,6.983789965258135,874,0,7.577121930876679,1,0,2,1,3,1,2,9,1,2,15.0,2,501,1,216,231,0,0,0,0,0,6,2007,1,1,12.388394202324129,1,0,0
386,120,3.7612001156935624,8.065265208897733,2,1,1,1,1,1,3,3,1,8,5,6,5,2,2,15,16.0,2,3,3,24,0,1232,1256,2,1,2,7.1459844677143876,0,0,7.1459844677143876,0,0,2,0,2,1,2,6,1,1,6.0,2,430,1,146,20,0,0,144,0,0,4,2010,1,1,12.165250651009918,0,0,0
387,50,4.060443010546419,9.037176752966994,2,1,1,1,4,1,2,3,2,5,3,96,10,3,2,16,0.0,3,4,3,0,0,658,658,2,3,2,6.489204931325317,526,0,7.076653815443951,0,0,1,0,5,1,3,8,1,0,26.0,0,0,3,0,151,0,0,0,0,0,5,2006,1,3,11.302204433654575,0,0,1
388,80,4.276666119016055,8.881836305004146,2,1,1,1,1,1,3,3,8,6,6,33,33,4,2,9,255.0,3,3,2,631,0,410,1041,2,1,2,7.025538314638521,0,0,7.025538314638521,1,0,1,0,3,1,3,6,1,1,32.0,1,352,1,296,0,0,0,0,0,0,10,2009,1,2,11.736069016284437,0,0,0
389,20,4.532599493153256,9.146548238888403,2,2,1,1,3,1,3,3,1,7,5,9,8,2,2,15,125.0,2,3,3,0,0,1468,1468,2,1,2,7.2991214627108,0,0,7.2991214627108,0,0,2,0,3,1,2,6,1,0,9.0,2,577,1,120,25,0,0,0,0,0,7,2008,1,1,12.160028707028767,0,0,0
390,60,4.564348191467836,9.431401757086068,2,1,1,1,1,1,3,3,4,10,5,1,0,2,2,15,272.0,1,3,3,1280,0,402,1682,2,1,2,7.462789157412448,590,0,7.754481547470383,1,0,2,1,3,1,1,9,1,1,0.0,3,846,1,196,134,0,0,0,0,0,8,2008,4,6,12.962194625251508,0,0,0
391,50,3.912023005428146,9.036582045842716,2,1,1,1,1,1,3,3,2,5,8,108,58,2,2,9,0.0,3,3,1,241,391,229,861,2,1,2,6.8679744089702925,406,0,7.220373836723949,1,0,1,0,4,1,3,7,1,0,30.0,1,384,1,0,130,112,0,0,0,0,4,2008,1,1,11.686878772093667,0,0,0
392,60,4.2626798770413155,9.409928663668856,2,2,1,1,3,1,3,3,4,6,5,8,7,2,2,15,0.0,3,3,3,690,0,114,804,2,1,2,6.6895992691789665,1157,0,7.581209826196346,1,0,2,1,3,1,2,7,1,1,8.0,2,560,1,125,192,0,0,0,0,0,6,2009,1,1,12.2783933071098,0,0,0
393,20,4.23410650459726,9.028698584086985,2,2,1,1,1,1,3,3,1,5,7,48,48,2,2,9,0.0,3,3,4,0,0,0,0,2,3,2,6.782192056006791,0,0,6.782192056006791,0,0,1,0,3,1,3,5,1,0,48.0,1,294,1,0,0,0,0,0,0,1200,7,2007,1,1,11.575900264131617,1,0,0
394,30,4.23410650459726,8.915432254432663,2,1,1,1,2,1,2,3,1,4,5,65,56,2,2,17,0.0,3,3,2,266,0,522,788,2,3,2,6.669498089857879,0,0,6.669498089857879,0,0,1,0,2,1,3,4,1,2,26.0,0,0,1,0,0,0,0,0,0,0,4,2006,1,2,11.512925464970229,1,0,1
395,50,4.0943445622221,9.223651386035854,2,1,1,1,1,1,3,3,2,5,6,67,57,2,2,9,0.0,3,3,2,0,0,735,735,2,2,2,6.5998704992128365,299,0,6.9411900550683745,0,0,1,0,2,1,3,5,1,0,67.0,1,240,1,0,39,0,0,0,0,0,7,2007,1,1,11.59910316121128,0,0,0
396,20,4.219507705176107,9.166492972195906,2,1,1,1,1,1,3,3,1,5,6,54,54,2,2,16,0.0,3,3,2,739,0,405,1144,2,3,2,7.042286171939743,0,0,7.042286171939743,1,0,1,0,3,1,3,6,1,0,54.0,1,596,1,44,0,0,0,0,0,0,6,2010,1,1,11.76756768334381,0,0,0
397,20,4.0943445622221,8.881836305004146,2,1,4,1,1,1,3,3,1,5,5,37,37,4,2,9,0.0,3,3,2,777,0,117,894,2,3,2,6.795705775173514,0,0,6.795705775173514,0,0,1,0,2,1,3,6,1,0,24.0,2,600,1,215,0,0,0,0,0,0,9,2009,1,1,11.719939634354555,0,0,0
398,60,4.23410650459726,8.934586870389676,2,1,1,1,1,1,6,3,4,5,5,45,45,2,2,15,288.0,3,3,2,540,0,324,864,2,3,2,6.775366090936392,936,0,7.502186486602924,0,0,2,0,4,1,3,8,1,1,45.0,1,264,1,0,168,0,0,0,0,0,7,2007,1,1,12.040608205802641,0,0,0
399,30,4.0943445622221,9.101306450952048,2,1,1,1,2,1,3,3,1,5,2,87,57,2,2,9,0.0,3,4,1,0,0,961,961,2,2,2,6.981934677156389,0,0,6.981934677156389,0,0,1,0,2,1,3,6,6,0,87.0,1,338,3,0,0,0,0,0,0,0,11,2007,1,2,11.112447898373103,0,0,0
400,60,4.174387269895637,9.002701007197938,2,1,1,1,1,1,3,3,4,7,5,3,2,2,2,6,100.0,2,3,3,812,0,280,1092,2,1,2,7.013915474810528,438,0,7.346010209913293,1,0,2,0,2,1,2,7,1,0,2.0,2,438,1,0,168,0,0,0,0,0,10,2009,1,1,12.392552212472792,0,0,0
401,120,3.6375861597263857,9.61333576618342,2,3,1,1,1,1,3,3,1,8,5,12,12,2,2,4,0.0,2,3,3,786,0,474,1260,2,1,2,7.160845906664299,0,0,7.160845906664299,1,0,1,1,1,1,1,4,1,2,12.0,2,500,1,120,30,0,0,224,0,0,12,2008,1,1,12.411052226216713,0,0,0
402,20,4.174387269895637,9.078749951588586,2,2,1,1,1,1,3,3,1,7,5,1,1,2,2,15,0.0,2,3,3,24,0,1286,1310,2,1,2,7.177782416195197,0,0,7.177782416195197,0,0,2,0,3,1,2,6,1,1,1.0,2,400,1,0,0,0,0,0,0,0,7,2006,4,6,12.01364014498549,0,0,0
403,30,4.0943445622221,9.230142999272362,2,1,1,1,1,1,3,3,1,5,8,68,11,2,2,16,0.0,3,3,3,0,0,672,672,2,1,2,6.51025834052315,0,0,6.51025834052315,0,0,1,0,2,1,3,4,1,0,68.0,1,240,3,168,0,0,0,0,0,0,8,2008,1,1,11.589886506106357,0,0,0
404,60,4.532599493153256,9.400133943608838,2,1,1,1,2,1,3,3,4,8,5,8,8,4,2,15,650.0,2,3,3,0,0,1141,1141,2,2,2,7.060476365999801,1098,0,7.724446645633537,0,0,2,1,4,1,2,10,1,1,8.0,2,420,1,144,123,0,0,0,0,0,7,2006,1,2,12.460714863903755,0,0,0
405,60,4.23410650459726,9.246093541682,2,2,1,1,1,1,3,3,4,6,5,12,11,2,2,9,0.0,3,3,3,0,0,806,806,2,2,2,6.692083742506628,766,0,7.360103972989152,0,0,2,1,3,1,3,7,1,1,12.0,2,373,1,0,40,0,0,0,0,0,5,2007,1,1,12.031719258385396,1,0,0
406,20,4.23410650459726,9.209439966733019,2,2,1,1,2,1,2,3,1,4,4,33,16,2,2,11,0.0,3,3,2,1116,0,165,1281,2,1,2,7.3901814282264295,0,0,7.3901814282264295,1,0,2,0,3,1,3,8,2,1,16.0,2,490,1,120,78,0,0,0,0,0,6,2009,1,1,11.918390573078392,1,0,0
407,50,3.9318256327243257,9.257223957875032,2,1,1,1,1,1,3,3,2,6,5,72,58,2,2,9,0.0,3,3,1,0,0,1064,1064,2,1,2,7.061334366910438,0,473,7.40184157874383,0,0,1,0,3,1,3,6,6,0,72.0,1,240,1,0,0,0,0,0,0,0,3,2008,1,1,11.652687407345388,0,0,0
408,70,4.143134726391533,9.653486547052035,2,1,1,1,1,1,3,3,4,6,7,93,32,2,2,16,0.0,3,3,1,0,0,840,840,2,1,2,6.733401891837359,840,0,7.426549072397305,0,0,2,0,4,1,3,8,1,0,48.0,1,308,1,0,0,160,0,0,0,0,3,2008,1,1,12.083905011555967,0,0,0
409,60,4.6913478822291435,9.55775254863573,2,1,1,1,2,1,3,3,4,7,5,1,1,2,2,15,350.0,2,3,3,0,0,1063,1063,2,1,2,6.976348070447749,1101,0,7.683403681053826,0,0,2,1,3,1,2,9,1,1,1.0,3,947,1,192,62,0,0,0,0,0,8,2007,4,6,12.542544882151386,0,0,0
410,60,4.442651256490317,9.287301413112312,2,1,1,1,1,1,3,3,4,8,5,1,0,2,2,15,100.0,2,3,3,789,0,245,1034,2,1,2,6.956545443151569,1028,0,7.639161171659173,1,0,2,1,3,1,1,8,1,1,0.0,3,836,1,0,102,0,0,0,0,0,4,2008,4,6,12.73596533201339,0,0,0
411,20,4.219507705176107,9.166492972195906,2,1,1,1,1,1,3,3,1,5,3,51,51,2,2,3,0.0,3,4,2,0,0,1276,1276,2,3,2,7.151485463904735,0,0,7.151485463904735,0,0,1,0,3,1,3,5,4,0,51.0,1,350,1,0,0,0,0,0,0,0,6,2009,5,2,11.002099841204238,0,0,0
412,190,4.605170185988092,10.453053004618049,2,1,2,1,1,1,3,3,1,5,5,51,51,4,2,16,0.0,3,3,2,1056,0,0,1056,2,3,1,6.962243464266207,0,0,6.962243464266207,1,0,1,0,3,1,3,5,1,0,51.0,2,572,1,264,0,0,0,0,0,0,1,2006,1,1,11.884489021402711,0,0,0
413,20,4.23410650459726,8.390041405755754,2,3,1,1,1,1,3,3,1,7,5,1,1,2,2,9,432.0,1,3,3,578,0,892,1470,2,1,2,7.298445101508147,0,0,7.298445101508147,1,0,2,1,2,1,2,7,1,1,1.0,2,484,1,0,144,0,0,0,0,0,6,2010,4,6,12.310432660854417,1,0,0
414,30,4.02535169073515,9.100525505968976,2,1,1,1,1,1,1,3,1,5,6,83,60,2,2,17,0.0,3,3,2,0,0,1008,1008,2,2,2,6.93537044601511,0,0,6.93537044601511,0,0,1,0,2,1,3,5,1,1,83.0,2,360,1,0,0,130,0,0,0,0,3,2010,1,1,11.652687407345388,0,0,0
415,60,4.07753744390572,9.326165937481774,2,3,1,1,3,1,3,3,4,7,5,15,15,2,2,15,0.0,2,3,3,50,531,499,1080,2,1,2,6.984716320118266,1017,0,7.64826303090192,0,1,2,1,3,1,2,9,1,1,15.0,3,678,1,196,187,0,0,0,0,0,12,2008,1,1,12.337100907936577,0,0,0
416,20,4.290459441148391,9.093694189856862,2,2,1,1,1,1,3,3,1,7,5,0,0,2,2,15,0.0,2,3,3,24,0,1316,1340,2,1,2,7.200424892944957,0,0,7.200424892944957,0,0,2,0,3,1,2,6,1,0,0.0,2,396,1,100,30,0,0,0,0,0,8,2007,4,6,12.106992367829498,0,0,0
417,60,4.30406509320417,8.967504187316237,2,1,1,1,1,1,3,3,4,6,7,28,28,4,2,7,203.0,3,3,2,209,0,463,672,2,3,2,6.51025834052315,728,0,7.24422751560335,0,0,1,1,3,1,3,6,1,1,28.0,2,440,1,0,0,0,0,0,0,0,3,2006,1,1,11.915051671812877,0,0,0
418,70,4.454347296253507,10.017708696626151,2,2,1,1,1,1,2,3,4,6,6,89,57,4,2,16,0.0,3,3,1,1128,0,242,1370,3,3,1,7.222566018822171,1254,0,7.8724551500639794,1,0,2,1,4,1,3,10,1,1,89.0,3,864,3,0,0,0,0,0,0,0,11,2007,1,1,12.384218830913648,0,0,0
419,50,4.0943445622221,9.006999447958153,2,1,1,1,1,1,3,3,2,5,6,67,57,2,2,9,0.0,3,3,1,312,0,444,756,2,4,1,6.628041376179533,378,0,7.033506484287697,1,0,1,1,3,1,3,7,1,0,67.0,1,240,2,0,0,0,0,0,0,0,4,2007,1,3,11.744037185933616,0,0,0
420,20,4.174387269895637,9.041921720351219,2,1,1,1,1,1,3,3,1,5,6,42,42,2,2,15,0.0,3,3,2,775,0,281,1056,2,1,2,6.962243464266207,0,0,6.962243464266207,1,0,1,0,3,1,3,6,1,1,42.0,1,304,1,0,85,184,0,0,0,0,7,2010,1,1,11.863582336583399,0,0,0
421,90,4.356708826689592,8.862200330487287,2,1,1,1,1,1,3,3,7,7,5,11,10,2,2,15,200.0,3,2,3,1309,0,35,1344,2,1,2,7.203405521083095,0,0,7.203405521083095,2,0,2,0,2,2,3,8,1,0,11.0,4,784,1,0,0,0,0,0,0,0,11,2008,1,4,12.237086699059343,0,0,0
422,20,4.23410650459726,9.719264188452577,2,2,1,1,4,1,3,3,1,6,7,32,9,2,2,6,126.0,2,3,2,1246,0,356,1602,2,2,2,7.379008127628304,0,0,7.379008127628304,0,1,2,0,3,1,2,8,1,1,32.0,2,529,1,240,0,0,0,0,0,0,6,2009,1,1,12.2783933071098,1,0,0
423,20,4.605170185988092,9.98736903651683,2,1,3,1,1,2,1,3,1,5,5,54,54,4,2,7,0.0,3,3,2,0,0,988,988,2,1,2,6.895682697747868,0,0,6.895682697747868,0,0,1,0,2,1,3,4,1,0,54.0,2,520,3,0,0,0,0,0,0,0,2,2008,1,1,11.635143097694478,0,0,0
424,60,4.382026634673881,9.126958763037132,2,1,1,1,1,1,3,3,4,8,5,10,10,2,2,15,473.0,2,3,3,986,0,484,1470,2,2,2,7.293017679772782,1160,0,7.874739125171811,1,0,2,1,4,1,2,8,1,1,10.0,3,696,1,0,66,0,0,0,0,0,6,2008,1,1,12.66032791780777,0,0,0
425,20,4.276666119016055,9.104979856318357,2,1,1,1,1,1,3,3,1,6,5,52,52,2,2,16,74.0,3,3,2,616,0,580,1196,2,2,2,7.086737934510577,0,0,7.086737934510577,1,0,1,0,2,1,3,6,1,1,52.0,1,297,1,0,44,0,0,0,0,0,5,2008,1,1,11.842229212112828,0,0,0
426,60,4.0943445622221,8.125039097367745,2,1,3,1,1,1,3,3,4,7,8,63,17,2,2,7,0.0,3,2,2,0,0,651,651,2,2,2,6.561030665896573,682,0,7.236339342754344,0,0,1,1,3,1,3,6,1,2,62.0,1,240,2,0,0,126,0,0,0,0,9,2009,1,1,11.813030057420567,0,0,0
427,80,4.23410650459726,9.457200449907708,2,1,4,1,1,2,3,3,8,7,5,20,20,2,2,16,145.0,2,3,3,1518,0,0,1518,2,2,2,7.404887575616125,0,0,7.404887575616125,1,1,2,0,2,1,2,5,1,1,20.0,2,569,1,80,0,0,0,396,0,0,8,2009,1,1,12.524526376648708,1,0,0
428,20,4.343805421853684,9.058703197313223,2,2,1,1,1,1,3,3,1,4,6,51,51,4,2,9,0.0,3,3,2,288,0,619,907,2,1,2,6.810142450115136,0,0,6.810142450115136,0,0,1,0,3,1,3,5,1,0,44.0,1,352,1,0,0,0,0,0,0,0,7,2008,1,1,11.59917655301345,0,0,0
429,20,4.1588830833596715,8.819073983267831,2,1,1,1,1,1,3,3,1,7,5,0,0,2,2,15,108.0,2,3,3,664,0,544,1208,2,1,2,7.0967213784947605,0,0,7.0967213784947605,1,0,2,0,2,1,2,6,1,0,0.0,2,628,1,105,54,0,0,0,0,0,9,2007,4,6,12.182804018590819,0,0,0
430,20,4.867534450455582,9.346356175893625,2,2,1,1,2,1,3,3,1,6,5,21,21,2,2,7,0.0,3,3,2,1005,0,387,1392,2,3,2,7.252762418053187,0,0,7.252762418053187,1,0,2,0,3,1,2,6,1,1,21.0,2,576,1,0,0,169,0,0,0,0,3,2009,1,1,12.072541252905651,0,0,0
431,160,3.044522437723423,7.426549072397305,2,1,1,1,1,1,3,3,4,6,5,37,37,2,2,7,232.0,3,3,2,387,0,96,483,2,3,2,6.180016653652572,504,0,6.894670039433482,0,0,1,1,2,1,3,4,1,0,37.0,1,264,1,0,0,0,0,0,0,0,7,2008,5,2,11.355101379776661,0,0,0
432,50,4.0943445622221,8.628018746505122,2,2,2,1,1,1,2,3,2,6,7,88,10,2,2,9,0.0,3,3,1,0,0,901,901,2,2,2,6.992096427415888,110,0,7.088408778675395,0,0,1,0,4,1,3,7,1,0,28.0,0,0,3,0,98,0,0,0,0,0,9,2008,9,2,11.288531131754366,0,0,1
433,160,3.1780538303479458,7.560080465021827,2,1,1,1,1,1,3,3,4,5,5,36,36,2,2,7,376.0,3,3,2,471,0,294,765,2,1,2,6.639875833826536,600,0,7.21890970761906,1,0,1,1,2,1,3,6,2,0,36.0,2,440,1,240,36,0,0,0,0,0,8,2007,1,1,11.715866308966918,0,0,0
434,60,4.605170185988092,9.29090601981575,2,2,1,1,2,1,3,3,4,6,5,11,10,2,2,15,0.0,3,3,3,0,0,926,926,2,1,2,6.8308742346461795,678,0,7.38025578842646,0,0,2,1,3,1,3,7,1,1,11.0,2,470,1,0,36,0,0,0,0,0,7,2008,1,1,12.106252310247962,0,0,0
435,180,3.044522437723423,7.5443321080536885,2,1,1,1,1,1,3,3,7,4,7,36,36,2,2,6,0.0,3,2,2,495,0,135,630,2,2,2,6.4457198193855785,0,0,6.4457198193855785,1,0,1,0,1,1,3,3,1,0,28.0,0,0,1,88,0,0,0,0,0,0,6,2008,1,1,11.302204433654575,0,0,1
436,60,3.7612001156935624,9.274910142625483,2,3,1,1,3,1,6,3,4,7,6,13,13,2,2,15,0.0,2,3,3,385,344,70,799,2,1,2,6.717804695023691,834,0,7.415175109613295,1,0,2,1,3,1,2,6,1,1,13.0,2,550,1,158,61,0,0,0,0,0,4,2009,7,1,12.26434155365415,0,0,0
437,50,3.6888794541139363,8.389359819906353,2,1,1,1,1,1,3,3,2,6,8,86,56,2,2,14,0.0,3,3,1,0,0,648,648,2,3,2,6.598509028614515,384,0,7.0192966537150445,0,0,1,0,2,1,3,6,1,0,16.0,2,440,1,0,0,0,0,0,0,0,10,2006,1,1,11.661345470088502,0,0,0
438,45,3.912023005428146,8.699514748210191,2,1,1,1,1,1,3,3,3,6,7,83,5,2,2,16,0.0,2,3,3,0,0,884,884,2,2,2,6.806829360392176,0,0,6.806829360392176,0,0,1,0,2,1,3,4,1,0,83.0,1,180,1,0,0,105,0,0,0,0,1,2009,1,1,11.686878772093667,0,0,0
439,30,3.6888794541139363,8.361708288575842,2,1,1,1,1,1,3,3,1,5,6,94,5,2,2,17,0.0,3,3,3,365,0,75,440,2,3,1,6.542471960506805,0,0,6.542471960506805,0,0,1,0,2,1,2,4,1,1,17.0,1,352,2,0,0,34,0,0,0,0,3,2007,1,1,11.411446296020374,0,0,0
440,50,4.204692619390966,9.421735176255844,2,1,1,1,2,1,3,3,2,6,8,89,9,2,2,16,0.0,3,3,1,0,0,684,684,2,2,2,6.52795791762255,512,0,7.086737934510577,0,0,1,0,3,1,2,7,1,0,4.0,2,528,1,0,46,0,0,0,0,800,8,2009,8,1,11.608235644774552,0,0,0
441,20,4.653960350157523,9.644133752071205,2,1,1,1,1,1,3,3,1,10,5,1,1,4,2,15,200.0,1,3,3,1767,539,788,3094,2,1,2,7.784057002639929,0,0,7.784057002639929,1,0,2,0,2,1,1,10,1,2,1.0,3,672,1,0,72,0,0,170,0,0,4,2009,1,1,13.226723392728571,0,0,0
442,90,4.5217885770490405,9.401621670141608,2,1,1,1,1,1,3,3,1,4,4,53,53,2,2,15,270.0,3,3,2,133,0,1307,1440,2,3,1,7.272398392570047,0,0,7.272398392570047,0,0,2,0,4,2,4,8,1,0,28.0,0,0,1,0,0,0,0,0,0,0,9,2008,1,1,11.678439903447801,0,0,1
443,50,3.9512437185814275,8.738735461363474,2,1,1,1,1,1,3,3,2,5,7,78,16,2,2,9,0.0,3,3,3,0,0,1078,1078,2,3,2,7.028201432058005,445,0,7.360739903058278,0,0,2,0,3,1,3,8,1,1,78.0,2,360,2,0,0,0,0,0,0,0,6,2008,1,1,12.000891794590137,0,0,0
444,120,3.970291913552122,8.274357006756292,2,1,1,1,1,1,3,3,1,7,5,1,0,2,2,17,72.0,2,3,3,0,0,1258,1258,2,1,2,7.1372784372603855,0,0,7.1372784372603855,0,0,2,0,2,1,2,6,1,1,0.0,3,648,1,144,16,0,0,0,0,0,6,2007,4,6,12.058152515453552,0,0,0
445,60,4.248495242049359,9.07680897935166,2,1,1,1,1,1,3,3,4,7,5,14,13,2,2,15,0.0,2,2,3,642,0,273,915,2,1,2,6.838405200847344,975,0,7.553810852008231,1,0,2,1,4,1,2,8,1,1,14.0,2,493,1,144,133,0,0,0,0,0,7,2008,1,1,12.254862809699606,0,0,0
446,20,4.290459441148391,9.19573421958682,2,1,1,1,2,1,3,3,1,6,5,53,53,4,2,16,0.0,3,3,2,0,0,1436,1436,2,4,2,7.4318919168078,0,0,7.4318919168078,0,0,1,0,3,1,3,7,1,1,53.0,2,480,1,0,0,0,0,0,0,0,11,2009,5,1,11.755871643580617,0,0,0
447,20,4.919980925828125,9.71063069382679,2,2,1,1,2,1,7,3,1,6,6,44,8,2,2,4,0.0,2,3,2,247,713,557,1517,2,1,2,7.543273346705446,0,0,7.543273346705446,0,0,2,1,2,1,2,6,4,1,44.0,2,578,1,0,0,0,0,0,0,0,6,2010,1,1,12.154779351142624,0,0,0
448,60,4.23410650459726,9.324918276683619,2,2,1,1,2,1,3,3,4,7,5,8,7,2,2,15,0.0,2,3,3,0,0,930,930,2,2,2,6.862757913051401,930,0,7.542213463193403,0,0,2,1,4,1,2,10,1,1,8.0,2,431,1,89,0,0,0,0,0,0,7,2006,1,1,12.205572520488492,1,0,0
449,50,3.912023005428146,9.0595174822416,2,1,2,1,1,1,3,3,2,6,6,69,56,2,2,9,0.0,3,3,1,0,0,780,780,2,3,2,6.659293919683638,596,0,7.226936018493289,0,0,2,0,3,1,3,7,1,1,69.0,1,198,3,0,0,0,0,0,0,0,6,2006,1,1,11.691071650353702,0,0,0
450,50,3.912023005428146,8.699514748210191,2,1,1,1,1,1,3,3,2,3,7,59,5,2,2,9,0.0,3,2,2,331,0,318,649,2,1,2,6.520621127558696,504,0,7.075808863978387,0,0,1,1,2,1,3,6,1,0,26.0,1,308,1,0,176,0,0,0,0,0,6,2007,1,1,11.695247021764184,0,0,0
451,30,4.248495242049359,8.64541048921699,2,1,1,1,1,1,3,3,1,6,8,76,1,4,2,16,0.0,3,3,1,0,0,813,813,2,1,2,6.70073110954781,0,0,6.70073110954781,0,0,1,0,2,1,2,5,1,0,74.0,1,270,3,0,113,0,0,0,0,0,6,2006,1,1,11.608235644774552,0,0,0
452,20,4.127134385045092,11.167063280451986,2,2,4,1,1,2,3,3,1,7,5,31,31,2,8,11,0.0,3,3,2,655,0,878,1533,2,3,2,7.334981878871814,0,0,7.334981878871814,1,0,2,0,2,1,2,5,1,2,31.0,2,576,1,200,54,0,0,0,0,0,12,2006,1,1,12.542544882151386,0,0,0
453,60,4.23410650459726,9.138092207768558,2,2,1,1,2,1,3,3,4,6,5,11,10,4,2,15,42.0,2,3,3,742,0,130,872,2,1,2,6.78897174299217,868,0,7.470793774195062,1,0,2,1,3,1,3,7,1,0,11.0,2,422,1,144,122,0,0,0,0,0,7,2007,1,1,12.225875272826354,1,0,0
454,60,4.31748811353631,9.104979856318357,2,1,1,1,1,1,3,3,4,8,5,1,1,2,2,15,0.0,2,3,3,0,0,768,768,2,1,2,6.666956792429207,804,0,7.371489295214277,0,0,2,1,3,1,2,6,1,0,1.0,2,676,1,0,30,0,0,0,0,0,6,2009,1,1,12.254862809699606,0,0,0
455,90,4.143134726391533,9.137447046455858,2,1,1,1,1,1,3,3,1,5,5,30,30,2,2,11,0.0,3,3,2,1606,0,122,1728,2,3,2,7.454719949364001,0,0,7.454719949364001,2,0,2,0,4,2,3,8,1,0,30.0,2,560,1,0,0,0,0,0,0,0,7,2006,1,5,12.144197241812087,0,0,0
456,20,4.382026634673881,9.169518377455928,2,1,1,1,1,1,3,3,1,7,6,34,34,4,2,7,320.0,3,3,2,916,0,326,1242,2,4,2,7.124478262493424,0,0,7.124478262493424,0,0,1,1,3,1,3,6,1,1,34.0,2,528,1,0,0,0,0,0,0,0,9,2007,1,1,12.075394321888057,0,0,0
457,70,3.5263605246161616,8.427487278331744,2,1,1,1,1,1,3,3,4,5,5,92,58,2,2,1,0.0,3,3,1,0,0,624,624,2,4,1,6.436150368369428,720,0,7.203405521083095,0,0,1,0,4,1,3,7,1,0,92.0,3,513,1,0,0,96,0,0,0,0,5,2008,5,2,11.49272275765271,0,0,0
458,20,4.23410650459726,10.882321065382621,2,2,4,1,3,2,3,3,1,4,6,54,14,1,6,11,0.0,3,3,2,1116,0,248,1364,2,1,2,7.416378479192928,0,0,7.416378479192928,1,0,1,0,2,1,2,6,2,2,54.0,2,529,1,224,137,0,0,0,0,0,3,2008,1,1,12.4529327234617,1,0,0
459,70,4.23410650459726,8.536995818712418,2,1,1,1,1,1,3,3,4,8,7,83,12,4,2,14,0.0,3,2,3,0,0,588,588,2,4,2,6.725033642166843,833,0,7.418180822726788,0,0,1,0,3,1,2,7,1,1,83.0,1,228,1,192,63,0,0,0,0,0,6,2008,1,1,11.9891596439666,1,0,0
460,50,4.23410650459726,8.855805992536562,2,2,2,1,2,1,3,3,2,5,4,59,59,2,2,9,161.0,3,3,2,185,0,524,709,2,3,2,6.88653164253051,224,0,7.0925737159746784,1,0,1,0,3,1,2,5,1,1,59.0,1,352,1,0,0,248,0,0,0,0,7,2009,1,1,11.608235644774552,1,0,0
461,60,4.31748811353631,8.987696695703624,2,2,1,1,1,1,5,3,4,8,5,0,0,2,2,15,110.0,2,3,3,544,0,288,832,2,1,2,6.723832440821209,1103,0,7.5678626054638825,1,0,2,1,3,1,3,8,1,0,0.0,2,552,1,0,150,0,0,0,0,0,12,2009,4,6,12.481561937216318,0,0,0
462,70,4.0943445622221,8.881836305004146,2,1,1,1,1,1,2,3,4,7,9,73,2,2,2,16,0.0,2,2,3,350,210,0,560,2,1,2,6.354370040797351,560,0,7.034387929915503,1,0,1,0,3,1,2,6,1,0,38.0,2,576,1,256,0,0,0,0,0,0,4,2009,1,1,11.951180395901384,0,0,0
463,20,4.0943445622221,9.0217190130337,2,2,1,1,1,1,3,3,1,5,5,44,44,2,2,9,0.0,3,3,2,553,311,0,864,2,2,2,6.761572768804055,0,0,6.761572768804055,0,0,1,0,3,1,3,5,1,1,44.0,1,360,1,0,0,236,0,0,0,0,12,2009,1,1,11.041048081342682,0,0,0
464,70,4.30406509320417,9.391661428436555,2,2,3,1,1,2,3,3,4,6,7,74,13,4,2,14,0.0,3,3,2,326,0,389,715,2,4,2,6.744059186311348,811,0,7.414572881350589,0,0,1,1,3,1,3,6,1,1,69.0,1,240,1,0,0,0,0,0,0,0,8,2008,1,1,12.147913731356642,0,0,0
465,20,4.0943445622221,9.039552050995901,2,1,3,1,1,2,3,3,1,5,5,31,31,2,2,7,136.0,3,3,2,616,0,424,1040,2,3,2,6.946975992135418,0,0,6.946975992135418,0,0,2,0,3,1,3,5,1,0,29.0,0,0,1,0,0,0,0,0,0,0,8,2009,1,1,11.728036844587175,0,0,1
466,120,4.23410650459726,8.030084094267563,2,1,1,1,1,1,3,3,1,7,5,2,2,4,2,15,18.0,2,3,3,0,0,1375,1375,2,1,2,7.254177846456518,0,0,7.254177846456518,0,0,2,0,2,1,2,6,1,1,2.0,2,398,1,144,20,0,0,0,0,0,5,2006,1,1,12.093687514935382,1,0,0
467,20,4.442651256490317,9.271247306879705,2,1,1,1,1,1,3,3,1,7,5,37,37,1,6,11,0.0,3,2,2,778,0,499,1277,2,3,2,7.152268856032539,0,0,7.152268856032539,1,0,1,0,2,1,3,5,1,1,37.0,2,526,1,0,0,0,0,176,0,0,4,2007,1,1,12.025749091398891,0,0,0
468,70,4.3694478524670215,9.156939595249067,2,1,1,1,1,1,1,3,4,5,7,65,12,2,2,9,224.0,3,3,2,386,0,342,728,2,1,2,6.78897174299217,756,0,7.404887575616125,0,0,1,1,3,1,2,7,1,2,65.0,1,312,1,168,0,0,0,0,0,0,6,2007,1,1,11.894780707439258,0,0,0
469,20,4.584967478670572,9.343821763350663,2,2,1,1,1,1,3,3,1,8,5,1,1,2,2,15,248.0,2,3,3,0,0,1626,1626,2,1,2,7.3987862754199485,0,0,7.3987862754199485,0,0,2,0,3,1,2,7,1,1,1.0,3,866,1,0,44,0,0,0,0,0,5,2007,1,1,12.429216196844383,0,0,0
470,60,4.330733340286331,9.136801468641313,2,2,1,1,2,1,8,3,4,6,5,15,15,2,2,7,120.0,2,3,3,426,0,406,832,2,1,2,6.723832440821209,878,0,7.444248649496705,0,0,2,1,3,1,2,7,1,0,15.0,2,506,1,144,70,0,0,0,0,0,6,2008,1,1,12.138863895836725,0,0,0
471,120,4.23410650459726,8.827614750837508,2,2,1,1,2,1,3,3,1,8,5,25,25,2,2,7,0.0,2,3,3,368,1120,0,1488,2,3,2,7.31455283232408,0,0,7.31455283232408,1,0,1,1,1,1,2,4,1,0,25.0,2,528,1,0,54,0,0,140,0,0,6,2010,1,1,12.26434155365415,1,0,0
472,60,4.5217885770490405,9.388653907372598,2,1,1,1,1,1,7,3,4,7,6,30,30,5,7,17,0.0,3,3,2,0,0,808,808,2,3,2,7.057036981697891,808,0,7.585281078639126,0,0,2,1,3,1,3,8,1,1,30.0,2,534,1,0,0,0,0,276,0,0,11,2007,1,1,12.154779351142624,0,0,0
473,180,3.5553480614894135,8.209308411646937,2,1,1,1,1,1,3,3,8,6,5,3,3,2,2,15,80.0,3,3,3,459,0,88,547,2,1,2,6.977281341630747,0,0,6.977281341630747,1,0,1,0,2,1,3,5,1,0,3.0,2,525,1,0,28,0,0,0,0,0,6,2008,1,1,11.904967552746252,0,0,0
474,20,4.700480365792417,9.614270969992395,2,2,1,1,1,1,3,3,1,8,5,1,0,2,2,15,304.0,2,3,3,1350,0,626,1976,2,1,2,7.588829878307813,0,0,7.588829878307813,1,0,2,0,2,1,2,7,1,1,1.0,3,908,1,250,63,0,0,0,0,0,7,2007,4,6,12.994530005894443,0,0,0
475,120,3.713572066704308,8.58110651715989,2,1,1,1,1,1,3,3,1,8,5,7,7,2,2,6,0.0,2,3,3,1196,0,298,1494,2,1,2,7.409741954080923,0,0,7.409741954080923,1,0,2,0,2,1,1,6,1,0,7.0,2,499,1,96,48,0,0,0,0,0,8,2007,1,1,12.43320821811392,0,0,0
476,20,4.382026634673881,9.045465728785949,2,1,1,1,2,1,3,3,1,5,6,44,44,4,2,7,0.0,3,3,2,630,0,340,970,2,3,2,6.877296071497429,0,0,6.877296071497429,1,0,1,0,2,1,3,5,1,0,11.0,2,624,1,0,24,0,0,192,0,0,7,2007,1,1,11.794337924408413,0,0,0
477,20,4.31748811353631,9.482274087459825,2,1,1,1,1,2,3,3,1,6,5,11,10,2,2,15,215.0,3,3,3,994,0,484,1478,2,1,2,7.30854279753919,0,0,7.30854279753919,1,0,2,0,3,1,2,7,1,1,11.0,2,508,1,140,39,0,0,0,0,0,4,2008,1,1,12.249610947544657,0,0,0
478,60,4.653960350157523,9.524640032332234,2,1,1,1,1,1,3,3,4,9,5,1,1,4,2,15,772.0,1,3,3,0,0,2153,2153,2,1,2,7.634820677745543,574,0,7.879669914604289,0,0,2,1,3,1,1,9,1,1,1.0,3,694,1,414,84,0,0,0,0,0,3,2007,1,1,12.84792653170257,0,0,0
479,20,4.3694478524670215,9.272093768251665,2,1,1,1,1,1,3,3,1,8,5,2,1,4,2,15,336.0,2,3,3,1288,0,417,1705,2,1,2,7.4489161025442,0,0,7.4489161025442,1,0,2,0,3,1,2,7,1,1,2.0,3,826,1,208,44,0,0,0,0,0,9,2009,1,1,12.601487417784837,0,0,0
480,30,3.912023005428146,8.686935966003333,2,1,2,1,1,1,3,3,1,4,7,70,7,4,2,14,435.0,3,3,1,168,0,739,907,2,3,2,7.030857476116121,0,0,7.030857476116121,0,0,1,0,2,1,3,7,1,0,12.0,2,672,1,0,72,0,0,0,0,0,3,2007,1,4,11.401669829409995,0,0,0
481,20,4.584967478670572,9.682404377188837,2,2,1,1,4,1,3,3,1,9,5,2,1,4,2,15,378.0,2,3,3,1261,0,572,1833,2,1,2,7.52294091807237,0,0,7.52294091807237,1,0,2,0,3,1,2,8,1,1,2.0,3,772,1,519,112,0,0,0,0,0,3,2006,1,1,12.694652660348845,0,0,0
482,20,4.276666119016055,9.37974553683691,2,2,3,1,1,1,3,3,1,9,5,3,2,4,2,15,562.0,2,3,3,1567,0,225,1792,2,1,2,7.491087593534876,0,0,7.491087593534876,1,0,2,0,2,1,1,6,1,1,3.0,3,874,1,206,49,0,0,0,0,0,8,2006,1,1,12.832011076396668,0,0,0
483,70,3.912023005428146,7.824046010856292,2,1,1,1,2,1,3,3,4,7,8,94,4,2,2,14,0.0,2,3,3,299,0,611,910,2,1,2,6.82001636467413,910,0,7.509883061154913,1,0,1,1,4,1,1,7,3,1,94.0,1,164,1,0,0,0,0,0,0,0,6,2009,1,1,11.951180395901384,0,0,0
484,120,3.4657359027997265,8.411832675758411,2,1,1,1,4,1,3,3,1,6,5,8,8,4,2,15,116.0,3,3,3,897,0,319,1216,2,1,2,7.103322062526113,0,0,7.103322062526113,1,0,2,0,2,1,3,5,1,0,8.0,2,402,1,0,125,0,0,0,0,0,5,2006,1,1,12.007621706806335,0,0,0
485,20,4.23410650459726,8.956479847999912,2,2,1,1,2,1,3,3,1,5,7,45,6,2,2,7,0.0,3,2,2,588,0,411,999,2,2,2,6.906754778648554,0,0,6.906754778648554,1,0,1,0,3,1,2,6,1,0,44.0,1,264,1,0,132,0,0,0,0,0,3,2007,1,1,11.794337924408413,1,0,0
486,20,4.382026634673881,9.169518377455928,2,1,1,1,1,1,3,3,1,5,7,59,2,2,2,9,0.0,2,3,2,607,0,506,1113,2,2,2,7.014814351275545,0,0,7.014814351275545,0,0,1,0,3,1,2,5,1,1,59.0,1,264,1,0,80,120,0,0,0,0,7,2009,1,1,11.898187865760873,0,0,0
487,20,4.3694478524670215,9.23883064237581,2,1,1,1,1,1,3,3,1,5,7,42,42,4,2,9,168.0,3,3,2,836,0,237,1073,2,3,2,6.9782137426306985,0,0,6.9782137426306985,1,0,1,1,3,1,3,6,1,0,42.0,2,515,1,0,0,0,0,0,0,0,6,2007,1,1,11.957611286231675,0,0,0
488,20,4.248495242049359,9.412709624073916,2,2,1,1,1,1,3,3,1,5,6,36,36,2,2,11,0.0,3,3,2,998,0,486,1484,2,2,2,7.302496423727326,0,0,7.302496423727326,0,0,2,0,3,1,3,7,1,1,36.0,2,487,1,224,0,0,0,180,0,0,2,2007,1,1,12.072541252905651,0,0,0
489,190,4.0943445622221,9.287301413112312,2,1,1,1,2,1,3,3,2,5,4,106,36,2,2,16,0.0,3,4,2,664,0,290,954,2,3,1,7.476472381163905,648,0,7.789040401657477,0,0,2,0,3,2,3,10,4,1,36.0,2,520,3,142,0,0,0,0,0,0,5,2006,9,1,11.982929094215963,0,0,0
490,180,3.044522437723423,7.330405211844402,2,1,1,1,1,1,3,3,7,4,8,39,7,2,2,6,0.0,3,2,2,515,0,115,630,2,3,2,6.4457198193855785,0,0,6.4457198193855785,1,0,1,0,1,1,2,3,1,0,39.0,1,286,1,0,0,0,0,0,0,0,5,2009,1,1,11.362102575235644,0,0,0
491,160,4.23410650459726,7.887959336599945,2,1,1,1,1,1,3,3,4,5,6,32,32,2,2,6,0.0,3,3,3,0,0,264,264,2,3,2,6.423246963533519,688,0,7.1731917424865985,0,0,1,1,3,1,3,4,1,1,32.0,1,336,1,141,24,0,0,0,0,0,6,2008,1,1,11.652687407345388,1,0,0
492,50,4.3694478524670215,9.157993891603974,2,1,1,1,1,1,1,3,2,6,7,65,56,2,2,16,0.0,3,3,2,403,165,238,806,2,3,2,6.86484777797086,620,0,7.363913501405819,1,0,1,0,3,1,4,5,1,2,65.0,1,240,1,0,0,32,0,0,0,0,8,2006,1,1,11.79810440720389,0,0,0
493,60,4.653960350157523,9.653614941479894,2,2,1,1,2,1,3,3,4,6,5,0,0,2,2,15,0.0,2,3,3,0,0,728,728,2,2,2,6.590301048196686,728,0,7.283448228756631,0,0,2,1,3,1,3,8,1,0,0.0,2,429,1,0,0,0,0,0,0,0,5,2006,4,6,12.059803326028716,0,0,0
494,20,4.248495242049359,8.97853441008332,2,1,1,1,1,1,3,3,1,5,6,48,48,2,2,4,0.0,3,3,2,374,532,363,1269,2,3,2,7.1459844677143876,0,0,7.1459844677143876,0,0,1,1,3,1,3,6,1,1,44.0,1,308,1,0,0,0,0,0,0,0,6,2008,1,1,11.951180395901384,0,0,0
495,30,3.912023005428146,8.6628507638386,2,1,1,1,1,1,1,3,1,5,8,71,13,2,2,9,0.0,3,3,1,0,0,190,190,2,2,2,6.786716950605081,0,0,6.786716950605081,0,0,1,0,2,1,3,4,1,0,71.0,1,273,1,144,20,80,0,0,0,0,12,2009,1,1,11.421906066583059,0,0,0
496,30,4.0943445622221,8.971956271245688,2,1,1,1,1,1,3,3,1,4,5,89,59,2,2,16,0.0,3,3,2,495,0,225,720,2,3,1,6.579251212010101,0,0,6.579251212010101,0,0,1,0,2,1,3,4,1,0,29.0,0,0,3,0,523,115,0,0,0,0,11,2009,1,2,10.460242108190519,0,0,1
497,20,4.23410650459726,9.448727152703086,2,2,1,1,1,1,3,3,1,8,5,15,14,4,2,4,0.0,2,3,3,1231,0,1969,3200,2,1,2,8.07961802938984,0,0,8.07961802938984,1,0,3,0,4,1,2,10,1,1,15.0,2,546,1,264,75,291,0,0,0,0,5,2007,1,1,12.971540487669746,1,0,0
498,50,4.0943445622221,9.118225083068378,2,1,1,1,1,1,3,3,2,7,6,83,58,2,2,16,0.0,3,2,3,329,0,697,1026,2,1,2,7.0326242610280065,687,0,7.506591780070841,1,0,2,0,4,1,3,8,1,0,83.0,1,240,3,0,100,0,0,0,0,0,6,2008,1,1,12.122691036591123,0,0,0
499,20,4.174387269895637,8.961879012677683,2,1,1,1,1,1,3,3,1,5,7,42,5,4,2,7,89.0,3,3,3,450,0,414,864,2,1,2,6.80128303447162,0,0,6.80128303447162,0,0,1,0,3,1,2,5,1,0,42.0,1,288,1,64,0,0,0,0,0,0,6,2009,1,1,11.77528972943772,0,0,0
500,20,4.248495242049359,8.927314111060596,2,2,1,1,1,1,3,3,1,5,7,49,22,2,2,9,0.0,3,3,2,111,279,522,912,2,4,2,6.815639990074331,0,0,6.815639990074331,0,1,1,0,2,1,3,5,1,0,49.0,1,297,1,12,285,0,0,0,0,480,6,2007,1,1,11.695247021764184,0,0,0
501,160,3.044522437723423,7.5443321080536885,2,1,1,1,1,1,3,3,4,6,5,34,34,2,2,7,285.0,3,3,2,356,0,316,672,2,3,2,6.51025834052315,546,0,7.1049654482698426,0,0,1,1,3,1,3,7,1,0,34.0,1,264,1,144,28,0,0,0,0,0,5,2007,1,1,11.635143097694478,0,0,0
502,60,4.31748811353631,9.190443740261726,2,1,1,1,1,1,3,3,4,7,5,3,3,2,2,15,0.0,2,3,3,400,0,466,866,2,2,2,6.763884908562435,902,0,7.477604243197589,0,0,2,1,3,1,2,7,1,0,3.0,2,603,1,0,108,0,0,0,0,0,2,2008,1,1,12.33138283649562,0,0,0
503,20,4.248495242049359,9.123692565250511,2,1,1,1,2,1,2,3,1,5,7,42,42,4,2,9,0.0,3,3,2,698,96,420,1214,2,1,2,7.101675971619444,0,0,7.101675971619444,1,0,1,0,2,1,3,6,1,0,42.0,2,461,1,0,0,184,0,0,0,400,4,2007,1,1,11.84939770159144,0,0,0
504,20,4.605170185988092,9.655154390148258,2,2,1,1,1,1,3,3,1,7,8,51,13,2,2,4,0.0,3,3,2,1247,0,254,1501,2,3,2,7.496097345175956,0,0,7.496097345175956,1,0,2,0,1,1,3,6,1,2,51.0,2,484,1,0,54,0,0,161,0,0,3,2010,1,1,12.57418196709457,0,0,0
505,160,3.1780538303479458,7.744136627627991,2,1,1,1,1,1,3,3,4,6,5,35,35,2,2,11,0.0,3,3,2,257,495,103,855,2,3,2,6.75110146893676,467,0,7.186901020411631,0,1,2,1,3,1,3,6,1,1,35.0,2,440,1,260,0,0,0,0,0,0,6,2009,1,1,11.898187865760873,0,0,0
506,90,4.0943445622221,8.935377071932177,2,1,1,1,1,1,1,3,4,5,5,57,57,4,2,16,360.0,3,3,2,0,0,960,960,2,2,2,6.866933284461882,1000,0,7.580699752224563,0,0,2,0,4,2,3,10,1,0,57.0,2,400,3,0,0,0,0,0,0,0,7,2009,5,1,11.732060994886899,0,0,0
507,60,4.382026634673881,9.164715193949908,2,2,1,1,1,1,3,3,4,8,5,13,12,2,2,15,125.0,2,3,3,380,0,397,777,2,1,2,6.970730078143525,846,0,7.555381944240273,0,0,2,1,3,1,2,8,1,1,13.0,2,471,1,182,81,0,0,0,0,0,9,2006,1,1,12.2783933071098,0,0,0
508,20,4.31748811353631,8.969796305981806,2,2,1,1,1,1,3,3,1,6,5,0,0,2,2,15,0.0,2,3,3,27,0,1191,1218,2,1,2,7.1049654482698426,0,0,7.1049654482698426,0,0,2,0,2,1,2,4,1,0,0.0,2,676,1,0,102,0,0,0,0,0,9,2009,4,6,12.246734627249063,0,0,0
509,70,4.0943445622221,9.169518377455928,2,1,1,1,1,1,3,3,4,7,9,80,3,3,2,9,0.0,3,1,1,141,0,548,689,2,1,2,6.535241271013659,689,0,7.228388451573604,0,0,2,0,3,1,2,7,1,1,80.0,2,360,3,0,0,116,0,0,0,0,10,2008,1,1,11.9891596439666,0,0,0
510,20,4.382026634673881,9.169518377455928,2,1,1,1,2,1,3,3,1,5,6,50,50,2,2,9,132.0,3,3,2,991,0,50,1041,2,1,2,6.947937068614969,0,0,6.947937068614969,1,0,1,0,3,1,3,6,1,0,50.0,1,270,1,224,88,0,0,0,0,0,7,2009,1,1,11.732060994886899,0,0,0
511,20,4.31748811353631,9.585964638073326,2,1,1,1,1,1,3,3,1,5,7,58,9,4,2,16,70.0,2,3,2,650,180,178,1008,2,1,2,7.217443431696533,0,0,7.217443431696533,1,0,1,0,2,1,3,6,2,2,58.0,1,288,1,324,42,0,0,168,0,2000,6,2009,1,1,12.01309450854769,0,0,0
512,120,3.6888794541139363,8.823500727991183,2,2,1,1,1,1,3,3,1,7,5,1,0,2,2,15,94.0,2,3,3,0,0,1368,1368,2,1,2,7.221105098182496,0,0,7.221105098182496,0,0,2,0,2,1,2,6,1,1,1.0,2,474,1,132,35,0,0,0,0,0,3,2006,4,6,12.219309648562168,0,0,0
513,20,4.248495242049359,9.116029692504942,2,1,1,1,2,1,2,3,1,5,5,48,48,2,2,15,0.0,3,3,2,521,174,169,864,2,3,2,6.761572768804055,0,0,6.761572768804055,1,0,1,0,3,1,3,5,1,0,42.0,2,624,1,0,0,0,0,0,0,0,7,2006,1,1,11.77452020265869,0,0,0
514,20,4.2626798770413155,9.125544720271467,2,1,2,1,2,1,3,3,1,6,5,24,24,2,2,15,0.0,3,2,3,336,0,748,1084,2,3,2,6.984716320118266,0,0,6.984716320118266,0,0,1,1,3,1,3,5,1,0,24.0,2,484,1,120,0,158,0,0,0,0,6,2007,1,1,11.805595078933049,0,0,0
515,45,4.007333185232471,9.268043082104471,2,1,1,1,1,1,3,3,3,5,5,81,57,2,2,16,0.0,3,3,1,0,0,768,768,4,4,1,6.670766320845874,0,0,6.670766320845874,0,0,1,0,2,1,3,5,1,0,81.0,1,200,1,0,0,112,0,0,0,0,6,2007,1,1,11.477298287327077,0,0,0
516,20,4.543294782270004,9.410829232725586,2,1,1,1,1,1,3,3,1,10,5,0,0,4,2,6,305.0,1,3,2,1436,0,570,2006,2,1,2,7.61085279039525,0,0,7.61085279039525,1,0,2,1,3,1,1,9,1,1,0.0,3,900,1,156,54,0,0,0,0,0,9,2009,4,6,12.906346868281233,0,0,0
517,80,4.23410650459726,9.254165851516213,2,2,1,1,2,1,3,3,8,6,6,37,37,2,2,7,333.0,3,3,2,0,0,689,689,2,3,2,7.228388451573604,741,0,7.6586995582682995,0,0,2,1,3,1,3,7,1,1,37.0,2,583,1,0,104,0,0,0,0,0,8,2009,5,2,11.970350312009105,1,0,0
518,60,4.3694478524670215,9.23092700558457,2,2,1,1,1,1,3,3,4,7,5,13,12,2,2,15,921.0,2,3,3,0,0,1264,1264,2,1,2,7.152268856032539,1067,0,7.759614150696903,0,0,2,1,3,1,2,7,1,1,13.0,3,889,1,220,0,0,0,0,0,0,7,2009,1,1,12.487485104968359,0,0,0
519,60,4.23410650459726,9.162304922937626,2,2,1,1,3,1,3,3,4,6,5,9,9,2,2,15,0.0,3,3,3,706,0,88,794,2,1,2,6.782192056006791,914,0,7.493317248862145,1,0,2,1,3,1,3,7,1,0,9.0,2,546,1,0,36,0,0,0,0,0,5,2007,1,1,12.259613412458204,1,0,0
520,70,3.970291913552122,9.298168082341704,2,1,1,1,1,1,3,3,4,7,9,83,5,3,2,9,0.0,2,3,1,0,0,1276,1276,2,1,2,7.151485463904735,804,0,7.640123172695364,0,0,1,1,3,1,2,9,1,2,83.0,1,282,1,0,0,0,0,145,0,0,6,2009,1,1,12.363076394339839,0,0,0
521,190,4.0943445622221,9.287301413112312,2,1,1,1,1,1,3,3,4,4,7,108,8,2,2,9,0.0,3,3,1,0,0,0,0,2,3,1,6.542471960506805,600,0,7.165493475060845,0,0,2,0,3,2,3,7,1,0,28.0,0,0,3,220,114,210,0,0,0,0,8,2008,1,1,11.573550086786664,0,0,1
522,20,4.499809670330265,9.391661428436555,2,2,1,1,2,1,2,3,1,6,6,50,50,2,2,15,0.0,3,3,2,777,0,467,1244,2,1,2,7.126087273299125,0,0,7.126087273299125,0,0,1,1,3,1,3,6,1,2,50.0,1,336,1,0,40,0,0,0,0,0,5,2007,1,1,11.918390573078392,0,0,0
523,50,3.912023005428146,8.517193191416238,2,1,1,1,2,1,2,3,2,6,7,59,56,2,2,6,0.0,3,2,2,399,0,605,1004,2,1,2,6.911747300251674,660,0,7.416979621381154,0,0,2,0,3,1,3,7,1,2,56.0,2,420,1,0,24,36,0,0,0,0,10,2006,1,1,11.976659481202368,0,0,0
524,60,4.867534450455582,10.59898197616442,2,2,2,1,1,1,6,6,4,10,5,0,-1,4,2,6,762.0,1,3,3,2260,0,878,3138,2,1,2,8.051340933292979,1538,0,8.450198322591959,1,0,3,1,3,1,1,11,1,1,0.0,3,884,1,208,406,0,0,0,0,0,10,2007,4,6,12.126758838810447,0,0,0
525,60,4.553876891600541,9.37475250822657,2,2,1,1,1,1,3,3,4,7,5,11,10,2,2,15,594.0,2,3,3,719,0,660,1379,2,1,2,7.232010331664759,1015,0,7.7823903355874595,1,0,2,1,3,1,2,8,1,1,11.0,3,834,1,239,60,0,0,0,0,0,8,2007,1,1,12.662706040212738,0,0,0
526,20,4.127134385045092,8.922658299524402,2,1,1,1,1,1,3,3,1,7,5,1,1,2,2,15,0.0,2,3,3,0,0,1257,1257,2,1,2,7.143617602704121,0,0,7.143617602704121,0,0,2,0,3,1,2,6,1,1,1.0,2,453,1,38,144,0,0,0,0,0,4,2006,1,1,12.078239274020289,0,0,0
527,20,4.248495242049359,9.495519314209846,2,1,1,1,1,1,3,3,1,5,7,51,7,4,2,16,0.0,3,3,2,377,0,551,928,2,3,2,6.833031732786201,0,0,6.833031732786201,0,0,1,0,2,1,3,4,1,0,51.0,1,252,1,261,0,156,0,0,0,0,6,2007,1,1,11.790557201568507,0,0,0
528,60,4.204692619390966,9.612332790605375,2,2,1,1,1,1,3,3,4,9,5,0,0,4,2,15,268.0,1,3,3,1330,0,122,1452,2,1,2,7.297091005160418,1237,0,7.905810312658931,1,0,2,1,3,1,1,11,1,1,0.0,3,858,1,126,66,0,0,0,0,0,11,2008,4,6,13.008659261632127,0,0,0
529,30,4.060443010546419,9.115809888129949,2,2,1,1,1,1,3,3,1,4,7,87,5,2,2,16,0.0,3,3,1,348,0,180,528,2,1,2,6.405228458030842,0,0,6.405228458030842,1,0,1,0,2,1,3,5,1,0,27.0,0,0,3,0,0,144,0,0,0,0,7,2007,1,1,11.362102575235644,0,0,1
530,20,4.23410650459726,10.394151284478166,2,2,1,1,3,1,3,3,1,6,3,50,32,4,2,16,0.0,2,3,3,1219,0,816,2035,2,3,2,7.83002808253384,0,0,7.83002808253384,1,0,3,0,4,2,3,9,5,2,32.0,2,484,1,0,0,200,0,0,0,0,3,2007,1,4,12.209187788430318,1,1,0
531,80,4.442651256490317,9.230142999272362,2,1,1,1,1,1,3,3,8,6,5,20,19,2,2,7,219.0,2,3,2,783,0,678,1461,2,1,2,7.319202458767849,0,0,7.319202458767849,1,0,2,0,3,1,2,5,1,1,20.0,2,600,1,224,0,0,0,0,0,0,8,2008,1,2,12.072541252905651,0,0,0
532,70,4.0943445622221,8.725020038618554,2,2,1,1,5,1,4,2,4,6,8,88,9,2,2,16,0.0,3,3,1,0,0,611,611,2,1,2,6.621405651764134,611,0,7.216709486709457,0,0,2,0,3,1,3,6,1,0,88.0,2,502,1,0,0,84,0,0,0,0,6,2008,1,1,11.759785542901755,0,0,0
533,20,4.0943445622221,8.881836305004146,2,1,1,1,1,1,3,3,1,5,7,55,3,2,2,15,0.0,3,3,4,0,0,0,0,2,1,2,6.717804695023691,0,0,6.717804695023691,0,0,1,0,2,1,3,5,4,1,43.0,1,392,1,0,0,0,0,0,0,0,4,2010,1,1,11.585246126549855,0,0,0
534,20,3.912023005428146,8.517193191416238,2,1,4,1,1,2,3,3,1,1,3,61,57,2,2,15,0.0,4,4,4,0,0,0,0,2,4,1,5.811140992976701,0,0,5.811140992976701,0,0,1,0,1,1,4,2,1,0,27.0,0,0,3,0,0,0,0,0,0,0,1,2007,1,1,10.578979797857352,0,0,1
535,60,4.30406509320417,9.111182800442965,2,2,1,1,1,1,3,3,4,8,5,2,2,2,2,15,0.0,2,3,3,0,0,707,707,2,1,2,6.561030665896573,707,0,7.254177846456518,0,0,2,1,3,1,2,6,1,1,2.0,2,403,1,100,35,0,0,0,0,0,10,2006,1,1,12.089538829274222,0,0,0
536,190,4.248495242049359,8.85366542803745,2,1,1,1,1,1,3,3,4,5,7,98,17,2,2,9,0.0,3,3,2,969,0,148,1117,2,3,2,6.709304340258298,527,0,7.205635176410364,1,0,1,0,3,1,3,5,1,0,28.0,0,0,3,85,0,148,0,0,0,0,1,2008,1,1,11.585246126549855,0,0,1
537,60,4.04305126783455,9.096499555552423,2,2,1,1,3,1,3,3,4,7,5,10,9,2,2,15,0.0,3,3,3,0,0,880,880,2,1,2,6.779921907472252,844,0,7.452402451223638,0,0,2,1,3,1,2,8,1,0,10.0,2,527,1,120,155,0,0,0,0,0,7,2008,1,1,12.144197241812087,0,0,0
538,20,4.23410650459726,9.452109387413557,2,2,1,1,4,1,3,3,1,4,5,36,36,4,2,9,0.0,3,3,2,600,0,264,864,2,3,2,6.761572768804055,0,0,6.761572768804055,0,0,1,0,3,1,3,5,1,0,28.0,2,576,1,216,0,0,0,0,0,0,4,2008,5,1,11.619535200028487,1,0,0
539,20,4.23410650459726,9.354700422483019,2,2,1,1,1,1,3,3,1,5,5,38,38,4,2,11,188.0,3,3,2,673,0,378,1051,2,3,2,7.055312843339752,0,0,7.055312843339752,0,0,1,1,3,1,3,7,1,1,38.0,1,336,1,466,0,0,0,0,0,0,7,2006,1,1,11.970350312009105,1,0,0
540,20,4.23410650459726,9.343384145733948,2,1,1,1,1,1,3,3,1,8,5,9,8,2,2,15,479.0,2,3,3,1358,0,223,1581,2,1,2,7.3783837129967145,0,0,7.3783837129967145,1,0,2,0,3,1,2,6,1,1,9.0,2,670,1,180,0,0,0,0,0,2000,5,2010,1,1,12.513557345278134,1,0,0
541,20,4.442651256490317,9.588845298501564,2,1,1,1,1,1,3,3,1,9,5,3,3,4,2,15,584.0,1,3,3,1260,0,578,1838,2,1,2,7.516433302915632,0,0,7.516433302915632,1,0,2,0,2,1,1,8,1,1,3.0,3,765,1,270,68,0,0,0,0,0,3,2009,1,1,12.66032791780777,0,0,0
542,60,4.23410650459726,9.305650551780507,2,1,1,1,4,1,3,3,4,8,5,7,7,2,2,15,72.0,2,3,3,0,0,969,969,2,1,2,6.904750769961838,1288,0,7.734121303328305,0,0,2,1,4,1,2,8,1,1,7.0,3,648,1,0,56,0,0,0,0,0,6,2007,1,1,12.421184025147118,1,0,0
543,20,4.356708826689592,9.224243277145174,2,1,1,1,1,1,5,3,1,7,5,11,10,4,2,15,0.0,2,3,3,144,1127,379,1650,2,1,2,7.426549072397305,0,0,7.426549072397305,1,0,2,0,3,1,2,7,5,1,11.0,2,583,1,78,73,0,0,0,0,0,6,2009,1,1,12.270220465353926,0,0,0
544,120,3.5263605246161616,8.30844552038576,2,1,1,1,1,1,3,3,7,7,5,9,9,2,2,9,182.0,3,3,3,584,139,0,723,2,1,2,6.642486801367256,0,0,6.642486801367256,1,0,1,0,1,1,3,4,1,0,9.0,1,367,1,120,40,0,0,0,0,0,6,2007,1,1,11.79810440720389,0,0,0
545,60,4.060443010546419,9.747067633264827,2,2,1,1,1,1,3,3,4,7,5,0,0,2,2,15,0.0,2,3,3,554,0,100,654,2,1,2,6.498282149476434,832,0,7.310550158534422,1,0,2,1,3,1,2,7,1,1,0.0,2,426,1,100,24,0,0,0,0,0,9,2006,4,6,12.09884928474215,0,0,0
546,50,4.23410650459726,9.535101442669385,2,2,1,1,2,1,3,3,2,7,5,18,18,2,2,7,178.0,2,2,3,1002,202,0,1204,2,2,2,7.227662498728654,806,0,7.688455356549944,0,0,2,1,4,1,2,9,1,0,18.0,3,786,1,0,0,0,0,0,0,0,2,2006,1,1,12.341477282536376,1,0,0
547,50,4.248495242049359,9.075322160298095,2,2,2,1,1,1,3,3,2,6,7,84,57,2,2,4,0.0,3,3,1,300,0,765,1065,2,1,2,6.818924065275521,720,0,7.399398083331354,0,0,1,1,3,1,3,6,1,1,57.0,2,440,1,0,38,0,144,0,0,0,5,2007,1,1,12.254862809699606,0,0,0
548,85,3.9889840465642745,8.887928819003305,2,1,1,1,1,1,3,3,7,5,7,37,37,2,2,15,0.0,3,2,2,619,0,149,768,2,1,2,6.643789733147672,0,0,6.643789733147672,1,0,1,0,2,1,3,5,1,0,20.0,2,624,1,104,0,0,0,0,0,0,4,2007,1,1,11.771436160121729,0,0,0
549,20,3.8918202981106265,9.016148642611741,2,2,3,1,1,1,2,4,1,5,7,53,13,2,2,9,0.0,3,2,2,180,645,0,825,2,3,2,6.715383386334681,0,0,6.715383386334681,1,0,1,0,2,1,3,4,1,0,45.0,2,720,1,140,50,0,0,0,0,0,6,2008,1,1,11.736069016284437,0,0,0
550,60,4.31748811353631,9.14580185083861,2,1,1,1,1,1,3,3,4,7,5,6,5,2,2,15,0.0,2,3,3,0,0,912,912,2,1,2,6.815639990074331,1182,0,7.646831391430482,0,0,2,1,4,1,2,8,1,1,6.0,2,615,1,182,182,0,0,0,0,0,11,2009,1,1,12.479909311159902,0,0,0
551,120,3.970291913552122,8.304742269640771,2,1,1,1,1,1,3,3,1,6,6,31,31,2,2,11,0.0,3,3,2,559,0,510,1069,2,3,2,6.974478911025045,0,0,6.974478911025045,0,0,2,0,2,1,3,4,1,0,31.0,2,440,1,0,55,0,0,200,0,0,10,2008,5,2,11.84939770159144,0,0,0
552,20,3.912023005428146,8.699514748210191,2,1,1,1,1,1,3,3,1,5,6,51,51,4,2,4,0.0,3,3,2,308,0,620,928,2,2,2,6.833031732786201,0,0,6.833031732786201,0,0,1,0,3,1,3,5,1,0,51.0,1,288,1,0,0,0,0,0,0,0,6,2008,1,1,11.630708500626612,0,0,0
553,20,4.465908118654584,9.318835968129482,2,2,1,1,1,1,3,3,1,8,5,3,3,2,2,15,250.0,2,3,3,0,0,1709,1709,2,1,2,7.448333860897476,0,0,7.448333860897476,0,0,2,0,3,1,2,7,1,1,3.0,3,908,1,169,39,0,0,0,0,0,7,2009,1,1,12.450977688625896,0,0,0
554,20,4.204692619390966,9.079889942592118,2,1,1,1,1,1,2,3,1,4,5,60,6,2,2,15,0.0,3,3,2,0,0,0,0,2,1,2,7.026426808699636,0,0,7.026426808699636,0,0,2,0,2,1,2,5,1,0,7.0,2,520,3,0,96,0,0,0,0,0,5,2009,1,1,11.589886506106357,0,0,0
555,60,4.442651256490317,9.270964993792617,2,1,1,1,1,1,3,3,4,7,5,5,4,2,2,15,292.0,2,3,3,866,0,132,998,2,1,2,6.913737350659685,1040,0,7.6236419465115715,1,0,2,1,3,1,2,8,1,1,5.0,3,871,1,320,62,0,0,0,0,0,8,2008,1,1,12.556729517143344,0,0,0
556,45,4.060443010546419,8.760923376338836,2,1,1,1,1,1,3,3,3,5,6,84,56,2,2,9,0.0,3,3,1,0,0,993,993,2,3,2,6.954638864880987,0,0,6.954638864880987,0,0,1,0,2,1,3,5,1,1,84.0,1,280,1,0,0,116,0,0,0,0,8,2006,1,1,11.635143097694478,0,0,0
557,20,4.23410650459726,9.605755144230846,2,2,1,1,1,1,3,3,1,5,5,49,49,2,2,16,0.0,3,3,2,895,0,197,1092,2,3,2,6.9957661563048505,0,0,6.9957661563048505,1,0,1,0,2,1,3,6,1,1,49.0,1,299,1,268,0,0,0,122,0,0,5,2006,1,1,11.856515169360305,0,0,0
558,50,4.0943445622221,9.309280319831087,2,1,4,1,1,2,3,3,2,4,6,86,56,2,2,9,0.0,3,3,2,637,0,0,637,2,2,2,6.799055862058796,439,0,7.197435354096591,0,0,1,1,3,1,3,7,1,0,12.0,1,570,1,0,47,120,0,0,0,0,9,2006,5,1,11.589886506106357,0,0,0
559,60,4.04305126783455,9.99296255896373,2,3,3,1,4,1,3,3,4,7,5,12,11,2,2,7,0.0,3,3,3,604,0,125,729,2,1,2,6.591673732008658,717,0,7.27655640271871,0,1,2,1,3,1,3,6,1,1,12.0,2,406,1,264,22,0,0,0,0,0,8,2008,1,1,12.072541252905651,0,0,0
560,120,4.23410650459726,8.069655306886165,2,1,1,1,1,1,3,3,1,7,5,3,2,2,2,15,18.0,2,3,3,0,0,1374,1374,2,1,2,7.350516171833998,0,0,7.350516171833998,0,0,2,0,2,1,2,7,1,1,3.0,2,420,1,143,20,0,0,0,0,0,10,2006,1,1,12.363076394339839,1,0,0
561,20,4.23410650459726,9.33617975681533,2,2,1,1,1,1,3,3,1,5,6,53,14,4,2,16,180.0,3,3,2,1302,0,90,1392,2,3,2,7.238496840894365,0,0,7.238496840894365,1,0,1,1,3,1,3,5,4,1,53.0,2,528,1,0,0,0,0,95,0,0,5,2010,1,1,11.70766954176274,1,0,0
562,20,4.343805421853684,9.211339872309265,2,1,1,1,1,2,3,3,1,5,5,32,31,2,2,7,0.0,3,3,2,1071,123,195,1389,2,2,2,7.236339342754344,0,0,7.236339342754344,1,0,1,0,2,1,3,6,1,1,31.0,2,418,1,240,38,0,0,0,0,0,4,2006,1,1,12.043553716032399,0,0,0
563,30,4.143134726391533,9.540147589478611,2,1,1,1,1,1,3,3,1,5,6,68,39,2,2,17,0.0,3,3,2,290,0,706,996,2,1,2,6.903747257584598,0,0,6.903747257584598,1,0,1,0,3,1,3,6,1,1,28.0,0,0,1,144,0,0,0,0,0,0,7,2008,1,1,11.589886506106357,0,0,1
564,50,4.189654742026425,9.988747396486952,2,1,1,1,1,1,3,3,2,6,7,90,58,2,2,16,0.0,3,3,1,0,0,1163,1163,2,1,2,7.0587581525186645,511,0,7.422971251049421,0,0,2,0,4,1,3,8,1,1,53.0,2,396,3,72,36,0,0,144,0,0,7,2008,1,1,12.128111104060462,0,0,0
565,60,4.23410650459726,9.498971993463552,2,2,1,1,3,1,3,3,4,7,5,14,6,2,2,7,0.0,2,3,3,728,0,367,1095,2,1,2,7.061334366910438,1129,0,7.738488122494646,1,0,2,1,4,1,2,9,1,1,14.0,2,590,1,0,40,0,0,0,0,0,7,2006,1,1,12.498742259492994,1,0,0
566,70,4.189654742026425,8.833171133022866,2,1,2,1,2,1,3,3,4,6,4,95,60,2,2,16,0.0,3,3,3,0,0,806,806,2,3,1,6.734591659972948,806,0,7.4067107301776405,1,0,1,1,4,1,4,6,1,0,90.0,1,216,1,0,66,136,0,0,0,0,5,2010,1,1,11.759785542901755,0,0,0
567,60,4.343805421853684,9.323490469908839,2,2,1,1,1,1,3,3,4,9,5,3,1,4,2,15,245.0,2,3,3,0,0,1122,1122,2,1,2,7.033506484287697,1370,0,7.825644732219989,0,0,2,1,4,1,1,11,1,1,3.0,3,656,1,144,39,0,0,0,0,0,6,2008,1,1,12.691580461311874,0,0,0
568,20,4.248495242049359,9.227295812625597,2,2,1,1,1,1,3,3,1,7,5,6,6,2,2,15,168.0,2,3,3,2,0,1515,1517,2,1,2,7.336285660021297,0,0,7.336285660021297,0,0,2,0,3,1,2,7,1,0,6.0,2,532,1,0,0,0,0,0,0,0,3,2010,1,1,12.273731294003989,0,0,0
569,50,4.3694478524670215,9.41954725755152,2,2,4,1,1,2,3,3,2,8,8,26,0,2,2,16,0.0,2,3,2,1441,0,55,1496,2,1,2,7.310550158534422,636,0,7.664815785285735,1,0,1,1,1,1,2,5,3,1,26.0,2,612,1,349,40,0,0,0,0,0,9,2009,1,1,12.66539442642905,0,0,0
570,90,4.23410650459726,8.858226439365012,2,2,1,1,2,1,3,3,7,5,5,27,27,2,2,9,0.0,3,3,2,943,0,0,943,2,3,2,6.849066282633458,0,0,6.849066282633458,1,0,1,0,2,1,3,4,1,2,27.0,2,600,1,42,0,0,0,0,0,0,12,2006,1,1,11.820116003810051,1,0,0
571,90,4.30406509320417,9.48044384215367,2,2,1,1,1,1,3,3,1,5,5,43,43,2,2,7,108.0,3,3,2,231,0,1497,1728,2,3,2,7.454719949364001,0,0,7.454719949364001,0,0,2,0,6,2,3,10,1,0,21.0,2,576,1,0,0,0,0,0,0,0,11,2008,1,1,11.867798786962332,0,0,0
572,20,4.0943445622221,8.900003608959596,2,1,1,1,1,1,3,3,1,6,6,47,47,2,2,17,207.0,3,3,2,414,0,450,864,2,1,2,6.761572768804055,0,0,6.761572768804055,1,0,1,0,2,1,2,4,1,0,47.0,1,288,1,168,0,0,0,0,0,0,10,2006,1,2,11.695247021764184,0,0,0
573,60,4.418840607796598,9.48486121415014,2,2,3,1,2,1,3,3,4,7,5,0,0,2,2,15,0.0,3,3,3,0,0,846,846,2,2,2,6.740519359606223,846,0,7.433666540166168,0,0,2,1,3,1,2,6,1,0,0.0,2,650,1,208,114,0,0,0,0,0,7,2009,4,6,12.321630986164447,0,0,0
574,80,4.330733340286331,9.207034914967457,2,2,1,1,1,1,3,3,8,7,5,7,7,2,2,15,0.0,3,3,3,0,0,384,384,2,1,2,6.651571873589727,656,0,7.265429723253953,0,0,2,1,3,1,3,8,1,1,7.0,2,400,1,100,0,0,0,0,0,0,12,2007,1,1,12.043553716032399,0,0,0
575,80,4.248495242049359,9.259130536145614,2,1,1,1,4,1,3,3,8,5,7,36,2,3,2,9,82.0,3,3,2,349,0,23,372,2,3,2,6.3561076606958915,533,0,7.011213987350367,0,1,1,0,3,1,3,5,1,0,36.0,1,288,1,35,0,0,0,0,0,0,12,2007,1,1,11.842229212112828,0,0,0
576,50,4.382026634673881,9.045465728785949,2,1,1,1,1,1,3,3,2,5,5,61,58,2,2,9,0.0,3,3,2,442,0,390,832,2,3,2,6.723832440821209,384,0,7.103322062526113,0,0,1,0,2,1,3,6,1,0,61.0,1,336,1,158,0,102,0,0,0,0,10,2008,5,2,11.682668239557323,0,0,0
577,50,3.9512437185814275,8.747034264178168,2,1,1,1,1,1,3,3,2,7,7,81,59,2,2,16,0.0,3,3,1,0,0,861,861,2,2,2,6.776506992372183,600,0,7.29776828253138,0,1,2,0,3,1,3,6,1,1,81.0,1,216,1,0,50,0,0,0,0,0,8,2009,1,1,11.884489021402711,0,0,0
578,80,4.564348191467836,9.373903755841548,2,2,1,1,1,1,3,3,8,5,6,40,40,2,2,15,97.0,3,3,2,328,551,285,1164,2,1,2,7.1853870155804165,0,0,7.1853870155804165,1,0,1,0,3,1,3,6,1,2,40.0,2,564,1,160,68,240,0,0,0,0,5,2006,1,2,12.010665849187564,0,0,0
579,160,3.5263605246161616,8.189799618728228,2,1,1,1,2,1,3,3,4,7,5,1,1,2,2,15,0.0,2,3,3,0,0,689,689,2,1,2,6.555356891810665,689,0,7.238496840894365,0,0,2,0,2,1,2,5,1,0,1.0,2,540,1,0,102,0,0,0,0,0,2,2008,1,2,11.891361900690473,0,0,0
580,50,4.394449154672439,9.405084448768694,2,1,1,1,1,1,3,3,2,5,5,54,54,2,2,9,335.0,3,3,1,0,0,1050,1050,2,1,1,6.956545443151569,745,0,7.492760300922379,0,0,2,0,4,1,3,7,1,0,54.0,1,352,1,0,0,0,0,0,0,0,11,2008,1,1,11.786762130599957,0,0,0
581,20,4.23410650459726,9.587748882301822,2,2,1,1,3,1,3,3,1,6,6,47,20,2,2,16,85.0,3,3,2,594,219,331,1144,2,1,2,7.264730177929867,0,0,7.264730177929867,0,1,1,0,3,1,2,7,1,2,47.0,2,572,1,216,110,0,0,0,0,0,6,2007,1,1,12.111212364506214,1,0,0
582,20,4.584967478670572,9.449672183486918,2,1,1,1,1,1,3,3,1,8,5,1,0,4,2,15,306.0,1,3,3,0,0,2042,2042,2,1,2,7.621684998724611,0,0,7.621684998724611,0,0,2,1,3,1,1,8,1,1,0.0,3,1390,1,0,90,0,0,0,0,0,8,2009,4,6,12.442302200392747,0,0,0
583,90,4.394449154672439,9.379323364330956,1,1,1,1,1,1,3,3,7,6,5,17,17,2,2,7,104.0,3,2,2,816,0,0,816,2,3,2,6.704414354964107,0,0,6.704414354964107,1,0,1,0,3,1,3,5,1,0,27.0,0,0,1,0,32,0,0,0,0,0,5,2007,1,1,11.682668239557323,0,0,1
584,75,4.31748811353631,9.51044496442652,2,1,1,1,1,1,1,7,6,10,9,115,8,2,2,16,0.0,1,1,1,0,0,1237,1237,2,2,2,7.327123292259293,1254,0,7.928406026180535,0,0,3,1,3,1,2,9,1,1,20.0,2,880,1,105,502,0,0,0,0,0,7,2008,1,1,12.691580461311874,0,0,0
585,50,3.9318256327243257,8.719317375506371,2,1,1,1,1,1,3,3,2,4,7,74,14,2,2,1,0.0,3,3,1,0,0,884,884,2,1,2,6.8966943316227125,584,0,7.360739903058278,0,0,1,0,3,1,2,6,1,0,74.0,1,240,1,0,0,54,0,120,0,0,7,2009,1,1,11.79810440720389,0,0,0
586,20,4.477336814478207,9.345133468317714,2,1,1,1,1,1,3,3,1,8,5,1,0,4,2,15,208.0,2,3,3,1460,0,408,1868,2,1,2,7.614805364711073,0,0,7.614805364711073,1,0,2,0,2,1,2,7,1,2,1.0,3,880,1,326,66,0,0,0,0,0,3,2006,4,6,12.820987977820545,0,0,0
587,30,4.007333185232471,9.236690147298965,2,1,1,1,1,1,5,3,1,6,7,90,8,2,2,14,0.0,3,2,1,210,606,0,816,2,1,2,6.731018100482083,0,0,6.731018100482083,1,0,1,0,2,1,4,5,1,0,47.0,1,275,3,0,0,112,0,0,0,0,5,2008,1,1,11.77528972943772,0,0,0
588,85,4.30406509320417,9.07566546864958,2,2,1,1,1,1,3,3,7,5,6,27,27,4,2,7,0.0,3,3,2,672,0,168,840,2,3,2,6.756932389247553,0,0,6.756932389247553,1,0,1,0,2,1,3,4,1,0,13.0,2,528,1,0,0,0,0,0,0,0,7,2009,1,1,11.827736204810263,0,0,0
589,20,4.174387269895637,10.130423902089033,2,2,4,1,1,3,3,3,1,5,8,41,6,1,6,16,0.0,3,3,2,1324,0,113,1437,2,1,2,7.29505641646263,0,0,7.29505641646263,2,0,1,0,1,1,1,5,1,2,41.0,1,452,1,0,48,0,0,60,0,0,6,2009,1,6,11.870599909242044,0,0,0
590,40,3.912023005428146,9.116029692504942,2,1,1,1,1,1,5,2,1,5,6,78,48,2,2,15,0.0,3,3,1,0,0,742,742,2,3,2,6.658011045870748,0,156,6.840546529288687,0,0,1,0,2,1,3,4,1,0,20.0,1,308,2,0,0,0,0,0,0,600,8,2008,1,1,11.283512300642423,0,0,0
591,60,4.1588830833596715,9.026417533815254,2,1,1,1,1,1,3,3,4,7,5,4,4,2,2,15,0.0,2,3,3,490,0,280,770,2,1,2,6.646390514847729,812,0,7.366445148327599,0,0,2,1,3,1,2,6,1,0,4.0,2,520,1,0,45,0,0,0,0,0,9,2008,1,1,12.132964173709535,0,0,0
592,60,4.574710978503383,9.508814005506162,2,2,1,1,2,1,3,3,4,10,5,1,1,2,2,6,420.0,1,3,3,1338,0,384,1722,2,1,2,7.454719949364001,568,0,7.738923757439457,1,0,2,1,3,1,1,10,1,1,1.0,3,842,1,382,274,0,0,0,0,0,6,2009,8,1,13.021326833226556,0,0,0
593,20,4.0943445622221,8.794824928014517,2,1,1,1,1,1,3,3,1,5,8,26,5,2,2,7,0.0,3,2,3,816,0,0,816,2,1,2,6.704414354964107,0,0,6.704414354964107,1,0,1,0,2,1,3,4,1,0,23.0,2,816,1,0,0,0,0,0,0,0,6,2008,1,1,11.835008964139341,0,0,0
594,120,4.23410650459726,8.39728289474368,2,1,1,1,1,1,3,3,1,6,5,6,6,2,2,15,170.0,2,3,3,685,0,163,848,2,1,2,6.742880635791903,0,0,6.742880635791903,1,0,1,0,1,1,2,4,1,0,6.0,2,420,1,140,0,0,0,0,0,0,5,2009,1,1,11.84939770159144,1,0,0
595,20,4.477336814478207,8.98594603876032,2,2,1,1,1,1,3,3,1,5,6,33,33,4,2,7,0.0,3,3,2,0,0,924,924,2,3,2,6.828712071641684,0,0,6.828712071641684,0,0,1,0,3,1,3,5,1,0,27.0,1,280,1,0,0,0,0,0,0,0,4,2008,1,1,11.608235644774552,0,0,0
596,20,4.23410650459726,9.33273498018979,2,2,1,1,1,1,3,3,1,8,5,1,0,2,2,15,238.0,2,3,3,1422,0,392,1814,2,1,2,7.509883061154913,0,0,7.509883061154913,1,0,2,0,3,1,2,7,1,1,1.0,3,758,1,180,75,0,0,120,0,0,8,2006,4,6,12.672946381766982,0,0,0
597,70,4.0943445622221,8.1886891244442,2,1,1,1,1,1,3,3,4,6,7,96,13,2,2,15,0.0,3,3,2,0,0,684,684,2,1,1,6.52795791762255,684,0,7.221105098182496,0,0,1,0,3,1,3,7,1,0,76.0,1,216,3,0,158,0,0,0,0,0,10,2006,1,1,11.648365035864053,0,0,0
598,120,3.970291913552122,8.274357006756292,2,1,1,1,1,1,3,3,1,7,5,1,0,2,2,15,72.0,2,3,3,0,0,1258,1258,2,1,2,7.2456550675945355,0,0,7.2456550675945355,0,2,0,2,2,1,2,7,1,1,1.0,3,648,1,120,16,0,0,0,0,0,2,2007,4,6,12.17664898415669,0,0,0
599,20,4.382026634673881,9.471473109194427,2,1,2,1,1,1,3,3,1,5,6,29,29,2,2,11,459.0,3,3,2,1283,147,0,1430,2,1,2,7.4067107301776405,0,0,7.4067107301776405,1,0,2,0,3,1,2,7,1,1,29.0,2,621,1,0,0,0,0,0,0,0,3,2006,1,1,12.289954129510877,0,0,0
600,160,3.1780538303479458,7.575584651557793,2,1,1,1,1,1,3,3,4,6,6,28,28,2,2,9,0.0,3,2,2,81,612,23,716,2,3,2,6.573680166960646,840,0,7.349873704738337,1,0,2,1,3,1,3,6,1,1,28.0,2,452,1,161,0,0,0,0,0,0,7,2008,5,1,11.925035115797062,0,0,0
601,60,4.30406509320417,9.298992069570746,2,1,1,1,1,1,3,3,4,8,5,1,1,2,2,15,280.0,2,3,3,546,0,512,1058,2,1,2,6.964135612418245,846,0,7.55171221535131,1,0,2,1,3,1,1,8,1,1,3.0,2,736,1,179,60,0,0,0,0,0,6,2006,1,1,12.524526376648708,0,0,0
602,50,3.912023005428146,9.104979856318357,2,1,2,1,1,1,3,3,2,6,6,70,57,2,2,16,0.0,3,2,3,0,0,780,780,2,3,2,6.659293919683638,595,0,7.226209010100671,0,0,1,1,3,1,2,6,1,1,28.0,1,544,2,0,162,0,0,126,0,0,12,2007,1,1,11.856515169360305,0,0,0
603,60,4.382026634673881,9.214431989879436,2,2,1,1,1,1,3,3,4,8,5,14,14,2,2,7,0.0,2,3,3,789,0,119,908,2,1,2,6.831953565565855,988,0,7.557472901614746,1,0,2,1,3,1,2,8,1,1,14.0,2,506,1,120,150,0,0,0,0,0,2,2006,1,2,12.301382825334498,0,0,0
604,160,3.4011973816621555,8.065265208897733,2,1,1,1,1,1,3,3,4,7,5,6,5,2,2,9,0.0,2,3,3,0,0,600,600,2,1,2,6.396929655216146,600,0,7.090076835776092,0,0,2,1,2,1,2,4,1,0,6.0,2,480,1,0,172,0,0,0,0,0,6,2010,1,1,11.925035115797062,0,0,0
605,20,4.477336814478207,9.45743479744618,2,2,1,1,1,1,3,3,1,7,5,6,6,2,2,15,99.0,2,3,3,922,0,572,1494,2,1,2,7.309212365692763,0,0,7.309212365692763,1,0,2,0,3,1,2,6,1,1,6.0,2,530,1,192,36,0,0,0,0,0,9,2008,1,1,12.30591798049989,0,0,0
606,60,4.442651256490317,9.517825071724143,2,1,1,1,1,1,3,3,4,7,6,44,19,2,2,7,176.0,3,3,2,454,0,314,768,2,3,2,7.078341579557671,800,0,7.593877844605118,0,0,2,1,3,1,3,7,1,3,44.0,2,486,1,0,42,0,0,189,0,0,10,2009,1,1,12.230765258120545,0,0,0
607,20,4.406719247264253,9.430599768110529,2,3,4,1,2,2,3,3,1,5,5,13,13,2,2,15,0.0,3,2,3,732,0,308,1040,2,2,2,6.946975992135418,0,0,6.946975992135418,1,0,1,0,3,1,2,6,1,0,9.0,2,576,1,168,0,0,0,0,0,0,11,2009,1,1,11.931635799828413,0,0,0
608,20,4.356708826689592,8.961879012677683,2,1,2,1,1,2,3,3,4,5,8,58,4,2,2,9,0.0,3,2,2,603,0,293,896,2,1,2,7.013915474810528,896,0,7.60489448081162,1,0,3,0,3,1,1,8,1,0,58.0,1,230,1,103,0,0,0,0,0,0,8,2006,1,1,12.323855681186558,0,0,0
609,70,4.356708826689592,9.406564833939129,2,1,3,1,1,2,3,3,4,8,6,73,9,2,2,4,0.0,3,3,3,428,0,537,965,2,3,2,7.570443252057374,1254,0,8.069029328774958,0,0,2,1,4,1,3,10,1,2,73.0,2,380,1,0,0,0,0,0,0,0,9,2007,1,4,12.791356180214175,0,0,0
610,20,4.110873864173311,8.980046316633132,2,1,1,1,1,1,2,3,1,4,5,46,46,2,2,15,192.0,3,4,2,903,0,126,1029,2,2,2,6.9363427358340495,0,0,6.9363427358340495,1,0,1,0,3,1,3,5,1,0,46.0,1,261,1,64,0,39,0,0,0,0,4,2007,1,1,11.682668239557323,0,0,0
611,60,4.23410650459726,9.3101857069459,2,1,1,1,1,1,6,3,4,9,5,9,9,4,2,15,204.0,2,3,3,904,0,536,1440,2,1,2,7.297091005160418,677,0,7.674617497364363,1,0,2,1,3,1,1,8,1,2,9.0,3,736,1,253,142,0,0,0,0,0,5,2009,1,1,12.65395846952229,1,0,0
612,80,4.23410650459726,9.249080200292113,2,2,1,1,4,1,3,3,8,6,6,29,29,2,2,7,233.0,3,3,2,605,0,427,1032,2,3,2,6.939253946041508,0,0,6.939253946041508,0,1,2,0,3,1,3,6,1,1,29.0,2,564,1,0,0,0,0,0,0,500,7,2007,1,1,11.904967552746252,1,0,0
613,60,4.23410650459726,9.383032379794294,2,1,1,1,1,1,3,3,4,8,5,8,8,2,2,15,108.0,2,3,3,990,0,309,1299,2,1,2,7.1693500166706,573,0,7.534762657037537,1,0,2,1,3,1,1,7,1,1,8.0,2,531,1,160,122,0,0,0,0,0,11,2009,1,1,12.474189562487116,1,0,0
614,20,4.248495242049359,9.036225051729327,2,1,1,1,1,1,2,3,1,5,5,0,0,2,2,15,0.0,3,3,3,206,0,914,1120,2,1,2,7.02108396428914,0,0,7.02108396428914,0,0,1,0,3,1,3,6,1,0,27.0,0,0,1,0,30,0,0,0,0,0,12,2007,4,6,11.898187865760873,0,0,1
615,180,3.044522437723423,7.307202314764738,2,1,1,1,1,1,3,3,7,4,6,38,38,2,2,6,0.0,3,3,2,150,480,0,630,2,1,2,6.4457198193855785,0,0,6.4457198193855785,1,0,1,0,1,1,3,3,1,0,30.0,0,0,1,96,24,0,0,0,0,0,5,2010,1,1,11.231887935237117,0,0,1
616,85,4.382026634673881,9.082507000466299,2,1,1,1,1,1,2,3,7,6,7,47,47,2,2,9,156.0,3,2,3,763,0,173,936,2,1,2,6.960347729101308,0,0,6.960347729101308,1,0,1,0,3,1,2,6,1,0,47.0,2,480,1,120,0,0,0,0,0,0,5,2010,1,2,11.831379196088763,0,0,0
617,60,4.23410650459726,8.969669103793757,2,2,1,1,1,1,3,3,4,6,5,4,3,2,2,15,0.0,2,3,3,457,0,326,783,2,1,2,6.693323668269949,702,0,7.319202458767849,1,0,2,1,3,1,2,7,1,1,4.0,2,393,1,100,75,0,0,0,0,0,6,2006,1,1,12.118333731222167,1,0,0
618,45,4.07753744390572,8.885579291282982,2,1,3,1,2,2,1,3,3,6,6,54,54,2,2,9,0.0,3,3,2,0,0,832,832,2,2,2,6.723832440821209,0,0,6.723832440821209,0,0,1,0,2,1,2,4,1,0,46.0,2,528,1,0,0,0,0,0,0,0,6,2008,1,1,11.566466231898259,0,0,0
619,20,4.499809670330265,9.366831168735615,2,1,1,1,1,1,3,3,1,9,5,0,0,4,2,6,452.0,1,3,3,48,0,1774,1822,2,1,2,7.510977752014095,0,0,7.510977752014095,0,0,2,0,3,1,2,9,1,1,0.0,3,774,1,0,108,0,0,260,0,0,7,2007,4,6,12.659734090733718,0,0,0
620,60,4.442651256490317,9.412791300065303,2,1,1,1,1,1,3,3,4,8,5,5,5,4,2,15,226.0,2,3,3,871,0,611,1482,2,1,2,7.301147805856032,780,0,7.724004656676065,1,0,2,1,4,1,2,10,1,2,5.0,3,749,1,168,0,0,0,0,0,0,8,2008,1,1,12.628067055589549,0,0,0
621,30,3.8066624897703196,9.017726025696795,2,1,1,1,1,1,3,3,1,3,3,94,58,2,2,14,0.0,3,3,1,41,0,823,864,2,3,1,6.761572768804055,0,0,6.761572768804055,1,0,1,0,2,1,3,5,1,0,28.0,0,0,3,0,0,100,0,0,0,0,9,2008,1,1,11.112447898373103,0,0,1
622,60,4.499809670330265,9.287301413112312,2,1,1,1,1,1,3,3,4,6,7,34,11,2,2,7,0.0,3,3,2,956,182,384,1522,2,3,2,7.344719054149673,1066,0,7.868636894184167,0,0,2,1,4,1,3,9,1,1,34.0,2,624,1,38,243,0,0,0,0,0,6,2008,1,1,12.388394202324129,0,0,0
623,20,4.2626798770413155,8.862766742283796,2,1,1,1,1,1,3,3,1,5,6,32,32,2,2,11,153.0,3,3,2,560,0,420,980,2,3,2,6.887552571664617,0,0,6.887552571664617,0,0,1,0,3,1,3,6,1,0,23.0,2,484,1,192,0,0,0,0,0,0,7,2009,1,1,11.813030057420567,0,0,0
624,160,4.23410650459726,7.6577552711348655,2,1,1,1,1,1,3,3,4,6,5,7,7,2,2,9,513.0,2,3,3,420,0,336,756,2,1,2,6.628041376179533,756,0,7.321188556739478,0,0,2,1,2,1,2,4,1,1,7.0,2,440,1,0,32,0,0,0,0,0,6,2007,1,1,12.034691028774553,1,0,0
625,60,4.382026634673881,9.249561085129464,2,1,1,1,1,1,3,3,4,6,5,34,34,2,2,15,288.0,3,3,2,247,0,485,732,2,2,2,6.919683849847411,778,0,7.489970898834801,1,0,1,2,4,1,3,8,3,1,34.0,2,484,1,148,0,0,0,147,0,0,11,2006,1,1,12.014609430818936,0,0,0
626,20,4.465908118654584,9.210340371976184,2,2,1,1,2,1,3,3,1,6,6,48,48,4,2,16,261.0,3,3,2,0,0,1116,1116,2,3,2,7.017506142941256,0,0,7.017506142941256,0,0,1,1,3,1,3,5,1,0,48.0,2,440,1,0,0,0,0,385,0,0,2,2010,1,1,11.982929094215963,0,0,0
627,20,4.23410650459726,9.420763358881013,2,2,1,1,1,1,3,3,1,5,5,47,29,4,2,16,0.0,3,3,2,0,0,978,978,2,3,2,7.259819610363186,0,0,7.259819610363186,0,0,1,0,3,1,3,6,2,1,47.0,1,286,1,0,0,36,0,0,0,600,8,2007,1,1,11.848683160653573,1,0,0
628,80,4.382026634673881,9.169518377455928,2,1,1,1,1,1,3,3,8,6,6,55,38,2,2,1,164.0,3,3,2,674,132,350,1156,2,1,2,7.326465613840322,0,0,7.326465613840322,1,0,1,0,3,1,3,7,1,2,55.0,1,364,1,0,0,189,0,0,0,0,3,2010,1,1,11.938193200374572,0,0,0
629,60,4.248495242049359,9.359277484750553,2,2,3,1,1,3,3,3,4,5,5,38,38,2,2,11,192.0,3,3,3,650,0,390,1040,2,3,2,6.946975992135418,1040,0,7.640123172695364,0,1,1,2,5,1,4,9,1,2,38.0,2,504,1,335,0,0,0,0,0,0,9,2007,1,5,11.813030057420567,0,0,0
630,80,4.406719247264253,9.10719961305667,2,1,1,1,2,1,2,3,8,6,5,44,44,2,8,11,259.0,3,3,2,624,336,288,1248,2,3,2,7.2078598714324755,0,0,7.2078598714324755,1,0,1,1,3,1,3,6,1,0,44.0,2,520,1,176,0,0,0,0,0,0,6,2008,1,1,12.034691028774553,0,0,0
631,70,3.912023005428146,9.104979856318357,2,1,1,1,2,1,1,3,4,5,6,126,15,2,2,15,0.0,3,3,1,0,0,636,636,2,3,2,6.9930151229329605,661,0,7.4673710669175595,0,0,1,0,3,1,1,8,1,0,69.0,1,240,3,0,0,293,0,0,0,0,6,2006,1,2,11.728036844587175,0,0,0
632,120,3.5263605246161616,8.431635303054591,2,1,1,1,1,1,3,3,1,8,5,1,1,2,2,15,108.0,2,3,3,24,0,1530,1554,2,1,2,7.348587530927593,0,0,7.348587530927593,0,0,2,0,2,1,2,6,1,1,1.0,2,627,1,156,73,0,0,0,0,0,8,2007,1,1,12.25247901834433,0,0,0
633,20,4.442651256490317,9.38429367909962,2,1,1,1,1,1,3,3,1,7,5,32,32,4,2,11,209.0,3,2,2,822,0,564,1386,2,3,2,7.252053951852814,0,0,7.252053951852814,0,0,2,0,3,1,3,6,1,1,32.0,2,544,1,192,0,0,0,0,0,0,4,2009,1,5,11.320553572322773,0,0,0
634,20,4.382026634673881,9.132378830506472,2,1,1,1,2,1,3,3,1,5,7,53,2,2,2,16,0.0,3,3,2,480,468,108,1056,2,3,2,6.962243464266207,0,0,6.962243464266207,0,1,1,0,3,1,3,6,1,0,53.0,1,260,1,390,0,0,0,0,0,0,7,2007,1,1,11.845102777308561,0,0,0
635,90,4.1588830833596715,8.850660919017152,2,1,1,1,1,1,3,3,7,6,5,30,30,2,2,11,0.0,3,3,2,1056,0,0,1056,2,2,2,6.962243464266207,0,0,6.962243464266207,2,0,0,0,0,2,3,4,1,0,30.0,2,576,1,264,56,0,0,0,0,600,6,2010,1,1,11.877568578558138,0,0,0
636,190,4.0943445622221,9.296151028389293,2,1,2,1,1,1,2,3,5,6,7,93,12,4,2,15,0.0,4,3,2,256,0,1184,1440,2,1,2,7.272398392570047,1440,515,8.130059039992796,0,0,2,0,8,2,4,14,1,0,27.0,0,0,3,0,110,0,0,0,0,0,3,2007,1,2,12.206072645530174,0,0,1
637,30,3.9318256327243257,8.719317375506371,2,1,1,1,1,1,3,3,1,2,3,73,59,2,2,1,0.0,4,4,1,0,0,264,264,4,4,1,6.684611727667927,0,0,6.684611727667927,0,0,1,0,1,1,4,4,5,1,29.0,0,0,3,0,0,0,0,0,0,0,1,2009,7,1,11.002099841204238,0,0,1
638,190,3.912023005428146,8.699514748210191,2,1,1,1,1,1,3,3,2,5,4,55,55,2,2,16,0.0,3,3,2,0,0,811,811,2,3,2,6.698268054115413,576,0,7.234898420314831,0,0,2,0,3,2,2,7,1,0,55.0,1,256,1,0,0,0,0,0,0,0,11,2009,1,1,11.440354772135393,0,0,0
639,30,4.204692619390966,9.079889942592118,2,1,1,1,1,1,2,3,1,5,7,98,58,2,2,9,0.0,3,3,2,0,0,796,796,2,2,2,6.679599185844383,0,0,6.679599185844383,0,0,1,0,2,1,3,4,1,0,28.0,0,0,2,328,0,164,0,0,0,0,5,2008,1,1,11.350406535472453,0,0,1
640,120,3.970291913552122,8.289539484624141,2,1,1,1,1,1,3,3,1,8,5,0,0,4,2,15,0.0,2,3,3,1154,0,366,1520,2,1,2,7.356918242356021,0,0,7.356918242356021,1,0,2,0,1,1,1,7,1,1,0.0,3,648,1,312,0,0,0,0,0,0,10,2006,4,6,12.485827127509431,0,0,0
641,120,4.127134385045092,9.447544606938727,2,2,1,1,1,1,3,3,1,8,5,5,4,4,2,9,472.0,1,3,3,1218,0,300,1518,2,1,2,7.325148957955575,0,0,7.325148957955575,0,0,1,1,1,1,1,6,1,1,5.0,2,588,1,185,140,0,0,0,0,0,4,2008,1,1,12.520883385370206,0,0,0
642,60,4.23410650459726,8.860782895806315,2,1,1,1,1,1,3,3,4,7,5,6,6,2,2,15,0.0,2,3,3,738,0,319,1057,2,1,2,6.963189985870238,872,0,7.564757012905729,1,0,2,1,3,1,2,7,1,1,6.0,2,650,1,0,235,0,0,0,0,0,5,2007,1,1,12.328290278254423,1,0,0
643,80,4.31748811353631,9.536762272743895,2,1,1,1,1,1,3,3,8,8,7,37,14,2,2,11,0.0,2,3,2,1410,0,542,1952,2,2,2,7.600902459542082,704,0,7.902487437162855,1,0,2,1,4,1,1,9,1,3,37.0,2,538,1,269,111,0,0,0,0,0,7,2009,1,1,12.751299696013497,0,0,0
644,60,4.382026634673881,9.286653054825347,2,1,1,1,1,1,5,3,4,5,5,38,38,5,2,17,263.0,3,3,2,493,287,0,780,2,1,2,6.659293919683638,840,0,7.3901814282264295,0,0,2,1,4,1,3,7,2,0,38.0,2,462,1,208,0,0,0,0,0,0,4,2007,1,1,11.931635799828413,0,0,0
645,20,4.442651256490317,9.125544720271467,2,1,1,1,1,1,3,3,1,9,5,0,0,2,2,6,162.0,1,3,3,1121,0,645,1766,2,1,2,7.476472381163905,0,0,7.476472381163905,1,0,2,1,2,1,1,7,1,1,0.0,3,478,1,195,130,0,0,0,0,0,10,2009,4,6,12.823628446539173,0,0,0
646,20,4.23410650459726,9.261983605128021,2,2,1,1,2,1,3,3,1,6,5,36,36,4,2,11,0.0,3,3,2,282,35,664,981,2,3,2,6.8885724595653635,0,0,6.8885724595653635,1,0,1,1,3,1,3,5,1,0,28.0,2,576,1,0,312,40,0,0,0,0,3,2007,1,1,11.872346634576987,1,0,0
647,20,4.0943445622221,8.881836305004146,2,1,1,1,1,1,3,3,1,5,5,58,58,4,2,9,0.0,3,3,2,0,0,0,0,2,2,2,6.954638864880987,0,0,6.954638864880987,0,0,1,0,3,1,3,7,2,0,58.0,2,420,1,0,27,0,0,0,0,0,7,2008,1,1,11.495779306135258,0,0,0
648,20,4.442651256490317,9.254548626640503,2,2,1,1,1,1,3,3,1,6,5,55,55,4,2,16,216.0,3,3,2,500,0,594,1094,2,1,2,6.9975959829819265,0,0,6.9975959829819265,0,0,1,0,3,1,3,5,1,2,55.0,2,495,1,0,0,0,0,287,0,0,6,2008,1,1,11.951180395901384,0,0,0
649,60,4.248495242049359,8.948975607841776,2,1,1,1,1,1,6,3,4,6,5,44,44,2,2,9,351.0,3,3,2,0,0,756,756,2,3,2,6.957497370876951,788,0,7.516977224604321,0,0,1,1,4,1,3,7,1,1,44.0,2,442,1,0,124,216,0,0,0,0,6,2010,1,1,11.951180395901384,0,0,0
650,180,3.044522437723423,7.568379267836522,2,1,1,1,1,1,3,3,7,4,6,37,37,2,2,6,0.0,3,3,2,131,499,0,630,2,2,2,6.4457198193855785,0,0,6.4457198193855785,1,0,1,0,1,1,3,3,1,0,27.0,0,0,1,0,0,0,0,0,0,0,12,2007,1,1,11.344506813345266,0,0,1
651,60,4.174387269895637,9.002701007197938,2,1,1,1,1,1,3,3,4,7,6,1,1,2,2,6,0.0,2,3,3,0,0,813,813,2,1,2,6.71174039505618,843,0,7.417580402414544,0,0,2,1,3,1,2,7,1,0,1.0,2,562,1,0,0,0,0,0,0,0,5,2008,1,1,12.235388699864227,0,1,0
652,70,4.0943445622221,9.114269903225448,2,1,1,1,1,1,1,3,4,4,5,69,59,2,2,9,0.0,3,3,2,0,0,755,755,2,3,2,6.626717749249025,755,0,7.31986492980897,1,0,1,0,4,1,3,7,1,1,69.0,1,296,2,120,0,0,0,0,0,0,10,2009,1,1,11.589886506106357,0,0,0
653,60,4.248495242049359,9.07680897935166,2,1,1,1,1,1,3,3,4,7,5,13,13,2,2,15,0.0,2,3,3,0,0,880,880,2,1,2,6.812345094177479,807,0,7.447751280047908,0,0,2,1,2,1,2,7,1,1,13.0,2,512,1,0,120,0,0,0,0,0,7,2009,1,1,12.160028707028767,0,0,0
654,50,4.0943445622221,9.241839039035554,2,1,1,1,1,1,3,3,2,6,7,102,13,2,2,9,0.0,3,3,2,0,0,756,756,2,1,2,6.628041376179533,713,0,7.292337176173877,0,0,1,0,3,1,3,7,1,0,102.0,1,216,1,57,0,239,0,0,0,0,6,2008,1,1,11.813030057420567,0,0,0
655,20,4.51085950651685,9.253112463820052,2,2,1,1,1,1,3,3,1,8,6,13,13,4,2,9,660.0,2,2,3,1696,0,413,2109,2,1,2,7.655864017616056,0,0,7.655864017616056,1,0,2,1,2,1,2,7,1,1,13.0,3,839,1,236,46,0,0,0,0,0,8,2008,1,1,12.765688433465597,0,0,0
656,160,3.044522437723423,7.426549072397305,2,1,1,1,1,1,3,3,4,6,5,39,39,2,2,7,381.0,3,3,2,0,0,525,525,2,3,2,6.263398262591624,567,0,6.9957661563048505,0,0,1,1,3,1,3,6,1,0,39.0,1,264,1,0,0,0,0,0,0,0,3,2010,1,5,11.385092093460344,0,0,0
657,20,4.276666119016055,9.211040127090456,2,2,1,1,1,1,3,3,1,5,7,49,2,2,2,7,54.0,2,3,2,806,0,247,1053,2,1,2,6.959398512133975,0,0,6.959398512133975,1,0,1,1,3,1,2,5,1,0,49.0,1,312,1,0,0,0,0,0,0,0,8,2008,1,1,11.887931365593685,0,0,0
658,70,4.0943445622221,8.881836305004146,2,1,3,1,1,2,3,3,4,7,6,77,8,2,2,14,0.0,3,4,1,0,0,776,776,2,3,2,6.7464121285733745,651,0,7.31455283232408,0,0,1,1,3,1,3,6,1,1,77.0,1,270,2,0,0,112,0,0,0,0,2,2008,1,1,11.911701584927597,0,0,0
659,50,4.356708826689592,9.770127573790836,2,1,1,1,1,1,1,3,2,6,5,62,60,2,2,15,0.0,3,3,2,0,0,912,912,2,3,2,6.815639990074331,546,0,7.284820912568604,0,1,1,0,3,1,3,6,1,1,62.0,1,330,1,192,0,0,0,0,0,0,1,2010,1,2,11.487607656985938,0,0,0
660,20,4.31748811353631,9.204020443231363,2,1,1,1,2,1,3,3,1,5,7,45,10,4,2,9,0.0,3,2,3,637,0,849,1486,2,1,2,7.303843225277705,0,0,7.303843225277705,1,0,1,0,3,1,3,7,1,0,41.0,2,480,1,0,0,0,0,0,0,0,3,2009,1,1,12.025749091398891,0,0,0
661,60,4.23410650459726,9.424160595829509,2,1,1,1,3,1,3,3,4,7,7,31,31,2,2,11,233.0,3,3,2,0,0,793,793,2,3,2,7.040536390215956,793,0,7.5678626054638825,0,0,2,1,3,1,3,7,1,1,31.0,2,550,1,0,113,252,0,0,0,0,11,2007,1,1,12.195517131590657,1,0,0
662,60,3.9512437185814275,10.74911974074705,2,3,1,1,3,1,3,3,4,8,7,15,4,4,2,15,528.0,2,3,3,1361,180,88,1629,2,1,2,7.430114138561801,762,0,7.803026643632217,1,0,2,1,4,1,2,8,1,1,15.0,3,711,1,517,76,0,0,0,0,0,7,2009,1,1,12.904207367601158,0,0,0
663,20,4.787491742782046,9.514879561494386,2,1,1,1,2,1,3,3,1,6,3,41,41,4,2,16,216.0,3,3,2,0,0,1392,1392,2,2,2,7.238496840894365,0,0,7.238496840894365,1,0,1,0,2,1,3,5,6,2,41.0,2,576,1,0,0,240,0,0,0,0,7,2009,1,1,11.608235644774552,0,0,0
664,85,4.499809670330265,9.211539652551664,2,1,1,1,1,1,3,3,7,4,5,36,36,2,2,11,0.0,3,3,2,920,180,38,1138,2,3,2,7.074116816197362,0,0,7.074116816197362,1,0,2,0,3,1,3,6,1,0,34.0,2,588,1,0,0,180,0,0,0,0,4,2008,1,1,11.831379196088763,0,0,0
665,20,3.8918202981106265,9.947313032076158,2,3,1,1,3,1,5,3,1,8,5,1,0,2,2,15,0.0,2,3,3,1721,0,356,2077,2,1,2,7.64826303090192,0,0,7.64826303090192,1,0,1,1,1,1,1,8,1,1,1.0,3,1134,1,192,267,0,0,0,0,0,1,2006,4,6,12.955127458028414,0,0,0
666,60,4.663439094112067,9.323133199451306,2,2,1,1,2,1,3,3,4,8,5,6,6,2,2,15,40.0,2,3,3,0,0,1406,1406,2,1,2,7.282073658093465,482,0,7.568379267836522,0,0,2,1,3,1,2,7,1,1,6.0,2,504,1,188,124,0,0,0,0,0,11,2006,1,1,12.348006141418841,0,0,0
667,60,4.23410650459726,9.822819649468673,2,2,1,1,1,1,3,3,4,6,5,42,28,1,6,11,113.0,3,2,2,187,723,111,1021,2,3,2,7.289610521451167,915,0,7.77485576666552,0,0,2,1,3,1,3,7,7,1,42.0,2,596,1,0,265,0,0,0,0,0,8,2007,1,2,11.76756768334381,1,0,0
668,20,4.174387269895637,9.002701007197938,2,1,1,1,1,1,3,3,1,6,5,14,10,2,2,7,258.0,3,3,3,1138,0,270,1408,2,1,2,7.425953657077541,0,0,7.425953657077541,1,0,2,0,3,1,2,7,1,1,14.0,2,575,1,224,42,0,0,0,0,0,10,2008,1,1,12.173032791451973,0,0,0
669,20,4.23410650459726,9.559235128595953,2,1,2,1,2,2,3,3,1,5,6,50,19,2,2,6,0.0,3,3,2,988,0,200,1188,2,2,2,7.270312886079025,0,0,7.270312886079025,1,0,1,1,3,1,3,6,3,1,7.0,2,576,1,304,0,0,0,0,0,0,11,2006,1,1,12.031719258385396,1,0,0
670,30,4.382026634673881,9.358760377094455,2,1,1,1,1,1,3,3,1,4,5,84,56,2,2,9,0.0,3,3,1,0,0,700,700,2,1,2,7.07326971745971,0,0,7.07326971745971,0,0,1,0,2,1,4,5,1,1,84.0,1,252,1,0,0,67,0,0,0,0,7,2006,1,1,11.831379196088763,0,0,0
671,60,4.1588830833596715,9.063347348235522,2,1,1,1,4,1,3,3,4,6,5,4,4,2,2,15,0.0,2,3,3,193,0,545,738,2,1,2,6.6039438246004725,738,0,7.297091005160418,1,0,2,1,3,1,2,7,1,0,4.0,2,540,1,100,35,0,0,0,0,0,2,2009,1,1,12.063932878369052,0,0,0
672,70,3.9889840465642745,8.79920924224139,2,1,1,1,1,1,1,3,4,6,6,84,59,3,2,16,0.0,3,2,1,551,0,121,672,2,3,1,6.546785410760524,672,0,7.221835825288449,1,0,2,0,3,1,3,6,1,0,79.0,1,300,1,147,0,0,0,0,0,0,7,2009,1,1,11.54829260880752,0,0,0
673,20,4.23410650459726,9.328123407632566,2,2,1,1,1,1,3,3,1,6,6,29,29,2,2,11,0.0,2,3,2,767,0,441,1208,2,3,2,7.0967213784947605,0,0,7.0967213784947605,1,0,1,1,3,1,3,6,1,1,29.0,2,546,1,198,42,0,0,0,0,0,6,2006,1,1,12.013700752882718,1,0,0
674,20,4.700480365792417,9.577895907011127,2,1,1,1,1,1,3,3,1,6,7,50,3,4,2,6,106.0,3,3,3,1186,0,291,1477,2,1,2,7.516977224604321,0,0,7.516977224604321,1,0,2,0,3,1,2,7,1,2,50.0,2,416,1,0,87,0,0,200,0,0,6,2007,1,1,12.458774999085929,0,0,0
675,20,4.382026634673881,9.126958763037132,2,1,1,1,1,1,3,3,1,6,6,43,43,2,2,7,0.0,3,3,2,892,0,244,1136,2,3,2,7.035268599281097,0,0,7.035268599281097,1,0,1,0,3,1,3,5,1,1,43.0,1,384,1,426,0,0,0,0,0,0,7,2008,1,1,11.84939770159144,0,0,0
676,160,3.1780538303479458,7.735870319952567,2,1,1,1,1,1,3,3,4,6,6,31,31,2,2,11,0.0,3,3,2,311,0,544,855,2,3,2,6.75110146893676,586,0,7.273092595999522,0,0,2,1,3,1,3,7,1,1,31.0,2,440,1,28,0,0,0,0,0,0,4,2009,1,1,11.908340237224891,0,0,0
677,70,4.0943445622221,9.169518377455928,2,1,1,1,1,1,3,3,4,4,2,106,56,2,2,1,0.0,3,3,1,0,0,1095,1095,3,4,1,6.9985096422506015,679,0,7.480992162869525,1,0,2,0,4,2,3,8,3,0,86.0,3,779,3,0,0,90,0,0,0,0,5,2006,1,1,11.37366339763672,0,0,0
678,30,3.9512437185814275,9.107421317968342,2,1,1,1,1,1,3,3,1,5,8,85,3,2,2,15,0.0,2,3,1,0,0,768,768,2,1,2,6.674561391814426,0,0,6.674561391814426,0,0,1,0,2,1,2,5,1,0,85.0,1,240,3,316,0,120,0,0,0,0,5,2009,1,1,11.603679828238693,0,0,0
679,20,4.382026634673881,9.379576689221482,2,2,1,1,1,1,3,3,1,8,5,1,1,4,2,15,464.0,2,3,3,0,0,2046,2046,2,1,2,7.6236419465115715,0,0,7.6236419465115715,0,0,2,1,3,1,2,7,1,1,1.0,3,834,1,322,82,0,0,0,0,0,7,2009,4,6,12.827992316801751,0,0,0
680,20,4.23410650459726,9.204825191288073,2,2,1,1,1,1,3,3,1,5,5,46,46,4,2,16,57.0,3,3,2,827,0,161,988,2,3,2,6.895682697747868,0,0,6.895682697747868,1,0,1,0,3,1,3,5,1,0,44.0,2,572,1,0,0,0,0,0,0,0,10,2007,1,1,11.763684183317412,1,0,0
681,120,3.912023005428146,8.988695696785708,2,1,1,1,1,1,3,3,1,6,5,30,30,2,2,11,0.0,3,3,2,543,119,261,923,2,3,2,6.827629234502852,0,0,6.827629234502852,0,0,2,0,2,1,3,5,1,1,30.0,1,264,1,80,0,0,0,0,0,0,5,2010,1,1,11.870599909242044,0,0,0
682,50,4.007333185232471,8.411832675758411,2,3,2,1,1,1,3,3,2,5,5,77,9,2,2,15,0.0,3,3,1,182,0,611,793,2,1,2,6.742880635791903,672,0,7.326465613840322,0,0,1,0,3,1,3,6,1,0,41.0,1,281,1,0,0,56,0,0,0,0,7,2009,1,2,11.979385322467598,0,0,0
683,120,4.23410650459726,7.967973179662935,2,1,3,1,1,1,3,3,1,6,5,12,11,2,2,16,0.0,3,3,3,1003,0,288,1291,2,1,2,7.1631723908466425,0,0,7.1631723908466425,1,0,1,0,2,1,2,6,1,1,12.0,2,431,1,307,0,0,0,0,0,0,11,2008,1,1,12.061046873479915,1,0,0
684,20,4.499809670330265,9.327945614050446,2,2,1,1,2,1,3,3,1,9,5,5,5,4,2,15,215.0,2,3,3,1059,0,567,1626,2,1,2,7.419380582918692,0,0,7.419380582918692,1,0,2,0,3,1,2,7,1,1,5.0,3,702,1,257,45,0,0,0,0,0,7,2007,1,1,12.560244459250788,0,0,0
685,60,4.060443010546419,9.727346854817254,2,3,1,1,3,1,3,3,4,7,5,12,12,2,2,15,30.0,2,3,3,0,0,1195,1195,2,2,2,7.085901464365611,644,0,7.516977224604321,0,0,2,1,4,1,3,7,1,0,12.0,2,486,1,0,81,0,0,0,0,0,6,2010,1,1,12.30591798049989,0,0,0
686,160,4.23410650459726,8.529516941105069,2,2,1,1,3,1,3,3,4,7,5,23,23,2,2,7,0.0,2,3,2,828,182,180,1190,2,2,2,7.081708586105575,900,0,7.644919344958857,1,0,2,0,3,1,2,6,2,1,23.0,2,577,1,219,0,0,0,0,0,0,9,2007,1,1,12.24288661865289,1,0,0
687,60,4.430816798843313,9.230829038403499,2,1,1,1,1,1,3,3,4,7,6,0,0,2,2,15,0.0,2,3,3,0,0,874,874,2,1,2,6.773080375655535,887,0,7.473637108496206,0,0,3,0,3,1,2,7,1,0,0.0,2,578,1,144,105,0,0,0,0,0,8,2007,4,6,12.336552511980964,0,0,0
688,160,4.23410650459726,8.537975730598767,2,3,1,1,4,1,3,3,4,7,5,3,3,2,2,9,0.0,2,3,3,239,0,312,551,2,1,2,6.311734809152915,551,0,7.004881989712859,0,0,2,1,2,1,2,4,1,0,3.0,2,480,1,0,60,0,0,0,0,0,3,2007,1,1,11.910358401381128,1,0,0
689,20,4.0943445622221,8.998260393017953,2,1,3,1,1,1,3,3,1,8,6,0,0,2,2,9,0.0,2,3,3,945,0,474,1419,2,1,2,7.257707677160043,0,0,7.257707677160043,1,0,2,0,2,1,2,7,1,1,0.0,2,567,1,140,0,0,0,0,0,0,10,2007,4,6,12.8790171187726,0,0,0
690,120,4.110873864173311,8.932872621931374,2,2,1,1,2,1,3,3,1,6,5,2,1,2,2,15,256.0,2,3,3,20,0,1342,1362,2,1,2,7.216709486709457,0,0,7.216709486709457,0,0,2,0,2,1,2,6,1,1,2.0,2,460,1,192,28,0,0,0,0,0,6,2007,1,1,12.17921519136029,0,0,0
691,120,4.23410650459726,8.395251520610994,2,1,1,1,1,1,3,3,1,6,5,4,4,2,2,15,147.0,2,3,3,697,0,151,848,2,1,2,6.742880635791903,0,0,6.742880635791903,1,0,1,0,1,1,2,3,1,1,4.0,2,420,1,149,0,0,0,0,0,0,5,2008,1,1,11.856515169360305,1,0,0
692,60,4.6443908991413725,9.977434797488211,2,2,1,1,2,1,3,3,4,10,6,13,12,2,8,7,1170.0,1,3,3,1455,0,989,2444,2,1,2,7.8013913202914855,1872,0,8.370084326378025,0,1,3,1,4,1,1,10,1,2,13.0,3,832,1,382,50,0,0,0,0,0,1,2007,1,1,13.534473028231162,0,0,0
693,60,3.7376696182833684,10.172674642351664,2,2,1,1,1,2,3,3,4,7,5,17,16,4,2,9,293.0,2,3,3,965,0,245,1210,2,1,2,7.121252453244542,1281,0,7.831617276352611,1,0,2,1,4,1,2,9,1,2,17.0,2,628,1,320,27,0,0,0,0,0,4,2006,1,1,12.721885810807203,0,0,0
694,30,4.0943445622221,8.594154232552366,2,1,1,1,2,3,3,3,1,5,6,85,38,2,2,9,0.0,3,3,1,0,0,1073,1073,2,1,2,6.9782137426306985,0,0,6.9782137426306985,0,0,1,0,2,1,3,4,1,0,38.0,1,326,1,0,0,112,0,0,0,0,12,2006,1,2,11.594321103174222,0,0,0
695,50,3.9318256327243257,8.719317375506371,2,1,1,1,2,1,3,3,2,5,6,73,59,2,2,16,0.0,3,4,1,0,0,927,927,2,3,2,6.9726062513017535,472,0,7.338888133838879,0,0,1,1,3,1,3,5,1,0,14.0,2,576,1,112,0,0,0,0,0,0,4,2009,1,1,11.86005499606543,0,0,0
696,20,3.9889840465642745,9.533220655077928,2,2,1,1,1,1,3,3,1,6,6,19,19,2,2,7,72.0,3,3,2,980,40,92,1112,2,2,2,7.036148493750536,0,0,7.036148493750536,1,0,2,0,2,1,2,5,1,1,19.0,2,551,1,125,0,0,0,0,0,0,7,2006,1,1,12.078239274020289,0,0,0
697,30,3.912023005428146,8.699514748210191,2,1,1,1,1,1,3,3,1,5,7,85,56,2,2,16,0.0,3,3,2,616,0,0,616,2,2,2,6.423246963533519,0,0,6.423246963533519,0,0,1,0,2,1,3,4,1,0,85.0,1,205,1,0,0,129,0,0,0,0,6,2006,1,1,11.396391648714276,0,0,0
698,20,4.04305126783455,8.767173396684006,2,2,1,1,1,1,3,3,1,5,7,54,54,2,2,16,0.0,3,3,3,210,551,219,980,2,4,2,7.045776576879511,0,0,7.045776576879511,0,1,1,0,2,1,3,6,1,0,54.0,1,308,1,0,0,0,0,0,0,0,9,2006,1,1,11.72399643505017,0,0,0
699,20,4.174387269895637,9.041921720351219,2,1,1,1,1,1,9,3,1,5,8,45,1,2,2,9,0.0,3,2,2,553,117,224,894,2,1,2,6.795705775173514,0,0,6.795705775173514,1,0,1,0,3,1,3,5,1,1,37.0,1,336,1,416,144,0,0,0,0,0,4,2010,1,1,11.83862560460953,0,0,0
700,120,4.07753744390572,8.362175469149628,2,3,1,1,1,1,3,3,1,7,5,4,4,2,2,9,0.0,2,3,3,16,0,1375,1391,2,1,2,7.237778191923443,0,0,7.237778191923443,0,0,2,0,2,1,2,5,1,0,4.0,2,530,1,156,158,0,0,0,0,0,7,2008,1,1,12.185869938212655,0,0,0
701,20,4.442651256490317,9.570180302058072,2,1,1,1,1,1,3,3,1,8,5,4,4,4,2,15,630.0,2,3,3,1274,0,526,1800,2,1,2,7.495541943884256,0,0,7.495541943884256,1,0,2,0,3,1,2,7,1,1,4.0,3,765,1,270,78,0,0,0,0,0,5,2006,1,1,12.652359748158593,0,0,0
702,20,4.382026634673881,9.169518377455928,2,1,1,1,1,1,3,3,1,7,5,37,37,4,2,7,168.0,3,3,2,0,0,1164,1164,2,3,2,7.059617628291383,0,0,7.059617628291383,0,0,1,1,3,1,3,6,1,0,37.0,2,528,1,0,0,0,0,0,0,0,7,2006,5,1,11.84939770159144,0,0,0
703,60,4.406719247264253,9.428511581663834,2,2,1,1,1,1,3,3,4,8,5,0,0,4,2,15,466.0,1,3,3,0,0,1234,1234,2,1,2,7.142036574706803,1312,0,7.853993087224244,0,0,2,1,4,1,1,10,1,1,0.0,3,666,1,324,100,0,0,0,0,0,7,2006,4,6,12.799175708864519,0,0,0
704,190,4.330733340286331,8.939843124278502,2,1,1,1,1,1,2,3,4,5,9,110,14,2,2,16,0.0,3,2,1,0,0,360,360,2,2,2,6.939253946041508,780,0,7.502186486602924,0,0,2,0,4,2,2,8,1,1,11.0,2,672,3,344,0,40,0,0,0,0,5,2010,1,1,11.84939770159144,0,0,0
705,20,4.248495242049359,9.035986984831405,2,1,1,1,1,1,3,3,1,7,5,6,5,2,2,15,109.0,2,3,3,712,0,761,1473,2,1,2,7.302496423727326,0,0,7.302496423727326,1,0,2,0,3,1,2,7,1,0,6.0,2,606,1,0,35,0,144,0,0,0,5,2010,1,1,12.269047444691562,0,0,0
706,190,4.248495242049359,8.630521876723241,2,1,1,1,1,1,3,3,4,4,5,80,60,4,2,15,0.0,4,4,4,0,0,0,0,2,4,1,5.918893854273146,720,0,6.9957661563048505,0,0,2,0,3,2,4,7,4,0,30.0,0,0,3,0,0,0,0,0,0,3500,7,2010,1,1,10.915088464214607,0,0,1
707,20,4.23410650459726,11.653982220886329,2,3,4,1,3,3,3,3,1,7,5,36,5,2,2,11,351.0,3,3,2,1219,0,424,1643,2,3,2,7.508787170634276,0,0,7.508787170634276,1,0,2,0,2,1,2,5,1,2,36.0,2,739,1,380,48,0,0,0,0,0,6,2007,1,1,12.618182296357007,1,0,0
708,120,3.871201010907891,8.738735461363474,2,1,1,1,1,1,3,3,1,8,5,3,3,4,2,9,176.0,2,3,3,863,0,461,1324,2,1,2,7.188412736496954,0,0,7.188412736496954,1,0,2,0,2,1,2,6,1,1,3.0,2,550,1,192,38,0,0,0,0,0,12,2009,1,1,12.445089546000673,0,0,0
709,60,4.174387269895637,9.106977858981029,2,2,1,1,1,1,3,3,4,7,5,0,0,4,2,15,0.0,2,3,3,0,0,728,728,2,1,2,6.590301048196686,728,0,7.283448228756631,0,0,2,1,3,1,2,8,1,1,0.0,2,400,1,100,24,0,0,0,0,0,7,2007,4,6,12.09815330331068,0,0,0
710,20,4.23410650459726,8.876544550558378,2,2,1,1,1,1,3,3,1,5,7,42,42,2,2,7,41.0,3,3,3,0,0,876,876,2,3,2,6.806829360392176,0,0,6.806829360392176,0,0,1,0,3,1,3,6,1,0,42.0,1,408,1,0,0,0,0,0,0,0,12,2008,1,2,11.607326140391713,1,0,0
711,30,4.02535169073515,8.326032685955079,2,2,1,1,1,1,3,3,1,3,6,73,5,2,2,15,0.0,2,3,2,0,0,270,270,2,2,2,6.591673732008658,0,0,6.591673732008658,0,0,1,0,2,1,3,5,6,0,28.0,0,0,3,0,0,0,0,0,0,0,7,2008,1,1,10.858998997563564,0,0,1
712,50,4.189654742026425,9.072456664612796,2,1,3,1,1,2,3,3,2,4,7,110,60,2,2,9,0.0,3,3,5,0,0,859,859,2,2,2,6.755768921984255,319,0,7.071573364211532,0,0,1,0,2,1,3,7,1,0,46.0,1,384,3,68,0,98,0,0,0,0,1,2010,1,2,11.540307141711446,0,0,0
713,120,3.6888794541139363,8.449128460502108,2,2,3,1,1,1,3,3,1,8,5,20,19,2,2,7,0.0,2,3,3,767,0,461,1228,2,2,2,7.113142108707088,0,0,7.113142108707088,1,0,2,0,2,1,2,5,1,1,20.0,2,472,1,168,120,0,0,0,0,0,10,2008,1,1,12.14950229404178,0,0,0
714,190,4.0943445622221,9.19755903761145,2,1,1,1,1,1,5,3,1,4,5,36,36,2,2,7,160.0,3,3,2,789,0,171,960,3,3,1,6.866933284461882,0,0,6.866933284461882,1,0,1,0,3,1,3,6,1,0,36.0,2,576,1,0,288,0,0,0,0,0,5,2006,1,1,11.76756768334381,0,0,0
715,60,4.23410650459726,9.511703431483827,2,2,1,1,3,1,9,3,4,6,8,34,5,2,2,7,289.0,2,3,2,533,0,192,725,2,1,2,6.586171654854675,754,0,7.2991214627108,0,0,2,1,3,1,2,6,1,0,34.0,2,475,1,0,44,0,0,0,0,0,3,2010,1,1,11.779128505744886,1,0,0
716,20,4.356708826689592,9.224243277145174,2,1,1,1,1,1,3,3,1,6,5,35,35,4,2,7,174.0,3,3,2,0,0,1064,1064,2,3,2,7.2078598714324755,0,0,7.2078598714324755,0,0,2,0,3,1,3,7,1,1,35.0,2,478,1,0,0,0,0,0,0,0,8,2009,1,1,12.013700752882718,0,0,0
717,70,4.0943445622221,9.287301413112312,2,1,2,1,1,1,3,3,4,7,8,117,9,2,2,16,0.0,3,2,1,0,0,718,718,2,1,2,7.362645270417825,978,0,7.845416036592485,0,0,1,1,3,1,3,8,1,0,11.0,2,704,2,0,48,143,0,0,0,0,7,2007,1,1,11.979799201207037,0,0,0
718,20,4.382026634673881,9.210340371976184,2,1,1,1,1,1,3,3,1,5,6,35,8,2,2,7,0.0,3,3,2,1084,0,92,1176,2,2,2,7.071573364211532,0,0,7.071573364211532,0,1,1,1,3,1,2,5,1,1,35.0,2,439,1,224,0,0,0,0,0,0,11,2008,1,1,11.964001084330445,0,0,0
719,60,4.564348191467836,9.263122557415151,2,1,1,1,1,1,3,3,4,7,5,15,14,4,2,16,651.0,2,3,3,1173,0,138,1311,2,1,2,7.1891677384203225,1093,0,7.790696031174738,1,0,2,1,3,1,2,9,1,1,15.0,3,983,1,250,154,216,0,0,0,0,8,2008,1,1,12.739637756265655,0,0,0
720,20,4.23410650459726,9.20230820027892,2,2,1,1,1,1,3,3,1,5,6,37,37,2,2,7,0.0,3,3,2,523,0,448,971,2,3,2,6.878326468291325,0,0,6.878326468291325,0,0,1,1,3,1,3,5,1,1,37.0,1,300,1,0,0,0,0,0,0,0,5,2006,1,1,11.763684183317412,0,0,0
721,120,4.23410650459726,8.789203094473724,2,2,4,1,3,2,3,3,1,8,5,21,21,2,2,7,0.0,2,3,3,1148,0,594,1742,2,3,2,7.462789157412448,0,0,7.462789157412448,1,0,2,0,2,1,2,5,1,1,21.0,2,564,1,114,28,234,0,0,0,0,12,2006,1,1,12.524526376648708,1,0,0
722,120,4.23410650459726,8.395251520610994,2,1,1,1,1,1,3,3,1,6,5,6,6,2,2,15,169.0,2,3,3,662,0,186,848,2,1,2,6.742880635791903,0,0,6.742880635791903,1,0,1,0,1,1,2,3,1,0,6.0,2,420,1,160,0,0,0,0,0,0,5,2010,1,1,11.870599909242044,1,0,0
723,20,4.248495242049359,9.002085433155724,2,1,1,1,1,1,3,3,1,4,7,39,39,2,2,9,0.0,3,2,2,191,0,673,864,2,1,2,6.761572768804055,0,0,6.761572768804055,0,0,1,0,3,1,3,5,1,0,15.0,2,463,1,0,0,0,0,0,0,0,7,2009,1,1,11.732060994886899,0,0,0
724,50,4.0943445622221,9.008468955937513,2,1,1,1,1,1,3,3,2,4,6,54,36,2,2,9,0.0,3,3,3,0,0,941,941,2,1,2,6.904750769961838,473,0,7.293017679772782,0,0,2,0,4,1,3,7,1,0,50.0,1,548,1,0,0,0,0,156,0,0,5,2008,1,1,11.813030057420567,0,0,0
725,20,4.454347296253507,9.494466128225186,2,2,1,1,1,1,3,3,1,9,5,2,1,4,2,6,340.0,1,3,3,1234,0,464,1698,2,1,2,7.437206366871292,0,0,7.437206366871292,1,0,2,0,3,1,1,8,1,1,2.0,3,768,1,327,64,0,0,0,0,0,2,2009,1,1,12.676076274775909,0,0,0
726,20,4.0943445622221,8.847934753328465,2,1,1,1,1,1,3,3,1,4,6,39,39,2,2,7,0.0,3,3,2,375,239,250,864,2,3,2,6.761572768804055,0,0,6.761572768804055,0,0,1,0,3,1,2,5,1,0,20.0,2,660,1,96,0,0,0,0,0,500,11,2009,1,1,11.699405031912846,0,0,0
727,20,4.23410650459726,9.98483709823245,2,2,1,1,2,1,3,3,1,6,9,21,2,4,2,16,260.0,2,2,2,808,0,72,880,2,1,2,7.426549072397305,0,0,7.426549072397305,1,0,2,0,3,1,2,5,1,1,21.0,2,540,1,292,44,0,182,0,0,0,12,2009,1,1,12.310432660854417,1,0,0
728,20,4.1588830833596715,8.897545598709327,2,1,1,1,1,1,3,3,1,7,5,2,2,2,2,15,82.0,2,3,3,724,0,508,1232,2,1,2,7.116394144093465,0,0,7.116394144093465,1,0,2,0,2,1,2,6,1,0,2.0,2,632,1,132,0,0,0,0,0,0,2,2009,1,1,12.178187442040638,0,0,0
729,90,4.442651256490317,9.347926034928745,2,1,1,1,2,1,3,3,1,5,5,51,51,2,2,15,95.0,3,3,2,0,0,1584,1584,2,3,2,7.4821189235521155,0,0,7.4821189235521155,1,0,2,0,4,2,3,9,1,0,41.0,3,888,1,0,25,0,0,0,0,0,7,2009,5,2,11.608235644774552,0,0,0
730,30,3.9512437185814275,8.738735461363474,2,1,1,1,1,1,3,3,2,4,5,84,59,2,2,9,0.0,3,3,2,152,0,628,780,2,3,2,6.742880635791903,0,360,7.0967213784947605,0,0,1,0,2,1,3,5,1,0,47.0,2,539,1,0,23,112,0,0,0,0,1,2009,1,1,11.542484267211773,0,0,0
731,120,3.6635616461296463,8.592115117933497,2,2,1,1,1,1,3,3,1,8,5,15,14,2,2,6,0.0,2,3,3,1180,0,415,1595,2,1,2,7.38770923908104,0,0,7.38770923908104,1,0,2,0,2,1,2,5,1,1,15.0,2,608,1,237,152,0,0,0,0,0,3,2010,1,1,12.373703486914124,0,0,0
732,80,4.290459441148391,9.168476167877484,2,2,1,1,2,1,3,3,8,7,5,4,4,2,2,15,442.0,2,3,3,786,0,82,868,2,1,2,7.044032897274685,0,0,7.044032897274685,1,0,2,0,3,1,2,6,1,1,4.0,2,438,1,160,22,0,0,0,0,0,5,2007,1,1,12.141534124392603,0,0,0
733,60,4.31748811353631,9.341719450032562,2,2,1,1,1,1,3,3,4,7,5,10,9,2,2,15,202.0,2,3,3,252,0,901,1153,2,1,2,7.050122520269059,878,0,7.616283561580385,0,0,2,1,3,1,2,8,1,1,10.0,2,541,1,192,84,0,0,0,0,0,7,2008,1,1,12.312682380588432,0,0,0
734,20,4.382026634673881,9.210340371976184,2,1,1,1,2,1,2,3,1,5,6,48,26,4,2,7,0.0,3,3,2,594,0,270,864,2,1,2,7.042286171939743,0,0,7.042286171939743,1,0,1,0,3,1,3,6,1,1,48.0,1,264,1,165,0,0,0,0,0,400,3,2009,1,1,11.786001385032646,0,0,0
735,20,4.23410650459726,9.102532419341877,2,2,1,1,2,1,3,3,1,5,5,39,39,2,2,11,0.0,3,3,3,0,0,948,948,2,3,2,6.854354502255021,0,0,6.854354502255021,0,0,1,0,3,1,3,6,1,0,39.0,1,300,1,147,0,0,0,0,0,0,5,2007,1,5,11.589886506106357,1,0,0
736,75,4.0943445622221,9.287301413112312,2,1,1,1,1,1,3,3,6,7,7,92,36,2,2,16,0.0,3,3,1,390,0,490,880,3,4,1,6.779921907472252,888,0,7.477604243197589,0,0,1,1,2,1,3,6,1,2,92.0,2,320,3,0,341,0,0,0,0,0,10,2006,1,1,12.0015054797889,0,0,0
737,90,4.0943445622221,9.052984561199976,2,1,1,1,1,1,3,3,1,3,4,56,56,2,2,14,0.0,3,3,2,0,0,0,0,2,2,1,6.946975992135418,0,0,6.946975992135418,0,0,2,0,2,2,3,6,1,0,57.0,2,400,1,0,0,0,0,0,0,0,7,2006,1,1,11.44571671527678,0,0,0
738,60,4.276666119016055,9.255600503381046,2,2,3,1,3,1,3,3,4,8,5,1,1,2,2,15,0.0,2,3,3,0,0,893,893,2,1,2,6.803505257608338,900,0,7.496097345175956,0,0,2,1,3,1,2,8,1,1,1.0,3,800,1,0,116,0,0,0,0,0,6,2006,1,1,12.387977448827787,0,0,0
739,90,4.0943445622221,9.287301413112312,2,1,1,1,1,1,3,3,1,5,5,22,21,2,2,11,0.0,3,3,2,1200,0,0,1200,2,3,2,7.090076835776092,0,0,7.090076835776092,3,0,3,0,3,1,3,5,1,0,29.0,0,0,1,120,0,0,0,0,0,0,3,2009,1,4,12.095141084822892,0,0,1
740,60,4.174387269895637,9.139166552521658,2,2,1,1,1,1,3,3,4,7,5,5,5,2,2,15,0.0,2,3,3,0,0,864,864,2,1,2,6.761572768804055,864,0,7.454719949364001,0,0,2,1,3,1,2,7,1,0,5.0,2,572,1,187,56,0,0,0,0,0,4,2009,1,1,12.154779351142624,0,0,0
741,70,4.0943445622221,9.169518377455928,2,1,1,1,1,1,3,3,4,5,7,97,5,2,2,16,0.0,3,2,1,0,0,264,264,2,1,2,6.643789733147672,664,0,7.266827347520591,0,0,2,0,2,1,3,7,1,0,97.0,2,360,1,270,0,112,0,0,0,0,5,2007,1,2,11.790557201568507,0,0,0
742,20,4.174387269895637,8.81996090128606,2,2,1,1,1,1,2,3,1,6,8,47,12,4,2,7,0.0,3,2,2,832,0,80,912,2,2,2,6.815639990074331,0,0,6.815639990074331,1,1,1,0,3,1,2,5,1,0,46.0,1,288,1,168,0,0,0,0,0,0,5,2008,1,1,11.863582336583399,0,0,0
743,20,4.174387269895637,9.041921720351219,2,1,1,1,1,1,3,3,1,7,5,7,6,2,2,15,108.0,3,3,3,0,0,1349,1349,2,1,2,7.207118856207756,0,0,7.207118856207756,0,0,2,0,3,1,3,6,1,0,7.0,2,539,1,120,55,0,0,0,0,0,12,2007,1,1,12.095141084822892,0,0,0
744,80,4.248495242049359,9.463896729698588,2,2,1,1,1,1,3,3,8,5,6,46,10,2,2,7,0.0,3,3,2,444,0,76,520,2,1,2,7.288927694521257,0,0,7.288927694521257,0,1,2,0,3,1,3,6,3,1,12.0,2,480,1,302,0,0,0,100,0,0,10,2009,1,1,12.072541252905651,0,0,0
745,120,3.713572066704308,8.593227877692234,2,2,3,1,1,1,3,3,1,8,5,15,15,2,2,7,0.0,2,3,3,733,0,604,1337,2,2,2,7.198183577101943,0,0,7.198183577101943,1,0,2,0,2,1,2,5,1,1,15.0,2,462,1,96,0,70,168,0,0,0,10,2008,1,1,12.100712129872347,0,0,0
746,60,4.23410650459726,9.100860271357362,2,2,1,1,1,1,3,3,4,8,9,32,12,4,2,15,289.0,1,2,2,575,80,487,1142,2,1,2,7.069023426578259,1540,0,7.906547232368036,0,1,3,1,4,1,2,11,1,2,14.0,2,831,1,0,204,0,0,0,0,0,7,2008,1,1,12.610870864650634,1,0,0
747,60,4.23410650459726,9.081938657171658,2,2,1,1,1,1,3,3,4,7,5,9,9,2,2,15,0.0,2,3,3,300,0,652,952,2,1,2,6.887552571664617,1276,0,7.721348612617949,0,0,2,1,4,1,2,8,1,1,9.0,2,554,1,224,54,0,0,0,0,0,4,2009,1,1,12.371587084007746,1,0,0
748,70,4.174387269895637,9.367344120785848,2,2,1,1,2,1,3,3,4,7,7,129,6,5,2,14,0.0,2,3,5,0,0,1240,1240,3,3,1,7.1853870155804165,1320,0,7.878534196140362,0,0,1,1,4,1,2,8,1,1,59.0,4,864,3,181,0,386,0,0,0,0,5,2009,1,1,12.491172637278908,0,0,0
749,20,4.07753744390572,9.267948684596496,2,2,1,1,1,1,3,3,1,7,5,14,14,4,2,15,338.0,2,3,3,919,0,801,1720,2,1,2,7.450079569807499,0,0,7.450079569807499,1,0,2,0,3,1,2,7,1,1,14.0,2,527,1,240,56,154,0,0,0,0,3,2010,1,1,12.46997418931655,0,0,0
750,50,3.912023005428146,9.036582045842716,2,1,1,1,1,1,3,3,2,4,3,64,59,2,2,17,0.0,3,3,4,0,0,0,0,6,3,1,6.992096427415888,441,0,7.332369205929062,0,0,2,0,4,1,3,9,4,0,64.0,1,240,3,92,0,185,0,0,0,0,4,2009,1,1,11.49272275765271,0,0,0
751,50,4.007333185232471,9.082507000466299,2,1,1,1,2,1,3,3,2,4,7,100,6,2,2,16,0.0,3,3,1,0,0,576,576,2,2,2,6.674561391814426,348,0,7.038783541388542,0,0,1,0,3,1,3,7,3,0,30.0,0,0,3,0,160,0,0,0,0,0,6,2010,1,1,11.477298287327077,0,0,1
752,60,4.23410650459726,8.955448122347393,2,1,1,1,1,1,5,3,4,7,5,4,4,2,2,15,0.0,2,3,3,0,0,660,660,2,1,2,6.492239835020471,660,0,7.1853870155804165,0,0,2,1,3,1,2,6,1,0,4.0,2,400,1,0,48,0,0,0,0,0,8,2007,1,1,11.99535161421452,1,0,0
753,20,4.3694478524670215,9.130864170474386,2,2,1,1,1,1,3,3,1,6,5,9,9,2,2,15,0.0,3,2,3,1200,0,279,1479,2,1,2,7.309212365692763,0,0,7.309212365692763,1,0,2,0,3,1,2,6,1,0,9.0,2,576,1,168,27,0,0,0,0,0,7,2006,1,1,12.287652632522597,0,0,0
754,60,4.382026634673881,9.234056898593499,2,1,1,1,1,1,3,3,4,8,5,1,1,2,2,15,178.0,2,3,3,0,0,1030,1030,2,2,2,6.945051063725834,1060,0,7.6487397889562425,0,0,2,1,3,1,1,8,1,1,1.0,3,878,1,192,52,0,0,0,0,0,3,2006,1,1,12.526342907575106,0,0,0
755,20,4.110873864173311,8.978408314628894,2,1,1,1,1,1,3,3,1,6,8,40,4,2,2,11,0.0,3,3,2,439,472,115,1026,2,2,2,6.933423025730715,0,0,6.933423025730715,1,0,1,0,3,1,2,5,1,0,40.0,2,440,1,171,48,0,0,0,0,0,7,2009,1,1,11.957611286231675,0,0,0
756,160,3.5263605246161616,8.080237416216702,2,1,1,1,1,1,3,3,4,6,5,10,10,2,2,9,894.0,3,3,3,381,0,348,729,2,2,2,6.60934924316738,729,0,7.293697720601438,0,0,2,1,3,1,3,6,1,0,10.0,2,440,1,0,24,0,0,0,0,0,3,2009,1,1,12.058152515453552,0,0,0
757,60,4.219507705176107,9.284426915328881,2,2,1,1,1,1,3,3,4,8,5,2,2,2,2,15,0.0,2,3,3,20,0,846,866,2,1,2,6.763884908562435,902,0,7.477604243197589,0,0,2,1,3,1,2,7,1,0,2.0,2,578,1,144,105,0,0,0,0,0,4,2009,1,1,12.26434155365415,0,0,0
758,60,4.23410650459726,9.360138737064577,2,2,1,1,3,1,3,3,4,6,5,32,32,4,2,7,328.0,3,3,2,438,0,234,672,2,3,2,6.51025834052315,714,0,7.234177179749849,0,0,2,1,3,1,3,6,1,1,32.0,2,440,1,335,0,0,0,0,0,0,4,2010,1,2,11.976030352524807,1,0,0
759,160,3.1780538303479458,7.731930721948486,2,1,1,1,1,1,3,3,4,7,5,9,9,2,2,9,360.0,3,3,3,549,0,195,744,2,2,2,6.6293632534374485,744,0,7.313886831633462,0,0,2,1,3,1,3,6,1,0,9.0,2,440,1,0,0,0,0,0,0,0,8,2008,1,1,12.097373228606832,0,0,0
760,60,4.174387269895637,9.413852481341165,2,2,1,1,1,1,3,3,4,8,5,12,12,2,2,15,513.0,2,3,3,56,64,1198,1318,2,1,2,7.191429330036379,1203,0,7.836369760545124,0,0,2,1,4,1,2,9,1,1,12.0,3,752,1,222,98,0,0,0,0,0,11,2007,1,1,12.577636201962656,0,0,0
761,20,4.248495242049359,9.116029692504942,2,1,1,1,1,1,3,3,1,6,6,50,50,4,2,16,0.0,3,3,2,612,0,252,864,2,1,2,6.761572768804055,0,0,6.761572768804055,0,0,1,0,2,1,3,5,1,0,1.0,1,300,1,0,0,0,0,0,0,450,10,2009,1,1,11.755871643580617,0,0,0
762,30,4.0943445622221,8.840869624091395,2,1,1,1,4,1,2,3,1,5,5,85,59,2,2,16,0.0,3,3,3,405,0,740,1145,2,3,2,7.170888478512505,0,0,7.170888478512505,0,0,1,0,2,1,4,5,2,0,44.0,2,440,1,0,0,0,0,0,0,0,10,2009,1,1,11.512925464970229,0,0,0
763,60,4.276666119016055,9.064157861798101,2,1,1,1,1,1,3,3,4,7,5,1,1,2,2,15,0.0,3,3,3,24,0,732,756,2,1,2,6.638567789166521,783,0,7.344072850573066,0,0,2,1,3,1,2,7,1,0,1.0,2,614,1,169,45,0,0,0,0,0,6,2010,6,1,12.279323107269766,0,0,0
764,60,4.406719247264253,9.151651375627504,2,1,1,1,1,1,3,3,4,8,5,10,10,2,2,15,673.0,2,3,3,1163,0,89,1252,2,1,2,7.145196134997171,1097,0,7.768533300926033,1,0,2,1,3,1,2,8,1,1,10.0,3,856,1,0,128,0,0,180,0,0,7,2009,1,1,12.727838209334498,0,0,0
765,120,3.4011973816621555,9.164191715950203,2,2,1,1,3,1,3,3,1,8,5,11,10,4,2,4,0.0,2,2,3,437,1057,0,1494,2,1,2,7.309212365692763,0,0,7.309212365692763,1,0,1,1,2,1,1,6,1,1,11.0,2,481,1,0,30,0,0,216,0,0,4,2006,1,1,12.506177237980511,0,0,0
766,20,4.31748811353631,9.587886000086213,2,2,1,1,1,1,3,3,1,9,5,0,0,2,2,15,284.0,2,3,3,0,0,1498,1498,2,1,2,7.317212408359839,0,0,7.317212408359839,0,0,2,0,2,1,1,6,1,1,0.0,2,592,1,0,174,0,0,0,0,0,8,2008,4,6,12.484204257170104,0,0,0
767,60,4.382026634673881,9.251578279992428,2,1,1,1,1,1,3,3,4,7,5,22,22,2,2,7,42.0,3,3,2,394,0,586,980,2,3,2,6.887552571664617,734,0,7.446585099157725,0,0,2,1,3,1,3,7,1,1,22.0,2,496,1,228,66,156,0,0,0,500,3,2010,1,1,12.188417710291453,0,0,0
768,50,4.31748811353631,9.434123718577732,2,2,1,1,1,1,3,3,2,6,7,68,23,2,2,15,0.0,3,3,2,660,0,323,983,2,1,2,6.890609120147166,767,0,7.4673710669175595,1,0,2,0,4,1,3,7,4,0,19.0,1,423,1,245,0,156,0,0,0,1300,7,2008,1,1,11.982929094215963,0,0,0
769,20,4.248495242049359,9.116029692504942,2,1,1,1,1,1,3,3,1,7,5,2,1,4,2,15,0.0,2,3,3,24,0,1836,1860,2,1,2,7.515344571180436,0,0,7.515344571180436,0,0,2,0,3,1,2,8,1,1,2.0,2,484,1,120,33,0,0,0,0,0,10,2006,1,1,12.28690119819279,0,0,0
770,60,3.8501476017100584,10.887511696444374,2,3,3,1,3,2,3,3,4,8,5,7,7,4,2,6,603.0,1,3,3,1416,0,234,1650,2,1,2,7.432483807917119,1589,0,8.095293776844649,1,0,3,1,4,1,1,12,4,1,7.0,3,841,1,503,36,0,0,210,0,0,6,2010,1,1,13.195613839143922,0,0,0
771,85,4.23410650459726,8.889032571874742,2,2,1,1,3,1,3,3,7,5,5,27,27,4,2,16,0.0,3,3,2,685,0,173,858,2,3,2,6.754604099487962,0,0,6.754604099487962,1,0,1,0,2,1,3,5,1,0,26.0,2,576,1,120,0,0,0,0,0,0,4,2009,1,1,11.812289042195847,1,0,0
772,20,4.204692619390966,9.09121894106832,2,1,1,1,1,1,3,3,1,4,5,55,55,2,2,16,0.0,3,3,2,836,0,0,836,2,3,2,7.106606137727303,0,0,7.106606137727303,0,0,1,0,2,1,3,6,1,0,55.0,2,396,1,0,0,0,0,0,0,0,4,2006,5,1,11.532728092266408,0,0,0
773,80,4.543294782270004,8.964311948124514,2,1,1,1,1,1,3,3,8,6,5,34,34,2,2,11,0.0,3,3,2,422,127,480,1029,2,3,2,7.018401799069201,0,0,7.018401799069201,1,0,1,0,3,1,3,6,1,1,34.0,2,672,1,144,0,0,0,0,0,0,3,2010,1,2,11.580584113444043,0,0,0
774,20,4.248495242049359,9.225228984469933,2,1,1,1,1,1,2,3,1,5,5,49,49,2,2,16,1.0,3,3,2,456,0,456,912,2,1,2,6.815639990074331,0,0,6.815639990074331,0,0,1,0,2,1,3,5,1,0,49.0,1,275,1,0,0,0,0,0,0,0,7,2007,5,1,11.648330101976432,0,0,0
775,20,4.700480365792417,9.56282655529346,2,1,1,1,2,1,3,3,1,8,5,1,1,4,2,15,375.0,2,3,3,0,0,1935,1935,2,2,2,7.587310506022615,0,0,7.587310506022615,0,0,2,0,3,1,2,9,1,1,1.0,3,895,1,315,45,0,0,0,0,0,7,2007,4,6,12.886641043883259,0,0,0
776,120,3.4657359027997265,8.411832675758411,2,1,1,1,4,1,3,3,1,6,5,11,11,4,2,15,320.0,3,3,3,866,0,338,1204,2,1,2,7.093404625868766,0,0,7.093404625868766,1,0,2,0,2,1,3,5,1,0,11.0,2,412,1,0,247,0,0,0,0,0,6,2009,1,1,11.99535161421452,0,0,0
777,20,4.454347296253507,9.324561516066206,2,2,1,1,1,1,3,3,1,7,5,1,0,2,2,15,240.0,2,3,3,20,0,1594,1614,2,1,2,7.3864708488298945,0,0,7.3864708488298945,0,0,2,0,3,1,2,7,1,0,1.0,3,865,1,144,59,0,0,0,0,0,7,2006,4,6,12.308177868467327,0,0,0
778,20,4.605170185988092,9.499271663828395,2,2,1,1,1,1,3,3,1,5,5,32,32,4,2,7,0.0,3,3,2,762,0,102,864,2,3,2,6.795705775173514,0,0,6.795705775173514,1,0,1,0,3,1,3,5,1,1,32.0,2,440,1,241,0,0,0,0,0,0,6,2006,1,1,11.867097278690842,0,0,0
779,90,4.0943445622221,9.035986984831405,2,1,1,1,1,1,2,3,1,5,5,30,30,2,2,11,320.0,3,3,4,0,0,0,0,2,3,2,7.61085279039525,0,0,7.61085279039525,0,0,2,0,4,2,3,10,1,2,30.0,2,630,1,0,0,0,0,0,0,0,10,2007,1,1,11.877568578558138,0,0,0
780,90,4.356708826689592,9.261983605128021,2,1,1,1,1,1,3,3,7,6,5,29,29,2,2,11,90.0,3,3,2,975,0,0,975,2,3,2,6.911747300251674,0,0,6.911747300251674,1,0,1,0,2,1,3,4,1,0,29.0,2,504,1,0,0,0,0,0,0,0,5,2006,1,1,11.813030057420567,0,0,0
781,20,4.143134726391533,8.971448463693834,2,1,1,1,1,1,3,3,1,7,5,12,11,2,2,7,38.0,3,3,3,0,0,1237,1237,2,2,2,7.133295954896068,0,0,7.133295954896068,0,0,2,0,3,1,3,6,1,1,12.0,2,402,1,220,21,0,0,0,0,0,6,2007,1,1,12.078239274020289,0,0,0
782,60,4.174387269895637,8.875287128108384,2,1,1,1,1,1,3,3,4,6,5,14,14,2,2,15,0.0,2,2,3,387,0,374,761,2,1,2,6.697034247666484,793,0,7.3796321526095525,0,0,2,1,3,1,2,7,1,0,14.0,2,484,1,0,124,0,0,0,0,0,7,2006,1,1,12.077670930725649,0,0,0
783,20,4.204692619390966,9.697999717710333,2,3,1,1,1,1,3,3,1,7,5,8,7,2,2,15,0.0,2,3,3,0,0,1413,1413,2,1,2,7.265429723253953,0,0,7.265429723253953,0,0,2,0,3,1,2,6,1,0,8.0,2,605,1,0,33,0,0,0,0,0,6,2009,1,1,12.139398512262181,0,0,0
784,85,4.23410650459726,9.116139576577355,2,2,1,1,2,1,3,3,7,5,6,31,31,2,2,11,104.0,3,2,3,1097,0,0,1097,2,1,2,7.01211529430638,0,0,7.01211529430638,1,0,1,0,1,1,2,4,1,1,31.0,2,602,1,303,30,0,0,0,0,0,7,2009,1,1,12.016726473799254,1,0,0
785,75,3.5553480614894135,8.748304912379623,2,1,1,1,1,1,3,3,6,6,6,94,7,2,2,16,0.0,3,3,2,0,0,742,742,2,1,2,6.60934924316738,742,0,7.302496423727326,0,0,2,0,3,1,3,9,1,1,28.0,0,0,1,0,291,134,0,0,0,0,6,2008,1,1,11.759785542901755,0,0,1
786,20,4.23410650459726,9.189116735524555,2,1,1,1,1,1,2,3,1,6,5,42,42,2,2,4,0.0,3,3,2,251,630,491,1372,2,3,2,7.201916317531627,0,0,7.201916317531627,0,0,2,0,3,1,3,7,1,1,42.0,2,457,1,0,0,0,0,197,0,0,9,2009,1,1,11.992260421644849,1,0,0
787,50,4.0943445622221,9.287301413112312,2,1,1,1,1,1,1,3,2,5,6,95,60,2,2,9,0.0,3,2,3,686,0,0,686,2,3,2,6.873163834212518,686,0,7.409741954080923,1,0,2,0,4,1,3,7,1,0,49.0,1,416,1,0,0,196,0,0,0,1200,6,2010,1,1,11.842229212112828,0,0,0
788,60,4.330733340286331,9.224440496354964,2,2,1,1,1,1,3,3,4,7,5,6,6,2,2,15,0.0,2,3,3,656,0,300,956,2,1,2,6.862757913051401,1128,0,7.642044402873258,1,0,2,1,4,1,2,8,1,0,6.0,2,618,1,0,45,0,0,0,0,0,1,2010,1,1,12.358793732547838,0,0,0
789,20,3.912023005428146,8.699514748210191,2,1,1,1,2,1,3,3,1,4,7,54,8,2,2,9,0.0,3,3,2,0,0,901,901,2,1,2,6.803505257608338,0,0,6.803505257608338,0,0,1,0,2,1,3,4,1,0,54.0,1,281,1,0,0,0,0,0,0,0,8,2008,1,1,11.588960151246226,0,0,0
790,60,4.23410650459726,9.40960098282706,2,2,4,1,1,1,3,3,4,6,8,41,0,2,2,7,157.0,3,3,2,568,0,264,832,2,2,2,6.883462586413092,1111,0,7.643482907077201,0,0,2,1,5,1,2,9,1,0,41.0,2,444,1,133,168,0,0,0,0,0,7,2007,1,1,12.141534124392603,1,0,0
791,120,3.7612001156935624,8.065265208897733,2,1,1,1,1,1,3,3,1,7,5,4,3,2,2,15,11.0,2,3,3,16,0,1129,1145,2,1,2,7.0431599159883405,0,0,7.0431599159883405,0,0,2,0,2,1,2,5,1,1,4.0,2,397,1,100,16,0,0,0,0,0,9,2009,1,1,11.984178313616395,0,0,0
792,80,4.23410650459726,9.335474102732949,2,2,1,1,2,1,3,3,8,6,5,31,31,2,2,7,0.0,3,3,3,539,0,490,1029,2,3,2,6.967909201801884,0,0,6.967909201801884,1,0,1,0,3,1,3,5,1,2,31.0,2,539,1,120,0,0,0,0,0,0,5,2007,1,1,11.896826395162552,1,0,0
793,60,4.5217885770490405,9.20230820027892,2,2,1,1,3,1,3,3,4,7,5,11,10,2,2,9,0.0,2,3,3,862,0,255,1117,2,1,2,7.027314514039777,886,0,7.607381425639791,1,0,2,1,3,1,3,8,1,1,10.0,2,455,1,180,130,0,0,0,0,0,6,2007,1,1,12.50539915757667,0,0,0
794,20,4.330733340286331,9.12238309321704,2,1,1,1,1,1,3,3,1,8,5,0,0,2,2,6,140.0,2,3,3,0,0,1496,1496,2,1,2,7.310550158534422,0,0,7.310550158534422,0,0,2,0,3,1,2,7,1,0,0.0,2,474,1,168,130,0,0,0,0,0,6,2007,4,6,12.323855681186558,0,0,0
795,60,4.23410650459726,9.290259995152056,2,2,1,1,2,1,3,3,4,7,5,14,12,2,2,9,0.0,2,3,3,0,0,712,712,2,1,2,6.990256500493881,809,0,7.546974117516527,0,0,2,1,3,1,2,7,1,1,14.0,2,409,1,143,46,0,0,0,0,500,10,2008,1,1,12.178187442040638,1,0,0
796,60,4.248495242049359,9.035986984831405,2,1,1,1,1,1,3,3,4,6,6,30,29,2,2,7,130.0,3,3,2,0,0,650,650,2,3,2,6.78897174299217,676,0,7.355001921105257,0,0,2,1,3,1,3,7,1,1,30.0,2,476,1,0,50,0,0,204,0,0,4,2010,1,1,12.049418835484797,0,0,0
797,20,4.2626798770413155,9.011523512653032,2,1,1,1,1,1,3,3,1,6,5,30,30,2,2,11,148.0,3,3,2,0,0,660,660,2,1,2,7.158513997329321,0,0,7.158513997329321,0,0,1,1,3,1,3,7,1,1,30.0,2,528,1,138,0,0,0,0,0,0,4,2007,1,1,11.874090314181814,0,0,0
798,20,4.04305126783455,8.945984124827898,2,1,1,1,1,1,3,3,1,5,5,55,55,2,2,15,0.0,3,3,2,570,0,203,773,2,2,2,6.650279048587422,0,0,6.650279048587422,0,0,1,0,2,1,3,4,1,0,55.0,1,240,1,0,0,0,0,0,0,0,4,2008,1,2,11.608235644774552,0,0,0
799,60,4.6443908991413725,9.511777409660299,2,1,1,1,1,1,3,3,4,9,5,1,0,4,2,15,860.0,1,3,3,0,0,1926,1926,2,1,2,7.583756300707112,1174,0,8.0519780789023,0,0,3,1,4,1,1,11,1,2,0.0,3,820,1,144,78,0,0,0,0,0,7,2009,4,6,13.091904169919621,0,0,0
800,50,4.0943445622221,8.881836305004146,2,1,1,1,2,1,2,3,2,5,7,70,57,2,2,16,252.0,3,3,1,569,0,162,731,2,1,2,6.8885724595653635,787,0,7.477604243197589,1,0,1,1,3,1,2,7,1,2,68.0,1,240,1,0,0,264,0,0,0,0,6,2007,1,1,12.072541252905651,0,0,0
801,60,4.3694478524670215,9.457044187699406,2,2,3,1,1,2,2,3,4,6,5,11,11,2,2,15,0.0,3,3,3,462,0,154,616,2,2,2,6.423246963533519,1072,0,7.431299675155903,1,0,2,1,4,1,2,8,1,0,11.0,2,603,1,403,114,185,0,0,0,400,5,2008,1,1,12.206072645530174,0,0,0
802,30,3.6888794541139363,8.476371196895983,2,1,1,1,1,1,3,3,1,4,7,91,17,2,2,9,0.0,3,3,2,197,0,999,1196,2,1,2,7.086737934510577,0,0,7.086737934510577,1,0,1,0,2,1,3,5,1,0,50.0,2,440,1,0,0,0,0,0,0,0,7,2007,1,1,11.607326140391713,0,0,0
803,60,4.143134726391533,9.011767474596178,2,1,1,1,1,1,3,3,4,7,5,3,3,2,2,17,0.0,2,3,3,648,0,80,728,2,1,2,6.590301048196686,728,0,7.283448228756631,1,0,2,1,3,1,2,7,1,1,3.0,2,410,1,36,18,0,0,0,0,0,10,2008,1,1,12.14950229404178,0,0,0
804,60,4.672828834461906,9.53899642739739,2,1,1,1,1,1,3,3,4,9,5,1,0,4,2,15,424.0,1,3,3,0,0,1734,1734,2,1,2,7.458186157340487,1088,0,7.945201132412759,0,0,3,1,4,1,1,12,1,1,0.0,3,1020,1,52,170,0,0,192,0,0,1,2009,4,6,13.275827535915461,0,0,0
805,20,4.31748811353631,9.104979856318357,2,1,1,1,1,1,3,3,1,5,5,52,52,2,2,16,0.0,3,3,2,812,0,124,936,2,3,2,7.028201432058005,0,0,7.028201432058005,0,0,1,0,2,1,3,5,2,0,52.0,1,286,1,0,0,0,0,0,0,0,6,2006,1,5,11.678439903447801,0,0,0
806,20,4.51085950651685,9.415238482949043,2,2,1,1,4,1,3,3,1,7,5,0,0,2,2,15,256.0,2,3,3,0,0,1417,1417,2,1,2,7.2640301428995295,0,0,7.2640301428995295,0,0,2,0,3,1,1,6,1,0,0.0,2,554,1,0,60,0,0,0,0,0,7,2008,4,6,12.33569641332368,0,0,0
807,80,4.31748811353631,9.185022563991893,2,1,1,1,1,1,3,3,8,5,5,39,39,2,2,15,0.0,3,3,3,400,480,100,980,2,2,2,6.887552571664617,0,0,6.887552571664617,0,0,2,0,3,1,3,6,1,0,39.0,1,384,1,68,0,0,0,0,0,0,10,2006,1,1,11.816726919301892,0,0,0
808,70,4.969813299576001,9.970398257818754,2,1,1,1,1,1,3,3,4,5,6,86,5,2,2,16,0.0,3,3,2,1309,0,15,1324,2,1,2,6.977281341630747,504,0,7.362645270417825,2,0,1,1,3,1,2,6,1,1,86.0,2,528,1,0,312,0,0,0,0,0,5,2009,1,1,12.31716669303576,0,0,0
809,80,4.442651256490317,9.503009985939002,2,1,1,1,1,1,3,3,8,5,5,40,40,2,2,15,1047.0,3,3,2,516,128,380,1024,2,3,2,6.990256500493881,0,0,6.990256500493881,1,0,1,0,3,1,3,6,1,1,40.0,2,484,1,0,0,0,0,0,0,0,6,2006,1,1,11.982616545377663,0,0,0
810,75,4.499809670330265,8.99961934066053,2,1,1,1,2,1,3,3,6,5,5,111,44,4,2,1,0.0,3,3,3,0,0,849,849,2,3,1,6.980075940561763,1063,0,7.6676260915849905,0,0,2,0,2,3,3,11,1,0,99.0,2,360,3,40,156,0,0,0,0,0,11,2009,1,1,11.571194373094205,0,0,0
811,20,4.356708826689592,9.224243277145174,2,1,1,1,1,1,3,3,1,6,6,32,7,4,2,7,99.0,3,3,2,663,377,0,1040,2,4,2,7.1770187659099,0,0,7.1770187659099,1,0,1,1,3,1,2,5,1,1,32.0,2,484,1,265,0,0,0,0,648,0,1,2006,1,1,12.106252310247962,0,0,0
812,120,4.23410650459726,8.39795910349254,2,1,1,1,1,1,3,3,1,6,5,4,4,2,2,15,169.0,2,3,3,662,0,186,848,2,1,2,6.742880635791903,0,0,6.742880635791903,1,0,1,0,1,1,2,4,1,1,4.0,2,420,1,140,0,0,0,0,0,0,6,2008,9,1,11.881034786534624,1,0,0
813,20,4.189654742026425,9.072456664612796,1,1,2,1,1,2,3,3,1,5,5,58,58,4,2,16,0.0,4,3,2,0,0,540,540,2,3,1,6.950814768442584,0,0,6.950814768442584,0,0,1,0,2,1,4,4,1,0,58.0,2,504,3,0,0,0,0,0,0,54,6,2010,1,4,10.932981961904135,0,0,0
814,20,4.31748811353631,9.185022563991893,2,1,1,1,1,1,3,3,1,6,6,49,49,2,2,9,243.0,3,3,2,608,0,834,1442,2,2,2,7.273786317844895,0,0,7.273786317844895,0,0,1,1,4,1,3,7,1,0,49.0,1,301,1,0,0,275,0,0,0,500,4,2007,5,1,11.969717200243734,0,0,0
815,50,3.8066624897703196,9.017726025696795,2,1,1,1,1,1,3,3,2,5,7,88,56,2,2,14,0.0,3,3,1,0,0,686,686,3,2,2,6.530877627725885,564,0,7.1308988302963465,0,1,1,1,3,1,4,7,1,0,51.0,1,280,2,207,0,96,0,0,0,0,7,2006,1,1,11.661345470088502,0,0,0
816,20,3.871201010907891,9.404013917106361,2,3,1,1,3,1,3,3,1,7,5,12,12,2,2,15,442.0,3,3,3,0,0,1649,1649,2,1,2,7.415175109613295,0,0,7.415175109613295,0,0,2,0,3,1,2,6,1,0,12.0,2,598,1,0,34,0,0,0,0,0,5,2010,1,1,12.323411137947407,0,0,0
817,20,4.23410650459726,9.343559215762406,2,2,1,1,2,1,3,3,1,5,6,52,52,2,2,4,0.0,3,3,2,486,0,522,1008,2,2,2,6.915723448631314,0,0,6.915723448631314,0,0,1,0,2,1,3,4,1,1,52.0,1,275,1,0,0,120,0,0,0,0,7,2006,1,1,11.827736204810263,1,0,0
818,20,4.23410650459726,9.49288426657184,2,2,1,1,3,1,3,3,1,8,5,6,6,4,2,6,148.0,2,3,3,1218,0,350,1568,2,1,2,7.4318919168078,0,0,7.4318919168078,1,0,2,0,3,1,2,7,1,2,6.0,3,857,1,150,59,0,0,0,0,0,7,2008,1,1,12.509874099861838,1,0,0
819,80,4.382026634673881,9.084323531392696,2,1,1,1,1,1,3,3,8,6,7,39,39,2,2,7,80.0,3,3,2,504,0,506,1010,2,2,2,6.9584483932976555,0,0,6.9584483932976555,1,0,1,0,3,1,3,6,1,0,39.0,2,440,1,0,0,0,0,0,0,0,6,2010,1,1,11.951180395901384,0,0,0
820,120,3.784189633918261,8.759511722116487,2,2,1,1,1,1,3,3,1,7,5,1,0,2,2,15,128.0,2,3,3,733,0,625,1358,2,1,2,7.213768308118642,0,0,7.213768308118642,1,0,2,0,2,1,2,6,1,1,0.0,2,484,1,192,35,0,0,0,0,0,6,2010,4,6,12.319401330837177,0,0,0
821,60,4.276666119016055,8.885440911707585,2,2,1,1,3,1,3,3,4,7,5,5,5,2,2,15,0.0,2,3,3,0,0,798,798,2,1,2,6.682108597449809,842,0,7.402451520818244,0,0,2,1,3,1,2,6,1,0,5.0,2,595,1,0,45,0,0,0,0,0,6,2008,1,1,12.117241431823558,0,0,0
822,20,4.0943445622221,8.699514748210191,2,1,2,1,1,2,3,3,1,4,4,56,56,2,2,9,0.0,4,3,2,0,0,936,936,2,3,1,6.841615476477592,0,0,6.841615476477592,0,0,1,0,2,1,3,4,3,0,35.0,2,576,1,0,32,112,0,0,0,0,2,2009,1,1,11.440354772135393,0,0,0
823,60,4.23410650459726,9.424967763522053,2,2,1,1,2,1,3,3,4,7,5,4,4,2,2,15,0.0,2,3,3,0,0,847,847,2,1,2,6.741700694652055,886,0,7.457609289715606,0,0,2,1,3,1,2,7,1,1,4.0,2,433,1,100,48,0,0,0,0,0,10,2007,1,5,12.323855681186558,1,0,0
824,50,4.0943445622221,9.20029003612268,2,1,1,1,1,1,3,3,2,6,7,69,59,2,2,15,0.0,3,3,1,0,0,778,778,2,3,2,6.8501261661455,545,0,7.305860032684009,0,0,2,0,3,1,3,7,1,1,69.0,1,240,1,335,0,0,0,0,0,0,7,2009,1,1,11.845819880243557,0,0,0
825,20,4.394449154672439,9.325096609274372,2,1,1,1,1,1,3,3,1,8,5,0,0,2,2,15,0.0,2,3,3,0,0,1489,1489,2,1,2,7.305860032684009,0,0,7.305860032684009,0,0,2,0,3,1,2,7,1,1,0.0,2,776,1,0,140,0,0,0,0,0,6,2006,4,6,12.3570755190667,0,0,0
826,20,4.736198448394496,9.602585141913492,2,1,1,1,1,1,6,6,1,10,5,1,0,4,2,6,816.0,1,3,3,1636,0,442,2078,2,1,2,7.642044402873258,0,0,7.642044402873258,1,0,2,0,2,1,1,7,1,1,1.0,3,1220,1,188,45,0,0,0,0,0,6,2008,4,6,12.86099861326992,0,0,0
827,45,3.912023005428146,8.720950028930258,2,1,1,1,1,1,3,3,3,5,6,84,58,2,2,9,0.0,3,3,1,784,0,0,784,2,2,2,6.664409020350408,0,0,6.664409020350408,1,0,1,0,2,1,2,5,1,0,28.0,0,0,1,0,0,116,0,0,0,0,5,2008,1,1,11.603679828238693,0,0,1
828,20,4.174387269895637,9.05122740031911,2,2,1,1,1,1,3,3,1,7,5,8,8,2,2,15,0.0,2,3,3,20,0,1434,1454,2,1,2,7.2682230211595655,0,0,7.2682230211595655,0,0,2,0,3,1,2,6,1,1,8.0,2,527,1,290,39,0,0,0,0,0,4,2009,1,1,12.14950229404178,0,0,0
829,60,4.23410650459726,10.264582712908352,2,3,4,1,3,3,3,3,4,5,5,42,42,1,6,11,0.0,3,3,3,249,764,0,1013,2,3,2,7.05617528410041,966,0,7.661997558901893,0,1,2,1,3,1,3,7,3,0,42.0,2,538,1,486,0,0,0,225,0,0,6,2009,1,2,12.128111104060462,1,0,0
830,160,3.1780538303479458,7.841492924460013,2,1,1,1,1,1,3,3,4,7,5,1,1,2,2,9,0.0,2,3,3,0,0,600,600,2,1,2,6.253828811575473,623,80,7.109062135687172,0,0,2,1,2,1,2,4,1,0,1.0,2,480,1,0,166,0,0,0,0,0,7,2006,1,1,11.900905258737373,0,0,0
831,20,4.382026634673881,9.38429367909962,2,2,1,1,2,1,3,3,1,6,5,51,51,2,2,7,387.0,3,3,2,1040,0,352,1392,2,3,2,7.238496840894365,0,0,7.238496840894365,1,0,1,1,3,1,3,6,1,2,51.0,2,458,1,0,0,0,0,192,0,0,6,2008,1,1,12.01974306733868,0,0,0
832,160,3.4011973816621555,8.064636475774222,2,1,1,1,1,1,3,3,4,7,5,1,1,2,2,9,0.0,3,3,3,0,0,600,600,2,1,2,6.253828811575473,600,80,7.090076835776092,0,0,2,1,2,1,2,4,1,0,1.0,2,480,1,0,166,0,0,0,0,0,6,2006,1,1,11.925035115797062,0,0,0
833,60,3.784189633918261,9.16408698745872,2,2,1,1,3,1,3,3,4,7,6,7,7,2,2,15,223.0,2,3,3,483,0,458,941,2,1,2,6.846943139585379,888,0,7.511524648390866,1,0,2,1,3,1,2,7,1,1,7.0,2,613,1,192,39,0,0,0,0,0,1,2010,1,1,12.375815420117268,0,0,0
834,20,4.605170185988092,9.21074029199751,2,1,1,1,1,1,3,3,1,6,6,45,45,2,2,7,180.0,3,3,2,196,345,975,1516,2,3,2,7.323830566202317,0,0,7.323830566202317,0,0,1,1,3,1,3,6,1,0,45.0,2,472,1,0,0,0,0,152,0,0,2,2009,1,1,12.025749091398891,0,0,0
835,20,4.31748811353631,8.971448463693834,2,1,1,1,1,1,3,3,1,5,6,47,47,2,2,15,136.0,3,3,2,572,0,572,1144,2,2,2,7.042286171939743,0,0,7.042286171939743,1,0,1,0,3,1,3,6,1,0,47.0,2,456,1,0,0,0,0,0,0,0,9,2008,1,1,11.8490404949436,0,0,0
836,20,4.0943445622221,9.169518377455928,2,1,1,1,1,1,3,3,1,4,7,60,15,2,2,15,0.0,3,3,2,442,0,625,1067,2,3,2,6.9726062513017535,0,0,6.9726062513017535,0,0,2,0,2,1,2,4,3,0,14.0,2,436,1,290,0,0,0,0,0,0,2,2010,1,1,11.759785542901755,0,0,0
837,30,4.499809670330265,8.99961934066053,2,1,1,1,1,1,3,3,1,5,6,59,34,2,2,15,0.0,3,3,1,338,0,1221,1559,2,2,2,7.351799869057777,0,0,7.351799869057777,1,0,1,0,2,1,3,5,3,0,59.0,2,812,1,0,116,230,0,0,0,0,6,2007,5,1,11.941455846009388,0,0,0
838,160,3.044522437723423,7.426549072397305,2,1,1,1,1,1,3,3,4,6,5,35,35,2,2,7,158.0,3,3,2,330,0,153,483,2,3,2,6.180016653652572,504,0,6.894670039433482,1,0,1,1,2,1,3,5,1,0,35.0,1,264,1,0,0,0,0,0,0,0,11,2008,1,1,11.512925464970229,0,0,0
839,20,4.31748811353631,9.161675199994901,2,1,1,1,1,1,3,3,1,5,6,13,2,2,2,15,0.0,3,3,3,0,0,1099,1099,2,1,2,7.002155954403621,0,0,7.002155954403621,0,0,1,1,3,1,2,6,1,0,9.0,1,352,1,278,0,0,0,0,0,0,6,2008,1,1,11.877568578558138,0,0,0
840,50,4.248495242049359,9.37305428246393,2,1,1,1,1,1,3,3,2,5,6,62,13,2,2,9,0.0,3,3,2,352,0,416,768,2,1,2,6.643789733147672,432,0,7.090076835776092,0,0,1,0,3,1,3,6,1,0,62.0,1,240,1,0,0,0,0,0,0,0,5,2008,1,1,11.779128505744886,0,0,0
841,70,4.23410650459726,9.405495886750224,2,2,1,1,1,1,3,3,4,6,8,83,58,2,2,16,0.0,3,3,1,156,0,516,672,2,3,1,6.697034247666484,672,0,7.301147805856032,0,0,2,0,4,1,4,7,1,0,74.0,1,400,2,0,0,254,0,0,0,0,3,2008,1,1,11.84939770159144,1,0,0
842,70,4.0943445622221,9.25339986143663,2,1,1,1,1,1,3,3,4,5,8,104,6,2,2,9,0.0,3,3,3,0,0,650,650,2,2,2,6.86484777797086,581,0,7.338888133838879,0,0,2,0,3,1,2,8,1,1,25.0,2,686,2,70,78,68,0,0,0,0,6,2008,1,1,11.967180737247824,0,0,0
843,80,4.406719247264253,9.10719961305667,2,1,1,1,1,1,3,3,8,6,7,42,42,2,2,7,183.0,3,3,2,312,539,276,1127,2,3,2,7.060476365999801,0,0,7.060476365999801,1,0,1,1,3,1,3,6,1,0,42.0,2,490,1,0,129,0,0,0,0,0,5,2008,1,1,12.071969661006694,0,0,0
844,90,4.382026634673881,8.987196820661973,2,1,1,1,2,1,1,3,1,5,4,46,46,2,2,4,0.0,3,3,2,0,0,1800,1800,2,1,1,7.495541943884256,0,0,7.495541943884256,0,0,2,0,6,2,3,10,1,0,27.0,0,0,1,0,0,0,0,0,0,0,7,2007,1,1,11.856515169360305,0,0,1
845,50,4.605170185988092,9.446597562435775,2,2,1,1,1,1,1,3,2,5,8,93,58,2,2,16,0.0,3,3,1,0,0,876,876,2,2,2,6.775366090936392,540,0,7.255591274253665,0,0,1,1,4,1,3,7,1,1,59.0,3,720,1,418,0,194,0,0,0,0,6,2008,1,1,11.94405831982697,0,0,0
846,85,4.23410650459726,9.719985298994011,2,2,1,1,3,1,9,3,7,5,5,32,26,2,2,7,0.0,3,3,2,1390,0,0,1390,2,3,2,7.438971592395862,0,0,7.438971592395862,1,0,2,0,3,1,3,6,3,2,32.0,2,611,1,0,0,0,0,0,0,0,1,2007,1,1,12.049418835484797,1,0,0
847,60,4.31748811353631,9.139595967450425,2,1,1,1,1,1,3,3,4,7,5,16,16,2,2,7,137.0,2,3,3,513,0,227,740,2,1,2,6.913737350659685,769,0,7.4815557019095165,1,0,2,1,3,1,2,7,1,1,16.0,2,425,1,234,72,192,0,0,0,0,7,2009,1,1,12.269047444691562,0,0,0
848,20,3.58351893845611,9.650078074026442,2,2,1,1,3,1,3,3,1,5,6,37,37,2,2,7,0.0,3,3,2,460,0,404,864,2,1,2,6.761572768804055,0,0,6.761572768804055,1,0,1,0,3,1,3,5,1,1,37.0,1,338,1,0,0,0,0,0,0,0,8,2009,1,1,11.801856756822442,0,0,0
849,50,4.31748811353631,10.727662995502477,2,3,2,1,1,1,3,3,2,6,8,100,11,2,2,16,0.0,3,3,1,0,0,907,907,2,3,2,7.175489713624222,1051,0,7.765569081097317,0,0,3,0,5,1,3,10,1,1,100.0,2,360,1,486,40,0,0,175,0,0,9,2008,1,1,12.388394202324129,0,0,0
850,80,4.382026634673881,9.169518377455928,2,1,1,1,4,1,2,3,8,6,7,31,13,4,2,11,360.0,2,2,2,0,0,528,528,2,1,2,6.9975959829819265,761,0,7.5256399750415355,0,0,2,1,3,1,3,7,1,1,31.0,2,512,1,113,100,0,0,0,0,0,8,2007,1,1,12.138863895836725,0,0,0
851,120,3.58351893845611,8.39728289474368,2,1,1,1,1,1,3,3,1,6,5,4,4,2,2,15,170.0,2,3,3,659,0,189,848,2,1,2,6.742880635791903,0,0,6.742880635791903,1,0,1,0,1,1,2,3,1,0,4.0,2,420,1,140,0,0,0,0,0,0,11,2007,1,1,11.786762130599957,0,0,0
852,120,4.23410650459726,8.069655306886165,2,1,1,1,1,1,3,3,1,8,5,3,3,2,2,15,40.0,2,3,3,0,0,1273,1273,2,1,2,7.283448228756631,0,0,7.283448228756631,0,0,2,0,2,1,2,7,1,1,3.0,2,400,1,143,20,0,0,0,0,0,5,2006,1,1,12.2783933071098,1,0,0
853,75,3.970291913552122,8.871785969150645,2,1,1,1,1,1,3,3,6,7,5,66,57,2,2,9,0.0,3,2,2,364,0,554,918,2,2,2,6.822197390620491,728,0,7.406103381237015,0,0,2,0,4,1,3,7,1,2,66.0,1,240,1,0,0,0,0,126,0,0,8,2007,1,1,12.007621706806335,0,0,0
854,80,4.23410650459726,9.400547423044127,2,2,1,1,2,1,3,3,8,6,6,45,45,2,2,9,115.0,3,2,2,564,0,563,1127,2,3,2,7.275864600546533,0,0,7.275864600546533,0,0,1,1,3,1,3,7,1,1,45.0,2,645,1,180,0,0,0,0,0,0,8,2009,1,1,11.970350312009105,1,0,0
855,20,4.624972813284271,9.793672686528922,2,1,1,1,1,1,3,3,1,5,4,51,32,4,2,16,0.0,3,3,2,306,1085,372,1763,2,3,2,7.483806687665835,0,0,7.483806687665835,1,0,1,1,3,1,3,6,1,1,51.0,2,454,1,0,418,0,0,312,0,0,7,2006,1,2,12.043553716032399,0,0,0
856,20,4.23410650459726,8.83884181343129,2,2,1,1,2,1,3,3,1,5,8,48,0,2,2,7,0.0,3,2,2,659,0,381,1040,2,1,2,6.946975992135418,0,0,6.946975992135418,1,0,1,1,3,1,3,6,1,0,48.0,1,260,1,0,104,0,0,0,0,0,4,2010,1,1,11.751942365440728,1,0,0
857,80,4.23410650459726,9.302919553269277,2,2,4,1,1,2,3,3,8,6,6,30,30,2,2,11,0.0,3,3,2,505,435,0,940,2,3,2,6.933423025730715,0,0,6.933423025730715,1,0,1,0,3,1,3,5,1,0,27.0,2,576,1,0,0,34,0,0,0,0,10,2008,1,1,11.898187865760873,1,0,0
858,60,4.174387269895637,9.002701007197938,2,1,1,1,1,1,3,3,4,6,5,15,14,2,2,7,0.0,3,3,3,0,0,702,702,2,2,2,6.553933404025811,779,0,7.300472814267799,0,0,2,1,3,1,3,6,1,1,15.0,2,343,1,0,36,0,0,0,0,0,3,2009,1,1,12.066810578196666,0,0,0
859,20,4.382026634673881,9.249561085129464,2,1,1,1,1,1,3,3,1,7,5,33,33,2,2,7,189.0,3,3,2,0,0,1090,1090,2,3,2,7.222566018822171,0,0,7.222566018822171,0,0,2,0,3,1,3,6,1,1,33.0,2,479,1,0,0,0,0,0,0,0,6,2009,1,5,11.931635799828413,0,0,0
860,60,4.23410650459726,9.308283446306147,2,2,1,1,2,1,7,3,4,6,7,38,22,2,2,7,220.0,3,3,2,619,0,435,1054,2,3,2,7.321188556739478,1142,0,7.8838232148921525,1,0,2,1,4,1,2,9,1,1,38.0,2,619,1,0,65,0,0,222,0,0,8,2006,1,1,12.429216196844383,1,0,0
861,50,4.007333185232471,8.941414628006845,2,1,1,1,2,1,3,3,2,7,8,89,9,2,2,16,0.0,2,3,1,0,0,912,912,2,2,2,6.815639990074331,514,0,7.262628600974241,0,0,1,1,3,1,2,7,1,1,82.0,1,216,1,0,240,0,0,0,0,0,6,2007,1,1,12.154516158615772,0,0,0
862,190,4.31748811353631,9.360913230455557,2,1,1,1,1,1,3,3,1,5,4,45,45,4,2,11,0.0,3,3,3,841,0,198,1039,2,1,2,6.946013991099227,0,0,6.946013991099227,1,0,1,1,3,1,3,6,1,0,45.0,2,504,1,0,0,0,0,0,0,0,4,2010,1,1,11.786762130599957,0,0,0
863,20,4.394449154672439,9.176990392294629,2,1,1,1,2,1,3,3,1,6,5,26,25,4,2,7,0.0,3,3,3,338,0,702,1040,2,3,2,7.00033446027523,0,0,7.00033446027523,0,0,2,0,3,1,3,6,1,0,24.0,2,480,1,0,0,0,0,0,0,0,5,2010,1,1,11.931635799828413,0,0,0
864,20,4.248495242049359,8.97853441008332,2,1,1,1,1,1,3,3,1,5,5,50,50,4,2,4,0.0,3,3,2,1148,0,0,1148,2,3,2,7.045776576879511,0,0,7.045776576879511,1,0,1,0,3,1,3,6,1,0,50.0,1,672,1,0,0,0,0,0,0,0,7,2009,1,1,11.794337924408413,0,0,0
865,20,4.276666119016055,9.064157861798101,2,1,1,1,1,1,3,3,1,7,5,1,0,2,2,15,0.0,2,3,3,0,0,1372,1372,2,1,2,7.22402480828583,0,0,7.22402480828583,0,0,2,0,3,1,2,6,1,0,0.0,2,529,1,0,140,0,0,0,0,0,5,2008,4,6,12.431533509799543,0,0,0
866,20,4.23410650459726,9.07680897935166,2,2,1,1,1,1,3,3,1,5,6,39,39,2,2,9,76.0,3,3,2,828,0,174,1002,2,3,2,6.90975328164481,0,0,6.90975328164481,1,0,1,0,3,1,3,5,1,0,36.0,2,902,1,0,0,0,0,0,0,0,8,2009,1,1,11.908340237224891,1,0,0
867,20,4.204692619390966,9.273878392780171,2,2,3,1,1,1,3,3,1,8,5,1,0,2,2,15,274.0,2,3,3,0,0,1638,1638,2,1,2,7.406103381237015,0,0,7.406103381237015,0,0,2,0,3,1,2,6,1,1,0.0,3,870,1,192,80,0,0,0,0,0,11,2007,4,6,12.424806488355683,0,0,0
868,20,4.442651256490317,8.84937050375457,2,1,1,1,2,1,2,3,1,4,5,46,46,2,2,15,0.0,3,3,2,932,0,108,1040,2,3,2,7.02108396428914,0,0,7.02108396428914,1,0,1,1,3,1,4,5,1,0,46.0,2,544,1,168,0,0,0,0,0,400,5,2007,1,1,11.76756768334381,0,0,0
869,60,4.23410650459726,9.599811590329997,2,3,1,1,2,1,2,3,4,5,6,58,56,2,2,11,0.0,3,3,4,0,0,0,0,2,2,2,7.344072850573066,720,53,7.749322464660356,0,0,2,0,2,1,3,7,1,1,27.0,2,672,2,120,144,0,0,0,0,0,5,2006,1,1,12.037653993905211,1,0,0
870,60,4.382026634673881,9.204121072162266,2,1,1,1,1,1,3,3,4,7,5,17,16,2,2,9,246.0,2,3,3,750,0,300,1050,2,1,2,6.967909201801884,887,0,7.575071699507561,1,0,2,1,3,1,2,8,1,1,17.0,2,574,1,156,90,0,0,0,0,0,6,2010,1,1,12.371587084007746,0,0,0
871,20,4.0943445622221,8.794824928014517,2,1,1,1,1,1,6,3,1,5,5,47,47,4,2,9,0.0,3,3,2,0,0,894,894,2,2,1,6.795705775173514,0,0,6.795705775173514,0,0,1,0,2,1,3,5,1,0,47.0,1,308,1,0,0,0,0,0,0,0,8,2009,1,1,11.603679828238693,0,0,0
872,60,4.248495242049359,9.07680897935166,2,1,1,1,1,1,3,3,4,6,5,12,12,2,2,15,116.0,3,3,3,505,0,299,804,2,1,2,6.6895992691789665,878,0,7.427738840532894,0,0,2,1,3,1,2,7,1,0,12.0,2,523,1,0,77,0,0,0,0,0,6,2010,1,1,12.20856952572876,0,0,0
873,20,4.30406509320417,9.092907275084087,2,1,1,1,2,1,3,3,1,5,7,55,12,2,2,17,0.0,2,3,5,0,0,105,105,2,2,2,6.813444599510896,0,0,6.813444599510896,0,0,1,0,3,1,2,5,1,0,55.0,2,414,1,196,0,150,0,0,0,0,10,2008,1,1,11.661345470088502,0,0,0
874,40,4.0943445622221,9.404590499635411,2,1,1,1,1,1,3,3,1,5,7,60,59,2,2,7,0.0,2,3,2,375,0,457,832,2,2,2,6.943122422819428,0,232,7.145196134997171,0,0,1,0,3,1,3,6,1,1,60.0,1,288,1,0,28,0,0,0,0,0,9,2009,1,1,11.79810440720389,0,0,0
875,50,3.9512437185814275,8.651724084373843,2,1,1,1,1,1,1,3,2,5,6,68,59,2,2,16,0.0,3,3,2,0,0,676,676,2,1,2,6.516193076042964,455,0,7.030857476116121,0,0,1,1,3,1,3,5,1,0,68.0,1,200,1,26,0,0,0,0,0,0,8,2009,1,2,11.104957226643945,0,0,0
876,60,4.31748811353631,9.104979856318357,2,1,1,1,1,1,3,3,4,8,5,0,0,2,2,6,0.0,2,3,3,64,0,1120,1184,2,1,2,7.076653815443951,1426,0,7.867105500316739,0,0,2,1,4,1,1,11,1,1,0.0,2,550,1,208,364,0,0,0,0,0,8,2007,4,6,12.623061104072981,0,0,0
877,20,4.543294782270004,10.138006161871843,2,1,3,1,1,2,3,3,1,4,5,44,44,2,2,7,0.0,3,3,3,633,0,431,1064,2,2,2,6.946975992135418,0,0,6.946975992135418,1,0,1,0,3,1,3,5,1,0,44.0,2,648,1,0,0,0,0,0,0,0,1,2007,1,1,11.792449349720545,0,0,0
878,60,4.30406509320417,9.086363192156472,2,1,1,1,1,1,3,3,4,9,5,5,4,4,2,15,216.0,2,3,3,1170,0,292,1462,2,1,2,7.2875606403097235,762,0,7.707062655370473,1,0,2,1,4,1,1,10,1,1,5.0,3,738,1,184,0,0,0,0,0,0,6,2009,1,1,12.765688433465597,0,0,0
879,85,4.477336814478207,9.374328222081633,2,2,1,1,1,1,3,3,7,5,7,49,15,2,2,7,0.0,3,3,2,899,0,210,1109,2,3,2,7.051855622955894,0,0,7.051855622955894,1,0,1,0,3,1,2,6,3,0,23.0,2,576,1,192,0,0,0,0,0,400,6,2010,1,1,11.904967552746252,0,0,0
880,20,4.23410650459726,8.85366542803745,2,2,1,1,3,1,3,3,1,5,8,31,4,2,2,15,90.0,2,2,2,646,0,218,864,2,1,2,6.761572768804055,0,0,6.761572768804055,1,0,1,0,3,1,3,6,1,0,31.0,1,336,1,0,0,0,0,0,0,0,7,2009,1,1,11.824079893607152,1,0,0
881,20,4.0943445622221,8.857088135314953,2,1,1,1,1,1,3,3,1,5,5,2,1,2,2,15,0.0,3,3,3,980,0,110,1090,2,2,2,6.993932975223189,0,0,6.993932975223189,1,0,1,1,2,1,3,5,1,0,2.0,2,450,1,0,49,0,0,0,0,0,6,2007,1,1,11.964001084330445,0,0,0
882,50,3.784189633918261,9.52937575208596,2,2,1,1,3,1,3,3,2,7,5,17,16,2,2,7,117.0,2,2,2,902,0,254,1156,2,1,2,7.079184394609668,530,0,7.448333860897476,0,0,2,1,3,1,2,7,1,1,17.0,2,400,1,168,36,0,0,0,0,0,4,2007,1,1,12.141534124392603,0,0,0
883,60,4.23410650459726,9.173261363734762,2,2,1,1,2,1,3,3,4,6,5,17,16,2,2,15,0.0,3,3,3,0,0,808,808,2,2,2,6.694562058521095,785,0,7.373374309910049,0,0,2,1,3,1,3,7,1,1,16.0,2,389,1,342,40,0,0,0,0,0,12,2009,1,1,12.089538829274222,1,0,0
884,75,4.0943445622221,8.73294952429643,2,1,2,1,1,1,3,3,5,4,5,94,56,2,2,16,0.0,2,3,3,0,0,795,795,2,3,1,6.860663671448287,795,481,7.709756864454165,1,0,1,0,5,1,3,10,1,0,9.0,1,440,1,0,188,0,0,0,0,0,3,2006,1,1,11.682668239557323,0,0,0
885,20,4.174387269895637,8.874867635688053,2,1,1,1,1,1,3,3,1,5,5,42,42,2,2,7,60.0,3,3,2,432,0,460,892,2,3,2,6.79346613258001,0,0,6.79346613258001,0,0,1,0,3,1,3,5,1,0,42.0,1,288,1,0,0,0,0,0,0,0,7,2009,1,1,11.512925464970229,0,0,0
886,120,3.912023005428146,8.540714386457584,2,2,1,1,3,1,3,3,1,9,5,9,8,2,2,9,60.0,2,3,3,1238,0,460,1698,2,1,2,7.443663683115591,0,0,7.443663683115591,1,0,2,0,2,1,2,5,1,1,9.0,2,506,1,97,65,0,0,0,0,0,1,2008,2,2,12.703509032177148,0,0,0
887,90,4.248495242049359,9.035153304082828,2,1,1,1,2,1,3,3,1,5,5,47,1,2,2,9,122.0,3,3,2,528,0,1098,1626,2,1,2,7.445417556701687,0,0,7.445417556701687,0,0,2,0,4,2,3,8,1,0,1.0,2,588,1,272,54,0,0,0,0,0,6,2006,1,5,11.884489021402711,0,0,0
888,50,4.07753744390572,9.709052927858371,2,2,1,1,1,1,3,3,2,5,7,53,53,2,2,9,0.0,3,2,3,0,0,816,816,2,3,2,6.77078942390898,521,0,7.239214973779806,0,0,1,1,3,1,3,8,1,0,53.0,1,300,1,121,0,0,0,265,0,0,4,2008,1,1,11.816726919301892,0,0,0
889,20,4.553876891600541,9.671870704017296,2,2,1,1,1,2,3,3,1,8,6,37,37,1,6,16,0.0,2,2,3,351,823,1043,2217,2,1,2,7.7039102096163115,0,0,7.7039102096163115,1,0,2,0,4,1,2,8,1,1,37.0,2,621,1,81,207,0,0,224,0,0,10,2007,1,1,12.498742259492994,0,0,0
890,20,4.852030263919617,9.405907155520158,2,1,1,1,1,1,2,3,1,6,4,56,56,4,2,16,90.0,3,3,2,1024,0,481,1505,2,1,2,7.316548177182976,0,0,7.316548177182976,1,0,1,0,2,1,3,6,1,1,56.0,2,505,1,0,0,0,162,0,0,0,2,2009,1,1,11.915051671812877,0,0,0
891,50,4.0943445622221,8.99516499031115,2,1,1,1,2,1,1,3,2,5,7,58,1,2,2,9,0.0,3,2,2,0,0,672,672,2,1,2,6.51025834052315,252,0,6.828712071641684,0,0,1,0,3,1,3,6,1,1,4.0,2,576,1,0,0,0,0,0,0,2000,7,2007,1,1,11.719126295554126,0,0,0
892,60,4.248495242049359,9.322239464473592,2,1,1,1,1,1,3,3,4,6,5,31,31,4,2,7,92.0,3,3,2,226,500,192,918,2,2,2,6.822197390620491,765,0,7.428333194190806,0,0,2,1,3,1,3,7,1,1,31.0,2,440,1,243,0,0,0,0,0,0,7,2009,1,1,12.058152515453552,0,0,0
893,20,4.248495242049359,9.037652264150466,2,1,1,1,1,1,3,3,1,6,8,43,3,4,2,7,0.0,3,3,2,663,0,396,1059,2,3,2,6.97354301952014,0,0,6.97354301952014,0,1,1,0,3,1,3,6,1,0,43.0,1,264,1,192,0,0,0,0,0,0,2,2006,1,1,11.947949375319936,0,0,0
894,20,4.23410650459726,9.494315582496638,2,1,1,1,1,1,6,3,1,5,5,54,54,2,2,16,0.0,3,3,3,1064,0,319,1383,2,3,2,7.232010331664759,0,0,7.232010331664759,1,0,1,0,3,1,3,6,1,1,54.0,1,354,1,511,116,0,0,0,0,0,6,2008,1,1,12.013700752882718,1,0,0
895,90,4.1588830833596715,8.85623355614316,2,1,2,1,1,1,3,3,1,5,5,30,30,2,2,11,0.0,3,3,4,0,0,0,0,2,3,2,7.336285660021297,0,0,7.336285660021297,0,0,2,0,4,2,3,8,1,0,30.0,2,400,1,0,0,0,0,0,0,0,6,2009,1,4,11.685684782260491,0,0,0
896,60,4.2626798770413155,8.861633597686627,2,1,1,1,1,1,3,3,4,6,5,45,45,4,2,7,415.0,3,3,2,400,0,380,780,2,3,2,6.890609120147166,813,0,7.493317248862145,1,0,1,1,4,1,3,8,1,1,45.0,2,483,1,0,50,0,0,0,0,0,10,2008,1,1,11.84939770159144,0,0,0
897,30,3.912023005428146,9.078521797355334,2,1,1,1,1,1,3,3,1,4,6,70,56,2,2,16,0.0,3,3,1,285,0,666,951,2,1,1,6.85751406254539,0,0,6.85751406254539,0,0,1,0,2,1,3,6,1,0,70.0,1,327,1,0,28,0,0,0,0,0,4,2006,1,2,11.575900264131617,0,0,0
898,90,4.1588830833596715,8.85623355614316,2,1,1,1,1,1,2,3,4,5,5,30,30,2,2,11,0.0,3,3,4,0,0,0,0,2,3,2,7.02108396428914,1120,0,7.7142311448490855,0,0,2,0,6,2,3,12,1,0,30.0,2,528,1,154,0,0,0,0,0,0,6,2009,1,4,11.870271183889114,0,0,0
899,20,4.605170185988092,9.466454374960302,2,2,1,1,1,1,3,3,1,9,5,1,0,4,2,15,760.0,1,3,3,2188,0,142,2330,2,1,2,7.768110378525988,0,0,7.768110378525988,1,0,2,1,2,1,1,11,1,2,1.0,3,820,1,0,67,0,0,0,0,0,3,2010,4,6,13.323926946863102,0,0,0
900,20,4.174387269895637,8.852664927703866,2,1,1,1,1,1,2,3,1,5,7,45,12,2,2,7,0.0,3,3,2,465,0,447,912,2,3,2,7.119635638017636,0,0,7.119635638017636,0,0,1,0,3,1,3,6,1,1,45.0,1,288,1,0,0,0,0,0,0,0,6,2006,1,1,11.813030057420567,0,0,0
901,20,4.23410650459726,8.901094121608562,2,2,1,1,1,1,3,3,1,4,6,36,36,2,2,7,0.0,3,3,2,322,0,536,858,2,3,2,6.754604099487962,0,0,6.754604099487962,0,0,1,0,2,1,3,4,1,0,28.0,1,684,1,0,0,0,0,0,0,0,6,2007,1,1,11.608235644774552,1,0,0
902,20,4.1588830833596715,9.072456664612796,2,2,1,1,1,1,3,3,1,5,7,52,9,4,2,9,0.0,3,2,2,860,0,132,992,2,3,2,7.174724309836376,0,0,7.174724309836376,1,0,1,0,2,1,3,5,1,0,41.0,1,756,1,0,0,0,0,0,0,0,5,2009,1,1,11.938193200374572,0,0,0
903,60,4.143134726391533,8.971448463693834,2,1,1,1,1,1,3,3,4,7,5,3,3,2,2,15,0.0,2,3,3,0,0,783,783,2,1,2,6.693323668269949,702,0,7.319202458767849,0,0,2,1,3,1,2,8,1,1,3.0,2,393,1,0,75,0,0,0,0,0,7,2006,1,1,12.100712129872347,0,0,0
904,20,3.912023005428146,9.606361021256347,2,2,3,1,3,1,3,3,1,7,5,0,0,4,2,15,27.0,2,3,3,0,0,1670,1670,2,1,2,7.4205789054108005,0,0,7.4205789054108005,0,0,2,0,3,1,2,7,1,1,0.0,3,690,1,144,60,0,0,0,0,0,8,2006,4,6,12.388394202324129,0,0,0
905,20,4.23410650459726,8.727940222393896,2,2,1,1,1,1,3,3,1,5,6,40,40,2,2,7,75.0,3,3,2,599,0,277,876,2,3,2,6.804614520062624,0,0,6.804614520062624,0,0,1,0,3,1,3,6,1,0,40.0,1,288,1,0,0,0,0,0,0,0,8,2007,1,1,11.740061037553975,1,0,0
906,20,4.382026634673881,9.20230820027892,2,1,1,1,1,1,3,3,1,5,5,56,56,2,2,7,110.0,3,3,2,354,290,412,1056,2,3,2,6.968850378341948,0,0,6.968850378341948,1,0,1,0,3,1,3,6,1,0,56.0,1,280,1,0,0,164,0,0,0,0,2,2010,1,1,11.759785542901755,0,0,0
907,20,4.7535901911063645,9.510519035757246,2,2,1,1,2,1,3,3,1,8,5,1,1,2,2,15,208.0,2,3,3,63,0,1560,1623,2,1,2,7.400009517162692,0,0,7.400009517162692,1,0,2,0,3,1,2,8,1,1,1.0,3,865,1,0,60,0,0,0,0,0,6,2007,1,1,12.449018824140563,0,0,0
908,50,4.454347296253507,9.350102314351341,2,2,1,1,1,1,3,3,2,7,7,70,19,2,2,4,0.0,2,3,2,223,0,794,1017,2,2,2,6.927557906278317,1037,0,7.6290038896529575,0,0,1,1,3,1,2,6,1,1,70.0,1,180,1,0,0,0,0,322,0,0,6,2006,1,1,12.429216196844383,0,0,0
909,20,4.23410650459726,9.092119740588751,2,2,4,1,1,2,3,3,1,5,5,23,23,2,2,7,0.0,3,3,2,301,324,239,864,2,3,2,6.804614520062624,0,0,6.804614520062624,1,0,1,0,2,1,3,5,1,0,23.0,2,484,1,164,0,0,0,0,0,0,6,2006,1,1,11.782952602183288,1,0,0
910,60,5.003946305945459,9.44057869576626,2,3,1,1,1,1,3,3,4,6,5,4,4,2,2,15,0.0,2,3,3,0,0,742,742,2,1,2,6.60934924316738,742,0,7.302496423727326,0,0,2,1,3,1,2,8,1,1,4.0,2,390,1,36,24,0,0,0,0,0,6,2009,1,1,12.066810578196666,0,0,0
911,90,4.382026634673881,9.358760377094455,2,1,1,1,2,1,2,3,4,5,5,50,50,2,2,9,361.0,3,3,2,443,0,662,1105,2,3,2,7.007600613951853,1169,0,7.729295674310482,0,0,2,0,5,2,3,12,1,0,50.0,2,480,1,0,0,0,0,0,0,0,1,2010,1,1,11.946654038351252,0,0,0
912,20,4.23410650459726,9.136263168579868,2,2,1,1,3,2,3,3,1,5,7,32,20,2,2,7,0.0,3,3,2,196,0,1072,1268,2,3,2,7.145196134997171,0,0,7.145196134997171,0,0,1,1,3,1,2,5,1,0,31.0,1,252,1,173,0,0,0,0,0,0,10,2009,1,1,11.874090314181814,1,0,0
913,30,3.9318256327243257,8.719317375506371,2,1,1,1,1,1,3,3,1,5,7,81,56,2,2,9,0.0,3,3,1,489,0,279,768,2,3,1,6.922643891475888,0,0,6.922643891475888,0,0,1,0,3,1,3,6,2,0,81.0,1,450,1,0,0,112,0,120,0,620,7,2006,1,2,11.385092093460344,0,0,0
914,90,4.406719247264253,8.743531633626967,2,1,3,1,1,1,3,3,4,5,6,58,57,2,2,9,0.0,3,3,2,284,0,717,1001,2,3,1,6.90875477931522,1001,0,7.601901959875166,0,0,2,0,4,2,3,8,1,0,58.0,3,871,1,0,0,0,0,0,0,0,8,2007,1,1,11.884489021402711,0,0,0
915,160,3.4011973816621555,8.006367567650246,2,1,1,1,1,1,3,3,4,6,5,0,0,2,2,15,76.0,2,3,3,294,0,318,612,2,1,2,6.416732282512326,612,0,7.1098794630722715,0,0,2,1,2,1,2,4,1,0,0.0,2,528,1,0,234,0,0,0,0,0,6,2009,4,6,12.065274916913605,0,0,0
916,160,3.044522437723423,7.601402334583733,2,1,1,1,1,1,3,3,4,4,5,37,37,2,2,6,80.0,3,3,2,0,0,546,546,2,4,2,6.302618975744905,546,0,6.9957661563048505,0,0,1,1,3,1,3,6,1,0,37.0,1,286,1,0,0,0,0,0,0,0,1,2007,1,1,11.225243392518447,0,0,0
917,20,3.912023005428146,9.104979856318357,2,1,1,1,1,1,3,3,1,2,3,57,56,2,2,1,0.0,3,3,2,50,0,430,480,2,3,1,6.173786103901937,0,0,6.173786103901937,1,0,0,0,1,1,3,4,1,0,48.0,1,308,1,0,0,0,0,0,0,0,10,2006,1,2,10.47194980911048,0,0,0
918,20,4.23410650459726,9.749170192151771,2,1,1,1,1,1,3,3,1,4,6,53,53,2,2,15,0.0,3,3,2,1059,0,75,1134,2,1,2,7.113956109566034,0,0,7.113956109566034,0,0,1,0,3,1,3,6,1,0,53.0,1,284,1,0,0,0,0,0,0,0,4,2009,1,1,11.813030057420567,1,0,0
919,60,4.634728988229636,9.482274087459825,2,2,1,1,2,1,3,3,4,7,5,16,16,2,2,7,0.0,2,3,3,48,634,422,1104,2,1,2,6.815639990074331,1215,0,7.6624678152002375,1,0,2,1,4,1,2,8,1,1,16.0,3,833,1,72,192,224,0,0,0,0,11,2007,1,1,12.380025952653611,0,0,0
920,20,4.465908118654584,9.308283446306147,2,2,1,1,2,1,3,3,1,6,8,50,6,4,2,9,0.0,1,3,2,528,411,245,1184,2,1,2,7.254177846456518,0,0,7.254177846456518,1,0,1,0,3,1,3,6,2,1,18.0,2,601,1,0,51,0,0,190,0,0,5,2008,1,1,12.081076155355488,0,0,0
921,60,4.248495242049359,9.043340831280013,2,2,1,1,1,1,3,3,4,6,5,13,13,2,2,7,105.0,2,2,3,814,0,114,928,2,1,2,6.841615476477592,785,0,7.450660796211539,0,1,2,1,3,1,2,7,1,0,13.0,2,471,1,300,87,0,0,0,0,0,7,2007,1,1,12.211060187041213,0,0,0
922,90,4.204692619390966,9.079889942592118,2,1,1,1,1,1,2,3,2,5,7,108,5,2,2,9,0.0,3,3,2,1084,0,188,1272,2,2,2,7.148345743900068,928,0,7.696212639346407,2,0,2,2,4,2,3,9,1,0,28.0,0,0,3,0,70,0,0,0,0,0,9,2008,1,1,11.890676734510876,0,0,1
923,20,4.174387269895637,9.233763886919771,2,1,1,1,1,1,5,3,1,6,5,1,0,2,2,15,0.0,2,3,3,28,0,1288,1316,2,1,2,7.182352111885263,0,0,7.182352111885263,0,0,2,0,3,1,2,6,1,1,1.0,2,397,1,100,0,0,23,0,0,0,10,2006,4,6,12.043494890772815,0,0,0
924,120,3.912023005428146,8.988695696785708,2,1,1,1,1,1,3,3,1,6,5,15,14,2,2,11,0.0,2,3,3,165,841,598,1604,2,1,2,7.388327859577107,0,0,7.388327859577107,1,0,2,0,2,1,2,5,1,1,15.0,2,533,1,0,69,0,0,0,0,0,7,2008,1,1,12.170445467887022,0,0,0
925,20,4.3694478524670215,9.234056898593499,2,1,1,1,1,1,3,3,1,6,6,26,26,2,2,11,157.0,3,2,2,625,1061,0,1686,2,3,2,7.430114138561801,0,0,7.430114138561801,1,0,2,0,3,1,3,7,1,1,26.0,2,612,1,384,131,0,0,0,0,0,5,2006,1,1,12.24288661865289,0,0,0
926,20,4.23410650459726,9.655731072956666,2,2,1,1,2,1,3,3,1,5,6,31,31,2,2,15,0.0,3,3,3,767,93,266,1126,2,3,2,7.026426808699636,0,0,7.026426808699636,0,1,2,0,3,1,1,6,1,0,31.0,2,540,1,180,0,0,0,0,0,0,3,2008,1,2,12.072541252905651,1,0,0
927,60,4.532599493153256,9.392578591964389,2,1,1,1,1,1,3,3,4,8,5,4,3,4,2,15,340.0,2,3,3,0,0,1181,1181,2,1,2,7.1180162044653335,1140,0,7.772331575169614,0,0,2,1,4,1,1,10,1,1,4.0,3,656,1,104,100,0,0,0,0,0,5,2007,1,1,12.560244459250788,0,0,0
928,60,4.23410650459726,9.20029003612268,2,1,1,1,1,1,2,3,4,7,5,40,40,2,2,9,342.0,3,3,2,552,0,280,832,2,2,2,7.001245622069476,880,0,7.589841512182657,0,0,2,1,4,1,3,9,1,1,40.0,2,486,1,0,43,0,0,0,0,0,4,2008,1,1,12.078239274020289,1,0,0
929,20,4.23410650459726,9.37906997525067,2,1,1,1,1,1,3,3,1,8,5,8,8,4,2,15,0.0,2,3,3,0,0,1753,1753,2,1,2,7.488852955733459,0,0,7.488852955733459,0,0,2,0,3,1,1,7,1,1,8.0,2,522,1,202,151,0,0,0,0,0,6,2009,1,1,12.373703486914124,1,0,0
930,60,4.23410650459726,9.473166068429098,2,2,1,1,2,1,3,3,4,7,5,9,9,2,2,7,285.0,3,3,3,0,0,964,964,2,2,2,6.900730664045173,1243,0,7.71244383427499,0,0,2,1,4,1,2,8,1,1,9.0,2,642,1,0,0,0,0,0,0,0,11,2006,1,1,12.310432660854417,1,0,0
931,20,4.290459441148391,9.09661160664784,2,2,3,1,1,1,3,3,1,8,5,2,2,2,2,15,0.0,2,3,3,16,0,1450,1466,2,1,2,7.290292882446597,0,0,7.290292882446597,0,0,2,0,3,1,2,7,1,0,2.0,3,610,1,100,18,0,0,0,0,0,7,2009,1,1,12.211060187041213,0,0,0
932,20,4.248495242049359,9.116029692504942,2,1,1,1,1,1,3,3,1,5,6,44,44,2,2,15,0.0,3,3,2,338,466,121,925,2,1,2,6.829793737512425,0,0,6.829793737512425,0,1,1,0,2,1,3,5,1,0,44.0,1,429,1,0,0,0,0,0,0,0,7,2009,1,1,11.67419361256635,0,0,0
933,20,4.430816798843313,9.364776725280601,2,2,1,1,2,1,4,3,1,9,5,1,1,4,2,15,302.0,1,3,3,0,0,1905,1905,2,1,2,7.552237287560802,0,0,7.552237287560802,0,0,2,0,3,1,1,8,1,1,1.0,3,788,1,0,191,0,0,0,0,0,3,2007,1,1,12.676076274775909,0,0,0
934,20,4.143134726391533,9.046290859969677,2,1,1,1,4,1,3,3,1,7,5,5,5,2,2,15,210.0,2,3,3,20,0,1480,1500,2,1,2,7.313220387090301,0,0,7.313220387090301,0,0,2,0,3,1,2,6,1,0,5.0,2,570,1,192,36,0,0,0,0,0,8,2009,1,1,12.154779351142624,0,0,0
935,20,5.746203190540153,10.22738100695048,2,3,3,1,1,2,7,3,1,7,7,48,1,1,6,16,0.0,3,3,2,425,0,160,585,2,1,2,7.634820677745543,0,0,7.634820677745543,1,0,2,0,4,1,2,9,1,1,48.0,2,505,1,0,0,0,0,0,0,0,11,2008,1,1,12.396693005138824,0,0,0
936,30,3.9512437185814275,8.669914278433902,2,2,1,1,1,1,3,3,1,4,5,80,53,2,2,9,108.0,3,2,3,0,0,600,600,2,2,2,6.616065185132817,0,0,6.616065185132817,0,0,1,0,1,1,3,5,1,0,53.0,2,528,1,0,0,32,0,0,0,0,6,2006,1,1,11.288531131754366,0,0,0
937,20,4.204692619390966,9.218606116393214,2,1,1,1,1,1,3,3,1,7,5,6,6,2,2,15,0.0,2,3,3,833,0,343,1176,2,1,2,7.090076835776092,0,0,7.090076835776092,1,0,2,0,2,1,2,5,1,0,6.0,2,555,1,0,41,0,0,0,0,0,8,2009,1,1,12.127570417375216,0,1,0
938,60,4.31748811353631,9.177300517897983,2,1,1,1,1,1,3,3,4,7,5,4,4,2,2,15,0.0,2,3,3,341,0,772,1113,2,1,2,7.014814351275545,858,0,7.58629630715272,0,0,2,1,3,1,2,8,1,1,4.0,2,689,1,0,48,0,0,0,0,0,2,2009,1,1,12.441144767709657,0,0,0
939,60,4.290459441148391,9.077951183930438,2,1,1,1,1,1,3,3,4,7,5,0,0,2,2,15,0.0,2,3,3,464,0,927,1391,2,1,2,7.237778191923443,571,0,7.581719640125308,0,0,2,1,3,1,2,7,1,0,0.0,3,868,1,0,90,0,0,0,0,0,8,2006,4,6,12.38755635142507,0,0,0
940,70,4.23410650459726,10.089552095608918,2,1,1,1,1,1,3,3,4,7,7,70,60,2,2,9,0.0,3,2,2,0,0,1032,1032,2,1,2,7.095893221097532,1196,0,7.784473235736469,0,0,2,0,4,1,3,10,1,2,70.0,1,349,1,56,0,318,0,0,0,0,6,2010,5,1,12.406561506279576,1,0,0
941,90,4.007333185232471,9.444621667700849,2,2,1,1,1,1,3,3,1,6,5,30,30,2,2,11,0.0,3,3,2,936,396,396,1728,2,3,2,7.454719949364001,0,0,7.454719949364001,0,0,2,0,4,2,3,8,1,0,30.0,2,574,1,40,0,0,0,0,0,0,7,2006,1,1,11.924372644755941,0,0,0
942,60,4.23410650459726,9.077380244719953,2,2,1,1,4,1,4,3,4,7,5,10,10,2,2,15,298.0,2,3,3,772,0,220,992,2,1,2,6.92951677076365,1038,0,7.630461261783627,1,0,2,1,3,1,2,8,1,1,10.0,2,390,1,0,0,0,168,0,0,0,6,2009,1,1,12.273731294003989,1,0,0
943,90,3.7376696182833684,8.95040315983296,2,2,1,1,1,1,3,3,1,4,3,30,30,2,2,9,0.0,3,3,3,1440,0,0,1440,2,3,2,7.272398392570047,0,0,7.272398392570047,2,0,2,0,4,2,3,8,1,0,27.0,0,0,3,321,0,0,0,0,0,0,8,2007,10,2,11.918390573078392,0,0,1
944,90,4.605170185988092,10.126631103850338,2,1,4,1,1,1,3,3,1,5,4,40,40,2,2,7,0.0,3,3,2,0,0,1632,1632,2,3,2,7.397561535524052,0,0,7.397561535524052,0,0,2,0,4,2,3,8,1,0,40.0,2,576,2,0,0,0,0,0,0,0,6,2007,1,1,11.870599909242044,0,0,0
945,20,4.23410650459726,9.573245865665552,2,2,1,3,3,1,3,3,8,6,6,51,51,2,2,7,541.0,3,3,2,111,354,354,819,2,2,2,7.203405521083095,0,0,7.203405521083095,0,1,1,0,3,1,2,7,1,1,51.0,2,525,1,0,118,0,0,233,0,0,1,2009,5,2,11.831379196088763,1,0,0
946,50,4.584967478670572,9.084777149000837,2,1,1,1,2,1,3,3,2,5,6,119,13,4,2,15,0.0,3,3,1,1088,0,0,1088,2,3,2,7.080026499922591,561,120,7.533158807455563,0,0,1,0,2,1,3,7,1,0,46.0,2,456,1,48,0,244,0,0,0,0,9,2009,1,1,11.73526869611367,0,0,0
947,80,4.248495242049359,9.007367027451355,2,1,1,1,1,1,3,3,8,5,6,47,47,2,2,7,128.0,3,2,2,748,294,102,1144,2,3,2,7.042286171939743,0,0,7.042286171939743,1,0,1,0,3,1,3,6,1,1,47.0,1,796,1,86,0,0,0,0,0,0,3,2006,1,1,11.870599909242044,0,0,0
948,20,4.442651256490317,9.584383610076006,2,1,1,1,1,1,3,3,1,8,5,5,4,4,2,15,236.0,2,3,3,1300,0,316,1616,2,1,2,7.395721608602045,0,0,7.395721608602045,1,0,2,0,3,1,2,9,1,1,5.0,3,808,1,0,252,0,0,0,0,0,11,2007,1,1,12.506177237980511,0,0,0
949,60,4.174387269895637,9.547241088215463,2,2,1,1,1,1,3,3,4,7,5,4,4,2,2,15,144.0,2,3,3,0,0,936,936,2,1,2,6.841615476477592,840,0,7.4821189235521155,0,0,2,1,3,1,2,7,1,1,4.0,2,474,1,144,96,0,0,0,0,0,2,2006,1,1,12.167851432709975,0,0,0
950,20,4.356708826689592,9.144200569471638,2,1,1,1,1,1,3,3,1,6,7,38,4,4,2,11,0.0,3,3,2,982,0,179,1161,2,3,2,7.2305631534092925,0,0,7.2305631534092925,1,0,1,1,3,1,2,5,1,1,38.0,2,676,1,0,0,0,0,0,0,0,3,2010,1,1,12.193493863323313,0,0,0
951,20,4.0943445622221,8.881836305004146,2,1,1,1,1,1,3,3,1,5,8,57,5,2,2,15,0.0,3,3,2,398,149,317,864,2,2,2,6.761572768804055,0,0,6.761572768804055,1,0,1,0,3,1,2,5,1,0,27.0,2,720,1,194,0,0,0,0,0,0,7,2007,1,1,11.76756768334381,0,0,0
952,20,4.0943445622221,8.961879012677683,2,1,1,1,2,1,3,3,1,5,5,41,41,2,2,15,0.0,3,3,2,641,0,187,828,2,2,2,6.872128101338986,0,0,6.872128101338986,1,0,1,0,3,1,3,6,1,0,27.0,1,300,1,421,0,0,0,0,0,0,7,2006,1,2,11.694413341015606,0,0,0
953,85,4.0943445622221,8.881836305004146,2,1,1,1,1,1,3,3,7,5,8,37,6,2,2,17,0.0,3,2,2,660,0,108,768,2,2,2,6.643789733147672,0,0,6.643789733147672,0,1,1,0,2,1,3,5,1,0,35.0,1,396,1,192,0,0,0,0,0,0,4,2009,1,1,11.804848531679264,0,0,0
954,60,4.23410650459726,9.312445594913337,2,2,1,1,1,2,3,3,4,5,4,39,39,2,2,7,232.0,3,3,2,562,193,29,784,2,1,2,7.0630481633881725,800,0,7.584773077612199,0,1,2,1,4,1,3,7,3,1,39.0,2,530,1,305,189,0,0,0,0,400,9,2008,1,1,12.05524975579559,1,0,0
955,90,3.5553480614894135,9.148464968258095,2,2,1,1,3,1,3,3,7,6,5,31,31,1,6,17,250.0,3,3,2,945,0,0,945,2,3,2,6.887552571664617,0,0,6.887552571664617,0,2,2,0,4,0,3,4,1,0,26.0,0,0,1,0,0,0,0,0,0,0,10,2006,1,3,11.755871643580617,0,0,1
956,90,4.406719247264253,8.872907674259846,2,2,3,1,1,1,3,3,4,6,6,61,57,2,2,9,423.0,3,3,2,484,0,495,979,2,3,1,6.88653164253051,979,0,7.579678823090456,0,0,2,0,4,2,3,8,1,0,61.0,2,492,1,0,0,0,0,0,0,0,8,2007,1,1,11.884489021402711,0,0,0
957,160,3.1780538303479458,7.170119543449628,2,1,1,1,1,1,3,3,4,6,6,29,29,2,2,9,0.0,3,3,2,285,0,276,561,2,3,2,6.329720905522696,668,0,7.113956109566034,0,0,1,1,2,1,3,5,1,1,29.0,2,462,1,150,0,0,0,0,0,0,5,2009,1,1,11.728036844587175,0,0,0
958,20,4.248495242049359,8.911934336161426,2,1,1,1,1,1,3,3,1,5,5,45,45,4,2,9,0.0,3,3,2,417,0,640,1057,2,3,2,6.963189985870238,0,0,6.963189985870238,0,0,1,0,3,1,3,6,1,0,30.0,2,576,1,0,0,0,0,0,0,0,4,2007,1,1,11.790557201568507,0,0,0
959,20,4.174387269895637,9.041921720351219,2,1,1,1,1,1,3,3,1,7,5,4,4,2,2,15,0.0,2,3,3,699,0,638,1337,2,1,2,7.198183577101943,0,0,7.198183577101943,1,0,2,0,3,1,2,6,1,0,4.0,2,531,1,0,39,0,0,0,0,0,10,2007,1,1,12.128111104060462,0,0,0
960,160,3.1780538303479458,7.85243908535751,2,1,1,1,4,1,3,3,4,7,5,11,11,4,2,9,0.0,2,3,3,604,0,92,696,2,1,2,6.54534966033442,720,0,7.255591274253665,1,0,2,1,3,1,2,6,1,0,11.0,2,484,1,0,44,0,0,0,0,0,5,2010,1,1,11.951180395901384,0,0,0
961,20,3.912023005428146,8.88280805492444,2,2,1,1,1,1,3,3,1,5,7,52,2,2,2,16,0.0,3,2,2,696,0,162,858,2,2,2,6.754604099487962,0,0,6.754604099487962,1,0,1,0,2,1,3,4,1,0,30.0,0,0,1,117,0,0,0,0,0,0,2,2010,1,1,11.665646551987892,0,0,1
962,60,4.23410650459726,9.41140190014419,2,2,1,1,2,1,6,3,4,6,7,31,13,2,2,7,424.0,3,2,2,896,0,434,1330,2,3,2,7.340835554123275,1330,0,7.962763930168115,1,0,2,1,4,1,3,11,1,1,31.0,2,619,1,550,282,0,0,0,0,0,7,2008,1,1,12.513557345278134,1,0,0
963,160,3.1780538303479458,7.744136627627991,2,1,1,1,2,1,3,3,4,6,6,31,31,2,2,11,0.0,3,3,2,556,0,248,804,2,3,2,6.6895992691789665,744,0,7.344719054149673,1,0,2,1,3,1,2,7,1,1,31.0,2,440,1,48,0,0,0,0,0,0,7,2007,1,1,11.951180395901384,0,0,0
964,20,4.804021044733257,9.386224586806131,2,2,1,1,2,1,3,3,1,9,5,2,2,2,2,15,0.0,2,3,3,0,0,1800,1800,2,1,2,7.495541943884256,0,0,7.495541943884256,0,0,2,0,2,1,1,7,1,0,2.0,2,702,1,288,136,0,0,0,0,0,5,2009,1,1,12.384218830913648,0,0,0
965,60,4.382026634673881,9.333972932421458,2,1,1,1,2,1,3,3,4,7,5,8,7,2,2,15,44.0,2,3,3,624,0,193,817,2,1,2,6.714170529909472,1070,0,7.546446273746024,1,0,2,1,4,1,2,8,1,1,8.0,2,510,1,0,40,0,0,0,0,0,2,2010,1,1,12.277928082630602,0,0,0
966,60,4.174387269895637,9.233763886919771,2,1,1,1,1,1,5,3,4,6,5,2,0,2,2,15,0.0,2,3,3,0,0,783,783,2,1,2,6.663132695990803,701,0,7.302496423727326,0,0,2,1,3,1,2,8,1,1,2.0,2,393,1,0,72,0,0,0,0,0,7,2007,4,6,12.09458226949681,0,0,0
967,50,4.867534450455582,9.169518377455928,2,2,3,1,1,1,3,3,2,5,7,69,59,2,2,9,0.0,2,2,1,428,0,300,728,2,1,2,6.883462586413092,332,0,7.176254532017144,1,0,1,1,2,1,3,7,3,2,69.0,1,256,1,0,70,0,0,0,0,0,6,2009,1,1,11.982929094215963,0,0,0
968,20,4.23410650459726,8.907883013942248,2,2,1,1,1,1,3,3,1,5,7,53,53,4,2,16,151.0,3,3,2,902,0,196,1098,2,3,2,7.001245622069476,0,0,7.001245622069476,1,0,1,0,3,1,3,6,1,0,53.0,1,260,1,0,0,0,0,0,0,0,7,2008,1,1,11.813030057420567,1,0,0
969,50,3.912023005428146,8.686935966003333,2,1,1,1,1,1,3,3,2,3,6,99,59,2,2,15,0.0,3,3,1,0,0,600,600,4,4,1,6.396929655216146,368,0,6.875232087276577,0,0,1,0,2,1,3,6,1,0,29.0,0,0,1,0,0,0,0,0,0,0,5,2009,1,2,10.542706391070517,0,0,1
970,190,4.31748811353631,9.247828816387175,2,1,1,1,1,1,3,3,8,6,5,48,48,4,2,7,105.0,3,4,2,513,0,75,588,2,3,2,6.9985096422506015,0,0,6.9985096422506015,1,0,1,0,2,1,3,6,1,0,48.0,1,264,1,0,0,0,0,0,0,0,3,2006,9,1,11.84939770159144,0,0,0
971,50,4.0943445622221,9.287301413112312,2,1,1,1,1,1,3,3,2,4,4,57,56,2,2,1,0.0,3,3,2,0,0,720,720,2,3,1,6.579251212010101,472,0,7.083387847625295,0,0,1,1,4,1,3,6,1,0,26.0,0,0,1,0,0,0,0,0,0,0,12,2006,1,2,11.813030057420567,0,0,1
972,160,3.58351893845611,7.7266536648476425,2,1,1,1,1,1,3,3,4,7,5,6,5,2,2,15,106.0,2,3,3,567,0,197,764,2,1,2,6.638567789166521,862,0,7.3938782901077555,0,0,2,0,2,1,2,6,1,0,6.0,2,474,1,0,27,0,0,0,0,0,7,2009,1,1,12.061046873479915,0,0,0
973,120,4.007333185232471,8.973604867142505,2,1,1,1,1,1,3,3,1,6,5,31,31,2,2,11,0.0,3,3,2,0,0,918,918,2,3,2,6.822197390620491,0,0,6.822197390620491,0,0,2,0,2,1,3,5,1,1,31.0,1,264,1,28,0,0,0,0,0,0,4,2010,1,1,11.507912923146684,0,0,0
974,20,4.553876891600541,9.362116806941977,2,1,1,1,2,1,3,3,1,7,5,1,0,2,2,6,0.0,2,3,3,0,0,1428,1428,2,1,2,7.2640301428995295,0,0,7.2640301428995295,0,0,2,0,3,1,2,6,1,0,1.0,2,480,1,0,120,0,0,0,0,0,12,2008,4,6,12.111761966058932,0,1,0
975,70,4.0943445622221,9.342595951096653,2,2,1,1,2,1,5,2,4,7,8,99,16,2,2,7,0.0,3,2,1,0,0,728,728,2,3,1,7.035268599281097,883,0,7.610357618312838,0,0,1,0,3,1,2,8,1,0,12.0,2,532,1,509,135,0,0,0,0,0,10,2009,1,1,12.028738630247258,0,0,0
976,160,4.23410650459726,7.8826922062890254,2,1,1,1,4,1,3,3,4,7,5,6,6,2,2,9,0.0,2,3,3,641,0,32,673,2,1,2,6.511745329644728,709,0,7.231287004327616,1,0,2,1,3,1,2,6,1,0,6.0,2,490,1,153,50,0,0,0,0,0,4,2006,1,1,12.013700752882718,1,0,0
977,30,3.9318256327243257,8.68270762989381,2,2,2,1,1,1,3,3,1,4,7,83,48,2,2,16,0.0,3,3,3,0,0,440,440,2,3,2,6.767343125265392,0,0,6.767343125265392,0,0,1,0,2,1,4,4,1,0,26.0,0,0,1,0,0,0,0,0,0,0,8,2006,1,1,11.356271654924852,0,0,1
978,120,3.5553480614894135,8.360305435879093,2,2,1,1,1,1,3,3,1,7,5,1,0,2,2,15,0.0,2,3,3,1106,0,135,1241,2,1,2,7.123672785204607,0,0,7.123672785204607,1,0,1,1,1,1,2,4,1,0,0.0,2,569,1,0,116,0,0,0,0,0,11,2007,4,6,12.205572520488492,0,1,0
979,20,4.219507705176107,9.153770020487789,2,1,2,1,1,2,3,3,1,4,5,53,53,2,2,9,0.0,3,3,2,552,0,342,894,2,1,2,6.795705775173514,0,0,6.795705775173514,0,0,1,0,3,1,3,5,1,0,8.0,2,400,1,0,0,0,0,0,0,0,5,2007,1,2,11.608235644774552,0,0,0
980,20,4.382026634673881,9.084323531392696,2,1,1,1,2,1,2,3,1,5,6,46,46,2,2,15,0.0,3,3,3,651,0,470,1121,2,3,2,7.02197642307216,0,0,7.02197642307216,1,0,1,0,3,1,3,5,1,0,46.0,2,480,1,0,80,0,0,0,0,0,6,2009,1,1,11.842229212112828,0,0,0
981,85,4.23410650459726,9.402777262511231,2,2,1,1,2,1,3,3,7,7,9,47,1,2,2,6,210.0,1,3,2,867,0,77,944,2,2,2,6.906754778648554,0,0,6.906754778648554,1,0,1,0,3,1,1,6,1,0,47.0,2,588,1,144,76,0,0,0,0,0,7,2008,1,1,12.091783499128047,1,0,0
982,60,4.584967478670572,9.40943710213184,2,2,1,1,2,1,3,3,4,8,5,11,10,4,2,15,975.0,2,3,3,854,0,371,1225,2,1,2,7.151485463904735,1336,0,7.867871490396322,1,0,2,1,4,1,2,8,1,1,11.0,3,676,1,250,0,0,0,0,0,0,7,2009,1,1,12.724866438945341,0,0,0
983,20,3.7612001156935624,8.065265208897733,2,1,1,1,1,1,3,3,1,7,5,1,1,2,2,15,16.0,2,3,3,0,0,1266,1266,2,1,2,7.143617602704121,0,0,7.143617602704121,0,0,2,0,2,1,2,6,1,1,1.0,2,388,1,100,16,0,0,0,0,0,3,2008,1,1,11.982272628789678,0,0,0
984,60,4.23410650459726,9.328123407632566,2,1,1,1,2,1,3,3,4,8,5,6,6,2,2,6,0.0,2,3,3,0,0,1128,1128,2,1,2,7.046647277848756,1141,0,7.736307096548285,0,0,2,1,4,1,2,9,1,1,6.0,2,779,1,0,0,0,0,0,0,0,5,2008,1,1,12.45254202214788,1,0,0
985,90,4.31748811353631,9.22276289197474,2,1,1,1,1,1,3,3,2,5,5,32,32,2,2,11,0.0,3,3,2,0,0,0,0,2,3,2,7.171656822768514,432,0,7.458186157340487,0,0,2,0,4,2,2,8,1,0,32.0,2,539,1,0,0,0,0,0,0,0,8,2009,5,1,11.744037185933616,0,0,0
986,190,4.219507705176107,9.294681520409934,2,1,1,1,1,1,3,3,1,5,5,58,58,2,2,9,0.0,3,3,2,1040,0,124,1164,3,3,1,7.059617628291383,0,0,7.059617628291383,1,0,1,0,3,1,3,5,1,0,58.0,1,240,1,0,48,0,0,0,0,0,8,2008,9,1,11.736069016284437,0,0,0
987,50,4.07753744390572,8.577347114235984,2,1,1,1,2,1,2,3,2,6,8,96,3,4,2,15,0.0,3,2,2,0,0,485,485,2,2,2,6.90875477931522,634,0,7.399398083331354,0,0,1,0,2,1,2,5,1,0,56.0,1,255,1,394,0,0,0,0,0,0,6,2006,1,1,11.669929213779893,0,0,0
988,20,4.418840607796598,9.226115291091546,2,2,1,1,1,1,3,3,1,9,5,1,0,4,2,15,450.0,1,3,3,1646,0,284,1930,2,1,2,7.570443252057374,0,0,7.570443252057374,1,0,2,1,3,1,1,8,1,1,0.0,3,606,1,168,95,0,0,0,0,0,4,2010,4,6,12.88712700173598,0,0,0
989,60,4.23410650459726,9.396487933603666,2,2,1,1,1,1,3,3,4,6,6,31,31,2,2,11,298.0,3,3,2,156,0,692,848,2,3,2,7.0192966537150445,912,0,7.615791072035833,0,0,2,1,4,1,2,8,1,1,31.0,2,551,1,0,224,0,0,0,0,0,6,2007,1,1,12.180754837545884,1,0,0
990,60,4.174387269895637,9.002701007197938,2,1,1,1,1,1,3,3,4,7,5,0,0,2,2,15,0.0,2,3,3,0,0,770,770,2,1,2,6.656726524178391,798,0,7.362645270417825,0,0,2,1,3,1,2,6,1,0,0.0,2,614,1,0,50,0,0,0,0,0,8,2006,4,6,12.190959007720126,0,0,0
991,60,4.406719247264253,9.1539816383068,2,1,1,1,1,1,3,3,4,8,5,9,8,2,2,15,423.0,2,3,3,1074,0,322,1396,2,1,2,7.249215057114389,985,0,7.779885115070522,1,0,2,1,3,1,2,7,1,1,9.0,3,870,1,0,70,0,0,0,0,0,6,2006,1,1,12.759957758756611,0,0,0
992,70,4.795790545596741,9.779680156808055,2,1,1,1,2,1,1,3,4,8,9,127,23,2,2,16,0.0,2,2,1,216,0,700,916,2,2,2,6.82001636467413,826,0,7.462789157412448,0,0,1,1,4,1,2,8,1,1,84.0,2,424,2,0,169,0,0,0,0,0,11,2009,1,1,12.031719258385396,0,0,0
993,60,4.382026634673881,9.186047679407139,2,1,1,1,1,2,3,3,4,6,8,43,14,4,2,16,340.0,3,3,2,536,117,169,822,2,2,2,6.927557906278317,831,0,7.523481312573497,0,0,2,1,3,1,2,7,1,1,43.0,2,440,1,239,42,0,0,0,0,0,7,2007,1,1,12.138863895836725,0,0,0
994,60,4.219507705176107,9.087720658428273,2,1,1,1,1,1,3,3,4,6,5,1,0,2,2,15,0.0,3,3,3,0,0,750,750,2,1,2,6.620073206530356,750,0,7.313220387090301,0,0,2,1,3,1,2,6,1,0,1.0,2,564,1,0,35,0,0,0,0,0,8,2006,4,6,12.066235700342375,0,0,0
995,20,4.564348191467836,9.429957713513835,2,1,1,1,4,1,3,3,1,10,5,3,2,4,2,6,230.0,1,3,3,1172,0,528,1700,2,1,2,7.4489161025442,0,0,7.4489161025442,1,0,2,0,3,1,1,7,1,1,1.0,3,786,1,216,48,0,0,0,0,0,7,2009,1,1,12.729320789294722,0,0,0
996,50,3.9318256327243257,8.457867725331422,2,2,1,1,1,2,2,3,2,4,7,60,56,2,2,9,0.0,3,3,2,384,0,363,747,2,3,2,6.651571873589727,456,0,7.114769448366463,1,0,1,1,3,1,3,5,1,0,60.0,1,305,1,0,57,0,0,63,0,0,8,2006,1,2,11.708492248514204,0,0,0
997,20,4.23410650459726,9.274159884689137,2,2,1,1,1,1,3,3,1,5,6,45,45,4,2,16,0.0,3,3,2,915,0,135,1050,2,3,2,6.956545443151569,0,0,6.956545443151569,1,0,1,0,3,1,3,6,1,0,45.0,1,368,1,0,319,0,0,0,0,0,1,2006,5,1,11.824079893607152,1,0,0
998,20,4.23410650459726,9.368796057668156,2,2,1,1,1,1,7,3,1,6,6,39,39,4,2,7,571.0,3,3,2,0,0,1442,1442,2,3,2,7.273786317844895,0,0,7.273786317844895,0,0,2,0,2,1,3,6,1,1,39.0,2,615,1,371,0,0,0,0,0,0,2,2009,1,1,12.128111104060462,1,0,0
999,30,4.0943445622221,9.188708071849069,2,1,1,1,1,1,3,3,1,3,4,84,56,4,2,16,0.0,3,3,1,0,0,1007,1007,2,4,1,6.981934677156389,0,0,6.981934677156389,0,0,1,0,3,1,3,6,1,1,84.0,1,210,2,0,100,48,0,0,0,0,5,2006,1,1,11.418614785498987,0,0,0
1000,20,4.1588830833596715,8.819073983267831,2,1,1,1,1,1,3,3,1,7,5,4,4,2,2,15,24.0,2,3,3,686,0,501,1187,2,1,2,7.0967213784947605,0,0,7.0967213784947605,1,0,2,0,2,1,2,6,1,0,4.0,2,632,1,105,61,0,0,0,0,0,2,2010,1,1,12.235631447771718,0,0,0
1001,20,4.30406509320417,9.230731061623917,2,1,1,1,2,1,3,3,1,3,3,57,57,1,6,3,0.0,3,3,4,0,0,0,0,3,4,1,6.8501261661455,0,0,6.8501261661455,0,0,1,0,2,1,4,4,2,0,53.0,2,528,1,0,0,0,0,0,0,0,7,2009,1,1,11.314474526246391,0,0,0
1002,30,4.0943445622221,8.594154232552366,2,1,1,1,2,1,3,3,1,5,6,87,57,2,2,16,0.0,3,3,1,0,0,691,691,2,1,2,6.53813982376767,0,0,6.53813982376767,0,0,1,0,2,1,1,4,1,0,87.0,1,216,3,0,20,94,0,0,0,0,1,2007,1,2,11.362102575235644,0,0,0
1003,20,4.31748811353631,9.38907215991958,2,2,1,1,1,1,5,3,1,8,5,2,2,2,2,15,53.0,2,3,3,24,0,1550,1574,2,1,2,7.3613754289773485,0,0,7.3613754289773485,0,0,2,0,3,1,2,7,1,1,2.0,3,824,1,144,104,0,0,0,0,0,7,2008,1,1,12.354492650648448,0,0,0
1004,90,4.23410650459726,9.350102314351341,2,2,1,1,2,1,2,5,1,5,6,31,31,2,2,15,164.0,3,3,2,0,0,1680,1680,2,4,2,7.426549072397305,0,0,7.426549072397305,0,0,2,0,4,2,3,8,1,0,31.0,2,528,1,0,0,0,0,0,0,0,6,2007,1,1,11.827042533619087,1,0,0
1005,120,3.7612001156935624,8.065265208897733,2,1,1,1,1,1,3,3,1,7,5,4,3,2,2,15,16.0,2,3,3,16,0,1330,1346,2,1,2,7.315883504509785,0,0,7.315883504509785,0,0,2,0,1,1,2,7,1,1,4.0,2,457,1,156,0,0,0,0,0,0,5,2009,1,1,12.106252310247962,0,0,0
1006,80,4.174387269895637,9.034199674257309,2,1,1,1,1,1,3,3,8,5,8,31,31,2,2,7,220.0,2,3,2,595,0,390,985,2,3,2,6.892641641172089,0,0,6.892641641172089,0,0,2,0,3,1,3,6,1,0,31.0,1,328,1,210,0,0,0,0,0,0,11,2008,1,1,11.917723684090689,0,0,0
1007,20,4.23410650459726,9.405495886750224,2,4,1,1,1,1,6,3,1,6,3,37,37,2,2,11,0.0,3,3,2,1237,0,420,1657,2,2,2,7.4127640174265625,0,0,7.4127640174265625,0,1,2,0,3,1,3,7,1,1,37.0,2,484,1,0,0,0,0,147,0,0,3,2007,1,1,12.004568269319446,1,0,0
1008,160,3.044522437723423,7.7039102096163115,2,1,1,1,1,1,3,3,4,4,4,39,39,2,2,6,0.0,3,3,2,273,273,0,546,2,3,2,6.302618975744905,546,0,6.9957661563048505,0,0,1,1,3,1,3,6,1,0,39.0,1,286,1,238,0,0,0,0,0,0,8,2009,1,1,11.385092093460344,0,0,0
1009,20,3.7612001156935624,9.402447229504935,2,2,1,1,3,1,3,3,1,7,5,5,4,4,2,15,108.0,2,3,3,0,0,1710,1710,2,1,2,7.444248649496705,0,0,7.444248649496705,0,0,2,0,3,1,2,7,1,1,5.0,2,550,1,100,48,0,0,180,0,0,4,2009,1,1,12.388394202324129,0,0,0
1010,50,4.0943445622221,8.699514748210191,2,1,1,1,1,1,3,3,2,5,5,80,56,2,2,16,0.0,3,4,1,0,0,1008,1008,2,1,2,6.915723448631314,0,514,7.3277805384216315,0,0,2,0,4,1,3,7,1,0,26.0,0,0,2,0,0,138,0,0,0,0,6,2006,1,1,11.532728092266408,0,0,1
1011,50,4.74493212836325,9.96580485860099,2,1,1,1,1,1,3,3,2,5,5,60,58,2,2,16,0.0,3,3,2,0,0,720,720,2,3,2,6.579251212010101,551,0,7.147559271189454,0,0,2,0,4,1,3,7,1,1,60.0,1,312,1,0,0,108,0,0,0,0,8,2008,1,1,11.813030057420567,0,0,0
1012,90,4.31748811353631,9.192685436737461,2,1,1,1,1,1,3,3,1,5,5,45,45,4,2,2,0.0,3,3,2,0,0,0,0,2,3,1,7.416979621381154,0,0,7.416979621381154,0,0,2,0,4,2,3,8,1,0,30.0,0,0,1,0,0,0,0,0,0,0,5,2010,1,1,11.512925464970229,0,0,1
1013,70,4.007333185232471,9.26785427817679,2,1,1,1,1,1,3,3,4,6,7,84,11,4,2,16,0.0,3,2,3,0,0,602,602,2,3,2,6.802394763324311,602,0,7.31455283232408,0,0,1,1,3,1,2,7,1,2,84.0,1,180,1,96,0,112,0,53,0,0,8,2007,1,1,12.013700752882718,0,0,0
1014,30,4.0943445622221,8.881836305004146,2,1,1,1,1,1,3,3,1,5,4,99,3,4,2,9,0.0,3,3,1,247,465,310,1022,3,3,1,6.92951677076365,0,0,6.92951677076365,1,0,1,0,2,1,3,4,6,0,53.0,1,280,1,0,30,226,0,0,0,0,6,2009,1,1,11.350406535472453,0,0,0
1015,20,4.0943445622221,9.36426245424844,2,1,1,1,1,1,1,3,1,6,5,59,57,2,2,9,206.0,3,3,2,336,0,746,1082,2,3,2,6.9865664594064265,0,0,6.9865664594064265,0,0,1,0,2,1,3,5,1,1,59.0,1,240,1,0,130,0,0,0,0,0,11,2007,1,1,11.688558033613386,0,0,0
1016,60,4.248495242049359,9.035986984831405,2,1,1,1,1,1,3,3,4,8,6,8,8,2,2,15,0.0,2,3,3,643,0,167,810,2,1,2,6.697034247666484,855,0,7.417580402414544,1,0,2,1,3,1,2,6,1,0,8.0,2,528,1,0,45,0,0,0,0,0,11,2009,1,1,12.332705296463539,0,0,0
1017,20,4.290459441148391,9.382864086290027,2,1,1,1,1,1,3,3,1,7,5,13,13,4,2,15,196.0,2,3,3,690,0,814,1504,2,1,2,7.315883504509785,0,0,7.315883504509785,1,0,2,0,3,1,2,6,1,1,13.0,2,478,1,115,66,0,0,0,0,0,6,2009,1,1,12.220961258023925,0,0,0
1018,120,4.23410650459726,8.668024081118821,2,2,1,1,3,1,3,3,1,8,5,25,25,2,2,7,0.0,2,3,2,1036,0,184,1220,2,2,2,7.215239978730097,0,0,7.215239978730097,1,0,1,0,1,1,2,4,1,1,25.0,2,565,1,63,0,0,0,0,0,0,8,2009,5,2,12.141534124392603,1,0,0
1019,80,4.23410650459726,9.285818833152089,2,2,1,1,4,1,3,3,8,7,5,16,15,2,2,7,76.0,2,3,3,0,0,384,384,2,2,2,6.687108607866515,670,0,7.294377299288821,0,0,2,1,3,1,2,7,1,1,16.0,2,402,1,164,0,0,0,0,0,0,5,2007,1,1,11.982929094215963,1,0,0
1020,120,3.7612001156935624,8.0106915391303,2,1,1,1,1,1,3,3,1,7,5,1,1,2,2,15,145.0,2,3,3,16,0,1346,1362,2,1,2,7.317212408359839,0,0,7.317212408359839,0,0,2,0,2,1,2,6,1,1,1.0,2,440,1,142,20,0,0,0,0,0,4,2006,1,1,12.27134527214637,0,0,0
1021,20,4.0943445622221,8.857088135314953,2,1,1,1,1,1,3,3,1,4,5,3,3,2,2,15,0.0,3,3,3,1024,0,108,1132,2,1,2,7.0317412587631285,0,0,7.0317412587631285,1,0,1,1,2,1,2,5,1,0,3.0,2,451,1,252,64,0,0,0,0,0,6,2008,1,1,12.078239274020289,0,0,0
1022,20,4.1588830833596715,8.910045761473558,2,1,1,1,1,1,3,3,1,7,5,0,0,2,2,15,84.0,2,3,3,684,0,515,1199,2,1,2,7.106606137727303,0,0,7.106606137727303,1,0,2,0,2,1,2,6,1,0,0.0,2,632,1,105,54,0,0,0,0,0,7,2006,4,6,12.175613438045465,0,0,0
1023,50,3.9512437185814275,9.152605321324945,2,1,1,1,1,1,3,3,2,5,5,77,57,2,2,16,0.0,3,3,2,324,0,588,912,2,2,2,6.815639990074331,336,0,7.129297548929373,0,0,1,0,2,1,3,6,1,0,50.0,1,160,1,0,0,192,0,0,0,0,3,2007,1,1,11.37366339763672,0,0,0
1024,120,3.7612001156935624,8.065265208897733,2,1,1,1,1,1,3,3,1,7,5,3,2,2,2,15,14.0,2,3,3,16,0,1330,1346,2,1,2,7.315883504509785,0,0,7.315883504509785,0,0,2,0,2,1,2,7,1,1,3.0,2,437,1,156,20,0,0,0,0,0,5,2008,1,1,12.160028707028767,0,0,0
1025,20,4.23410650459726,9.648466262323895,2,2,1,1,2,1,3,3,1,8,6,32,32,4,7,13,0.0,2,3,2,1165,400,0,1565,2,3,2,7.971776122880628,0,0,7.971776122880628,1,0,2,0,2,1,2,10,1,1,32.0,2,665,1,0,72,174,0,0,0,0,5,2008,5,2,12.567237494741757,1,0,0
1026,20,4.248495242049359,8.948975607841776,2,1,1,1,2,1,3,3,1,5,5,35,35,2,2,15,0.0,3,3,2,138,468,276,882,2,3,2,6.782192056006791,0,0,6.782192056006791,1,0,1,0,3,1,3,5,1,0,27.0,2,461,1,96,0,0,0,0,0,0,3,2007,1,1,11.630708500626612,0,0,0
1027,20,4.290459441148391,9.137769679141348,2,1,1,1,1,1,2,3,1,5,5,50,50,2,2,9,324.0,3,3,2,697,0,571,1268,2,3,2,7.142036574706803,0,0,7.142036574706803,1,0,1,0,3,1,3,6,1,2,50.0,2,461,1,0,0,0,0,143,0,0,4,2010,1,1,12.028738630247258,0,0,0
1028,20,4.2626798770413155,9.161150127785412,2,2,3,1,1,1,3,3,1,8,5,1,0,2,2,15,338.0,2,3,3,1513,0,125,1638,2,1,2,7.406103381237015,0,0,7.406103381237015,1,0,2,0,3,1,2,7,1,1,0.0,3,800,1,192,44,0,0,0,0,0,4,2008,4,6,12.588190652108505,0,0,0
1029,50,4.3694478524670215,9.158204617555654,2,1,1,1,1,1,1,3,2,5,5,66,57,2,2,17,0.0,3,3,2,368,41,359,768,2,3,2,6.875232087276577,408,0,7.226936018493289,1,0,1,0,3,1,3,6,1,1,66.0,1,240,1,0,0,0,0,0,0,0,4,2007,1,1,11.56171562913966,0,0,0
1030,160,3.044522437723423,7.426549072397305,2,1,1,1,1,1,3,3,4,6,7,34,34,2,2,7,281.0,3,3,2,317,0,355,672,2,2,2,6.51025834052315,546,0,7.1049654482698426,0,1,1,1,3,1,3,7,1,0,34.0,1,264,1,0,28,0,0,0,0,0,5,2006,1,1,11.678439903447801,0,0,0
1031,190,4.23410650459726,8.86531163267185,2,1,1,1,1,1,3,3,4,5,8,90,11,2,2,15,0.0,3,3,3,0,0,686,686,2,2,2,6.854354502255021,980,0,7.564238475170491,0,0,2,0,5,2,3,10,1,0,26.0,0,0,3,0,0,228,0,0,0,0,7,2006,1,1,11.982929094215963,1,0,1
1032,75,4.624972813284271,9.671744632408455,2,1,1,1,2,1,3,3,5,7,3,89,39,2,2,16,0.0,3,3,1,523,0,301,824,2,1,2,7.430707082545968,998,397,8.033334015880062,1,0,2,1,5,1,3,12,1,2,39.0,2,672,1,136,63,0,0,0,0,0,8,2009,1,1,12.190959007720126,0,0,0
1033,60,4.23410650459726,9.584727524513486,2,2,1,1,2,1,3,3,4,8,7,13,13,2,2,9,0.0,2,2,3,1012,0,326,1338,2,1,2,7.20934025660291,1168,0,7.832014180505469,1,0,2,1,5,1,2,10,1,1,13.0,3,796,1,209,55,0,0,0,0,0,11,2006,1,2,12.644327576461329,1,0,0
1034,20,4.23410650459726,9.002701007197938,2,1,1,1,1,1,3,3,1,7,5,4,4,2,2,15,295.0,2,3,3,986,0,668,1654,2,1,2,7.4109518755836366,0,0,7.4109518755836366,1,0,2,0,3,1,2,6,1,0,4.0,3,900,1,0,136,0,0,0,0,0,2,2006,1,1,12.345834587905333,1,0,0
1035,30,3.912023005428146,8.74909824839902,2,1,2,1,1,1,3,3,1,5,7,69,57,2,2,9,0.0,3,2,3,0,0,920,920,2,1,2,6.860663671448287,0,0,6.860663671448287,0,0,1,0,2,1,4,5,1,1,69.0,1,240,1,0,0,0,0,0,0,0,6,2007,1,1,11.693161515273161,0,0,0
1036,20,4.23410650459726,9.350102314351341,2,2,1,1,3,1,3,3,1,4,3,52,52,2,2,16,0.0,3,2,4,0,0,0,0,2,1,1,6.739336627357174,0,0,6.739336627357174,0,0,1,0,3,1,3,5,1,0,52.0,1,290,3,186,0,0,0,0,0,0,1,2009,1,1,11.33857207782545,1,0,0
1037,20,4.48863636973214,9.464827539570322,2,2,3,1,1,1,3,3,1,9,5,2,1,4,2,15,70.0,2,3,3,1022,0,598,1620,2,1,2,7.3901814282264295,0,0,7.3901814282264295,1,0,2,0,2,1,1,6,1,1,1.0,3,912,1,228,0,0,0,0,0,0,9,2009,1,1,12.661913960963405,0,0,0
1038,60,4.23410650459726,9.131297164635729,2,1,1,1,1,1,3,3,4,8,5,7,6,2,2,15,396.0,2,3,3,0,0,1055,1055,2,1,2,6.961296045910167,1208,0,7.724446645633537,0,0,2,1,3,1,2,7,1,1,7.0,2,905,1,0,45,0,0,189,0,0,9,2008,1,1,12.567237494741757,1,0,0
1039,160,3.044522437723423,7.334981878871814,2,1,1,1,1,1,3,3,4,4,6,39,1,2,2,6,0.0,3,3,2,0,0,546,546,2,3,2,6.682108597449809,546,0,7.203405521083095,0,0,1,1,3,1,3,6,1,1,29.0,0,0,1,0,0,0,0,0,0,0,5,2009,1,1,11.48246625748552,0,0,1
1040,180,3.044522437723423,7.29776828253138,2,1,1,1,1,1,3,3,7,4,4,39,39,2,2,6,0.0,3,3,2,509,0,121,630,2,3,2,6.4457198193855785,0,0,6.4457198193855785,1,0,1,0,1,1,3,3,1,0,39.0,1,286,1,0,0,0,0,0,0,0,4,2009,1,1,11.289781913656018,0,0,0
1041,20,4.477336814478207,9.482274087459825,2,1,1,1,2,1,3,3,1,5,4,49,6,2,2,16,67.0,3,3,2,168,682,284,1134,2,1,2,7.497207223203318,0,0,7.497207223203318,1,0,2,0,3,1,3,8,5,1,49.0,2,484,1,0,0,0,0,0,0,0,1,2006,1,1,11.951180395901384,0,0,0
1042,60,4.23410650459726,9.119320973589014,2,1,1,1,1,1,2,3,4,6,8,42,8,4,2,7,252.0,3,3,2,400,64,336,800,2,2,2,6.684611727667927,832,0,7.397561535524052,0,1,1,1,4,1,2,7,1,0,42.0,2,484,1,0,40,0,0,0,0,0,7,2008,1,1,12.061046873479915,1,0,0
1043,120,3.5263605246161616,8.59062950948942,2,2,1,1,1,1,3,3,1,6,5,4,4,2,2,15,135.0,2,3,3,900,0,406,1306,2,1,2,7.174724309836376,0,0,7.174724309836376,1,0,2,0,1,1,2,5,1,1,4.0,2,624,1,170,63,0,0,0,0,0,8,2009,1,1,12.185869938212655,0,0,0
1044,60,4.454347296253507,9.379154445411636,2,1,1,1,1,1,3,3,4,7,5,18,18,4,2,7,99.0,3,3,3,1085,0,390,1475,2,1,2,7.3343293503005365,797,0,7.753194269884341,1,0,2,1,4,1,2,10,1,1,18.0,2,514,1,192,121,0,0,0,0,0,5,2008,1,1,12.477167914377556,0,0,0
1045,20,4.382026634673881,9.169518377455928,2,1,1,1,1,1,6,3,1,8,5,28,28,4,8,4,0.0,2,3,3,1104,0,1420,2524,2,3,2,7.8336002236611035,0,0,7.8336002236611035,1,0,2,1,4,1,2,9,1,1,28.0,2,542,1,474,120,0,0,0,0,0,7,2009,1,1,12.535376392672774,0,0,0
1046,20,4.23410650459726,9.523690191176541,2,2,1,1,3,1,3,3,1,3,5,54,54,4,2,4,0.0,3,3,4,0,0,0,0,2,1,2,7.457609289715606,0,0,7.457609289715606,0,0,2,0,4,1,3,8,3,1,54.0,2,452,1,0,0,0,0,0,0,0,6,2009,1,1,11.84653646931041,1,0,0
1047,60,4.442651256490317,9.683837890476173,2,2,1,1,1,1,3,3,4,9,5,1,0,4,2,6,208.0,2,3,3,240,0,1752,1992,2,1,2,7.596894438144544,876,0,7.961370201719511,0,0,3,1,4,1,1,11,1,1,1.0,3,716,1,214,108,0,0,0,0,0,7,2006,4,6,13.229567991666638,0,0,0
1048,20,4.04305126783455,9.131838143821225,2,3,1,1,1,1,3,3,1,5,5,14,13,2,2,15,0.0,3,3,3,686,0,304,990,2,1,2,6.897704943128636,0,0,6.897704943128636,0,1,1,0,3,1,3,5,1,0,12.0,2,672,1,0,0,0,0,0,0,0,2,2008,1,1,11.884489021402711,0,0,0
1049,20,4.605170185988092,9.98736903651683,2,1,1,1,1,1,3,3,1,5,4,49,3,4,2,7,75.0,3,4,4,0,0,0,0,2,3,2,7.479299637782834,0,0,7.479299637782834,0,0,1,0,3,1,3,9,2,1,49.0,2,336,1,0,0,0,0,0,0,0,11,2009,1,1,11.652687407345388,0,0,0
1050,20,4.0943445622221,9.314700387300425,2,1,4,1,1,1,3,3,1,4,7,64,4,2,2,9,0.0,3,3,2,0,0,0,0,2,1,2,6.835184586147301,0,0,6.835184586147301,0,0,1,0,2,1,2,6,1,0,64.0,1,308,1,0,0,0,0,0,0,0,4,2010,1,2,11.349229372299439,0,0,0
1051,20,4.290459441148391,9.104201775914515,2,2,1,1,1,1,3,3,1,7,5,0,0,2,2,15,0.0,2,3,3,0,0,1302,1302,2,1,2,7.171656822768514,0,0,7.171656822768514,0,0,2,0,3,1,2,6,1,0,0.0,2,436,1,0,22,0,0,0,0,0,8,2007,4,6,12.080991165908294,0,0,0
1052,20,4.634728988229636,9.32143441948177,2,2,1,1,2,1,3,3,1,7,5,0,0,2,2,15,0.0,2,3,3,0,0,1316,1316,2,1,2,7.182352111885263,0,0,7.182352111885263,0,0,2,0,3,1,2,6,1,1,0.0,2,440,1,0,20,0,0,0,0,0,10,2007,4,6,12.206777397134413,0,0,0
1053,60,4.605170185988092,9.159047077588632,2,1,1,1,2,1,1,3,4,6,6,43,29,2,2,15,272.0,3,3,2,442,0,374,816,2,3,2,7.027314514039777,850,0,7.589335823170617,0,1,1,1,4,1,3,9,1,1,43.0,2,540,1,0,52,0,0,0,0,0,6,2007,1,1,12.013700752882718,0,0,0
1054,20,4.219507705176107,9.055089086704891,2,1,1,1,1,2,3,3,1,5,6,53,8,4,2,7,145.0,3,3,2,383,0,833,1216,2,1,2,7.330405211844402,0,0,7.330405211844402,0,0,1,0,4,1,3,7,3,1,53.0,1,364,1,116,78,0,0,0,0,0,5,2010,1,1,11.881034786534624,0,0,0
1055,60,4.499809670330265,9.33846969968671,2,1,1,1,2,1,3,3,4,8,5,4,4,2,2,15,210.0,2,3,3,932,0,133,1065,2,1,2,6.994849985833071,898,0,7.5953872788539725,1,0,2,1,3,1,2,7,1,1,4.0,2,586,1,199,60,0,0,0,0,0,11,2006,1,1,12.449018824140563,0,0,0
1056,20,4.6443908991413725,9.337941716569905,2,1,1,1,1,1,3,3,1,6,5,32,32,2,2,11,160.0,3,3,2,644,0,549,1193,2,3,2,7.328437352895162,0,0,7.328437352895162,0,1,2,0,3,1,3,7,1,1,32.0,2,478,1,0,0,0,0,189,0,0,5,2008,5,2,12.100712129872347,0,0,0
1057,120,3.7612001156935624,8.861066543517762,2,2,1,1,1,1,3,3,1,7,5,1,1,2,2,15,240.0,2,3,3,659,0,705,1364,2,1,2,7.218176838403408,0,0,7.218176838403408,1,0,2,0,2,1,2,6,1,1,1.0,2,484,1,192,36,0,0,0,0,0,6,2006,1,1,12.132695175725399,0,0,0
1058,60,4.23410650459726,10.307585059236986,2,3,1,1,4,1,3,3,4,7,6,15,15,2,2,7,0.0,2,3,3,595,0,378,973,2,1,2,6.88653164253051,871,0,7.52294091807237,0,0,2,1,3,1,2,7,1,1,15.0,2,467,1,168,98,0,0,0,0,0,1,2009,1,1,12.421184025147118,1,0,0
1059,60,4.564348191467836,9.33326571881348,2,2,1,1,1,1,3,3,4,9,5,1,1,2,2,15,154.0,1,3,3,936,0,168,1104,2,1,2,7.029972911706386,1054,0,7.688913336864796,1,0,2,1,3,1,1,10,1,1,1.0,3,836,1,0,102,0,0,0,0,0,7,2009,1,1,12.721885810807203,0,0,0
1060,50,4.23410650459726,9.330343164370879,2,2,3,1,2,2,3,3,2,6,7,75,57,2,2,9,480.0,3,3,2,297,557,0,854,2,3,2,6.999422467507961,895,0,7.596392304064196,0,0,1,1,3,1,3,7,1,1,30.0,2,432,1,0,0,19,0,0,0,0,3,2007,1,1,12.301382825334498,1,0,0
1061,120,3.713572066704308,8.501063809486354,2,1,1,1,1,1,3,3,1,8,5,9,9,2,2,6,0.0,2,3,3,616,0,722,1338,2,1,2,7.198931240688173,0,0,7.198931240688173,1,0,2,0,2,1,2,6,1,0,9.0,2,582,1,0,0,170,0,0,0,0,4,2010,1,1,12.271392111650817,0,0,0
1062,30,4.787491742782046,9.798127036878302,1,1,4,1,1,1,3,3,1,3,4,73,58,2,2,9,0.0,4,3,2,0,0,894,894,2,3,2,6.795705775173514,0,0,6.795705775173514,0,0,1,0,2,1,3,6,1,0,14.0,3,1248,1,0,20,0,0,0,0,560,8,2008,9,1,11.302204433654575,0,0,0
1063,190,4.442651256490317,9.517825071724143,2,1,1,1,1,1,3,3,4,5,5,107,57,2,2,16,0.0,3,3,1,0,0,662,662,2,3,1,7.259819610363186,915,0,7.756623334538858,0,0,2,0,5,2,3,10,3,0,62.0,2,560,1,0,57,0,0,0,0,0,9,2007,1,1,11.407564949312402,0,0,0
1064,30,3.912023005428146,8.699514748210191,2,1,1,1,1,1,1,3,1,6,6,81,26,2,2,9,0.0,3,2,1,397,0,706,1103,2,2,2,7.005789019253503,0,0,7.005789019253503,0,0,1,0,2,1,2,5,1,1,30.0,2,440,1,166,120,0,0,0,0,0,7,2006,1,1,11.612770799939945,0,0,0
1065,20,4.23410650459726,9.305650551780507,2,2,1,1,3,1,3,3,1,5,6,43,43,2,2,11,200.0,3,3,2,740,230,184,1154,2,1,2,7.050989447068045,0,0,7.050989447068045,0,0,1,1,3,1,3,6,1,1,43.0,2,480,1,0,58,0,0,0,0,0,11,2009,1,1,11.944707881395766,1,0,0
1066,60,4.382026634673881,9.546812608597396,2,1,1,1,1,2,3,3,4,7,5,14,13,2,2,16,0.0,2,3,3,1201,0,105,1306,2,1,2,7.174724309836376,954,0,7.723120092266331,1,0,2,1,3,1,2,7,1,0,14.0,2,533,1,296,44,0,0,0,0,0,4,2010,1,1,12.70076888736628,0,0,0
1067,60,4.07753744390572,8.966611387052865,2,2,1,1,1,1,3,3,4,6,7,16,15,2,2,15,0.0,2,3,3,0,0,799,799,2,2,2,6.683360945766275,772,0,7.359467638255621,0,0,2,1,3,1,3,7,1,1,16.0,2,380,1,0,40,0,0,0,0,0,5,2009,1,1,12.089538829274222,0,0,0
1068,60,4.382026634673881,9.186047679407139,2,1,1,1,1,2,3,3,4,6,6,44,44,2,2,7,360.0,3,3,2,674,106,0,780,2,3,2,6.682108597449809,813,0,7.384610383176974,1,0,1,1,4,1,3,7,1,0,44.0,2,442,1,328,128,0,0,189,0,0,6,2008,1,1,12.031123843065632,0,0,0
1069,160,3.7376696182833684,8.285008895449879,2,1,1,1,1,1,3,3,4,6,4,33,33,2,2,6,0.0,3,3,2,837,0,105,942,2,2,2,7.1631723908466425,1230,0,7.83241092718792,1,0,2,1,5,1,3,10,5,1,33.0,2,576,1,728,20,0,0,0,0,0,6,2006,1,1,11.927680619985486,0,0,0
1070,45,4.0943445622221,9.169518377455928,2,1,1,1,1,1,3,3,3,5,7,58,4,2,2,9,0.0,3,3,2,220,0,625,845,2,3,2,6.794586580876499,0,0,6.794586580876499,0,1,1,0,2,1,2,4,1,0,22.0,2,576,1,0,0,0,0,0,0,0,5,2007,1,1,11.813030057420567,0,0,0
1071,20,4.276666119016055,9.225426009394223,2,1,1,1,1,1,3,3,1,5,5,51,51,4,2,9,120.0,3,3,2,586,0,462,1048,2,3,2,6.954638864880987,0,0,6.954638864880987,1,0,1,0,3,1,3,6,1,0,51.0,1,286,1,0,20,0,0,192,0,0,6,2007,1,1,11.813030057420567,0,0,0
1072,60,4.356708826689592,9.367344120785848,2,1,1,1,1,1,5,3,4,6,6,41,41,2,2,9,0.0,3,3,2,298,0,429,727,2,1,2,6.720220155135295,727,0,7.349873704738337,0,0,1,1,4,1,3,8,1,0,41.0,2,441,1,0,0,0,0,0,0,0,5,2009,1,1,11.944707881395766,0,0,0
1073,50,3.912023005428146,8.933927891782632,2,1,1,1,1,1,1,3,2,5,3,58,56,2,2,9,0.0,3,3,2,0,0,810,810,2,4,2,6.90975328164481,454,0,7.283448228756631,1,1,1,0,4,1,3,7,1,1,52.0,1,280,2,0,0,0,0,0,0,0,8,2006,1,1,11.424094251263613,0,0,0
1074,60,4.31748811353631,8.980927207648378,2,2,2,1,2,1,3,3,4,6,6,32,32,4,2,7,140.0,3,3,2,535,0,155,690,2,3,2,6.548219102762372,728,0,7.262628600974241,0,0,1,1,3,1,3,6,1,0,32.0,2,440,1,252,0,0,0,0,0,0,7,2009,1,1,11.979799201207037,0,0,0
1075,20,4.30406509320417,9.054388070202297,2,1,1,1,1,1,3,3,1,7,5,1,1,2,2,15,0.0,2,3,3,0,0,1240,1240,2,1,2,7.122866658599083,0,0,7.122866658599083,0,0,2,0,2,1,2,5,1,0,1.0,3,826,1,140,93,0,0,0,0,0,5,2007,1,1,12.175613438045465,0,0,0
1076,70,4.31748811353631,9.482274087459825,2,1,1,1,1,1,3,3,4,7,6,67,23,2,2,16,0.0,3,3,2,410,0,390,800,2,3,2,6.866933284461882,780,0,7.461640392208575,0,0,1,1,3,1,3,6,1,2,67.0,1,240,1,0,0,0,0,0,0,0,7,2007,2,1,12.299107511497363,0,0,0
1077,50,4.0943445622221,9.287301413112312,2,1,1,1,1,1,3,3,2,5,8,70,17,2,2,16,0.0,3,3,2,626,0,170,796,2,2,2,6.999422467507961,370,0,7.290292882446597,0,1,2,0,3,1,2,7,2,1,56.0,2,566,1,436,21,0,0,0,0,500,4,2006,1,1,12.043553716032399,0,0,0
1078,20,4.23410650459726,9.672185813520455,2,2,1,1,2,1,3,3,1,5,5,37,37,2,2,15,0.0,3,3,2,75,791,230,1096,2,1,2,6.999422467507961,0,0,6.999422467507961,1,0,1,0,3,1,3,6,1,0,37.0,1,299,1,240,32,0,0,0,0,0,3,2006,1,2,11.840789327054841,1,0,0
1079,120,3.6109179126442243,8.39728289474368,2,1,1,1,1,1,3,3,1,6,5,2,2,2,2,15,169.0,2,3,3,662,0,186,848,2,1,2,6.742880635791903,0,0,6.742880635791903,1,0,1,0,1,1,2,3,1,1,2.0,2,420,1,140,0,0,0,0,0,0,5,2006,1,1,11.956970055045868,0,0,0
1080,20,4.174387269895637,9.079662048334066,2,1,1,1,1,1,3,3,1,5,5,13,13,2,2,15,0.0,3,3,3,495,0,495,990,2,2,2,6.897704943128636,0,0,6.897704943128636,0,0,1,0,3,1,3,5,1,0,11.0,1,299,1,0,64,0,0,0,0,0,4,2007,1,1,11.744037185933616,0,0,0
1081,20,4.382026634673881,9.309280319831087,2,1,1,1,1,1,3,3,1,6,7,37,4,2,2,15,144.0,2,2,2,656,0,602,1258,2,1,2,7.1372784372603855,0,0,7.1372784372603855,0,1,2,0,3,1,2,5,1,0,37.0,2,528,1,55,0,0,216,0,0,0,10,2008,5,2,11.884489021402711,0,0,0
1082,20,4.31748811353631,8.922658299524402,2,1,1,1,2,1,2,3,1,5,5,47,47,2,2,7,0.0,3,3,2,824,0,216,1040,2,4,2,6.946975992135418,0,0,6.946975992135418,1,0,1,1,3,1,3,5,1,0,47.0,1,308,1,0,0,220,0,0,0,0,6,2010,1,1,11.79810440720389,0,0,0
1083,20,4.248495242049359,9.076694687106265,2,1,1,1,1,1,3,3,1,7,5,5,5,2,2,15,100.0,2,3,3,0,0,1459,1459,2,1,2,7.285506548522785,0,0,7.285506548522785,0,0,2,0,3,1,2,6,1,1,5.0,2,527,1,192,39,0,0,0,0,0,9,2007,1,1,12.165250651009918,0,0,0
1084,20,4.382026634673881,9.082507000466299,2,1,1,1,1,1,3,3,1,6,6,42,42,4,2,7,425.0,3,3,2,553,0,698,1251,2,3,2,7.1316985104669115,0,0,7.1316985104669115,1,0,1,0,3,1,3,6,1,2,42.0,1,461,1,0,116,0,0,0,0,700,3,2006,1,1,11.982929094215963,0,0,0
1085,60,4.23410650459726,9.475086413144906,2,3,1,1,2,1,3,3,4,6,5,11,10,2,2,7,0.0,3,3,3,592,0,99,691,2,2,2,6.53813982376767,807,0,7.311886164077165,0,0,2,1,3,1,3,6,1,1,11.0,2,409,1,315,44,0,0,0,0,0,7,2006,1,1,12.141534124392603,1,0,0
1086,85,4.290459441148391,9.112617283447568,2,1,1,1,1,1,3,3,7,6,6,18,18,2,2,7,0.0,3,3,3,747,0,189,936,2,1,2,6.903747257584598,0,0,6.903747257584598,1,0,1,0,2,1,2,5,1,0,18.0,2,564,1,120,0,0,0,0,0,0,4,2010,1,1,11.898187865760873,0,0,0
1087,160,4.23410650459726,7.587817219993427,2,1,1,1,1,1,3,3,4,4,5,37,37,2,2,6,0.0,3,3,2,334,0,212,546,2,3,2,6.302618975744905,546,0,6.9957661563048505,0,0,1,1,3,1,3,6,1,0,37.0,1,286,1,120,96,0,0,0,0,0,5,2010,1,1,11.332601910838946,1,0,0
1088,60,4.442651256490317,9.266153436795395,2,1,1,1,1,1,3,3,4,8,5,4,3,2,2,15,0.0,2,3,3,0,0,1082,1082,2,1,2,6.9865664594064265,871,0,7.577121930876679,0,0,2,1,3,1,2,9,1,1,4.0,3,1043,1,160,50,0,0,0,0,0,5,2009,1,1,12.437184366493561,0,0,0
1089,160,3.1780538303479458,7.8328075165248645,2,1,1,1,1,1,3,3,4,7,5,2,2,2,2,15,50.0,2,3,3,0,0,970,970,2,1,2,6.877296071497429,739,0,7.443663683115591,0,0,2,0,3,1,2,7,5,0,2.0,2,380,1,0,40,0,0,0,0,0,4,2006,1,1,11.831379196088763,0,0,0
1090,120,3.6109179126442243,8.106514516255185,2,2,1,1,1,1,3,3,1,8,5,1,1,2,2,9,0.0,2,3,3,1039,0,208,1247,2,1,2,7.1284959456800365,0,0,7.1284959456800365,1,0,1,1,1,1,2,4,1,1,1.0,2,550,1,0,84,0,0,0,0,0,4,2006,1,1,12.190959007720126,0,0,0
1091,90,4.0943445622221,9.052984561199976,2,1,1,1,2,1,3,3,1,3,4,59,59,2,2,4,0.0,3,3,4,0,0,0,0,6,4,1,6.946975992135418,0,0,6.946975992135418,0,0,2,0,2,2,3,6,1,0,22.0,2,400,1,0,0,0,0,0,0,0,6,2009,1,1,11.439278924801929,0,0,0
1092,160,3.1780538303479458,7.67786350067821,2,1,1,1,1,1,3,3,4,7,5,9,8,2,2,9,212.0,2,3,3,510,0,90,600,2,1,2,6.436150368369428,628,0,7.132497551660044,1,0,2,1,2,1,2,4,1,0,9.0,2,462,1,0,48,0,0,0,0,0,3,2008,1,1,11.982929094215963,0,0,0
1093,50,4.0943445622221,9.035986984831405,2,1,2,1,1,1,3,3,2,6,5,83,58,2,2,9,0.0,3,3,3,423,0,758,1181,2,4,2,7.237059026124737,304,0,7.434847875211999,0,0,2,0,4,1,3,7,1,1,83.0,2,576,1,342,0,128,0,0,0,0,6,2008,1,1,11.824079893607152,0,0,0
1094,20,4.2626798770413155,9.130214327496898,2,1,1,1,2,1,2,3,1,5,8,41,8,4,2,9,166.0,3,3,2,661,0,203,864,2,2,2,7.090076835776092,0,0,7.090076835776092,1,0,1,1,1,1,2,6,1,0,29.0,2,884,1,0,64,0,0,0,0,0,10,2006,1,1,11.891361900690473,0,0,0
1095,20,4.30406509320417,8.677269139262872,2,1,1,1,1,1,3,3,1,5,7,54,10,2,2,9,0.0,3,3,2,248,240,448,936,2,1,2,6.841615476477592,0,0,6.841615476477592,1,0,1,0,2,1,3,4,1,0,54.0,1,308,1,0,0,80,0,160,0,0,5,2010,1,1,11.76756768334381,0,0,0
1096,20,4.356708826689592,9.139595967450425,2,2,1,1,1,1,3,3,1,6,5,1,1,2,2,15,0.0,2,3,3,24,0,1290,1314,2,2,2,7.1808311990445555,0,0,7.1808311990445555,0,0,2,0,3,1,2,6,1,1,1.0,2,440,1,0,22,0,0,0,0,0,3,2007,1,1,12.08069081199846,0,0,0
1097,70,4.0943445622221,8.836664586357426,2,1,1,1,1,1,3,3,4,6,7,93,1,2,2,16,0.0,3,3,3,0,0,684,684,2,3,2,6.650279048587422,582,0,7.2115567333138015,0,0,1,1,3,1,2,7,1,0,27.0,0,0,1,136,0,115,0,0,0,0,3,2007,1,1,11.751942365440728,0,0,1
1098,120,4.23410650459726,8.215006432761575,2,1,1,1,1,1,3,3,1,8,5,21,21,2,2,7,0.0,2,3,2,0,0,1074,1074,2,1,2,6.992096427415888,0,0,6.992096427415888,0,0,1,1,2,1,2,5,1,0,20.0,2,461,1,0,74,137,0,0,0,0,10,2007,1,1,12.043553716032399,1,0,0
1099,50,3.912023005428146,8.699514748210191,2,1,1,1,1,1,3,3,2,4,6,73,59,2,2,9,0.0,3,3,1,672,0,0,672,2,3,2,6.6293632534374485,567,0,7.188412736496954,0,0,1,0,3,1,3,6,1,0,73.0,1,240,1,0,0,0,0,0,0,0,7,2009,1,1,11.759785542901755,0,0,0
1100,20,4.406719247264253,9.382611592916636,2,2,1,1,1,1,5,3,1,7,5,31,31,2,2,11,206.0,3,3,2,704,0,567,1271,2,3,2,7.3783837129967145,0,0,7.3783837129967145,0,0,2,0,3,1,3,7,1,1,31.0,2,478,1,0,0,0,0,0,0,0,4,2009,5,2,11.964001084330445,0,0,0
1101,30,4.0943445622221,9.035986984831405,2,1,2,1,1,1,3,3,1,2,5,89,59,2,2,16,0.0,3,3,2,290,0,0,290,2,3,1,6.082218910376446,0,0,6.082218910376446,0,0,1,0,1,1,4,3,1,0,79.0,1,246,3,0,0,0,0,0,0,0,1,2009,1,1,11.002099841204238,0,0,0
1102,20,4.110873864173311,9.185842740375783,2,2,1,1,1,1,3,3,1,5,5,36,36,2,2,7,0.0,3,3,2,412,287,251,950,2,3,2,6.856461984594587,0,0,6.856461984594587,0,0,1,0,3,1,3,5,1,0,26.0,1,280,1,0,0,0,0,0,0,0,7,2007,1,1,11.691071650353702,0,0,0
1103,20,4.248495242049359,8.85366542803745,2,1,1,1,1,1,3,3,1,5,7,47,5,2,2,16,45.0,3,3,2,588,0,422,1010,2,1,2,7.033506484287697,0,0,7.033506484287697,0,0,1,0,2,1,3,6,1,0,47.0,1,254,1,0,16,0,0,0,0,0,4,2007,1,5,11.813030057420567,0,0,0
1104,20,4.3694478524670215,9.094929520464856,2,1,1,1,2,1,3,3,1,6,6,47,47,4,2,4,0.0,3,3,2,655,0,0,655,2,1,2,7.085064293952548,0,0,7.085064293952548,0,1,1,0,3,1,3,6,1,1,52.0,2,539,1,0,0,192,0,0,0,0,7,2006,1,1,11.979799201207037,0,0,0
1105,160,3.1780538303479458,7.60887062919126,2,1,1,1,1,1,3,3,4,5,5,37,37,2,2,7,304.0,3,3,2,0,0,630,630,2,3,2,6.4457198193855785,672,0,7.171656822768514,0,0,2,1,3,1,3,6,1,0,37.0,2,440,1,0,0,0,0,0,0,0,4,2007,1,1,11.571194373094205,0,0,0
1106,60,4.584967478670572,9.413770891980372,2,2,1,1,2,1,3,3,4,8,5,16,15,2,2,7,362.0,2,3,3,1032,0,431,1463,2,1,2,7.313220387090301,1122,0,7.871692664323645,1,0,2,1,3,1,2,9,1,2,16.0,2,712,1,186,32,0,0,0,0,0,4,2010,1,1,12.691580461311874,0,0,0
1107,20,4.736198448394496,9.24541789858888,2,2,1,1,2,1,2,3,1,7,5,17,16,4,2,7,0.0,2,3,3,738,0,172,910,2,2,2,7.273786317844895,0,0,7.273786317844895,1,0,2,0,3,1,2,6,1,1,17.0,2,719,1,0,244,0,0,0,0,0,5,2007,1,1,12.100156419938624,0,0,0
1108,60,5.123963979403259,10.054361440970256,2,4,3,1,3,1,3,3,4,7,5,0,0,2,2,15,0.0,2,3,3,0,0,868,868,2,1,2,6.787844982309579,1134,0,7.611347717403621,0,0,2,1,3,1,2,9,1,1,0.0,2,422,1,0,100,0,0,0,0,0,9,2006,4,6,12.523525876315125,0,0,0
1109,60,4.23410650459726,8.995040974685022,2,1,1,1,1,1,3,3,4,6,5,7,7,2,2,15,0.0,3,3,3,0,0,924,924,2,1,2,6.854354502255021,742,0,7.432483807917119,0,0,2,1,3,1,3,7,1,1,7.0,2,463,1,100,48,0,0,0,0,0,11,2007,1,2,12.106252310247962,1,0,0
1110,20,4.672828834461906,9.338029733117072,2,2,1,1,1,1,3,3,1,8,5,5,4,2,2,9,42.0,2,3,3,1039,0,797,1836,2,1,2,7.515344571180436,0,0,7.515344571180436,1,0,2,0,3,1,2,7,1,1,5.0,3,862,1,125,185,0,0,0,0,0,3,2009,1,1,12.542544882151386,0,0,0
1111,60,4.23410650459726,8.987196820661973,2,1,1,1,1,1,3,3,4,6,5,13,12,2,2,7,0.0,3,3,3,219,0,554,773,2,2,2,6.650279048587422,885,0,7.4133673356952405,1,0,2,1,3,1,3,8,1,1,13.0,2,431,1,224,84,0,0,0,0,0,6,2008,1,1,12.144197241812087,1,0,0
1112,60,4.382026634673881,9.257223957875032,2,1,1,1,1,1,3,3,4,7,6,32,32,4,2,11,660.0,3,3,2,403,0,400,803,2,3,2,7.001245622069476,866,0,7.582738488914411,0,0,2,1,4,1,3,8,1,1,32.0,2,483,1,0,69,0,0,0,0,0,9,2008,1,1,12.230765258120545,0,0,0
1113,20,4.290459441148391,8.867850063029406,2,2,1,1,2,1,3,3,1,5,7,49,49,2,2,17,0.0,3,3,2,708,0,108,816,2,3,2,6.704414354964107,0,0,6.704414354964107,1,0,1,0,2,1,3,5,1,0,49.0,1,308,1,0,0,0,0,0,0,0,7,2006,1,1,11.77452020265869,0,0,0
1114,20,4.189654742026425,9.09638749190015,2,1,1,1,1,1,3,3,1,5,7,54,1,2,2,16,0.0,3,3,2,643,0,365,1008,2,2,2,6.915723448631314,0,0,6.915723448631314,1,0,1,0,2,1,2,6,1,0,54.0,1,240,1,0,18,0,0,0,0,0,5,2007,1,1,11.809319478024031,0,0,0
1115,20,4.499809670330265,8.594154232552366,2,1,1,1,1,1,3,3,1,5,7,52,6,2,2,9,0.0,3,2,2,415,0,418,833,2,1,2,6.725033642166843,0,0,6.725033642166843,0,0,1,0,2,1,2,4,1,0,51.0,1,326,1,0,0,0,0,0,0,0,8,2006,1,1,11.669929213779893,0,0,0
1116,20,4.532599493153256,9.399720293137584,2,1,1,1,1,1,3,3,1,8,5,0,0,4,2,15,328.0,2,3,3,1004,0,730,1734,2,1,2,7.458186157340487,0,0,7.458186157340487,1,0,2,0,3,1,1,7,1,1,0.0,3,928,1,0,0,0,0,0,0,0,11,2007,4,6,12.669806661762314,0,0,0
1117,80,4.23410650459726,8.955448122347393,2,1,1,1,1,1,3,3,8,8,5,7,7,4,2,15,0.0,2,3,3,353,0,55,408,2,1,2,6.658011045870748,640,0,7.257707677160043,1,0,2,1,3,1,2,7,1,1,7.0,2,527,1,120,0,0,0,0,0,0,3,2009,1,1,12.123234367221169,1,0,0
1118,20,4.04305126783455,9.186457431512851,2,2,1,1,4,1,2,3,1,5,7,41,5,2,2,15,0.0,3,3,2,702,0,192,894,2,1,2,6.795705775173514,0,0,6.795705775173514,1,0,1,0,3,1,2,5,1,0,41.0,2,450,1,0,0,0,0,0,0,0,5,2008,1,1,11.77528972943772,0,0,0
1119,80,4.442651256490317,9.534233826390535,2,1,1,1,1,1,3,3,8,5,6,50,21,2,2,9,0.0,3,2,2,0,0,533,533,2,3,2,6.928537818164665,580,0,7.3783837129967145,0,1,1,0,3,1,3,6,3,0,50.0,1,300,1,280,34,0,0,0,0,0,12,2008,1,1,11.84939770159144,0,0,0
1120,20,4.248495242049359,8.930626469173578,2,1,1,1,1,1,3,3,1,5,5,47,47,2,2,4,0.0,3,3,2,369,0,671,1040,2,3,2,6.946975992135418,0,0,6.946975992135418,0,0,1,0,3,1,3,6,1,0,47.0,1,286,1,140,0,252,0,0,0,0,7,2006,1,1,11.803353763090035,0,0,0
1121,30,4.07753744390572,9.019542996701185,2,1,2,1,1,2,3,3,1,6,5,87,57,2,2,4,0.0,3,3,1,0,0,1012,1012,2,3,2,6.919683849847411,0,0,6.919683849847411,0,0,1,0,2,1,3,6,1,1,87.0,1,308,1,0,22,112,0,0,0,0,5,2007,1,1,11.681824001432043,0,0,0
1122,20,4.430816798843313,9.218705288307811,2,1,1,1,1,1,3,3,1,7,5,1,0,2,2,15,196.0,2,3,3,24,0,1528,1552,2,1,2,7.347299700743164,0,0,7.347299700743164,0,0,2,0,3,1,2,7,1,0,1.0,3,782,1,144,20,0,0,0,0,0,7,2006,4,6,12.26857785088157,0,0,0
1123,20,4.23410650459726,9.096723645189215,2,2,1,1,2,1,3,3,1,4,3,53,53,2,2,1,0.0,3,3,2,0,0,672,672,2,1,2,6.866933284461882,0,0,6.866933284461882,0,0,1,0,3,1,3,5,1,0,53.0,1,288,1,64,0,0,0,160,0,0,10,2009,5,2,11.626254150277232,1,0,0
1124,20,3.912023005428146,9.14899674173513,2,1,1,1,1,1,3,3,1,5,9,62,1,4,2,15,0.0,3,1,2,0,0,698,698,2,1,2,6.548219102762372,0,0,6.548219102762372,0,1,1,0,2,1,3,4,1,0,29.0,0,0,1,0,200,0,0,0,0,0,6,2009,1,1,11.678439903447801,0,0,1
1125,80,4.23410650459726,9.118773178450692,2,2,1,1,1,1,3,3,8,7,5,15,15,2,2,7,170.0,3,3,3,0,0,384,384,2,2,2,6.699500340161678,670,0,7.301147805856032,0,0,2,1,3,1,2,7,1,1,15.0,2,392,1,100,25,0,0,0,0,0,7,2007,1,1,12.00701176473192,1,0,0
1126,20,4.0943445622221,9.252824983582338,2,1,1,1,1,1,3,3,1,4,5,54,54,2,2,11,0.0,3,3,2,0,0,1005,1005,2,3,2,6.912742820493176,0,0,6.912742820493176,0,0,1,0,2,1,4,5,1,1,32.0,2,672,1,0,0,0,0,0,0,0,11,2009,1,1,11.652687407345388,0,0,0
1127,120,3.970291913552122,8.211754397375197,2,1,1,1,1,1,3,3,1,7,5,2,2,4,2,15,130.0,2,3,3,0,0,1373,1373,2,1,2,7.349230824613334,0,0,7.349230824613334,0,0,2,0,2,1,2,7,1,1,2.0,3,660,1,143,20,0,0,0,0,0,6,2009,1,1,12.066810578196666,0,0,0
1128,20,5.204006687076795,9.586857158128455,2,4,1,1,2,1,3,3,1,7,5,3,3,4,2,15,0.0,2,3,3,1300,0,230,1530,2,1,2,7.333023014386481,0,0,7.333023014386481,1,0,2,0,3,1,2,7,1,1,3.0,3,630,1,144,36,0,0,0,0,0,11,2007,1,5,12.464583340681674,0,0,0
1129,60,4.07753744390572,9.375515769935166,2,2,1,1,1,1,3,3,4,7,5,3,2,2,2,15,0.0,2,3,3,0,0,847,847,2,1,2,6.741700694652055,1112,0,7.580189417944541,0,0,2,1,4,1,2,8,1,1,3.0,2,434,1,100,48,0,0,0,0,0,7,2007,1,1,12.2783933071098,0,0,0
1130,90,4.0943445622221,8.881836305004146,2,1,1,1,1,1,3,3,7,5,5,27,27,2,2,9,180.0,3,3,2,936,0,0,936,2,3,2,6.841615476477592,0,0,6.841615476477592,1,0,1,0,2,1,3,4,1,0,27.0,2,672,1,49,0,0,0,0,0,0,8,2007,1,1,11.84939770159144,0,0,0
1131,50,4.174387269895637,8.962391701743002,2,1,1,1,1,1,3,3,2,4,3,81,59,2,2,17,0.0,3,3,1,622,0,500,1122,2,3,2,7.191429330036379,653,0,7.591357046698551,1,0,2,0,4,1,2,7,3,2,28.0,2,576,1,431,44,0,0,0,0,0,12,2009,1,1,11.813030057420567,0,0,0
1132,20,4.143134726391533,9.279119887371008,2,1,1,1,1,1,3,3,1,5,5,16,15,2,2,7,0.0,3,3,3,212,0,762,974,2,3,2,6.881411303642535,0,0,6.881411303642535,0,0,1,0,3,1,3,5,1,0,27.0,0,0,1,0,28,0,0,0,0,0,9,2007,10,2,11.44571671527678,0,0,1
1133,70,4.499809670330265,9.20029003612268,2,1,1,1,1,1,3,3,4,6,4,127,57,2,2,16,0.0,3,3,1,0,0,1008,1008,3,3,2,7.071573364211532,1032,0,7.700747794511798,0,0,2,0,5,1,4,8,1,0,77.0,1,205,3,0,48,0,0,0,0,0,5,2007,1,1,11.67419361256635,0,0,0
1134,60,4.382026634673881,9.19299073364107,2,2,1,1,1,1,3,3,4,8,5,14,14,2,2,15,0.0,2,3,3,584,0,544,1128,2,1,2,7.040536390215956,878,0,7.61085279039525,0,0,2,1,3,1,2,8,1,1,14.0,2,466,1,0,155,0,0,0,0,0,6,2009,1,1,12.386308695833106,0,0,0
1135,60,4.04305126783455,9.079434102128383,2,2,3,1,1,1,3,3,4,6,5,10,10,2,2,15,0.0,3,3,3,0,0,916,916,2,2,2,6.82001636467413,684,0,7.3777589082278725,0,0,2,1,3,1,3,7,1,1,10.0,2,460,1,100,38,0,0,0,0,0,8,2007,1,1,12.037653993905211,0,0,0
1136,30,4.0943445622221,8.729073550451737,2,1,1,1,2,1,3,3,1,6,5,81,57,2,2,16,0.0,3,3,1,0,0,960,960,2,3,1,6.893656354602635,0,0,6.893656354602635,0,0,1,0,2,1,3,5,1,1,81.0,1,180,1,0,128,0,0,0,0,0,5,2007,1,1,11.532728092266408,0,0,0
1137,50,4.382026634673881,9.169518377455928,2,1,1,1,1,1,3,3,2,6,5,58,58,2,2,15,0.0,3,3,2,280,0,752,1032,2,3,2,6.939253946041508,220,0,7.132497551660044,0,0,1,0,3,1,3,6,1,0,58.0,1,288,1,0,0,96,0,0,0,0,4,2008,1,2,11.686878772093667,0,0,0
1138,50,3.9889840465642745,8.754949455098293,2,1,1,1,1,1,2,3,2,5,8,135,14,2,2,15,0.0,3,2,2,0,0,780,780,2,2,1,6.659293919683638,240,0,6.927557906278317,0,0,1,0,2,1,3,6,1,0,30.0,0,0,3,0,0,176,0,0,0,0,5,2010,1,1,11.451050061252142,0,0,1
1139,20,4.23410650459726,9.19207456316929,2,2,1,1,1,2,3,3,1,6,5,32,32,2,2,11,0.0,3,3,3,1567,0,0,1567,2,3,2,7.356918242356021,0,0,7.356918242356021,1,0,2,0,2,1,2,5,1,2,32.0,2,714,1,264,32,0,0,0,0,0,5,2009,1,1,12.185869938212655,1,0,0
1140,30,4.584967478670572,9.074635189810808,2,2,1,1,1,1,3,3,1,5,5,87,57,2,2,14,0.0,3,4,1,645,0,270,915,2,3,2,7.062191632286556,0,0,7.062191632286556,0,0,1,0,3,1,3,6,5,1,35.0,2,495,1,0,0,216,0,126,0,0,5,2007,1,1,11.877568578558138,0,0,0
1141,20,4.0943445622221,8.902455592206882,2,1,1,1,2,1,3,3,1,5,7,57,57,2,2,7,0.0,3,3,2,852,0,100,952,2,3,2,6.858565034791365,0,0,6.858565034791365,1,0,1,0,2,1,3,4,1,0,20.0,2,840,1,0,0,0,0,0,0,0,6,2008,5,2,11.842229212112828,0,0,0
1142,60,4.23410650459726,9.240287448344136,2,2,1,1,3,1,6,3,4,5,7,33,33,2,2,11,44.0,3,2,2,381,0,399,780,2,1,2,6.992096427415888,780,0,7.532623618788788,1,0,2,1,4,1,2,9,1,1,33.0,2,484,1,448,96,0,0,0,0,0,10,2009,1,1,12.193493863323313,1,0,0
1143,60,4.343805421853684,9.206834232646894,2,1,1,1,1,1,3,3,4,8,5,1,0,4,2,15,340.0,2,3,3,1150,0,316,1466,2,1,2,7.290292882446597,1362,0,7.947325027016463,1,0,3,0,4,1,2,11,1,1,1.0,3,1052,1,125,144,0,0,0,0,0,4,2007,4,6,12.959538518762063,0,0,0
1144,20,4.23410650459726,9.104979856318357,2,1,1,1,1,1,3,3,1,5,3,49,49,2,2,16,0.0,3,3,2,288,0,718,1006,2,3,2,6.913737350659685,0,0,6.913737350659685,0,0,1,0,3,1,3,5,1,0,28.0,0,0,1,0,24,0,0,0,0,0,7,2008,1,1,11.289781913656018,1,0,1
1145,190,4.0943445622221,9.407550541263888,2,1,1,1,1,1,3,3,2,4,4,69,60,2,2,9,0.0,3,4,1,348,0,324,672,4,4,1,6.51025834052315,252,0,6.828712071641684,1,0,1,0,2,1,4,5,1,0,69.0,1,280,1,0,0,0,0,0,0,0,7,2010,1,1,11.289781913656018,0,0,0
1146,50,3.9512437185814275,8.738735461363474,2,1,1,1,1,1,3,3,2,5,6,78,56,2,2,9,0.0,3,3,1,0,0,1042,1042,2,1,2,6.948897222313312,534,0,7.362645270417825,0,0,1,0,3,1,3,8,1,1,78.0,1,225,1,0,0,0,0,0,0,0,8,2006,1,5,11.911701584927597,0,0,0
1147,20,4.23410650459726,9.323669057283185,2,1,1,1,1,1,3,3,1,6,5,21,21,2,2,16,85.0,2,3,2,1258,0,40,1298,2,3,2,7.168579897264035,0,0,7.168579897264035,1,0,2,0,3,1,2,5,1,1,21.0,2,403,1,165,26,0,0,0,0,0,5,2006,1,1,12.100712129872347,1,0,0
1148,70,4.31748811353631,9.392661928770137,2,1,2,1,1,1,3,3,4,7,7,68,59,2,2,9,0.0,3,3,2,275,0,429,704,2,1,2,6.756932389247553,704,0,7.355001921105257,0,0,1,1,3,1,4,7,1,1,68.0,1,234,1,0,0,0,0,0,0,0,7,2009,1,1,12.069680020624618,0,0,0
1149,50,4.23410650459726,8.648221453822641,2,1,1,1,1,1,3,3,2,7,7,82,58,2,2,16,0.0,3,3,3,0,0,572,572,2,3,2,6.349138991379798,539,0,7.01301578963963,0,0,1,0,2,1,3,5,1,1,26.0,1,288,1,0,0,176,0,0,0,0,8,2008,1,1,11.66907414746016,1,0,0
1150,70,3.912023005428146,9.104979856318357,2,1,1,1,1,1,1,3,4,7,9,89,21,4,2,15,0.0,3,2,3,624,0,26,650,2,1,2,6.723832440821209,650,0,7.301147805856032,0,1,1,0,3,1,3,7,1,0,79.0,2,324,1,0,0,0,0,0,0,0,7,2009,1,1,11.870599909242044,0,0,0
1151,20,4.04305126783455,9.021598247379305,2,2,1,1,1,1,3,3,1,6,5,57,57,2,2,4,0.0,3,3,2,0,0,932,932,2,1,2,6.837332814685591,0,0,6.837332814685591,0,0,1,0,2,1,2,4,1,1,57.0,1,306,1,0,0,214,0,0,0,0,11,2007,1,1,11.728036844587175,0,0,0
1152,20,4.897839799950911,9.784422445377189,2,1,1,1,1,1,3,3,1,5,4,47,47,2,2,7,132.0,3,3,2,176,0,1290,1466,2,3,2,7.290292882446597,0,0,7.290292882446597,0,0,1,1,3,1,4,6,1,2,47.0,2,528,1,0,140,0,0,100,0,0,11,2006,1,1,11.917723684090689,0,0,0
1153,20,4.499809670330265,9.55499334068759,2,2,1,1,1,1,3,3,1,6,7,50,2,2,2,13,0.0,3,3,3,296,547,230,1073,2,1,2,7.501634457883413,0,0,7.501634457883413,0,0,1,0,2,1,1,6,1,1,50.0,2,470,1,0,0,280,0,0,0,0,7,2006,1,2,12.345834587905333,0,0,0
1154,30,4.23410650459726,8.681011276645632,2,1,1,1,2,1,3,3,1,6,8,78,1,2,2,16,0.0,2,2,1,538,0,278,816,2,1,2,6.704414354964107,0,0,6.704414354964107,0,0,1,0,2,1,3,5,1,0,6.0,1,432,1,0,0,96,0,0,0,0,6,2008,1,1,11.699405031912846,1,0,0
1155,60,4.23410650459726,9.525151111816216,2,2,1,1,1,1,3,3,4,7,6,43,20,2,2,15,288.0,3,3,2,454,0,410,864,2,3,2,6.804614520062624,918,0,7.506591780070841,0,0,1,2,4,1,2,8,1,2,43.0,2,492,1,60,84,0,0,273,0,0,5,2008,1,1,12.215032386901646,1,0,0
1156,20,4.499809670330265,9.284334051884509,2,2,1,1,2,1,3,3,1,5,8,31,3,2,2,11,0.0,2,2,2,1157,0,280,1437,2,3,2,7.270312886079025,0,0,7.270312886079025,1,0,2,0,3,1,2,6,1,1,31.0,2,528,1,0,21,0,0,180,0,0,7,2007,1,1,12.292250341771226,0,0,0
1157,80,4.442651256490317,9.143131622282732,2,1,1,1,1,1,3,3,8,5,8,43,9,2,2,4,0.0,3,2,3,633,0,586,1219,2,2,2,7.142827401161621,0,0,7.142827401161621,0,1,2,0,3,1,2,6,1,1,43.0,2,502,1,0,92,0,96,0,0,0,10,2008,1,1,12.100156419938624,0,0,0
1158,120,3.5263605246161616,8.517393171418904,2,2,1,1,1,1,3,3,1,7,5,2,1,2,2,15,166.0,2,3,3,904,0,410,1314,2,1,2,7.1808311990445555,0,0,7.1808311990445555,1,0,2,0,2,1,2,6,1,1,1.0,2,626,1,172,62,0,0,0,0,0,7,2009,1,1,12.345834587905333,0,0,0
1159,20,4.5217885770490405,9.386979145634639,2,1,1,1,4,1,2,3,1,8,5,1,0,2,2,15,186.0,2,3,3,0,0,1580,1580,2,1,2,7.365180126021013,0,0,7.365180126021013,0,0,2,0,3,1,2,7,1,0,0.0,3,830,1,0,24,0,0,0,0,0,6,2008,9,6,12.367885325692589,0,0,0
1160,60,4.330733340286331,9.118225083068378,2,1,1,1,1,1,3,3,4,6,6,34,34,4,2,7,270.0,2,3,2,442,0,459,901,2,3,2,6.849066282633458,933,0,7.53689712956617,0,0,2,1,4,1,2,8,1,1,34.0,2,540,1,0,69,0,0,0,0,0,7,2008,1,1,12.128111104060462,0,0,0
1161,160,3.1780538303479458,7.731930721948486,2,1,1,1,1,1,3,3,4,6,5,32,32,2,2,11,0.0,3,3,2,311,0,544,855,2,4,2,6.75110146893676,601,0,7.283448228756631,0,0,2,1,3,1,3,7,1,1,32.0,2,440,1,26,0,0,0,0,0,0,7,2010,1,1,11.891361900690473,0,0,0
1162,20,4.23410650459726,9.600894867348593,2,2,4,1,3,1,6,3,1,6,7,54,2,4,2,7,72.0,2,3,2,728,0,568,1296,2,1,2,7.402451520818244,0,0,7.402451520818244,1,0,1,0,3,1,2,7,1,1,15.0,2,924,1,108,0,0,216,0,0,0,11,2008,1,1,12.319401330837177,1,0,0
1163,20,4.6913478822291435,9.07383312732152,2,1,1,1,1,1,3,3,1,5,5,39,39,2,2,15,0.0,3,3,2,492,0,402,894,2,2,2,6.795705775173514,0,0,6.795705775173514,0,0,1,0,3,1,3,5,1,1,39.0,2,450,1,0,0,0,0,0,0,0,5,2007,1,1,11.76756768334381,0,0,0
1164,90,4.0943445622221,9.464982590349763,2,1,1,1,1,1,2,3,7,4,4,39,39,2,2,11,0.0,3,3,2,1198,0,0,1198,2,3,2,7.1372784372603855,0,0,7.1372784372603855,2,0,0,2,0,2,3,6,1,0,39.0,2,400,1,120,0,0,0,0,0,0,1,2008,1,4,11.598726943661342,0,0,0
1165,80,4.23410650459726,9.69010867127683,2,2,1,1,4,1,2,3,8,5,7,29,29,2,2,11,0.0,3,3,3,680,391,289,1360,2,1,2,7.266827347520591,0,0,7.266827347520591,1,0,1,1,2,1,2,5,1,1,29.0,2,588,1,168,180,0,0,0,0,0,6,2007,1,1,12.175613438045465,1,0,0
1166,20,4.3694478524670215,9.163353580751846,2,2,1,1,1,1,3,3,1,7,5,0,0,2,2,15,268.0,2,3,3,0,0,1502,1502,2,1,2,7.31455283232408,0,0,7.31455283232408,0,0,2,0,3,1,2,7,1,0,0.0,2,644,1,0,114,0,0,0,0,0,9,2009,4,6,12.359523080243038,0,0,0
1167,20,4.1588830833596715,9.25674674479034,2,2,1,1,2,1,3,3,1,8,5,2,2,2,2,15,72.0,2,3,3,0,0,1694,1694,2,1,2,7.434847875211999,0,0,7.434847875211999,0,0,2,0,3,1,2,7,1,0,2.0,3,776,1,160,33,0,0,0,0,0,2,2010,1,1,12.41044104151805,0,0,0
1168,60,4.060443010546419,9.292104673778823,2,2,1,1,1,1,5,3,4,6,5,6,6,2,2,15,0.0,3,3,3,786,0,173,959,2,1,2,6.8658910748834385,712,0,7.421177528595393,1,0,2,1,3,1,3,7,1,1,6.0,2,472,1,0,38,0,0,0,0,0,2,2006,1,1,12.061046873479915,0,0,0
1169,70,4.787491742782046,9.527192821727743,2,1,1,1,2,1,3,3,4,6,7,73,22,4,2,14,0.0,3,3,2,626,0,501,1127,2,1,2,7.119635638017636,872,0,7.653494909661253,0,0,2,0,4,1,2,7,1,2,73.0,2,540,1,0,0,0,0,90,0,0,7,2008,1,1,12.367340793126296,0,0,0
1170,60,4.770684624465665,10.48458522928745,2,2,1,1,3,1,3,3,4,10,5,11,10,4,2,7,1378.0,2,2,3,1387,0,543,1930,2,1,2,7.5126175446745105,1796,0,8.196161139282902,1,0,3,1,4,1,2,10,1,1,11.0,3,807,1,361,76,0,0,0,0,0,7,2006,1,1,13.345506928718539,0,0,0
1171,80,4.330733340286331,9.198267790741914,2,1,1,1,1,1,3,3,8,6,6,31,31,2,2,11,0.0,3,3,2,522,0,574,1096,2,3,2,7.0192966537150445,0,0,7.0192966537150445,1,0,1,0,3,1,3,6,1,1,31.0,1,358,1,203,0,0,0,0,576,0,7,2008,1,1,12.049418835484797,0,0,0
1172,20,4.330733340286331,9.118225083068378,2,1,1,1,1,1,3,3,1,6,6,50,50,4,2,9,0.0,3,3,2,662,0,599,1261,2,1,2,7.13966033596492,0,0,7.13966033596492,1,0,1,0,3,1,3,6,1,1,50.0,2,433,1,0,0,0,0,288,0,1400,11,2008,1,1,12.0015054797889,0,0,0
1173,160,3.5553480614894135,8.298290634359283,2,2,1,1,1,1,3,3,4,7,5,2,1,2,2,9,0.0,2,3,3,0,0,625,625,2,1,2,6.437751649736401,625,0,7.1308988302963465,0,0,2,1,2,1,2,5,1,0,2.0,2,625,1,0,54,0,0,0,0,0,3,2008,1,1,12.05466819137094,0,0,0
1174,50,4.927253685157205,9.799792316197363,2,2,2,1,1,1,3,3,2,5,6,61,13,2,2,9,0.0,3,3,2,152,469,977,1598,2,3,2,7.400009517162692,971,479,8.034631032923107,0,0,3,0,3,1,1,12,5,1,27.0,0,0,1,122,0,0,0,0,0,0,3,2007,1,1,12.20856952572876,0,0,1
1175,70,4.382026634673881,9.71474542793925,2,2,1,1,1,1,3,3,4,6,8,74,56,2,2,16,0.0,3,3,1,503,0,449,952,2,3,2,7.064759027791802,1175,0,7.76004068088038,0,0,2,1,4,1,3,9,1,1,74.0,2,360,1,0,0,0,0,0,0,0,7,2006,1,1,12.384218830913648,0,0,0
1176,50,4.442651256490317,9.275940829060131,2,1,1,1,1,1,3,3,2,8,5,15,7,4,2,7,337.0,2,3,3,700,0,983,1683,2,1,2,7.663407664893479,743,0,7.962763930168115,0,0,2,1,4,1,2,9,1,1,15.0,2,541,1,0,33,0,0,0,0,0,4,2007,1,1,12.560244459250788,0,0,0
1177,20,3.6109179126442243,8.846640813100485,2,2,1,1,3,1,3,3,1,5,5,24,23,2,2,7,0.0,3,3,2,658,0,218,876,2,3,2,6.827629234502852,0,0,6.827629234502852,1,0,1,0,3,1,3,5,1,0,24.0,1,264,1,362,0,0,0,0,0,0,10,2008,1,1,11.691071650353702,0,0,0
1178,50,4.23410650459726,8.281470857895167,2,1,2,1,1,1,1,3,2,6,8,83,5,2,2,9,0.0,3,3,2,468,0,350,818,2,3,2,6.706862336602747,406,0,7.1098794630722715,0,0,1,0,3,1,3,5,1,0,83.0,1,210,3,0,0,116,0,0,0,0,12,2009,1,1,11.652687407345388,1,0,0
1179,50,3.9889840465642745,8.946505025998682,2,2,1,1,4,1,3,3,2,5,6,88,59,2,2,16,0.0,3,3,1,0,0,731,731,2,1,2,6.709304340258298,523,0,7.202661196523238,0,0,1,1,3,1,3,7,1,1,88.0,1,186,1,192,0,102,0,0,0,0,7,2009,1,1,11.95053502640496,0,0,0
1180,20,4.343805421853684,9.028218795184895,2,1,1,1,2,1,3,3,1,5,5,52,52,2,2,16,0.0,3,3,4,0,0,0,0,2,2,2,7.024649030453636,0,0,7.024649030453636,0,0,1,0,3,1,3,5,3,1,26.0,0,0,3,0,36,190,0,0,0,0,4,2006,1,1,11.440354772135393,0,0,1
1181,60,4.23410650459726,9.320986892063246,2,3,1,1,2,1,3,3,4,7,5,16,15,2,2,9,0.0,3,3,6,1216,0,0,1216,2,1,2,7.168579897264035,1216,0,7.829630389150193,0,0,2,1,4,1,3,8,1,0,16.0,2,693,1,0,0,0,0,0,0,0,4,2006,1,1,12.429216196844383,1,0,0
1182,120,4.1588830833596715,8.628197749459149,2,2,3,1,1,2,3,3,1,8,5,0,0,4,2,6,186.0,1,3,3,1480,0,120,1600,2,1,2,7.409741954080923,0,0,7.409741954080923,1,1,2,0,2,1,2,5,1,1,0.0,2,482,1,162,53,0,153,0,0,0,11,2008,4,6,12.8802918162046,0,0,0
1183,60,5.075173815233827,9.656499466411903,2,2,1,1,2,1,3,3,4,10,5,11,11,4,2,16,0.0,2,3,3,2096,0,300,2396,2,1,2,7.787796878181171,2065,0,8.406485069431817,1,0,3,1,4,1,1,10,1,2,11.0,3,813,1,171,78,0,0,0,555,0,7,2007,1,2,13.521139497361697,0,0,0
1184,30,4.0943445622221,9.287301413112312,2,1,1,1,1,1,3,3,1,5,6,86,56,4,2,14,0.0,3,3,1,821,0,299,1120,2,1,2,7.029972911706386,0,0,7.029972911706386,1,0,1,0,2,1,3,5,1,1,36.0,2,720,1,229,0,0,0,0,0,0,6,2006,1,1,11.695247021764184,0,0,0
1185,20,3.912023005428146,10.466896138710247,1,1,1,1,1,2,3,3,1,5,4,44,44,4,2,9,226.0,3,3,2,1159,0,413,1572,2,2,2,7.360103972989152,0,0,7.360103972989152,1,0,1,1,3,1,3,5,1,2,44.0,3,995,1,0,263,0,0,263,0,0,5,2007,1,1,12.137258329529814,0,0,0
1186,50,4.0943445622221,9.183791036742646,2,1,1,1,1,1,3,3,2,5,7,82,56,2,2,1,0.0,3,2,1,392,0,392,784,2,2,2,6.855408798609928,272,0,7.107425474110705,1,0,1,0,4,1,3,7,1,0,41.0,1,392,1,0,0,236,0,0,0,0,3,2006,1,1,11.560762794384388,0,0,0
1187,190,4.672828834461906,9.270023374137356,2,2,2,1,2,2,1,1,4,3,5,109,39,2,2,7,0.0,3,3,2,440,0,538,978,2,3,2,6.921658184151129,685,0,7.4377951216719325,1,0,2,0,3,2,3,7,1,0,89.0,2,420,1,0,74,0,0,0,0,0,8,2009,1,2,11.461632170582678,0,0,0
1188,20,4.48863636973214,9.430359045942868,2,1,1,1,2,1,3,3,1,8,5,12,11,2,2,8,0.0,2,3,3,1456,0,168,1624,2,1,2,7.392647520721623,0,0,7.392647520721623,1,0,2,0,2,1,2,5,1,1,12.0,3,757,1,0,114,192,0,0,0,0,7,2006,1,1,12.476099782743233,0,0,0
1189,60,4.219507705176107,9.097731427593528,2,2,1,1,1,1,3,3,4,7,5,7,7,2,2,15,95.0,2,3,3,0,0,831,831,2,1,2,6.7226297948554485,829,0,7.414572881350589,0,0,2,1,3,1,2,7,1,0,7.0,2,493,1,144,68,0,0,0,0,0,7,2009,1,1,12.180754837545884,0,0,0
1190,60,4.0943445622221,8.922658299524402,2,1,1,1,1,1,3,3,4,7,5,11,11,2,2,15,0.0,3,3,3,0,0,994,994,2,2,2,6.93537044601511,776,0,7.4977617006225685,0,0,2,1,3,1,2,7,1,1,11.0,2,442,1,140,60,0,0,0,0,0,6,2010,1,1,12.14950229404178,0,0,0
1191,190,4.23410650459726,10.387856258239758,2,1,4,1,1,2,3,3,1,4,4,46,32,2,2,9,149.0,3,2,2,1159,0,90,1249,2,1,2,7.3914152346753585,0,0,7.3914152346753585,1,0,1,0,3,1,3,7,1,1,32.0,4,1356,1,439,0,0,0,0,0,0,3,2007,1,1,12.031719258385396,1,0,0
1192,160,3.1780538303479458,7.8804263442924,2,1,1,1,1,1,3,3,4,8,5,8,7,2,2,9,456.0,2,3,3,0,0,776,776,2,1,2,6.638567789166521,677,0,7.273092595999522,0,0,2,1,2,1,2,5,1,0,8.0,2,492,1,206,0,0,0,0,0,0,11,2007,1,1,12.066810578196666,0,0,0
1193,50,4.0943445622221,9.169518377455928,2,1,1,1,1,1,3,3,2,5,8,82,13,3,2,15,0.0,3,3,3,0,0,702,702,2,2,2,6.7357800142423265,630,0,7.294377299288821,0,0,1,0,3,1,2,6,1,0,82.0,1,250,2,0,0,84,0,0,0,0,7,2007,1,1,11.736069016284437,0,0,0
1194,120,4.23410650459726,8.411832675758411,2,1,1,1,4,1,3,3,1,6,5,10,10,4,2,15,425.0,3,3,3,883,0,341,1224,2,1,2,7.1098794630722715,0,0,7.1098794630722715,1,0,2,0,2,1,3,5,1,0,10.0,2,402,1,0,304,0,0,0,0,0,6,2009,1,1,12.013700752882718,1,0,0
1195,60,4.382026634673881,9.144627828610801,2,1,1,1,2,1,3,3,4,6,7,41,41,2,2,7,143.0,3,3,2,371,0,292,663,2,3,2,6.4967749901858625,689,0,7.20934025660291,0,0,1,1,4,1,3,7,1,0,41.0,1,299,1,379,36,0,0,0,0,0,3,2010,1,1,11.970350312009105,0,0,0
1196,60,3.9318256327243257,8.990815266184685,2,2,1,1,1,1,3,3,4,6,5,3,3,2,2,15,0.0,3,3,3,0,0,728,728,2,1,2,6.590301048196686,728,0,7.283448228756631,0,0,2,1,3,1,2,8,1,0,3.0,2,400,1,100,24,0,0,0,0,0,7,2008,1,1,12.078239274020289,0,0,0
1197,60,4.060443010546419,9.550662331752143,2,2,1,1,1,1,3,3,4,7,5,0,0,2,2,15,0.0,2,3,3,0,0,879,879,2,1,2,6.778784897685177,984,0,7.529943370601589,0,0,2,1,4,1,2,9,1,1,0.0,3,660,1,100,17,0,0,0,0,0,11,2006,4,6,12.297785453453374,0,0,0
1198,75,4.174387269895637,9.088172738001974,2,2,2,1,2,1,3,3,6,7,6,90,56,2,2,9,0.0,3,3,1,0,0,815,815,2,1,2,6.703188113240863,875,0,7.432483807917119,0,0,1,0,3,1,3,7,1,1,90.0,1,225,1,0,0,330,0,0,0,0,7,2006,7,1,11.877568578558138,0,0,0
1199,20,4.248495242049359,9.116029692504942,2,1,1,1,1,1,3,3,1,7,5,8,8,2,2,15,0.0,2,3,3,0,0,1212,1212,2,1,2,7.10002716662926,0,0,7.10002716662926,0,0,2,0,3,1,2,6,1,0,8.0,2,573,1,356,0,0,0,0,0,0,6,2009,1,1,12.089538829274222,0,0,0
1200,20,4.31748811353631,9.326789184619429,2,1,1,1,1,1,3,3,1,4,5,43,27,2,2,7,51.0,3,3,2,547,0,504,1051,2,2,2,7.231287004327616,0,0,7.231287004327616,0,0,1,1,3,1,3,6,1,1,32.0,2,459,1,0,82,0,0,0,0,0,10,2006,1,1,11.904967552746252,0,0,0
1201,20,4.2626798770413155,9.143452426434552,2,1,1,1,1,1,3,3,1,4,5,36,36,2,2,9,0.0,3,3,2,0,0,864,864,2,2,2,6.761572768804055,0,0,6.761572768804055,0,0,1,0,3,1,3,5,1,0,34.0,1,280,1,0,0,0,0,0,0,0,7,2006,10,2,11.661776411702583,0,0,0
1202,60,4.382026634673881,9.249561085129464,2,1,1,1,2,1,3,3,4,7,5,11,11,2,2,15,0.0,3,3,3,0,0,866,866,2,1,2,6.763884908562435,913,0,7.483806687665835,0,0,2,1,3,1,2,6,1,0,11.0,2,546,1,198,36,0,0,0,0,0,3,2009,1,1,12.195517131590657,0,0,0
1203,50,3.912023005428146,8.699514748210191,2,1,1,1,2,1,3,3,2,5,8,84,12,2,2,16,0.0,3,3,1,0,0,884,884,2,1,2,6.784457062637643,464,0,7.206377291472252,1,0,1,0,3,1,3,5,1,1,49.0,1,216,3,0,0,208,0,0,0,0,5,2009,1,1,11.669929213779893,0,0,0
1204,20,4.31748811353631,9.185022563991893,2,1,1,1,1,1,3,3,1,7,5,9,8,2,2,15,171.0,2,3,3,0,0,1630,1630,2,1,2,7.396335293800808,0,0,7.396335293800808,0,0,2,0,3,1,2,6,1,1,9.0,2,451,1,74,234,0,0,0,0,0,10,2009,1,1,12.269047444691562,0,0,0
1205,20,4.356708826689592,9.224243277145174,2,1,1,1,1,1,3,3,1,5,6,31,31,2,2,7,0.0,3,3,2,788,0,268,1056,2,1,2,6.97914527506881,0,0,6.97914527506881,1,0,1,1,3,1,3,6,1,0,31.0,2,495,1,0,88,0,0,0,0,0,7,2006,1,1,11.941455846009388,0,0,0
1206,20,4.499809670330265,9.594513744616725,2,2,1,1,3,1,3,3,1,7,7,19,18,4,2,7,234.0,2,3,2,485,177,1496,2158,2,2,2,7.694392802629421,0,0,7.694392802629421,0,0,2,0,3,1,2,7,1,1,19.0,3,701,1,84,70,0,0,0,0,0,6,2009,1,1,12.513189630620563,0,0,0
1207,20,4.23410650459726,9.093806555720231,2,1,1,1,1,1,3,3,1,4,4,40,40,2,2,7,0.0,3,3,2,1056,0,0,1056,2,3,2,6.962243464266207,0,0,6.962243464266207,1,0,1,0,2,1,3,5,1,0,40.0,1,384,1,0,42,0,0,0,0,0,11,2006,1,1,11.580584113444043,1,0,0
1208,20,4.248495242049359,9.119868468812108,2,1,1,1,1,1,3,3,1,6,5,3,3,2,2,15,120.0,2,3,3,340,0,1342,1682,2,1,2,7.438383530044307,0,0,7.438383530044307,1,0,2,0,3,1,2,7,1,0,3.0,2,544,1,192,23,0,0,0,0,0,5,2006,1,1,12.206072645530174,0,0,0
1209,20,4.248495242049359,8.95712413640568,2,1,1,1,1,1,3,3,1,5,7,46,28,2,2,9,0.0,3,2,2,504,108,319,931,2,3,2,7.1569563646156364,0,0,7.1569563646156364,1,0,1,0,3,1,3,6,1,0,28.0,2,506,1,0,0,0,0,0,0,0,10,2008,1,1,11.84939770159144,0,0,0
1210,20,4.442651256490317,9.228376734462282,2,2,1,1,3,1,4,3,1,8,5,0,0,4,2,15,420.0,2,3,3,1220,0,440,1660,2,1,2,7.414572881350589,0,0,7.414572881350589,1,0,2,0,3,1,2,8,1,1,0.0,2,500,1,322,50,0,0,0,0,0,5,2006,4,6,12.577636201962656,0,0,0
1211,60,4.248495242049359,9.325274910068282,2,1,1,1,1,1,3,3,4,6,5,18,18,2,2,16,0.0,2,3,3,0,0,1055,1055,2,1,2,6.961296045910167,790,0,7.520234556474628,0,0,2,1,3,1,2,8,1,1,18.0,2,462,1,635,104,0,0,0,0,400,5,2010,1,1,12.14950229404178,0,0,0
1212,50,5.0238805208462765,9.403766708502243,2,2,2,1,1,2,3,3,2,8,7,22,5,2,2,16,0.0,2,3,6,427,0,132,559,2,2,2,6.984716320118266,672,0,7.468513271496337,0,0,2,0,4,1,3,8,1,0,22.0,2,492,1,325,12,0,0,0,0,0,6,2010,1,1,12.007621706806335,0,0,0
1213,30,3.912023005428146,9.142061531222888,2,1,1,1,1,1,3,3,1,4,6,68,59,4,2,9,0.0,3,3,2,344,0,328,672,2,3,2,6.51025834052315,0,0,6.51025834052315,1,0,1,0,2,1,3,4,1,0,68.0,1,234,3,0,113,0,0,0,0,0,8,2009,1,1,11.635143097694478,0,0,0
1214,80,4.23410650459726,9.234642664499148,2,2,1,1,3,1,3,3,8,4,9,41,5,2,2,15,0.0,3,2,2,648,0,0,648,2,1,2,6.866933284461882,0,0,6.866933284461882,1,1,0,0,0,1,3,3,1,0,41.0,1,364,1,88,0,0,0,0,0,0,5,2006,1,1,11.884489021402711,1,0,0
1215,85,4.23410650459726,9.230633075243945,2,2,1,1,1,1,3,3,7,5,5,44,44,2,2,9,0.0,3,3,2,784,0,141,925,2,3,2,6.906754778648554,0,0,6.906754778648554,1,0,1,0,3,1,3,6,1,0,44.0,1,300,1,150,72,0,0,0,0,0,5,2006,1,1,11.809319478024031,0,0,0
1216,20,4.59511985013459,8.867004635333567,2,2,1,1,1,1,3,3,1,5,5,41,41,2,2,15,0.0,3,3,2,180,374,340,894,2,3,2,6.795705775173514,0,0,6.795705775173514,0,0,1,0,3,1,3,5,1,0,41.0,1,384,1,0,0,0,0,0,0,0,5,2007,1,1,11.736069016284437,0,0,0
1217,90,4.219507705176107,9.097171673870545,2,1,1,1,1,1,9,3,2,6,5,32,32,2,2,15,0.0,3,3,4,0,0,0,0,2,3,2,7.183870715062453,584,0,7.550661243105336,0,0,2,0,4,2,3,8,1,0,32.0,2,539,1,0,0,0,0,0,0,0,4,2010,1,1,11.626254150277232,0,0,0
1218,20,4.276666119016055,9.064157861798101,2,1,1,1,1,1,3,3,1,8,5,0,0,2,2,6,72.0,2,3,3,936,0,364,1300,2,1,2,7.1808311990445555,0,0,7.1808311990445555,1,0,2,0,3,1,2,6,1,0,0.0,2,552,1,135,112,0,0,0,0,0,9,2009,4,6,12.343466568968994,0,0,0
1219,50,3.9512437185814275,8.738735461363474,2,1,1,1,1,1,3,3,2,4,5,59,56,2,2,1,0.0,3,3,4,0,0,0,0,2,2,1,6.51025834052315,240,0,6.815639990074331,0,0,1,0,2,1,3,3,1,0,26.0,0,0,3,0,0,0,0,0,0,0,7,2006,1,1,11.296012463406655,0,0,1
1220,160,3.044522437723423,7.426549072397305,2,1,1,1,1,1,3,3,4,6,5,35,35,2,2,6,236.0,3,3,2,0,0,672,672,2,3,2,6.51025834052315,546,0,7.1049654482698426,0,0,1,1,3,1,3,7,1,0,26.0,0,0,3,201,0,0,0,0,0,0,4,2006,1,2,11.424094251263613,0,0,1
1221,20,4.189654742026425,8.961879012677683,2,2,1,1,1,1,3,3,1,5,5,42,42,2,2,16,0.0,3,3,2,312,600,0,912,2,3,2,6.815639990074331,0,0,6.815639990074331,0,0,1,0,2,1,3,5,1,0,42.0,1,288,1,0,0,0,0,0,0,0,11,2006,1,2,11.652687407345388,0,0,0
1222,20,4.007333185232471,9.017968479328726,2,1,1,1,1,1,2,3,1,5,5,40,40,4,2,7,0.0,3,3,2,250,492,210,952,2,1,2,7.099201743553092,0,0,7.099201743553092,0,0,1,0,3,1,3,5,1,1,40.0,1,322,1,0,63,0,0,0,0,0,8,2008,1,1,11.805595078933049,0,0,0
1223,50,4.356708826689592,9.25874951118387,2,1,1,1,1,1,1,3,2,6,6,58,57,2,2,16,320.0,3,3,2,196,0,844,1040,2,1,2,7.0630481633881725,678,0,7.520776415062797,0,0,2,0,3,1,3,7,1,1,58.0,1,315,1,0,0,0,0,0,0,0,1,2007,1,1,11.870599909242044,0,0,0
1224,20,4.48863636973214,9.276128112514186,2,1,1,1,1,1,3,3,1,5,3,55,55,4,2,16,44.0,3,3,2,756,0,1380,2136,2,3,1,7.666690200080086,0,0,7.666690200080086,0,0,2,0,4,1,3,7,4,0,55.0,2,528,1,0,30,0,0,0,0,0,10,2006,1,1,11.834284063781393,0,0,0
1225,60,4.0943445622221,9.641083287268616,2,2,1,1,1,1,5,3,4,7,5,4,3,2,2,15,0.0,2,3,3,724,0,64,788,2,1,2,6.669498089857879,702,0,7.306531398939505,1,0,2,1,3,1,2,8,1,1,4.0,2,388,1,100,75,0,0,0,0,0,2,2008,1,1,12.122691036591123,0,0,0
1226,80,4.174387269895637,9.257414779362112,2,1,1,1,1,1,3,3,8,6,8,49,49,4,2,15,63.0,3,2,2,507,0,81,588,2,1,2,7.037027614686276,0,0,7.037027614686276,0,1,1,0,3,1,3,6,1,0,49.0,1,264,1,224,0,0,0,0,0,0,6,2007,1,1,11.884489021402711,0,0,0
1227,60,4.454347296253507,9.588639812011577,2,2,1,1,3,1,2,3,4,6,5,1,1,2,2,15,74.0,2,3,3,0,0,894,894,2,1,2,6.795705775173514,1039,0,7.566828479208331,0,0,2,1,4,1,2,9,1,1,1.0,3,668,1,100,18,0,0,0,0,0,1,2008,1,1,12.273731294003989,0,0,0
1228,20,4.276666119016055,9.090655529030203,2,1,1,1,2,1,3,3,1,5,8,43,0,2,2,15,300.0,3,3,2,595,0,317,912,2,1,2,6.815639990074331,0,0,6.815639990074331,1,0,1,0,2,1,2,5,1,0,16.0,2,576,1,0,240,0,0,0,0,0,12,2008,1,1,11.898187865760873,0,0,0
1229,120,4.174387269895637,9.078978053779355,2,1,1,1,2,1,3,3,1,9,5,0,0,4,2,9,766.0,1,3,3,1540,0,162,1702,2,1,2,7.43955930913332,0,0,7.43955930913332,1,0,1,1,1,1,1,7,1,1,0.0,3,1052,1,0,72,0,0,224,0,0,10,2008,4,6,12.813917896253697,0,0,0
1230,80,4.248495242049359,8.9758830607617,2,1,1,1,1,1,3,3,8,5,5,48,48,4,2,4,0.0,3,3,2,666,0,409,1075,2,2,2,7.317876198626496,0,0,7.317876198626496,0,0,2,0,4,1,3,7,5,0,48.0,1,404,1,0,0,0,0,0,0,0,8,2008,1,1,11.751942365440728,0,0,0
1231,90,4.23410650459726,9.846387960495555,2,2,1,1,1,1,2,9,2,5,5,30,30,6,2,11,1.0,3,3,2,498,211,652,1361,2,1,2,7.215975002651466,1259,0,7.8709295967551425,0,0,2,2,4,2,3,12,1,1,30.0,2,600,3,155,24,145,0,0,0,8300,8,2007,1,1,12.154779351142624,1,0,0
1232,90,4.248495242049359,8.952605375892354,2,1,1,1,1,1,3,3,8,5,6,44,44,4,2,16,120.0,3,3,2,803,0,303,1106,2,3,2,7.081708586105575,0,0,7.081708586105575,1,0,1,0,3,1,3,6,1,0,44.0,2,540,1,0,18,0,0,0,0,0,5,2006,1,1,11.794337924408413,0,0,0
1233,90,4.248495242049359,9.194414221425923,2,1,1,1,4,1,3,3,1,4,5,45,45,2,2,7,0.0,3,3,4,0,0,0,0,2,3,2,7.1098794630722715,0,0,7.1098794630722715,0,0,2,0,2,2,3,6,1,0,45.0,2,462,1,0,0,0,0,0,0,0,3,2007,1,1,11.53076538309856,0,0,0
1234,20,4.23410650459726,9.405907155520158,2,2,1,1,1,1,3,3,1,5,5,51,51,4,2,11,180.0,3,3,2,1000,0,188,1188,2,4,2,7.080026499922591,0,0,7.080026499922591,1,0,1,0,3,1,3,6,1,0,51.0,2,531,1,0,0,0,0,0,0,0,5,2010,5,2,11.863582336583399,1,0,0
1235,70,4.007333185232471,9.050758302151717,2,1,2,1,1,1,3,3,4,5,6,97,58,2,2,9,0.0,3,3,3,0,0,940,940,2,3,1,6.931471805599453,940,0,7.582738488914411,0,0,1,1,4,1,3,7,1,0,28.0,0,0,3,0,192,0,0,0,0,0,11,2008,1,2,11.77528972943772,0,0,1
1236,70,4.564348191467836,9.482807278621483,2,1,1,1,1,1,3,3,4,5,5,92,56,2,2,16,0.0,3,3,1,0,0,747,747,2,2,2,6.79346613258001,892,0,7.486613313139955,0,0,1,1,4,1,3,9,1,0,92.0,1,180,3,203,40,0,0,0,0,0,7,2006,1,1,11.841415931849784,0,0,0
1237,160,3.58351893845611,7.873978379604501,2,1,1,1,1,1,3,3,4,7,5,7,7,2,2,15,106.0,2,3,3,0,0,764,764,2,1,2,6.638567789166521,862,0,7.3938782901077555,0,0,2,1,2,1,2,6,1,0,7.0,2,474,1,0,27,0,0,0,0,0,6,2010,1,1,12.075394321888057,0,0,0
1238,60,3.713572066704308,9.424887076064874,2,3,1,1,4,1,3,3,4,7,5,2,1,2,2,15,0.0,2,3,3,0,0,847,847,2,1,2,6.741700694652055,1101,0,7.5745584842024805,0,0,2,1,4,1,2,8,1,1,2.0,2,434,1,100,48,0,0,0,0,0,9,2006,1,1,12.180754837545884,0,0,0
1239,20,4.143134726391533,9.478227817099784,2,1,1,1,1,1,9,3,1,6,5,1,1,2,2,15,0.0,2,3,3,0,0,1141,1141,2,1,2,7.039660349862076,0,0,7.039660349862076,0,0,1,1,3,1,3,6,1,0,1.0,2,484,1,0,0,0,0,0,0,0,3,2006,1,2,11.867097278690842,0,0,0
1240,20,4.1588830833596715,9.109082539901955,2,2,3,1,1,1,3,3,1,8,5,1,1,4,2,15,32.0,2,3,3,428,0,1048,1476,2,1,2,7.302496423727326,0,0,7.302496423727326,0,0,2,0,2,1,1,6,1,1,1.0,2,472,1,120,33,0,0,0,0,0,12,2007,1,1,12.490875577231112,0,0,0
1241,60,4.174387269895637,9.006754319877503,2,1,1,1,1,1,3,3,4,7,5,5,5,2,2,15,252.0,2,3,3,550,0,334,884,2,1,2,6.784457062637643,884,0,7.477604243197589,1,0,2,1,3,1,2,8,1,0,5.0,2,543,1,0,63,0,0,0,0,0,7,2008,1,1,12.323411137947407,0,0,0
1242,20,4.418840607796598,9.195125206169703,2,1,1,1,1,1,3,3,1,7,6,0,0,4,2,15,0.0,2,3,3,0,0,1689,1689,2,1,2,7.4318919168078,0,0,7.4318919168078,0,0,2,0,3,1,2,7,1,0,0.0,3,954,1,0,56,0,0,0,0,0,6,2007,4,6,12.422505731952896,0,0,0
1243,85,4.442651256490317,9.270964993792617,2,1,1,1,1,1,3,3,7,7,6,36,36,2,2,11,81.0,3,3,2,885,168,0,1053,2,3,2,7.067319848653476,0,0,7.067319848653476,1,0,2,0,3,1,2,6,1,2,36.0,2,528,1,0,120,0,0,0,0,0,1,2010,1,5,12.043553716032399,0,0,0
1244,20,4.672828834461906,9.53899642739739,2,1,1,1,1,1,3,3,1,10,5,0,0,2,2,15,0.0,1,3,3,1386,0,690,2076,2,1,2,7.638198244285779,0,0,7.638198244285779,1,0,2,1,2,1,1,7,1,1,0.0,3,850,1,216,229,0,0,0,0,0,9,2006,4,6,13.049792684569493,0,1,0
1245,70,4.23410650459726,9.344434106456882,2,2,3,1,2,2,3,3,4,8,7,77,56,2,2,4,0.0,3,3,3,0,0,792,792,2,4,2,6.674561391814426,725,0,7.324489979348532,0,0,1,0,3,1,2,7,1,2,75.0,2,400,1,0,0,0,0,0,0,0,6,2006,1,1,12.345834587905333,1,0,0
1246,80,4.356708826689592,9.400133943608838,2,1,1,1,1,1,3,3,8,6,7,23,4,4,2,15,74.0,3,3,2,0,0,585,585,2,1,2,7.038783541388542,728,0,7.532623618788788,0,0,3,1,3,1,3,7,1,1,23.0,2,477,1,268,112,0,0,147,0,0,1,2007,1,2,12.089538829274222,0,0,0
1247,60,4.174387269895637,9.002701007197938,2,1,1,1,1,1,3,3,4,7,5,1,0,2,2,15,0.0,2,3,3,0,0,756,756,2,1,2,6.628041376179533,797,0,7.347943823148687,0,0,2,1,3,1,2,6,1,0,1.0,2,615,1,0,45,0,0,0,0,0,3,2006,4,6,12.136186518066006,0,0,0
1248,80,4.23410650459726,9.419628376999952,2,2,1,1,1,1,3,3,8,6,5,34,34,2,2,7,335.0,3,3,2,539,0,473,1012,2,3,2,6.9411900550683745,0,0,6.9411900550683745,1,0,1,0,3,1,3,6,1,0,34.0,3,888,1,0,0,0,0,0,0,0,5,2010,1,1,12.042965307660024,1,0,0
1249,75,4.0943445622221,9.169518377455928,2,1,1,1,1,1,3,3,6,6,5,91,58,2,2,1,0.0,3,3,1,319,0,416,735,5,4,1,7.033506484287697,924,0,7.629489916393995,0,0,1,1,3,1,3,8,1,1,58.0,2,396,2,0,0,259,0,0,0,0,4,2008,1,1,11.771436160121729,0,0,0
1250,20,4.0943445622221,8.881836305004146,2,1,1,1,1,1,3,3,1,5,7,57,57,2,2,9,0.0,3,3,2,534,96,246,876,2,3,2,6.895682697747868,0,0,6.895682697747868,0,0,1,0,3,1,3,6,1,0,57.0,1,276,1,0,80,0,0,0,0,0,5,2007,1,1,11.686878772093667,0,0,0
1251,20,4.532599493153256,9.320091235935301,2,1,1,1,2,1,3,3,1,7,5,42,42,4,2,4,0.0,2,3,2,1065,0,1045,2110,2,1,2,7.6544432264701125,0,0,7.6544432264701125,1,0,2,1,3,1,1,8,1,2,42.0,2,522,1,0,0,0,0,0,0,0,4,2010,1,1,12.404923504275338,0,0,0
1252,120,4.23410650459726,8.0507033814703,2,2,1,1,2,1,3,3,1,7,5,3,3,2,2,15,163.0,2,3,3,0,0,1405,1405,2,1,2,7.247792581767846,0,0,7.247792581767846,0,0,2,0,2,1,2,6,1,1,3.0,2,478,1,148,36,0,0,0,0,0,3,2006,1,1,12.053795210084596,1,0,0
1253,20,4.127134385045092,9.196038587265322,2,1,1,1,1,1,3,3,1,5,6,41,41,2,2,7,0.0,3,3,2,510,0,354,864,2,3,2,6.773080375655535,0,0,6.773080375655535,1,0,1,0,3,1,3,5,1,0,41.0,1,288,1,33,0,0,0,0,0,600,11,2009,1,1,11.77528972943772,0,0,0
1254,60,4.23410650459726,9.772353284511327,2,2,1,1,1,1,3,3,4,7,7,33,4,2,2,16,0.0,2,3,2,125,1031,36,1192,2,3,2,7.323830566202317,651,0,7.681099001536359,1,0,2,1,3,1,2,9,1,2,33.0,2,518,1,220,47,0,0,0,0,0,7,2007,1,1,12.591335046320818,1,0,0
1255,60,4.0943445622221,8.843759381917984,2,1,1,1,1,1,3,3,4,7,5,5,4,2,2,15,92.0,2,3,3,0,0,746,746,2,1,2,6.633318433280377,896,0,7.412160334945205,0,0,2,1,3,1,2,7,1,1,5.0,2,397,1,178,128,0,0,0,0,0,7,2008,1,1,12.016122061571728,0,0,0
1256,50,3.9512437185814275,8.738735461363474,2,1,1,1,1,1,3,3,2,6,6,76,57,2,2,16,0.0,3,3,1,425,0,459,884,2,3,2,6.8658910748834385,408,0,7.220373836723949,0,0,1,0,3,1,3,6,1,1,29.0,1,560,1,0,0,0,0,120,0,0,11,2007,1,1,11.755871643580617,0,0,0
1257,20,4.51085950651685,9.5682245844549,2,2,1,1,2,1,3,3,1,8,5,14,14,4,2,7,554.0,2,3,3,1314,0,672,1986,2,1,2,7.594381242551817,0,0,7.594381242551817,1,0,2,0,2,1,2,7,1,1,14.0,2,691,1,262,36,0,0,0,0,0,8,2008,1,1,12.616525295149378,0,0,0
1258,30,4.02535169073515,8.308938252595778,2,1,1,1,2,1,2,3,1,5,8,87,59,2,2,16,0.0,3,3,3,0,0,864,864,2,1,2,6.761572768804055,0,0,6.761572768804055,0,0,1,0,2,1,3,4,1,0,29.0,0,0,1,0,96,0,0,0,0,0,7,2009,1,1,11.511924964636645,0,0,1
1259,80,4.07753744390572,9.168163293076997,2,2,1,1,1,1,3,3,8,7,5,3,3,2,2,15,182.0,2,3,3,655,0,201,856,2,1,2,7.061334366910438,0,0,7.061334366910438,1,0,2,0,2,1,2,5,1,0,3.0,2,400,1,212,0,0,0,0,0,0,7,2008,1,1,12.154779351142624,0,0,0
1260,20,4.174387269895637,9.185022563991893,2,1,1,1,4,1,3,3,1,6,8,39,39,2,2,7,0.0,3,3,2,602,438,14,1054,2,2,2,6.960347729101308,0,0,6.960347729101308,1,0,1,1,3,1,3,6,1,0,39.0,2,460,1,180,0,0,0,80,0,0,7,2008,1,1,11.925035115797062,0,0,0
1261,60,4.23410650459726,10.11382951201313,2,4,1,1,3,1,5,3,4,6,5,10,10,2,2,15,0.0,3,3,3,0,0,841,841,2,1,2,6.79346613258001,783,0,7.423568444259167,0,0,2,1,3,1,3,7,1,1,10.0,2,502,1,0,103,0,0,0,0,0,6,2009,1,1,12.106252310247962,1,0,0
1262,20,4.382026634673881,9.169518377455928,2,1,1,1,1,1,3,3,1,5,6,53,53,4,2,9,0.0,3,3,2,504,0,546,1050,2,2,2,6.956545443151569,0,0,6.956545443151569,0,0,1,0,2,1,3,5,1,0,53.0,1,338,1,0,0,0,0,0,0,0,6,2009,1,1,11.766792188927278,0,0,0
1263,50,4.23410650459726,9.328123407632566,2,1,1,1,1,1,3,3,2,4,5,52,20,2,2,16,0.0,3,3,2,0,0,1104,1104,2,1,2,7.00669522683704,684,0,7.488852955733459,1,0,1,0,5,1,3,8,3,2,52.0,1,304,1,120,0,0,0,0,0,0,11,2009,1,1,11.992260421644849,1,0,0
1264,70,4.0943445622221,9.511555458710548,2,1,1,1,1,1,3,3,4,6,6,88,57,3,2,16,0.0,3,3,3,0,0,764,764,2,1,2,6.966024187106113,764,0,7.508787170634276,0,0,1,0,3,1,3,8,1,1,67.0,2,520,3,0,0,126,0,0,0,0,7,2007,1,1,12.103486056755072,0,0,0
1265,120,3.5263605246161616,8.308938252595778,2,1,1,1,1,1,3,3,1,6,5,10,9,2,2,9,0.0,2,3,3,266,0,1139,1405,2,1,2,7.198183577101943,0,0,7.198183577101943,1,0,2,0,2,1,2,5,1,0,10.0,2,511,1,144,68,0,0,0,0,0,8,2008,5,2,12.106252310247962,0,0,0
1266,160,3.5553480614894135,8.225503097566918,2,1,1,1,5,1,3,3,4,7,5,7,7,4,2,9,218.0,2,3,3,450,0,241,691,2,1,2,6.569481420414296,739,0,7.280697195384741,1,0,2,1,3,1,2,6,1,0,7.0,2,506,1,0,34,0,0,0,0,0,3,2006,1,1,12.122147410592412,0,0,0
1267,190,4.0943445622221,9.222268942841456,2,2,2,1,1,1,2,3,6,7,4,97,57,4,2,16,0.0,4,3,2,0,0,925,925,2,3,1,6.871091294610546,925,0,7.543802867501509,0,0,1,1,4,2,3,9,1,1,47.0,1,308,3,0,0,264,0,0,0,0,1,2007,1,1,11.711776323715394,0,0,0
1268,20,4.48863636973214,9.48903215258983,2,2,3,1,1,1,3,3,1,9,5,2,1,4,2,14,0.0,1,3,3,0,0,2002,2002,2,1,2,7.609862200913554,0,0,7.609862200913554,0,0,2,0,3,1,1,10,1,1,1.0,3,746,1,144,76,0,0,0,0,0,5,2010,1,1,12.84397135185964,0,0,0
1269,50,4.23410650459726,9.55393007636626,2,2,1,1,1,2,3,3,2,8,9,73,11,2,2,14,632.0,3,2,2,192,0,536,728,2,1,2,7.584773077612199,1479,0,8.145259566516865,0,0,3,1,4,1,2,11,1,2,26.0,3,1014,1,314,12,0,0,0,0,0,5,2008,1,1,12.850554654108839,1,0,0
1270,50,4.356708826689592,9.336444248771908,2,1,1,1,1,1,2,3,2,5,5,49,49,2,2,9,180.0,3,3,2,460,0,414,874,3,3,2,6.773080375655535,650,0,7.329093736246592,0,0,1,1,3,1,3,7,1,0,49.0,1,315,1,0,0,0,0,0,0,0,7,2007,1,1,11.877568578558138,0,0,0
1271,40,4.23410650459726,10.068790104160488,2,1,4,1,1,3,3,3,1,7,6,31,31,6,7,11,0.0,2,3,3,1258,0,74,1332,2,3,2,7.194436851100335,192,0,7.329093736246592,2,0,0,1,0,1,2,4,1,1,31.0,2,586,1,268,0,0,0,0,0,0,4,2010,1,1,12.468436909997665,1,0,0
1272,20,4.23410650459726,9.122164681072457,2,2,1,1,1,1,6,3,1,6,7,41,41,4,2,4,0.0,3,3,2,0,0,1489,1489,2,2,2,7.305860032684009,0,0,7.305860032684009,0,0,2,0,3,1,2,7,1,1,41.0,2,462,1,0,0,0,0,0,0,0,8,2009,1,1,12.132156962580005,1,0,0
1273,20,4.23410650459726,9.512369038134885,2,2,1,1,3,1,3,3,1,5,6,41,41,4,2,7,114.0,3,3,2,560,375,0,935,2,3,2,6.840546529288687,0,0,6.840546529288687,1,0,1,0,3,1,3,5,1,0,41.0,1,288,1,180,0,0,0,0,0,0,11,2006,1,1,11.827736204810263,1,0,0
1274,80,4.820281565605037,9.351145248567203,2,2,1,1,2,1,3,3,8,6,7,49,2,2,2,11,84.0,3,3,2,719,0,300,1019,2,2,2,7.213031659834869,0,0,7.213031659834869,1,0,1,0,2,1,1,5,1,1,49.0,1,312,1,0,0,0,0,163,0,0,5,2008,1,1,12.083905011555967,0,0,0
1275,50,3.970291913552122,8.587092318795905,2,1,1,1,2,1,3,3,2,5,6,97,4,2,2,16,0.0,3,3,3,0,0,661,661,2,1,2,6.493753839851686,589,0,7.1308988302963465,0,0,2,0,3,1,3,8,1,1,22.0,2,552,1,242,0,81,0,0,0,0,11,2007,1,1,11.842229212112828,0,0,0
1276,90,4.553876891600541,9.336532397213942,2,1,1,1,2,1,2,3,4,5,5,59,57,2,5,1,567.0,3,3,2,220,0,708,928,2,2,2,6.833031732786201,992,0,7.560080465021827,0,0,2,0,4,2,3,10,1,0,59.0,2,400,1,0,0,0,0,0,0,0,7,2007,1,1,11.827736204810263,0,0,0
1277,60,4.23410650459726,9.467769401256943,2,2,1,1,3,1,3,3,4,6,6,37,37,2,2,7,0.0,3,3,2,593,0,130,723,2,3,2,6.5998704992128365,660,0,7.240649694255466,0,1,1,1,3,1,3,6,1,1,37.0,2,497,1,294,116,0,0,0,0,0,12,2009,1,1,11.99535161421452,1,0,0
1278,80,4.23410650459726,9.790934566296798,2,2,1,1,3,1,3,3,8,6,5,42,33,2,2,7,359.0,3,3,2,528,0,1152,1680,2,4,2,7.452402451223638,0,0,7.452402451223638,1,0,1,1,3,1,3,7,1,1,42.0,2,480,1,0,0,0,0,0,0,0,6,2009,1,1,12.195517131590657,1,0,0
1279,60,4.31748811353631,9.156200925875535,2,1,1,1,1,1,3,3,4,8,5,6,6,2,2,15,0.0,2,3,3,804,0,324,1128,2,1,2,7.028201432058005,903,0,7.616283561580385,1,0,2,1,3,1,2,7,1,1,6.0,2,577,1,0,211,0,0,0,0,0,3,2008,1,1,12.375815420117268,0,1,0
1280,50,4.0943445622221,8.922658299524402,2,1,1,1,1,1,3,3,2,4,4,90,60,2,2,9,0.0,3,2,2,0,0,698,698,2,3,2,6.548219102762372,430,0,7.028201432058005,0,0,1,0,2,1,3,6,1,0,30.0,2,528,1,30,0,164,0,0,0,0,4,2010,5,2,11.133128103610641,0,0,0
1281,20,4.204692619390966,9.190953658175992,2,2,1,1,1,1,3,3,1,7,5,7,7,2,2,15,110.0,2,3,3,788,0,785,1573,2,1,2,7.360739903058278,0,0,7.360739903058278,1,0,2,0,3,1,2,6,1,0,7.0,2,544,1,0,72,0,0,0,0,0,3,2009,1,1,12.332705296463539,0,0,0
1282,20,3.912023005428146,8.993303139093733,2,2,1,1,3,1,3,3,1,7,5,16,16,4,2,7,54.0,3,3,2,1053,0,256,1309,2,3,2,7.199678345691172,0,0,7.199678345691172,1,0,2,0,2,1,3,6,1,1,16.0,2,484,1,0,58,0,0,90,0,0,7,2006,1,1,12.100712129872347,0,0,0
1283,20,4.110873864173311,9.082507000466299,2,2,1,1,1,1,3,3,1,5,7,32,1,2,2,7,0.0,3,3,2,532,144,364,1040,2,3,2,6.946975992135418,0,0,6.946975992135418,0,0,2,0,3,1,2,5,1,0,32.0,2,484,1,0,0,0,0,288,0,0,9,2009,1,1,11.921718363171067,0,0,0
1284,90,4.543294782270004,9.148464968258095,2,1,4,1,2,1,3,3,4,6,5,39,39,5,2,9,0.0,3,3,2,0,0,912,912,2,3,2,6.815639990074331,912,0,7.508787170634276,0,0,2,2,4,2,3,8,1,0,30.0,0,0,1,128,0,0,0,0,0,0,4,2010,1,1,11.842229212112828,0,0,1
1285,50,3.912023005428146,9.173468897200278,2,1,1,1,1,1,2,3,2,6,7,91,20,2,2,16,0.0,3,3,3,0,0,804,804,2,1,2,7.4377951216719325,748,0,7.802618063442671,0,0,2,0,4,1,2,10,3,1,41.0,1,336,1,272,0,42,0,116,0,0,3,2010,1,1,12.037653993905211,0,0,0
1286,50,3.912023005428146,8.699514748210191,2,1,1,1,1,1,3,3,2,6,6,70,59,2,2,9,0.0,3,4,2,0,0,780,780,2,1,2,6.715383386334681,587,0,7.252762418053187,0,0,1,0,4,1,3,6,1,1,70.0,1,280,1,45,0,0,0,0,0,0,5,2009,1,1,11.794337924408413,0,0,0
1287,20,4.23410650459726,9.189116735524555,2,1,1,1,1,1,2,3,1,6,5,47,47,4,2,7,451.0,3,3,2,569,81,678,1328,2,3,2,7.191429330036379,0,0,7.191429330036379,1,0,1,1,3,1,3,6,1,2,47.0,2,528,1,0,26,0,0,0,0,0,6,2010,1,1,11.870599909242044,1,0,0
1288,20,4.23410650459726,10.505067539570582,2,2,4,1,1,2,3,3,1,5,5,42,42,2,2,16,621.0,3,2,2,812,0,812,1624,2,4,2,7.366445148327599,0,0,7.366445148327599,0,1,2,0,4,1,3,7,1,0,42.0,2,390,3,168,198,0,0,0,0,0,6,2006,1,1,12.154779351142624,1,0,0
1289,120,3.6888794541139363,8.641885635373555,2,2,1,1,1,1,3,3,1,8,5,9,9,2,2,6,0.0,2,3,3,1158,0,343,1501,2,1,2,7.413970290190444,0,0,7.413970290190444,1,0,2,0,2,1,1,5,1,1,9.0,2,499,1,212,59,0,0,0,0,0,10,2009,1,1,12.535376392672774,0,0,0
1290,60,4.454347296253507,9.31154225248515,2,2,1,1,1,1,3,3,4,8,5,0,0,2,2,15,788.0,2,3,3,0,0,1085,1085,2,1,2,7.02108396428914,850,0,7.585788821732034,0,0,2,1,3,1,1,8,1,1,0.0,3,753,1,177,74,0,0,0,0,0,10,2006,4,6,12.546109948315882,0,0,0
1291,80,4.23410650459726,9.554780778246572,2,2,1,1,2,1,3,3,8,5,7,46,46,4,2,16,86.0,3,3,3,1014,0,138,1152,2,3,2,7.049254841255837,0,0,7.049254841255837,1,0,1,0,3,1,3,6,1,1,46.0,2,484,1,227,0,0,0,0,0,0,4,2010,1,1,12.103486056755072,1,0,0
1292,160,3.044522437723423,7.426549072397305,2,1,1,1,1,1,3,3,4,5,7,37,37,2,2,6,268.0,3,3,2,231,0,399,630,2,3,2,6.4457198193855785,672,0,7.171656822768514,0,0,2,1,3,1,3,6,1,0,37.0,1,264,1,185,0,0,0,0,0,0,2,2009,1,1,11.691071650353702,0,0,0
1293,70,4.0943445622221,8.794824928014517,2,1,1,1,2,1,3,3,4,5,4,117,44,2,2,16,0.0,3,3,5,0,0,994,994,2,3,1,7.228388451573604,994,0,7.771488760117616,0,0,2,0,4,2,3,11,3,0,24.0,1,432,1,0,287,0,0,0,0,0,12,2009,1,1,11.585246126549855,0,0,0
1294,60,4.356708826689592,9.224243277145174,2,1,1,1,1,1,3,3,4,7,5,30,30,2,2,7,0.0,3,3,3,194,0,638,832,2,3,2,6.723832440821209,832,0,7.416979621381154,0,0,2,1,4,1,3,8,1,1,30.0,2,528,1,0,28,0,0,259,0,0,3,2006,1,1,12.000891794590137,0,0,0
1295,20,4.0943445622221,9.008468955937513,2,1,1,1,1,1,3,3,1,5,7,51,16,4,2,17,0.0,3,3,2,167,0,697,864,2,3,2,6.761572768804055,0,0,6.761572768804055,1,0,1,0,2,1,3,5,1,0,49.0,2,572,3,0,0,0,0,0,0,0,4,2006,1,1,11.652687407345388,0,0,0
1296,20,4.248495242049359,9.035986984831405,2,1,1,1,1,1,2,3,1,5,5,38,38,4,2,7,168.0,3,3,2,1016,0,36,1052,2,2,2,6.9584483932976555,0,0,6.9584483932976555,1,0,1,1,3,1,3,5,1,0,38.0,1,288,1,356,0,0,0,0,0,0,11,2006,1,1,11.83862560460953,0,0,0
1297,20,4.382026634673881,9.071078304642676,2,1,1,1,1,1,3,3,1,5,6,45,45,4,2,9,148.0,3,2,2,776,0,344,1120,2,2,2,7.028201432058005,0,0,7.028201432058005,1,0,2,0,3,1,3,6,1,0,45.0,2,525,1,192,20,123,0,0,0,0,12,2008,1,1,11.951180395901384,0,0,0
1298,180,3.5553480614894135,8.209308411646937,2,1,1,1,1,1,3,3,7,6,5,1,0,2,2,15,82.0,3,3,3,547,0,0,547,2,2,2,6.977281341630747,0,0,6.977281341630747,1,0,2,0,2,1,3,5,1,0,1.0,2,525,1,0,44,0,0,0,0,0,6,2006,4,6,11.84939770159144,0,0,0
1299,60,5.746203190540153,11.064871176788817,2,4,2,1,2,1,2,3,4,10,5,0,0,4,1,14,796.0,1,3,3,5644,0,466,6110,2,1,2,8.453614209773367,950,0,8.637993891561942,2,0,2,1,3,1,1,12,1,3,0.0,2,1418,1,214,292,0,0,0,480,0,1,2008,4,6,11.982929094215963,0,0,0
1300,20,4.31748811353631,8.922658299524402,2,1,1,1,1,1,3,3,1,5,7,51,16,4,2,4,0.0,3,3,2,340,906,0,1246,2,1,2,7.1276936993473985,0,0,7.1276936993473985,1,0,1,1,3,1,2,6,1,0,51.0,1,305,1,218,0,0,0,0,0,0,5,2010,1,1,11.944707881395766,0,0,0
1301,60,4.23410650459726,9.283776690049365,2,2,1,1,3,1,3,3,4,7,5,10,10,2,2,15,344.0,2,3,3,694,0,284,978,2,1,2,6.912742820493176,978,0,7.592366128519796,0,0,2,1,3,1,2,9,1,1,10.0,2,490,1,0,0,0,0,0,0,0,5,2009,1,1,12.323855681186558,1,0,0
1302,70,4.23410650459726,8.922658299524402,2,2,2,1,1,1,3,3,4,6,7,67,59,2,2,16,0.0,3,3,2,547,0,224,771,2,4,2,6.6240652277998935,741,0,7.309212365692763,0,0,1,0,3,1,2,7,1,2,67.0,1,213,2,0,0,0,0,224,0,0,11,2009,1,1,12.086725887897607,1,0,0
1303,60,4.5217885770490405,9.222268942841456,2,1,1,1,1,1,3,3,4,8,5,12,12,4,2,15,391.0,2,3,3,740,0,425,1165,2,1,2,7.0925737159746784,1323,0,7.8343923029104365,1,0,2,1,4,1,2,8,1,1,12.0,3,844,1,309,78,0,0,0,0,0,12,2006,1,1,12.577636201962656,0,0,0
1304,20,4.290459441148391,9.069698042173716,2,1,1,1,1,1,3,3,1,7,5,1,1,2,2,15,228.0,2,3,3,0,0,1616,1616,2,1,2,7.38770923908104,0,0,7.38770923908104,0,0,2,0,3,1,2,7,1,0,1.0,3,834,1,208,59,0,0,0,0,0,4,2006,1,1,12.354492650648448,0,0,0
1305,160,3.4657359027997265,8.12058871174027,2,1,1,1,1,1,3,3,4,7,5,2,2,2,2,15,117.0,2,3,3,0,0,976,976,2,1,2,6.883462586413092,732,0,7.443078374348516,0,0,2,0,3,1,2,7,5,0,2.0,2,380,1,0,40,0,0,0,0,0,4,2006,1,1,11.77528972943772,0,0,0
1306,20,4.68213122712422,9.485924559229828,2,2,1,1,2,1,3,3,1,9,5,3,2,4,2,15,300.0,2,3,3,1572,0,80,1652,2,1,2,7.409741954080923,0,0,7.409741954080923,1,0,2,0,2,1,1,6,1,2,3.0,2,840,1,404,102,0,0,0,0,0,11,2009,1,1,12.691580461311874,0,0,0
1307,120,3.871201010907891,8.847216104357543,2,2,1,1,1,1,3,3,1,7,5,1,0,2,2,15,94.0,2,3,3,0,0,1368,1368,2,1,2,7.221105098182496,0,0,7.221105098182496,0,0,2,0,2,1,2,6,1,1,1.0,2,474,1,132,35,0,0,0,0,0,9,2006,4,6,12.218495165528731,0,0,0
1308,20,4.0943445622221,8.996156562033445,2,1,1,1,1,1,3,3,1,5,5,15,14,2,2,15,0.0,3,2,3,746,0,244,990,2,1,2,6.897704943128636,0,0,6.897704943128636,1,0,1,0,3,1,3,5,1,0,9.0,2,480,1,0,64,0,0,0,0,0,5,2009,1,1,11.835008964139341,0,0,0
1309,20,4.605170185988092,9.392661928770137,2,1,1,1,1,1,3,3,1,5,7,60,3,2,2,9,0.0,3,3,2,144,608,172,924,2,1,2,7.022868086082641,0,0,7.022868086082641,1,0,1,0,2,1,2,6,1,0,60.0,2,528,1,0,36,0,0,0,0,0,5,2008,1,1,11.898187865760873,0,0,0
1310,20,4.23410650459726,8.875287128108384,2,1,1,1,1,1,3,3,1,6,5,17,17,2,2,7,88.0,3,3,2,1200,0,78,1278,2,2,2,7.165493475060845,0,0,7.165493475060845,1,0,2,0,3,1,2,6,1,0,17.0,2,496,1,112,51,0,0,0,0,0,6,2008,1,1,12.096257779522967,1,0,0
1311,20,4.605170185988092,9.769956159911606,2,1,1,1,1,1,7,3,1,7,8,51,8,2,2,4,0.0,2,2,3,1406,0,496,1902,2,3,2,7.550661243105336,0,0,7.550661243105336,1,0,2,0,3,1,1,7,1,2,51.0,2,567,1,0,207,162,0,0,0,0,5,2010,1,1,12.721885810807203,0,0,0
1312,20,4.219507705176107,9.084096645401932,2,1,1,1,1,1,3,3,1,7,5,2,0,2,2,15,80.0,2,3,3,925,0,349,1274,2,1,2,7.149916836132109,0,0,7.149916836132109,1,0,2,0,3,1,2,6,1,0,2.0,2,508,1,264,98,0,0,0,0,0,1,2007,4,6,12.220961258023925,0,0,0
1313,60,4.23410650459726,9.166597449028265,2,2,1,1,1,1,3,3,4,8,5,17,17,2,2,16,336.0,2,3,3,482,0,971,1453,2,1,2,7.2813856635702825,1357,0,7.940939762327791,0,0,2,1,4,1,2,9,1,1,17.0,2,750,1,500,0,0,0,0,0,0,6,2007,1,1,12.618182296357007,1,0,0
1314,60,4.68213122712422,9.600624158088683,2,2,1,1,2,1,3,3,4,9,5,11,11,2,2,15,165.0,2,3,3,0,0,1393,1393,2,1,2,7.259819610363186,1177,0,7.8628820346414905,0,0,2,1,4,1,2,10,1,1,11.0,3,779,1,668,30,0,0,0,0,0,5,2010,1,1,12.716402146247475,0,0,0
1315,20,4.0943445622221,9.010669176847115,2,1,1,1,1,1,3,3,1,4,6,53,53,4,2,16,0.0,3,3,2,732,0,216,948,2,1,2,6.854354502255021,0,0,6.854354502255021,1,0,1,0,3,1,3,5,1,1,51.0,1,280,1,0,36,0,0,0,0,0,10,2007,1,1,11.686878772093667,0,0,0
1316,60,4.442651256490317,9.312445594913337,2,1,1,1,1,1,3,3,4,6,5,39,39,2,2,7,0.0,3,3,2,500,276,176,952,2,3,2,6.9957661563048505,1020,0,7.655390644826152,0,0,2,1,4,1,3,9,1,2,39.0,2,576,1,280,0,0,0,0,0,0,6,2008,1,1,12.239990863733635,0,0,0
1317,20,4.110873864173311,9.232688775639945,2,2,1,1,1,1,3,3,1,8,5,1,1,2,2,15,270.0,2,3,3,0,0,1622,1622,2,1,2,7.396335293800808,0,0,7.396335293800808,1,0,2,0,3,1,1,8,1,1,1.0,3,860,1,172,42,0,0,0,0,0,1,2009,1,1,12.596400426884427,0,0,0
1318,120,3.8501476017100584,8.349957272040324,2,1,1,1,2,1,3,3,1,7,5,1,0,2,2,15,0.0,2,3,3,0,0,1352,1352,2,1,2,7.20934025660291,0,0,7.20934025660291,0,0,2,0,2,1,2,5,1,1,1.0,2,466,1,0,241,0,0,0,0,0,4,2007,4,6,12.249610947544657,0,0,0
1319,20,4.23410650459726,9.601097851212073,2,3,1,1,3,1,3,3,1,8,5,5,4,4,2,15,178.0,2,3,3,0,0,1753,1753,2,1,2,7.488293515159428,0,0,7.488293515159428,0,0,2,0,3,1,2,7,1,1,5.0,3,748,1,198,150,0,0,0,0,0,8,2006,1,1,12.524526376648708,1,0,0
1320,20,4.31748811353631,9.231612507251722,2,1,2,1,1,1,3,3,1,4,5,53,53,4,2,16,132.0,3,3,3,492,0,372,864,2,1,2,6.854354502255021,0,0,6.854354502255021,0,0,1,0,3,1,3,5,1,0,53.0,1,248,1,0,0,0,0,0,0,0,2,2007,1,1,11.617285480294472,0,0,0
1321,20,4.248495242049359,9.035986984831405,2,1,1,1,1,1,3,3,1,6,3,52,52,4,2,4,0.0,3,3,2,189,661,628,1478,2,2,2,7.298445101508147,0,0,7.298445101508147,1,0,1,1,3,1,3,6,1,2,52.0,2,442,1,114,0,0,0,216,0,0,6,2009,1,1,11.960811288962345,0,0,0
1322,20,4.23410650459726,8.798907492088226,2,2,1,1,2,1,2,3,1,3,6,59,58,4,2,15,0.0,3,3,2,0,0,0,0,1,3,1,6.579251212010101,0,0,6.579251212010101,0,0,1,0,2,1,3,4,1,0,53.0,1,287,1,0,0,0,0,0,0,0,7,2008,1,1,11.191341840842766,1,0,0
1323,60,4.672828834461906,9.22876950744455,2,2,1,1,1,1,3,3,4,7,5,18,18,2,2,7,0.0,2,3,3,674,0,76,750,2,1,2,6.966967138613983,862,0,7.56164174558878,1,0,2,1,3,1,2,8,1,1,18.0,2,564,1,240,39,0,0,0,0,0,6,2010,1,1,12.154779351142624,0,0,0
1324,30,3.912023005428146,8.58110651715989,2,1,3,1,1,1,3,3,1,4,7,69,59,4,2,15,0.0,4,3,2,280,0,140,420,2,2,2,6.56244409369372,0,0,6.56244409369372,0,0,1,0,2,1,4,5,1,0,29.0,0,0,1,164,0,0,0,0,0,0,12,2009,1,1,11.320553572322773,0,0,1
1325,20,4.31748811353631,9.208939391060555,2,1,1,1,1,1,3,3,1,8,5,1,0,2,2,15,428.0,2,3,3,0,0,1795,1795,2,1,2,7.492760300922379,0,0,7.492760300922379,0,0,2,0,2,1,2,7,1,1,0.0,3,895,1,0,49,0,0,0,0,0,2,2007,4,6,11.898187865760873,0,0,0
1326,30,3.6888794541139363,8.19863945529737,2,1,1,1,1,1,3,3,1,4,4,86,58,2,2,1,0.0,3,3,1,0,0,796,796,2,4,1,6.679599185844383,0,0,6.679599185844383,0,0,1,0,2,1,3,5,1,0,28.0,0,0,3,0,0,100,0,0,0,0,1,2008,1,1,10.915088464214607,0,0,1
1327,30,4.248495242049359,8.35936910622267,2,1,2,1,1,2,3,3,1,3,6,76,1,2,2,9,0.0,3,3,1,544,0,0,544,2,1,2,6.651571873589727,0,0,6.651571873589727,0,0,1,0,3,1,2,6,1,0,27.0,0,0,1,0,0,286,0,0,0,0,5,2007,1,1,11.27720313144916,0,0,1
1328,20,4.0943445622221,8.794824928014517,2,1,1,1,1,1,3,3,1,5,9,26,0,2,2,15,0.0,2,2,2,641,0,175,816,2,1,2,6.704414354964107,0,0,6.704414354964107,0,1,1,0,3,1,2,5,1,1,26.0,1,264,1,0,0,0,0,0,0,0,10,2008,1,1,11.779128505744886,0,0,0
1329,50,4.0943445622221,9.25339986143663,2,1,1,1,2,1,3,3,2,6,7,88,58,2,2,4,0.0,2,2,1,493,0,1017,1510,3,1,2,7.367708572374371,1208,0,7.934513463882263,0,0,2,0,5,1,3,8,4,2,88.0,2,520,1,0,547,0,0,480,0,1150,6,2008,1,1,12.4529327234617,0,0,0
1330,60,4.143134726391533,9.114269903225448,2,2,1,1,1,1,3,3,4,7,5,8,8,4,2,15,0.0,3,3,3,0,0,935,935,2,2,2,6.86171134048073,677,0,7.397561535524052,0,0,2,1,3,1,3,8,1,1,8.0,2,462,1,0,28,0,0,0,0,0,6,2006,1,1,12.081076155355488,0,0,0
1331,20,4.442651256490317,9.210340371976184,2,1,1,1,1,1,3,3,1,8,5,1,1,4,2,15,410.0,2,3,3,0,0,1588,1588,2,1,2,7.370230641807081,0,0,7.370230641807081,0,0,2,0,3,1,2,7,1,1,1.0,3,825,1,144,45,0,0,0,0,0,12,2007,1,1,12.332705296463539,0,0,0
1332,80,4.007333185232471,9.285447844462988,2,2,1,1,1,1,3,3,8,5,5,30,30,2,2,9,0.0,3,3,2,483,0,428,911,2,2,2,6.860663671448287,0,0,6.860663671448287,0,0,1,0,3,1,3,6,1,0,30.0,2,576,1,0,0,0,0,0,0,0,7,2006,1,1,11.794337924408413,0,0,0
1333,20,4.204692619390966,9.09121894106832,2,1,1,1,1,2,3,3,1,4,6,71,51,2,2,9,0.0,3,3,2,690,0,126,816,2,1,2,6.704414354964107,0,0,6.704414354964107,1,0,1,0,2,1,3,3,1,1,51.0,1,288,1,0,0,0,0,0,0,0,5,2009,1,1,11.512925464970229,0,0,0
1334,50,4.0943445622221,8.881836305004146,2,1,1,1,2,1,3,3,2,5,6,68,11,2,2,16,0.0,3,3,2,0,0,803,803,2,1,2,6.688354713946762,557,0,7.215239978730097,0,0,1,1,2,1,2,6,1,0,55.0,1,297,1,0,65,190,0,0,0,0,7,2006,1,1,11.740061037553975,0,0,0
1335,160,3.1780538303479458,7.769800996003896,2,1,1,1,1,1,3,3,4,5,6,39,39,2,2,7,312.0,3,3,2,765,0,0,765,2,3,2,6.639875833826536,600,0,7.21890970761906,0,0,1,1,3,1,3,7,2,0,39.0,2,440,1,0,36,0,0,0,0,0,5,2009,1,1,11.736069016284437,0,0,0
1336,20,4.382026634673881,9.174713194333032,2,1,1,1,1,1,3,3,1,6,5,32,32,2,2,11,360.0,3,3,2,686,0,664,1350,2,3,2,7.195937226475569,0,0,7.195937226475569,0,1,2,0,2,1,3,6,1,1,32.0,2,630,1,0,16,0,0,0,0,0,4,2009,1,1,12.031123843065632,0,0,0
1337,90,4.465908118654584,9.13194630454817,2,2,1,1,1,1,2,3,1,5,5,35,35,2,2,11,564.0,3,3,2,0,0,1656,1656,2,3,2,7.412160334945205,0,0,7.412160334945205,0,0,2,0,4,2,3,8,1,0,35.0,2,506,1,0,211,0,0,0,0,0,11,2008,1,1,11.813030057420567,0,0,0
1338,30,5.030437921392435,8.323122887587735,2,2,2,1,2,2,2,3,1,4,4,65,56,2,2,16,0.0,3,3,2,0,0,693,693,4,4,1,6.541029999189903,0,0,6.541029999189903,0,0,1,0,2,1,4,4,1,0,26.0,0,0,3,0,20,0,0,0,0,0,3,2006,1,1,10.868568448579715,0,0,1
1339,60,4.553876891600541,9.506734385029985,2,2,1,1,2,1,3,3,4,7,5,4,4,2,2,15,0.0,2,3,3,700,0,216,916,2,1,2,6.824373670043086,941,0,7.528869256642251,1,0,2,1,3,1,2,8,1,0,4.0,2,492,1,146,91,0,0,0,0,0,6,2006,1,1,12.206072645530174,0,0,0
1340,20,4.787491742782046,9.165343006045447,2,2,1,1,2,1,3,3,1,5,7,34,34,4,2,9,0.0,3,2,2,360,0,504,864,2,1,2,6.761572768804055,0,0,6.761572768804055,0,0,1,0,3,1,3,5,1,0,34.0,1,288,1,0,0,0,0,0,0,0,6,2006,1,1,11.763684183317412,0,0,0
1341,20,4.248495242049359,9.023287640806327,2,1,1,1,1,1,3,3,1,4,5,36,36,2,2,9,0.0,3,3,2,0,0,858,858,2,3,2,6.77078942390898,0,0,6.77078942390898,0,0,1,0,3,1,3,5,1,0,33.0,4,480,1,0,0,0,0,0,0,0,6,2007,1,1,11.719939634354555,0,0,0
1342,20,4.189654742026425,9.524786081697178,2,1,1,1,1,1,9,3,1,6,5,5,4,2,2,15,0.0,3,3,3,814,0,300,1114,2,1,2,7.01571242048723,0,0,7.01571242048723,1,0,1,0,3,1,2,6,1,0,4.0,2,576,1,0,78,0,0,0,0,0,7,2008,1,1,11.951180395901384,0,0,0
1343,60,4.23410650459726,9.14580185083861,2,1,1,1,1,1,3,3,4,8,5,5,5,2,2,15,149.0,2,3,3,0,0,1284,1284,2,1,2,7.157735484249907,885,0,7.682021510826875,0,0,2,1,3,1,2,7,1,1,5.0,2,647,1,192,87,0,0,0,0,0,8,2007,1,1,12.339291489316397,1,0,0
1344,50,4.04305126783455,8.930361883909434,2,1,2,1,1,1,3,3,2,6,6,81,59,2,2,4,0.0,3,3,1,0,0,896,896,2,2,2,7.066466970136958,741,0,7.556427969440253,0,0,1,1,3,1,3,9,1,1,80.0,2,342,1,0,0,0,0,0,0,0,3,2009,1,1,12.083905011555967,0,0,0
1345,60,4.442651256490317,9.314970621054266,2,2,1,1,2,1,3,3,4,7,5,1,1,2,2,15,0.0,2,3,3,0,0,728,728,2,1,2,6.590301048196686,728,0,7.283448228756631,0,0,2,1,3,1,2,8,1,1,1.0,2,440,1,0,0,0,0,0,0,0,7,2007,4,6,11.956553034172742,0,0,0
1346,30,3.912023005428146,8.699514748210191,2,1,1,1,1,1,3,3,1,4,4,87,57,4,2,9,0.0,3,3,3,250,0,710,960,2,2,2,6.866933284461882,0,0,6.866933284461882,0,0,1,0,2,1,4,5,1,0,10.0,1,308,1,0,0,168,0,0,0,0,7,2007,1,1,11.594505451962652,0,0,0
1347,20,4.23410650459726,9.941794386690715,2,3,1,1,3,1,6,3,1,7,7,38,3,4,2,4,0.0,3,3,2,297,68,1203,1568,2,3,2,7.6760099320288875,0,0,7.6760099320288875,0,0,2,0,3,1,3,9,1,1,38.0,2,508,1,0,80,0,290,0,0,0,6,2006,1,1,12.478006361013815,1,0,0
1348,20,4.532599493153256,9.636000187369866,2,2,3,1,2,1,3,3,1,8,5,1,0,2,2,15,100.0,2,3,3,80,0,1652,1732,2,1,2,7.4821189235521155,0,0,7.4821189235521155,1,0,2,0,3,1,2,7,1,1,1.0,3,712,1,0,0,0,0,0,0,0,5,2007,4,6,12.554836882168736,0,0,0
1349,20,4.23410650459726,9.692519577152051,2,4,4,1,1,1,3,3,1,7,5,9,9,2,2,15,0.0,2,3,3,1443,0,39,1482,2,1,2,7.309212365692763,0,0,7.309212365692763,1,0,2,0,3,1,2,5,1,1,9.0,2,514,1,402,25,0,0,0,0,0,8,2007,1,1,12.2783933071098,1,0,0
1350,70,3.912023005428146,8.565983355585669,2,1,1,1,1,1,3,3,4,8,5,136,21,2,2,9,0.0,3,2,1,259,0,425,684,5,4,1,6.843749949006225,1215,205,7.765569081097317,0,0,2,0,4,1,3,8,1,0,28.0,0,0,1,0,54,20,0,0,0,0,12,2008,1,1,11.711776323715394,0,0,1
1351,90,4.51085950651685,9.362460420037015,2,1,1,1,1,1,1,3,4,5,5,40,40,2,2,9,368.0,3,3,2,500,0,748,1248,2,3,2,7.198931240688173,1296,0,7.876258882303226,1,1,2,2,6,2,3,12,1,0,40.0,4,968,1,0,0,0,0,0,0,0,8,2009,1,1,12.206072645530174,0,0,0
1352,60,4.248495242049359,9.132054453577638,2,2,1,1,1,1,3,3,4,6,6,46,46,2,2,7,318.0,3,3,2,319,0,539,858,2,1,2,6.754604099487962,858,0,7.447751280047908,0,0,1,1,4,1,3,8,1,1,46.0,2,490,1,0,84,0,0,120,0,0,3,2008,1,1,12.049418835484797,0,0,0
1353,50,3.912023005428146,8.699514748210191,2,1,1,1,1,1,3,3,2,6,9,72,9,2,2,9,0.0,2,3,1,0,0,698,698,2,3,2,6.666956792429207,390,0,7.069874128458572,0,0,1,0,2,1,3,4,1,0,10.0,2,624,3,210,0,0,0,0,0,0,7,2009,1,1,11.812289042195847,0,0,0
1354,50,4.02535169073515,9.596962392282867,2,2,1,1,3,1,3,3,2,8,5,15,14,4,2,15,579.0,2,3,3,816,0,1217,2033,2,1,2,7.627057417018934,1185,0,8.08271113423758,1,0,2,1,4,1,2,9,1,1,14.0,3,666,1,283,86,0,0,0,0,0,3,2010,1,1,12.92391243868049,0,0,0
1355,60,4.23410650459726,9.241451367001236,2,2,1,1,1,1,3,3,4,7,5,8,8,2,2,15,0.0,2,3,3,735,0,257,992,2,1,2,6.899723107284872,873,0,7.5310163320779155,1,0,2,1,3,1,2,7,1,1,8.0,3,839,1,0,184,0,0,0,0,0,6,2008,1,1,12.367340793126296,1,0,0
1356,80,4.624972813284271,9.229358377811945,2,2,1,1,1,1,3,3,8,7,6,38,14,2,2,9,143.0,3,3,2,0,0,570,570,2,2,2,7.108244139731541,698,0,7.560080465021827,0,0,3,0,4,1,2,8,1,1,38.0,2,487,1,0,98,0,0,0,0,0,9,2006,1,1,12.043553716032399,0,0,0
1357,20,4.23410650459726,9.156623089470195,2,1,1,1,2,1,3,3,1,5,5,42,42,2,2,7,65.0,3,3,2,340,0,524,864,2,3,2,6.79346613258001,0,0,6.79346613258001,0,0,1,0,3,1,3,5,1,0,42.0,1,264,1,0,0,0,0,0,0,0,10,2008,1,1,11.608235644774552,1,0,0
1358,20,4.23410650459726,9.436439551116026,2,2,1,1,3,1,3,3,1,5,6,39,2,2,2,15,0.0,3,3,2,734,0,344,1078,2,1,2,6.982862751468942,0,0,6.982862751468942,1,0,1,1,3,1,3,6,1,1,39.0,2,500,1,0,0,0,0,0,0,0,4,2010,1,1,11.917723684090689,1,0,0
1359,160,4.23410650459726,7.6577552711348655,2,1,1,1,1,1,3,3,4,6,5,10,10,2,2,9,216.0,2,3,3,378,0,378,756,2,1,2,6.645090969505644,804,0,7.360739903058278,0,0,2,1,3,1,2,5,1,0,10.0,2,440,1,0,32,0,0,0,0,0,6,2010,1,1,12.086725887897607,1,0,0
1360,20,4.859812404361672,9.725377116513638,2,1,1,1,5,1,3,3,1,9,5,2,1,4,2,15,66.0,2,3,3,1447,0,533,1980,2,1,2,7.590852123688581,0,0,7.590852123688581,1,0,2,0,3,1,1,8,1,1,2.0,3,770,1,194,45,0,0,0,0,0,9,2006,1,1,12.66032791780777,0,0,0
1361,70,3.9318256327243257,9.194414221425923,2,1,1,1,1,1,2,3,4,5,6,87,10,2,2,9,0.0,3,3,1,0,0,612,612,2,1,2,6.897704943128636,1611,0,7.8636512654486515,0,0,3,1,4,1,3,8,1,0,10.0,2,621,1,183,0,301,0,0,0,0,5,2008,1,1,12.14950229404178,0,0,0
1362,20,4.820281565605037,9.690170562039654,2,2,4,1,1,2,3,3,1,7,5,4,4,4,2,15,16.0,2,3,3,1274,0,256,1530,2,1,2,7.333023014386481,0,0,7.333023014386481,1,0,2,0,3,1,2,7,1,1,4.0,2,430,1,168,36,0,0,0,0,0,6,2009,1,1,12.468436909997665,0,0,0
1363,50,4.23410650459726,9.434523382865056,2,2,1,1,4,1,2,3,2,4,4,89,2,2,2,15,0.0,3,2,1,0,0,715,715,2,2,2,7.155396301896734,457,0,7.460490305825338,0,0,2,0,4,1,3,7,1,1,89.0,1,368,1,55,0,0,0,0,0,0,6,2009,1,1,11.560762794384388,1,0,0
1364,60,4.290459441148391,9.047703788498627,2,2,1,1,1,1,3,3,4,6,5,1,0,2,2,15,0.0,3,3,3,0,0,616,616,2,1,2,6.423246963533519,796,0,7.252762418053187,0,0,2,1,3,1,2,6,1,1,0.0,2,432,1,0,36,0,0,0,0,0,3,2007,4,6,11.963567869487337,0,0,0
1365,160,3.4011973816621555,8.064636475774222,2,1,1,1,1,1,3,3,4,7,5,1,1,2,2,9,0.0,2,3,3,0,0,600,600,2,1,2,6.253828811575473,600,80,7.090076835776092,0,0,2,1,2,1,2,4,1,0,1.0,2,480,1,0,166,0,0,0,0,0,4,2006,1,2,11.87862357740665,0,0,0
1366,60,4.23410650459726,8.922658299524402,2,1,1,1,1,1,3,3,4,7,5,10,10,2,2,15,0.0,2,3,3,533,0,281,814,2,1,2,6.70196036600254,860,0,7.422971251049421,1,0,2,1,3,1,2,7,1,0,10.0,2,663,1,0,96,0,0,0,0,0,1,2010,1,1,12.283033686666302,1,0,0
1367,60,4.219507705176107,9.12467354521909,2,2,1,1,1,1,3,3,4,7,5,9,9,2,2,15,158.0,2,3,3,633,0,240,873,2,1,2,6.782192056006791,908,0,7.489970898834801,1,0,2,1,3,1,2,7,1,0,9.0,2,588,1,0,88,0,0,0,0,0,6,2008,1,2,12.170445467887022,0,0,0
1368,160,3.713572066704308,7.887959336599945,2,1,1,1,1,1,3,3,4,5,6,29,29,2,2,6,0.0,3,3,3,548,173,36,757,2,1,2,6.829793737512425,550,0,7.29641326877392,0,0,2,0,4,1,3,6,1,1,29.0,1,336,1,104,26,0,0,0,0,0,7,2006,1,1,11.751942365440728,0,0,0
1369,120,4.23410650459726,8.39728289474368,2,1,1,1,1,1,3,3,1,6,5,6,5,2,2,15,170.0,2,3,3,685,0,163,848,2,1,2,6.742880635791903,0,0,6.742880635791903,1,0,1,0,1,1,2,4,1,0,6.0,2,420,1,140,0,0,0,0,0,0,6,2009,1,1,11.877568578558138,1,0,0
1370,20,3.871201010907891,9.271905727634337,2,3,1,1,4,1,3,3,1,8,5,7,7,4,2,15,171.0,2,3,3,370,972,315,1657,2,1,2,7.419380582918692,0,0,7.419380582918692,1,0,2,0,3,1,2,8,1,1,7.0,2,502,1,0,262,0,0,0,0,0,5,2010,1,1,12.354492650648448,0,0,0
1371,50,4.499809670330265,8.594154232552366,2,1,1,1,2,1,1,3,2,4,6,89,59,2,2,5,0.0,4,3,3,315,105,420,840,2,1,2,6.733401891837359,534,0,7.2254814727822945,0,0,1,0,2,1,3,6,1,0,42.0,1,338,1,0,0,198,0,0,0,0,10,2009,1,1,11.56171562913966,0,0,0
1372,80,4.382026634673881,9.169518377455928,2,1,1,1,1,1,3,3,8,6,6,53,12,4,2,1,0.0,3,3,2,831,0,161,992,2,2,2,7.415175109613295,0,0,7.415175109613295,1,0,1,0,3,1,2,8,1,1,53.0,1,377,1,0,28,0,0,178,0,0,10,2008,1,1,12.016726473799254,0,0,0
1373,60,4.31748811353631,9.185022563991893,2,1,1,1,2,1,3,3,4,7,6,8,8,2,2,15,0.0,3,3,3,975,0,133,1108,2,1,2,7.010311867307229,989,0,7.64826303090192,1,0,2,1,3,1,2,8,1,1,8.0,2,583,1,253,170,0,0,0,0,0,6,2006,1,1,12.521977676925694,0,0,0
1374,20,4.23410650459726,9.341368634382587,2,1,1,1,1,1,3,3,1,10,5,6,5,4,2,15,705.0,1,3,3,1282,0,1351,2633,2,1,2,7.87587915949631,0,0,7.87587915949631,1,0,2,1,2,1,1,8,1,2,6.0,3,804,1,314,140,0,0,0,0,0,3,2007,1,1,13.053013299269535,1,0,0
1375,60,4.442651256490317,9.270964993792617,2,1,1,1,1,1,3,3,4,7,5,3,3,2,2,6,0.0,2,3,3,0,0,1026,1026,2,1,2,6.933423025730715,932,0,7.579678823090456,0,0,2,1,3,1,2,9,1,1,3.0,3,936,1,154,210,0,0,0,0,0,7,2008,1,1,12.429216196844383,0,0,0
1376,20,4.48863636973214,9.3048320350689,2,2,3,1,1,1,3,3,1,8,5,0,0,2,2,15,80.0,2,3,3,0,0,1571,1571,2,1,2,7.359467638255621,0,0,7.359467638255621,0,0,2,0,3,1,2,7,1,1,0.0,3,722,1,100,36,0,0,0,0,0,12,2007,4,6,12.384218830913648,0,0,0
1377,30,3.9512437185814275,8.747034264178168,2,1,2,1,1,1,3,3,1,6,5,78,58,2,2,16,0.0,3,3,1,384,0,384,768,2,3,1,6.672032945461067,0,0,6.672032945461067,0,0,1,0,2,1,3,4,1,0,83.0,1,160,1,0,141,0,0,0,0,0,4,2008,1,1,11.418614785498987,0,0,0
1378,50,4.0943445622221,9.30546871706776,2,1,1,1,1,1,3,3,2,5,5,68,49,2,2,16,0.0,3,3,2,408,420,156,984,2,1,2,6.891625897052253,620,0,7.38025578842646,0,0,2,0,3,1,3,6,3,0,32.0,2,660,1,0,68,0,0,0,0,0,7,2009,1,1,11.669929213779893,0,0,0
1379,160,3.044522437723423,7.577121930876679,2,1,1,1,1,1,3,3,4,6,5,33,33,2,2,7,408.0,3,3,2,309,0,174,483,2,3,2,6.180016653652572,504,0,6.894670039433482,0,0,1,1,2,1,3,5,1,0,33.0,1,264,1,72,0,0,0,0,0,0,6,2006,1,1,11.326595886778735,0,0,0
1380,80,4.290459441148391,9.1834829178063,2,1,1,1,1,1,3,3,8,5,5,2,1,2,2,15,0.0,3,3,3,0,0,384,384,2,2,2,6.625392368007956,640,0,7.2399325913204695,0,0,2,1,3,1,2,7,1,0,1.0,2,400,1,100,0,0,0,0,0,0,5,2008,1,1,12.028738630247258,0,0,0
1381,30,3.8066624897703196,9.013351778138825,2,1,1,1,1,1,3,3,1,3,3,96,60,2,2,14,0.0,3,4,1,203,0,661,864,2,3,1,6.761572768804055,0,0,6.761572768804055,1,0,1,0,2,1,3,5,1,0,72.0,1,200,1,0,0,96,0,0,0,0,6,2010,1,1,10.976782033219948,0,0,0
1382,20,4.23410650459726,9.46691869937663,2,2,1,1,2,1,3,3,1,6,7,38,38,2,2,4,0.0,3,3,2,865,0,340,1205,2,1,2,7.6577552711348655,0,0,7.6577552711348655,0,0,2,1,4,1,3,7,1,2,38.0,2,550,1,0,42,0,0,0,0,0,5,2008,1,1,12.377922902456833,1,0,0
1383,70,4.0943445622221,8.881836305004146,2,1,1,1,2,1,3,3,4,7,7,86,56,4,2,16,0.0,3,3,1,0,0,596,596,2,1,2,6.905753276311464,764,0,7.474204806496124,1,0,1,1,4,1,2,8,1,0,17.0,2,576,3,36,0,221,0,0,0,0,10,2006,1,1,11.964001084330445,0,0,0
1384,30,4.23410650459726,10.140099989797301,2,1,1,1,1,1,3,3,1,5,7,89,0,2,2,16,0.0,3,2,1,0,0,816,816,2,1,2,7.255591274253665,0,0,7.255591274253665,0,0,2,0,3,1,2,7,1,0,0.0,2,576,3,0,0,112,0,0,0,0,8,2007,1,1,11.626254150277232,1,0,0
1385,50,4.0943445622221,9.111624399037025,2,1,1,1,1,1,3,3,2,6,5,70,59,2,2,17,0.0,3,3,1,204,0,356,560,2,3,2,6.548219102762372,560,0,7.1372784372603855,0,0,1,0,2,1,3,6,1,0,70.0,1,280,2,0,0,0,0,0,0,0,10,2009,1,1,11.56171562913966,0,0,0
1386,50,3.6888794541139363,8.600798775271034,2,1,1,1,1,1,3,3,2,4,8,88,3,2,2,15,0.0,3,2,1,735,0,61,796,2,2,2,6.679599185844383,358,0,7.050989447068045,1,0,1,0,3,1,2,7,1,0,88.0,1,240,3,0,96,0,0,0,0,0,5,2010,1,1,11.740061037553975,0,0,0
1387,60,4.382026634673881,9.722684841711443,2,2,1,1,1,1,5,3,4,7,5,28,28,2,2,11,184.0,3,3,2,790,469,133,1392,2,3,2,7.238496840894365,1392,0,7.931644021454311,1,0,3,1,5,1,2,12,1,2,28.0,2,564,1,0,112,0,0,440,519,2000,7,2006,1,1,12.429216196844383,0,0,0
1388,50,4.0943445622221,9.050171619823361,2,1,1,1,1,1,1,3,2,6,7,91,57,2,2,14,0.0,3,2,1,168,546,0,714,3,3,1,7.416979621381154,862,0,7.8343923029104365,0,0,2,0,5,1,2,10,1,1,91.0,1,216,1,88,15,0,0,0,0,0,8,2007,2,5,11.820410164718188,0,0,0
1389,20,3.7376696182833684,9.608579434992608,2,2,3,1,3,1,3,3,1,9,5,3,2,2,2,15,160.0,1,3,3,1320,0,426,1746,2,1,2,7.465082736399547,0,0,7.465082736399547,1,0,2,0,3,1,1,7,1,2,3.0,3,758,1,201,39,0,0,0,0,0,10,2009,1,1,12.841325847671216,0,0,0
1390,50,4.0943445622221,8.699514748210191,2,1,1,1,1,1,3,3,2,6,6,66,57,2,2,16,0.0,3,2,1,375,0,360,735,2,1,2,6.767343125265392,349,0,7.1049654482698426,0,1,1,0,3,1,3,6,1,1,4.0,2,440,1,0,0,0,0,0,0,0,3,2007,1,1,11.782952602183288,0,0,0
1391,20,4.248495242049359,9.116029692504942,2,1,1,1,1,1,3,3,1,7,5,6,6,2,2,15,244.0,2,3,3,1400,0,125,1525,2,1,2,7.329749689041512,0,0,7.329749689041512,1,0,2,0,3,1,2,6,1,0,6.0,2,541,1,219,36,0,0,0,0,0,9,2006,1,1,12.367340793126296,0,0,0
1392,90,4.174387269895637,9.09873819539488,2,1,1,1,1,1,3,3,1,5,5,42,42,2,2,11,0.0,3,3,2,0,0,1584,1584,2,3,2,7.367708572374371,0,0,7.367708572374371,0,0,2,0,4,2,3,8,4,0,42.0,3,792,1,0,152,0,0,0,0,0,4,2009,1,1,11.728036844587175,0,0,0
1393,85,4.219507705176107,8.966738978759576,2,1,1,1,1,1,3,3,7,5,5,39,39,2,2,7,0.0,3,3,2,769,0,95,864,2,3,2,6.802394763324311,0,0,6.802394763324311,1,0,1,0,3,1,3,6,1,1,39.0,1,288,1,175,144,0,0,0,0,0,12,2006,1,1,11.719939634354555,0,0,0
1394,190,4.0943445622221,9.287301413112312,2,1,1,1,1,1,3,3,2,6,7,103,8,2,2,16,0.0,3,3,1,0,0,482,482,2,1,1,7.107425474110705,691,0,7.555905093611346,0,0,2,0,3,2,3,7,1,1,5.0,2,672,1,0,25,212,0,0,0,0,4,2008,1,1,12.0015054797889,0,0,0
1395,120,3.970291913552122,8.305236829492593,2,1,1,1,1,1,3,3,1,7,5,0,0,4,2,15,45.0,2,3,3,1070,0,286,1356,2,1,2,7.313220387090301,0,0,7.313220387090301,1,0,2,0,2,1,2,6,1,1,0.0,3,648,1,161,20,0,0,0,0,0,10,2006,4,6,12.415433652431746,0,0,0
1396,60,4.477336814478207,9.446597562435775,2,2,1,1,1,1,3,3,4,8,5,2,1,4,2,15,245.0,2,3,3,0,0,1094,1094,2,1,2,7.0326242610280065,1349,0,7.8168199657645525,0,0,2,1,4,1,2,9,1,1,2.0,3,642,1,144,39,0,0,0,0,0,2,2007,1,1,12.54686766829102,0,0,0
1397,20,4.23410650459726,10.95430917736789,2,2,2,1,1,3,3,3,1,5,5,62,60,2,2,16,0.0,3,3,2,353,334,60,747,2,3,2,7.430707082545968,0,0,7.430707082545968,1,0,1,0,3,1,3,7,2,2,44.0,2,572,3,0,0,50,0,0,0,0,6,2010,1,1,11.982929094215963,1,0,0
1398,70,3.9318256327243257,8.719317375506371,2,1,1,1,1,1,3,3,4,5,8,87,3,2,2,9,0.0,3,3,1,0,0,939,939,2,1,2,6.844815479208263,574,0,7.321849713788356,0,0,1,1,4,1,3,8,1,0,74.0,1,180,3,24,0,150,0,0,0,0,5,2007,1,1,11.831379196088763,0,0,0
1399,50,4.0943445622221,8.881836305004146,2,1,1,1,1,1,3,3,2,5,4,59,27,2,2,15,0.0,3,3,2,180,352,676,1208,2,2,2,7.035268599281097,768,0,7.55171221535131,1,0,1,1,3,1,3,7,2,0,59.0,1,240,1,0,0,168,0,0,0,0,5,2009,1,1,11.835008964139341,0,0,0
1400,50,3.9318256327243257,8.727616178321068,2,1,1,1,1,1,3,3,2,6,6,84,19,2,2,17,0.0,3,3,1,264,0,712,976,2,1,2,7.05617528410041,448,0,7.382746449738912,0,0,2,1,3,1,2,7,1,1,84.0,1,216,1,147,16,0,0,0,0,0,10,2009,1,1,11.83101549359339,0,0,0
1401,50,3.912023005428146,8.699514748210191,2,1,1,1,2,1,3,3,2,6,7,79,58,2,2,17,0.0,3,3,1,0,0,862,862,2,3,2,6.856461984594587,208,0,7.05444965813294,0,0,1,0,3,1,3,5,1,1,79.0,1,208,1,0,0,112,0,0,0,0,7,2008,1,1,11.695247021764184,0,0,0
1402,60,4.127134385045092,8.911260254572033,2,2,1,1,1,1,3,3,4,6,5,4,4,2,2,15,0.0,3,3,3,759,0,80,839,2,1,2,6.761572768804055,729,0,7.373374309910049,1,0,2,1,3,1,3,8,1,1,4.0,2,398,1,100,75,0,0,0,0,0,4,2008,1,1,12.170445467887022,0,0,0
1403,20,4.1588830833596715,8.819073983267831,2,1,1,1,1,1,3,3,1,7,5,0,0,2,2,15,0.0,2,3,3,0,0,1286,1286,2,1,2,7.165493475060845,0,0,7.165493475060845,0,0,2,0,2,1,2,6,1,1,0.0,2,662,1,168,55,0,0,0,0,0,7,2006,4,6,12.174989532116426,0,0,0
1404,20,3.8918202981106265,9.632728147280256,2,2,1,1,3,1,5,3,1,8,5,0,0,2,2,15,84.0,2,3,3,929,0,556,1485,2,1,2,7.288927694521257,0,0,7.288927694521257,1,0,2,0,3,1,2,6,1,0,0.0,3,754,1,168,160,0,0,0,0,0,8,2007,1,1,12.552926520261092,0,0,0
1405,50,4.0943445622221,9.250522161609014,2,1,1,1,2,1,1,3,2,3,4,91,56,2,2,16,0.0,3,3,3,0,0,672,672,2,3,2,6.542471960506805,520,0,7.101675971619444,0,0,1,0,3,1,3,6,1,0,8.0,3,936,1,216,0,160,0,0,0,0,1,2006,1,5,11.56171562913966,0,0,0
1406,120,3.784189633918261,8.253748343328501,2,2,3,1,1,2,3,3,1,8,5,4,3,4,2,6,174.0,2,3,3,1373,0,221,1594,2,1,2,7.406103381237015,0,0,7.406103381237015,1,1,2,0,2,1,2,5,1,1,4.0,2,482,1,128,53,0,0,155,0,0,1,2008,1,1,12.524526376648708,0,0,0
1407,85,4.248495242049359,9.041329829241901,2,1,1,1,2,1,3,3,7,5,7,37,2,2,2,7,0.0,3,3,2,656,0,112,768,2,3,2,6.643789733147672,0,0,6.643789733147672,1,0,1,0,2,1,3,5,1,0,21.0,2,396,1,58,0,0,0,0,0,0,3,2009,1,1,11.79810440720389,0,0,0
1408,20,4.23410650459726,9.080231686629162,2,2,1,1,2,1,3,3,1,5,5,24,24,2,2,7,0.0,3,3,2,625,0,208,833,2,1,2,6.725033642166843,0,0,6.725033642166843,1,0,1,0,3,1,3,5,1,0,29.0,0,0,1,0,0,0,0,0,0,0,3,2009,1,1,11.626254150277232,1,0,1
1409,70,4.0943445622221,8.954156966583772,2,1,1,1,1,1,3,3,4,4,7,100,60,2,2,15,0.0,3,3,2,0,0,622,622,2,2,2,6.608000625296087,622,0,7.217443431696533,0,0,1,0,3,1,3,6,1,0,44.0,2,528,1,0,0,0,0,168,0,0,6,2010,1,1,11.740061037553975,0,0,0
1410,60,3.828641396489095,9.930324206489688,2,2,1,1,3,1,3,3,4,7,6,22,17,2,2,11,123.0,3,2,2,0,0,791,791,2,2,2,7.119635638017636,857,0,7.646353722445999,0,0,2,1,3,1,3,7,1,1,22.0,2,542,1,364,63,0,0,0,0,0,11,2008,1,1,12.2783933071098,0,0,0
1411,60,4.3694478524670215,9.42706335548747,2,1,1,1,1,1,3,3,4,7,5,8,8,2,2,15,0.0,2,3,3,666,0,278,944,2,1,2,6.8501261661455,896,0,7.517520850603031,1,0,2,1,3,1,2,6,1,0,8.0,2,622,1,0,45,0,0,0,0,0,6,2009,1,1,12.345834587905333,0,0,0
1412,50,4.382026634673881,9.169518377455928,2,1,1,1,1,1,3,3,2,6,8,59,4,2,2,15,0.0,3,2,2,120,0,736,856,2,1,2,7.013915474810528,556,0,7.419380582918692,0,0,1,1,3,1,3,6,3,0,59.0,1,271,1,0,0,0,0,0,0,0,9,2009,1,1,11.84939770159144,0,0,0
1413,90,4.0943445622221,8.881836305004146,2,1,1,1,1,1,3,3,1,4,5,60,59,2,2,4,0.0,3,3,4,0,0,0,0,6,4,1,6.946975992135418,0,0,6.946975992135418,0,0,2,0,2,2,3,6,1,0,53.0,2,420,1,0,0,0,0,0,0,0,6,2009,1,1,11.407564949312402,0,0,0
1414,20,4.477336814478207,9.305104948420606,2,2,1,1,2,1,3,3,1,8,5,4,3,2,2,15,366.0,2,3,3,976,0,868,1844,2,1,2,7.519692404116539,0,0,7.519692404116539,1,0,2,0,2,1,2,7,1,1,4.0,2,620,1,165,44,0,0,0,0,0,9,2009,5,2,12.456831363877356,0,0,0
1415,50,4.1588830833596715,9.47677327138879,2,1,2,1,1,1,3,3,2,6,7,85,8,3,2,16,0.0,3,3,1,0,0,833,833,2,2,2,6.959398512133975,795,0,7.521859252201629,0,0,1,1,4,1,2,8,1,1,86.0,2,370,3,0,0,0,0,220,0,0,6,2008,1,1,12.240474072247506,0,0,0
1416,120,3.9318256327243257,8.19836438996762,2,1,1,1,1,1,3,3,1,7,5,2,2,4,2,15,130.0,2,3,3,988,0,398,1386,2,1,2,7.358193752733032,0,0,7.358193752733032,0,1,2,0,1,1,2,7,1,1,2.0,3,660,1,143,20,0,0,0,0,0,5,2009,1,1,12.077670930725649,0,0,0
1417,190,4.0943445622221,9.336091577281744,2,1,1,1,1,1,3,3,4,4,6,125,60,2,2,15,0.0,3,3,3,0,0,777,777,2,2,2,7.1276936993473985,1044,0,7.736307096548285,0,0,2,0,4,2,3,11,1,0,39.0,2,560,3,0,0,114,0,0,0,0,4,2010,1,1,11.715866308966918,0,0,0
1418,60,4.23410650459726,9.713839220355712,2,2,1,1,1,1,3,3,4,8,5,11,11,2,2,15,731.0,2,3,3,781,0,503,1284,2,1,2,7.177782416195197,1140,0,7.803843303538772,1,0,2,1,3,1,2,7,1,1,11.0,3,1069,1,0,126,0,0,0,0,0,5,2009,1,1,12.736700896592344,1,0,0
1419,20,4.2626798770413155,9.127393451155257,2,1,1,1,1,1,3,3,1,5,5,45,45,2,2,7,0.0,3,3,2,25,872,247,1144,2,3,2,7.042286171939743,0,0,7.042286171939743,1,0,1,1,3,1,3,6,1,0,46.0,1,336,1,0,88,0,0,0,0,0,8,2008,5,1,11.728036844587175,0,0,0
1420,20,4.23410650459726,9.703877405604631,2,2,1,1,1,1,3,3,1,6,5,37,37,2,2,11,312.0,2,2,2,1110,0,734,1844,2,2,2,7.519692404116539,0,0,7.519692404116539,1,0,2,0,3,1,2,7,1,1,37.0,2,540,1,0,73,216,0,0,0,0,12,2006,1,1,12.314927050442256,1,0,0
1421,60,4.499809670330265,9.367344120785848,2,1,1,1,2,1,3,3,4,6,6,38,38,2,2,7,420.0,3,3,2,404,0,304,708,2,2,2,6.56244409369372,708,0,7.255591274253665,0,0,2,1,3,1,3,7,1,1,38.0,2,776,1,0,169,0,0,119,0,0,5,2006,1,1,12.100156419938624,0,0,0
1422,120,3.970291913552122,8.304742269640771,2,1,1,1,1,1,3,3,1,6,5,33,33,2,2,11,0.0,3,3,2,360,0,709,1069,2,3,2,6.974478911025045,0,0,6.974478911025045,0,0,2,0,2,1,3,4,1,1,33.0,2,440,1,0,55,0,0,165,0,0,7,2010,1,1,11.755871643580617,0,0,0
1423,120,3.6109179126442243,8.39728289474368,2,1,1,1,1,1,3,3,1,6,5,5,5,2,2,15,170.0,2,3,3,686,0,162,848,2,1,2,6.742880635791903,0,0,6.742880635791903,1,0,1,0,1,1,2,3,1,0,5.0,2,420,1,140,0,0,0,0,0,0,3,2008,1,1,11.824079893607152,0,0,0
1424,80,4.23410650459726,9.88786617163317,2,2,1,1,3,1,3,3,8,6,7,40,40,1,6,11,0.0,2,2,2,0,0,697,697,2,3,2,7.362010551259734,626,0,7.696667081526462,0,0,2,0,4,1,2,8,1,1,40.0,2,432,1,586,236,0,0,0,738,0,8,2006,1,4,12.524417279788771,1,0,0
1425,20,4.23410650459726,9.159362817211315,2,1,1,1,1,1,3,3,1,5,5,49,24,4,2,7,0.0,3,3,2,457,374,193,1024,2,3,2,7.203405521083095,0,0,7.203405521083095,1,0,1,0,2,1,3,6,2,1,37.0,1,484,1,316,28,0,0,0,0,0,6,2007,1,1,11.877568578558138,1,0,0
1426,20,4.382026634673881,9.27995971385624,2,2,1,1,1,1,3,3,1,6,6,49,49,4,2,7,243.0,2,3,2,0,0,1252,1252,2,1,2,7.132497551660044,0,0,7.132497551660044,0,0,1,0,3,1,2,7,1,0,48.0,2,528,1,0,39,0,0,0,0,0,10,2008,1,1,11.863582336583399,0,0,0
1427,60,4.394449154672439,9.30054663986233,2,2,1,1,1,1,3,3,4,7,5,14,14,2,2,15,448.0,2,3,3,1000,0,223,1223,2,1,2,7.109062135687172,904,0,7.6624678152002375,1,0,2,1,3,1,2,5,1,2,14.0,2,525,1,171,132,0,0,0,0,0,8,2008,1,1,12.509874099861838,0,0,0
1428,50,4.0943445622221,9.299266581170585,2,1,2,1,1,1,1,3,2,5,6,63,58,2,2,9,0.0,3,3,2,580,0,333,913,2,3,2,6.954638864880987,510,0,7.351158226430694,1,0,1,1,3,1,3,6,1,1,46.0,1,288,1,0,0,0,0,0,0,0,4,2008,1,1,11.84939770159144,0,0,0
1429,30,4.0943445622221,8.881836305004146,2,1,1,1,2,1,3,3,1,5,7,70,18,2,2,9,294.0,3,2,2,510,0,278,788,2,3,2,6.6895992691789665,0,0,6.6895992691789665,1,0,1,0,2,1,2,4,1,2,70.0,1,240,1,0,0,154,0,0,0,0,2,2010,1,2,11.686878772093667,0,0,0
1430,20,4.23410650459726,9.437157168656688,2,2,1,1,2,1,3,3,1,6,7,26,26,2,2,9,310.0,2,2,2,678,0,762,1440,2,1,2,7.272398392570047,0,0,7.272398392570047,0,0,2,0,3,1,2,7,1,1,26.0,2,467,1,0,0,99,0,0,0,0,4,2007,1,1,12.116694834378958,1,0,0
1431,60,4.0943445622221,9.995610841411933,2,4,1,1,1,1,5,3,4,5,5,1,1,2,2,15,0.0,2,3,3,0,0,732,732,2,1,2,6.598509028614515,1104,0,7.516433302915632,0,0,2,1,4,1,3,7,1,1,1.0,2,372,1,100,40,0,0,0,0,0,7,2006,1,1,12.16597955196373,0,0,0
1432,120,4.23410650459726,8.502688505213357,2,2,1,1,1,1,3,3,1,6,6,33,33,2,2,11,0.0,3,3,2,958,0,0,958,2,3,2,6.86484777797086,0,0,6.86484777797086,0,0,2,0,2,1,3,5,1,0,33.0,2,440,1,0,60,0,0,0,0,0,10,2009,1,1,11.875830958659597,1,0,0
1433,30,4.0943445622221,9.287301413112312,2,1,1,1,1,1,3,3,1,4,6,80,0,2,2,16,0.0,3,3,1,0,0,656,656,2,3,2,6.875232087276577,0,0,6.875232087276577,0,0,2,0,4,1,3,5,1,0,79.0,1,216,1,0,0,0,0,0,0,0,8,2007,1,1,11.074420502783864,0,0,0
1434,60,4.532599493153256,9.236105579862208,2,2,1,1,1,1,3,3,4,6,5,8,8,2,2,15,318.0,3,3,3,0,0,936,936,2,1,2,6.8690144506657065,830,0,7.491087593534876,1,0,2,1,3,1,3,8,1,1,8.0,2,451,1,0,0,0,0,0,0,0,5,2008,1,1,12.136186518066006,0,0,0
1435,20,4.382026634673881,9.764225485202621,2,1,4,1,1,2,3,3,1,5,5,29,29,2,2,4,0.0,3,3,2,936,0,190,1126,2,4,2,7.026426808699636,0,0,7.026426808699636,1,0,2,0,3,1,3,5,1,1,29.0,2,484,2,295,41,0,0,0,0,0,5,2006,1,1,11.982929094215963,0,0,0
1436,20,4.382026634673881,9.035986984831405,2,1,1,1,1,1,3,3,1,6,9,46,3,2,2,16,237.0,2,2,2,0,0,1319,1319,2,3,2,7.337587743538596,0,0,7.337587743538596,1,0,1,1,3,1,2,7,1,1,46.0,2,462,1,0,36,0,0,0,0,0,7,2008,5,2,12.066810578196666,0,0,0
1437,20,4.0943445622221,9.104979856318357,2,1,1,1,4,1,3,3,1,4,6,36,36,2,2,7,0.0,3,3,3,616,0,248,864,2,3,2,6.761572768804055,0,0,6.761572768804055,0,0,1,0,3,1,3,5,1,0,33.0,2,528,1,0,0,0,0,0,0,0,5,2007,1,1,11.699405031912846,0,0,0
1438,20,4.564348191467836,9.428993858017527,2,1,1,1,4,1,3,3,1,8,5,0,0,4,2,15,426.0,1,3,3,1336,0,596,1932,2,1,2,7.566311014772463,0,0,7.566311014772463,1,0,2,0,2,1,1,7,1,1,0.0,3,774,1,0,66,0,304,0,0,0,11,2008,4,6,12.885670953244288,0,0,0
1439,20,4.499809670330265,8.91018077801329,2,1,1,1,1,1,1,3,1,6,7,53,14,2,2,9,0.0,3,3,2,600,0,312,912,2,3,2,7.119635638017636,0,0,7.119635638017636,1,0,1,0,2,1,3,6,1,0,53.0,2,923,1,0,158,158,0,0,0,0,4,2010,1,1,11.91638857040772,0,0,0
1440,60,4.382026634673881,9.357380114625498,2,1,1,1,1,1,3,3,8,7,6,28,28,4,2,7,96.0,3,3,2,315,110,114,539,2,3,2,6.946975992135418,685,0,7.45298232946546,0,0,2,1,3,1,3,6,1,1,28.0,2,550,1,0,88,216,0,0,0,0,11,2007,1,1,12.190959007720126,0,0,0
1441,70,4.3694478524670215,9.352360631996612,2,2,2,1,1,2,3,3,5,6,7,86,14,2,2,9,0.0,3,3,1,0,0,588,588,2,4,2,7.260522598089852,748,384,7.845807502637805,0,0,2,0,3,1,3,11,2,1,15.0,2,672,1,431,0,0,0,0,0,0,9,2008,1,1,12.160028707028767,0,0,0
1442,120,4.23410650459726,8.395251520610994,2,1,1,1,1,1,3,3,1,6,5,4,4,2,2,15,147.0,2,3,3,697,0,151,848,2,1,2,6.742880635791903,0,0,6.742880635791903,1,0,1,0,1,1,2,3,1,1,4.0,2,420,1,149,0,0,0,0,0,0,5,2008,1,1,11.913712983527281,1,0,0
1443,60,4.442651256490317,9.305923241869912,2,1,1,1,1,1,3,3,4,10,5,1,1,2,2,15,160.0,1,3,3,765,0,252,1017,2,1,2,6.933423025730715,981,0,7.604396348796338,1,0,2,1,3,1,1,10,1,1,1.0,3,812,1,168,52,0,0,0,0,0,4,2009,1,1,12.644327576461329,0,0,0
1444,30,4.23410650459726,9.088624613292087,2,1,1,1,1,1,3,3,3,6,6,93,59,2,2,16,0.0,3,3,1,0,0,952,952,4,4,1,6.858565034791365,0,0,6.858565034791365,0,0,1,0,2,1,4,4,1,1,93.0,1,192,2,0,98,0,0,40,0,0,5,2009,1,1,11.703545824578878,1,0,0
1445,20,4.143134726391533,9.047821442478408,2,1,1,1,4,1,3,3,1,7,5,3,3,2,2,15,106.0,2,3,3,0,0,1422,1422,2,1,2,7.259819610363186,0,0,7.259819610363186,0,0,2,0,3,1,2,7,1,0,3.0,2,626,1,192,60,0,0,0,0,0,11,2007,1,1,12.098487434850236,0,0,0
1446,85,4.248495242049359,9.035986984831405,2,1,1,1,1,1,3,3,7,6,5,41,41,2,2,15,0.0,3,3,2,187,627,0,814,2,2,2,6.816735880594968,0,0,6.816735880594968,1,0,1,0,3,1,3,6,1,0,17.0,1,240,1,0,0,252,0,0,0,0,5,2007,1,1,11.76756768334381,0,0,0
1447,20,4.23410650459726,10.171298495345496,2,2,1,1,3,1,3,3,1,5,7,48,48,2,2,7,189.0,3,3,2,593,0,595,1188,2,3,2,7.080026499922591,0,0,7.080026499922591,0,0,1,0,3,1,3,6,1,0,48.0,1,312,2,261,39,0,0,0,0,0,4,2010,1,1,11.969717200243734,1,0,0
1448,60,4.382026634673881,9.210340371976184,2,1,1,1,1,1,3,3,4,8,5,12,11,2,2,15,438.0,2,3,3,1079,0,141,1220,2,1,2,7.106606137727303,870,0,7.644919344958857,1,0,2,1,3,1,2,8,1,1,12.0,2,556,1,0,65,0,0,0,0,0,12,2007,1,1,12.388394202324129,0,0,0
1449,50,4.248495242049359,9.37305428246393,2,1,1,1,1,1,3,3,4,4,7,97,7,2,2,9,0.0,3,3,2,0,0,560,560,2,2,1,6.679599185844383,550,0,7.204892510204673,0,0,1,1,2,1,3,6,3,0,57.0,1,384,1,168,24,0,0,0,0,0,5,2007,1,1,11.626254150277232,0,0,0
1450,180,3.044522437723423,7.334981878871814,2,1,1,1,1,1,3,3,7,5,7,36,36,2,2,6,0.0,3,3,2,553,0,77,630,2,1,2,6.4457198193855785,0,0,6.4457198193855785,1,0,1,0,1,1,1,3,1,0,26.0,0,0,1,0,0,0,0,0,0,0,8,2006,1,2,11.429543856031177,0,0,1
1451,90,4.0943445622221,9.104979856318357,2,1,1,1,4,1,3,3,4,5,5,35,35,2,2,15,0.0,3,3,2,0,0,896,896,2,3,2,6.79794041297493,896,0,7.491087593534876,0,0,2,2,4,2,3,8,1,0,29.0,0,0,1,32,45,0,0,0,0,0,9,2009,1,1,11.820410164718188,0,0,1
1452,20,4.356708826689592,9.133675287040697,2,1,1,1,1,1,3,3,1,8,5,1,0,2,2,6,194.0,2,3,3,0,0,1573,1573,2,1,2,7.363913501405819,0,0,7.363913501405819,0,0,2,0,3,1,1,7,1,1,1.0,3,840,1,0,36,0,0,0,0,0,5,2009,4,6,12.567551034433226,0,0,0
1453,180,3.5553480614894135,8.209308411646937,2,1,1,1,1,1,3,3,8,5,5,1,1,2,2,15,80.0,3,3,3,547,0,0,547,2,2,2,6.977281341630747,0,0,6.977281341630747,1,0,1,0,2,1,3,5,1,0,1.0,2,525,1,0,28,0,0,0,0,0,5,2006,1,1,11.884489021402711,0,0,0
1454,20,4.499809670330265,9.753652546776472,2,1,1,1,1,1,3,3,1,5,5,0,0,2,2,15,0.0,3,3,3,0,0,1140,1140,2,1,2,7.038783541388542,0,0,7.038783541388542,0,0,1,0,3,1,3,6,1,0,26.0,0,0,1,36,56,0,0,0,0,0,7,2006,1,2,11.344506813345266,0,0,1
1455,20,4.127134385045092,8.922658299524402,2,1,1,1,1,1,3,3,1,7,5,5,4,2,2,15,0.0,2,3,3,410,0,811,1221,2,1,2,7.107425474110705,0,0,7.107425474110705,1,0,2,0,2,1,2,6,1,0,5.0,2,400,1,0,113,0,0,0,0,0,10,2009,1,1,12.128111104060462,0,0,0
1456,60,4.127134385045092,8.976767625171433,2,1,1,1,1,1,3,3,4,6,5,8,7,2,2,15,0.0,3,3,3,0,0,953,953,2,1,2,6.859614903654202,694,0,7.4067107301776405,0,0,2,1,3,1,3,7,1,1,8.0,2,460,1,0,40,0,0,0,0,0,8,2007,1,1,12.072541252905651,0,0,0
1457,20,4.442651256490317,9.486076373409563,2,1,1,1,1,1,3,3,1,6,6,32,22,2,2,11,119.0,3,3,2,790,163,589,1542,2,3,2,7.636752112435779,0,0,7.636752112435779,1,0,2,0,3,1,3,7,2,2,32.0,2,500,1,349,0,0,0,0,0,0,2,2010,1,1,12.254862809699606,0,0,0
1458,70,4.189654742026425,9.109635667854551,2,1,1,1,1,1,3,3,4,7,9,69,4,2,2,6,0.0,1,2,5,275,0,877,1152,2,1,2,7.080026499922591,1152,0,7.757906208351747,0,0,2,0,4,1,2,9,1,2,69.0,1,252,1,0,60,0,0,0,0,2500,5,2010,1,1,12.493129522588037,0,0,0
1459,20,4.219507705176107,9.181632207839439,2,1,1,1,1,1,3,3,1,5,6,60,14,4,2,9,0.0,3,3,2,49,1029,0,1078,2,2,2,6.982862751468942,0,0,6.982862751468942,1,0,1,0,2,1,2,5,1,0,60.0,1,240,1,366,0,112,0,0,0,0,4,2010,1,1,11.864462231052837,0,0,0
1460,20,4.31748811353631,9.204020443231363,2,1,1,1,1,1,3,3,1,5,6,43,43,2,2,7,0.0,2,3,2,830,290,136,1256,2,2,2,7.135687347028144,0,0,7.135687347028144,1,0,1,1,3,1,3,6,1,0,43.0,1,276,1,736,68,0,0,0,0,0,6,2008,1,1,11.901583454762012,0,0,0
